time,price
2025-10-01 00:00:00+02:00,0.10756714153011232
2025-10-01 00:15:00+02:00,0.09085735698828806
2025-10-01 00:30:00+02:00,0.09250688538100692
2025-10-01 00:45:00+02:00,0.10062029856408025
2025-10-01 01:00:00+02:00,0.08764846625276664
2025-10-01 01:15:00+02:00,0.08368863043050818
2025-10-01 01:30:00+02:00,0.10082212815507391
2025-10-01 01:45:00+02:00,0.09176434729152909
2025-10-01 02:00:00+02:00,0.08071525614065048
2025-10-01 02:15:00+02:00,0.09042560043585965
2025-10-01 02:30:00+02:00,0.07990582307187538
2025-10-01 02:45:00+02:00,0.07988270246429743
2025-10-01 03:00:00+02:00,0.08980962271566034
2025-10-01 03:15:00+02:00,0.06822719755342202
2025-10-01 03:30:00+02:00,0.07131082167486967
2025-10-01 03:45:00+02:00,0.08436712470759028
2025-10-01 04:00:00+02:00,0.12618168879665576
2025-10-01 04:15:00+02:00,0.09220247332595274
2025-10-01 04:30:00+02:00,0.07733975924478789
2025-10-01 04:45:00+02:00,0.07470696298664697
2025-10-01 05:00:00+02:00,0.09891648768921554
2025-10-01 05:15:00+02:00,0.08850223699513464
2025-10-01 05:30:00+02:00,0.09822528204687923
2025-10-01 05:45:00+02:00,0.09449251813786534
2025-10-01 06:00:00+02:00,0.09158617275474817
2025-10-01 06:15:00+02:00,0.11859922589709866
2025-10-01 06:30:00+02:00,0.12172006422577696
2025-10-01 06:45:00+02:00,0.15584698018345672
2025-10-01 07:00:00+02:00,0.15494361310081184
2025-10-01 07:15:00+02:00,0.17856306250206724
2025-10-01 07:30:00+02:00,0.17421293387770603
2025-10-01 07:45:00+02:00,0.18906278184508937
2025-10-01 08:00:00+02:00,0.20011502775262066
2025-10-01 08:15:00+02:00,0.13277289071044102
2025-10-01 08:30:00+02:00,0.1257254491210319
2025-10-01 08:45:00+02:00,0.08304156350028978
2025-10-01 09:00:00+02:00,0.14156863595004754
2025-10-01 09:15:00+02:00,0.08541329876120225
2025-10-01 09:30:00+02:00,0.08037813951101569
2025-10-01 09:45:00+02:00,0.08481861235869123
2025-10-01 10:00:00+02:00,0.110604665799954
2025-10-01 10:15:00+02:00,0.09477368281189971
2025-10-01 10:30:00+02:00,0.08005351717611749
2025-10-01 10:45:00+02:00,0.06363896304410711
2025-10-01 11:00:00+02:00,0.06871478009632573
2025-10-01 11:15:00+02:00,0.06488155791605292
2025-10-01 11:30:00+02:00,0.06071361229040203
2025-10-01 11:45:00+02:00,0.07194122226218905
2025-10-01 12:00:00+02:00,0.07164618289568452
2025-10-01 12:15:00+02:00,0.04758959844637266
2025-10-01 12:30:00+02:00,0.06869083969394794
2025-10-01 12:45:00+02:00,0.06136917719583684
2025-10-01 13:00:00+02:00,0.05883077999694031
2025-10-01 13:15:00+02:00,0.07383676288840868
2025-10-01 13:30:00+02:00,0.07974999522495951
2025-10-01 13:45:00+02:00,0.08015280119116198
2025-10-01 14:00:00+02:00,0.05609782476777351
2025-10-01 14:15:00+02:00,0.06715787624148786
2025-10-01 14:30:00+02:00,0.07794263431403564
2025-10-01 14:45:00+02:00,0.0908954512712236
2025-10-01 15:00:00+02:00,0.060508257621547094
2025-10-01 15:15:00+02:00,0.07277341023336183
2025-10-01 15:30:00+02:00,0.07695665025993972
2025-10-01 15:45:00+02:00,0.0869779337591933
2025-10-01 16:00:00+02:00,0.07027525822394198
2025-10-01 16:15:00+02:00,0.10309240028570824
2025-10-01 16:30:00+02:00,0.10235989878419667
2025-10-01 16:45:00+02:00,0.12675532897892025
2025-10-01 17:00:00+02:00,0.08910636025047634
2025-10-01 17:15:00+02:00,0.10941880245394876
2025-10-01 17:30:00+02:00,0.14859395605508413
2025-10-01 17:45:00+02:00,0.21064036566465968
2025-10-01 18:00:00+02:00,0.14659173960890048
2025-10-01 18:15:00+02:00,0.2156464365581401
2025-10-01 18:30:00+02:00,0.25880254895910254
2025-10-01 18:45:00+02:00,0.3892190250437522
2025-10-01 19:00:00+02:00,0.4093704706823817
2025-10-01 19:15:00+02:00,0.3733999264953413
2025-10-01 19:30:00+02:00,0.32285760776535505
2025-10-01 19:45:00+02:00,0.23326431085399105
2025-10-01 20:00:00+02:00,0.21582328112162488
2025-10-01 20:15:00+02:00,0.15882112571511747
2025-10-01 20:30:00+02:00,0.14159894044741514
2025-10-01 20:45:00+02:00,0.10281729781726352
2025-10-01 21:00:00+02:00,0.12259506397106812
2025-10-01 21:15:00+02:00,0.11638242956415462
2025-10-01 21:30:00+02:00,0.11213402117702075
2025-10-01 21:45:00+02:00,0.10036751109659685
2025-10-01 22:00:00+02:00,0.10354239796232961
2025-10-01 22:15:00+02:00,0.10664267433113356
2025-10-01 22:30:00+02:00,0.0963307754934804
2025-10-01 22:45:00+02:00,0.09801644990532879
2025-10-01 23:00:00+02:00,0.08754946906122638
2025-10-01 23:15:00+02:00,0.08827337853402221
2025-10-01 23:30:00+02:00,0.08718891846867842
2025-10-01 23:45:00+02:00,0.07072485051867881
2025-10-02 00:00:00+02:00,0.10254120277064577
2025-10-02 00:15:00+02:00,0.09371055272179889
2025-10-02 00:30:00+02:00,0.08614113456642461
2025-10-02 00:45:00+02:00,0.08410412866624853
2025-10-02 01:00:00+02:00,0.08029629257949586
2025-10-02 01:15:00+02:00,0.08621354677234641
2025-10-02 01:30:00+02:00,0.0811628548347323
2025-10-02 01:45:00+02:00,0.07451722730778382
2025-10-02 02:00:00+02:00,0.0848471428833399
2025-10-02 02:15:00+02:00,0.08884050856814539
2025-10-02 02:30:00+02:00,0.10507185901210529
2025-10-02 02:45:00+02:00,0.09037577812831839
2025-10-02 03:00:00+02:00,0.09224550390722765
2025-10-02 03:15:00+02:00,0.08789554084233832
2025-10-02 03:30:00+02:00,0.06945228784700958
2025-10-02 03:45:00+02:00,0.08702486124550783
2025-10-02 04:00:00+02:00,0.08868230209941017
2025-10-02 04:15:00+02:00,0.11521242112485286
2025-10-02 04:30:00+02:00,0.09020639035218868
2025-10-02 04:45:00+02:00,0.09545547342333612
2025-10-02 05:00:00+02:00,0.08507288230294756
2025-10-02 05:15:00+02:00,0.07814321962380467
2025-10-02 05:30:00+02:00,0.10799822814515012
2025-10-02 05:45:00+02:00,0.11958933032686765
2025-10-02 06:00:00+02:00,0.10206031947043047
2025-10-02 06:15:00+02:00,0.10868612545205261
2025-10-02 06:30:00+02:00,0.148057943109361
2025-10-02 06:45:00+02:00,0.15490148937207718
2025-10-02 07:00:00+02:00,0.1797685709380027
2025-10-02 07:15:00+02:00,0.22050455625809978
2025-10-02 07:30:00+02:00,0.177854636748693
2025-10-02 07:45:00+02:00,0.1584270227039723
2025-10-02 08:00:00+02:00,0.1898865136508763
2025-10-02 08:15:00+02:00,0.146855243458838
2025-10-02 08:30:00+02:00,0.09979336568933868
2025-10-02 08:45:00+02:00,0.09131562974806028
2025-10-02 09:00:00+02:00,0.11265696286273895
2025-10-02 09:15:00+02:00,0.11753592430635182
2025-10-02 09:30:00+02:00,0.08281575765766197
2025-10-02 09:45:00+02:00,0.08942934405017539
2025-10-02 10:00:00+02:00,0.09411746707663762
2025-10-02 10:15:00+02:00,0.09674938483794325
2025-10-02 10:30:00+02:00,0.0942151721736967
2025-10-02 10:45:00+02:00,0.06561135683566045
2025-10-02 11:00:00+02:00,0.0940245993460413
2025-10-02 11:15:00+02:00,0.09638142754282428
2025-10-02 11:30:00+02:00,0.05600516765438773
2025-10-02 11:45:00+02:00,0.06784633858532305
2025-10-02 12:00:00+02:00,0.07284882794248425
2025-10-02 12:15:00+02:00,0.072168228717773
2025-10-02 12:30:00+02:00,0.10207049289121918
2025-10-02 12:45:00+02:00,0.05083543386915724
2025-10-02 13:00:00+02:00,0.06316941565616897
2025-10-02 13:15:00+02:00,0.06336984673233176
2025-10-02 13:30:00+02:00,0.06377492850345877
2025-10-02 13:45:00+02:00,0.06584448209496975
2025-10-02 14:00:00+02:00,0.05489975278421509
2025-10-02 14:15:00+02:00,0.06866253697161004
2025-10-02 14:30:00+02:00,0.07756072473298681
2025-10-02 14:45:00+02:00,0.07534648581973631
2025-10-02 15:00:00+02:00,0.08077774511144746
2025-10-02 15:15:00+02:00,0.07958832920911788
2025-10-02 15:30:00+02:00,0.07489696502797351
2025-10-02 15:45:00+02:00,0.1554355360863383
2025-10-02 16:00:00+02:00,0.06219318329772679
2025-10-02 16:15:00+02:00,0.09137084603742453
2025-10-02 16:30:00+02:00,0.11002595579007404
2025-10-02 16:45:00+02:00,0.1036931768164829
2025-10-02 17:00:00+02:00,0.08209376129244321
2025-10-02 17:15:00+02:00,0.09364780926936499
2025-10-02 17:30:00+02:00,0.1255206015999449
2025-10-02 17:45:00+02:00,0.19296792982653946
2025-10-02 18:00:00+02:00,0.11586611883997129
2025-10-02 18:15:00+02:00,0.1350126383564251
2025-10-02 18:30:00+02:00,0.16973485570374466
2025-10-02 18:45:00+02:00,0.22404189715034561
2025-10-02 19:00:00+02:00,0.21861898290585885
2025-10-02 19:15:00+02:00,0.20544151974816643
2025-10-02 19:30:00+02:00,0.16568690799330008
2025-10-02 19:45:00+02:00,0.13128183249036024
2025-10-02 20:00:00+02:00,0.13622001891877905
2025-10-02 20:15:00+02:00,0.12488534077157308
2025-10-02 20:30:00+02:00,0.09578343166762045
2025-10-02 20:45:00+02:00,0.1720116916658962
2025-10-02 21:00:00+02:00,0.10472667347765006
2025-10-02 21:15:00+02:00,0.08464842443583717
2025-10-02 21:30:00+02:00,0.07338107501938887
2025-10-02 21:45:00+02:00,0.09246472415243184
2025-10-02 22:00:00+02:00,0.1530153721467415
2025-10-02 22:15:00+02:00,0.11010000494092091
2025-10-02 22:30:00+02:00,0.10016237624573544
2025-10-02 22:45:00+02:00,0.08226171087343126
2025-10-02 23:00:00+02:00,0.09664206281931595
2025-10-02 23:15:00+02:00,0.07824152775314136
2025-10-02 23:30:00+02:00,0.07047485047932968
2025-10-02 23:45:00+02:00,0.06349398794323473
2025-10-03 00:00:00+02:00,0.09920093744130204
2025-10-03 00:15:00+02:00,0.07683261221288011
2025-10-03 00:30:00+02:00,0.08461180925851182
2025-10-03 00:45:00+02:00,0.07835317379728836
2025-10-03 01:00:00+02:00,0.12822142563798866
2025-10-03 01:15:00+02:00,0.08350725105945528
2025-10-03 01:30:00+02:00,0.12546208718446
2025-10-03 01:45:00+02:00,0.05322029702169377
2025-10-03 02:00:00+02:00,0.08633787360348283
2025-10-03 02:15:00+02:00,0.07287784526368234
2025-10-03 02:30:00+02:00,0.08001051243175278
2025-10-03 02:45:00+02:00,0.07832802052034904
2025-10-03 03:00:00+02:00,0.048273306320428984
2025-10-03 03:15:00+02:00,0.06841174960084877
2025-10-03 03:30:00+02:00,0.08503035267208649
2025-10-03 03:45:00+02:00,0.08104785950912198
2025-10-03 04:00:00+02:00,0.07672047686306048
2025-10-03 04:15:00+02:00,0.1108573149065471
2025-10-03 04:30:00+02:00,0.08555890510693157
2025-10-03 04:45:00+02:00,0.092755656401806
2025-10-03 05:00:00+02:00,0.07833001763493203
2025-10-03 05:15:00+02:00,0.08038391251305799
2025-10-03 05:30:00+02:00,0.07913730755359655
2025-10-03 05:45:00+02:00,0.09455969220493268
2025-10-03 06:00:00+02:00,0.08095174785462428
2025-10-03 06:15:00+02:00,0.0887018139325999
2025-10-03 06:30:00+02:00,0.10067636452170896
2025-10-03 06:45:00+02:00,0.09065874139386323
2025-10-03 07:00:00+02:00,0.11945658566673509
2025-10-03 07:15:00+02:00,0.08533734807408253
2025-10-03 07:30:00+02:00,0.10373260190374513
2025-10-03 07:45:00+02:00,0.08835284128810349
2025-10-03 08:00:00+02:00,0.11831068134210566
2025-10-03 08:15:00+02:00,0.12512950596967365
2025-10-03 08:30:00+02:00,0.10361280019095452
2025-10-03 08:45:00+02:00,0.06370255222070695
2025-10-03 09:00:00+02:00,0.10137696290740032
2025-10-03 09:15:00+02:00,0.10224597748934675
2025-10-03 09:30:00+02:00,0.07025633368282863
2025-10-03 09:45:00+02:00,0.05623458589581975
2025-10-03 10:00:00+02:00,0.09045571839903814
2025-10-03 10:15:00+02:00,0.05763399652394183
2025-10-03 10:30:00+02:00,0.06655944089325326
2025-10-03 10:45:00+02:00,0.047059190223180114
2025-10-03 11:00:00+02:00,0.026658574133423832
2025-10-03 11:15:00+02:00,0.044754543147694274
2025-10-03 11:30:00+02:00,0.03389213535231612
2025-10-03 11:45:00+02:00,0.040224333347962236
2025-10-03 12:00:00+02:00,0.024544792615672995
2025-10-03 12:15:00+02:00,0.02610263558533101
2025-10-03 12:30:00+02:00,0.029669872789804572
2025-10-03 12:45:00+02:00,0.029727551941701215
2025-10-03 13:00:00+02:00,0.0063070359294422375
2025-10-03 13:15:00+02:00,0.010894987641590515
2025-10-03 13:30:00+02:00,0.00993054688839044
2025-10-03 13:45:00+02:00,0.012246707674262882
2025-10-03 14:00:00+02:00,0.028184542402810972
2025-10-03 14:15:00+02:00,0.027759817109609553
2025-10-03 14:30:00+02:00,0.01802116045664945
2025-10-03 14:45:00+02:00,0.04911861947054766
2025-10-03 15:00:00+02:00,0.053991561970126334
2025-10-03 15:15:00+02:00,0.05032465260551147
2025-10-03 15:30:00+02:00,0.04376630034045986
2025-10-03 15:45:00+02:00,0.06295765927133748
2025-10-03 16:00:00+02:00,0.05221911149186612
2025-10-03 16:15:00+02:00,0.04166330534381219
2025-10-03 16:30:00+02:00,0.07871819428146229
2025-10-03 16:45:00+02:00,0.09874634053429336
2025-10-03 17:00:00+02:00,0.04062069528421917
2025-10-03 17:15:00+02:00,0.07789474643938189
2025-10-03 17:30:00+02:00,0.07018732659930926
2025-10-03 17:45:00+02:00,0.11837612358665711
2025-10-03 18:00:00+02:00,0.1107943184860683
2025-10-03 18:15:00+02:00,0.10578216818035151
2025-10-03 18:30:00+02:00,0.14482411303931636
2025-10-03 18:45:00+02:00,0.10865858622039368
2025-10-03 19:00:00+02:00,0.11981955513303016
2025-10-03 19:15:00+02:00,0.1162974057728609
2025-10-03 19:30:00+02:00,0.11432273289066115
2025-10-03 19:45:00+02:00,0.0825613784882056
2025-10-03 20:00:00+02:00,0.1184116375215496
2025-10-03 20:15:00+02:00,0.08201233061019586
2025-10-03 20:30:00+02:00,0.04686491348952049
2025-10-03 20:45:00+02:00,0.05941103474263271
2025-10-03 21:00:00+02:00,0.0744705969557347
2025-10-03 21:15:00+02:00,0.04122783122841195
2025-10-03 21:30:00+02:00,0.03828802084990019
2025-10-03 21:45:00+02:00,0.012616864031382397
2025-10-03 22:00:00+02:00,0.03890517345251248
2025-10-03 22:15:00+02:00,0.027961306745210468
2025-10-03 22:30:00+02:00,0.03770016816145352
2025-10-03 22:45:00+02:00,0.008281845011731511
2025-10-03 23:00:00+02:00,0.045910333746562566
2025-10-03 23:15:00+02:00,0.0
2025-10-03 23:30:00+02:00,0.005972149049644167
2025-10-03 23:45:00+02:00,0.008473172064845765
2025-10-04 00:00:00+02:00,0.005739918677350327
2025-10-04 00:15:00+02:00,0.04387300480179407
2025-10-04 00:30:00+02:00,0.0
2025-10-04 00:45:00+02:00,0.0
2025-10-04 01:00:00+02:00,0.0
2025-10-04 01:15:00+02:00,0.008486020970210248
2025-10-04 01:30:00+02:00,0.0035601548596504735
2025-10-04 01:45:00+02:00,0.0
2025-10-04 02:00:00+02:00,0.008985998754332508
2025-10-04 02:15:00+02:00,0.003062995208766093
2025-10-04 02:30:00+02:00,0.008088621188389601
2025-10-04 02:45:00+02:00,0.006186288419236122
2025-10-04 03:00:00+02:00,0.0
2025-10-04 03:15:00+02:00,0.0
2025-10-04 03:30:00+02:00,0.007372936051232618
2025-10-04 03:45:00+02:00,0.005973702654334649
2025-10-04 04:00:00+02:00,0.0
2025-10-04 04:15:00+02:00,0.00020327383308791996
2025-10-04 04:30:00+02:00,0.01174664895788425
2025-10-04 04:45:00+02:00,0.0
2025-10-04 05:00:00+02:00,0.003950973811700379
2025-10-04 05:15:00+02:00,0.0
2025-10-04 05:30:00+02:00,0.0
2025-10-04 05:45:00+02:00,0.008927768519871902
2025-10-04 06:00:00+02:00,0.006104163489880298
2025-10-04 06:15:00+02:00,0.006115096360006385
2025-10-04 06:30:00+02:00,0.011574788071543291
2025-10-04 06:45:00+02:00,0.0
2025-10-04 07:00:00+02:00,0.006569529712949639
2025-10-04 07:15:00+02:00,0.0
2025-10-04 07:30:00+02:00,0.002241663524884421
2025-10-04 07:45:00+02:00,0.0
2025-10-04 08:00:00+02:00,0.0002699596499271819
2025-10-04 08:15:00+02:00,0.005861570254369137
2025-10-04 08:30:00+02:00,0.0
2025-10-04 08:45:00+02:00,0.020593872756854602
2025-10-04 09:00:00+02:00,0.0
2025-10-04 09:15:00+02:00,0.0
2025-10-04 09:30:00+02:00,0.011531108735000678
2025-10-04 09:45:00+02:00,0.007846626939629358
2025-10-04 10:00:00+02:00,0.006231198170521552
2025-10-04 10:15:00+02:00,0.006183455092642799
2025-10-04 10:30:00+02:00,0.049737532271530854
2025-10-04 10:45:00+02:00,0.0
2025-10-04 11:00:00+02:00,0.0007480455819372634
2025-10-04 11:15:00+02:00,0.042968382884878885
2025-10-04 11:30:00+02:00,0.009671197334177511
2025-10-04 11:45:00+02:00,0.0
2025-10-04 12:00:00+02:00,0.0
2025-10-04 12:15:00+02:00,0.0
2025-10-04 12:30:00+02:00,0.004099314542756243
2025-10-04 12:45:00+02:00,0.0
2025-10-04 13:00:00+02:00,0.0
2025-10-04 13:15:00+02:00,0.0022068721149191227
2025-10-04 13:30:00+02:00,0.0020496657110872277
2025-10-04 13:45:00+02:00,0.0
2025-10-04 14:00:00+02:00,0.0
2025-10-04 14:15:00+02:00,0.001300499373576363
2025-10-04 14:30:00+02:00,0.0
2025-10-04 14:45:00+02:00,0.0
2025-10-04 15:00:00+02:00,0.0
2025-10-04 15:15:00+02:00,0.0
2025-10-04 15:30:00+02:00,0.0005990756559801462
2025-10-04 15:45:00+02:00,0.01368356216949552
2025-10-04 16:00:00+02:00,0.008326596232020193
2025-10-04 16:15:00+02:00,0.0
2025-10-04 16:30:00+02:00,0.0
2025-10-04 16:45:00+02:00,0.0
2025-10-04 17:00:00+02:00,0.0
2025-10-04 17:15:00+02:00,0.0
2025-10-04 17:30:00+02:00,0.0032271856033808948
2025-10-04 17:45:00+02:00,0.0
2025-10-04 18:00:00+02:00,0.005163465142411723
2025-10-04 18:15:00+02:00,0.015327389130025777
2025-10-04 18:30:00+02:00,0.0011123985154314242
2025-10-04 18:45:00+02:00,0.05626711722098942
2025-10-04 19:00:00+02:00,0.009341439917111125
2025-10-04 19:15:00+02:00,0.0
2025-10-04 19:30:00+02:00,0.006260924818104068
2025-10-04 19:45:00+02:00,0.0038459240078179487
2025-10-04 20:00:00+02:00,0.002276760985488317
2025-10-04 20:15:00+02:00,0.04226990216144534
2025-10-04 20:30:00+02:00,0.00024510174258942713
2025-10-04 20:45:00+02:00,0.004969982912454498
2025-10-04 21:00:00+02:00,0.014611436077950417
2025-10-04 21:15:00+02:00,0.00959270826085207
2025-10-04 21:30:00+02:00,0.021521824575115565
2025-10-04 21:45:00+02:00,0.0
2025-10-04 22:00:00+02:00,0.008663206367206782
2025-10-04 22:15:00+02:00,0.0017534200573835175
2025-10-04 22:30:00+02:00,0.021888029332176723
2025-10-04 22:45:00+02:00,0.0
2025-10-04 23:00:00+02:00,0.0
2025-10-04 23:15:00+02:00,0.0
2025-10-04 23:30:00+02:00,0.0
2025-10-04 23:45:00+02:00,0.0
2025-10-05 00:00:00+02:00,0.0
2025-10-05 00:15:00+02:00,0.05124393786476208
2025-10-05 00:30:00+02:00,0.0019675597577715944
2025-10-05 00:45:00+02:00,0.017551708392158864
2025-10-05 01:00:00+02:00,0.008414238381860503
2025-10-05 01:15:00+02:00,0.04222096344337607
2025-10-05 01:30:00+02:00,0.0
2025-10-05 01:45:00+02:00,0.0038891917150650573
2025-10-05 02:00:00+02:00,0.0
2025-10-05 02:15:00+02:00,0.01412458765854354
2025-10-05 02:30:00+02:00,0.00761440120721287
2025-10-05 02:45:00+02:00,0.0
2025-10-05 03:00:00+02:00,0.0
2025-10-05 03:15:00+02:00,0.00942872374165413
2025-10-05 03:30:00+02:00,0.0
2025-10-05 03:45:00+02:00,0.0072881631197346175
2025-10-05 04:00:00+02:00,0.0
2025-10-05 04:15:00+02:00,0.0
2025-10-05 04:30:00+02:00,0.0
2025-10-05 04:45:00+02:00,0.0
2025-10-05 05:00:00+02:00,0.0
2025-10-05 05:15:00+02:00,0.0014084993234749878
2025-10-05 05:30:00+02:00,0.0
2025-10-05 05:45:00+02:00,0.0
2025-10-05 06:00:00+02:00,0.0
2025-10-05 06:15:00+02:00,0.0010943883405874905
2025-10-05 06:30:00+02:00,0.003316148780888898
2025-10-05 06:45:00+02:00,0.0
2025-10-05 07:00:00+02:00,0.0
2025-10-05 07:15:00+02:00,0.010996768218985091
2025-10-05 07:30:00+02:00,0.0019031401197960166
2025-10-05 07:45:00+02:00,0.0
2025-10-05 08:00:00+02:00,0.01541151975522523
2025-10-05 08:15:00+02:00,0.0010667463429285867
2025-10-05 08:30:00+02:00,0.011742971840638265
2025-10-05 08:45:00+02:00,0.0005651848141010895
2025-10-05 09:00:00+02:00,0.020597479248819873
2025-10-05 09:15:00+02:00,0.017473408424432044
2025-10-05 09:30:00+02:00,0.0
2025-10-05 09:45:00+02:00,0.006245709509543554
2025-10-05 10:00:00+02:00,0.004973759495851476
2025-10-05 10:15:00+02:00,0.010786315575323488
2025-10-05 10:30:00+02:00,0.0
2025-10-05 10:45:00+02:00,0.001980514599984394
2025-10-05 11:00:00+02:00,0.008564244868495878
2025-10-05 11:15:00+02:00,0.0
2025-10-05 11:30:00+02:00,0.036157414873342356
2025-10-05 11:45:00+02:00,0.0
2025-10-05 12:00:00+02:00,0.0
2025-10-05 12:15:00+02:00,0.0041354225579596235
2025-10-05 12:30:00+02:00,0.012013570520960382
2025-10-05 12:45:00+02:00,0.0
2025-10-05 13:00:00+02:00,0.012906155455713018
2025-10-05 13:15:00+02:00,0.0
2025-10-05 13:30:00+02:00,0.0
2025-10-05 13:45:00+02:00,0.0
2025-10-05 14:00:00+02:00,0.0007406544893930728
2025-10-05 14:15:00+02:00,0.0
2025-10-05 14:30:00+02:00,0.0
2025-10-05 14:45:00+02:00,0.0
2025-10-05 15:00:00+02:00,0.0
2025-10-05 15:15:00+02:00,0.004566725488300385
2025-10-05 15:30:00+02:00,0.0016459824609684828
2025-10-05 15:45:00+02:00,0.0
2025-10-05 16:00:00+02:00,0.0
2025-10-05 16:15:00+02:00,0.0
2025-10-05 16:30:00+02:00,0.0
2025-10-05 16:45:00+02:00,0.009511423205012384
2025-10-05 17:00:00+02:00,0.0
2025-10-05 17:15:00+02:00,0.004980465155178444
2025-10-05 17:30:00+02:00,0.0
2025-10-05 17:45:00+02:00,0.0
2025-10-05 18:00:00+02:00,0.004299696400454422
2025-10-05 18:15:00+02:00,0.0006475767758062582
2025-10-05 18:30:00+02:00,0.01437350694652818
2025-10-05 18:45:00+02:00,0.016071221074111512
2025-10-05 19:00:00+02:00,0.04089725132916389
2025-10-05 19:15:00+02:00,0.027042635519717285
2025-10-05 19:30:00+02:00,0.035842744920074145
2025-10-05 19:45:00+02:00,0.05154979910734212
2025-10-05 20:00:00+02:00,0.032876719503091706
2025-10-05 20:15:00+02:00,0.02237030400466767
2025-10-05 20:30:00+02:00,0.019801667000434252
2025-10-05 20:45:00+02:00,0.014655077100473052
2025-10-05 21:00:00+02:00,0.052534988523894724
2025-10-05 21:15:00+02:00,0.0
2025-10-05 21:30:00+02:00,0.0019994830284835595
2025-10-05 21:45:00+02:00,0.0
2025-10-05 22:00:00+02:00,0.0
2025-10-05 22:15:00+02:00,0.018528742674445247
2025-10-05 22:30:00+02:00,0.022409677135012837
2025-10-05 22:45:00+02:00,0.0017496396044362167
2025-10-05 23:00:00+02:00,0.010645569630557664
2025-10-05 23:15:00+02:00,0.007212501545435261
2025-10-05 23:30:00+02:00,0.03474880808455238
2025-10-05 23:45:00+02:00,0.014555749114345668
2025-10-06 00:00:00+02:00,0.029700824085192336
2025-10-06 00:15:00+02:00,0.014974595593995742
2025-10-06 00:30:00+02:00,0.0
2025-10-06 00:45:00+02:00,0.01413463635867223
2025-10-06 01:00:00+02:00,0.006286492547156966
2025-10-06 01:15:00+02:00,0.0
2025-10-06 01:30:00+02:00,0.0026442711575747346
2025-10-06 01:45:00+02:00,0.0
2025-10-06 02:00:00+02:00,0.023871416350725646
2025-10-06 02:15:00+02:00,0.017516397569494503
2025-10-06 02:30:00+02:00,0.010500273586833827
2025-10-06 02:45:00+02:00,0.02492944138890026
2025-10-06 03:00:00+02:00,0.011303683076476183
2025-10-06 03:15:00+02:00,0.0019071579867173637
2025-10-06 03:30:00+02:00,0.02626124077269657
2025-10-06 03:45:00+02:00,0.016239100436846586
2025-10-06 04:00:00+02:00,0.0006475384567354355
2025-10-06 04:15:00+02:00,0.016216613219163917
2025-10-06 04:30:00+02:00,0.00910381746615243
2025-10-06 04:45:00+02:00,0.006372002690356638
2025-10-06 05:00:00+02:00,0.017071775475316315
2025-10-06 05:15:00+02:00,0.02899416640470131
2025-10-06 05:30:00+02:00,0.008814324261808589
2025-10-06 05:45:00+02:00,0.055529692366905706
2025-10-06 06:00:00+02:00,0.01188357430878173
2025-10-06 06:15:00+02:00,0.07172874616235295
2025-10-06 06:30:00+02:00,0.0722660607576113
2025-10-06 06:45:00+02:00,0.09252009230320184
2025-10-06 07:00:00+02:00,0.09045521627944826
2025-10-06 07:15:00+02:00,0.09701049883588962
2025-10-06 07:30:00+02:00,0.11163456825779838
2025-10-06 07:45:00+02:00,0.11548761890550863
2025-10-06 08:00:00+02:00,0.1241905195313359
2025-10-06 08:15:00+02:00,0.11883436337958402
2025-10-06 08:30:00+02:00,0.11503228669431656
2025-10-06 08:45:00+02:00,0.11933391225825757
2025-10-06 09:00:00+02:00,0.1407391718762438
2025-10-06 09:15:00+02:00,0.11164444755201448
2025-10-06 09:30:00+02:00,0.12059332305429225
2025-10-06 09:45:00+02:00,0.1152338712337179
2025-10-06 10:00:00+02:00,0.09799594718878628
2025-10-06 10:15:00+02:00,0.11023360192379925
2025-10-06 10:30:00+02:00,0.08860376241054153
2025-10-06 10:45:00+02:00,0.0930959866859316
2025-10-06 11:00:00+02:00,0.09091740843457483
2025-10-06 11:15:00+02:00,0.07470117899335481
2025-10-06 11:30:00+02:00,0.06861457562116836
2025-10-06 11:45:00+02:00,0.08150084946661382
2025-10-06 12:00:00+02:00,0.08516722501721471
2025-10-06 12:15:00+02:00,0.0776268337489559
2025-10-06 12:30:00+02:00,0.09250592458777374
2025-10-06 12:45:00+02:00,0.0773247993773104
2025-10-06 13:00:00+02:00,0.08339920201352682
2025-10-06 13:15:00+02:00,0.07593983800237544
2025-10-06 13:30:00+02:00,0.0773616389219784
2025-10-06 13:45:00+02:00,0.08287398671316414
2025-10-06 14:00:00+02:00,0.07417586634716049
2025-10-06 14:15:00+02:00,0.08574444455770175
2025-10-06 14:30:00+02:00,0.1110229280921444
2025-10-06 14:45:00+02:00,0.09021108130476851
2025-10-06 15:00:00+02:00,0.09782692112065142
2025-10-06 15:15:00+02:00,0.08073293145342382
2025-10-06 15:30:00+02:00,0.10098804177915283
2025-10-06 15:45:00+02:00,0.11541568620657901
2025-10-06 16:00:00+02:00,0.061733554998727104
2025-10-06 16:15:00+02:00,0.08990104744529523
2025-10-06 16:30:00+02:00,0.1164607212718054
2025-10-06 16:45:00+02:00,0.12204954613957007
2025-10-06 17:00:00+02:00,0.09762145873371308
2025-10-06 17:15:00+02:00,0.10691014813284179
2025-10-06 17:30:00+02:00,0.122705897874729
2025-10-06 17:45:00+02:00,0.15090322764607922
2025-10-06 18:00:00+02:00,0.12103782061659807
2025-10-06 18:15:00+02:00,0.12095420843301213
2025-10-06 18:30:00+02:00,0.151176026620752
2025-10-06 18:45:00+02:00,0.18666123033877532
2025-10-06 19:00:00+02:00,0.16402393775927507
2025-10-06 19:15:00+02:00,0.1710444181218038
2025-10-06 19:30:00+02:00,0.17294452142378297
2025-10-06 19:45:00+02:00,0.15578015519179736
2025-10-06 20:00:00+02:00,0.20982774856896413
2025-10-06 20:15:00+02:00,0.15185400798645438
2025-10-06 20:30:00+02:00,0.13458124703431693
2025-10-06 20:45:00+02:00,0.1175497646783216
2025-10-06 21:00:00+02:00,0.14001213922163946
2025-10-06 21:15:00+02:00,0.11984924626978448
2025-10-06 21:30:00+02:00,0.09526875464822146
2025-10-06 21:45:00+02:00,0.10314913689082596
2025-10-06 22:00:00+02:00,0.11655208078974144
2025-10-06 22:15:00+02:00,0.11106486515958691
2025-10-06 22:30:00+02:00,0.11538418379189551
2025-10-06 22:45:00+02:00,0.12638437312275283
2025-10-06 23:00:00+02:00,0.11559927373764163
2025-10-06 23:15:00+02:00,0.10284899471191135
2025-10-06 23:30:00+02:00,0.11196405581183488
2025-10-06 23:45:00+02:00,0.07884864690992115
2025-10-07 00:00:00+02:00,0.10786614558108566
2025-10-07 00:15:00+02:00,0.11030865193886967
2025-10-07 00:30:00+02:00,0.08426413754220158
2025-10-07 00:45:00+02:00,0.1053275404320693
2025-10-07 01:00:00+02:00,0.10338496407494414
2025-10-07 01:15:00+02:00,0.09066712086099189
2025-10-07 01:30:00+02:00,0.09900781866106284
2025-10-07 01:45:00+02:00,0.11115692857804396
2025-10-07 02:00:00+02:00,0.09304866255058496
2025-10-07 02:15:00+02:00,0.09184220586300336
2025-10-07 02:30:00+02:00,0.08485639100459756
2025-10-07 02:45:00+02:00,0.08073155630535209
2025-10-07 03:00:00+02:00,0.09696335816544246
2025-10-07 03:15:00+02:00,0.08002916174091133
2025-10-07 03:30:00+02:00,0.09018566237219391
2025-10-07 03:45:00+02:00,0.08670342553234883
2025-10-07 04:00:00+02:00,0.09170979825746392
2025-10-07 04:15:00+02:00,0.09213662105286949
2025-10-07 04:30:00+02:00,0.105405399442579
2025-10-07 04:45:00+02:00,0.09604983601145253
2025-10-07 05:00:00+02:00,0.0842412506470663
2025-10-07 05:15:00+02:00,0.08332236284217692
2025-10-07 05:30:00+02:00,0.09460706739923888
2025-10-07 05:45:00+02:00,0.11163300493044852
2025-10-07 06:00:00+02:00,0.11433988616645342
2025-10-07 06:15:00+02:00,0.11584834675822372
2025-10-07 06:30:00+02:00,0.1498760592010566
2025-10-07 06:45:00+02:00,0.1800763785880495
2025-10-07 07:00:00+02:00,0.152164349032237
2025-10-07 07:15:00+02:00,0.22669795812558066
2025-10-07 07:30:00+02:00,0.26235210800896425
2025-10-07 07:45:00+02:00,0.27572345296688583
2025-10-07 08:00:00+02:00,0.2901227975109572
2025-10-07 08:15:00+02:00,0.3150004431148918
2025-10-07 08:30:00+02:00,0.29469365656354046
2025-10-07 08:45:00+02:00,0.25402415329089545
2025-10-07 09:00:00+02:00,0.2964096862631982
2025-10-07 09:15:00+02:00,0.23838510952701614
2025-10-07 09:30:00+02:00,0.19235751979616825
2025-10-07 09:45:00+02:00,0.1388722118197523
2025-10-07 10:00:00+02:00,0.19847394794604892
2025-10-07 10:15:00+02:00,0.1713376662389869
2025-10-07 10:30:00+02:00,0.14282009231736711
2025-10-07 10:45:00+02:00,0.1214088402427913
2025-10-07 11:00:00+02:00,0.1457452554455469
2025-10-07 11:15:00+02:00,0.14053468357135995
2025-10-07 11:30:00+02:00,0.13763024496475035
2025-10-07 11:45:00+02:00,0.12480420046154966
2025-10-07 12:00:00+02:00,0.13894186626639396
2025-10-07 12:15:00+02:00,0.10426784323568804
2025-10-07 12:30:00+02:00,0.09601395179741408
2025-10-07 12:45:00+02:00,0.10420213079900352
2025-10-07 13:00:00+02:00,0.11278724912288694
2025-10-07 13:15:00+02:00,0.11667191518470948
2025-10-07 13:30:00+02:00,0.08783535370285181
2025-10-07 13:45:00+02:00,0.11730550319460614
2025-10-07 14:00:00+02:00,0.10149992101421011
2025-10-07 14:15:00+02:00,0.10049118930052581
2025-10-07 14:30:00+02:00,0.09578895624739822
2025-10-07 14:45:00+02:00,0.0911114332813422
2025-10-07 15:00:00+02:00,0.10943170583961914
2025-10-07 15:15:00+02:00,0.10641317967188403
2025-10-07 15:30:00+02:00,0.10327039100258946
2025-10-07 15:45:00+02:00,0.11663921227936384
2025-10-07 16:00:00+02:00,0.10055215300709872
2025-10-07 16:15:00+02:00,0.12728021525289393
2025-10-07 16:30:00+02:00,0.12455408648636397
2025-10-07 16:45:00+02:00,0.13173857046881896
2025-10-07 17:00:00+02:00,0.11258256935914056
2025-10-07 17:15:00+02:00,0.1762627643025233
2025-10-07 17:30:00+02:00,0.12885113357058428
2025-10-07 17:45:00+02:00,0.20696705133482188
2025-10-07 18:00:00+02:00,0.1449806546979132
2025-10-07 18:15:00+02:00,0.16129206364813417
2025-10-07 18:30:00+02:00,0.23909956094945345
2025-10-07 18:45:00+02:00,0.3487056502954775
2025-10-07 19:00:00+02:00,0.2507011130944517
2025-10-07 19:15:00+02:00,0.2104447409125832
2025-10-07 19:30:00+02:00,0.2231435980324986
2025-10-07 19:45:00+02:00,0.18140218434014488
2025-10-07 20:00:00+02:00,0.17859929291912946
2025-10-07 20:15:00+02:00,0.15864874912889987
2025-10-07 20:30:00+02:00,0.13299084760767854
2025-10-07 20:45:00+02:00,0.11555639588076058
2025-10-07 21:00:00+02:00,0.14148337993119764
2025-10-07 21:15:00+02:00,0.12354141058759598
2025-10-07 21:30:00+02:00,0.11246246729784001
2025-10-07 21:45:00+02:00,0.09851575228866236
2025-10-07 22:00:00+02:00,0.10922154217322835
2025-10-07 22:15:00+02:00,0.11293430227691896
2025-10-07 22:30:00+02:00,0.10355022782579144
2025-10-07 22:45:00+02:00,0.11040992988582689
2025-10-07 23:00:00+02:00,0.08131030191606987
2025-10-07 23:15:00+02:00,0.10934506851922463
2025-10-07 23:30:00+02:00,0.10603085192497619
2025-10-07 23:45:00+02:00,0.0693760976759185
2025-10-08 00:00:00+02:00,0.09831312405919651
2025-10-08 00:15:00+02:00,0.08768559134004208
2025-10-08 00:30:00+02:00,0.07739488305282179
2025-10-08 00:45:00+02:00,0.08142183312409125
2025-10-08 01:00:00+02:00,0.08074424154534171
2025-10-08 01:15:00+02:00,0.10659270443423623
2025-10-08 01:30:00+02:00,0.09668678393147462
2025-10-08 01:45:00+02:00,0.0982155509499416
2025-10-08 02:00:00+02:00,0.09642672064043235
2025-10-08 02:15:00+02:00,0.0768494822878277
2025-10-08 02:30:00+02:00,0.08174479733720226
2025-10-08 02:45:00+02:00,0.09079374561227918
2025-10-08 03:00:00+02:00,0.07474872191108055
2025-10-08 03:15:00+02:00,0.09403998430172389
2025-10-08 03:30:00+02:00,0.08457674601841865
2025-10-08 03:45:00+02:00,0.08329179192450403
2025-10-08 04:00:00+02:00,0.09276959968203491
2025-10-08 04:15:00+02:00,0.0921826331148604
2025-10-08 04:30:00+02:00,0.0875703383418092
2025-10-08 04:45:00+02:00,0.10570329803364248
2025-10-08 05:00:00+02:00,0.07616936672400103
2025-10-08 05:15:00+02:00,0.09943935606944264
2025-10-08 05:30:00+02:00,0.10584101257968384
2025-10-08 05:45:00+02:00,0.10631453560686009
2025-10-08 06:00:00+02:00,0.09625133022242109
2025-10-08 06:15:00+02:00,0.10139886423614697
2025-10-08 06:30:00+02:00,0.13223027019206893
2025-10-08 06:45:00+02:00,0.13669097863557012
2025-10-08 07:00:00+02:00,0.1252427697948096
2025-10-08 07:15:00+02:00,0.1620800922583689
2025-10-08 07:30:00+02:00,0.16185656309457241
2025-10-08 07:45:00+02:00,0.15727538703636443
2025-10-08 08:00:00+02:00,0.18805370826476095
2025-10-08 08:15:00+02:00,0.1814000995134564
2025-10-08 08:30:00+02:00,0.13843570647503717
2025-10-08 08:45:00+02:00,0.15292794181984365
2025-10-08 09:00:00+02:00,0.15338070592116276
2025-10-08 09:15:00+02:00,0.15788456368290038
2025-10-08 09:30:00+02:00,0.12178017467202618
2025-10-08 09:45:00+02:00,0.10494286888129598
2025-10-08 10:00:00+02:00,0.1372908091319105
2025-10-08 10:15:00+02:00,0.1257313611435207
2025-10-08 10:30:00+02:00,0.10699365297575152
2025-10-08 10:45:00+02:00,0.11296301882016523
2025-10-08 11:00:00+02:00,0.12415227648662039
2025-10-08 11:15:00+02:00,0.10596301761461878
2025-10-08 11:30:00+02:00,0.09394387787786145
2025-10-08 11:45:00+02:00,0.08768054376278932
2025-10-08 12:00:00+02:00,0.14795801768892047
2025-10-08 12:15:00+02:00,0.07392831607343374
2025-10-08 12:30:00+02:00,0.07529814577894287
2025-10-08 12:45:00+02:00,0.09603264094022715
2025-10-08 13:00:00+02:00,0.09249865438127941
2025-10-08 13:15:00+02:00,0.08826016663647321
2025-10-08 13:30:00+02:00,0.08935433933065393
2025-10-08 13:45:00+02:00,0.09075581705361671
2025-10-08 14:00:00+02:00,0.08004240319690639
2025-10-08 14:15:00+02:00,0.07993695274597677
2025-10-08 14:30:00+02:00,0.09195845255097682
2025-10-08 14:45:00+02:00,0.08882627222384969
2025-10-08 15:00:00+02:00,0.09318252755714472
2025-10-08 15:15:00+02:00,0.07669416395762159
2025-10-08 15:30:00+02:00,0.11163155637325643
2025-10-08 15:45:00+02:00,0.11827597482413042
2025-10-08 16:00:00+02:00,0.09571029734313875
2025-10-08 16:15:00+02:00,0.16202690983945514
2025-10-08 16:30:00+02:00,0.14409474444462578
2025-10-08 16:45:00+02:00,0.1572137006501813
2025-10-08 17:00:00+02:00,0.08442125768668354
2025-10-08 17:15:00+02:00,0.16044423033264288
2025-10-08 17:30:00+02:00,0.1490818142230432
2025-10-08 17:45:00+02:00,0.21678091050210832
2025-10-08 18:00:00+02:00,0.1407165902046912
2025-10-08 18:15:00+02:00,0.14034256186846525
2025-10-08 18:30:00+02:00,0.20639766764477077
2025-10-08 18:45:00+02:00,0.2400061706764668
2025-10-08 19:00:00+02:00,0.22981482197008052
2025-10-08 19:15:00+02:00,0.19055338903151778
2025-10-08 19:30:00+02:00,0.17122766753889096
2025-10-08 19:45:00+02:00,0.16148315394383667
2025-10-08 20:00:00+02:00,0.16072126747022666
2025-10-08 20:15:00+02:00,0.21049641796607843
2025-10-08 20:30:00+02:00,0.11859601111168058
2025-10-08 20:45:00+02:00,0.1445738206483739
2025-10-08 21:00:00+02:00,0.13381317900880887
2025-10-08 21:15:00+02:00,0.11978836123694875
2025-10-08 21:30:00+02:00,0.10070642219818786
2025-10-08 21:45:00+02:00,0.10985309879408992
2025-10-08 22:00:00+02:00,0.10885362173762227
2025-10-08 22:15:00+02:00,0.11515009814645362
2025-10-08 22:30:00+02:00,0.13209084538268795
2025-10-08 22:45:00+02:00,0.0969694010027535
2025-10-08 23:00:00+02:00,0.11755273326285676
2025-10-08 23:15:00+02:00,0.09275823574874113
2025-10-08 23:30:00+02:00,0.09513011509503037
2025-10-08 23:45:00+02:00,0.1077080063563551
2025-10-09 00:00:00+02:00,0.10295032942212232
2025-10-09 00:15:00+02:00,0.11813448557996929
2025-10-09 00:30:00+02:00,0.09795751935455466
2025-10-09 00:45:00+02:00,0.08312533224105732
2025-10-09 01:00:00+02:00,0.09802407739055521
2025-10-09 01:15:00+02:00,0.10305554449626729
2025-10-09 01:30:00+02:00,0.09853809962217197
2025-10-09 01:45:00+02:00,0.07727775280109543
2025-10-09 02:00:00+02:00,0.08877862824175131
2025-10-09 02:15:00+02:00,0.08984481364448495
2025-10-09 02:30:00+02:00,0.09153566570899954
2025-10-09 02:45:00+02:00,0.09860672097550678
2025-10-09 03:00:00+02:00,0.14513701000933255
2025-10-09 03:15:00+02:00,0.07654655641289898
2025-10-09 03:30:00+02:00,0.09377197851005963
2025-10-09 03:45:00+02:00,0.09614585745283823
2025-10-09 04:00:00+02:00,0.0925379044793104
2025-10-09 04:15:00+02:00,0.14983780725554624
2025-10-09 04:30:00+02:00,0.10082922154548894
2025-10-09 04:45:00+02:00,0.10693180079228437
2025-10-09 05:00:00+02:00,0.08670834288541353
2025-10-09 05:15:00+02:00,0.07520039066484009
2025-10-09 05:30:00+02:00,0.10859618219132586
2025-10-09 05:45:00+02:00,0.12316687687163111
2025-10-09 06:00:00+02:00,0.10506578837195373
2025-10-09 06:15:00+02:00,0.10865251424179691
2025-10-09 06:30:00+02:00,0.12153943459591737
2025-10-09 06:45:00+02:00,0.15673152853332903
2025-10-09 07:00:00+02:00,0.12495444846143344
2025-10-09 07:15:00+02:00,0.15316500697372626
2025-10-09 07:30:00+02:00,0.15639318376130462
2025-10-09 07:45:00+02:00,0.15248756139495745
2025-10-09 08:00:00+02:00,0.18163283805975997
2025-10-09 08:15:00+02:00,0.14781955271782615
2025-10-09 08:30:00+02:00,0.14476120776940984
2025-10-09 08:45:00+02:00,0.12594724711294958
2025-10-09 09:00:00+02:00,0.16211503772567684
2025-10-09 09:15:00+02:00,0.1313182787653136
2025-10-09 09:30:00+02:00,0.12521133771633702
2025-10-09 09:45:00+02:00,0.10130251378336523
2025-10-09 10:00:00+02:00,0.1441075612557352
2025-10-09 10:15:00+02:00,0.10491392697780497
2025-10-09 10:30:00+02:00,0.10043128355838642
2025-10-09 10:45:00+02:00,0.08664268941725825
2025-10-09 11:00:00+02:00,0.12098977884353723
2025-10-09 11:15:00+02:00,0.10409554776511575
2025-10-09 11:30:00+02:00,0.10195844539468635
2025-10-09 11:45:00+02:00,0.07270439626963028
2025-10-09 12:00:00+02:00,0.1030005026586926
2025-10-09 12:15:00+02:00,0.10109630795623438
2025-10-09 12:30:00+02:00,0.08875283989275423
2025-10-09 12:45:00+02:00,0.09428480375065351
2025-10-09 13:00:00+02:00,0.08383711549899628
2025-10-09 13:15:00+02:00,0.10231347440185569
2025-10-09 13:30:00+02:00,0.1076389812361925
2025-10-09 13:45:00+02:00,0.06790161439560341
2025-10-09 14:00:00+02:00,0.07331497478599218
2025-10-09 14:15:00+02:00,0.09830384477117701
2025-10-09 14:30:00+02:00,0.09994572145730712
2025-10-09 14:45:00+02:00,0.08188139972846721
2025-10-09 15:00:00+02:00,0.07540813182904142
2025-10-09 15:15:00+02:00,0.08131215391139493
2025-10-09 15:30:00+02:00,0.07577549488965722
2025-10-09 15:45:00+02:00,0.09316348053515801
2025-10-09 16:00:00+02:00,0.07746859233247932
2025-10-09 16:15:00+02:00,0.08069202434895872
2025-10-09 16:30:00+02:00,0.09176315112613219
2025-10-09 16:45:00+02:00,0.1026521473253652
2025-10-09 17:00:00+02:00,0.10303500492814077
2025-10-09 17:15:00+02:00,0.10058645959261199
2025-10-09 17:30:00+02:00,0.12184322398476584
2025-10-09 17:45:00+02:00,0.1278001115577449
2025-10-09 18:00:00+02:00,0.11498536290347566
2025-10-09 18:15:00+02:00,0.13100819492166604
2025-10-09 18:30:00+02:00,0.11533277978437702
2025-10-09 18:45:00+02:00,0.1291540974618405
2025-10-09 19:00:00+02:00,0.12737452208213054
2025-10-09 19:15:00+02:00,0.13135451264008147
2025-10-09 19:30:00+02:00,0.1254716864390782
2025-10-09 19:45:00+02:00,0.14228300139910893
2025-10-09 20:00:00+02:00,0.11334260015748683
2025-10-09 20:15:00+02:00,0.10945003044998182
2025-10-09 20:30:00+02:00,0.10390859473575235
2025-10-09 20:45:00+02:00,0.09927522880839734
2025-10-09 21:00:00+02:00,0.10077612872693482
2025-10-09 21:15:00+02:00,0.11358016531107552
2025-10-09 21:30:00+02:00,0.11059504247989856
2025-10-09 21:45:00+02:00,0.08143253706250524
2025-10-09 22:00:00+02:00,0.10489644426895771
2025-10-09 22:15:00+02:00,0.10014415556386404
2025-10-09 22:30:00+02:00,0.08540776955719029
2025-10-09 22:45:00+02:00,0.0940793181775551
2025-10-09 23:00:00+02:00,0.10100923020851299
2025-10-09 23:15:00+02:00,0.07539255885002757
2025-10-09 23:30:00+02:00,0.10312505201330062
2025-10-09 23:45:00+02:00,0.09557877673095522
2025-10-10 00:00:00+02:00,0.08959211309515613
2025-10-10 00:15:00+02:00,0.08526298440064016
2025-10-10 00:30:00+02:00,0.08930865390724906
2025-10-10 00:45:00+02:00,0.08407456789987025
2025-10-10 01:00:00+02:00,0.0974254427267283
2025-10-10 01:15:00+02:00,0.1044620453876635
2025-10-10 01:30:00+02:00,0.08173052772505951
2025-10-10 01:45:00+02:00,0.07318702755461547
2025-10-10 02:00:00+02:00,0.06939680771985472
2025-10-10 02:15:00+02:00,0.0726806996005807
2025-10-10 02:30:00+02:00,0.07857873027126203
2025-10-10 02:45:00+02:00,0.09620557863517787
2025-10-10 03:00:00+02:00,0.07459388700963827
2025-10-10 03:15:00+02:00,0.08093787951638899
2025-10-10 03:30:00+02:00,0.07723577103927248
2025-10-10 03:45:00+02:00,0.08915393273448073
2025-10-10 04:00:00+02:00,0.1040393242587361
2025-10-10 04:15:00+02:00,0.0747513122707968
2025-10-10 04:30:00+02:00,0.07191560557481778
2025-10-10 04:45:00+02:00,0.09164160877069072
2025-10-10 05:00:00+02:00,0.08363891489626311
2025-10-10 05:15:00+02:00,0.09974707325736035
2025-10-10 05:30:00+02:00,0.09062928185325965
2025-10-10 05:45:00+02:00,0.0978070790921294
2025-10-10 06:00:00+02:00,0.08943654830692309
2025-10-10 06:15:00+02:00,0.11628703580582908
2025-10-10 06:30:00+02:00,0.10753482181197364
2025-10-10 06:45:00+02:00,0.12756274031107298
2025-10-10 07:00:00+02:00,0.11278674689589155
2025-10-10 07:15:00+02:00,0.12536295590445673
2025-10-10 07:30:00+02:00,0.13911158991037528
2025-10-10 07:45:00+02:00,0.14270709887589644
2025-10-10 08:00:00+02:00,0.14997881919683145
2025-10-10 08:15:00+02:00,0.13485713686433312
2025-10-10 08:30:00+02:00,0.12146508966508357
2025-10-10 08:45:00+02:00,0.08784064329012764
2025-10-10 09:00:00+02:00,0.14751673308872904
2025-10-10 09:15:00+02:00,0.1081366118767263
2025-10-10 09:30:00+02:00,0.09701744822934817
2025-10-10 09:45:00+02:00,0.091214518626073
2025-10-10 10:00:00+02:00,0.12491099068019904
2025-10-10 10:15:00+02:00,0.0936343654815615
2025-10-10 10:30:00+02:00,0.07095143859020081
2025-10-10 10:45:00+02:00,0.0787725356602722
2025-10-10 11:00:00+02:00,0.10271484181141075
2025-10-10 11:15:00+02:00,0.1009225472330546
2025-10-10 11:30:00+02:00,0.07596221765047
2025-10-10 11:45:00+02:00,0.07607150327663939
2025-10-10 12:00:00+02:00,0.09037383683710755
2025-10-10 12:15:00+02:00,0.09561453279763474
2025-10-10 12:30:00+02:00,0.07371704467613048
2025-10-10 12:45:00+02:00,0.0705302152577034
2025-10-10 13:00:00+02:00,0.08214896509716539
2025-10-10 13:15:00+02:00,0.08071609123156348
2025-10-10 13:30:00+02:00,0.07279566385449471
2025-10-10 13:45:00+02:00,0.07252089992898308
2025-10-10 14:00:00+02:00,0.07068631749859772
2025-10-10 14:15:00+02:00,0.1171248470058894
2025-10-10 14:30:00+02:00,0.08139969674146867
2025-10-10 14:45:00+02:00,0.08461879185060826
2025-10-10 15:00:00+02:00,0.08843046628924843
2025-10-10 15:15:00+02:00,0.06985813095216226
2025-10-10 15:30:00+02:00,0.08597078152728412
2025-10-10 15:45:00+02:00,0.1062221187506452
2025-10-10 16:00:00+02:00,0.0927152402923434
2025-10-10 16:15:00+02:00,0.09087249738927013
2025-10-10 16:30:00+02:00,0.09428800473306802
2025-10-10 16:45:00+02:00,0.1418115706944059
2025-10-10 17:00:00+02:00,0.08325986099583756
2025-10-10 17:15:00+02:00,0.08991194043379919
2025-10-10 17:30:00+02:00,0.12779014450053333
2025-10-10 17:45:00+02:00,0.1347494577564739
2025-10-10 18:00:00+02:00,0.09696767182869287
2025-10-10 18:15:00+02:00,0.12458356447299353
2025-10-10 18:30:00+02:00,0.12385800713771199
2025-10-10 18:45:00+02:00,0.13067921369263272
2025-10-10 19:00:00+02:00,0.11200695601329105
2025-10-10 19:15:00+02:00,0.13256457328280144
2025-10-10 19:30:00+02:00,0.1303720117795866
2025-10-10 19:45:00+02:00,0.11964824136220617
2025-10-10 20:00:00+02:00,0.15035636996047655
2025-10-10 20:15:00+02:00,0.10861915233673847
2025-10-10 20:30:00+02:00,0.0947447482907526
2025-10-10 20:45:00+02:00,0.09343091930118755
2025-10-10 21:00:00+02:00,0.11507413983644502
2025-10-10 21:15:00+02:00,0.11338339449322692
2025-10-10 21:30:00+02:00,0.09862763942143671
2025-10-10 21:45:00+02:00,0.09166055396514297
2025-10-10 22:00:00+02:00,0.09201460575809556
2025-10-10 22:15:00+02:00,0.11689764604073259
2025-10-10 22:30:00+02:00,0.09711848821607431
2025-10-10 22:45:00+02:00,0.09719295831588128
2025-10-10 23:00:00+02:00,0.09800725346377703
2025-10-10 23:15:00+02:00,0.09753753219153784
2025-10-10 23:30:00+02:00,0.10231767280232204
2025-10-10 23:45:00+02:00,0.14370708560017315
2025-10-11 00:00:00+02:00,0.10920722759867543
2025-10-11 00:15:00+02:00,0.11095152530132431
2025-10-11 00:30:00+02:00,0.0900452116970146
2025-10-11 00:45:00+02:00,0.09044003757588512
2025-10-11 01:00:00+02:00,0.09035264305712773
2025-10-11 01:15:00+02:00,0.10392117215449473
2025-10-11 01:30:00+02:00,0.0806360769794073
2025-10-11 01:45:00+02:00,0.10517940432910816
2025-10-11 02:00:00+02:00,0.08712842049355657
2025-10-11 02:15:00+02:00,0.07432224897881952
2025-10-11 02:30:00+02:00,0.08849104414910788
2025-10-11 02:45:00+02:00,0.0793694834252512
2025-10-11 03:00:00+02:00,0.09466643548988725
2025-10-11 03:15:00+02:00,0.07797376020697609
2025-10-11 03:30:00+02:00,0.0791681656678522
2025-10-11 03:45:00+02:00,0.06341459269054468
2025-10-11 04:00:00+02:00,0.07833693680750924
2025-10-11 04:15:00+02:00,0.05839120673371043
2025-10-11 04:30:00+02:00,0.06495097176514276
2025-10-11 04:45:00+02:00,0.08943414656144297
2025-10-11 05:00:00+02:00,0.09006800158650821
2025-10-11 05:15:00+02:00,0.08880457561784964
2025-10-11 05:30:00+02:00,0.07546023856870787
2025-10-11 05:45:00+02:00,0.0866528864385802
2025-10-11 06:00:00+02:00,0.08783397460909433
2025-10-11 06:15:00+02:00,0.07738635310807457
2025-10-11 06:30:00+02:00,0.10623398301767151
2025-10-11 06:45:00+02:00,0.10179362290575661
2025-10-11 07:00:00+02:00,0.09450035826170325
2025-10-11 07:15:00+02:00,0.09532885838994531
2025-10-11 07:30:00+02:00,0.14970382807947552
2025-10-11 07:45:00+02:00,0.0772026513157571
2025-10-11 08:00:00+02:00,0.10148822617479403
2025-10-11 08:15:00+02:00,0.09640015752002191
2025-10-11 08:30:00+02:00,0.09135379990105084
2025-10-11 08:45:00+02:00,0.09023899707114044
2025-10-11 09:00:00+02:00,0.12608686526849522
2025-10-11 09:15:00+02:00,0.1064284286126701
2025-10-11 09:30:00+02:00,0.08339821010217202
2025-10-11 09:45:00+02:00,0.08032582781356158
2025-10-11 10:00:00+02:00,0.11135355436586003
2025-10-11 10:15:00+02:00,0.09508633682912769
2025-10-11 10:30:00+02:00,0.07385630369920175
2025-10-11 10:45:00+02:00,0.06680063222294426
2025-10-11 11:00:00+02:00,0.1442722331361359
2025-10-11 11:15:00+02:00,0.08079485385421749
2025-10-11 11:30:00+02:00,0.08034193220027731
2025-10-11 11:45:00+02:00,0.06689171801681969
2025-10-11 12:00:00+02:00,0.07393552715319335
2025-10-11 12:15:00+02:00,0.05474764788439432
2025-10-11 12:30:00+02:00,0.11438394065634326
2025-10-11 12:45:00+02:00,0.048895996046924003
2025-10-11 13:00:00+02:00,0.07242260872625265
2025-10-11 13:15:00+02:00,0.04023812181910432
2025-10-11 13:30:00+02:00,0.0605296380316525
2025-10-11 13:45:00+02:00,0.04709910783462648
2025-10-11 14:00:00+02:00,0.035245819963855514
2025-10-11 14:15:00+02:00,0.04370114165945679
2025-10-11 14:30:00+02:00,0.0495365269180568
2025-10-11 14:45:00+02:00,0.06532165946401906
2025-10-11 15:00:00+02:00,0.05977835488035489
2025-10-11 15:15:00+02:00,0.06936299996061421
2025-10-11 15:30:00+02:00,0.08935645407739017
2025-10-11 15:45:00+02:00,0.10994270358611864
2025-10-11 16:00:00+02:00,0.0801154317010071
2025-10-11 16:15:00+02:00,0.08053323669674033
2025-10-11 16:30:00+02:00,0.089990034781682
2025-10-11 16:45:00+02:00,0.10718031326718262
2025-10-11 17:00:00+02:00,0.09002517972730417
2025-10-11 17:15:00+02:00,0.08899207434801595
2025-10-11 17:30:00+02:00,0.12351623462576655
2025-10-11 17:45:00+02:00,0.13013415926122412
2025-10-11 18:00:00+02:00,0.11480223122605279
2025-10-11 18:15:00+02:00,0.1286119593970274
2025-10-11 18:30:00+02:00,0.12506813537700626
2025-10-11 18:45:00+02:00,0.15863986763290033
2025-10-11 19:00:00+02:00,0.1183323433699766
2025-10-11 19:15:00+02:00,0.1245662511979018
2025-10-11 19:30:00+02:00,0.13255451818559974
2025-10-11 19:45:00+02:00,0.13105098302612145
2025-10-11 20:00:00+02:00,0.16247927691457867
2025-10-11 20:15:00+02:00,0.12375115737131061
2025-10-11 20:30:00+02:00,0.11928680833431296
2025-10-11 20:45:00+02:00,0.09967491530499292
2025-10-11 21:00:00+02:00,0.1240737270005918
2025-10-11 21:15:00+02:00,0.12288659937486672
2025-10-11 21:30:00+02:00,0.1702132287841342
2025-10-11 21:45:00+02:00,0.08087607843015751
2025-10-11 22:00:00+02:00,0.13726540349725896
2025-10-11 22:15:00+02:00,0.12420091354147451
2025-10-11 22:30:00+02:00,0.0953143729849047
2025-10-11 22:45:00+02:00,0.09711803533437399
2025-10-11 23:00:00+02:00,0.10964030186282739
2025-10-11 23:15:00+02:00,0.09801673765823907
2025-10-11 23:30:00+02:00,0.08767694846154579
2025-10-11 23:45:00+02:00,0.08038376632061948
2025-10-12 00:00:00+02:00,0.10847445929008553
2025-10-12 00:15:00+02:00,0.11754729019259365
2025-10-12 00:30:00+02:00,0.09323600154594433
2025-10-12 00:45:00+02:00,0.07865385667913895
2025-10-12 01:00:00+02:00,0.10881698710648344
2025-10-12 01:15:00+02:00,0.06836457379369915
2025-10-12 01:30:00+02:00,0.09768765700372103
2025-10-12 01:45:00+02:00,0.067122862212219
2025-10-12 02:00:00+02:00,0.09403559058596868
2025-10-12 02:15:00+02:00,0.07665330105373856
2025-10-12 02:30:00+02:00,0.07176318524279093
2025-10-12 02:45:00+02:00,0.09682826787378519
2025-10-12 03:00:00+02:00,0.08555298798688109
2025-10-12 03:15:00+02:00,0.08929503881730716
2025-10-12 03:30:00+02:00,0.08433079421120816
2025-10-12 03:45:00+02:00,0.08443040827223121
2025-10-12 04:00:00+02:00,0.08016821891060255
2025-10-12 04:15:00+02:00,0.0693700777581143
2025-10-12 04:30:00+02:00,0.1021826681944714
2025-10-12 04:45:00+02:00,0.08689243416838686
2025-10-12 05:00:00+02:00,0.0676841810134025
2025-10-12 05:15:00+02:00,0.07554884839034087
2025-10-12 05:30:00+02:00,0.107667597906343
2025-10-12 05:45:00+02:00,0.09939221742113492
2025-10-12 06:00:00+02:00,0.0820734786559214
2025-10-12 06:15:00+02:00,0.08445742295681571
2025-10-12 06:30:00+02:00,0.08727364948782618
2025-10-12 06:45:00+02:00,0.10996747983560841
2025-10-12 07:00:00+02:00,0.10145935452231554
2025-10-12 07:15:00+02:00,0.0903404164719107
2025-10-12 07:30:00+02:00,0.09695283454031843
2025-10-12 07:45:00+02:00,0.08874789159026514
2025-10-12 08:00:00+02:00,0.10026957854179296
2025-10-12 08:15:00+02:00,0.08650650150915021
2025-10-12 08:30:00+02:00,0.08572398740585936
2025-10-12 08:45:00+02:00,0.07649777763490158
2025-10-12 09:00:00+02:00,0.1066262954363698
2025-10-12 09:15:00+02:00,0.08632945885807299
2025-10-12 09:30:00+02:00,0.0789064007721558
2025-10-12 09:45:00+02:00,0.07470283419891417
2025-10-12 10:00:00+02:00,0.08752635190316091
2025-10-12 10:15:00+02:00,0.057127993154678924
2025-10-12 10:30:00+02:00,0.07989327674702482
2025-10-12 10:45:00+02:00,0.07370488475897992
2025-10-12 11:00:00+02:00,0.08543010109859653
2025-10-12 11:15:00+02:00,0.04222744621806311
2025-10-12 11:30:00+02:00,0.09215374704780728
2025-10-12 11:45:00+02:00,0.06829410371844827
2025-10-12 12:00:00+02:00,0.08002182816737517
2025-10-12 12:15:00+02:00,0.05721094072874469
2025-10-12 12:30:00+02:00,0.07272773905062559
2025-10-12 12:45:00+02:00,0.05386584436826344
2025-10-12 13:00:00+02:00,0.04960231039304195
2025-10-12 13:15:00+02:00,0.07244031353866787
2025-10-12 13:30:00+02:00,0.048743175992366536
2025-10-12 13:45:00+02:00,0.05102432873179723
2025-10-12 14:00:00+02:00,0.06230067730688754
2025-10-12 14:15:00+02:00,0.06201681887972604
2025-10-12 14:30:00+02:00,0.06724418905143566
2025-10-12 14:45:00+02:00,0.07714961002466225
2025-10-12 15:00:00+02:00,0.09424415585238274
2025-10-12 15:15:00+02:00,0.07194381202966414
2025-10-12 15:30:00+02:00,0.08694099046714968
2025-10-12 15:45:00+02:00,0.10278654396007612
2025-10-12 16:00:00+02:00,0.08381525932957984
2025-10-12 16:15:00+02:00,0.09561030305560379
2025-10-12 16:30:00+02:00,0.14932730222029184
2025-10-12 16:45:00+02:00,0.09113995087269516
2025-10-12 17:00:00+02:00,0.10322431532301096
2025-10-12 17:15:00+02:00,0.09124654606981311
2025-10-12 17:30:00+02:00,0.11625635465239033
2025-10-12 17:45:00+02:00,0.11182724149980643
2025-10-12 18:00:00+02:00,0.09610861653407007
2025-10-12 18:15:00+02:00,0.1092576241030348
2025-10-12 18:30:00+02:00,0.11522357215450273
2025-10-12 18:45:00+02:00,0.12508920754235286
2025-10-12 19:00:00+02:00,0.13076711269058647
2025-10-12 19:15:00+02:00,0.11992534301513981
2025-10-12 19:30:00+02:00,0.16847843364709353
2025-10-12 19:45:00+02:00,0.12526087168288358
2025-10-12 20:00:00+02:00,0.1312847048892464
2025-10-12 20:15:00+02:00,0.10663392184863008
2025-10-12 20:30:00+02:00,0.11861400069849859
2025-10-12 20:45:00+02:00,0.11818172742310899
2025-10-12 21:00:00+02:00,0.11499436496640009
2025-10-12 21:15:00+02:00,0.1286770681331162
2025-10-12 21:30:00+02:00,0.10512944412967463
2025-10-12 21:45:00+02:00,0.10352576453471542
2025-10-12 22:00:00+02:00,0.1171892817571613
2025-10-12 22:15:00+02:00,0.11153579047581458
2025-10-12 22:30:00+02:00,0.09268724913104799
2025-10-12 22:45:00+02:00,0.08280949117405695
2025-10-12 23:00:00+02:00,0.11878505063224973
2025-10-12 23:15:00+02:00,0.08512038651681672
2025-10-12 23:30:00+02:00,0.08191607650543692
2025-10-12 23:45:00+02:00,0.06398609886396285
2025-10-13 00:00:00+02:00,0.09766038252310498
2025-10-13 00:15:00+02:00,0.079849102065925
2025-10-13 00:30:00+02:00,0.10661015160136358
2025-10-13 00:45:00+02:00,0.09658817089342633
2025-10-13 01:00:00+02:00,0.08442849654822276
2025-10-13 01:15:00+02:00,0.1101043580534431
2025-10-13 01:30:00+02:00,0.10142765486991594
2025-10-13 01:45:00+02:00,0.08729168616491377
2025-10-13 02:00:00+02:00,0.06867594285126427
2025-10-13 02:15:00+02:00,0.11482942572590742
2025-10-13 02:30:00+02:00,0.07537427533236404
2025-10-13 02:45:00+02:00,0.07201601253043108
2025-10-13 03:00:00+02:00,0.0998957043200964
2025-10-13 03:15:00+02:00,0.11339752406339272
2025-10-13 03:30:00+02:00,0.10156272818510508
2025-10-13 03:45:00+02:00,0.0957390912005236
2025-10-13 04:00:00+02:00,0.09894754341665286
2025-10-13 04:15:00+02:00,0.09710415558780307
2025-10-13 04:30:00+02:00,0.10098928589786765
2025-10-13 04:45:00+02:00,0.10165191423969376
2025-10-13 05:00:00+02:00,0.09010201103951876
2025-10-13 05:15:00+02:00,0.09308406872100468
2025-10-13 05:30:00+02:00,0.08925035411133324
2025-10-13 05:45:00+02:00,0.11001324923133217
2025-10-13 06:00:00+02:00,0.06778043185804614
2025-10-13 06:15:00+02:00,0.1132266037320524
2025-10-13 06:30:00+02:00,0.13307408892849082
2025-10-13 06:45:00+02:00,0.17272410682784217
2025-10-13 07:00:00+02:00,0.14615894151153477
2025-10-13 07:15:00+02:00,0.227820022863446
2025-10-13 07:30:00+02:00,0.2617131660600231
2025-10-13 07:45:00+02:00,0.24805499396376823
2025-10-13 08:00:00+02:00,0.24671371863429664
2025-10-13 08:15:00+02:00,0.23835771187988214
2025-10-13 08:30:00+02:00,0.16585512606461691
2025-10-13 08:45:00+02:00,0.13474366850002975
2025-10-13 09:00:00+02:00,0.20786052099024552
2025-10-13 09:15:00+02:00,0.14375655545136365
2025-10-13 09:30:00+02:00,0.1370137550614596
2025-10-13 09:45:00+02:00,0.09563974505081795
2025-10-13 10:00:00+02:00,0.13545632356048787
2025-10-13 10:15:00+02:00,0.13560781934142538
2025-10-13 10:30:00+02:00,0.10226006266468331
2025-10-13 10:45:00+02:00,0.11272474737960399
2025-10-13 11:00:00+02:00,0.1268936220107332
2025-10-13 11:15:00+02:00,0.11667489954417147
2025-10-13 11:30:00+02:00,0.1057091413406465
2025-10-13 11:45:00+02:00,0.11193140429973844
2025-10-13 12:00:00+02:00,0.10481224502647907
2025-10-13 12:15:00+02:00,0.09153594458874748
2025-10-13 12:30:00+02:00,0.09366297503032284
2025-10-13 12:45:00+02:00,0.09400298029036387
2025-10-13 13:00:00+02:00,0.09553860070325704
2025-10-13 13:15:00+02:00,0.09260591691203883
2025-10-13 13:30:00+02:00,0.08055008312193244
2025-10-13 13:45:00+02:00,0.07798099082449052
2025-10-13 14:00:00+02:00,0.06872394728200307
2025-10-13 14:15:00+02:00,0.10524576743186939
2025-10-13 14:30:00+02:00,0.08343136764608715
2025-10-13 14:45:00+02:00,0.09509094802204093
2025-10-13 15:00:00+02:00,0.13111592734430805
2025-10-13 15:15:00+02:00,0.1040792437694443
2025-10-13 15:30:00+02:00,0.10193050321707972
2025-10-13 15:45:00+02:00,0.13153742072673733
2025-10-13 16:00:00+02:00,0.08546509375756133
2025-10-13 16:15:00+02:00,0.11024994162223802
2025-10-13 16:30:00+02:00,0.11493652946740242
2025-10-13 16:45:00+02:00,0.17011149127773387
2025-10-13 17:00:00+02:00,0.09490401580970487
2025-10-13 17:15:00+02:00,0.13398820710227016
2025-10-13 17:30:00+02:00,0.204767768809321
2025-10-13 17:45:00+02:00,0.290437990974515
2025-10-13 18:00:00+02:00,0.19336712341122292
2025-10-13 18:15:00+02:00,0.25948179300266566
2025-10-13 18:30:00+02:00,0.3624281147197911
2025-10-13 18:45:00+02:00,0.4034999799837151
2025-10-13 19:00:00+02:00,0.4065587911679491
2025-10-13 19:15:00+02:00,0.36653523001591354
2025-10-13 19:30:00+02:00,0.26507508214992165
2025-10-13 19:45:00+02:00,0.20060197020420922
2025-10-13 20:00:00+02:00,0.27254717951648744
2025-10-13 20:15:00+02:00,0.22774709337654317
2025-10-13 20:30:00+02:00,0.13535325432030268
2025-10-13 20:45:00+02:00,0.14543116805444067
2025-10-13 21:00:00+02:00,0.1929770081407644
2025-10-13 21:15:00+02:00,0.13382411758292007
2025-10-13 21:30:00+02:00,0.12464983079185275
2025-10-13 21:45:00+02:00,0.1304639662312854
2025-10-13 22:00:00+02:00,0.13119872259012513
2025-10-13 22:15:00+02:00,0.12613419639897627
2025-10-13 22:30:00+02:00,0.11148319086051356
2025-10-13 22:45:00+02:00,0.09734243269307123
2025-10-13 23:00:00+02:00,0.11659722454933993
2025-10-13 23:15:00+02:00,0.09745059733237743
2025-10-13 23:30:00+02:00,0.10776083468259226
2025-10-13 23:45:00+02:00,0.09720026768941357
2025-10-14 00:00:00+02:00,0.11726785911790748
2025-10-14 00:15:00+02:00,0.10097104353796373
2025-10-14 00:30:00+02:00,0.10881880232214458
2025-10-14 00:45:00+02:00,0.10809528961608925
2025-10-14 01:00:00+02:00,0.08736264357428535
2025-10-14 01:15:00+02:00,0.10845056569847572
2025-10-14 01:30:00+02:00,0.11492668992473293
2025-10-14 01:45:00+02:00,0.08530358981308794
2025-10-14 02:00:00+02:00,0.12157572386837703
2025-10-14 02:15:00+02:00,0.10455019009366046
2025-10-14 02:30:00+02:00,0.09098988144241592
2025-10-14 02:45:00+02:00,0.09427230922342293
2025-10-14 03:00:00+02:00,0.10645326912521723
2025-10-14 03:15:00+02:00,0.09985005391412412
2025-10-14 03:30:00+02:00,0.10281755992446369
2025-10-14 03:45:00+02:00,0.08887326406920634
2025-10-14 04:00:00+02:00,0.09957360824036078
2025-10-14 04:15:00+02:00,0.0850628550309502
2025-10-14 04:30:00+02:00,0.0975977393865129
2025-10-14 04:45:00+02:00,0.09536092358535211
2025-10-14 05:00:00+02:00,0.08991470057410234
2025-10-14 05:15:00+02:00,0.11518093175210437
2025-10-14 05:30:00+02:00,0.11290310120594269
2025-10-14 05:45:00+02:00,0.10980138120907176
2025-10-14 06:00:00+02:00,0.08166687235327422
2025-10-14 06:15:00+02:00,0.11870591550305198
2025-10-14 06:30:00+02:00,0.15514097699979185
2025-10-14 06:45:00+02:00,0.13711716913639904
2025-10-14 07:00:00+02:00,0.15413329539981693
2025-10-14 07:15:00+02:00,0.14694317839394372
2025-10-14 07:30:00+02:00,0.1809504911649003
2025-10-14 07:45:00+02:00,0.18470883535797497
2025-10-14 08:00:00+02:00,0.23241540904782282
2025-10-14 08:15:00+02:00,0.22247530163619456
2025-10-14 08:30:00+02:00,0.1742910867668859
2025-10-14 08:45:00+02:00,0.15055702316794584
2025-10-14 09:00:00+02:00,0.20785010539492052
2025-10-14 09:15:00+02:00,0.1405176704644222
2025-10-14 09:30:00+02:00,0.11574794626896703
2025-10-14 09:45:00+02:00,0.12720991326912534
2025-10-14 10:00:00+02:00,0.16977633393826125
2025-10-14 10:15:00+02:00,0.11140109407047516
2025-10-14 10:30:00+02:00,0.12039578604530965
2025-10-14 10:45:00+02:00,0.1335799951743279
2025-10-14 11:00:00+02:00,0.13496929088460108
2025-10-14 11:15:00+02:00,0.12931490774451643
2025-10-14 11:30:00+02:00,0.11683829358547565
2025-10-14 11:45:00+02:00,0.10641110346808857
2025-10-14 12:00:00+02:00,0.12209076482987768
2025-10-14 12:15:00+02:00,0.10878725455811349
2025-10-14 12:30:00+02:00,0.11005392314071893
2025-10-14 12:45:00+02:00,0.10183697806196014
2025-10-14 13:00:00+02:00,0.09815909546356952
2025-10-14 13:15:00+02:00,0.11241042349536523
2025-10-14 13:30:00+02:00,0.10174040243304591
2025-10-14 13:45:00+02:00,0.14361254840507154
2025-10-14 14:00:00+02:00,0.09154509843570405
2025-10-14 14:15:00+02:00,0.09182532018208962
2025-10-14 14:30:00+02:00,0.10892181157369128
2025-10-14 14:45:00+02:00,0.12533881003355798
2025-10-14 15:00:00+02:00,0.11272895565831578
2025-10-14 15:15:00+02:00,0.11764698232879953
2025-10-14 15:30:00+02:00,0.11788973041254855
2025-10-14 15:45:00+02:00,0.16436766299200287
2025-10-14 16:00:00+02:00,0.10494207549017313
2025-10-14 16:15:00+02:00,0.12166810306351862
2025-10-14 16:30:00+02:00,0.1550535261984337
2025-10-14 16:45:00+02:00,0.2112016376764984
2025-10-14 17:00:00+02:00,0.10328886336924628
2025-10-14 17:15:00+02:00,0.14204775295645333
2025-10-14 17:30:00+02:00,0.2328648779784072
2025-10-14 17:45:00+02:00,0.37691028697014545
2025-10-14 18:00:00+02:00,0.27537649924897106
2025-10-14 18:15:00+02:00,0.3671369275435673
2025-10-14 18:30:00+02:00,0.4740950122194091
2025-10-14 18:45:00+02:00,0.5132450164382619
2025-10-14 19:00:00+02:00,0.4945847441481012
2025-10-14 19:15:00+02:00,0.42887533433646124
2025-10-14 19:30:00+02:00,0.37058664606181246
2025-10-14 19:45:00+02:00,0.3048291244427838
2025-10-14 20:00:00+02:00,0.32010305257158894
2025-10-14 20:15:00+02:00,0.24882928729996204
2025-10-14 20:30:00+02:00,0.19700750832343697
2025-10-14 20:45:00+02:00,0.15737761851697307
2025-10-14 21:00:00+02:00,0.21206557129069792
2025-10-14 21:15:00+02:00,0.1799772613684995
2025-10-14 21:30:00+02:00,0.14839667457202102
2025-10-14 21:45:00+02:00,0.12260914028881961
2025-10-14 22:00:00+02:00,0.1407659733645906
2025-10-14 22:15:00+02:00,0.12954530313511872
2025-10-14 22:30:00+02:00,0.11920823181458771
2025-10-14 22:45:00+02:00,0.11857416222375487
2025-10-14 23:00:00+02:00,0.12555573981049864
2025-10-14 23:15:00+02:00,0.11804046020153415
2025-10-14 23:30:00+02:00,0.11499938169746339
2025-10-14 23:45:00+02:00,0.12075646274786332
2025-10-15 00:00:00+02:00,0.12975554135441325
2025-10-15 00:15:00+02:00,0.10124102031550096
2025-10-15 00:30:00+02:00,0.08799078865098045
2025-10-15 00:45:00+02:00,0.12131319911239274
2025-10-15 01:00:00+02:00,0.1034912130158458
2025-10-15 01:15:00+02:00,0.11020234598107316
2025-10-15 01:30:00+02:00,0.0984588697394064
2025-10-15 01:45:00+02:00,0.0896701956241998
2025-10-15 02:00:00+02:00,0.11556462728204787
2025-10-15 02:15:00+02:00,0.11597155160302636
2025-10-15 02:30:00+02:00,0.1005248959927328
2025-10-15 02:45:00+02:00,0.0799895770785509
2025-10-15 03:00:00+02:00,0.10051755551747518
2025-10-15 03:15:00+02:00,0.10885804005402536
2025-10-15 03:30:00+02:00,0.08664088431225872
2025-10-15 03:45:00+02:00,0.10395359919779155
2025-10-15 04:00:00+02:00,0.10190690150827005
2025-10-15 04:15:00+02:00,0.11055291499601089
2025-10-15 04:30:00+02:00,0.10840580368414153
2025-10-15 04:45:00+02:00,0.10215931059118445
2025-10-15 05:00:00+02:00,0.12081571501664481
2025-10-15 05:15:00+02:00,0.11115470426973019
2025-10-15 05:30:00+02:00,0.11632695460490068
2025-10-15 05:45:00+02:00,0.16006732040926805
2025-10-15 06:00:00+02:00,0.1126871774880849
2025-10-15 06:15:00+02:00,0.12248197285973099
2025-10-15 06:30:00+02:00,0.16262053940076576
2025-10-15 06:45:00+02:00,0.21215708480142342
2025-10-15 07:00:00+02:00,0.19803098857068643
2025-10-15 07:15:00+02:00,0.2539643860212326
2025-10-15 07:30:00+02:00,0.33429170327493607
2025-10-15 07:45:00+02:00,0.3114367632284813
2025-10-15 08:00:00+02:00,0.34791927261340083
2025-10-15 08:15:00+02:00,0.31516904687396075
2025-10-15 08:30:00+02:00,0.24107384460263134
2025-10-15 08:45:00+02:00,0.21654009713546937
2025-10-15 09:00:00+02:00,0.2588892587133927
2025-10-15 09:15:00+02:00,0.19279088591854288
2025-10-15 09:30:00+02:00,0.16500308213265505
2025-10-15 09:45:00+02:00,0.12494285076996663
2025-10-15 10:00:00+02:00,0.19186095372009307
2025-10-15 10:15:00+02:00,0.14400292580406493
2025-10-15 10:30:00+02:00,0.14489741289398797
2025-10-15 10:45:00+02:00,0.12771511196726842
2025-10-15 11:00:00+02:00,0.14609004149065768
2025-10-15 11:15:00+02:00,0.12288582129653806
2025-10-15 11:30:00+02:00,0.12181972142939117
2025-10-15 11:45:00+02:00,0.10423284630247893
2025-10-15 12:00:00+02:00,0.14804387247526624
2025-10-15 12:15:00+02:00,0.12540535331082736
2025-10-15 12:30:00+02:00,0.1122667844868789
2025-10-15 12:45:00+02:00,0.11167680305864908
2025-10-15 13:00:00+02:00,0.10453873710470304
2025-10-15 13:15:00+02:00,0.10610385961489338
2025-10-15 13:30:00+02:00,0.12300413907944426
2025-10-15 13:45:00+02:00,0.10011105721028604
2025-10-15 14:00:00+02:00,0.0970408901731806
2025-10-15 14:15:00+02:00,0.11504652752527286
2025-10-15 14:30:00+02:00,0.12883704154662998
2025-10-15 14:45:00+02:00,0.13458953310665067
2025-10-15 15:00:00+02:00,0.11366047685805816
2025-10-15 15:15:00+02:00,0.1000720491143054
2025-10-15 15:30:00+02:00,0.16071189333258157
2025-10-15 15:45:00+02:00,0.16931333651955485
2025-10-15 16:00:00+02:00,0.09828320161157865
2025-10-15 16:15:00+02:00,0.11620166983544952
2025-10-15 16:30:00+02:00,0.16126194141849057
2025-10-15 16:45:00+02:00,0.1801323000940066
2025-10-15 17:00:00+02:00,0.10957887772081608
2025-10-15 17:15:00+02:00,0.15195002344901085
2025-10-15 17:30:00+02:00,0.17673481769619856
2025-10-15 17:45:00+02:00,0.2707884012808123
2025-10-15 18:00:00+02:00,0.15733013124897074
2025-10-15 18:15:00+02:00,0.19230592278863257
2025-10-15 18:30:00+02:00,0.26212468426412533
2025-10-15 18:45:00+02:00,0.29936835756289626
2025-10-15 19:00:00+02:00,0.2989529607904963
2025-10-15 19:15:00+02:00,0.253635073373098
2025-10-15 19:30:00+02:00,0.17928047270457115
2025-10-15 19:45:00+02:00,0.15219790332660996
2025-10-15 20:00:00+02:00,0.20306190805978955
2025-10-15 20:15:00+02:00,0.13834643410623987
2025-10-15 20:30:00+02:00,0.14551207129940322
2025-10-15 20:45:00+02:00,0.10387791634278316
2025-10-15 21:00:00+02:00,0.1510674637641423
2025-10-15 21:15:00+02:00,0.1286418670011108
2025-10-15 21:30:00+02:00,0.12124406697809101
2025-10-15 21:45:00+02:00,0.10266737212539297
2025-10-15 22:00:00+02:00,0.12332473488359745
2025-10-15 22:15:00+02:00,0.09547922561431062
2025-10-15 22:30:00+02:00,0.09367878286213578
2025-10-15 22:45:00+02:00,0.0842857995048829
2025-10-15 23:00:00+02:00,0.09290308873816454
2025-10-15 23:15:00+02:00,0.10324345576019993
2025-10-15 23:30:00+02:00,0.09200974951638251
2025-10-15 23:45:00+02:00,0.09036877786049817
2025-10-16 00:00:00+02:00,0.09684881268667413
2025-10-16 00:15:00+02:00,0.10336473857485315
2025-10-16 00:30:00+02:00,0.09074021558703707
2025-10-16 00:45:00+02:00,0.06891168052044153
2025-10-16 01:00:00+02:00,0.09466687951752642
2025-10-16 01:15:00+02:00,0.0806264310620817
2025-10-16 01:30:00+02:00,0.07980383318250243
2025-10-16 01:45:00+02:00,0.08619364018755094
2025-10-16 02:00:00+02:00,0.10279283071433624
2025-10-16 02:15:00+02:00,0.08891271576736062
2025-10-16 02:30:00+02:00,0.09099833012598964
2025-10-16 02:45:00+02:00,0.10200214944635239
2025-10-16 03:00:00+02:00,0.0924175317948857
2025-10-16 03:15:00+02:00,0.11470683114180384
2025-10-16 03:30:00+02:00,0.09434509645631534
2025-10-16 03:45:00+02:00,0.06162237240844182
2025-10-16 04:00:00+02:00,0.09366341621104532
2025-10-16 04:15:00+02:00,0.09186158384882778
2025-10-16 04:30:00+02:00,0.10138752754082746
2025-10-16 04:45:00+02:00,0.09740181351269958
2025-10-16 05:00:00+02:00,0.07885544016016216
2025-10-16 05:15:00+02:00,0.06900701763710634
2025-10-16 05:30:00+02:00,0.08300976742713974
2025-10-16 05:45:00+02:00,0.08508479545790701
2025-10-16 06:00:00+02:00,0.07338476550195278
2025-10-16 06:15:00+02:00,0.0958757840442061
2025-10-16 06:30:00+02:00,0.11496904504351406
2025-10-16 06:45:00+02:00,0.1212667152982298
2025-10-16 07:00:00+02:00,0.08992116937964816
2025-10-16 07:15:00+02:00,0.17049602668220143
2025-10-16 07:30:00+02:00,0.13302631486645652
2025-10-16 07:45:00+02:00,0.11940217095680618
2025-10-16 08:00:00+02:00,0.14704982833327082
2025-10-16 08:15:00+02:00,0.14626688194729198
2025-10-16 08:30:00+02:00,0.1248910168691776
2025-10-16 08:45:00+02:00,0.11030280433843859
2025-10-16 09:00:00+02:00,0.14629051851392216
2025-10-16 09:15:00+02:00,0.13690532443907028
2025-10-16 09:30:00+02:00,0.097505078221979
2025-10-16 09:45:00+02:00,0.08875541699676578
2025-10-16 10:00:00+02:00,0.12522381357827772
2025-10-16 10:15:00+02:00,0.09000166847908232
2025-10-16 10:30:00+02:00,0.09847963851233395
2025-10-16 10:45:00+02:00,0.07201363814385398
2025-10-16 11:00:00+02:00,0.10462684725751886
2025-10-16 11:15:00+02:00,0.09603590831873089
2025-10-16 11:30:00+02:00,0.07129634267066969
2025-10-16 11:45:00+02:00,0.06105191188019224
2025-10-16 12:00:00+02:00,0.07375343685429905
2025-10-16 12:15:00+02:00,0.09538584103427182
2025-10-16 12:30:00+02:00,0.07792141854107554
2025-10-16 12:45:00+02:00,0.10398199285668253
2025-10-16 13:00:00+02:00,0.07863752401342611
2025-10-16 13:15:00+02:00,0.08438551303197037
2025-10-16 13:30:00+02:00,0.09610109952567876
2025-10-16 13:45:00+02:00,0.09846092888159122
2025-10-16 14:00:00+02:00,0.09757503576636398
2025-10-16 14:15:00+02:00,0.09133366230593143
2025-10-16 14:30:00+02:00,0.09180062525811462
2025-10-16 14:45:00+02:00,0.10007526949201183
2025-10-16 15:00:00+02:00,0.07988361076166638
2025-10-16 15:15:00+02:00,0.07690814283671465
2025-10-16 15:30:00+02:00,0.07690801116577693
2025-10-16 15:45:00+02:00,0.09246625542589047
2025-10-16 16:00:00+02:00,0.06641815377475072
2025-10-16 16:15:00+02:00,0.07494771950672724
2025-10-16 16:30:00+02:00,0.09937387447456705
2025-10-16 16:45:00+02:00,0.1256530520857051
2025-10-16 17:00:00+02:00,0.07928406886291847
2025-10-16 17:15:00+02:00,0.1308353008105526
2025-10-16 17:30:00+02:00,0.12109310885866494
2025-10-16 17:45:00+02:00,0.1547534054072028
2025-10-16 18:00:00+02:00,0.10243177679397186
2025-10-16 18:15:00+02:00,0.1100346338292693
2025-10-16 18:30:00+02:00,0.13508319314157302
2025-10-16 18:45:00+02:00,0.14457252491616718
2025-10-16 19:00:00+02:00,0.1523644974324213
2025-10-16 19:15:00+02:00,0.15059811684554777
2025-10-16 19:30:00+02:00,0.13440813175670796
2025-10-16 19:45:00+02:00,0.1547309256633419
2025-10-16 20:00:00+02:00,0.15725033695525353
2025-10-16 20:15:00+02:00,0.12920097703468605
2025-10-16 20:30:00+02:00,0.12573515901150167
2025-10-16 20:45:00+02:00,0.0963656076327652
2025-10-16 21:00:00+02:00,0.12080793223928947
2025-10-16 21:15:00+02:00,0.11706748619704185
2025-10-16 21:30:00+02:00,0.10931586305934608
2025-10-16 21:45:00+02:00,0.1531824352827219
2025-10-16 22:00:00+02:00,0.09161150578213727
2025-10-16 22:15:00+02:00,0.08903382566710989
2025-10-16 22:30:00+02:00,0.10739886246911204
2025-10-16 22:45:00+02:00,0.07901560634437148
2025-10-16 23:00:00+02:00,0.10410167714184781
2025-10-16 23:15:00+02:00,0.14399397413701331
2025-10-16 23:30:00+02:00,0.08853963498131759
2025-10-16 23:45:00+02:00,0.11796296932733205
2025-10-17 00:00:00+02:00,0.09653600106569717
2025-10-17 00:15:00+02:00,0.08278299160338087
2025-10-17 00:30:00+02:00,0.07554083164289711
2025-10-17 00:45:00+02:00,0.0571173778671835
2025-10-17 01:00:00+02:00,0.08679485094949363
2025-10-17 01:15:00+02:00,0.10524251596669744
2025-10-17 01:30:00+02:00,0.10499259214547871
2025-10-17 01:45:00+02:00,0.08570903743413728
2025-10-17 02:00:00+02:00,0.0853778793963822
2025-10-17 02:15:00+02:00,0.09288774256075023
2025-10-17 02:30:00+02:00,0.07841614560811709
2025-10-17 02:45:00+02:00,0.09124791899819466
2025-10-17 03:00:00+02:00,0.0973708027838469
2025-10-17 03:15:00+02:00,0.10009933223884297
2025-10-17 03:30:00+02:00,0.08775845923520048
2025-10-17 03:45:00+02:00,0.08549326249823033
2025-10-17 04:00:00+02:00,0.07849017413243439
2025-10-17 04:15:00+02:00,0.07919119645960139
2025-10-17 04:30:00+02:00,0.08913521108098472
2025-10-17 04:45:00+02:00,0.09989365506816178
2025-10-17 05:00:00+02:00,0.09912584626233249
2025-10-17 05:15:00+02:00,0.08209821049319656
2025-10-17 05:30:00+02:00,0.11319688568959521
2025-10-17 05:45:00+02:00,0.09693876398957431
2025-10-17 06:00:00+02:00,0.08555632705651564
2025-10-17 06:15:00+02:00,0.08845788320852177
2025-10-17 06:30:00+02:00,0.09505759739727059
2025-10-17 06:45:00+02:00,0.1394804539636104
2025-10-17 07:00:00+02:00,0.12693843897092433
2025-10-17 07:15:00+02:00,0.11496672442881786
2025-10-17 07:30:00+02:00,0.1336799071722487
2025-10-17 07:45:00+02:00,0.152739392177041
2025-10-17 08:00:00+02:00,0.14319454143113455
2025-10-17 08:15:00+02:00,0.15469947322653704
2025-10-17 08:30:00+02:00,0.14875264679621827
2025-10-17 08:45:00+02:00,0.1071771057683075
2025-10-17 09:00:00+02:00,0.1639555793216663
2025-10-17 09:15:00+02:00,0.16943418195376597
2025-10-17 09:30:00+02:00,0.12466429982433526
2025-10-17 09:45:00+02:00,0.10170358517702516
2025-10-17 10:00:00+02:00,0.11293868184094491
2025-10-17 10:15:00+02:00,0.1352673935445717
2025-10-17 10:30:00+02:00,0.10526408423201951
2025-10-17 10:45:00+02:00,0.0952974756298562
2025-10-17 11:00:00+02:00,0.16700569197230944
2025-10-17 11:15:00+02:00,0.11504637349428715
2025-10-17 11:30:00+02:00,0.08169178181021602
2025-10-17 11:45:00+02:00,0.08635679849847971
2025-10-17 12:00:00+02:00,0.09811816500330572
2025-10-17 12:15:00+02:00,0.09485105607263145
2025-10-17 12:30:00+02:00,0.08850441555277225
2025-10-17 12:45:00+02:00,0.08039972160916667
2025-10-17 13:00:00+02:00,0.08012409779351282
2025-10-17 13:15:00+02:00,0.08827143883046375
2025-10-17 13:30:00+02:00,0.07667860988014394
2025-10-17 13:45:00+02:00,0.054446495165053926
2025-10-17 14:00:00+02:00,0.08709559804157668
2025-10-17 14:15:00+02:00,0.09612934841086196
2025-10-17 14:30:00+02:00,0.06605067564458161
2025-10-17 14:45:00+02:00,0.08162269295290062
2025-10-17 15:00:00+02:00,0.09009154261005198
2025-10-17 15:15:00+02:00,0.10797495469711699
2025-10-17 15:30:00+02:00,0.09130793707675408
2025-10-17 15:45:00+02:00,0.08488997058770865
2025-10-17 16:00:00+02:00,0.0822210355889516
2025-10-17 16:15:00+02:00,0.10106876419148184
2025-10-17 16:30:00+02:00,0.08730035820875465
2025-10-17 16:45:00+02:00,0.10687807993349746
2025-10-17 17:00:00+02:00,0.08342256477817966
2025-10-17 17:15:00+02:00,0.09869671391741289
2025-10-17 17:30:00+02:00,0.12336670315994795
2025-10-17 17:45:00+02:00,0.1662967845846956
2025-10-17 18:00:00+02:00,0.1296307927311603
2025-10-17 18:15:00+02:00,0.12679646497873712
2025-10-17 18:30:00+02:00,0.12241188731084456
2025-10-17 18:45:00+02:00,0.12055809191303343
2025-10-17 19:00:00+02:00,0.1366910977714716
2025-10-17 19:15:00+02:00,0.12876162802987196
2025-10-17 19:30:00+02:00,0.13464520086409373
2025-10-17 19:45:00+02:00,0.1608410756784486
2025-10-17 20:00:00+02:00,0.13441752908365687
2025-10-17 20:15:00+02:00,0.15363208949904816
2025-10-17 20:30:00+02:00,0.11517642403794458
2025-10-17 20:45:00+02:00,0.11741445709196754
2025-10-17 21:00:00+02:00,0.11583270410537765
2025-10-17 21:15:00+02:00,0.08705722021682634
2025-10-17 21:30:00+02:00,0.11064228934575203
2025-10-17 21:45:00+02:00,0.09194855914461006
2025-10-17 22:00:00+02:00,0.12685297776217544
2025-10-17 22:15:00+02:00,0.11361048065714649
2025-10-17 22:30:00+02:00,0.09750678104341248
2025-10-17 22:45:00+02:00,0.10863016361735103
2025-10-17 23:00:00+02:00,0.10612855510527404
2025-10-17 23:15:00+02:00,0.10382773675122219
2025-10-17 23:30:00+02:00,0.09269732817294475
2025-10-17 23:45:00+02:00,0.07292643345009127
2025-10-18 00:00:00+02:00,0.08717450167682537
2025-10-18 00:15:00+02:00,0.11391960817581162
2025-10-18 00:30:00+02:00,0.09005224667893459
2025-10-18 00:45:00+02:00,0.08379351536757992
2025-10-18 01:00:00+02:00,0.08679877420650636
2025-10-18 01:15:00+02:00,0.0939459906559346
2025-10-18 01:30:00+02:00,0.10744524919243145
2025-10-18 01:45:00+02:00,0.07588467085745727
2025-10-18 02:00:00+02:00,0.09744219456672758
2025-10-18 02:15:00+02:00,0.10392220555415418
2025-10-18 02:30:00+02:00,0.08607358608754286
2025-10-18 02:45:00+02:00,0.08990371796249734
2025-10-18 03:00:00+02:00,0.07588606471853121
2025-10-18 03:15:00+02:00,0.0911130709720765
2025-10-18 03:30:00+02:00,0.08774855734995451
2025-10-18 03:45:00+02:00,0.10023729995679863
2025-10-18 04:00:00+02:00,0.09728386051564751
2025-10-18 04:15:00+02:00,0.11196563642018613
2025-10-18 04:30:00+02:00,0.09508633173213575
2025-10-18 04:45:00+02:00,0.09588796316582157
2025-10-18 05:00:00+02:00,0.08430384301577336
2025-10-18 05:15:00+02:00,0.08152833707189311
2025-10-18 05:30:00+02:00,0.09679483843461681
2025-10-18 05:45:00+02:00,0.08947598589860971
2025-10-18 06:00:00+02:00,0.08190460976269615
2025-10-18 06:15:00+02:00,0.0985759753560796
2025-10-18 06:30:00+02:00,0.08563457434720358
2025-10-18 06:45:00+02:00,0.11789878561129045
2025-10-18 07:00:00+02:00,0.10636115067339864
2025-10-18 07:15:00+02:00,0.10755931473008912
2025-10-18 07:30:00+02:00,0.09465145100991405
2025-10-18 07:45:00+02:00,0.11401178012905568
2025-10-18 08:00:00+02:00,0.134159945465611
2025-10-18 08:15:00+02:00,0.11729131937701118
2025-10-18 08:30:00+02:00,0.1065069776770509
2025-10-18 08:45:00+02:00,0.09792225078771773
2025-10-18 09:00:00+02:00,0.13339620026504545
2025-10-18 09:15:00+02:00,0.12113733568201379
2025-10-18 09:30:00+02:00,0.09048067900830305
2025-10-18 09:45:00+02:00,0.07177175588185311
2025-10-18 10:00:00+02:00,0.11099241850956178
2025-10-18 10:15:00+02:00,0.08246589815501497
2025-10-18 10:30:00+02:00,0.09903375689469442
2025-10-18 10:45:00+02:00,0.0731667953078866
2025-10-18 11:00:00+02:00,0.10016158520825497
2025-10-18 11:15:00+02:00,0.09782316051922452
2025-10-18 11:30:00+02:00,0.08977310898147961
2025-10-18 11:45:00+02:00,0.06844379687281953
2025-10-18 12:00:00+02:00,0.0824773009033661
2025-10-18 12:15:00+02:00,0.07560804393609084
2025-10-18 12:30:00+02:00,0.06474298139269871
2025-10-18 12:45:00+02:00,0.07093359281721603
2025-10-18 13:00:00+02:00,0.05687960208840197
2025-10-18 13:15:00+02:00,0.07747679388461554
2025-10-18 13:30:00+02:00,0.06288382702701607
2025-10-18 13:45:00+02:00,0.07034159655872839
2025-10-18 14:00:00+02:00,0.06724287871546142
2025-10-18 14:15:00+02:00,0.06781095026295923
2025-10-18 14:30:00+02:00,0.08100693801475274
2025-10-18 14:45:00+02:00,0.07449096343377465
2025-10-18 15:00:00+02:00,0.07993297297457244
2025-10-18 15:15:00+02:00,0.0649502031975325
2025-10-18 15:30:00+02:00,0.08753379579546412
2025-10-18 15:45:00+02:00,0.11748928999058275
2025-10-18 16:00:00+02:00,0.056896686753944256
2025-10-18 16:15:00+02:00,0.07787255029475149
2025-10-18 16:30:00+02:00,0.11128907849658914
2025-10-18 16:45:00+02:00,0.13029581781939598
2025-10-18 17:00:00+02:00,0.09078630099273559
2025-10-18 17:15:00+02:00,0.11583187130147664
2025-10-18 17:30:00+02:00,0.1285772146856177
2025-10-18 17:45:00+02:00,0.17320699841956225
2025-10-18 18:00:00+02:00,0.1302781865692851
2025-10-18 18:15:00+02:00,0.12960742345381457
2025-10-18 18:30:00+02:00,0.1452457370120273
2025-10-18 18:45:00+02:00,0.15521881934895215
2025-10-18 19:00:00+02:00,0.18706366253617418
2025-10-18 19:15:00+02:00,0.11747470695329358
2025-10-18 19:30:00+02:00,0.12913080669286972
2025-10-18 19:45:00+02:00,0.11441618836046402
2025-10-18 20:00:00+02:00,0.11127330453985965
2025-10-18 20:15:00+02:00,0.12385421677150421
2025-10-18 20:30:00+02:00,0.10062671814046077
2025-10-18 20:45:00+02:00,0.0967146671769584
2025-10-18 21:00:00+02:00,0.10247980330569015
2025-10-18 21:15:00+02:00,0.09892499679779065
2025-10-18 21:30:00+02:00,0.09623451817139039
2025-10-18 21:45:00+02:00,0.08053513629430156
2025-10-18 22:00:00+02:00,0.10929105798176084
2025-10-18 22:15:00+02:00,0.09326453322416083
2025-10-18 22:30:00+02:00,0.10426810480887502
2025-10-18 22:45:00+02:00,0.09156367484013053
2025-10-18 23:00:00+02:00,0.09651561297955405
2025-10-18 23:15:00+02:00,0.10720982116175022
2025-10-18 23:30:00+02:00,0.08395036554885953
2025-10-18 23:45:00+02:00,0.09397057798281144
2025-10-19 00:00:00+02:00,0.1068928731340133
2025-10-19 00:15:00+02:00,0.11038183676795123
2025-10-19 00:30:00+02:00,0.08534534017628148
2025-10-19 00:45:00+02:00,0.08307683203881802
2025-10-19 01:00:00+02:00,0.09545580394112267
2025-10-19 01:15:00+02:00,0.08639820217165724
2025-10-19 01:30:00+02:00,0.0929194190194205
2025-10-19 01:45:00+02:00,0.06417689391563411
2025-10-19 02:00:00+02:00,0.07589317580853647
2025-10-19 02:15:00+02:00,0.07082197078420807
2025-10-19 02:30:00+02:00,0.09122307591973576
2025-10-19 02:45:00+02:00,0.09662613372581924
2025-10-19 03:00:00+02:00,0.08202550781462518
2025-10-19 03:15:00+02:00,0.0788917827680999
2025-10-19 03:30:00+02:00,0.0822205216311318
2025-10-19 03:45:00+02:00,0.09500878302608191
2025-10-19 04:00:00+02:00,0.07431646865809426
2025-10-19 04:15:00+02:00,0.08473368982734775
2025-10-19 04:30:00+02:00,0.0938419762978243
2025-10-19 04:45:00+02:00,0.08783094169939834
2025-10-19 05:00:00+02:00,0.08426581616598744
2025-10-19 05:15:00+02:00,0.09130046092567141
2025-10-19 05:30:00+02:00,0.05858767707000763
2025-10-19 05:45:00+02:00,0.09148875319530907
2025-10-19 06:00:00+02:00,0.07595924316872577
2025-10-19 06:15:00+02:00,0.06403367103143542
2025-10-19 06:30:00+02:00,0.0902520259952498
2025-10-19 06:45:00+02:00,0.10475658545162948
2025-10-19 07:00:00+02:00,0.08417551485372309
2025-10-19 07:15:00+02:00,0.0972987454720294
2025-10-19 07:30:00+02:00,0.09961278257988646
2025-10-19 07:45:00+02:00,0.09735914453584046
2025-10-19 08:00:00+02:00,0.11512964529371393
2025-10-19 08:15:00+02:00,0.10298127491071893
2025-10-19 08:30:00+02:00,0.08262433638901592
2025-10-19 08:45:00+02:00,0.05645034188102821
2025-10-19 09:00:00+02:00,0.09439937511870052
2025-10-19 09:15:00+02:00,0.07438753404683798
2025-10-19 09:30:00+02:00,0.09613942717497814
2025-10-19 09:45:00+02:00,0.05786114187567663
2025-10-19 10:00:00+02:00,0.08274204806784485
2025-10-19 10:15:00+02:00,0.07547485376040466
2025-10-19 10:30:00+02:00,0.06815602446372454
2025-10-19 10:45:00+02:00,0.07631051040430743
2025-10-19 11:00:00+02:00,0.06782350638265537
2025-10-19 11:15:00+02:00,0.06814607455237243
2025-10-19 11:30:00+02:00,0.05260529414301952
2025-10-19 11:45:00+02:00,0.02771977488779294
2025-10-19 12:00:00+02:00,0.04824230909094714
2025-10-19 12:15:00+02:00,0.03967963202951578
2025-10-19 12:30:00+02:00,0.0237069777548274
2025-10-19 12:45:00+02:00,0.008935790201261439
2025-10-19 13:00:00+02:00,0.010016825363281561
2025-10-19 13:15:00+02:00,0.020418944273713054
2025-10-19 13:30:00+02:00,0.004732796259689977
2025-10-19 13:45:00+02:00,0.023670559636896026
2025-10-19 14:00:00+02:00,0.012504397529345032
2025-10-19 14:15:00+02:00,0.008094485005350694
2025-10-19 14:30:00+02:00,0.041617909229501364
2025-10-19 14:45:00+02:00,0.058288435944094164
2025-10-19 15:00:00+02:00,0.0432517451041918
2025-10-19 15:15:00+02:00,0.08229450446023145
2025-10-19 15:30:00+02:00,0.054348275303542554
2025-10-19 15:45:00+02:00,0.08619026079147418
2025-10-19 16:00:00+02:00,0.057458672044333595
2025-10-19 16:15:00+02:00,0.08610340076450466
2025-10-19 16:30:00+02:00,0.10272196628237688
2025-10-19 16:45:00+02:00,0.1131603066826118
2025-10-19 17:00:00+02:00,0.08287946064333382
2025-10-19 17:15:00+02:00,0.09204974143196511
2025-10-19 17:30:00+02:00,0.12437007138598599
2025-10-19 17:45:00+02:00,0.17481311648671932
2025-10-19 18:00:00+02:00,0.14006190685752998
2025-10-19 18:15:00+02:00,0.11753339186185378
2025-10-19 18:30:00+02:00,0.09248593233089526
2025-10-19 18:45:00+02:00,0.07685285607387163
2025-10-19 19:00:00+02:00,0.08403860323744054
2025-10-19 19:15:00+02:00,0.0716486405699451
2025-10-19 19:30:00+02:00,0.08567126651011484
2025-10-19 19:45:00+02:00,0.07500725023229933
2025-10-19 20:00:00+02:00,0.07126809297967868
2025-10-19 20:15:00+02:00,0.08101038314076116
2025-10-19 20:30:00+02:00,0.0691593894831656
2025-10-19 20:45:00+02:00,0.07034793011985549
2025-10-19 21:00:00+02:00,0.10293220628255424
2025-10-19 21:15:00+02:00,0.08062839315865532
2025-10-19 21:30:00+02:00,0.06679469352094168
2025-10-19 21:45:00+02:00,0.055738077745847124
2025-10-19 22:00:00+02:00,0.07348184598670696
2025-10-19 22:15:00+02:00,0.0707684668075757
2025-10-19 22:30:00+02:00,0.06663869761172306
2025-10-19 22:45:00+02:00,0.04738820472848816
2025-10-19 23:00:00+02:00,0.07011743032907694
2025-10-19 23:15:00+02:00,0.05954851882958768
2025-10-19 23:30:00+02:00,0.05728144018191921
2025-10-19 23:45:00+02:00,0.0471799741917654
2025-10-20 00:00:00+02:00,0.08463654671966728
2025-10-20 00:15:00+02:00,0.07344940649569409
2025-10-20 00:30:00+02:00,0.059136009225571544
2025-10-20 00:45:00+02:00,0.0722393237974627
2025-10-20 01:00:00+02:00,0.06931411867715738
2025-10-20 01:15:00+02:00,0.06666849622944847
2025-10-20 01:30:00+02:00,0.06760214423256557
2025-10-20 01:45:00+02:00,0.060932161312635014
2025-10-20 02:00:00+02:00,0.07584136633913244
2025-10-20 02:15:00+02:00,0.06294124165201824
2025-10-20 02:30:00+02:00,0.05376562625359562
2025-10-20 02:45:00+02:00,0.06126503525206101
2025-10-20 03:00:00+02:00,0.05043273792679328
2025-10-20 03:15:00+02:00,0.06045559705776523
2025-10-20 03:30:00+02:00,0.05831770009355539
2025-10-20 03:45:00+02:00,0.058038831427274604
2025-10-20 04:00:00+02:00,0.05457462488561069
2025-10-20 04:15:00+02:00,0.03979150954502361
2025-10-20 04:30:00+02:00,0.05353275092259039
2025-10-20 04:45:00+02:00,0.06984844901141114
2025-10-20 05:00:00+02:00,0.058788563919974
2025-10-20 05:15:00+02:00,0.06501324859074041
2025-10-20 05:30:00+02:00,0.09318707840864701
2025-10-20 05:45:00+02:00,0.07756825151785499
2025-10-20 06:00:00+02:00,0.06483457200526738
2025-10-20 06:15:00+02:00,0.09070194361871686
2025-10-20 06:30:00+02:00,0.08221772690156197
2025-10-20 06:45:00+02:00,0.09251310892609511
2025-10-20 07:00:00+02:00,0.06802363168243511
2025-10-20 07:15:00+02:00,0.09453154173610001
2025-10-20 07:30:00+02:00,0.10469582318042978
2025-10-20 07:45:00+02:00,0.10077379790923356
2025-10-20 08:00:00+02:00,0.1644546530006433
2025-10-20 08:15:00+02:00,0.13631953485401047
2025-10-20 08:30:00+02:00,0.11870693629279847
2025-10-20 08:45:00+02:00,0.09782321838771221
2025-10-20 09:00:00+02:00,0.11662691258529453
2025-10-20 09:15:00+02:00,0.10986808273159783
2025-10-20 09:30:00+02:00,0.08597488720552213
2025-10-20 09:45:00+02:00,0.0534846802676182
2025-10-20 10:00:00+02:00,0.09944340242878152
2025-10-20 10:15:00+02:00,0.06072508011964316
2025-10-20 10:30:00+02:00,0.07679546204341657
2025-10-20 10:45:00+02:00,0.07364705136827583
2025-10-20 11:00:00+02:00,0.06628033569784801
2025-10-20 11:15:00+02:00,0.06620185712045415
2025-10-20 11:30:00+02:00,0.05886295331514064
2025-10-20 11:45:00+02:00,0.06017078969711265
2025-10-20 12:00:00+02:00,0.1095496571581426
2025-10-20 12:15:00+02:00,0.0678866053226934
2025-10-20 12:30:00+02:00,0.07105308746119608
2025-10-20 12:45:00+02:00,0.07443683810789956
2025-10-20 13:00:00+02:00,0.05455831973421697
2025-10-20 13:15:00+02:00,0.05981778126255472
2025-10-20 13:30:00+02:00,0.0518256180777905
2025-10-20 13:45:00+02:00,0.062281299335038114
2025-10-20 14:00:00+02:00,0.12535851633097447
2025-10-20 14:15:00+02:00,0.08819582823548233
2025-10-20 14:30:00+02:00,0.06333651128120077
2025-10-20 14:45:00+02:00,0.08498535740847095
2025-10-20 15:00:00+02:00,0.07450594243041063
2025-10-20 15:15:00+02:00,0.08819161158819606
2025-10-20 15:30:00+02:00,0.09888396480078354
2025-10-20 15:45:00+02:00,0.12566061044464089
2025-10-20 16:00:00+02:00,0.08189160652929084
2025-10-20 16:15:00+02:00,0.10486547729121722
2025-10-20 16:30:00+02:00,0.135572842480037
2025-10-20 16:45:00+02:00,0.15635422269810928
2025-10-20 17:00:00+02:00,0.10458614109473433
2025-10-20 17:15:00+02:00,0.1290939019607417
2025-10-20 17:30:00+02:00,0.13740637040794665
2025-10-20 17:45:00+02:00,0.14335988970117872
2025-10-20 18:00:00+02:00,0.12745203937332897
2025-10-20 18:15:00+02:00,0.14646647170504706
2025-10-20 18:30:00+02:00,0.13399919447941228
2025-10-20 18:45:00+02:00,0.10849519681970839
2025-10-20 19:00:00+02:00,0.13396954404510736
2025-10-20 19:15:00+02:00,0.1026218051024399
2025-10-20 19:30:00+02:00,0.1065712463758664
2025-10-20 19:45:00+02:00,0.08789642192198094
2025-10-20 20:00:00+02:00,0.10401697855995772
2025-10-20 20:15:00+02:00,0.08498716925810278
2025-10-20 20:30:00+02:00,0.056521238479315006
2025-10-20 20:45:00+02:00,0.06006232531090195
2025-10-20 21:00:00+02:00,0.07434074993600945
2025-10-20 21:15:00+02:00,0.09649943094763697
2025-10-20 21:30:00+02:00,0.08664514999485082
2025-10-20 21:45:00+02:00,0.07665300146192633
2025-10-20 22:00:00+02:00,0.09275051101440758
2025-10-20 22:15:00+02:00,0.07768844474944456
2025-10-20 22:30:00+02:00,0.044609422658472606
2025-10-20 22:45:00+02:00,0.04641326200265978
2025-10-20 23:00:00+02:00,0.045472162480917615
2025-10-20 23:15:00+02:00,0.05060152401748884
2025-10-20 23:30:00+02:00,0.052518561814152105
2025-10-20 23:45:00+02:00,0.034919094223028725
2025-10-21 00:00:00+02:00,0.06110700189624212
2025-10-21 00:15:00+02:00,0.07317910256117534
2025-10-21 00:30:00+02:00,0.042922569742601835
2025-10-21 00:45:00+02:00,0.048062468641111494
2025-10-21 01:00:00+02:00,0.07627082669749974
2025-10-21 01:15:00+02:00,0.04065615408413577
2025-10-21 01:30:00+02:00,0.0172671247725367
2025-10-21 01:45:00+02:00,0.02451995778119879
2025-10-21 02:00:00+02:00,0.05750959634998571
2025-10-21 02:15:00+02:00,0.054343474542205936
2025-10-21 02:30:00+02:00,0.01875450405547583
2025-10-21 02:45:00+02:00,0.02494699223236522
2025-10-21 03:00:00+02:00,0.027526895432199466
2025-10-21 03:15:00+02:00,0.02134051645695864
2025-10-21 03:30:00+02:00,0.04394343347017035
2025-10-21 03:45:00+02:00,0.0020002967160484674
2025-10-21 04:00:00+02:00,0.022807396614945734
2025-10-21 04:15:00+02:00,0.025636931717654333
2025-10-21 04:30:00+02:00,0.041477863249393475
2025-10-21 04:45:00+02:00,0.03277983153470895
2025-10-21 05:00:00+02:00,0.02913050539504102
2025-10-21 05:15:00+02:00,0.04230351432578208
2025-10-21 05:30:00+02:00,0.05556126941245108
2025-10-21 05:45:00+02:00,0.061268077245025886
2025-10-21 06:00:00+02:00,0.046075718898560505
2025-10-21 06:15:00+02:00,0.07381389663956366
2025-10-21 06:30:00+02:00,0.09478100393902186
2025-10-21 06:45:00+02:00,0.09170737186315021
2025-10-21 07:00:00+02:00,0.08154050250772167
2025-10-21 07:15:00+02:00,0.09448606276411514
2025-10-21 07:30:00+02:00,0.0823096753179312
2025-10-21 07:45:00+02:00,0.09978921500713991
2025-10-21 08:00:00+02:00,0.08001267699137381
2025-10-21 08:15:00+02:00,0.0848623366135118
2025-10-21 08:30:00+02:00,0.08889338705956498
2025-10-21 08:45:00+02:00,0.10475438093170816
2025-10-21 09:00:00+02:00,0.07967325786021304
2025-10-21 09:15:00+02:00,0.11759748533659994
2025-10-21 09:30:00+02:00,0.09277056809066041
2025-10-21 09:45:00+02:00,0.07164238914129159
2025-10-21 10:00:00+02:00,0.09145105999383714
2025-10-21 10:15:00+02:00,0.08691554074857656
2025-10-21 10:30:00+02:00,0.07156122428379327
2025-10-21 10:45:00+02:00,0.06112215585950057
2025-10-21 11:00:00+02:00,0.09055604466003449
2025-10-21 11:15:00+02:00,0.07380580681255249
2025-10-21 11:30:00+02:00,0.05642661579692674
2025-10-21 11:45:00+02:00,0.042627267163464884
2025-10-21 12:00:00+02:00,0.05570091719647319
2025-10-21 12:15:00+02:00,0.06365770096867064
2025-10-21 12:30:00+02:00,0.05576556722280862
2025-10-21 12:45:00+02:00,0.0006161136533570991
2025-10-21 13:00:00+02:00,0.05077900776529751
2025-10-21 13:15:00+02:00,0.03825736194718775
2025-10-21 13:30:00+02:00,0.025022912435541025
2025-10-21 13:45:00+02:00,0.016704815469111144
2025-10-21 14:00:00+02:00,0.027731127199860036
2025-10-21 14:15:00+02:00,0.037655264621228576
2025-10-21 14:30:00+02:00,0.027751223321763906
2025-10-21 14:45:00+02:00,0.05616052287124535
2025-10-21 15:00:00+02:00,0.01367343265458714
2025-10-21 15:15:00+02:00,0.0338938183521106
2025-10-21 15:30:00+02:00,0.07256282775410035
2025-10-21 15:45:00+02:00,0.09963393472382759
2025-10-21 16:00:00+02:00,0.044971250453760866
2025-10-21 16:15:00+02:00,0.05855085420097293
2025-10-21 16:30:00+02:00,0.09294095786847997
2025-10-21 16:45:00+02:00,0.10342178287114959
2025-10-21 17:00:00+02:00,0.04555518404777048
2025-10-21 17:15:00+02:00,0.0945392254467394
2025-10-21 17:30:00+02:00,0.12826409525227683
2025-10-21 17:45:00+02:00,0.14509291329813576
2025-10-21 18:00:00+02:00,0.09899913371474632
2025-10-21 18:15:00+02:00,0.11983303847201064
2025-10-21 18:30:00+02:00,0.14763448207541582
2025-10-21 18:45:00+02:00,0.15392150238316427
2025-10-21 19:00:00+02:00,0.1220347874075093
2025-10-21 19:15:00+02:00,0.11953125348772281
2025-10-21 19:30:00+02:00,0.10968933036056226
2025-10-21 19:45:00+02:00,0.09212097355193541
2025-10-21 20:00:00+02:00,0.10761821725025618
2025-10-21 20:15:00+02:00,0.10030481329284481
2025-10-21 20:30:00+02:00,0.0870758007900004
2025-10-21 20:45:00+02:00,0.08449038470360959
2025-10-21 21:00:00+02:00,0.06979385333046215
2025-10-21 21:15:00+02:00,0.08157293707372938
2025-10-21 21:30:00+02:00,0.08580205475362225
2025-10-21 21:45:00+02:00,0.0620891136893181
2025-10-21 22:00:00+02:00,0.14938245668432404
2025-10-21 22:15:00+02:00,0.09175570137626558
2025-10-21 22:30:00+02:00,0.06351440135631026
2025-10-21 22:45:00+02:00,0.06433275221433786
2025-10-21 23:00:00+02:00,0.07608857650212701
2025-10-21 23:15:00+02:00,0.06750096898891135
2025-10-21 23:30:00+02:00,0.08224474841931749
2025-10-21 23:45:00+02:00,0.06075173861227196
2025-10-22 00:00:00+02:00,0.0894448515868939
2025-10-22 00:15:00+02:00,0.07160137635593247
2025-10-22 00:30:00+02:00,0.1412941803020923
2025-10-22 00:45:00+02:00,0.07028741605146528
2025-10-22 01:00:00+02:00,0.08946932630266329
2025-10-22 01:15:00+02:00,0.09115376937958192
2025-10-22 01:30:00+02:00,0.10170658595838651
2025-10-22 01:45:00+02:00,0.07153179600880888
2025-10-22 02:00:00+02:00,0.05343487844179175
2025-10-22 02:15:00+02:00,0.08545849544753695
2025-10-22 02:30:00+02:00,0.10463511181510854
2025-10-22 02:45:00+02:00,0.10012946352939438
2025-10-22 03:00:00+02:00,0.09137659415274625
2025-10-22 03:15:00+02:00,0.08534363814367954
2025-10-22 03:30:00+02:00,0.09863122596637311
2025-10-22 03:45:00+02:00,0.07755453800295532
2025-10-22 04:00:00+02:00,0.0900735776935622
2025-10-22 04:15:00+02:00,0.09278470159166627
2025-10-22 04:30:00+02:00,0.10275209907498879
2025-10-22 04:45:00+02:00,0.12041660038911078
2025-10-22 05:00:00+02:00,0.08516415967178756
2025-10-22 05:15:00+02:00,0.08171036374292501
2025-10-22 05:30:00+02:00,0.09508425687808005
2025-10-22 05:45:00+02:00,0.07962924095110872
2025-10-22 06:00:00+02:00,0.08470286868910941
2025-10-22 06:15:00+02:00,0.09215717561886896
2025-10-22 06:30:00+02:00,0.09137911602065407
2025-10-22 06:45:00+02:00,0.11457354872033722
2025-10-22 07:00:00+02:00,0.088785800676178
2025-10-22 07:15:00+02:00,0.11128030667324461
2025-10-22 07:30:00+02:00,0.09856207064918196
2025-10-22 07:45:00+02:00,0.10499699678861386
2025-10-22 08:00:00+02:00,0.09091105283487082
2025-10-22 08:15:00+02:00,0.12455190683858978
2025-10-22 08:30:00+02:00,0.13638098264667634
2025-10-22 08:45:00+02:00,0.1010386978428909
2025-10-22 09:00:00+02:00,0.14141883510924744
2025-10-22 09:15:00+02:00,0.13549273971223333
2025-10-22 09:30:00+02:00,0.10218129076526786
2025-10-22 09:45:00+02:00,0.09250742140278502
2025-10-22 10:00:00+02:00,0.1257777912645534
2025-10-22 10:15:00+02:00,0.11473389180712727
2025-10-22 10:30:00+02:00,0.09919561329001915
2025-10-22 10:45:00+02:00,0.09174589911367545
2025-10-22 11:00:00+02:00,0.10690897962167972
2025-10-22 11:15:00+02:00,0.09350628211600592
2025-10-22 11:30:00+02:00,0.0935246484992889
2025-10-22 11:45:00+02:00,0.08092778247067493
2025-10-22 12:00:00+02:00,0.09708362349399628
2025-10-22 12:15:00+02:00,0.07800241342388418
2025-10-22 12:30:00+02:00,0.06015182841723571
2025-10-22 12:45:00+02:00,0.08425720837813695
2025-10-22 13:00:00+02:00,0.1069574813609994
2025-10-22 13:15:00+02:00,0.09706215402241593
2025-10-22 13:30:00+02:00,0.09341397484591171
2025-10-22 13:45:00+02:00,0.09207130721806209
2025-10-22 14:00:00+02:00,0.08166657590961438
2025-10-22 14:15:00+02:00,0.09414315707405596
2025-10-22 14:30:00+02:00,0.0896934810456565
2025-10-22 14:45:00+02:00,0.1018592714397295
2025-10-22 15:00:00+02:00,0.08955771149771141
2025-10-22 15:15:00+02:00,0.16080884437168816
2025-10-22 15:30:00+02:00,0.12160553724319001
2025-10-22 15:45:00+02:00,0.13294810735148588
2025-10-22 16:00:00+02:00,0.08016527958856597
2025-10-22 16:15:00+02:00,0.11410206748929115
2025-10-22 16:30:00+02:00,0.12979145183866458
2025-10-22 16:45:00+02:00,0.18455819046862762
2025-10-22 17:00:00+02:00,0.12720463150508415
2025-10-22 17:15:00+02:00,0.1496128757408584
2025-10-22 17:30:00+02:00,0.2149485980235269
2025-10-22 17:45:00+02:00,0.2761721968118252
2025-10-22 18:00:00+02:00,0.21734751590976986
2025-10-22 18:15:00+02:00,0.28461467534470747
2025-10-22 18:30:00+02:00,0.3439674476460232
2025-10-22 18:45:00+02:00,0.4062647435961083
2025-10-22 19:00:00+02:00,0.386542071440434
2025-10-22 19:15:00+02:00,0.2936316688221922
2025-10-22 19:30:00+02:00,0.26873111787420256
2025-10-22 19:45:00+02:00,0.2246023571346454
2025-10-22 20:00:00+02:00,0.3159048061724121
2025-10-22 20:15:00+02:00,0.18413142766959845
2025-10-22 20:30:00+02:00,0.13503241233983926
2025-10-22 20:45:00+02:00,0.14479889658025027
2025-10-22 21:00:00+02:00,0.17973409526097514
2025-10-22 21:15:00+02:00,0.1303394844564249
2025-10-22 21:30:00+02:00,0.10916336918725295
2025-10-22 21:45:00+02:00,0.11385434784414769
2025-10-22 22:00:00+02:00,0.12943588107132672
2025-10-22 22:15:00+02:00,0.14343672953255965
2025-10-22 22:30:00+02:00,0.10462379265352131
2025-10-22 22:45:00+02:00,0.11267391925608383
2025-10-22 23:00:00+02:00,0.11121381524251016
2025-10-22 23:15:00+02:00,0.11739187431082343
2025-10-22 23:30:00+02:00,0.10196885997885796
2025-10-22 23:45:00+02:00,0.09747207093927705
2025-10-23 00:00:00+02:00,0.11057919175395721
2025-10-23 00:15:00+02:00,0.09552812544218517
2025-10-23 00:30:00+02:00,0.10460824345420125
2025-10-23 00:45:00+02:00,0.08744786433528415
2025-10-23 01:00:00+02:00,0.10381400084659981
2025-10-23 01:15:00+02:00,0.09390650625391488
2025-10-23 01:30:00+02:00,0.0688266634120469
2025-10-23 01:45:00+02:00,0.0886697223739983
2025-10-23 02:00:00+02:00,0.13120615421612916
2025-10-23 02:15:00+02:00,0.10624604287898023
2025-10-23 02:30:00+02:00,0.08887739620265606
2025-10-23 02:45:00+02:00,0.08309109170791733
2025-10-23 03:00:00+02:00,0.09340465892812046
2025-10-23 03:15:00+02:00,0.0926011911517521
2025-10-23 03:30:00+02:00,0.06257187184691156
2025-10-23 03:45:00+02:00,0.07614321694668873
2025-10-23 04:00:00+02:00,0.08242381315441234
2025-10-23 04:15:00+02:00,0.07795185725707934
2025-10-23 04:30:00+02:00,0.07419475738809728
2025-10-23 04:45:00+02:00,0.0683361665769399
2025-10-23 05:00:00+02:00,0.07403861235966819
2025-10-23 05:15:00+02:00,0.07322814133741377
2025-10-23 05:30:00+02:00,0.06400959289058976
2025-10-23 05:45:00+02:00,0.06217398227103099
2025-10-23 06:00:00+02:00,0.06555856295261987
2025-10-23 06:15:00+02:00,0.08951020151495187
2025-10-23 06:30:00+02:00,0.059688929243460996
2025-10-23 06:45:00+02:00,0.0636847473424756
2025-10-23 07:00:00+02:00,0.08061760841236516
2025-10-23 07:15:00+02:00,0.08488887701856018
2025-10-23 07:30:00+02:00,0.08862341664370407
2025-10-23 07:45:00+02:00,0.081329531979085
2025-10-23 08:00:00+02:00,0.09786797745365194
2025-10-23 08:15:00+02:00,0.11490863438602082
2025-10-23 08:30:00+02:00,0.06900096021523484
2025-10-23 08:45:00+02:00,0.06659502975219754
2025-10-23 09:00:00+02:00,0.09094745239850953
2025-10-23 09:15:00+02:00,0.07109811188845833
2025-10-23 09:30:00+02:00,0.08122145595567928
2025-10-23 09:45:00+02:00,0.08619470165728019
2025-10-23 10:00:00+02:00,0.0955488648829596
2025-10-23 10:15:00+02:00,0.08720700905718684
2025-10-23 10:30:00+02:00,0.0600483523482742
2025-10-23 10:45:00+02:00,0.059756385919605234
2025-10-23 11:00:00+02:00,0.06932803619676052
2025-10-23 11:15:00+02:00,0.06710284903243766
2025-10-23 11:30:00+02:00,0.08119643795003768
2025-10-23 11:45:00+02:00,0.07223691060725124
2025-10-23 12:00:00+02:00,0.05693542043062968
2025-10-23 12:15:00+02:00,0.06858504778432005
2025-10-23 12:30:00+02:00,0.07066221748496786
2025-10-23 12:45:00+02:00,0.07594149038521267
2025-10-23 13:00:00+02:00,0.08173540686568373
2025-10-23 13:15:00+02:00,0.05383905808172132
2025-10-23 13:30:00+02:00,0.05545142488789662
2025-10-23 13:45:00+02:00,0.05036422141085383
2025-10-23 14:00:00+02:00,0.056439801408930186
2025-10-23 14:15:00+02:00,0.06768358374446336
2025-10-23 14:30:00+02:00,0.07491334516589102
2025-10-23 14:45:00+02:00,0.06654048976357477
2025-10-23 15:00:00+02:00,0.06136152476745157
2025-10-23 15:15:00+02:00,0.0702475799224874
2025-10-23 15:30:00+02:00,0.07234857098369976
2025-10-23 15:45:00+02:00,0.10932538721694773
2025-10-23 16:00:00+02:00,0.10471338972881943
2025-10-23 16:15:00+02:00,0.07829740578895725
2025-10-23 16:30:00+02:00,0.1152360621922964
2025-10-23 16:45:00+02:00,0.09981799844559998
2025-10-23 17:00:00+02:00,0.07724960964998505
2025-10-23 17:15:00+02:00,0.14534554577189573
2025-10-23 17:30:00+02:00,0.10413608318237581
2025-10-23 17:45:00+02:00,0.1221884847467652
2025-10-23 18:00:00+02:00,0.08482138088670492
2025-10-23 18:15:00+02:00,0.12987433701296325
2025-10-23 18:30:00+02:00,0.11265042847549855
2025-10-23 18:45:00+02:00,0.10868347670765574
2025-10-23 19:00:00+02:00,0.12487755579701328
2025-10-23 19:15:00+02:00,0.1149455326977072
2025-10-23 19:30:00+02:00,0.08496875648116252
2025-10-23 19:45:00+02:00,0.09709172666081943
2025-10-23 20:00:00+02:00,0.11724309623286852
2025-10-23 20:15:00+02:00,0.07585825995407189
2025-10-23 20:30:00+02:00,0.08874706167610395
2025-10-23 20:45:00+02:00,0.0708901782220339
2025-10-23 21:00:00+02:00,0.09656887206193036
2025-10-23 21:15:00+02:00,0.08575147777415752
2025-10-23 21:30:00+02:00,0.0732251309095569
2025-10-23 21:45:00+02:00,0.07861872284871074
2025-10-23 22:00:00+02:00,0.11602348109786743
2025-10-23 22:15:00+02:00,0.07478096208272701
2025-10-23 22:30:00+02:00,0.08055757942148181
2025-10-23 22:45:00+02:00,0.04965727042128837
2025-10-23 23:00:00+02:00,0.05877563623181991
2025-10-23 23:15:00+02:00,0.06608406277880377
2025-10-23 23:30:00+02:00,0.07367116028535965
2025-10-23 23:45:00+02:00,0.0553361334878566
2025-10-24 00:00:00+02:00,0.012829419694768454
2025-10-24 00:15:00+02:00,0.01939291405423344
2025-10-24 00:30:00+02:00,0.000425922660302825
2025-10-24 00:45:00+02:00,0.015095153263553669
2025-10-24 01:00:00+02:00,0.022803330623234093
2025-10-24 01:15:00+02:00,0.005499096671669195
2025-10-24 01:30:00+02:00,0.004289578522404985
2025-10-24 01:45:00+02:00,0.059008782296520484
2025-10-24 02:00:00+02:00,0.005662802639593945
2025-10-24 02:15:00+02:00,0.006218673853741775
2025-10-24 02:30:00+02:00,0.026057217891665055
2025-10-24 02:45:00+02:00,0.05165974299254004
2025-10-24 03:00:00+02:00,0.0002165984797877778
2025-10-24 03:15:00+02:00,0.0
2025-10-24 03:30:00+02:00,0.007541919714999368
2025-10-24 03:45:00+02:00,0.0
2025-10-24 04:00:00+02:00,0.04602626961678574
2025-10-24 04:15:00+02:00,0.01455304032273012
2025-10-24 04:30:00+02:00,0.01652603004513637
2025-10-24 04:45:00+02:00,0.0
2025-10-24 05:00:00+02:00,0.0
2025-10-24 05:15:00+02:00,0.014735136898369222
2025-10-24 05:30:00+02:00,0.0005037017423999597
2025-10-24 05:45:00+02:00,0.021866255991627687
2025-10-24 06:00:00+02:00,0.0
2025-10-24 06:15:00+02:00,0.026005973382992993
2025-10-24 06:30:00+02:00,0.016068280707192188
2025-10-24 06:45:00+02:00,0.047847641190665244
2025-10-24 07:00:00+02:00,0.050742730678364344
2025-10-24 07:15:00+02:00,0.049070605806033556
2025-10-24 07:30:00+02:00,0.0686296368707322
2025-10-24 07:45:00+02:00,0.08489318456956702
2025-10-24 08:00:00+02:00,0.08675894453115233
2025-10-24 08:15:00+02:00,0.09480412980472484
2025-10-24 08:30:00+02:00,0.10563440584515485
2025-10-24 08:45:00+02:00,0.06330758388288948
2025-10-24 09:00:00+02:00,0.10454212574968624
2025-10-24 09:15:00+02:00,0.08219355937523212
2025-10-24 09:30:00+02:00,0.06287215951676871
2025-10-24 09:45:00+02:00,0.05150686374261011
2025-10-24 10:00:00+02:00,0.07390879609222956
2025-10-24 10:15:00+02:00,0.0724865011192446
2025-10-24 10:30:00+02:00,0.05169450879622456
2025-10-24 10:45:00+02:00,0.05628154930247348
2025-10-24 11:00:00+02:00,0.04156824309948441
2025-10-24 11:15:00+02:00,0.04415911052153945
2025-10-24 11:30:00+02:00,0.014056065555868809
2025-10-24 11:45:00+02:00,0.008696318826249579
2025-10-24 12:00:00+02:00,0.013888873900972903
2025-10-24 12:15:00+02:00,0.0
2025-10-24 12:30:00+02:00,0.0
2025-10-24 12:45:00+02:00,0.0019794814679649454
2025-10-24 13:00:00+02:00,0.0043673855173350954
2025-10-24 13:15:00+02:00,0.004032947549616977
2025-10-24 13:30:00+02:00,0.012347821918221542
2025-10-24 13:45:00+02:00,0.0
2025-10-24 14:00:00+02:00,0.006782161054504494
2025-10-24 14:15:00+02:00,0.01191507512477975
2025-10-24 14:30:00+02:00,0.0
2025-10-24 14:45:00+02:00,0.0031965182591897723
2025-10-24 15:00:00+02:00,0.0
2025-10-24 15:15:00+02:00,0.0
2025-10-24 15:30:00+02:00,0.005716764835383363
2025-10-24 15:45:00+02:00,0.00013771435886447692
2025-10-24 16:00:00+02:00,0.0
2025-10-24 16:15:00+02:00,0.027011524174880244
2025-10-24 16:30:00+02:00,0.039347540611371974
2025-10-24 16:45:00+02:00,0.056501748711148145
2025-10-24 17:00:00+02:00,0.056613732829565035
2025-10-24 17:15:00+02:00,0.05076205964841344
2025-10-24 17:30:00+02:00,0.07684312500909213
2025-10-24 17:45:00+02:00,0.08741591292853951
2025-10-24 18:00:00+02:00,0.05125193271209404
2025-10-24 18:15:00+02:00,0.06410435347664345
2025-10-24 18:30:00+02:00,0.09038109403047372
2025-10-24 18:45:00+02:00,0.07079834468860319
2025-10-24 19:00:00+02:00,0.08050595737690613
2025-10-24 19:15:00+02:00,0.07735060893251897
2025-10-24 19:30:00+02:00,0.07839390509282596
2025-10-24 19:45:00+02:00,0.06749461113955504
2025-10-24 20:00:00+02:00,0.06403489805308359
2025-10-24 20:15:00+02:00,0.07660369861698507
2025-10-24 20:30:00+02:00,0.06639899663797579
2025-10-24 20:45:00+02:00,0.05658858050781785
2025-10-24 21:00:00+02:00,0.061373181425650236
2025-10-24 21:15:00+02:00,0.04341734278359073
2025-10-24 21:30:00+02:00,0.02838555593443435
2025-10-24 21:45:00+02:00,0.022545141052657574
2025-10-24 22:00:00+02:00,0.04059398220888684
2025-10-24 22:15:00+02:00,0.042465985929464295
2025-10-24 22:30:00+02:00,0.037324500925361395
2025-10-24 22:45:00+02:00,0.00497919698240182
2025-10-24 23:00:00+02:00,0.033709476177229185
2025-10-24 23:15:00+02:00,0.0
2025-10-24 23:30:00+02:00,0.0014302872804763836
2025-10-24 23:45:00+02:00,0.006392002062516945
2025-10-25 00:00:00+02:00,0.023216674897839643
2025-10-25 00:15:00+02:00,0.03530918556005361
2025-10-25 00:30:00+02:00,0.009907230591361726
2025-10-25 00:45:00+02:00,0.0009580338127961213
2025-10-25 01:00:00+02:00,0.007685056484805503
2025-10-25 01:15:00+02:00,0.01098655425873836
2025-10-25 01:30:00+02:00,0.0
2025-10-25 01:45:00+02:00,0.018002113559123224
2025-10-25 02:00:00+02:00,0.004580707591914021
2025-10-25 02:15:00+02:00,0.006297430890913943
2025-10-25 02:30:00+02:00,0.006759242520544614
2025-10-25 02:45:00+02:00,0.004215866106144557
2025-10-25 03:00:00+02:00,0.008389405004696123
2025-10-25 03:15:00+02:00,0.0
2025-10-25 03:30:00+02:00,0.0
2025-10-25 03:45:00+02:00,0.0
2025-10-25 04:00:00+02:00,0.004385012306202265
2025-10-25 04:15:00+02:00,0.007779365035121141
2025-10-25 04:30:00+02:00,0.004577728661518858
2025-10-25 04:45:00+02:00,0.06673492433347537
2025-10-25 05:00:00+02:00,0.0
2025-10-25 05:15:00+02:00,0.006687416555925127
2025-10-25 05:30:00+02:00,0.0
2025-10-25 05:45:00+02:00,0.0
2025-10-25 06:00:00+02:00,0.006945377575657776
2025-10-25 06:15:00+02:00,0.00849102110743144
2025-10-25 06:30:00+02:00,0.0
2025-10-25 06:45:00+02:00,0.0008640074814193318
2025-10-25 07:00:00+02:00,0.0
2025-10-25 07:15:00+02:00,0.0
2025-10-25 07:30:00+02:00,0.009353831635197863
2025-10-25 07:45:00+02:00,0.005732050161065662
2025-10-25 08:00:00+02:00,0.008876657213812096
2025-10-25 08:15:00+02:00,0.003727736871809601
2025-10-25 08:30:00+02:00,0.004310631586281764
2025-10-25 08:45:00+02:00,0.0
2025-10-25 09:00:00+02:00,0.015448284202025347
2025-10-25 09:15:00+02:00,0.011529729443893898
2025-10-25 09:30:00+02:00,0.012000188479927993
2025-10-25 09:45:00+02:00,0.0022096515733241963
2025-10-25 10:00:00+02:00,0.0
2025-10-25 10:15:00+02:00,0.01842152711753696
2025-10-25 10:30:00+02:00,0.0014516254399159585
2025-10-25 10:45:00+02:00,0.0
2025-10-25 11:00:00+02:00,0.012384789119139938
2025-10-25 11:15:00+02:00,0.0
2025-10-25 11:30:00+02:00,0.015649363840466217
2025-10-25 11:45:00+02:00,0.011150059495766976
2025-10-25 12:00:00+02:00,0.011865693232004777
2025-10-25 12:15:00+02:00,0.0
2025-10-25 12:30:00+02:00,0.019599439853864004
2025-10-25 12:45:00+02:00,0.00861250531233856
2025-10-25 13:00:00+02:00,0.05139722860753797
2025-10-25 13:15:00+02:00,0.005503884673422511
2025-10-25 13:30:00+02:00,0.0
2025-10-25 13:45:00+02:00,0.008636528114806708
2025-10-25 14:00:00+02:00,0.0
2025-10-25 14:15:00+02:00,0.0
2025-10-25 14:30:00+02:00,0.0
2025-10-25 14:45:00+02:00,0.018086883749899252
2025-10-25 15:00:00+02:00,0.0
2025-10-25 15:15:00+02:00,0.02029727709916499
2025-10-25 15:30:00+02:00,0.0
2025-10-25 15:45:00+02:00,0.0
2025-10-25 16:00:00+02:00,0.04271475560051331
2025-10-25 16:15:00+02:00,0.017408116200069386
2025-10-25 16:30:00+02:00,0.0029010182206332244
2025-10-25 16:45:00+02:00,0.0033571270350939916
2025-10-25 17:00:00+02:00,0.011690182258527877
2025-10-25 17:15:00+02:00,0.02878782736167545
2025-10-25 17:30:00+02:00,0.04272398815902461
2025-10-25 17:45:00+02:00,0.05030499229892926
2025-10-25 18:00:00+02:00,0.04515231354210914
2025-10-25 18:15:00+02:00,0.03898952313917962
2025-10-25 18:30:00+02:00,0.055865348388767236
2025-10-25 18:45:00+02:00,0.06261280506582886
2025-10-25 19:00:00+02:00,0.05655241073789389
2025-10-25 19:15:00+02:00,0.05483849085104957
2025-10-25 19:30:00+02:00,0.06343787881549885
2025-10-25 19:45:00+02:00,0.05397347648429549
2025-10-25 20:00:00+02:00,0.05841796995411587
2025-10-25 20:15:00+02:00,0.031575046652999206
2025-10-25 20:30:00+02:00,0.028565992857942327
2025-10-25 20:45:00+02:00,0.0
2025-10-25 21:00:00+02:00,0.04143198411124787
2025-10-25 21:15:00+02:00,0.02641249334723743
2025-10-25 21:30:00+02:00,0.0
2025-10-25 21:45:00+02:00,0.0
2025-10-25 22:00:00+02:00,0.006864707449099209
2025-10-25 22:15:00+02:00,0.006519760655931018
2025-10-25 22:30:00+02:00,0.01681562030209639
2025-10-25 22:45:00+02:00,0.0
2025-10-25 23:00:00+02:00,0.003981401868746869
2025-10-25 23:15:00+02:00,0.0
2025-10-25 23:30:00+02:00,0.00908267329398944
2025-10-25 23:45:00+02:00,0.004983443370362505
2025-10-26 00:00:00+02:00,0.0
2025-10-26 00:15:00+02:00,0.00833820872139398
2025-10-26 00:30:00+02:00,0.0
2025-10-26 00:45:00+02:00,0.0015434488967394672
2025-10-26 01:00:00+02:00,0.02074452090298537
2025-10-26 01:15:00+02:00,0.01716461051790348
2025-10-26 01:30:00+02:00,0.0
2025-10-26 01:45:00+02:00,0.011567324178791746
2025-10-26 03:00:00+01:00,0.00934396554491592
2025-10-26 03:15:00+01:00,0.0
2025-10-26 03:30:00+01:00,0.008287776437548605
2025-10-26 03:45:00+01:00,0.015379319184125528
2025-10-26 04:00:00+01:00,0.0
2025-10-26 04:15:00+01:00,0.0
2025-10-26 04:30:00+01:00,0.010276614668435024
2025-10-26 04:45:00+01:00,0.0027249531082564797
2025-10-26 05:00:00+01:00,0.005634762752395132
2025-10-26 05:15:00+01:00,0.0035058921640049676
2025-10-26 05:30:00+01:00,0.05400695920928145
2025-10-26 05:45:00+01:00,0.0
2025-10-26 06:00:00+01:00,0.010473177066214484
2025-10-26 06:15:00+01:00,0.011725899924277736
2025-10-26 06:30:00+01:00,0.0
2025-10-26 06:45:00+01:00,0.0
2025-10-26 07:00:00+01:00,0.0
2025-10-26 07:15:00+01:00,0.005242547560178349
2025-10-26 07:30:00+01:00,0.005720574417141441
2025-10-26 07:45:00+01:00,0.0
2025-10-26 08:00:00+01:00,0.011253533598705026
2025-10-26 08:15:00+01:00,0.0
2025-10-26 08:30:00+01:00,0.005636059258936003
2025-10-26 08:45:00+01:00,0.0
2025-10-26 09:00:00+01:00,0.0
2025-10-26 09:15:00+01:00,0.0
2025-10-26 09:30:00+01:00,0.002163079220409416
2025-10-26 09:45:00+01:00,0.0
2025-10-26 10:00:00+01:00,0.0
2025-10-26 10:15:00+01:00,0.008190471714415063
2025-10-26 10:30:00+01:00,0.0
2025-10-26 10:45:00+01:00,0.0
2025-10-26 11:00:00+01:00,0.017405839042054207
2025-10-26 11:15:00+01:00,0.013734540786904866
2025-10-26 11:30:00+01:00,0.0
2025-10-26 11:45:00+01:00,0.006817078052451944
2025-10-26 12:00:00+01:00,0.0
2025-10-26 12:15:00+01:00,0.0025648721533105957
2025-10-26 12:30:00+01:00,0.002892241290134937
2025-10-26 12:45:00+01:00,0.0
2025-10-26 13:00:00+01:00,0.0
2025-10-26 13:15:00+01:00,0.0
2025-10-26 13:30:00+01:00,0.0
2025-10-26 13:45:00+01:00,0.0
2025-10-26 14:00:00+01:00,0.0
2025-10-26 14:15:00+01:00,0.0
2025-10-26 14:30:00+01:00,0.005780520657126199
2025-10-26 14:45:00+01:00,0.014332461553359273
2025-10-26 15:00:00+01:00,0.0
2025-10-26 15:15:00+01:00,0.0023240450053537707
2025-10-26 15:30:00+01:00,0.004996851103029339
2025-10-26 15:45:00+01:00,0.005770022709192743
2025-10-26 16:00:00+01:00,0.0007195526791608741
2025-10-26 16:15:00+01:00,0.007526824183597224
2025-10-26 16:30:00+01:00,0.0048224895268065724
2025-10-26 16:45:00+01:00,0.0
2025-10-26 17:00:00+01:00,0.012521560643892732
2025-10-26 17:15:00+01:00,0.03638290837266742
2025-10-26 17:30:00+01:00,0.03455713895821418
2025-10-26 17:45:00+01:00,0.04685937835447592
2025-10-26 18:00:00+01:00,0.05465328992811069
2025-10-26 18:15:00+01:00,0.04176686180420628
2025-10-26 18:30:00+01:00,0.06006978047766012
2025-10-26 18:45:00+01:00,0.050708724946193606
2025-10-26 19:00:00+01:00,0.033540139673650174
2025-10-26 19:15:00+01:00,0.02588955396846225
2025-10-26 19:30:00+01:00,0.03303818595604876
2025-10-26 19:45:00+01:00,0.03503562505126143
2025-10-26 20:00:00+01:00,0.041181336261552313
2025-10-26 20:15:00+01:00,0.032442606633210344
2025-10-26 20:30:00+01:00,0.0
2025-10-26 20:45:00+01:00,0.009529186230316112
2025-10-26 21:00:00+01:00,0.0
2025-10-26 21:15:00+01:00,0.019853779062072967
2025-10-26 21:30:00+01:00,0.023095153531681182
2025-10-26 21:45:00+01:00,0.0
2025-10-26 22:00:00+01:00,0.008564428640914199
2025-10-26 22:15:00+01:00,0.02002587886979802
2025-10-26 22:30:00+01:00,0.018758693502104754
2025-10-26 22:45:00+01:00,0.06105588782067762
2025-10-26 23:00:00+01:00,0.002813884205424102
2025-10-26 23:15:00+01:00,0.0
2025-10-26 23:30:00+01:00,0.005251622539057628
2025-10-26 23:45:00+01:00,0.0
2025-10-27 00:00:00+01:00,0.0
2025-10-27 00:15:00+01:00,0.016986320034688043
2025-10-27 00:30:00+01:00,0.0
2025-10-27 00:45:00+01:00,0.008132051867479773
2025-10-27 01:00:00+01:00,4.0370696681914925e-05
2025-10-27 01:15:00+01:00,0.0
2025-10-27 01:30:00+01:00,0.009093718960517012
2025-10-27 01:45:00+01:00,0.004190512945688904
2025-10-27 02:00:00+01:00,0.00851612997219531
2025-10-27 02:15:00+01:00,0.01106184660532861
2025-10-27 02:30:00+01:00,0.0
2025-10-27 02:45:00+01:00,0.0
2025-10-27 03:00:00+01:00,0.0
2025-10-27 03:15:00+01:00,0.0
2025-10-27 03:30:00+01:00,0.029490944253087254
2025-10-27 03:45:00+01:00,0.012436795807367867
2025-10-27 04:00:00+01:00,0.0
2025-10-27 04:15:00+01:00,0.0
2025-10-27 04:30:00+01:00,0.005888660617184915
2025-10-27 04:45:00+01:00,0.009732647973779669
2025-10-27 05:00:00+01:00,0.009308838353173645
2025-10-27 05:15:00+01:00,0.001720442064462921
2025-10-27 05:30:00+01:00,0.009515457399970999
2025-10-27 05:45:00+01:00,0.027548795241593572
2025-10-27 06:00:00+01:00,0.016358930062933305
2025-10-27 06:15:00+01:00,0.014006996272524653
2025-10-27 06:30:00+01:00,0.06597200369424806
2025-10-27 06:45:00+01:00,0.09151593565739685
2025-10-27 07:00:00+01:00,0.07585211418908512
2025-10-27 07:15:00+01:00,0.1195325900260341
2025-10-27 07:30:00+01:00,0.09366481665474305
2025-10-27 07:45:00+01:00,0.08735470313827602
2025-10-27 08:00:00+01:00,0.11119801501977253
2025-10-27 08:15:00+01:00,0.10652687887209213
2025-10-27 08:30:00+01:00,0.10607094490451842
2025-10-27 08:45:00+01:00,0.10110850593215671
2025-10-27 09:00:00+01:00,0.12991543564829533
2025-10-27 09:15:00+01:00,0.09370111564674086
2025-10-27 09:30:00+01:00,0.10570632076811455
2025-10-27 09:45:00+01:00,0.08284618870018462
2025-10-27 10:00:00+01:00,0.11055512646342248
2025-10-27 10:15:00+01:00,0.09044313488513905
2025-10-27 10:30:00+01:00,0.09083633186394915
2025-10-27 10:45:00+01:00,0.08435910085762094
2025-10-27 11:00:00+01:00,0.10896816719344699
2025-10-27 11:15:00+01:00,0.10671454443942414
2025-10-27 11:30:00+01:00,0.08055282623553615
2025-10-27 11:45:00+01:00,0.08932934110999849
2025-10-27 12:00:00+01:00,0.08095420145250828
2025-10-27 12:15:00+01:00,0.06746495089324665
2025-10-27 12:30:00+01:00,0.0789798294957563
2025-10-27 12:45:00+01:00,0.0784551721154418
2025-10-27 13:00:00+01:00,0.10681716486345522
2025-10-27 13:15:00+01:00,0.08649959825360697
2025-10-27 13:30:00+01:00,0.06756382499245762
2025-10-27 13:45:00+01:00,0.07278225995829057
2025-10-27 14:00:00+01:00,0.08555383295429399
2025-10-27 14:15:00+01:00,0.10127442772869925
2025-10-27 14:30:00+01:00,0.06886016687762042
2025-10-27 14:45:00+01:00,0.07414075614860954
2025-10-27 15:00:00+01:00,0.09262965175371782
2025-10-27 15:15:00+01:00,0.12788614177370905
2025-10-27 15:30:00+01:00,0.07861707268123634
2025-10-27 15:45:00+01:00,0.10479629086122436
2025-10-27 16:00:00+01:00,0.060942522609831226
2025-10-27 16:15:00+01:00,0.09476375506597161
2025-10-27 16:30:00+01:00,0.10716821172843084
2025-10-27 16:45:00+01:00,0.1202527013953783
2025-10-27 17:00:00+01:00,0.09038104047707463
2025-10-27 17:15:00+01:00,0.1075368716140336
2025-10-27 17:30:00+01:00,0.10380575373940412
2025-10-27 17:45:00+01:00,0.12513383755674318
2025-10-27 18:00:00+01:00,0.10531653677636976
2025-10-27 18:15:00+01:00,0.11555899160839779
2025-10-27 18:30:00+01:00,0.12647184605209771
2025-10-27 18:45:00+01:00,0.14232136241823656
2025-10-27 19:00:00+01:00,0.14535451116656667
2025-10-27 19:15:00+01:00,0.12153379430042577
2025-10-27 19:30:00+01:00,0.10331237994960028
2025-10-27 19:45:00+01:00,0.07592408585366445
2025-10-27 20:00:00+01:00,0.10198323351993213
2025-10-27 20:15:00+01:00,0.10741795382958255
2025-10-27 20:30:00+01:00,0.11888793091029976
2025-10-27 20:45:00+01:00,0.06344032974225837
2025-10-27 21:00:00+01:00,0.10354177238752438
2025-10-27 21:15:00+01:00,0.09729858773465809
2025-10-27 21:30:00+01:00,0.07532636404490137
2025-10-27 21:45:00+01:00,0.08059620484195133
2025-10-27 22:00:00+01:00,0.08765105472606863
2025-10-27 22:15:00+01:00,0.07994159195667919
2025-10-27 22:30:00+01:00,0.07565879346982454
2025-10-27 22:45:00+01:00,0.07398568882418627
2025-10-27 23:00:00+01:00,0.14096469233810882
2025-10-27 23:15:00+01:00,0.06176322712503787
2025-10-27 23:30:00+01:00,0.042417528054012325
2025-10-27 23:45:00+01:00,0.04404019362604343
2025-10-28 00:00:00+01:00,0.04693961435602344
2025-10-28 00:15:00+01:00,0.05101475425384645
2025-10-28 00:30:00+01:00,0.05349438134684139
2025-10-28 00:45:00+01:00,0.0241569834491321
2025-10-28 01:00:00+01:00,0.03951176618688415
2025-10-28 01:15:00+01:00,0.029070227348083854
2025-10-28 01:30:00+01:00,0.03521430882205285
2025-10-28 01:45:00+01:00,0.0
2025-10-28 02:00:00+01:00,0.015722997052347032
2025-10-28 02:15:00+01:00,0.020182836922794725
2025-10-28 02:30:00+01:00,0.02940078956426861
2025-10-28 02:45:00+01:00,0.01199097552493795
2025-10-28 03:00:00+01:00,0.0
2025-10-28 03:15:00+01:00,0.01622711445966126
2025-10-28 03:30:00+01:00,0.002496376111743707
2025-10-28 03:45:00+01:00,0.0
2025-10-28 04:00:00+01:00,0.0
2025-10-28 04:15:00+01:00,0.004584746423441505
2025-10-28 04:30:00+01:00,0.006282553354617873
2025-10-28 04:45:00+01:00,0.0
2025-10-28 05:00:00+01:00,0.021870661968871323
2025-10-28 05:15:00+01:00,0.02823875041278722
2025-10-28 05:30:00+01:00,0.04644521991339506
2025-10-28 05:45:00+01:00,0.04193314329575184
2025-10-28 06:00:00+01:00,0.02161508466052472
2025-10-28 06:15:00+01:00,0.05598478684770532
2025-10-28 06:30:00+01:00,0.0805079438956191
2025-10-28 06:45:00+01:00,0.09057340488718081
2025-10-28 07:00:00+01:00,0.12858826201221507
2025-10-28 07:15:00+01:00,0.0845999555641356
2025-10-28 07:30:00+01:00,0.08164280404615241
2025-10-28 07:45:00+01:00,0.08930822322146767
2025-10-28 08:00:00+01:00,0.10663506539824723
2025-10-28 08:15:00+01:00,0.0985205668737552
2025-10-28 08:30:00+01:00,0.08559826627929361
2025-10-28 08:45:00+01:00,0.09670459145203493
2025-10-28 09:00:00+01:00,0.10257762795959498
2025-10-28 09:15:00+01:00,0.0812991208982642
2025-10-28 09:30:00+01:00,0.0982036997012519
2025-10-28 09:45:00+01:00,0.08387903272539027
2025-10-28 10:00:00+01:00,0.08847955978871508
2025-10-28 10:15:00+01:00,0.07690507032600756
2025-10-28 10:30:00+01:00,0.08054575545140762
2025-10-28 10:45:00+01:00,0.07645184795267584
2025-10-28 11:00:00+01:00,0.08058292265631206
2025-10-28 11:15:00+01:00,0.07832308673442885
2025-10-28 11:30:00+01:00,0.0910395737457638
2025-10-28 11:45:00+01:00,0.08451543152234875
2025-10-28 12:00:00+01:00,0.07524635591265025
2025-10-28 12:15:00+01:00,0.07745310580767484
2025-10-28 12:30:00+01:00,0.0554847609647246
2025-10-28 12:45:00+01:00,0.06702927049946808
2025-10-28 13:00:00+01:00,0.0832630634973311
2025-10-28 13:15:00+01:00,0.06056954104607626
2025-10-28 13:30:00+01:00,0.05277366071380915
2025-10-28 13:45:00+01:00,0.05351911111406929
2025-10-28 14:00:00+01:00,0.045903669626576014
2025-10-28 14:15:00+01:00,0.05402238091872286
2025-10-28 14:30:00+01:00,0.06469491901409971
2025-10-28 14:45:00+01:00,0.05655432980821359
2025-10-28 15:00:00+01:00,0.04621618333949603
2025-10-28 15:15:00+01:00,0.08873277173786638
2025-10-28 15:30:00+01:00,0.0758624381985308
2025-10-28 15:45:00+01:00,0.0968728392364177
2025-10-28 16:00:00+01:00,0.07322792088527595
2025-10-28 16:15:00+01:00,0.09451580585624056
2025-10-28 16:30:00+01:00,0.07264165446147863
2025-10-28 16:45:00+01:00,0.09728525227066616
2025-10-28 17:00:00+01:00,0.07047066099604687
2025-10-28 17:15:00+01:00,0.09897247500836509
2025-10-28 17:30:00+01:00,0.1015583933979353
2025-10-28 17:45:00+01:00,0.10956251219984783
2025-10-28 18:00:00+01:00,0.09480405394375149
2025-10-28 18:15:00+01:00,0.09878930157723385
2025-10-28 18:30:00+01:00,0.12132228218253384
2025-10-28 18:45:00+01:00,0.10178651995775799
2025-10-28 19:00:00+01:00,0.11742206292099124
2025-10-28 19:15:00+01:00,0.09533862193539754
2025-10-28 19:30:00+01:00,0.11321174212666668
2025-10-28 19:45:00+01:00,0.08879476685231491
2025-10-28 20:00:00+01:00,0.10582299937679523
2025-10-28 20:15:00+01:00,0.09922630933646001
2025-10-28 20:30:00+01:00,0.08094228181570426
2025-10-28 20:45:00+01:00,0.09234026567084727
2025-10-28 21:00:00+01:00,0.09227442263333556
2025-10-28 21:15:00+01:00,0.08049158143807261
2025-10-28 21:30:00+01:00,0.06827445315923791
2025-10-28 21:45:00+01:00,0.09981374308327422
2025-10-28 22:00:00+01:00,0.09085650047299693
2025-10-28 22:15:00+01:00,0.06162197228637934
2025-10-28 22:30:00+01:00,0.07799344199441308
2025-10-28 22:45:00+01:00,0.07401551783917751
2025-10-28 23:00:00+01:00,0.08480142775438194
2025-10-28 23:15:00+01:00,0.07043954500510136
2025-10-28 23:30:00+01:00,0.0712955221365291
2025-10-28 23:45:00+01:00,0.07414870704288296
2025-10-29 00:00:00+01:00,0.06918058029084118
2025-10-29 00:15:00+01:00,0.06526155957182779
2025-10-29 00:30:00+01:00,0.06059267589808526
2025-10-29 00:45:00+01:00,0.03602427876792894
2025-10-29 01:00:00+01:00,0.06552788679986982
2025-10-29 01:15:00+01:00,0.05978468794013602
2025-10-29 01:30:00+01:00,0.04285316871423503
2025-10-29 01:45:00+01:00,0.049059195263257985
2025-10-29 02:00:00+01:00,0.05281692712372369
2025-10-29 02:15:00+01:00,0.051245032155982674
2025-10-29 02:30:00+01:00,0.058878599665685344
2025-10-29 02:45:00+01:00,0.06959366781831183
2025-10-29 03:00:00+01:00,0.06816766727672828
2025-10-29 03:15:00+01:00,0.044477808065685936
2025-10-29 03:30:00+01:00,0.06240069990306049
2025-10-29 03:45:00+01:00,0.067549333195354
2025-10-29 04:00:00+01:00,0.05250808520689203
2025-10-29 04:15:00+01:00,0.06396980425185968
2025-10-29 04:30:00+01:00,0.07646270445700765
2025-10-29 04:45:00+01:00,0.0710970954610698
2025-10-29 05:00:00+01:00,0.05416308595641729
2025-10-29 05:15:00+01:00,0.06922088474084753
2025-10-29 05:30:00+01:00,0.0747388783309689
2025-10-29 05:45:00+01:00,0.08297903043284954
2025-10-29 06:00:00+01:00,0.06083585764286257
2025-10-29 06:15:00+01:00,0.10274413358832098
2025-10-29 06:30:00+01:00,0.09157571334057998
2025-10-29 06:45:00+01:00,0.14583367724678115
2025-10-29 07:00:00+01:00,0.10980864123740372
2025-10-29 07:15:00+01:00,0.09695693825198058
2025-10-29 07:30:00+01:00,0.11408649292991421
2025-10-29 07:45:00+01:00,0.08295973492348375
2025-10-29 08:00:00+01:00,0.12659508016831036
2025-10-29 08:15:00+01:00,0.1674223148298899
2025-10-29 08:30:00+01:00,0.09122644044347947
2025-10-29 08:45:00+01:00,0.07623547695955582
2025-10-29 09:00:00+01:00,0.12763157433750286
2025-10-29 09:15:00+01:00,0.08619253295738064
2025-10-29 09:30:00+01:00,0.06451092412943399
2025-10-29 09:45:00+01:00,0.08359663402462598
2025-10-29 10:00:00+01:00,0.10175587190530794
2025-10-29 10:15:00+01:00,0.07170695671847847
2025-10-29 10:30:00+01:00,0.07868463035408346
2025-10-29 10:45:00+01:00,0.0788547591553088
2025-10-29 11:00:00+01:00,0.06351515767461616
2025-10-29 11:15:00+01:00,0.06465694164632133
2025-10-29 11:30:00+01:00,0.08235874513154735
2025-10-29 11:45:00+01:00,0.1372001427870851
2025-10-29 12:00:00+01:00,0.07032880860174354
2025-10-29 12:15:00+01:00,0.06010185646497946
2025-10-29 12:30:00+01:00,0.0914406111169944
2025-10-29 12:45:00+01:00,0.07287029102188035
2025-10-29 13:00:00+01:00,0.06671862218828548
2025-10-29 13:15:00+01:00,0.12830337834489622
2025-10-29 13:30:00+01:00,0.09118160420714774
2025-10-29 13:45:00+01:00,0.09639975976552223
2025-10-29 14:00:00+01:00,0.0641786550036191
2025-10-29 14:15:00+01:00,0.08463288530118107
2025-10-29 14:30:00+01:00,0.10063514668643465
2025-10-29 14:45:00+01:00,0.12076139514518507
2025-10-29 15:00:00+01:00,0.06951439922305697
2025-10-29 15:15:00+01:00,0.1035839254093019
2025-10-29 15:30:00+01:00,0.1274732193491678
2025-10-29 15:45:00+01:00,0.12749985916380494
2025-10-29 16:00:00+01:00,0.1194132331781156
2025-10-29 16:15:00+01:00,0.12053528779013878
2025-10-29 16:30:00+01:00,0.1424647569831549
2025-10-29 16:45:00+01:00,0.15762019725214854
2025-10-29 17:00:00+01:00,0.12417194430881837
2025-10-29 17:15:00+01:00,0.12039162288433304
2025-10-29 17:30:00+01:00,0.12771052434391597
2025-10-29 17:45:00+01:00,0.12420340523840377
2025-10-29 18:00:00+01:00,0.12463024984028126
2025-10-29 18:15:00+01:00,0.11696717931112409
2025-10-29 18:30:00+01:00,0.12114384665062464
2025-10-29 18:45:00+01:00,0.14151711223900268
2025-10-29 19:00:00+01:00,0.18453529584221812
2025-10-29 19:15:00+01:00,0.10687684240340006
2025-10-29 19:30:00+01:00,0.12050355430762599
2025-10-29 19:45:00+01:00,0.09314422270834657
2025-10-29 20:00:00+01:00,0.11062165238037981
2025-10-29 20:15:00+01:00,0.11077344012612456
2025-10-29 20:30:00+01:00,0.10066387435296288
2025-10-29 20:45:00+01:00,0.15348740912141134
2025-10-29 21:00:00+01:00,0.09679570356112428
2025-10-29 21:15:00+01:00,0.09995533416571903
2025-10-29 21:30:00+01:00,0.09626140569119648
2025-10-29 21:45:00+01:00,0.07634421653459761
2025-10-29 22:00:00+01:00,0.10366225836884217
2025-10-29 22:15:00+01:00,0.08667381701136254
2025-10-29 22:30:00+01:00,0.08472846252857895
2025-10-29 22:45:00+01:00,0.0776112450663032
2025-10-29 23:00:00+01:00,0.0920782024750462
2025-10-29 23:15:00+01:00,0.0849450255412922
2025-10-29 23:30:00+01:00,0.08451235800139871
2025-10-29 23:45:00+01:00,0.08623441518086064
2025-10-30 00:00:00+01:00,0.09874517074132522
2025-10-30 00:15:00+01:00,0.07050234773151733
2025-10-30 00:30:00+01:00,0.06008799144610856
2025-10-30 00:45:00+01:00,0.05143955587756897
2025-10-30 01:00:00+01:00,0.07390797078805073
2025-10-30 01:15:00+01:00,0.06449078682183491
2025-10-30 01:30:00+01:00,0.060680039338025425
2025-10-30 01:45:00+01:00,0.10228883335750105
2025-10-30 02:00:00+01:00,0.06288879172525812
2025-10-30 02:15:00+01:00,0.0660442662011397
2025-10-30 02:30:00+01:00,0.07274029465835564
2025-10-30 02:45:00+01:00,0.058055769468916794
2025-10-30 03:00:00+01:00,0.06294002177856556
2025-10-30 03:15:00+01:00,0.05520301691152689
2025-10-30 03:30:00+01:00,0.05904560829625213
2025-10-30 03:45:00+01:00,0.042285713658091854
2025-10-30 04:00:00+01:00,0.06879127813241201
2025-10-30 04:15:00+01:00,0.037941335080658785
2025-10-30 04:30:00+01:00,0.05105370327547537
2025-10-30 04:45:00+01:00,0.05811107339191742
2025-10-30 05:00:00+01:00,0.055008345163225045
2025-10-30 05:15:00+01:00,0.08603033663980497
2025-10-30 05:30:00+01:00,0.06514800024567897
2025-10-30 05:45:00+01:00,0.05608945403157989
2025-10-30 06:00:00+01:00,0.05964535752910927
2025-10-30 06:15:00+01:00,0.09979753666533547
2025-10-30 06:30:00+01:00,0.07154400250703238
2025-10-30 06:45:00+01:00,0.06786943942999242
2025-10-30 07:00:00+01:00,0.07954390275560161
2025-10-30 07:15:00+01:00,0.07607459725404456
2025-10-30 07:30:00+01:00,0.08403234084204753
2025-10-30 07:45:00+01:00,0.07623442158595596
2025-10-30 08:00:00+01:00,0.1162285135185333
2025-10-30 08:15:00+01:00,0.08313757233882088
2025-10-30 08:30:00+01:00,0.10665557043479192
2025-10-30 08:45:00+01:00,0.07581151762118266
2025-10-30 09:00:00+01:00,0.09264066727335385
2025-10-30 09:15:00+01:00,0.0782873314731752
2025-10-30 09:30:00+01:00,0.06265797298216251
2025-10-30 09:45:00+01:00,0.026473274206543898
2025-10-30 10:00:00+01:00,0.07478116605849243
2025-10-30 10:15:00+01:00,0.06730157971184321
2025-10-30 10:30:00+01:00,0.029661028165258944
2025-10-30 10:45:00+01:00,0.0
2025-10-30 11:00:00+01:00,0.013075955494225305
2025-10-30 11:15:00+01:00,0.030431055162554912
2025-10-30 11:30:00+01:00,0.013808917155347194
2025-10-30 11:45:00+01:00,0.0
2025-10-30 12:00:00+01:00,0.009514492770580866
2025-10-30 12:15:00+01:00,0.0
2025-10-30 12:30:00+01:00,0.0
2025-10-30 12:45:00+01:00,0.0
2025-10-30 13:00:00+01:00,0.015588887685081978
2025-10-30 13:15:00+01:00,0.0
2025-10-30 13:30:00+01:00,0.0
2025-10-30 13:45:00+01:00,0.0
2025-10-30 14:00:00+01:00,0.01914136589573007
2025-10-30 14:15:00+01:00,0.032329589153620636
2025-10-30 14:30:00+01:00,0.06931780233448134
2025-10-30 14:45:00+01:00,0.06027954789599938
2025-10-30 15:00:00+01:00,0.02313624488747095
2025-10-30 15:15:00+01:00,0.03728357450579209
2025-10-30 15:30:00+01:00,0.10335934426118275
2025-10-30 15:45:00+01:00,0.10630220448732065
2025-10-30 16:00:00+01:00,0.04592775563762629
2025-10-30 16:15:00+01:00,0.06149697472367145
2025-10-30 16:30:00+01:00,0.09187133173261304
2025-10-30 16:45:00+01:00,0.118817375689503
2025-10-30 17:00:00+01:00,0.09950124739324182
2025-10-30 17:15:00+01:00,0.10738877296851022
2025-10-30 17:30:00+01:00,0.11552731205074923
2025-10-30 17:45:00+01:00,0.14068333911780306
2025-10-30 18:00:00+01:00,0.1052413720693748
2025-10-30 18:15:00+01:00,0.11906541427013867
2025-10-30 18:30:00+01:00,0.13091959152305557
2025-10-30 18:45:00+01:00,0.11376803635486604
2025-10-30 19:00:00+01:00,0.11409081109252399
2025-10-30 19:15:00+01:00,0.11619475374819749
2025-10-30 19:30:00+01:00,0.130267252083607
2025-10-30 19:45:00+01:00,0.11439107630953357
2025-10-30 20:00:00+01:00,0.11299785705392401
2025-10-30 20:15:00+01:00,0.11154876651188039
2025-10-30 20:30:00+01:00,0.09416707850163566
2025-10-30 20:45:00+01:00,0.09775359510442948
2025-10-30 21:00:00+01:00,0.11212607307701768
2025-10-30 21:15:00+01:00,0.10063191528861115
2025-10-30 21:30:00+01:00,0.0895841420155277
2025-10-30 21:45:00+01:00,0.07355319077716542
2025-10-30 22:00:00+01:00,0.112258173363459
2025-10-30 22:15:00+01:00,0.11244980502489062
2025-10-30 22:30:00+01:00,0.09416692252971205
2025-10-30 22:45:00+01:00,0.09073386703551485
2025-10-30 23:00:00+01:00,0.08415972981397932
2025-10-30 23:15:00+01:00,0.08563382269342801
2025-10-30 23:30:00+01:00,0.07943941067129098
2025-10-30 23:45:00+01:00,0.05397316583018166
2025-10-31 00:00:00+01:00,0.09344493625210404
2025-10-31 00:15:00+01:00,0.08308220443531114
2025-10-31 00:30:00+01:00,0.08458192728326373
2025-10-31 00:45:00+01:00,0.07485670981593626
2025-10-31 01:00:00+01:00,0.06510768766675028
2025-10-31 01:15:00+01:00,0.06084299847364934
2025-10-31 01:30:00+01:00,0.06793134822142824
2025-10-31 01:45:00+01:00,0.07366686586053552
2025-10-31 02:00:00+01:00,0.053454951572747655
2025-10-31 02:15:00+01:00,0.06807269823848369
2025-10-31 02:30:00+01:00,0.06773752143482578
2025-10-31 02:45:00+01:00,0.08584337778208448
2025-10-31 03:00:00+01:00,0.06719978188287136
2025-10-31 03:15:00+01:00,0.07652988984740929
2025-10-31 03:30:00+01:00,0.07956257140087462
2025-10-31 03:45:00+01:00,0.05949433520192799
2025-10-31 04:00:00+01:00,0.07994207216631738
2025-10-31 04:15:00+01:00,0.07697396505456287
2025-10-31 04:30:00+01:00,0.09244268639674588
2025-10-31 04:45:00+01:00,0.12387237706436327
2025-10-31 05:00:00+01:00,0.06230887060501412
2025-10-31 05:15:00+01:00,0.1023669664976111
2025-10-31 05:30:00+01:00,0.09518552480599644
2025-10-31 05:45:00+01:00,0.10384328904403009
2025-10-31 06:00:00+01:00,0.10077487754698758
2025-10-31 06:15:00+01:00,0.11667763666601956
2025-10-31 06:30:00+01:00,0.12360167071761241
2025-10-31 06:45:00+01:00,0.1333850873557301
2025-10-31 07:00:00+01:00,0.1091282630332832
2025-10-31 07:15:00+01:00,0.13712579167521766
2025-10-31 07:30:00+01:00,0.11333805595114746
2025-10-31 07:45:00+01:00,0.09556930660959642
2025-10-31 08:00:00+01:00,0.13148987142004187
2025-10-31 08:15:00+01:00,0.12962149216862573
2025-10-31 08:30:00+01:00,0.09301664912983777
2025-10-31 08:45:00+01:00,0.0872345361820962
2025-10-31 09:00:00+01:00,0.10090043724284527
2025-10-31 09:15:00+01:00,0.09384921849923619
2025-10-31 09:30:00+01:00,0.07827507738790204
2025-10-31 09:45:00+01:00,0.08463608833296411
2025-10-31 10:00:00+01:00,0.07769436054500785
2025-10-31 10:15:00+01:00,0.08294654804757906
2025-10-31 10:30:00+01:00,0.07600067539538935
2025-10-31 10:45:00+01:00,0.13490871781863015
2025-10-31 11:00:00+01:00,0.0678916761239127
2025-10-31 11:15:00+01:00,0.08132005312877282
2025-10-31 11:30:00+01:00,0.07105302703883318
2025-10-31 11:45:00+01:00,0.07375811822891501
2025-10-31 12:00:00+01:00,0.07238752484448373
2025-10-31 12:15:00+01:00,0.07441240396426677
2025-10-31 12:30:00+01:00,0.07775770956878042
2025-10-31 12:45:00+01:00,0.08382713183170526
2025-10-31 13:00:00+01:00,0.09098118057562185
2025-10-31 13:15:00+01:00,0.08984449685615208
2025-10-31 13:30:00+01:00,0.09404154592496897
2025-10-31 13:45:00+01:00,0.09173460473976129
2025-10-31 14:00:00+01:00,0.07059759171771665
2025-10-31 14:15:00+01:00,0.10930300558237753
2025-10-31 14:30:00+01:00,0.12434046792529795
2025-10-31 14:45:00+01:00,0.1467067067575098
2025-10-31 15:00:00+01:00,0.10121019374030771
2025-10-31 15:15:00+01:00,0.12087451344639653
2025-10-31 15:30:00+01:00,0.12254515837474567
2025-10-31 15:45:00+01:00,0.13502528893939125
2025-10-31 16:00:00+01:00,0.14386570510579447
2025-10-31 16:15:00+01:00,0.12805504620771802
2025-10-31 16:30:00+01:00,0.14030479795200823
2025-10-31 16:45:00+01:00,0.1257649689400219
2025-10-31 17:00:00+01:00,0.1377305702822156
2025-10-31 17:15:00+01:00,0.11503308610184333
2025-10-31 17:30:00+01:00,0.12349209449633901
2025-10-31 17:45:00+01:00,0.07514864029099277
2025-10-31 18:00:00+01:00,0.12514103841838017
2025-10-31 18:15:00+01:00,0.1002052675628486
2025-10-31 18:30:00+01:00,0.11303994516546816
2025-10-31 18:45:00+01:00,0.09239407352764512
2025-10-31 19:00:00+01:00,0.10191670981966082
2025-10-31 19:15:00+01:00,0.0998600622715938
2025-10-31 19:30:00+01:00,0.08414083479175152
2025-10-31 19:45:00+01:00,0.10196363197915558
2025-10-31 20:00:00+01:00,0.10873191564260384
2025-10-31 20:15:00+01:00,0.08887444712781054
2025-10-31 20:30:00+01:00,0.09223620147182944
2025-10-31 20:45:00+01:00,0.061597064875883664
2025-10-31 21:00:00+01:00,0.08956485838472326
2025-10-31 21:15:00+01:00,0.08406410276760298
2025-10-31 21:30:00+01:00,0.08058022291935985
2025-10-31 21:45:00+01:00,0.06546442357239747
2025-10-31 22:00:00+01:00,0.10714083067095324
2025-10-31 22:15:00+01:00,0.08157145599630168
2025-10-31 22:30:00+01:00,0.0833050496835688
2025-10-31 22:45:00+01:00,0.06282648633586319
2025-10-31 23:00:00+01:00,0.07895396699451482
2025-10-31 23:15:00+01:00,0.07793057358391423
2025-10-31 23:30:00+01:00,0.03652745024580223
2025-10-31 23:45:00+01:00,0.09168365953914531
