time,price
2025-12-31 23:00:00+00:00,0.06923908016455169
2025-12-31 23:15:00+00:00,0.06707908016455168
2025-12-31 23:30:00+00:00,0.06359908016455168
2025-12-31 23:45:00+00:00,0.05558908016455168
2026-01-01 00:00:00+00:00,0.04090062029147552
2026-01-01 00:15:00+00:00,0.02979062029147552
2026-01-01 00:30:00+00:00,0.017630620291475524
2026-01-01 00:45:00+00:00,0.004820620291475522
2026-01-01 01:00:00+00:00,0.049799303862751124
2026-01-01 01:15:00+00:00,0.03370930386275113
2026-01-01 01:30:00+00:00,0.028779303862751127
2026-01-01 01:45:00+00:00,0.02114930386275113
2026-01-01 02:00:00+00:00,0.027362579799160854
2026-01-01 02:15:00+00:00,0.02397257979916085
2026-01-01 02:30:00+00:00,0.021782579799160852
2026-01-01 02:45:00+00:00,0.021152579799160853
2026-01-01 03:00:00+00:00,-0.031349655798544644
2026-01-01 03:15:00+00:00,-0.03155965579854464
2026-01-01 03:30:00+00:00,-0.032369655798544644
2026-01-01 03:45:00+00:00,-0.03574965579854464
2026-01-01 04:00:00+00:00,-0.0208771374398648
2026-01-01 04:15:00+00:00,-0.023827137439864702
2026-01-01 04:30:00+00:00,-0.023827137439864702
2026-01-01 04:45:00+00:00,-0.0238571374398647
2026-01-01 05:00:00+00:00,0.0023590270587362044
2026-01-01 05:15:00+00:00,0.002449027058736204
2026-01-01 05:30:00+00:00,0.002449027058736204
2026-01-01 05:45:00+00:00,0.0023490270587362043
2026-01-01 06:00:00+00:00,-0.005720857820652254
2026-01-01 06:15:00+00:00,-0.005800857820652254
2026-01-01 06:30:00+00:00,-0.005810857820652254
2026-01-01 06:45:00+00:00,-0.005810857820652254
2026-01-01 07:00:00+00:00,-0.0002687159662975996
2026-01-01 07:15:00+00:00,-0.0002087159662975996
2026-01-01 07:30:00+00:00,-0.0002187159662975996
2026-01-01 07:45:00+00:00,-0.0003087159662975996
2026-01-01 08:00:00+00:00,-0.015674412928273124
2026-01-01 08:15:00+00:00,-0.015674412928273124
2026-01-01 08:30:00+00:00,-0.015674412928273124
2026-01-01 08:45:00+00:00,-0.015674412928273124
2026-01-01 09:00:00+00:00,0.016158660229250818
2026-01-01 09:15:00+00:00,0.016158660229250818
2026-01-01 09:30:00+00:00,0.016158660229250818
2026-01-01 09:45:00+00:00,0.01614866022925082
2026-01-01 10:00:00+00:00,0.014291681323928655
2026-01-01 10:15:00+00:00,0.014291681323928655
2026-01-01 10:30:00+00:00,0.014291681323928655
2026-01-01 10:45:00+00:00,0.014281681323928656
2026-01-01 11:00:00+00:00,0.0012032932268334368
2026-01-01 11:15:00+00:00,0.0012032932268334368
2026-01-01 11:30:00+00:00,0.0012032932268334368
2026-01-01 11:45:00+00:00,0.0012032932268334368
2026-01-01 12:00:00+00:00,0.020702701393982895
2026-01-01 12:15:00+00:00,0.020702701393982895
2026-01-01 12:30:00+00:00,0.020702701393982895
2026-01-01 12:45:00+00:00,0.020712701393982895
2026-01-01 13:00:00+00:00,0.008580336606847073
2026-01-01 13:15:00+00:00,0.008590336606847073
2026-01-01 13:30:00+00:00,0.008590336606847073
2026-01-01 13:45:00+00:00,0.008670336606847073
2026-01-01 14:00:00+00:00,-0.015689227792402182
2026-01-01 14:15:00+00:00,-0.015689227792402182
2026-01-01 14:30:00+00:00,-0.011939227792402182
2026-01-01 14:45:00+00:00,-0.005799227792402181
2026-01-01 15:00:00+00:00,0.01128567927102443
2026-01-01 15:15:00+00:00,0.01677567927102443
2026-01-01 15:30:00+00:00,0.019195679271024432
2026-01-01 15:45:00+00:00,0.02122567927102443
2026-01-01 16:00:00+00:00,0.0024608348558534388
2026-01-01 16:15:00+00:00,-0.0026291651441464614
2026-01-01 16:30:00+00:00,0.014460834855853536
2026-01-01 16:45:00+00:00,0.002410834855853538
2026-01-01 17:00:00+00:00,0.043901247026775725
2026-01-01 17:15:00+00:00,0.046141247026775724
2026-01-01 17:30:00+00:00,0.03831124702677573
2026-01-01 17:45:00+00:00,0.028721247026775726
2026-01-01 18:00:00+00:00,0.02804262714342898
2026-01-01 18:15:00+00:00,0.017352627143428983
2026-01-01 18:30:00+00:00,0.01166262714342898
2026-01-01 18:45:00+00:00,0.011642627143428981
2026-01-01 19:00:00+00:00,0.009133212416801335
2026-01-01 19:15:00+00:00,0.006653212416801334
2026-01-01 19:30:00+00:00,0.006683212416801335
2026-01-01 19:45:00+00:00,0.0041132124168013345
2026-01-01 20:00:00+00:00,-0.002501865460911617
2026-01-01 20:15:00+00:00,-0.002411865460911617
2026-01-01 20:30:00+00:00,-0.0026518654609117166
2026-01-01 20:45:00+00:00,-0.0066818654609116165
2026-01-01 21:00:00+00:00,0.03774381123509922
2026-01-01 21:15:00+00:00,0.03207381123509922
2026-01-01 21:30:00+00:00,0.02696381123509922
2026-01-01 21:45:00+00:00,0.022563811235099217
2026-01-01 22:00:00+00:00,-0.001699430459845407
2026-01-01 22:15:00+00:00,-0.002839430459845407
2026-01-01 22:30:00+00:00,-0.002839430459845407
2026-01-01 22:45:00+00:00,-0.002839430459845407
2026-01-01 23:00:00+00:00,0.005879611458170335
2026-01-01 23:15:00+00:00,0.0039996114581702345
2026-01-01 23:30:00+00:00,0.0027096114581703357
2026-01-01 23:45:00+00:00,-0.0053503885418296655
2026-01-02 00:00:00+00:00,0.00016965715147730827
2026-01-02 00:15:00+00:00,-0.002550342848522692
2026-01-02 00:30:00+00:00,-0.005090342848522692
2026-01-02 00:45:00+00:00,-0.0063703428485226915
2026-01-02 01:00:00+00:00,0.014291013275141401
2026-01-02 01:15:00+00:00,0.0123610132751414
2026-01-02 01:30:00+00:00,0.0098810132751414
2026-01-02 01:45:00+00:00,0.009821013275141401
2026-01-02 02:00:00+00:00,0.007544919339877607
2026-01-02 02:15:00+00:00,0.006814919339877607
2026-01-02 02:30:00+00:00,0.006764919339877606
2026-01-02 02:45:00+00:00,0.006714919339877607
2026-01-02 03:00:00+00:00,0.007683831469877115
2026-01-02 03:15:00+00:00,0.007683831469877115
2026-01-02 03:30:00+00:00,0.009643831469877115
2026-01-02 03:45:00+00:00,0.012223831469877114
2026-01-02 04:00:00+00:00,0.01290619995294542
2026-01-02 04:15:00+00:00,0.01771619995294542
2026-01-02 04:30:00+00:00,0.01932619995294542
2026-01-02 04:45:00+00:00,0.02970619995294542
2026-01-02 05:00:00+00:00,0.044892098711227915
2026-01-02 05:15:00+00:00,0.05651209871122792
2026-01-02 05:30:00+00:00,0.06507209871122792
2026-01-02 05:45:00+00:00,0.07811209871122782
2026-01-02 06:00:00+00:00,0.025462252348149007
2026-01-02 06:15:00+00:00,0.03679225234814901
2026-01-02 06:30:00+00:00,0.05252225234814901
2026-01-02 06:45:00+00:00,0.05921225234814901
2026-01-02 07:00:00+00:00,0.05691770152926239
2026-01-02 07:15:00+00:00,0.059167701529262394
2026-01-02 07:30:00+00:00,0.0605177015292624
2026-01-02 07:45:00+00:00,0.06121770152926239
2026-01-02 08:00:00+00:00,0.05555718296441493
2026-01-02 08:15:00+00:00,0.05554718296441492
2026-01-02 08:30:00+00:00,0.05667718296441493
2026-01-02 08:45:00+00:00,0.057197182964414936
2026-01-02 09:00:00+00:00,0.07390842747211251
2026-01-02 09:15:00+00:00,0.0698484274721125
2026-01-02 09:30:00+00:00,0.06666842747211252
2026-01-02 09:45:00+00:00,0.06639842747211251
2026-01-02 10:00:00+00:00,0.07461450954831997
2026-01-02 10:15:00+00:00,0.07845450954831996
2026-01-02 10:30:00+00:00,0.07809450954831997
2026-01-02 10:45:00+00:00,0.07552450954831996
2026-01-02 11:00:00+00:00,0.052726251430111296
2026-01-02 11:15:00+00:00,0.0554062514301113
2026-01-02 11:30:00+00:00,0.05790625143011129
2026-01-02 11:45:00+00:00,0.057596251430111295
2026-01-02 12:00:00+00:00,0.05316238990911994
2026-01-02 12:15:00+00:00,0.050402389909119945
2026-01-02 12:30:00+00:00,0.049272389909119856
2026-01-02 12:45:00+00:00,0.053202389909119956
2026-01-02 13:00:00+00:00,0.05036041788749571
2026-01-02 13:15:00+00:00,0.05586041788749572
2026-01-02 13:30:00+00:00,0.05486041788749572
2026-01-02 13:45:00+00:00,0.058800417887495716
2026-01-02 14:00:00+00:00,0.08158443713376781
2026-01-02 14:15:00+00:00,0.08888443713376781
2026-01-02 14:30:00+00:00,0.09299443713376782
2026-01-02 14:45:00+00:00,0.09433443713376781
2026-01-02 15:00:00+00:00,0.08793706080722236
2026-01-02 15:15:00+00:00,0.09550706080722225
2026-01-02 15:30:00+00:00,0.09944706080722236
2026-01-02 15:45:00+00:00,0.10155706080722236
2026-01-02 16:00:00+00:00,0.09382028824774129
2026-01-02 16:15:00+00:00,0.09592028824774129
2026-01-02 16:30:00+00:00,0.09596028824774129
2026-01-02 16:45:00+00:00,0.09596028824774129
2026-01-02 17:00:00+00:00,0.07575146917921481
2026-01-02 17:15:00+00:00,0.0757314691792148
2026-01-02 17:30:00+00:00,0.07721146917921481
2026-01-02 17:45:00+00:00,0.07576146917921481
2026-01-02 18:00:00+00:00,0.09421589103573227
2026-01-02 18:15:00+00:00,0.09416589103573227
2026-01-02 18:30:00+00:00,0.09227589103573228
2026-01-02 18:45:00+00:00,0.09069589103573228
2026-01-02 19:00:00+00:00,0.09709406491415261
2026-01-02 19:15:00+00:00,0.0919740649141526
2026-01-02 19:30:00+00:00,0.0887940649141526
2026-01-02 19:45:00+00:00,0.08732406491415261
2026-01-02 20:00:00+00:00,0.08885833394158882
2026-01-02 20:15:00+00:00,0.08842833394158882
2026-01-02 20:30:00+00:00,0.08814833394158882
2026-01-02 20:45:00+00:00,0.08470833394158882
2026-01-02 21:00:00+00:00,0.10326222875121184
2026-01-02 21:15:00+00:00,0.10020222875121185
2026-01-02 21:30:00+00:00,0.10253222875121185
2026-01-02 21:45:00+00:00,0.10042222875121184
2026-01-02 22:00:00+00:00,0.08775849763667756
2026-01-02 22:15:00+00:00,0.08709849763667757
2026-01-02 22:30:00+00:00,0.08582849763667758
2026-01-02 22:45:00+00:00,0.08307849763667757
2026-01-02 23:00:00+00:00,0.09681482244022677
2026-01-02 23:15:00+00:00,0.09526482244022677
2026-01-02 23:30:00+00:00,0.09116482244022678
2026-01-02 23:45:00+00:00,0.08731482244022679
2026-01-03 00:00:00+00:00,0.08214174407230157
2026-01-03 00:15:00+00:00,0.07923174407230148
2026-01-03 00:30:00+00:00,0.07878174407230157
2026-01-03 00:45:00+00:00,0.07813174407230157
2026-01-03 01:00:00+00:00,0.08327247769799047
2026-01-03 01:15:00+00:00,0.08170247769799047
2026-01-03 01:30:00+00:00,0.08055247769799047
2026-01-03 01:45:00+00:00,0.07900247769799047
2026-01-03 02:00:00+00:00,0.08808972190024963
2026-01-03 02:15:00+00:00,0.08675972190024964
2026-01-03 02:30:00+00:00,0.08560972190024964
2026-01-03 02:45:00+00:00,0.08521972190024964
2026-01-03 03:00:00+00:00,0.046405221723081785
2026-01-03 03:15:00+00:00,0.046155221723081785
2026-01-03 03:30:00+00:00,0.04628522172308179
2026-01-03 03:45:00+00:00,0.04614522172308179
2026-01-03 04:00:00+00:00,0.0680761422952507
2026-01-03 04:15:00+00:00,0.0679461422952507
2026-01-03 04:30:00+00:00,0.0694261422952506
2026-01-03 04:45:00+00:00,0.0710161422952507
2026-01-03 05:00:00+00:00,0.06390705093813333
2026-01-03 05:15:00+00:00,0.06585705093813332
2026-01-03 05:30:00+00:00,0.06838705093813333
2026-01-03 05:45:00+00:00,0.07091705093813333
2026-01-03 06:00:00+00:00,0.06682082118352695
2026-01-03 06:15:00+00:00,0.06509082118352694
2026-01-03 06:30:00+00:00,0.06785082118352694
2026-01-03 06:45:00+00:00,0.07053082118352694
2026-01-03 07:00:00+00:00,0.0827943479751285
2026-01-03 07:15:00+00:00,0.0852943479751285
2026-01-03 07:30:00+00:00,0.0868543479751284
2026-01-03 07:45:00+00:00,0.0875943479751285
2026-01-03 08:00:00+00:00,0.12281907475500518
2026-01-03 08:15:00+00:00,0.12309907475500519
2026-01-03 08:30:00+00:00,0.12180907475500528
2026-01-03 08:45:00+00:00,0.11850907475500529
2026-01-03 09:00:00+00:00,0.08303062652596785
2026-01-03 09:15:00+00:00,0.07909062652596785
2026-01-03 09:30:00+00:00,0.07554062652596785
2026-01-03 09:45:00+00:00,0.07194062652596785
2026-01-03 10:00:00+00:00,0.10974180915400938
2026-01-03 10:15:00+00:00,0.10679180915400938
2026-01-03 10:30:00+00:00,0.10564180915400938
2026-01-03 10:45:00+00:00,0.10382180915400938
2026-01-03 11:00:00+00:00,0.05692779910016468
2026-01-03 11:15:00+00:00,0.056137799100164684
2026-01-03 11:30:00+00:00,0.05623779910016469
2026-01-03 11:45:00+00:00,0.05665779910016469
2026-01-03 12:00:00+00:00,0.07969659327166784
2026-01-03 12:15:00+00:00,0.07939659327166784
2026-01-03 12:30:00+00:00,0.07987659327166784
2026-01-03 12:45:00+00:00,0.08283659327166784
2026-01-03 13:00:00+00:00,0.08810053620257784
2026-01-03 13:15:00+00:00,0.09114053620257784
2026-01-03 13:30:00+00:00,0.09369053620257783
2026-01-03 13:45:00+00:00,0.09776053620257782
2026-01-03 14:00:00+00:00,0.10077165031305811
2026-01-03 14:15:00+00:00,0.10478165031305811
2026-01-03 14:30:00+00:00,0.10745165031305812
2026-01-03 14:45:00+00:00,0.10848165031305801
2026-01-03 15:00:00+00:00,0.10784856392372012
2026-01-03 15:15:00+00:00,0.11245856392372013
2026-01-03 15:30:00+00:00,0.11404856392372012
2026-01-03 15:45:00+00:00,0.11743856392372012
2026-01-03 16:00:00+00:00,0.12052750504759889
2026-01-03 16:15:00+00:00,0.12456750504759878
2026-01-03 16:30:00+00:00,0.12558750504759889
2026-01-03 16:45:00+00:00,0.1264875050475989
2026-01-03 17:00:00+00:00,0.10639228686333693
2026-01-03 17:15:00+00:00,0.10460228686333693
2026-01-03 17:30:00+00:00,0.10359228686333694
2026-01-03 17:45:00+00:00,0.10308228686333694
2026-01-03 18:00:00+00:00,0.1025144317389779
2026-01-03 18:15:00+00:00,0.0974244317389779
2026-01-03 18:30:00+00:00,0.0940344317389779
2026-01-03 18:45:00+00:00,0.0910844317389779
2026-01-03 19:00:00+00:00,0.11504503602056726
2026-01-03 19:15:00+00:00,0.11479503602056727
2026-01-03 19:30:00+00:00,0.11360503602056726
2026-01-03 19:45:00+00:00,0.11011503602056717
2026-01-03 20:00:00+00:00,0.09227484341048157
2026-01-03 20:15:00+00:00,0.08850484341048158
2026-01-03 20:30:00+00:00,0.08766484341048157
2026-01-03 20:45:00+00:00,0.08196484341048157
2026-01-03 21:00:00+00:00,0.07059966644551913
2026-01-03 21:15:00+00:00,0.06754966644551913
2026-01-03 21:30:00+00:00,0.06738966644551914
2026-01-03 21:45:00+00:00,0.06354966644551913
2026-01-03 22:00:00+00:00,0.07061620513500394
2026-01-03 22:15:00+00:00,0.06565620513500395
2026-01-03 22:30:00+00:00,0.06397620513500393
2026-01-03 22:45:00+00:00,0.060516205135003935
2026-01-03 23:00:00+00:00,0.07711535444566443
2026-01-03 23:15:00+00:00,0.07252535444566444
2026-01-03 23:30:00+00:00,0.07088535444566443
2026-01-03 23:45:00+00:00,0.06718535444566444
2026-01-04 00:00:00+00:00,0.09685517175626814
2026-01-04 00:15:00+00:00,0.09456517175626813
2026-01-04 00:30:00+00:00,0.09337517175626812
2026-01-04 00:45:00+00:00,0.09306517175626813
2026-01-04 01:00:00+00:00,0.08974702794735705
2026-01-04 01:15:00+00:00,0.08746702794735704
2026-01-04 01:30:00+00:00,0.08679702794735705
2026-01-04 01:45:00+00:00,0.08662702794735705
2026-01-04 02:00:00+00:00,0.0972874504474443
2026-01-04 02:15:00+00:00,0.09655745044744432
2026-01-04 02:30:00+00:00,0.09611745044744432
2026-01-04 02:45:00+00:00,0.0957374504474443
2026-01-04 03:00:00+00:00,0.07474936747463252
2026-01-04 03:15:00+00:00,0.07433936747463263
2026-01-04 03:30:00+00:00,0.07455936747463263
2026-01-04 03:45:00+00:00,0.07517936747463264
2026-01-04 04:00:00+00:00,0.08542311678464874
2026-01-04 04:15:00+00:00,0.08609311678464875
2026-01-04 04:30:00+00:00,0.08692311678464874
2026-01-04 04:45:00+00:00,0.08684311678464875
2026-01-04 05:00:00+00:00,0.09420502603798701
2026-01-04 05:15:00+00:00,0.09548502603798711
2026-01-04 05:30:00+00:00,0.09518502603798712
2026-01-04 05:45:00+00:00,0.09628502603798712
2026-01-04 06:00:00+00:00,0.07877585496974396
2026-01-04 06:15:00+00:00,0.07878585496974397
2026-01-04 06:30:00+00:00,0.08121585496974396
2026-01-04 06:45:00+00:00,0.08441585496974396
2026-01-04 07:00:00+00:00,0.09490310082102114
2026-01-04 07:15:00+00:00,0.09593310082102115
2026-01-04 07:30:00+00:00,0.09724310082102114
2026-01-04 07:45:00+00:00,0.09798310082102114
2026-01-04 08:00:00+00:00,0.08185731975242315
2026-01-04 08:15:00+00:00,0.08383731975242326
2026-01-04 08:30:00+00:00,0.08382731975242315
2026-01-04 08:45:00+00:00,0.07902731975242325
2026-01-04 09:00:00+00:00,0.09726900015776972
2026-01-04 09:15:00+00:00,0.09051900015776972
2026-01-04 09:30:00+00:00,0.08424900015776972
2026-01-04 09:45:00+00:00,0.08029900015776972
2026-01-04 10:00:00+00:00,0.08683568668331204
2026-01-04 10:15:00+00:00,0.08297568668331204
2026-01-04 10:30:00+00:00,0.08294568668331204
2026-01-04 10:45:00+00:00,0.08269568668331204
2026-01-04 11:00:00+00:00,0.06932682394764987
2026-01-04 11:15:00+00:00,0.06772682394764998
2026-01-04 11:30:00+00:00,0.06796682394764998
2026-01-04 11:45:00+00:00,0.06525682394764998
2026-01-04 12:00:00+00:00,0.09514796563437276
2026-01-04 12:15:00+00:00,0.09421796563437276
2026-01-04 12:30:00+00:00,0.09513796563437277
2026-01-04 12:45:00+00:00,0.09839796563437277
2026-01-04 13:00:00+00:00,0.07487488015328425
2026-01-04 13:15:00+00:00,0.08088488015328427
2026-01-04 13:30:00+00:00,0.08717488015328426
2026-01-04 13:45:00+00:00,0.09326488015328424
2026-01-04 14:00:00+00:00,0.08393957548818101
2026-01-04 14:15:00+00:00,0.09084957548818112
2026-01-04 14:30:00+00:00,0.09610957548818101
2026-01-04 14:45:00+00:00,0.10280957548818112
2026-01-04 15:00:00+00:00,0.09644356812235078
2026-01-04 15:15:00+00:00,0.10791356812235078
2026-01-04 15:30:00+00:00,0.11222356812235078
2026-01-04 15:45:00+00:00,0.12112356812235078
2026-01-04 16:00:00+00:00,0.12219486942372265
2026-01-04 16:15:00+00:00,0.12722486942372266
2026-01-04 16:30:00+00:00,0.12570486942372266
2026-01-04 16:45:00+00:00,0.13139486942372267
2026-01-04 17:00:00+00:00,0.13322624136605657
2026-01-04 17:15:00+00:00,0.13315624136605655
2026-01-04 17:30:00+00:00,0.13171624136605656
2026-01-04 17:45:00+00:00,0.13552624136605645
2026-01-04 18:00:00+00:00,0.12169036030649359
2026-01-04 18:15:00+00:00,0.11911036030649359
2026-01-04 18:30:00+00:00,0.1175703603064936
2026-01-04 18:45:00+00:00,0.11325036030649359
2026-01-04 19:00:00+00:00,0.11352202711917345
2026-01-04 19:15:00+00:00,0.10755202711917344
2026-01-04 19:30:00+00:00,0.10222202711917344
2026-01-04 19:45:00+00:00,0.09539202711917344
2026-01-04 20:00:00+00:00,0.1054052030355526
2026-01-04 20:15:00+00:00,0.1002552030355526
2026-01-04 20:30:00+00:00,0.0961052030355525
2026-01-04 20:45:00+00:00,0.0911752030355526
2026-01-04 21:00:00+00:00,0.0670357623387796
2026-01-04 21:15:00+00:00,0.0655057623387796
2026-01-04 21:30:00+00:00,0.0668257623387796
2026-01-04 21:45:00+00:00,0.059675762338779595
2026-01-04 22:00:00+00:00,0.07101976506223683
2026-01-04 22:15:00+00:00,0.06313976506223683
2026-01-04 22:30:00+00:00,0.05973976506223683
2026-01-04 22:45:00+00:00,0.05657976506223682
2026-01-04 23:00:00+00:00,0.08350581209835013
2026-01-04 23:15:00+00:00,0.06717581209835014
2026-01-04 23:30:00+00:00,0.06363581209835013
2026-01-04 23:45:00+00:00,0.05827581209835013
2026-01-05 00:00:00+00:00,0.07463590429756886
2026-01-05 00:15:00+00:00,0.07167590429756884
2026-01-05 00:30:00+00:00,0.06841590429756886
2026-01-05 00:45:00+00:00,0.06736590429756886
2026-01-05 01:00:00+00:00,0.09455572523781751
2026-01-05 01:15:00+00:00,0.09395572523781752
2026-01-05 01:30:00+00:00,0.0942757252378175
2026-01-05 01:45:00+00:00,0.09262572523781751
2026-01-05 02:00:00+00:00,0.06972210814842
2026-01-05 02:15:00+00:00,0.06933210814842
2026-01-05 02:30:00+00:00,0.06910210814842
2026-01-05 02:45:00+00:00,0.07054210814841999
2026-01-05 03:00:00+00:00,0.07930138242659547
2026-01-05 03:15:00+00:00,0.07978138242659548
2026-01-05 03:30:00+00:00,0.08006138242659548
2026-01-05 03:45:00+00:00,0.08304138242659548
2026-01-05 04:00:00+00:00,0.11133290990456013
2026-01-05 04:15:00+00:00,0.11222290990456013
2026-01-05 04:30:00+00:00,0.11298290990456011
2026-01-05 04:45:00+00:00,0.12238290990456013
2026-01-05 05:00:00+00:00,0.0808337619771035
2026-01-05 05:15:00+00:00,0.0983537619771035
2026-01-05 05:30:00+00:00,0.1121637619771035
2026-01-05 05:45:00+00:00,0.11855376197710349
2026-01-05 06:00:00+00:00,0.12801161579318082
2026-01-05 06:15:00+00:00,0.13447161579318093
2026-01-05 06:30:00+00:00,0.14651161579318092
2026-01-05 06:45:00+00:00,0.1624616157931809
2026-01-05 07:00:00+00:00,0.12819506980169681
2026-01-05 07:15:00+00:00,0.1393350698016968
2026-01-05 07:30:00+00:00,0.1318150698016968
2026-01-05 07:45:00+00:00,0.1367350698016968
2026-01-05 08:00:00+00:00,0.159215149715147
2026-01-05 08:15:00+00:00,0.157715149715147
2026-01-05 08:30:00+00:00,0.143445149715147
2026-01-05 08:45:00+00:00,0.133125149715147
2026-01-05 09:00:00+00:00,0.14500364459050608
2026-01-05 09:15:00+00:00,0.12840364459050607
2026-01-05 09:30:00+00:00,0.12253364459050607
2026-01-05 09:45:00+00:00,0.11674364459050597
2026-01-05 10:00:00+00:00,0.13367037423720526
2026-01-05 10:15:00+00:00,0.13010037423720527
2026-01-05 10:30:00+00:00,0.12976037423720527
2026-01-05 10:45:00+00:00,0.12783037423720528
2026-01-05 11:00:00+00:00,0.1498403968046056
2026-01-05 11:15:00+00:00,0.1484103968046056
2026-01-05 11:30:00+00:00,0.1492803968046056
2026-01-05 11:45:00+00:00,0.1514403968046056
2026-01-05 12:00:00+00:00,0.09985103240712537
2026-01-05 12:15:00+00:00,0.09959103240712536
2026-01-05 12:30:00+00:00,0.10378103240712536
2026-01-05 12:45:00+00:00,0.10703103240712536
2026-01-05 13:00:00+00:00,0.13618239733575183
2026-01-05 13:15:00+00:00,0.13920239733575193
2026-01-05 13:30:00+00:00,0.14788239733575193
2026-01-05 13:45:00+00:00,0.16926239733575194
2026-01-05 14:00:00+00:00,0.1374583166578622
2026-01-05 14:15:00+00:00,0.1443883166578622
2026-01-05 14:30:00+00:00,0.1707983166578622
2026-01-05 14:45:00+00:00,0.1607883166578622
2026-01-05 15:00:00+00:00,0.15395268209188623
2026-01-05 15:15:00+00:00,0.15514268209188625
2026-01-05 15:30:00+00:00,0.18227268209188624
2026-01-05 15:45:00+00:00,0.18779268209188624
2026-01-05 16:00:00+00:00,0.17155914333576075
2026-01-05 16:15:00+00:00,0.18142914333576074
2026-01-05 16:30:00+00:00,0.21781914333576075
2026-01-05 16:45:00+00:00,0.21660914333576076
2026-01-05 17:00:00+00:00,0.22076535693845933
2026-01-05 17:15:00+00:00,0.21784535693845933
2026-01-05 17:30:00+00:00,0.21870535693845933
2026-01-05 17:45:00+00:00,0.20232535693845935
2026-01-05 18:00:00+00:00,0.21239073859140725
2026-01-05 18:15:00+00:00,0.19924073859140723
2026-01-05 18:30:00+00:00,0.15227073859140725
2026-01-05 18:45:00+00:00,0.12838073859140725
2026-01-05 19:00:00+00:00,0.17557535194551305
2026-01-05 19:15:00+00:00,0.15100535194551304
2026-01-05 19:30:00+00:00,0.14236535194551303
2026-01-05 19:45:00+00:00,0.13628535194551303
2026-01-05 20:00:00+00:00,0.13822152627693796
2026-01-05 20:15:00+00:00,0.13545152627693796
2026-01-05 20:30:00+00:00,0.12616152627693797
2026-01-05 20:45:00+00:00,0.11818152627693797
2026-01-05 21:00:00+00:00,0.15814218156862142
2026-01-05 21:15:00+00:00,0.15191218156862143
2026-01-05 21:30:00+00:00,0.15360218156862143
2026-01-05 21:45:00+00:00,0.1494721815686214
2026-01-05 22:00:00+00:00,0.11511191589149496
2026-01-05 22:15:00+00:00,0.10801191589149495
2026-01-05 22:30:00+00:00,0.10286191589149495
2026-01-05 22:45:00+00:00,0.10162191589149495
2026-01-05 23:00:00+00:00,0.09596355661315166
2026-01-05 23:15:00+00:00,0.08857355661315167
2026-01-05 23:30:00+00:00,0.08209355661315167
2026-01-05 23:45:00+00:00,0.07692355661315166
2026-01-06 00:00:00+00:00,0.11329413320868083
2026-01-06 00:15:00+00:00,0.10971413320868083
2026-01-06 00:30:00+00:00,0.10556413320868083
2026-01-06 00:45:00+00:00,0.10300413320868082
2026-01-06 01:00:00+00:00,0.10841236963181104
2026-01-06 01:15:00+00:00,0.10488236963181104
2026-01-06 01:30:00+00:00,0.10490236963181104
2026-01-06 01:45:00+00:00,0.10415236963181104
2026-01-06 02:00:00+00:00,0.12600464270321443
2026-01-06 02:15:00+00:00,0.12502464270321445
2026-01-06 02:30:00+00:00,0.12498464270321444
2026-01-06 02:45:00+00:00,0.12423464270321444
2026-01-06 03:00:00+00:00,0.11445490556276854
2026-01-06 03:15:00+00:00,0.11522490556276853
2026-01-06 03:30:00+00:00,0.11935490556276854
2026-01-06 03:45:00+00:00,0.12215490556276853
2026-01-06 04:00:00+00:00,0.10694739307490363
2026-01-06 04:15:00+00:00,0.10888739307490364
2026-01-06 04:30:00+00:00,0.11733739307490364
2026-01-06 04:45:00+00:00,0.12105739307490364
2026-01-06 05:00:00+00:00,0.13895772877306822
2026-01-06 05:15:00+00:00,0.1446377287730683
2026-01-06 05:30:00+00:00,0.1483077287730683
2026-01-06 05:45:00+00:00,0.1607977287730683
2026-01-06 06:00:00+00:00,0.09982685407862618
2026-01-06 06:15:00+00:00,0.11605685407862618
2026-01-06 06:30:00+00:00,0.1255868540786262
2026-01-06 06:45:00+00:00,0.1251468540786262
2026-01-06 07:00:00+00:00,0.14175476750647728
2026-01-06 07:15:00+00:00,0.15696476750647728
2026-01-06 07:30:00+00:00,0.15919476750647726
2026-01-06 07:45:00+00:00,0.15180476750647728
2026-01-06 08:00:00+00:00,0.17288445952601209
2026-01-06 08:15:00+00:00,0.1529444595260121
2026-01-06 08:30:00+00:00,0.14931445952601208
2026-01-06 08:45:00+00:00,0.1320344595260121
2026-01-06 09:00:00+00:00,0.16968736790023004
2026-01-06 09:15:00+00:00,0.14293736790023004
2026-01-06 09:30:00+00:00,0.14285736790023001
2026-01-06 09:45:00+00:00,0.13523736790023003
2026-01-06 10:00:00+00:00,0.13633382655344575
2026-01-06 10:15:00+00:00,0.12316382655344577
2026-01-06 10:30:00+00:00,0.11767382655344577
2026-01-06 10:45:00+00:00,0.11070382655344577
2026-01-06 11:00:00+00:00,0.1525906981790148
2026-01-06 11:15:00+00:00,0.14670069817901482
2026-01-06 11:30:00+00:00,0.14353069817901482
2026-01-06 11:45:00+00:00,0.1415906981790147
2026-01-06 12:00:00+00:00,0.12957672807956272
2026-01-06 12:15:00+00:00,0.12721672807956272
2026-01-06 12:30:00+00:00,0.12363672807956272
2026-01-06 12:45:00+00:00,0.12404672807956271
2026-01-06 13:00:00+00:00,0.10004439855985679
2026-01-06 13:15:00+00:00,0.10297439855985681
2026-01-06 13:30:00+00:00,0.10298439855985679
2026-01-06 13:45:00+00:00,0.1087043985598568
2026-01-06 14:00:00+00:00,0.10906905492365146
2026-01-06 14:15:00+00:00,0.11564905492365146
2026-01-06 14:30:00+00:00,0.11870905492365144
2026-01-06 14:45:00+00:00,0.12986905492365144
2026-01-06 15:00:00+00:00,0.13459071799449288
2026-01-06 15:15:00+00:00,0.14838071799449287
2026-01-06 15:30:00+00:00,0.15372071799449288
2026-01-06 15:45:00+00:00,0.1663807179944929
2026-01-06 16:00:00+00:00,0.15757031115244027
2026-01-06 16:15:00+00:00,0.1625003111524403
2026-01-06 16:30:00+00:00,0.1774003111524403
2026-01-06 16:45:00+00:00,0.17610031115244018
2026-01-06 17:00:00+00:00,0.19662929991921954
2026-01-06 17:15:00+00:00,0.18697929991921955
2026-01-06 17:30:00+00:00,0.18353929991921955
2026-01-06 17:45:00+00:00,0.17267929991921954
2026-01-06 18:00:00+00:00,0.20852130312879524
2026-01-06 18:15:00+00:00,0.19342130312879524
2026-01-06 18:30:00+00:00,0.18742130312879524
2026-01-06 18:45:00+00:00,0.18127130312879525
2026-01-06 19:00:00+00:00,0.14160464253900257
2026-01-06 19:15:00+00:00,0.1314946425390026
2026-01-06 19:30:00+00:00,0.12537464253900257
2026-01-06 19:45:00+00:00,0.11839464253900259
2026-01-06 20:00:00+00:00,0.10267754936610966
2026-01-06 20:15:00+00:00,0.09350754936610967
2026-01-06 20:30:00+00:00,0.08439754936610967
2026-01-06 20:45:00+00:00,0.08093754936610967
2026-01-06 21:00:00+00:00,0.06896432251592469
2026-01-06 21:15:00+00:00,0.0662343225159247
2026-01-06 21:30:00+00:00,0.0613243225159247
2026-01-06 21:45:00+00:00,0.05566432251592469
2026-01-06 22:00:00+00:00,0.10784911362448234
2026-01-06 22:15:00+00:00,0.09893911362448224
2026-01-06 22:30:00+00:00,0.09502911362448234
2026-01-06 22:45:00+00:00,0.08912911362448234
2026-01-06 23:00:00+00:00,0.08634246395715936
2026-01-06 23:15:00+00:00,0.08405246395715936
2026-01-06 23:30:00+00:00,0.07468246395715937
2026-01-06 23:45:00+00:00,0.07112246395715936
2026-01-07 00:00:00+00:00,0.08532794144079879
2026-01-07 00:15:00+00:00,0.08246794144079879
2026-01-07 00:30:00+00:00,0.07871794144079879
2026-01-07 00:45:00+00:00,0.07739794144079878
2026-01-07 01:00:00+00:00,0.0755229145095402
2026-01-07 01:15:00+00:00,0.0735029145095402
2026-01-07 01:30:00+00:00,0.0742629145095402
2026-01-07 01:45:00+00:00,0.0719029145095402
2026-01-07 02:00:00+00:00,0.08101301189904118
2026-01-07 02:15:00+00:00,0.07910301189904119
2026-01-07 02:30:00+00:00,0.07842301189904119
2026-01-07 02:45:00+00:00,0.07770301189904119
2026-01-07 03:00:00+00:00,0.10037705029208498
2026-01-07 03:15:00+00:00,0.10025705029208498
2026-01-07 03:30:00+00:00,0.09994705029208498
2026-01-07 03:45:00+00:00,0.10089705029208497
2026-01-07 04:00:00+00:00,0.08697571785855629
2026-01-07 04:15:00+00:00,0.08632571785855629
2026-01-07 04:30:00+00:00,0.08757571785855629
2026-01-07 04:45:00+00:00,0.09019571785855629
2026-01-07 05:00:00+00:00,0.08453513493833031
2026-01-07 05:15:00+00:00,0.08809513493833031
2026-01-07 05:30:00+00:00,0.09267513493833031
2026-01-07 05:45:00+00:00,0.09411513493833032
2026-01-07 06:00:00+00:00,0.08107018916870812
2026-01-07 06:15:00+00:00,0.07916018916870812
2026-01-07 06:30:00+00:00,0.08106018916870812
2026-01-07 06:45:00+00:00,0.07939018916870812
2026-01-07 07:00:00+00:00,0.07599822946070584
2026-01-07 07:15:00+00:00,0.07690822946070583
2026-01-07 07:30:00+00:00,0.08290822946070583
2026-01-07 07:45:00+00:00,0.07849822946070573
2026-01-07 08:00:00+00:00,0.10650424566108527
2026-01-07 08:15:00+00:00,0.10664424566108527
2026-01-07 08:30:00+00:00,0.10596424566108527
2026-01-07 08:45:00+00:00,0.09365424566108527
2026-01-07 09:00:00+00:00,0.11557176260376172
2026-01-07 09:15:00+00:00,0.10802176260376171
2026-01-07 09:30:00+00:00,0.10485176260376172
2026-01-07 09:45:00+00:00,0.10085176260376172
2026-01-07 10:00:00+00:00,0.13459515416142748
2026-01-07 10:15:00+00:00,0.13208515416142746
2026-01-07 10:30:00+00:00,0.13078515416142744
2026-01-07 10:45:00+00:00,0.13221515416142746
2026-01-07 11:00:00+00:00,0.10125375321433616
2026-01-07 11:15:00+00:00,0.09840375321433616
2026-01-07 11:30:00+00:00,0.09874375321433605
2026-01-07 11:45:00+00:00,0.09653375321433616
2026-01-07 12:00:00+00:00,0.11596752833915572
2026-01-07 12:15:00+00:00,0.11167752833915572
2026-01-07 12:30:00+00:00,0.10783752833915572
2026-01-07 12:45:00+00:00,0.10936752833915572
2026-01-07 13:00:00+00:00,0.08201560096637356
2026-01-07 13:15:00+00:00,0.08518560096637356
2026-01-07 13:30:00+00:00,0.08491560096637356
2026-01-07 13:45:00+00:00,0.09209560096637356
2026-01-07 14:00:00+00:00,0.07408703228843792
2026-01-07 14:15:00+00:00,0.08103703228843792
2026-01-07 14:30:00+00:00,0.08398703228843793
2026-01-07 14:45:00+00:00,0.08114703228843792
2026-01-07 15:00:00+00:00,0.08412628410771573
2026-01-07 15:15:00+00:00,0.08410628410771573
2026-01-07 15:30:00+00:00,0.08986628410771573
2026-01-07 15:45:00+00:00,0.09650628410771572
2026-01-07 16:00:00+00:00,0.10485419996269847
2026-01-07 16:15:00+00:00,0.10867419996269848
2026-01-07 16:30:00+00:00,0.11567419996269848
2026-01-07 16:45:00+00:00,0.11824419996269847
2026-01-07 17:00:00+00:00,0.1621199595379771
2026-01-07 17:15:00+00:00,0.1631599595379771
2026-01-07 17:30:00+00:00,0.1629599595379771
2026-01-07 17:45:00+00:00,0.1645999595379771
2026-01-07 18:00:00+00:00,0.10041727901836506
2026-01-07 18:15:00+00:00,0.10477727901836506
2026-01-07 18:30:00+00:00,0.10145727901836506
2026-01-07 18:45:00+00:00,0.09990727901836506
2026-01-07 19:00:00+00:00,0.12317697447157991
2026-01-07 19:15:00+00:00,0.1293369744715799
2026-01-07 19:30:00+00:00,0.1236569744715799
2026-01-07 19:45:00+00:00,0.1203669744715799
2026-01-07 20:00:00+00:00,0.08866899808787902
2026-01-07 20:15:00+00:00,0.08494899808787902
2026-01-07 20:30:00+00:00,0.07941899808787901
2026-01-07 20:45:00+00:00,0.07441899808787901
2026-01-07 21:00:00+00:00,0.10784736008503139
2026-01-07 21:15:00+00:00,0.11255736008503138
2026-01-07 21:30:00+00:00,0.11367736008503139
2026-01-07 21:45:00+00:00,0.11022736008503138
2026-01-07 22:00:00+00:00,0.10218335250254215
2026-01-07 22:15:00+00:00,0.09608335250254216
2026-01-07 22:30:00+00:00,0.09390335250254216
2026-01-07 22:45:00+00:00,0.09117335250254215
2026-01-07 23:00:00+00:00,0.08400182806916738
2026-01-07 23:15:00+00:00,0.08306182806916738
2026-01-07 23:30:00+00:00,0.07982182806916738
2026-01-07 23:45:00+00:00,0.07792182806916738
2026-01-08 00:00:00+00:00,0.08425100144788124
2026-01-08 00:15:00+00:00,0.08184100144788123
2026-01-08 00:30:00+00:00,0.08243100144788124
2026-01-08 00:45:00+00:00,0.08081100144788123
2026-01-08 01:00:00+00:00,0.07266848276300833
2026-01-08 01:15:00+00:00,0.07290848276300833
2026-01-08 01:30:00+00:00,0.07155848276300833
2026-01-08 01:45:00+00:00,0.07282848276300834
2026-01-08 02:00:00+00:00,0.09083643591126893
2026-01-08 02:15:00+00:00,0.09120643591126892
2026-01-08 02:30:00+00:00,0.08995643591126892
2026-01-08 02:45:00+00:00,0.09067643591126892
2026-01-08 03:00:00+00:00,0.07267982215231339
2026-01-08 03:15:00+00:00,0.0766398221523134
2026-01-08 03:30:00+00:00,0.07902982215231338
2026-01-08 03:45:00+00:00,0.07926982215231339
2026-01-08 04:00:00+00:00,0.06273988092101812
2026-01-08 04:15:00+00:00,0.06452988092101813
2026-01-08 04:30:00+00:00,0.06607988092101813
2026-01-08 04:45:00+00:00,0.06811988092101812
2026-01-08 05:00:00+00:00,0.06287830041927864
2026-01-08 05:15:00+00:00,0.06504830041927864
2026-01-08 05:30:00+00:00,0.08030830041927864
2026-01-08 05:45:00+00:00,0.08935830041927864
2026-01-08 06:00:00+00:00,0.1064412485153046
2026-01-08 06:15:00+00:00,0.1122112485153046
2026-01-08 06:30:00+00:00,0.13569124851530462
2026-01-08 06:45:00+00:00,0.16519124851530462
2026-01-08 07:00:00+00:00,0.1968853034378969
2026-01-08 07:15:00+00:00,0.19554530343789692
2026-01-08 07:30:00+00:00,0.19754530343789692
2026-01-08 07:45:00+00:00,0.2013253034378969
2026-01-08 08:00:00+00:00,0.18393979540226488
2026-01-08 08:15:00+00:00,0.19641979540226479
2026-01-08 08:30:00+00:00,0.2148997954022649
2026-01-08 08:45:00+00:00,0.18737979540226488
2026-01-08 09:00:00+00:00,0.20183005820279984
2026-01-08 09:15:00+00:00,0.22080005820279974
2026-01-08 09:30:00+00:00,0.20022005820279984
2026-01-08 09:45:00+00:00,0.20016005820279983
2026-01-08 10:00:00+00:00,0.22784196510168941
2026-01-08 10:15:00+00:00,0.2093519651016894
2026-01-08 10:30:00+00:00,0.2182019651016894
2026-01-08 10:45:00+00:00,0.2180619651016894
2026-01-08 11:00:00+00:00,0.23915736979874455
2026-01-08 11:15:00+00:00,0.23992736979874457
2026-01-08 11:30:00+00:00,0.24116736979874456
2026-01-08 11:45:00+00:00,0.2568173697987446
2026-01-08 12:00:00+00:00,0.22112108422024132
2026-01-08 12:15:00+00:00,0.2406210842202413
2026-01-08 12:30:00+00:00,0.24799108422024133
2026-01-08 12:45:00+00:00,0.2512510842202413
2026-01-08 13:00:00+00:00,0.22146934183180828
2026-01-08 13:15:00+00:00,0.2554993418318083
2026-01-08 13:30:00+00:00,0.2836593418318082
2026-01-08 13:45:00+00:00,0.2675093418318083
2026-01-08 14:00:00+00:00,0.2714977058764006
2026-01-08 14:15:00+00:00,0.2907077058764006
2026-01-08 14:30:00+00:00,0.2853277058764006
2026-01-08 14:45:00+00:00,0.2914577058764006
2026-01-08 15:00:00+00:00,0.23233826423103324
2026-01-08 15:15:00+00:00,0.24888826423103325
2026-01-08 15:30:00+00:00,0.2803182642310333
2026-01-08 15:45:00+00:00,0.30792826423103326
2026-01-08 16:00:00+00:00,0.2827890316319186
2026-01-08 16:15:00+00:00,0.2892790316319186
2026-01-08 16:30:00+00:00,0.25305903163191856
2026-01-08 16:45:00+00:00,0.22315903163191855
2026-01-08 17:00:00+00:00,0.27345687495081916
2026-01-08 17:15:00+00:00,0.20435687495081917
2026-01-08 17:30:00+00:00,0.18436687495081916
2026-01-08 17:45:00+00:00,0.14887687495081917
2026-01-08 18:00:00+00:00,0.15366076801359754
2026-01-08 18:15:00+00:00,0.14550076801359754
2026-01-08 18:30:00+00:00,0.09435076801359753
2026-01-08 18:45:00+00:00,0.07348076801359753
2026-01-08 19:00:00+00:00,0.10466050653734676
2026-01-08 19:15:00+00:00,0.08046050653734677
2026-01-08 19:30:00+00:00,0.06315050653734676
2026-01-08 19:45:00+00:00,0.05967050653734676
2026-01-08 20:00:00+00:00,0.13469527968274606
2026-01-08 20:15:00+00:00,0.12796527968274604
2026-01-08 20:30:00+00:00,0.12110527968274605
2026-01-08 20:45:00+00:00,0.11550527968274604
2026-01-08 21:00:00+00:00,0.13560181358961904
2026-01-08 21:15:00+00:00,0.12290181358961906
2026-01-08 21:30:00+00:00,0.12039181358961905
2026-01-08 21:45:00+00:00,0.11301181358961905
2026-01-08 22:00:00+00:00,0.09121139111645278
2026-01-08 22:15:00+00:00,0.07918139111645278
2026-01-08 22:30:00+00:00,0.06730139111645278
2026-01-08 22:45:00+00:00,0.06525139111645278
2026-01-08 23:00:00+00:00,0.08851905391713114
2026-01-08 23:15:00+00:00,0.07318905391713112
2026-01-08 23:30:00+00:00,0.06305905391713112
2026-01-08 23:45:00+00:00,0.06291905391713112
2026-01-09 00:00:00+00:00,0.10233357760347724
2026-01-09 00:15:00+00:00,0.10109357760347723
2026-01-09 00:30:00+00:00,0.09683357760347723
2026-01-09 00:45:00+00:00,0.08991357760347723
2026-01-09 01:00:00+00:00,0.043868385002318974
2026-01-09 01:15:00+00:00,0.03776838500231906
2026-01-09 01:30:00+00:00,0.03444838500231906
2026-01-09 01:45:00+00:00,0.03194838500231907
2026-01-09 02:00:00+00:00,0.03930967342375015
2026-01-09 02:15:00+00:00,0.03458967342375015
2026-01-09 02:30:00+00:00,0.03364967342375015
2026-01-09 02:45:00+00:00,0.03004967342375015
2026-01-09 03:00:00+00:00,0.05763092680321985
2026-01-09 03:15:00+00:00,0.05763092680321985
2026-01-09 03:30:00+00:00,0.06004092680321985
2026-01-09 03:45:00+00:00,0.06336092680321986
2026-01-09 04:00:00+00:00,0.042659255414188815
2026-01-09 04:15:00+00:00,0.04609925541418892
2026-01-09 04:30:00+00:00,0.05212925541418892
2026-01-09 04:45:00+00:00,0.05640925541418891
2026-01-09 05:00:00+00:00,0.06492588731560127
2026-01-09 05:15:00+00:00,0.07254588731560127
2026-01-09 05:30:00+00:00,0.07433588731560127
2026-01-09 05:45:00+00:00,0.07823588731560127
2026-01-09 06:00:00+00:00,0.0742467883260665
2026-01-09 06:15:00+00:00,0.0803267883260665
2026-01-09 06:30:00+00:00,0.0846267883260665
2026-01-09 06:45:00+00:00,0.0859967883260665
2026-01-09 07:00:00+00:00,0.09337282578764804
2026-01-09 07:15:00+00:00,0.09768282578764804
2026-01-09 07:30:00+00:00,0.09838282578764804
2026-01-09 07:45:00+00:00,0.09442282578764805
2026-01-09 08:00:00+00:00,0.1171420349669891
2026-01-09 08:15:00+00:00,0.11485203496698909
2026-01-09 08:30:00+00:00,0.11243203496698909
2026-01-09 08:45:00+00:00,0.1156120349669891
2026-01-09 09:00:00+00:00,0.09515446907357496
2026-01-09 09:15:00+00:00,0.09123446907357495
2026-01-09 09:30:00+00:00,0.10059446907357496
2026-01-09 09:45:00+00:00,0.09539446907357495
2026-01-09 10:00:00+00:00,0.10077217208410967
2026-01-09 10:15:00+00:00,0.09901217208410966
2026-01-09 10:30:00+00:00,0.09689217208410966
2026-01-09 10:45:00+00:00,0.09383217208410967
2026-01-09 11:00:00+00:00,0.04615873472648491
2026-01-09 11:15:00+00:00,0.04449873472648491
2026-01-09 11:30:00+00:00,0.0462887347264848
2026-01-09 11:45:00+00:00,0.0444287347264848
2026-01-09 12:00:00+00:00,0.08402481474121697
2026-01-09 12:15:00+00:00,0.08185481474121697
2026-01-09 12:30:00+00:00,0.08122481474121697
2026-01-09 12:45:00+00:00,0.08071481474121697
2026-01-09 13:00:00+00:00,0.06644590992683695
2026-01-09 13:15:00+00:00,0.06681590992683695
2026-01-09 13:30:00+00:00,0.06680590992683695
2026-01-09 13:45:00+00:00,0.06929590992683696
2026-01-09 14:00:00+00:00,0.0597546947010189
2026-01-09 14:15:00+00:00,0.06251469470101889
2026-01-09 14:30:00+00:00,0.0621946947010189
2026-01-09 14:45:00+00:00,0.0669346947010189
2026-01-09 15:00:00+00:00,0.06625422742339446
2026-01-09 15:15:00+00:00,0.07073422742339447
2026-01-09 15:30:00+00:00,0.07490422742339445
2026-01-09 15:45:00+00:00,0.07385422742339445
2026-01-09 16:00:00+00:00,0.08664058723440339
2026-01-09 16:15:00+00:00,0.08663058723440328
2026-01-09 16:30:00+00:00,0.08493058723440339
2026-01-09 16:45:00+00:00,0.08732058723440339
2026-01-09 17:00:00+00:00,0.10680942013523097
2026-01-09 17:15:00+00:00,0.11044942013523096
2026-01-09 17:30:00+00:00,0.11069942013523096
2026-01-09 17:45:00+00:00,0.10600942013523096
2026-01-09 18:00:00+00:00,0.06556795245252942
2026-01-09 18:15:00+00:00,0.06257795245252941
2026-01-09 18:30:00+00:00,0.06128795245252941
2026-01-09 18:45:00+00:00,0.062197952452529404
2026-01-09 19:00:00+00:00,0.08411284400839701
2026-01-09 19:15:00+00:00,0.08335284400839701
2026-01-09 19:30:00+00:00,0.08271284400839701
2026-01-09 19:45:00+00:00,0.08328284400839701
2026-01-09 20:00:00+00:00,0.07531353947784955
2026-01-09 20:15:00+00:00,0.07324353947784956
2026-01-09 20:30:00+00:00,0.07058353947784955
2026-01-09 20:45:00+00:00,0.06671353947784955
2026-01-09 21:00:00+00:00,0.07830911031249753
2026-01-09 21:15:00+00:00,0.07470911031249752
2026-01-09 21:30:00+00:00,0.07403911031249753
2026-01-09 21:45:00+00:00,0.07025911031249753
2026-01-09 22:00:00+00:00,0.09613535854582447
2026-01-09 22:15:00+00:00,0.09187535854582446
2026-01-09 22:30:00+00:00,0.09251535854582446
2026-01-09 22:45:00+00:00,0.09121535854582447
2026-01-09 23:00:00+00:00,0.08882770131295512
2026-01-09 23:15:00+00:00,0.08341770131295512
2026-01-09 23:30:00+00:00,0.07996770131295512
2026-01-09 23:45:00+00:00,0.07849770131295512
2026-01-10 00:00:00+00:00,0.09601426810970456
2026-01-10 00:15:00+00:00,0.09512426810970456
2026-01-10 00:30:00+00:00,0.09397426810970455
2026-01-10 00:45:00+00:00,0.09228426810970444
2026-01-10 01:00:00+00:00,0.06485100690943918
2026-01-10 01:15:00+00:00,0.06327100690943918
2026-01-10 01:30:00+00:00,0.06279100690943917
2026-01-10 01:45:00+00:00,0.06268100690943917
2026-01-10 02:00:00+00:00,0.05433227416654166
2026-01-10 02:15:00+00:00,0.05359227416654166
2026-01-10 02:30:00+00:00,0.05415227416654166
2026-01-10 02:45:00+00:00,0.05291227416654166
2026-01-10 03:00:00+00:00,0.0626066648949717
2026-01-10 03:15:00+00:00,0.062296664894971696
2026-01-10 03:30:00+00:00,0.06187666489497169
2026-01-10 03:45:00+00:00,0.0628166648949717
2026-01-10 04:00:00+00:00,0.07072580200187115
2026-01-10 04:15:00+00:00,0.07174580200187115
2026-01-10 04:30:00+00:00,0.07392580200187115
2026-01-10 04:45:00+00:00,0.07526580200187115
2026-01-10 05:00:00+00:00,0.069644479730848
2026-01-10 05:15:00+00:00,0.071844479730848
2026-01-10 05:30:00+00:00,0.074644479730848
2026-01-10 05:45:00+00:00,0.07668447973084801
2026-01-10 06:00:00+00:00,0.05026471143130112
2026-01-10 06:15:00+00:00,0.05568471143130112
2026-01-10 06:30:00+00:00,0.05911471143130112
2026-01-10 06:45:00+00:00,0.06189471143130103
2026-01-10 07:00:00+00:00,0.08162272117669127
2026-01-10 07:15:00+00:00,0.08308272117669137
2026-01-10 07:30:00+00:00,0.08924272117669137
2026-01-10 07:45:00+00:00,0.09281272117669136
2026-01-10 08:00:00+00:00,0.09460362353202952
2026-01-10 08:15:00+00:00,0.0975636235320295
2026-01-10 08:30:00+00:00,0.09760362353202941
2026-01-10 08:45:00+00:00,0.0964536235320295
2026-01-10 09:00:00+00:00,0.13810779086518377
2026-01-10 09:15:00+00:00,0.14097779086518375
2026-01-10 09:30:00+00:00,0.14703779086518376
2026-01-10 09:45:00+00:00,0.14928779086518376
2026-01-10 10:00:00+00:00,0.12930642735563655
2026-01-10 10:15:00+00:00,0.13627642735563655
2026-01-10 10:30:00+00:00,0.13807642735563655
2026-01-10 10:45:00+00:00,0.14051642735563655
2026-01-10 11:00:00+00:00,0.08480192273731571
2026-01-10 11:15:00+00:00,0.0877519227373157
2026-01-10 11:30:00+00:00,0.08452192273731571
2026-01-10 11:45:00+00:00,0.08649192273731571
2026-01-10 12:00:00+00:00,0.09613942143653739
2026-01-10 12:15:00+00:00,0.09778942143653739
2026-01-10 12:30:00+00:00,0.0991194214365374
2026-01-10 12:45:00+00:00,0.10512942143653739
2026-01-10 13:00:00+00:00,0.08095971511324282
2026-01-10 13:15:00+00:00,0.08075971511324281
2026-01-10 13:30:00+00:00,0.08781971511324271
2026-01-10 13:45:00+00:00,0.08866971511324281
2026-01-10 14:00:00+00:00,0.09903594505956173
2026-01-10 14:15:00+00:00,0.10435594505956163
2026-01-10 14:30:00+00:00,0.10602594505956173
2026-01-10 14:45:00+00:00,0.11803594505956162
2026-01-10 15:00:00+00:00,0.12654914232854955
2026-01-10 15:15:00+00:00,0.13074914232854956
2026-01-10 15:30:00+00:00,0.12938914232854956
2026-01-10 15:45:00+00:00,0.14853914232854956
2026-01-10 16:00:00+00:00,0.15614717968782466
2026-01-10 16:15:00+00:00,0.16122717968782466
2026-01-10 16:30:00+00:00,0.16423717968782467
2026-01-10 16:45:00+00:00,0.16512717968782467
2026-01-10 17:00:00+00:00,0.13017331459760884
2026-01-10 17:15:00+00:00,0.12459331459760883
2026-01-10 17:30:00+00:00,0.12316331459760882
2026-01-10 17:45:00+00:00,0.11612331459760883
2026-01-10 18:00:00+00:00,0.1228502656278822
2026-01-10 18:15:00+00:00,0.11750026562788221
2026-01-10 18:30:00+00:00,0.11334026562788221
2026-01-10 18:45:00+00:00,0.11145026562788221
2026-01-10 19:00:00+00:00,0.08959424181388775
2026-01-10 19:15:00+00:00,0.08126424181388775
2026-01-10 19:30:00+00:00,0.07950424181388774
2026-01-10 19:45:00+00:00,0.07377424181388775
2026-01-10 20:00:00+00:00,0.11550106505120906
2026-01-10 20:15:00+00:00,0.11145106505120907
2026-01-10 20:30:00+00:00,0.11140106505120907
2026-01-10 20:45:00+00:00,0.10253106505120907
2026-01-10 21:00:00+00:00,0.09493847050526139
2026-01-10 21:15:00+00:00,0.09428847050526148
2026-01-10 21:30:00+00:00,0.0838084705052615
2026-01-10 21:45:00+00:00,0.07959847050526149
2026-01-10 22:00:00+00:00,0.09203171762578605
2026-01-10 22:15:00+00:00,0.08777171762578605
2026-01-10 22:30:00+00:00,0.08802171762578605
2026-01-10 22:45:00+00:00,0.08605171762578605
2026-01-10 23:00:00+00:00,0.09208795995922478
2026-01-10 23:15:00+00:00,0.08160795995922479
2026-01-10 23:30:00+00:00,0.0775879599592248
2026-01-10 23:45:00+00:00,0.07187795995922477
2026-01-11 00:00:00+00:00,0.09725795531710658
2026-01-11 00:15:00+00:00,0.09081795531710658
2026-01-11 00:30:00+00:00,0.0891779553171066
2026-01-11 00:45:00+00:00,0.08680795531710658
2026-01-11 01:00:00+00:00,0.05969229558958248
2026-01-11 01:15:00+00:00,0.05679229558958248
2026-01-11 01:30:00+00:00,0.053902295589582476
2026-01-11 01:45:00+00:00,0.05256229558958248
2026-01-11 02:00:00+00:00,0.057223506650207416
2026-01-11 02:15:00+00:00,0.05756350665020741
2026-01-11 02:30:00+00:00,0.05760350665020741
2026-01-11 02:45:00+00:00,0.05922350665020742
2026-01-11 03:00:00+00:00,0.1241642436426415
2026-01-11 03:15:00+00:00,0.12215424364264149
2026-01-11 03:30:00+00:00,0.12054424364264149
2026-01-11 03:45:00+00:00,0.1203542436426415
2026-01-11 04:00:00+00:00,0.05798401641018444
2026-01-11 04:15:00+00:00,0.05798401641018444
2026-01-11 04:30:00+00:00,0.05854401641018443
2026-01-11 04:45:00+00:00,0.05990401641018443
2026-01-11 05:00:00+00:00,0.06077691116743217
2026-01-11 05:15:00+00:00,0.06148691116743217
2026-01-11 05:30:00+00:00,0.06148691116743217
2026-01-11 05:45:00+00:00,0.06204691116743216
2026-01-11 06:00:00+00:00,0.11488270630943666
2026-01-11 06:15:00+00:00,0.11621270630943656
2026-01-11 06:30:00+00:00,0.11943270630943667
2026-01-11 06:45:00+00:00,0.12152270630943666
2026-01-11 07:00:00+00:00,0.14039969232670724
2026-01-11 07:15:00+00:00,0.14334969232670725
2026-01-11 07:30:00+00:00,0.14621969232670726
2026-01-11 07:45:00+00:00,0.15178969232670725
2026-01-11 08:00:00+00:00,0.08238283296954327
2026-01-11 08:15:00+00:00,0.08186283296954326
2026-01-11 08:30:00+00:00,0.08166283296954327
2026-01-11 08:45:00+00:00,0.08039283296954326
2026-01-11 09:00:00+00:00,0.09716354164712282
2026-01-11 09:15:00+00:00,0.09491354164712283
2026-01-11 09:30:00+00:00,0.09371354164712282
2026-01-11 09:45:00+00:00,0.08987354164712283
2026-01-11 10:00:00+00:00,0.10895597544550081
2026-01-11 10:15:00+00:00,0.10691597544550081
2026-01-11 10:30:00+00:00,0.10624597544550082
2026-01-11 10:45:00+00:00,0.10265597544550081
2026-01-11 11:00:00+00:00,0.1314742735979843
2026-01-11 11:15:00+00:00,0.1297342735979843
2026-01-11 11:30:00+00:00,0.1300942735979843
2026-01-11 11:45:00+00:00,0.12410427359798432
2026-01-11 12:00:00+00:00,0.080526812659376
2026-01-11 12:15:00+00:00,0.07559681265937601
2026-01-11 12:30:00+00:00,0.078226812659376
2026-01-11 12:45:00+00:00,0.07918681265937591
2026-01-11 13:00:00+00:00,0.09179309699631807
2026-01-11 13:15:00+00:00,0.09380309699631807
2026-01-11 13:30:00+00:00,0.09639309699631808
2026-01-11 13:45:00+00:00,0.09549309699631808
2026-01-11 14:00:00+00:00,0.10449333261396286
2026-01-11 14:15:00+00:00,0.11328333261396287
2026-01-11 14:30:00+00:00,0.12151333261396287
2026-01-11 14:45:00+00:00,0.12294333261396276
2026-01-11 15:00:00+00:00,0.1107086893958416
2026-01-11 15:15:00+00:00,0.1185486893958416
2026-01-11 15:30:00+00:00,0.12108868939584148
2026-01-11 15:45:00+00:00,0.1286286893958416
2026-01-11 16:00:00+00:00,0.10737825091492263
2026-01-11 16:15:00+00:00,0.11094825091492264
2026-01-11 16:30:00+00:00,0.11060825091492263
2026-01-11 16:45:00+00:00,0.10841825091492263
2026-01-11 17:00:00+00:00,0.11582104526471863
2026-01-11 17:15:00+00:00,0.11273104526471864
2026-01-11 17:30:00+00:00,0.10671104526471864
2026-01-11 17:45:00+00:00,0.10389104526471864
2026-01-11 18:00:00+00:00,0.08227672347092102
2026-01-11 18:15:00+00:00,0.08216672347092102
2026-01-11 18:30:00+00:00,0.08095672347092102
2026-01-11 18:45:00+00:00,0.07837672347092102
2026-01-11 19:00:00+00:00,0.09972363262774683
2026-01-11 19:15:00+00:00,0.09344363262774673
2026-01-11 19:30:00+00:00,0.08959363262774683
2026-01-11 19:45:00+00:00,0.08389363262774684
2026-01-11 20:00:00+00:00,0.09600521394929404
2026-01-11 20:15:00+00:00,0.08964521394929403
2026-01-11 20:30:00+00:00,0.08927521394929404
2026-01-11 20:45:00+00:00,0.08551521394929404
2026-01-11 21:00:00+00:00,0.10136604844355984
2026-01-11 21:15:00+00:00,0.09741604844355994
2026-01-11 21:30:00+00:00,0.09680604844355994
2026-01-11 21:45:00+00:00,0.09355604844355994
2026-01-11 22:00:00+00:00,0.08017603762863908
2026-01-11 22:15:00+00:00,0.07573603762863908
2026-01-11 22:30:00+00:00,0.07345603762863907
2026-01-11 22:45:00+00:00,0.07073603762863907
2026-01-11 23:00:00+00:00,0.08938437152302782
2026-01-11 23:15:00+00:00,0.08965437152302771
2026-01-11 23:30:00+00:00,0.09103437152302782
2026-01-11 23:45:00+00:00,0.08961437152302781
2026-01-12 00:00:00+00:00,0.10106833351531304
2026-01-12 00:15:00+00:00,0.10046833351531315
2026-01-12 00:30:00+00:00,0.09954833351531314
2026-01-12 00:45:00+00:00,0.09811833351531314
2026-01-12 01:00:00+00:00,0.08299596483872662
2026-01-12 01:15:00+00:00,0.08246596483872662
2026-01-12 01:30:00+00:00,0.08218596483872662
2026-01-12 01:45:00+00:00,0.07994596483872662
2026-01-12 02:00:00+00:00,0.08432341298167183
2026-01-12 02:15:00+00:00,0.08371341298167183
2026-01-12 02:30:00+00:00,0.08401341298167182
2026-01-12 02:45:00+00:00,0.08304341298167182
2026-01-12 03:00:00+00:00,0.07627671273465506
2026-01-12 03:15:00+00:00,0.07720671273465517
2026-01-12 03:30:00+00:00,0.07792671273465517
2026-01-12 03:45:00+00:00,0.07883671273465516
2026-01-12 04:00:00+00:00,0.07530155069641817
2026-01-12 04:15:00+00:00,0.07571155069641827
2026-01-12 04:30:00+00:00,0.08220155069641827
2026-01-12 04:45:00+00:00,0.08744155069641828
2026-01-12 05:00:00+00:00,0.06534159887447546
2026-01-12 05:15:00+00:00,0.07691159887447556
2026-01-12 05:30:00+00:00,0.07337159887447556
2026-01-12 05:45:00+00:00,0.07903159887447556
2026-01-12 06:00:00+00:00,0.09527548216515315
2026-01-12 06:15:00+00:00,0.10161548216515315
2026-01-12 06:30:00+00:00,0.10854548216515315
2026-01-12 06:45:00+00:00,0.10931548216515315
2026-01-12 07:00:00+00:00,0.10770238946010952
2026-01-12 07:15:00+00:00,0.11529238946010952
2026-01-12 07:30:00+00:00,0.12511238946010952
2026-01-12 07:45:00+00:00,0.10721238946010951
2026-01-12 08:00:00+00:00,0.16539130702304697
2026-01-12 08:15:00+00:00,0.176041307023047
2026-01-12 08:30:00+00:00,0.17245130702304698
2026-01-12 08:45:00+00:00,0.15935130702304698
2026-01-12 09:00:00+00:00,0.15397989974486706
2026-01-12 09:15:00+00:00,0.14417989974486706
2026-01-12 09:30:00+00:00,0.15886989974486707
2026-01-12 09:45:00+00:00,0.15619989974486706
2026-01-12 10:00:00+00:00,0.13109980862090428
2026-01-12 10:15:00+00:00,0.1430898086209043
2026-01-12 10:30:00+00:00,0.1471798086209043
2026-01-12 10:45:00+00:00,0.1264598086209043
2026-01-12 11:00:00+00:00,0.09720906461080807
2026-01-12 11:15:00+00:00,0.12025906461080808
2026-01-12 11:30:00+00:00,0.12197906461080808
2026-01-12 11:45:00+00:00,0.12431906461080806
2026-01-12 12:00:00+00:00,0.11589979030574338
2026-01-12 12:15:00+00:00,0.11826979030574339
2026-01-12 12:30:00+00:00,0.11554979030574339
2026-01-12 12:45:00+00:00,0.09955979030574338
2026-01-12 13:00:00+00:00,0.14096687581004685
2026-01-12 13:15:00+00:00,0.14986687581004685
2026-01-12 13:30:00+00:00,0.15397687581004685
2026-01-12 13:45:00+00:00,0.15621687581004684
2026-01-12 14:00:00+00:00,0.14081793408219276
2026-01-12 14:15:00+00:00,0.14080793408219275
2026-01-12 14:30:00+00:00,0.13174793408219276
2026-01-12 14:45:00+00:00,0.13278793408219275
2026-01-12 15:00:00+00:00,0.11735248349267731
2026-01-12 15:15:00+00:00,0.1387224834926773
2026-01-12 15:30:00+00:00,0.1303424834926773
2026-01-12 15:45:00+00:00,0.1271924834926773
2026-01-12 16:00:00+00:00,0.09094378312205531
2026-01-12 16:15:00+00:00,0.08850378312205531
2026-01-12 16:30:00+00:00,0.08495378312205532
2026-01-12 16:45:00+00:00,0.08577378312205533
2026-01-12 17:00:00+00:00,0.14185138937705485
2026-01-12 17:15:00+00:00,0.13404138937705484
2026-01-12 17:30:00+00:00,0.12423138937705483
2026-01-12 17:45:00+00:00,0.13404138937705484
2026-01-12 18:00:00+00:00,0.1133498302888547
2026-01-12 18:15:00+00:00,0.11249983028885471
2026-01-12 18:30:00+00:00,0.11088983028885471
2026-01-12 18:45:00+00:00,0.1060098302888547
2026-01-12 19:00:00+00:00,0.08231618665213913
2026-01-12 19:15:00+00:00,0.07423618665213913
2026-01-12 19:30:00+00:00,0.06969618665213914
2026-01-12 19:45:00+00:00,0.06605618665213914
2026-01-12 20:00:00+00:00,0.08742588048751748
2026-01-12 20:15:00+00:00,0.08235588048751749
2026-01-12 20:30:00+00:00,0.07914588048751749
2026-01-12 20:45:00+00:00,0.08359588048751748
2026-01-12 21:00:00+00:00,0.10019572039464783
2026-01-12 21:15:00+00:00,0.09728572039464793
2026-01-12 21:30:00+00:00,0.09503572039464794
2026-01-12 21:45:00+00:00,0.09552572039464793
2026-01-12 22:00:00+00:00,0.09141406086003029
2026-01-12 22:15:00+00:00,0.08795406086003028
2026-01-12 22:30:00+00:00,0.08596406086003029
2026-01-12 22:45:00+00:00,0.08271406086003029
2026-01-12 23:00:00+00:00,0.08209144667701404
2026-01-12 23:15:00+00:00,0.07963144667701405
2026-01-12 23:30:00+00:00,0.07773144667701404
2026-01-12 23:45:00+00:00,0.07629144667701404
2026-01-13 00:00:00+00:00,0.08305843573763934
2026-01-13 00:15:00+00:00,0.08116843573763924
2026-01-13 00:30:00+00:00,0.08031843573763935
2026-01-13 00:45:00+00:00,0.07860843573763934
2026-01-13 01:00:00+00:00,0.07887999520548408
2026-01-13 01:15:00+00:00,0.07762999520548408
2026-01-13 01:30:00+00:00,0.07772999520548408
2026-01-13 01:45:00+00:00,0.07797999520548408
2026-01-13 02:00:00+00:00,0.08625328800753639
2026-01-13 02:15:00+00:00,0.08668328800753639
2026-01-13 02:30:00+00:00,0.08737328800753628
2026-01-13 02:45:00+00:00,0.08736328800753639
2026-01-13 03:00:00+00:00,0.11163820056598972
2026-01-13 03:15:00+00:00,0.11226820056598973
2026-01-13 03:30:00+00:00,0.11290820056598973
2026-01-13 03:45:00+00:00,0.11832820056598972
2026-01-13 04:00:00+00:00,0.03778846124615344
2026-01-13 04:15:00+00:00,0.03929846124615344
2026-01-13 04:30:00+00:00,0.04283846124615344
2026-01-13 04:45:00+00:00,0.046328461246153446
2026-01-13 05:00:00+00:00,0.08214795114519435
2026-01-13 05:15:00+00:00,0.09165795114519436
2026-01-13 05:30:00+00:00,0.09411795114519436
2026-01-13 05:45:00+00:00,0.10487795114519435
2026-01-13 06:00:00+00:00,0.09837336003121286
2026-01-13 06:15:00+00:00,0.12393336003121297
2026-01-13 06:30:00+00:00,0.12529336003121297
2026-01-13 06:45:00+00:00,0.12949336003121298
2026-01-13 07:00:00+00:00,0.12748879613777853
2026-01-13 07:15:00+00:00,0.13363879613777843
2026-01-13 07:30:00+00:00,0.14438879613777852
2026-01-13 07:45:00+00:00,0.13545879613777853
2026-01-13 08:00:00+00:00,0.13429618695328222
2026-01-13 08:15:00+00:00,0.12716618695328222
2026-01-13 08:30:00+00:00,0.1230961869532822
2026-01-13 08:45:00+00:00,0.11817618695328222
2026-01-13 09:00:00+00:00,0.12171079171000698
2026-01-13 09:15:00+00:00,0.114850791710007
2026-01-13 09:30:00+00:00,0.10540079171000699
2026-01-13 09:45:00+00:00,0.09771079171000699
2026-01-13 10:00:00+00:00,0.13102681349009448
2026-01-13 10:15:00+00:00,0.1322568134900945
2026-01-13 10:30:00+00:00,0.13102681349009448
2026-01-13 10:45:00+00:00,0.1252068134900945
2026-01-13 11:00:00+00:00,0.1538095149925794
2026-01-13 11:15:00+00:00,0.1493295149925794
2026-01-13 11:30:00+00:00,0.1477195149925794
2026-01-13 11:45:00+00:00,0.14679951499257937
2026-01-13 12:00:00+00:00,0.08924578080769717
2026-01-13 12:15:00+00:00,0.08658578080769716
2026-01-13 12:30:00+00:00,0.08314578080769716
2026-01-13 12:45:00+00:00,0.08019578080769717
2026-01-13 13:00:00+00:00,0.1351125671070995
2026-01-13 13:15:00+00:00,0.13589256710709952
2026-01-13 13:30:00+00:00,0.1381625671070995
2026-01-13 13:45:00+00:00,0.1431825671070995
2026-01-13 14:00:00+00:00,0.10694345271546742
2026-01-13 14:15:00+00:00,0.11896345271546742
2026-01-13 14:30:00+00:00,0.11596345271546742
2026-01-13 14:45:00+00:00,0.11604345271546741
2026-01-13 15:00:00+00:00,0.11274318450081264
2026-01-13 15:15:00+00:00,0.12092318450081264
2026-01-13 15:30:00+00:00,0.12091318450081263
2026-01-13 15:45:00+00:00,0.12951318450081253
2026-01-13 16:00:00+00:00,0.10270332218555185
2026-01-13 16:15:00+00:00,0.10387332218555184
2026-01-13 16:30:00+00:00,0.10269332218555184
2026-01-13 16:45:00+00:00,0.10266332218555184
2026-01-13 17:00:00+00:00,0.11416447339525958
2026-01-13 17:15:00+00:00,0.10938447339525957
2026-01-13 17:30:00+00:00,0.10426447339525957
2026-01-13 17:45:00+00:00,0.10101447339525958
2026-01-13 18:00:00+00:00,0.13709790910269176
2026-01-13 18:15:00+00:00,0.12604790910269187
2026-01-13 18:30:00+00:00,0.11603790910269188
2026-01-13 18:45:00+00:00,0.11130790910269187
2026-01-13 19:00:00+00:00,0.11155610617171349
2026-01-13 19:15:00+00:00,0.0997361061717135
2026-01-13 19:30:00+00:00,0.09852610617171348
2026-01-13 19:45:00+00:00,0.09680610617171348
2026-01-13 20:00:00+00:00,0.12855067899078748
2026-01-13 20:15:00+00:00,0.12872067899078748
2026-01-13 20:30:00+00:00,0.12194067899078748
2026-01-13 20:45:00+00:00,0.1169406789907875
2026-01-13 21:00:00+00:00,0.11406457184085349
2026-01-13 21:15:00+00:00,0.11113457184085349
2026-01-13 21:30:00+00:00,0.11288457184085349
2026-01-13 21:45:00+00:00,0.10845457184085348
2026-01-13 22:00:00+00:00,0.10100807913916321
2026-01-13 22:15:00+00:00,0.09189807913916322
2026-01-13 22:30:00+00:00,0.08797807913916321
2026-01-13 22:45:00+00:00,0.08207807913916322
2026-01-13 23:00:00+00:00,0.12144424649124354
2026-01-13 23:15:00+00:00,0.11936424649124354
2026-01-13 23:30:00+00:00,0.11500424649124344
2026-01-13 23:45:00+00:00,0.11461424649124344
2026-01-14 00:00:00+00:00,0.09299636073516569
2026-01-14 00:15:00+00:00,0.09198636073516568
2026-01-14 00:30:00+00:00,0.09259636073516568
2026-01-14 00:45:00+00:00,0.09186636073516569
2026-01-14 01:00:00+00:00,0.10169402141594364
2026-01-14 01:15:00+00:00,0.10106402141594363
2026-01-14 01:30:00+00:00,0.10111402141594364
2026-01-14 01:45:00+00:00,0.10049402141594363
2026-01-14 02:00:00+00:00,0.08056060233362514
2026-01-14 02:15:00+00:00,0.08084060233362514
2026-01-14 02:30:00+00:00,0.08070060233362514
2026-01-14 02:45:00+00:00,0.08075060233362513
2026-01-14 03:00:00+00:00,0.08669275836297544
2026-01-14 03:15:00+00:00,0.08772275836297543
2026-01-14 03:30:00+00:00,0.08946275836297543
2026-01-14 03:45:00+00:00,0.09159275836297544
2026-01-14 04:00:00+00:00,0.07685505737035375
2026-01-14 04:15:00+00:00,0.07695505737035377
2026-01-14 04:30:00+00:00,0.07680505737035376
2026-01-14 04:45:00+00:00,0.07756505737035377
2026-01-14 05:00:00+00:00,0.10582329246202508
2026-01-14 05:15:00+00:00,0.11211329246202509
2026-01-14 05:30:00+00:00,0.11541329246202509
2026-01-14 05:45:00+00:00,0.11996329246202508
2026-01-14 06:00:00+00:00,0.0739390428258284
2026-01-14 06:15:00+00:00,0.07839904282582841
2026-01-14 06:30:00+00:00,0.0829490428258284
2026-01-14 06:45:00+00:00,0.0986690428258284
2026-01-14 07:00:00+00:00,0.1360954406136049
2026-01-14 07:15:00+00:00,0.1453154406136049
2026-01-14 07:30:00+00:00,0.1460854406136049
2026-01-14 07:45:00+00:00,0.14583544061360493
2026-01-14 08:00:00+00:00,0.13951684699233727
2026-01-14 08:15:00+00:00,0.13394684699233725
2026-01-14 08:30:00+00:00,0.12475684699233718
2026-01-14 08:45:00+00:00,0.11589684699233728
2026-01-14 09:00:00+00:00,0.14695129566910603
2026-01-14 09:15:00+00:00,0.138931295669106
2026-01-14 09:30:00+00:00,0.133821295669106
2026-01-14 09:45:00+00:00,0.132191295669106
2026-01-14 10:00:00+00:00,0.12564698067587893
2026-01-14 10:15:00+00:00,0.12284698067587901
2026-01-14 10:30:00+00:00,0.11919698067587901
2026-01-14 10:45:00+00:00,0.11762698067587903
2026-01-14 11:00:00+00:00,0.13812379850766043
2026-01-14 11:15:00+00:00,0.1363137985076604
2026-01-14 11:30:00+00:00,0.13706379850766043
2026-01-14 11:45:00+00:00,0.1362137985076604
2026-01-14 12:00:00+00:00,0.11616775429985153
2026-01-14 12:15:00+00:00,0.11532775429985154
2026-01-14 12:30:00+00:00,0.11644775429985153
2026-01-14 12:45:00+00:00,0.12016775429985153
2026-01-14 13:00:00+00:00,0.07388425647555351
2026-01-14 13:15:00+00:00,0.0811242564755535
2026-01-14 13:30:00+00:00,0.0958342564755535
2026-01-14 13:45:00+00:00,0.1064842564755535
2026-01-14 14:00:00+00:00,0.11922975658000455
2026-01-14 14:15:00+00:00,0.12976975658000456
2026-01-14 14:30:00+00:00,0.16065975658000445
2026-01-14 14:45:00+00:00,0.16393975658000445
2026-01-14 15:00:00+00:00,0.09089473774933154
2026-01-14 15:15:00+00:00,0.11098473774933154
2026-01-14 15:30:00+00:00,0.13667473774933153
2026-01-14 15:45:00+00:00,0.18673473774933155
2026-01-14 16:00:00+00:00,0.1554667714779277
2026-01-14 16:15:00+00:00,0.1944667714779277
2026-01-14 16:30:00+00:00,0.2146367714779277
2026-01-14 16:45:00+00:00,0.1974267714779277
2026-01-14 17:00:00+00:00,0.2186583454819311
2026-01-14 17:15:00+00:00,0.2088083454819311
2026-01-14 17:30:00+00:00,0.2032183454819311
2026-01-14 17:45:00+00:00,0.2098083454819311
2026-01-14 18:00:00+00:00,0.20136448255445688
2026-01-14 18:15:00+00:00,0.17306448255445686
2026-01-14 18:30:00+00:00,0.15909448255445688
2026-01-14 18:45:00+00:00,0.14840448255445687
2026-01-14 19:00:00+00:00,0.13947737397388213
2026-01-14 19:15:00+00:00,0.12315737397388224
2026-01-14 19:30:00+00:00,0.11631737397388223
2026-01-14 19:45:00+00:00,0.10571737397388223
2026-01-14 20:00:00+00:00,0.12136326334489637
2026-01-14 20:15:00+00:00,0.11337326334489638
2026-01-14 20:30:00+00:00,0.09375326334489636
2026-01-14 20:45:00+00:00,0.08415326334489637
2026-01-14 21:00:00+00:00,0.12630236060979544
2026-01-14 21:15:00+00:00,0.12982236060979543
2026-01-14 21:30:00+00:00,0.10313236060979543
2026-01-14 21:45:00+00:00,0.09860236060979544
2026-01-14 22:00:00+00:00,0.08397609123035268
2026-01-14 22:15:00+00:00,0.07584609123035269
2026-01-14 22:30:00+00:00,0.07171609123035269
2026-01-14 22:45:00+00:00,0.06739609123035269
2026-01-14 23:00:00+00:00,0.09800800923062383
2026-01-14 23:15:00+00:00,0.09117800923062383
2026-01-14 23:30:00+00:00,0.08343800923062383
2026-01-14 23:45:00+00:00,0.08050800923062384
2026-01-15 00:00:00+00:00,0.10421307556216633
2026-01-15 00:15:00+00:00,0.10075307556216632
2026-01-15 00:30:00+00:00,0.09838307556216633
2026-01-15 00:45:00+00:00,0.09577307556216633
2026-01-15 01:00:00+00:00,0.11545849401958652
2026-01-15 01:15:00+00:00,0.11085849401958653
2026-01-15 01:30:00+00:00,0.10822849401958652
2026-01-15 01:45:00+00:00,0.10772849401958652
2026-01-15 02:00:00+00:00,0.09774579991256814
2026-01-15 02:15:00+00:00,0.09688579991256814
2026-01-15 02:30:00+00:00,0.09568579991256815
2026-01-15 02:45:00+00:00,0.09365579991256814
2026-01-15 03:00:00+00:00,0.04041827846481119
2026-01-15 03:15:00+00:00,0.0402582784648112
2026-01-15 03:30:00+00:00,0.04066827846481119
2026-01-15 03:45:00+00:00,0.04196827846481109
2026-01-15 04:00:00+00:00,0.08959264258057403
2026-01-15 04:15:00+00:00,0.08959264258057403
2026-01-15 04:30:00+00:00,0.09210264258057403
2026-01-15 04:45:00+00:00,0.09508264258057403
2026-01-15 05:00:00+00:00,0.09493359417264481
2026-01-15 05:15:00+00:00,0.09782359417264481
2026-01-15 05:30:00+00:00,0.09929359417264481
2026-01-15 05:45:00+00:00,0.10605359417264482
2026-01-15 06:00:00+00:00,0.10831510336013477
2026-01-15 06:15:00+00:00,0.11084510336013477
2026-01-15 06:30:00+00:00,0.11339510336013477
2026-01-15 06:45:00+00:00,0.11832510336013477
2026-01-15 07:00:00+00:00,0.1346973427862409
2026-01-15 07:15:00+00:00,0.13743734278624092
2026-01-15 07:30:00+00:00,0.1346973427862409
2026-01-15 07:45:00+00:00,0.13185734278624092
2026-01-15 08:00:00+00:00,0.0688586478706377
2026-01-15 08:15:00+00:00,0.06529864787063769
2026-01-15 08:30:00+00:00,0.061768647870637704
2026-01-15 08:45:00+00:00,0.0580886478706377
2026-01-15 09:00:00+00:00,0.09642866112837101
2026-01-15 09:15:00+00:00,0.09087866112837101
2026-01-15 09:30:00+00:00,0.08664866112837101
2026-01-15 09:45:00+00:00,0.08419866112837102
2026-01-15 10:00:00+00:00,0.11252771717728051
2026-01-15 10:15:00+00:00,0.10913771717728052
2026-01-15 10:30:00+00:00,0.10736771717728051
2026-01-15 10:45:00+00:00,0.1058477171772804
2026-01-15 11:00:00+00:00,0.06744870209872994
2026-01-15 11:15:00+00:00,0.06490870209872995
2026-01-15 11:30:00+00:00,0.06508870209872994
2026-01-15 11:45:00+00:00,0.06743870209872996
2026-01-15 12:00:00+00:00,0.12556009791346512
2026-01-15 12:15:00+00:00,0.12726009791346513
2026-01-15 12:30:00+00:00,0.1288000979134651
2026-01-15 12:45:00+00:00,0.1293200979134651
2026-01-15 13:00:00+00:00,0.10816843649629296
2026-01-15 13:15:00+00:00,0.11176843649629295
2026-01-15 13:30:00+00:00,0.11095843649629294
2026-01-15 13:45:00+00:00,0.11875843649629284
2026-01-15 14:00:00+00:00,0.11876571353789192
2026-01-15 14:15:00+00:00,0.13563571353789194
2026-01-15 14:30:00+00:00,0.14264571353789193
2026-01-15 14:45:00+00:00,0.1575557135378919
2026-01-15 15:00:00+00:00,0.11359909042289515
2026-01-15 15:15:00+00:00,0.12416909042289515
2026-01-15 15:30:00+00:00,0.12784909042289513
2026-01-15 15:45:00+00:00,0.13390909042289514
2026-01-15 16:00:00+00:00,0.16613265096001215
2026-01-15 16:15:00+00:00,0.16987265096001214
2026-01-15 16:30:00+00:00,0.15883265096001215
2026-01-15 16:45:00+00:00,0.14695265096001214
2026-01-15 17:00:00+00:00,0.1531228276063393
2026-01-15 17:15:00+00:00,0.1361228276063393
2026-01-15 17:30:00+00:00,0.1371528276063393
2026-01-15 17:45:00+00:00,0.1311128276063393
2026-01-15 18:00:00+00:00,0.11648906011819507
2026-01-15 18:15:00+00:00,0.10835906011819518
2026-01-15 18:30:00+00:00,0.10757906011819518
2026-01-15 18:45:00+00:00,0.10665906011819518
2026-01-15 19:00:00+00:00,0.10540704242085855
2026-01-15 19:15:00+00:00,0.10445704242085856
2026-01-15 19:30:00+00:00,0.10217704242085855
2026-01-15 19:45:00+00:00,0.09782704242085845
2026-01-15 20:00:00+00:00,0.09832747169506487
2026-01-15 20:15:00+00:00,0.09545747169506487
2026-01-15 20:30:00+00:00,0.09504747169506486
2026-01-15 20:45:00+00:00,0.09501747169506487
2026-01-15 21:00:00+00:00,0.07825630325265154
2026-01-15 21:15:00+00:00,0.07312630325265154
2026-01-15 21:30:00+00:00,0.07187630325265154
2026-01-15 21:45:00+00:00,0.06685630325265154
2026-01-15 22:00:00+00:00,0.08728920706413328
2026-01-15 22:15:00+00:00,0.08140920706413328
2026-01-15 22:30:00+00:00,0.07918920706413328
2026-01-15 22:45:00+00:00,0.06588920706413327
2026-01-15 23:00:00+00:00,0.08681744660591585
2026-01-15 23:15:00+00:00,0.08079744660591584
2026-01-15 23:30:00+00:00,0.07352744660591584
2026-01-15 23:45:00+00:00,0.07184744660591584
2026-01-16 00:00:00+00:00,0.08603474124930052
2026-01-16 00:15:00+00:00,0.08220474124930063
2026-01-16 00:30:00+00:00,0.08124474124930063
2026-01-16 00:45:00+00:00,0.07869474124930063
2026-01-16 01:00:00+00:00,0.09125145496873593
2026-01-16 01:15:00+00:00,0.09051145496873593
2026-01-16 01:30:00+00:00,0.08747145496873593
2026-01-16 01:45:00+00:00,0.08654145496873593
2026-01-16 02:00:00+00:00,0.04800973359273471
2026-01-16 02:15:00+00:00,0.04730973359273481
2026-01-16 02:30:00+00:00,0.047659733592734815
2026-01-16 02:45:00+00:00,0.04813973359273481
2026-01-16 03:00:00+00:00,0.06661299852369201
2026-01-16 03:15:00+00:00,0.06677299852369191
2026-01-16 03:30:00+00:00,0.06920299852369201
2026-01-16 03:45:00+00:00,0.07374299852369201
2026-01-16 04:00:00+00:00,0.10276127810573367
2026-01-16 04:15:00+00:00,0.10647127810573367
2026-01-16 04:30:00+00:00,0.11070127810573367
2026-01-16 04:45:00+00:00,0.11715127810573367
2026-01-16 05:00:00+00:00,0.06854680098964644
2026-01-16 05:15:00+00:00,0.07437680098964652
2026-01-16 05:30:00+00:00,0.07981680098964652
2026-01-16 05:45:00+00:00,0.08549680098964654
2026-01-16 06:00:00+00:00,0.07928141545389349
2026-01-16 06:15:00+00:00,0.08398141545389348
2026-01-16 06:30:00+00:00,0.08139141545389349
2026-01-16 06:45:00+00:00,0.08931141545389348
2026-01-16 07:00:00+00:00,0.10696731242226684
2026-01-16 07:15:00+00:00,0.11949731242226683
2026-01-16 07:30:00+00:00,0.11671731242226685
2026-01-16 07:45:00+00:00,0.10891731242226685
2026-01-16 08:00:00+00:00,0.1345453113671791
2026-01-16 08:15:00+00:00,0.128585311367179
2026-01-16 08:30:00+00:00,0.1202953113671791
2026-01-16 08:45:00+00:00,0.1143453113671791
2026-01-16 09:00:00+00:00,0.10902995016459303
2026-01-16 09:15:00+00:00,0.10400995016459304
2026-01-16 09:30:00+00:00,0.09981995016459304
2026-01-16 09:45:00+00:00,0.10008995016459303
2026-01-16 10:00:00+00:00,0.12660923139780428
2026-01-16 10:15:00+00:00,0.12340923139780426
2026-01-16 10:30:00+00:00,0.12247923139780426
2026-01-16 10:45:00+00:00,0.12432923139780426
2026-01-16 11:00:00+00:00,0.11287331900516223
2026-01-16 11:15:00+00:00,0.11416331900516224
2026-01-16 11:30:00+00:00,0.11444331900516225
2026-01-16 11:45:00+00:00,0.11828331900516226
2026-01-16 12:00:00+00:00,0.11127817803073006
2026-01-16 12:15:00+00:00,0.11381817803072995
2026-01-16 12:30:00+00:00,0.11614817803073006
2026-01-16 12:45:00+00:00,0.11787817803073006
2026-01-16 13:00:00+00:00,0.11172171581952288
2026-01-16 13:15:00+00:00,0.12049171581952288
2026-01-16 13:30:00+00:00,0.12511171581952288
2026-01-16 13:45:00+00:00,0.13620171581952287
2026-01-16 14:00:00+00:00,0.1588498910563462
2026-01-16 14:15:00+00:00,0.17926989105634622
2026-01-16 14:30:00+00:00,0.1897498910563462
2026-01-16 14:45:00+00:00,0.20720989105634618
2026-01-16 15:00:00+00:00,0.12622021872098035
2026-01-16 15:15:00+00:00,0.14540021872098036
2026-01-16 15:30:00+00:00,0.15782021872098037
2026-01-16 15:45:00+00:00,0.20620021872098035
2026-01-16 16:00:00+00:00,0.12364591024242184
2026-01-16 16:15:00+00:00,0.14035591024242183
2026-01-16 16:30:00+00:00,0.14408591024242184
2026-01-16 16:45:00+00:00,0.12595591024242186
2026-01-16 17:00:00+00:00,0.19749766755215997
2026-01-16 17:15:00+00:00,0.18779766755215996
2026-01-16 17:30:00+00:00,0.19257766755215996
2026-01-16 17:45:00+00:00,0.18980766755215997
2026-01-16 18:00:00+00:00,0.156649917416962
2026-01-16 18:15:00+00:00,0.145989917416962
2026-01-16 18:30:00+00:00,0.14152991741696197
2026-01-16 18:45:00+00:00,0.138909917416962
2026-01-16 19:00:00+00:00,0.14458226911517688
2026-01-16 19:15:00+00:00,0.14298226911517686
2026-01-16 19:30:00+00:00,0.13733226911517687
2026-01-16 19:45:00+00:00,0.11903226911517688
2026-01-16 20:00:00+00:00,0.14903258050906323
2026-01-16 20:15:00+00:00,0.14862258050906324
2026-01-16 20:30:00+00:00,0.13968258050906324
2026-01-16 20:45:00+00:00,0.12936258050906324
2026-01-16 21:00:00+00:00,0.09631898664414712
2026-01-16 21:15:00+00:00,0.0873889866441471
2026-01-16 21:30:00+00:00,0.0875589866441471
2026-01-16 21:45:00+00:00,0.0817889866441471
2026-01-16 22:00:00+00:00,0.09666137749034023
2026-01-16 22:15:00+00:00,0.08132137749034023
2026-01-16 22:30:00+00:00,0.07509137749034023
2026-01-16 22:45:00+00:00,0.07161137749034023
2026-01-16 23:00:00+00:00,0.08856702330672844
2026-01-16 23:15:00+00:00,0.07958702330672843
2026-01-16 23:30:00+00:00,0.06857702330672844
2026-01-16 23:45:00+00:00,0.06421702330672843
2026-01-17 00:00:00+00:00,0.09336799631902698
2026-01-17 00:15:00+00:00,0.08798799631902698
2026-01-17 00:30:00+00:00,0.08402799631902698
2026-01-17 00:45:00+00:00,0.08139799631902687
2026-01-17 01:00:00+00:00,0.11030818387582449
2026-01-17 01:15:00+00:00,0.10810818387582448
2026-01-17 01:30:00+00:00,0.10453818387582439
2026-01-17 01:45:00+00:00,0.10229818387582448
2026-01-17 02:00:00+00:00,0.10497178616557162
2026-01-17 02:15:00+00:00,0.10801178616557162
2026-01-17 02:30:00+00:00,0.10487178616557152
2026-01-17 02:45:00+00:00,0.10522178616557162
2026-01-17 03:00:00+00:00,0.10037645084648
2026-01-17 03:15:00+00:00,0.10008645084648
2026-01-17 03:30:00+00:00,0.10014645084648001
2026-01-17 03:45:00+00:00,0.10044645084648
2026-01-17 04:00:00+00:00,0.06934087278589103
2026-01-17 04:15:00+00:00,0.06835087278589104
2026-01-17 04:30:00+00:00,0.06998087278589103
2026-01-17 04:45:00+00:00,0.06946087278589104
2026-01-17 05:00:00+00:00,0.05542257847529826
2026-01-17 05:15:00+00:00,0.04966257847529826
2026-01-17 05:30:00+00:00,0.05402257847529826
2026-01-17 05:45:00+00:00,0.054512578475298154
2026-01-17 06:00:00+00:00,0.09517872997626786
2026-01-17 06:15:00+00:00,0.09875872997626786
2026-01-17 06:30:00+00:00,0.10087872997626786
2026-01-17 06:45:00+00:00,0.10592872997626786
2026-01-17 07:00:00+00:00,0.08731126428559882
2026-01-17 07:15:00+00:00,0.09818126428559883
2026-01-17 07:30:00+00:00,0.10127126428559882
2026-01-17 07:45:00+00:00,0.10244126428559883
2026-01-17 08:00:00+00:00,0.12700106856224996
2026-01-17 08:15:00+00:00,0.12930106856224996
2026-01-17 08:30:00+00:00,0.12489106856224996
2026-01-17 08:45:00+00:00,0.11919106856224997
2026-01-17 09:00:00+00:00,0.13632817632860628
2026-01-17 09:15:00+00:00,0.12892817632860626
2026-01-17 09:30:00+00:00,0.12460817632860618
2026-01-17 09:45:00+00:00,0.12212817632860627
2026-01-17 10:00:00+00:00,0.11538014268180426
2026-01-17 10:15:00+00:00,0.11465014268180426
2026-01-17 10:30:00+00:00,0.11414014268180415
2026-01-17 10:45:00+00:00,0.11242014268180416
2026-01-17 11:00:00+00:00,0.12687720552775486
2026-01-17 11:15:00+00:00,0.12495720552775474
2026-01-17 11:30:00+00:00,0.12688720552775487
2026-01-17 11:45:00+00:00,0.12493720552775486
2026-01-17 12:00:00+00:00,0.11411168665481952
2026-01-17 12:15:00+00:00,0.11299168665481953
2026-01-17 12:30:00+00:00,0.11211168665481952
2026-01-17 12:45:00+00:00,0.11219168665481953
2026-01-17 13:00:00+00:00,0.11754977166443667
2026-01-17 13:15:00+00:00,0.11951977166443667
2026-01-17 13:30:00+00:00,0.12350977166443666
2026-01-17 13:45:00+00:00,0.12964977166443667
2026-01-17 14:00:00+00:00,0.10206185120635729
2026-01-17 14:15:00+00:00,0.10794185120635728
2026-01-17 14:30:00+00:00,0.1136718512063573
2026-01-17 14:45:00+00:00,0.1156118512063573
2026-01-17 15:00:00+00:00,0.12379969696046819
2026-01-17 15:15:00+00:00,0.1346796969604682
2026-01-17 15:30:00+00:00,0.1355596969604682
2026-01-17 15:45:00+00:00,0.1358596969604682
2026-01-17 16:00:00+00:00,0.1409156986688694
2026-01-17 16:15:00+00:00,0.1435256986688694
2026-01-17 16:30:00+00:00,0.14455569866886941
2026-01-17 16:45:00+00:00,0.1491156986688694
2026-01-17 17:00:00+00:00,0.1555669517575514
2026-01-17 17:15:00+00:00,0.1555669517575514
2026-01-17 17:30:00+00:00,0.16068695175755138
2026-01-17 17:45:00+00:00,0.1598769517575514
2026-01-17 18:00:00+00:00,0.13456513023442407
2026-01-17 18:15:00+00:00,0.13381513023442407
2026-01-17 18:30:00+00:00,0.13290513023442405
2026-01-17 18:45:00+00:00,0.12412513023442406
2026-01-17 19:00:00+00:00,0.14623628383133344
2026-01-17 19:15:00+00:00,0.12992628383133345
2026-01-17 19:30:00+00:00,0.12776628383133345
2026-01-17 19:45:00+00:00,0.11753628383133344
2026-01-17 20:00:00+00:00,0.11192529610358136
2026-01-17 20:15:00+00:00,0.10675529610358137
2026-01-17 20:30:00+00:00,0.09887529610358137
2026-01-17 20:45:00+00:00,0.09412529610358136
2026-01-17 21:00:00+00:00,0.10681019977444084
2026-01-17 21:15:00+00:00,0.10218019977444084
2026-01-17 21:30:00+00:00,0.10780019977444084
2026-01-17 21:45:00+00:00,0.11117019977444084
2026-01-17 22:00:00+00:00,0.13123215058131266
2026-01-17 22:15:00+00:00,0.12424215058131265
2026-01-17 22:30:00+00:00,0.11937215058131265
2026-01-17 22:45:00+00:00,0.11421215058131265
2026-01-17 23:00:00+00:00,0.07861814473899358
2026-01-17 23:15:00+00:00,0.07632814473899358
2026-01-17 23:30:00+00:00,0.07204814473899358
2026-01-17 23:45:00+00:00,0.06937814473899358
2026-01-18 00:00:00+00:00,0.0891677301690357
2026-01-18 00:15:00+00:00,0.0853377301690357
2026-01-18 00:30:00+00:00,0.08326773016903571
2026-01-18 00:45:00+00:00,0.0836977301690357
2026-01-18 01:00:00+00:00,0.08399531113484603
2026-01-18 01:15:00+00:00,0.08193531113484603
2026-01-18 01:30:00+00:00,0.07770531113484604
2026-01-18 01:45:00+00:00,0.07698531113484602
2026-01-18 02:00:00+00:00,0.06095054034237087
2026-01-18 02:15:00+00:00,0.06012054034237086
2026-01-18 02:30:00+00:00,0.05885054034237087
2026-01-18 02:45:00+00:00,0.05872054034237086
2026-01-18 03:00:00+00:00,0.09052710498848933
2026-01-18 03:15:00+00:00,0.09015710498848933
2026-01-18 03:30:00+00:00,0.08926710498848933
2026-01-18 03:45:00+00:00,0.08913710498848933
2026-01-18 04:00:00+00:00,0.11520061136838748
2026-01-18 04:15:00+00:00,0.11537061136838747
2026-01-18 04:30:00+00:00,0.11607061136838748
2026-01-18 04:45:00+00:00,0.11676061136838747
2026-01-18 05:00:00+00:00,0.09496534519638687
2026-01-18 05:15:00+00:00,0.09598534519638688
2026-01-18 05:30:00+00:00,0.09598534519638688
2026-01-18 05:45:00+00:00,0.09632534519638687
2026-01-18 06:00:00+00:00,0.10391433032844155
2026-01-18 06:15:00+00:00,0.10295433032844145
2026-01-18 06:30:00+00:00,0.10413433032844156
2026-01-18 06:45:00+00:00,0.10595433032844155
2026-01-18 07:00:00+00:00,0.12413402771919071
2026-01-18 07:15:00+00:00,0.1255840277191907
2026-01-18 07:30:00+00:00,0.1273840277191907
2026-01-18 07:45:00+00:00,0.1256740277191907
2026-01-18 08:00:00+00:00,0.13935581363119254
2026-01-18 08:15:00+00:00,0.13135581363119264
2026-01-18 08:30:00+00:00,0.12957581363119264
2026-01-18 08:45:00+00:00,0.12698581363119263
2026-01-18 09:00:00+00:00,0.10403961227097883
2026-01-18 09:15:00+00:00,0.10192961227097883
2026-01-18 09:30:00+00:00,0.09975961227097882
2026-01-18 09:45:00+00:00,0.09682961227097872
2026-01-18 10:00:00+00:00,0.12322171349703381
2026-01-18 10:15:00+00:00,0.12459171349703393
2026-01-18 10:30:00+00:00,0.12297171349703381
2026-01-18 10:45:00+00:00,0.12263171349703392
2026-01-18 11:00:00+00:00,0.0996927982713688
2026-01-18 11:15:00+00:00,0.0982827982713688
2026-01-18 11:30:00+00:00,0.0982227982713688
2026-01-18 11:45:00+00:00,0.0979927982713688
2026-01-18 12:00:00+00:00,0.08074307193990668
2026-01-18 12:15:00+00:00,0.08135307193990658
2026-01-18 12:30:00+00:00,0.08181307193990668
2026-01-18 12:45:00+00:00,0.08239307193990669
2026-01-18 13:00:00+00:00,0.08707808113519416
2026-01-18 13:15:00+00:00,0.08944808113519416
2026-01-18 13:30:00+00:00,0.09124808113519416
2026-01-18 13:45:00+00:00,0.09191808113519416
2026-01-18 14:00:00+00:00,0.07425560887404851
2026-01-18 14:15:00+00:00,0.07619560887404853
2026-01-18 14:30:00+00:00,0.07822560887404852
2026-01-18 14:45:00+00:00,0.08470560887404852
2026-01-18 15:00:00+00:00,0.08978082075374831
2026-01-18 15:15:00+00:00,0.1005708207537483
2026-01-18 15:30:00+00:00,0.10083082075374832
2026-01-18 15:45:00+00:00,0.1030408207537483
2026-01-18 16:00:00+00:00,0.11109155635518861
2026-01-18 16:15:00+00:00,0.12061155635518861
2026-01-18 16:30:00+00:00,0.12789155635518862
2026-01-18 16:45:00+00:00,0.1340615563551886
2026-01-18 17:00:00+00:00,0.15385562110059461
2026-01-18 17:15:00+00:00,0.15725562110059463
2026-01-18 17:30:00+00:00,0.16096562110059462
2026-01-18 17:45:00+00:00,0.1557656211005946
2026-01-18 18:00:00+00:00,0.17583860253191236
2026-01-18 18:15:00+00:00,0.17261860253191236
2026-01-18 18:30:00+00:00,0.16798860253191233
2026-01-18 18:45:00+00:00,0.15671860253191233
2026-01-18 19:00:00+00:00,0.09976285090420822
2026-01-18 19:15:00+00:00,0.10171285090420823
2026-01-18 19:30:00+00:00,0.10003285090420824
2026-01-18 19:45:00+00:00,0.08911285090420823
2026-01-18 20:00:00+00:00,0.12811808074361208
2026-01-18 20:15:00+00:00,0.12129808074361208
2026-01-18 20:30:00+00:00,0.11322808074361207
2026-01-18 20:45:00+00:00,0.10874808074361207
2026-01-18 21:00:00+00:00,0.10218033353832148
2026-01-18 21:15:00+00:00,0.09583033353832147
2026-01-18 21:30:00+00:00,0.09391033353832148
2026-01-18 21:45:00+00:00,0.08872033353832148
2026-01-18 22:00:00+00:00,0.11872240917485392
2026-01-18 22:15:00+00:00,0.11331240917485393
2026-01-18 22:30:00+00:00,0.10905240917485393
2026-01-18 22:45:00+00:00,0.10873240917485393
2026-01-18 23:00:00+00:00,0.10239132416766838
2026-01-18 23:15:00+00:00,0.09919132416766838
2026-01-18 23:30:00+00:00,0.09751132416766838
2026-01-18 23:45:00+00:00,0.09587132416766839
2026-01-19 00:00:00+00:00,0.06655768332734575
2026-01-19 00:15:00+00:00,0.06743768332734576
2026-01-19 00:30:00+00:00,0.06724768332734575
2026-01-19 00:45:00+00:00,0.06594768332734575
2026-01-19 01:00:00+00:00,0.11917716422752805
2026-01-19 01:15:00+00:00,0.11804716422752805
2026-01-19 01:30:00+00:00,0.11726716422752805
2026-01-19 01:45:00+00:00,0.11706716422752805
2026-01-19 02:00:00+00:00,0.08936330285471066
2026-01-19 02:15:00+00:00,0.08942330285471066
2026-01-19 02:30:00+00:00,0.08909330285471065
2026-01-19 02:45:00+00:00,0.08940330285471065
2026-01-19 03:00:00+00:00,0.08963975163146132
2026-01-19 03:15:00+00:00,0.09040975163146131
2026-01-19 03:30:00+00:00,0.0907097516314613
2026-01-19 03:45:00+00:00,0.0905397516314613
2026-01-19 04:00:00+00:00,0.07804363708177953
2026-01-19 04:15:00+00:00,0.08050363708177953
2026-01-19 04:30:00+00:00,0.08139363708177953
2026-01-19 04:45:00+00:00,0.09155363708177944
2026-01-19 05:00:00+00:00,0.09601775129818303
2026-01-19 05:15:00+00:00,0.11073775129818303
2026-01-19 05:30:00+00:00,0.11854775129818303
2026-01-19 05:45:00+00:00,0.13212775129818302
2026-01-19 06:00:00+00:00,0.15015235179539962
2026-01-19 06:15:00+00:00,0.16527235179539962
2026-01-19 06:30:00+00:00,0.17970235179539962
2026-01-19 06:45:00+00:00,0.18065235179539962
2026-01-19 07:00:00+00:00,0.17386269496529502
2026-01-19 07:15:00+00:00,0.18100269496529503
2026-01-19 07:30:00+00:00,0.17363269496529501
2026-01-19 07:45:00+00:00,0.16152269496529503
2026-01-19 08:00:00+00:00,0.19623906055841914
2026-01-19 08:15:00+00:00,0.17706906055841923
2026-01-19 08:30:00+00:00,0.15788906055841914
2026-01-19 08:45:00+00:00,0.14070906055841914
2026-01-19 09:00:00+00:00,0.16346019983482332
2026-01-19 09:15:00+00:00,0.14600019983482332
2026-01-19 09:30:00+00:00,0.1347801998348233
2026-01-19 09:45:00+00:00,0.12605019983482332
2026-01-19 10:00:00+00:00,0.1503467410881953
2026-01-19 10:15:00+00:00,0.1441067410881953
2026-01-19 10:30:00+00:00,0.1433367410881953
2026-01-19 10:45:00+00:00,0.1413867410881953
2026-01-19 11:00:00+00:00,0.1117814126693046
2026-01-19 11:15:00+00:00,0.10829141266930459
2026-01-19 11:30:00+00:00,0.11116141266930459
2026-01-19 11:45:00+00:00,0.11381141266930458
2026-01-19 12:00:00+00:00,0.09186320374680676
2026-01-19 12:15:00+00:00,0.09420320374680677
2026-01-19 12:30:00+00:00,0.09877320374680676
2026-01-19 12:45:00+00:00,0.10662320374680676
2026-01-19 13:00:00+00:00,0.1402898750638089
2026-01-19 13:15:00+00:00,0.15860987506380894
2026-01-19 13:30:00+00:00,0.16727987506380892
2026-01-19 13:45:00+00:00,0.18965987506380894
2026-01-19 14:00:00+00:00,0.1289090094632405
2026-01-19 14:15:00+00:00,0.1536890094632405
2026-01-19 14:30:00+00:00,0.17016900946324048
2026-01-19 14:45:00+00:00,0.2030390094632405
2026-01-19 15:00:00+00:00,0.18878028437730393
2026-01-19 15:15:00+00:00,0.2132402843773039
2026-01-19 15:30:00+00:00,0.22741028437730393
2026-01-19 15:45:00+00:00,0.23205028437730396
2026-01-19 16:00:00+00:00,0.19938443345182014
2026-01-19 16:15:00+00:00,0.22529443345182013
2026-01-19 16:30:00+00:00,0.22335443345182013
2026-01-19 16:45:00+00:00,0.21305443345182012
2026-01-19 17:00:00+00:00,0.20758038927262767
2026-01-19 17:15:00+00:00,0.18952038927262765
2026-01-19 17:30:00+00:00,0.19642038927262767
2026-01-19 17:45:00+00:00,0.19706038927262767
2026-01-19 18:00:00+00:00,0.19933864697115813
2026-01-19 18:15:00+00:00,0.18936864697115816
2026-01-19 18:30:00+00:00,0.18403864697115815
2026-01-19 18:45:00+00:00,0.17673864697115815
2026-01-19 19:00:00+00:00,0.20236924000649326
2026-01-19 19:15:00+00:00,0.19605924000649325
2026-01-19 19:30:00+00:00,0.19419924000649325
2026-01-19 19:45:00+00:00,0.18030924000649326
2026-01-19 20:00:00+00:00,0.17917386167705718
2026-01-19 20:15:00+00:00,0.17611386167705717
2026-01-19 20:30:00+00:00,0.1728838616770572
2026-01-19 20:45:00+00:00,0.16516386167705718
2026-01-19 21:00:00+00:00,0.13273485645973335
2026-01-19 21:15:00+00:00,0.12903485645973337
2026-01-19 21:30:00+00:00,0.12774485645973335
2026-01-19 21:45:00+00:00,0.12119485645973335
2026-01-19 22:00:00+00:00,0.12558345159225148
2026-01-19 22:15:00+00:00,0.11795345159225148
2026-01-19 22:30:00+00:00,0.11088345159225146
2026-01-19 22:45:00+00:00,0.10723345159225148
2026-01-19 23:00:00+00:00,0.13383557320653072
2026-01-19 23:15:00+00:00,0.13727557320653072
2026-01-19 23:30:00+00:00,0.13491557320653072
2026-01-19 23:45:00+00:00,0.1333155732065307
2026-01-20 00:00:00+00:00,0.09950124543357473
2026-01-20 00:15:00+00:00,0.09943124543357473
2026-01-20 00:30:00+00:00,0.09936124543357473
2026-01-20 00:45:00+00:00,0.09689124543357473
2026-01-20 01:00:00+00:00,0.11616006297195289
2026-01-20 01:15:00+00:00,0.11580006297195289
2026-01-20 01:30:00+00:00,0.11688006297195289
2026-01-20 01:45:00+00:00,0.11706006297195289
2026-01-20 02:00:00+00:00,0.10843477833177588
2026-01-20 02:15:00+00:00,0.10877477833177598
2026-01-20 02:30:00+00:00,0.10942477833177598
2026-01-20 02:45:00+00:00,0.11093477833177598
2026-01-20 03:00:00+00:00,0.11467796430865734
2026-01-20 03:15:00+00:00,0.11577796430865744
2026-01-20 03:30:00+00:00,0.12128796430865743
2026-01-20 03:45:00+00:00,0.12401796430865744
2026-01-20 04:00:00+00:00,0.10711711122163614
2026-01-20 04:15:00+00:00,0.09559711122163614
2026-01-20 04:30:00+00:00,0.11329711122163615
2026-01-20 04:45:00+00:00,0.12385711122163613
2026-01-20 05:00:00+00:00,0.09724219901564132
2026-01-20 05:15:00+00:00,0.1302221990156413
2026-01-20 05:30:00+00:00,0.1625021990156413
2026-01-20 05:45:00+00:00,0.25362219901564126
2026-01-20 06:00:00+00:00,0.13799958364638817
2026-01-20 06:15:00+00:00,0.18623958364638818
2026-01-20 06:30:00+00:00,0.22999958364638817
2026-01-20 06:45:00+00:00,0.25690958364638816
2026-01-20 07:00:00+00:00,0.3064784195967381
2026-01-20 07:15:00+00:00,0.2814784195967381
2026-01-20 07:30:00+00:00,0.2157684195967381
2026-01-20 07:45:00+00:00,0.16528841959673796
2026-01-20 08:00:00+00:00,0.23841198640803607
2026-01-20 08:15:00+00:00,0.18570198640803606
2026-01-20 08:30:00+00:00,0.15957198640803608
2026-01-20 08:45:00+00:00,0.10074198640803605
2026-01-20 09:00:00+00:00,0.16318269713354608
2026-01-20 09:15:00+00:00,0.12804269713354607
2026-01-20 09:30:00+00:00,0.11591269713354609
2026-01-20 09:45:00+00:00,0.09999269713354608
2026-01-20 10:00:00+00:00,0.15459601117355076
2026-01-20 10:15:00+00:00,0.14181601117355078
2026-01-20 10:30:00+00:00,0.13995601117355078
2026-01-20 10:45:00+00:00,0.13782601117355078
2026-01-20 11:00:00+00:00,0.12467227909431311
2026-01-20 11:15:00+00:00,0.12248227909431311
2026-01-20 11:30:00+00:00,0.12334227909431311
2026-01-20 11:45:00+00:00,0.1252822790943131
2026-01-20 12:00:00+00:00,0.08691187939599257
2026-01-20 12:15:00+00:00,0.08808187939599257
2026-01-20 12:30:00+00:00,0.08765187939599256
2026-01-20 12:45:00+00:00,0.08966187939599257
2026-01-20 13:00:00+00:00,0.11256903306875367
2026-01-20 13:15:00+00:00,0.13014903306875367
2026-01-20 13:30:00+00:00,0.15583903306875369
2026-01-20 13:45:00+00:00,0.1738890330687537
2026-01-20 14:00:00+00:00,0.12860006589060705
2026-01-20 14:15:00+00:00,0.15151006589060703
2026-01-20 14:30:00+00:00,0.19695006589060704
2026-01-20 14:45:00+00:00,0.20606006589060705
2026-01-20 15:00:00+00:00,0.19776490422798354
2026-01-20 15:15:00+00:00,0.24794490422798354
2026-01-20 15:30:00+00:00,0.28670490422798356
2026-01-20 15:45:00+00:00,0.35362490422798354
2026-01-20 16:00:00+00:00,0.24637530031483812
2026-01-20 16:15:00+00:00,0.26964530031483813
2026-01-20 16:30:00+00:00,0.26410530031483814
2026-01-20 16:45:00+00:00,0.23201530031483814
2026-01-20 17:00:00+00:00,0.2328970738493362
2026-01-20 17:15:00+00:00,0.2058970738493362
2026-01-20 17:30:00+00:00,0.1933270738493362
2026-01-20 17:45:00+00:00,0.1890870738493362
2026-01-20 18:00:00+00:00,0.20257623243665343
2026-01-20 18:15:00+00:00,0.18060623243665344
2026-01-20 18:30:00+00:00,0.16526623243665345
2026-01-20 18:45:00+00:00,0.15428623243665343
2026-01-20 19:00:00+00:00,0.20191793613722345
2026-01-20 19:15:00+00:00,0.17853793613722344
2026-01-20 19:30:00+00:00,0.16453793613722345
2026-01-20 19:45:00+00:00,0.15359793613722345
2026-01-20 20:00:00+00:00,0.14274724551741577
2026-01-20 20:15:00+00:00,0.13145724551741578
2026-01-20 20:30:00+00:00,0.11144724551741578
2026-01-20 20:45:00+00:00,0.08997724551741569
2026-01-20 21:00:00+00:00,0.1321064782701483
2026-01-20 21:15:00+00:00,0.12175647827014828
2026-01-20 21:30:00+00:00,0.11020647827014828
2026-01-20 21:45:00+00:00,0.10516647827014829
2026-01-20 22:00:00+00:00,0.16387143483877276
2026-01-20 22:15:00+00:00,0.15738143483877276
2026-01-20 22:30:00+00:00,0.15515143483877278
2026-01-20 22:45:00+00:00,0.1458714348387728
2026-01-20 23:00:00+00:00,0.10402901986148287
2026-01-20 23:15:00+00:00,0.10384901986148287
2026-01-20 23:30:00+00:00,0.10622901986148287
2026-01-20 23:45:00+00:00,0.10824901986148287
2026-01-21 00:00:00+00:00,0.13089486420240493
2026-01-21 00:15:00+00:00,0.12878486420240493
2026-01-21 00:30:00+00:00,0.12735486420240494
2026-01-21 00:45:00+00:00,0.12517486420240492
2026-01-21 01:00:00+00:00,0.10034165438799429
2026-01-21 01:15:00+00:00,0.1008016543879943
2026-01-21 01:30:00+00:00,0.10024165438799429
2026-01-21 01:45:00+00:00,0.1003716543879943
2026-01-21 02:00:00+00:00,0.11509159581966201
2026-01-21 02:15:00+00:00,0.11166159581966201
2026-01-21 02:30:00+00:00,0.11068159581966201
2026-01-21 02:45:00+00:00,0.10889159581966201
2026-01-21 03:00:00+00:00,0.09943662672515692
2026-01-21 03:15:00+00:00,0.09697662672515692
2026-01-21 03:30:00+00:00,0.09697662672515692
2026-01-21 03:45:00+00:00,0.09781662672515692
2026-01-21 04:00:00+00:00,0.09340881448078116
2026-01-21 04:15:00+00:00,0.09442881448078115
2026-01-21 04:30:00+00:00,0.09793881448078115
2026-01-21 04:45:00+00:00,0.09646881448078115
2026-01-21 05:00:00+00:00,0.09143725698329835
2026-01-21 05:15:00+00:00,0.09287725698329835
2026-01-21 05:30:00+00:00,0.09662725698329835
2026-01-21 05:45:00+00:00,0.09325725698329834
2026-01-21 06:00:00+00:00,0.1525666516575326
2026-01-21 06:15:00+00:00,0.1578466516575326
2026-01-21 06:30:00+00:00,0.1740266516575326
2026-01-21 06:45:00+00:00,0.1871866516575326
2026-01-21 07:00:00+00:00,0.17012327291404056
2026-01-21 07:15:00+00:00,0.18384327291404057
2026-01-21 07:30:00+00:00,0.15511327291404056
2026-01-21 07:45:00+00:00,0.13392327291404058
2026-01-21 08:00:00+00:00,0.17400991864277596
2026-01-21 08:15:00+00:00,0.16142991864277595
2026-01-21 08:30:00+00:00,0.14991991864277596
2026-01-21 08:45:00+00:00,0.13512991864277593
2026-01-21 09:00:00+00:00,0.16613180616438003
2026-01-21 09:15:00+00:00,0.14038180616438006
2026-01-21 09:30:00+00:00,0.12621180616438005
2026-01-21 09:45:00+00:00,0.12024180616438004
2026-01-21 10:00:00+00:00,0.10985489892198058
2026-01-21 10:15:00+00:00,0.10827489892198058
2026-01-21 10:30:00+00:00,0.10649489892198058
2026-01-21 10:45:00+00:00,0.10628489892198058
2026-01-21 11:00:00+00:00,0.09363026986780217
2026-01-21 11:15:00+00:00,0.09364026986780216
2026-01-21 11:30:00+00:00,0.09215026986780216
2026-01-21 11:45:00+00:00,0.09606026986780215
2026-01-21 12:00:00+00:00,0.11016147423749577
2026-01-21 12:15:00+00:00,0.11071147423749578
2026-01-21 12:30:00+00:00,0.11080147423749577
2026-01-21 12:45:00+00:00,0.11559147423749577
2026-01-21 13:00:00+00:00,0.09937823002887043
2026-01-21 13:15:00+00:00,0.09969823002887043
2026-01-21 13:30:00+00:00,0.10125823002887042
2026-01-21 13:45:00+00:00,0.11146823002887042
2026-01-21 14:00:00+00:00,0.1240603831495651
2026-01-21 14:15:00+00:00,0.1401203831495651
2026-01-21 14:30:00+00:00,0.14893038314956508
2026-01-21 14:45:00+00:00,0.16336038314956508
2026-01-21 15:00:00+00:00,0.11135849123773464
2026-01-21 15:15:00+00:00,0.11247849123773465
2026-01-21 15:30:00+00:00,0.10734849123773463
2026-01-21 15:45:00+00:00,0.11434849123773463
2026-01-21 16:00:00+00:00,0.12982332053646337
2026-01-21 16:15:00+00:00,0.13673332053646337
2026-01-21 16:30:00+00:00,0.13544332053646338
2026-01-21 16:45:00+00:00,0.12977332053646337
2026-01-21 17:00:00+00:00,0.10838945793706947
2026-01-21 17:15:00+00:00,0.10600945793706948
2026-01-21 17:30:00+00:00,0.10247945793706947
2026-01-21 17:45:00+00:00,0.09242945793706939
2026-01-21 18:00:00+00:00,0.10542872912122486
2026-01-21 18:15:00+00:00,0.11385872912122488
2026-01-21 18:30:00+00:00,0.10153872912122477
2026-01-21 18:45:00+00:00,0.08060872912122485
2026-01-21 19:00:00+00:00,0.13911053800557016
2026-01-21 19:15:00+00:00,0.12828053800557018
2026-01-21 19:30:00+00:00,0.12923053800557016
2026-01-21 19:45:00+00:00,0.12541053800557017
2026-01-21 20:00:00+00:00,0.1252587415021223
2026-01-21 20:15:00+00:00,0.11890874150212227
2026-01-21 20:30:00+00:00,0.11840874150212227
2026-01-21 20:45:00+00:00,0.11297874150212228
2026-01-21 21:00:00+00:00,0.09977977779841433
2026-01-21 21:15:00+00:00,0.09306977779841433
2026-01-21 21:30:00+00:00,0.08762977779841433
2026-01-21 21:45:00+00:00,0.08567977779841433
2026-01-21 22:00:00+00:00,0.07889197322096747
2026-01-21 22:15:00+00:00,0.07128197322096747
2026-01-21 22:30:00+00:00,0.06889197322096746
2026-01-21 22:45:00+00:00,0.06800197322096746
2026-01-21 23:00:00+00:00,0.03791771828025749
2026-01-21 23:15:00+00:00,0.04027771828025749
2026-01-21 23:30:00+00:00,0.03957771828025748
2026-01-21 23:45:00+00:00,0.035527718280257484
2026-01-22 00:00:00+00:00,0.08313344158180781
2026-01-22 00:15:00+00:00,0.08241344158180781
2026-01-22 00:30:00+00:00,0.08240344158180782
2026-01-22 00:45:00+00:00,0.08221344158180782
2026-01-22 01:00:00+00:00,0.13456436190967389
2026-01-22 01:15:00+00:00,0.13586436190967388
2026-01-22 01:30:00+00:00,0.13639436190967388
2026-01-22 01:45:00+00:00,0.1368743619096739
2026-01-22 02:00:00+00:00,0.10027086122835623
2026-01-22 02:15:00+00:00,0.09929086122835612
2026-01-22 02:30:00+00:00,0.09971086122835622
2026-01-22 02:45:00+00:00,0.09997086122835623
2026-01-22 03:00:00+00:00,0.0822380358581229
2026-01-22 03:15:00+00:00,0.08199803585812301
2026-01-22 03:30:00+00:00,0.0823780358581229
2026-01-22 03:45:00+00:00,0.08365803585812301
2026-01-22 04:00:00+00:00,0.10024570205922577
2026-01-22 04:15:00+00:00,0.09931570205922577
2026-01-22 04:30:00+00:00,0.10004570205922576
2026-01-22 04:45:00+00:00,0.10732570205922577
2026-01-22 05:00:00+00:00,0.061317882939197654
2026-01-22 05:15:00+00:00,0.06447788293919755
2026-01-22 05:30:00+00:00,0.07496788293919766
2026-01-22 05:45:00+00:00,0.08721788293919766
2026-01-22 06:00:00+00:00,0.11060677705273442
2026-01-22 06:15:00+00:00,0.11678677705273452
2026-01-22 06:30:00+00:00,0.12530677705273452
2026-01-22 06:45:00+00:00,0.12752677705273452
2026-01-22 07:00:00+00:00,0.14370786716921485
2026-01-22 07:15:00+00:00,0.14982786716921484
2026-01-22 07:30:00+00:00,0.13473786716921485
2026-01-22 07:45:00+00:00,0.12752786716921485
2026-01-22 08:00:00+00:00,0.12602792769819562
2026-01-22 08:15:00+00:00,0.11495792769819563
2026-01-22 08:30:00+00:00,0.11044792769819563
2026-01-22 08:45:00+00:00,0.09990792769819562
2026-01-22 09:00:00+00:00,0.11711081288889118
2026-01-22 09:15:00+00:00,0.10804081288889117
2026-01-22 09:30:00+00:00,0.10901081288889117
2026-01-22 09:45:00+00:00,0.10499081288889117
2026-01-22 10:00:00+00:00,0.09793274725388164
2026-01-22 10:15:00+00:00,0.09525274725388164
2026-01-22 10:30:00+00:00,0.09492274725388164
2026-01-22 10:45:00+00:00,0.09352274725388164
2026-01-22 11:00:00+00:00,0.09940027964319541
2026-01-22 11:15:00+00:00,0.0956002796431953
2026-01-22 11:30:00+00:00,0.0951902796431954
2026-01-22 11:45:00+00:00,0.0943602796431954
2026-01-22 12:00:00+00:00,0.07344137658062515
2026-01-22 12:15:00+00:00,0.07540137658062515
2026-01-22 12:30:00+00:00,0.07627137658062515
2026-01-22 12:45:00+00:00,0.07655137658062515
2026-01-22 13:00:00+00:00,0.1063970747577114
2026-01-22 13:15:00+00:00,0.1122570747577114
2026-01-22 13:30:00+00:00,0.1104770747577114
2026-01-22 13:45:00+00:00,0.11649707475771143
2026-01-22 14:00:00+00:00,0.1261212022814639
2026-01-22 14:15:00+00:00,0.1339812022814639
2026-01-22 14:30:00+00:00,0.1428012022814639
2026-01-22 14:45:00+00:00,0.1479412022814639
2026-01-22 15:00:00+00:00,0.09628380877859843
2026-01-22 15:15:00+00:00,0.11109380877859834
2026-01-22 15:30:00+00:00,0.12812380877859844
2026-01-22 15:45:00+00:00,0.11678380877859845
2026-01-22 16:00:00+00:00,0.11343887250404346
2026-01-22 16:15:00+00:00,0.12013887250404344
2026-01-22 16:30:00+00:00,0.12498887250404346
2026-01-22 16:45:00+00:00,0.12164887250404345
2026-01-22 17:00:00+00:00,0.15583461557467285
2026-01-22 17:15:00+00:00,0.15451461557467286
2026-01-22 17:30:00+00:00,0.15251461557467286
2026-01-22 17:45:00+00:00,0.15398461557467286
2026-01-22 18:00:00+00:00,0.12598411463717774
2026-01-22 18:15:00+00:00,0.11727411463717773
2026-01-22 18:30:00+00:00,0.11963411463717773
2026-01-22 18:45:00+00:00,0.10931411463717773
2026-01-22 19:00:00+00:00,0.14185477499990343
2026-01-22 19:15:00+00:00,0.13422477499990343
2026-01-22 19:30:00+00:00,0.13256477499990343
2026-01-22 19:45:00+00:00,0.13193477499990341
2026-01-22 20:00:00+00:00,0.11203854596874545
2026-01-22 20:15:00+00:00,0.09902854596874545
2026-01-22 20:30:00+00:00,0.09391854596874545
2026-01-22 20:45:00+00:00,0.09026854596874545
2026-01-22 21:00:00+00:00,0.13000600321708758
2026-01-22 21:15:00+00:00,0.12914600321708758
2026-01-22 21:30:00+00:00,0.13571600321708757
2026-01-22 21:45:00+00:00,0.12536600321708757
2026-01-22 22:00:00+00:00,0.10517601038375854
2026-01-22 22:15:00+00:00,0.09938601038375854
2026-01-22 22:30:00+00:00,0.10145601038375854
2026-01-22 22:45:00+00:00,0.09287601038375853
2026-01-22 23:00:00+00:00,0.10409487312541461
2026-01-22 23:15:00+00:00,0.10243487312541462
2026-01-22 23:30:00+00:00,0.10174487312541462
2026-01-22 23:45:00+00:00,0.10225487312541462
2026-01-23 00:00:00+00:00,0.12853119978607336
2026-01-23 00:15:00+00:00,0.12537119978607336
2026-01-23 00:30:00+00:00,0.12579119978607337
2026-01-23 00:45:00+00:00,0.12429119978607336
2026-01-23 01:00:00+00:00,0.09276258166030454
2026-01-23 01:15:00+00:00,0.08827258166030455
2026-01-23 01:30:00+00:00,0.08838258166030455
2026-01-23 01:45:00+00:00,0.08778258166030455
2026-01-23 02:00:00+00:00,0.07805717852782869
2026-01-23 02:15:00+00:00,0.07800717852782879
2026-01-23 02:30:00+00:00,0.0774871785278288
2026-01-23 02:45:00+00:00,0.07728717852782879
2026-01-23 03:00:00+00:00,0.08727777425497965
2026-01-23 03:15:00+00:00,0.08685777425497956
2026-01-23 03:30:00+00:00,0.08758777425497966
2026-01-23 03:45:00+00:00,0.08779777425497966
2026-01-23 04:00:00+00:00,0.10444149357574684
2026-01-23 04:15:00+00:00,0.10552149357574675
2026-01-23 04:30:00+00:00,0.10586149357574684
2026-01-23 04:45:00+00:00,0.10541149357574675
2026-01-23 05:00:00+00:00,0.0688896712393744
2026-01-23 05:15:00+00:00,0.0754996712393744
2026-01-23 05:30:00+00:00,0.0855196712393744
2026-01-23 05:45:00+00:00,0.0877996712393744
2026-01-23 06:00:00+00:00,0.1282933266352814
2026-01-23 06:15:00+00:00,0.1486933266352814
2026-01-23 06:30:00+00:00,0.14702332663528142
2026-01-23 06:45:00+00:00,0.15484332663528141
2026-01-23 07:00:00+00:00,0.14469024708777747
2026-01-23 07:15:00+00:00,0.15050024708777746
2026-01-23 07:30:00+00:00,0.14386024708777748
2026-01-23 07:45:00+00:00,0.13310024708777746
2026-01-23 08:00:00+00:00,0.18376069536408582
2026-01-23 08:15:00+00:00,0.17093069536408592
2026-01-23 08:30:00+00:00,0.16158069536408592
2026-01-23 08:45:00+00:00,0.13804069536408592
2026-01-23 09:00:00+00:00,0.08871622258278013
2026-01-23 09:15:00+00:00,0.07255622258278013
2026-01-23 09:30:00+00:00,0.06613622258278003
2026-01-23 09:45:00+00:00,0.058126222582780135
2026-01-23 10:00:00+00:00,0.08875710214127101
2026-01-23 10:15:00+00:00,0.08556710214127101
2026-01-23 10:30:00+00:00,0.08495710214127102
2026-01-23 10:45:00+00:00,0.08341710214127102
2026-01-23 11:00:00+00:00,0.0658416800104124
2026-01-23 11:15:00+00:00,0.06479168001041241
2026-01-23 11:30:00+00:00,0.06529168001041241
2026-01-23 11:45:00+00:00,0.06497168001041231
2026-01-23 12:00:00+00:00,0.08073829433317399
2026-01-23 12:15:00+00:00,0.08046829433317398
2026-01-23 12:30:00+00:00,0.08036829433317398
2026-01-23 12:45:00+00:00,0.08073829433317399
2026-01-23 13:00:00+00:00,0.10050078276364564
2026-01-23 13:15:00+00:00,0.10108078276364565
2026-01-23 13:30:00+00:00,0.10125078276364564
2026-01-23 13:45:00+00:00,0.10369078276364566
2026-01-23 14:00:00+00:00,0.09457676732553366
2026-01-23 14:15:00+00:00,0.09866676732553367
2026-01-23 14:30:00+00:00,0.10916676732553357
2026-01-23 14:45:00+00:00,0.11948676732553368
2026-01-23 15:00:00+00:00,0.10659426714254921
2026-01-23 15:15:00+00:00,0.11828426714254921
2026-01-23 15:30:00+00:00,0.1234842671425491
2026-01-23 15:45:00+00:00,0.12920426714254923
2026-01-23 16:00:00+00:00,0.12924502823091139
2026-01-23 16:15:00+00:00,0.1352950282309115
2026-01-23 16:30:00+00:00,0.1346050282309115
2026-01-23 16:45:00+00:00,0.1334950282309114
2026-01-23 17:00:00+00:00,0.13573719472723986
2026-01-23 17:15:00+00:00,0.13090719472723986
2026-01-23 17:30:00+00:00,0.12851719472723985
2026-01-23 17:45:00+00:00,0.13371719472723975
2026-01-23 18:00:00+00:00,0.10684846854718522
2026-01-23 18:15:00+00:00,0.09923846854718521
2026-01-23 18:30:00+00:00,0.09562846854718521
2026-01-23 18:45:00+00:00,0.09136846854718522
2026-01-23 19:00:00+00:00,0.12602813905301216
2026-01-23 19:15:00+00:00,0.12088813905301216
2026-01-23 19:30:00+00:00,0.11824813905301218
2026-01-23 19:45:00+00:00,0.11567813905301216
2026-01-23 20:00:00+00:00,0.12090627805273949
2026-01-23 20:15:00+00:00,0.11796627805273949
2026-01-23 20:30:00+00:00,0.1144262780527395
2026-01-23 20:45:00+00:00,0.1112462780527394
2026-01-23 21:00:00+00:00,0.11286495057732748
2026-01-23 21:15:00+00:00,0.10926495057732749
2026-01-23 21:30:00+00:00,0.11396495057732749
2026-01-23 21:45:00+00:00,0.11136495057732748
2026-01-23 22:00:00+00:00,0.10935612635540308
2026-01-23 22:15:00+00:00,0.10645612635540308
2026-01-23 22:30:00+00:00,0.10754612635540299
2026-01-23 22:45:00+00:00,0.10552612635540308
2026-01-23 23:00:00+00:00,0.10963658720830924
2026-01-23 23:15:00+00:00,0.10685658720830923
2026-01-23 23:30:00+00:00,0.10434658720830924
2026-01-23 23:45:00+00:00,0.10014658720830924
2026-01-24 00:00:00+00:00,0.1404738296202922
2026-01-24 00:15:00+00:00,0.1360338296202922
2026-01-24 00:30:00+00:00,0.1348938296202922
2026-01-24 00:45:00+00:00,0.1343138296202922
2026-01-24 01:00:00+00:00,0.09603967209589574
2026-01-24 01:15:00+00:00,0.09669967209589574
2026-01-24 01:30:00+00:00,0.09726967209589574
2026-01-24 01:45:00+00:00,0.09684967209589573
2026-01-24 02:00:00+00:00,0.09171744278584759
2026-01-24 02:15:00+00:00,0.09251744278584759
2026-01-24 02:30:00+00:00,0.09214744278584759
2026-01-24 02:45:00+00:00,0.09234744278584758
2026-01-24 03:00:00+00:00,0.08449416854210562
2026-01-24 03:15:00+00:00,0.08301416854210562
2026-01-24 03:30:00+00:00,0.08364416854210562
2026-01-24 03:45:00+00:00,0.08365416854210563
2026-01-24 04:00:00+00:00,0.07889249923470869
2026-01-24 04:15:00+00:00,0.08039249923470869
2026-01-24 04:30:00+00:00,0.07954249923470869
2026-01-24 04:45:00+00:00,0.08094249923470868
2026-01-24 05:00:00+00:00,0.07463322368763604
2026-01-24 05:15:00+00:00,0.07806322368763605
2026-01-24 05:30:00+00:00,0.07822322368763604
2026-01-24 05:45:00+00:00,0.07920322368763603
2026-01-24 06:00:00+00:00,0.08633862989488959
2026-01-24 06:15:00+00:00,0.0868586298948896
2026-01-24 06:30:00+00:00,0.0880886298948896
2026-01-24 06:45:00+00:00,0.0896286298948896
2026-01-24 07:00:00+00:00,0.10794127029554766
2026-01-24 07:15:00+00:00,0.10840127029554766
2026-01-24 07:30:00+00:00,0.11085127029554766
2026-01-24 07:45:00+00:00,0.11160127029554766
2026-01-24 08:00:00+00:00,0.13104256747467594
2026-01-24 08:15:00+00:00,0.13237256747467596
2026-01-24 08:30:00+00:00,0.12731256747467595
2026-01-24 08:45:00+00:00,0.12621256747467594
2026-01-24 09:00:00+00:00,0.1362397191842496
2026-01-24 09:15:00+00:00,0.12099971918424958
2026-01-24 09:30:00+00:00,0.11615971918424958
2026-01-24 09:45:00+00:00,0.10731971918424958
2026-01-24 10:00:00+00:00,0.1007035308983154
2026-01-24 10:15:00+00:00,0.0963935308983154
2026-01-24 10:30:00+00:00,0.0956335308983154
2026-01-24 10:45:00+00:00,0.09219353089831539
2026-01-24 11:00:00+00:00,0.12475060724427273
2026-01-24 11:15:00+00:00,0.12329060724427272
2026-01-24 11:30:00+00:00,0.12284060724427273
2026-01-24 11:45:00+00:00,0.12015060724427272
2026-01-24 12:00:00+00:00,0.11658647447735715
2026-01-24 12:15:00+00:00,0.11518647447735715
2026-01-24 12:30:00+00:00,0.11517647447735715
2026-01-24 12:45:00+00:00,0.11488647447735716
2026-01-24 13:00:00+00:00,0.09936651273991193
2026-01-24 13:15:00+00:00,0.10031651273991193
2026-01-24 13:30:00+00:00,0.10260651273991192
2026-01-24 13:45:00+00:00,0.10645651273991194
2026-01-24 14:00:00+00:00,0.09222287191760349
2026-01-24 14:15:00+00:00,0.10002287191760349
2026-01-24 14:30:00+00:00,0.11355287191760349
2026-01-24 14:45:00+00:00,0.11912287191760348
2026-01-24 15:00:00+00:00,0.12846718994839113
2026-01-24 15:15:00+00:00,0.13702718994839114
2026-01-24 15:30:00+00:00,0.15154718994839111
2026-01-24 15:45:00+00:00,0.15088718994839112
2026-01-24 16:00:00+00:00,0.14466395534113563
2026-01-24 16:15:00+00:00,0.15135395534113563
2026-01-24 16:30:00+00:00,0.15240395534113563
2026-01-24 16:45:00+00:00,0.15228395534113562
2026-01-24 17:00:00+00:00,0.11956111867155039
2026-01-24 17:15:00+00:00,0.11964111867155039
2026-01-24 17:30:00+00:00,0.11398111867155039
2026-01-24 17:45:00+00:00,0.10737111867155039
2026-01-24 18:00:00+00:00,0.13793088425246733
2026-01-24 18:15:00+00:00,0.13374088425246733
2026-01-24 18:30:00+00:00,0.12888088425246733
2026-01-24 18:45:00+00:00,0.12218088425246733
2026-01-24 19:00:00+00:00,0.13437482534215092
2026-01-24 19:15:00+00:00,0.12704482534215092
2026-01-24 19:30:00+00:00,0.11815482534215091
2026-01-24 19:45:00+00:00,0.11437482534215092
2026-01-24 20:00:00+00:00,0.09622839226329621
2026-01-24 20:15:00+00:00,0.09561839226329621
2026-01-24 20:30:00+00:00,0.09338839226329622
2026-01-24 20:45:00+00:00,0.09078839226329621
2026-01-24 21:00:00+00:00,0.11527831242431157
2026-01-24 21:15:00+00:00,0.11178831242431156
2026-01-24 21:30:00+00:00,0.11560831242431156
2026-01-24 21:45:00+00:00,0.11251831242431157
2026-01-24 22:00:00+00:00,0.08124809600986206
2026-01-24 22:15:00+00:00,0.07748809600986205
2026-01-24 22:30:00+00:00,0.07673809600986206
2026-01-24 22:45:00+00:00,0.07419809600986206
2026-01-24 23:00:00+00:00,0.12605199785570606
2026-01-24 23:15:00+00:00,0.12686199785570607
2026-01-24 23:30:00+00:00,0.12614199785570607
2026-01-24 23:45:00+00:00,0.12492199785570607
2026-01-25 00:00:00+00:00,0.12514068709285966
2026-01-25 00:15:00+00:00,0.12452068709285967
2026-01-25 00:30:00+00:00,0.12500068709285966
2026-01-25 00:45:00+00:00,0.12409068709285967
2026-01-25 01:00:00+00:00,0.09739007368264156
2026-01-25 01:15:00+00:00,0.09633007368264157
2026-01-25 01:30:00+00:00,0.09630007368264157
2026-01-25 01:45:00+00:00,0.09668007368264156
2026-01-25 02:00:00+00:00,0.10869835874298552
2026-01-25 02:15:00+00:00,0.10827835874298551
2026-01-25 02:30:00+00:00,0.10938835874298551
2026-01-25 02:45:00+00:00,0.10742835874298552
2026-01-25 03:00:00+00:00,0.056908444506945155
2026-01-25 03:15:00+00:00,0.056408444506945155
2026-01-25 03:30:00+00:00,0.05659844450694515
2026-01-25 03:45:00+00:00,0.056408444506945155
2026-01-25 04:00:00+00:00,0.07774247671336607
2026-01-25 04:15:00+00:00,0.08034247671336607
2026-01-25 04:30:00+00:00,0.07959247671336607
2026-01-25 04:45:00+00:00,0.07938247671336607
2026-01-25 05:00:00+00:00,0.09389190506579807
2026-01-25 05:15:00+00:00,0.09469190506579807
2026-01-25 05:30:00+00:00,0.09490190506579807
2026-01-25 05:45:00+00:00,0.09478190506579807
2026-01-25 06:00:00+00:00,0.08034989412188606
2026-01-25 06:15:00+00:00,0.08130989412188606
2026-01-25 06:30:00+00:00,0.08372989412188606
2026-01-25 06:45:00+00:00,0.08404989412188606
2026-01-25 07:00:00+00:00,0.11471680988786825
2026-01-25 07:15:00+00:00,0.11631680988786826
2026-01-25 07:30:00+00:00,0.11810680988786826
2026-01-25 07:45:00+00:00,0.11839680988786826
2026-01-25 08:00:00+00:00,0.14576969335834825
2026-01-25 08:15:00+00:00,0.14562969335834824
2026-01-25 08:30:00+00:00,0.14644969335834823
2026-01-25 08:45:00+00:00,0.14449969335834814
2026-01-25 09:00:00+00:00,0.0911500758979926
2026-01-25 09:15:00+00:00,0.0931500758979926
2026-01-25 09:30:00+00:00,0.0906800758979926
2026-01-25 09:45:00+00:00,0.09131007589799259
2026-01-25 10:00:00+00:00,0.10202187427324333
2026-01-25 10:15:00+00:00,0.10118187427324332
2026-01-25 10:30:00+00:00,0.10120187427324333
2026-01-25 10:45:00+00:00,0.09811187427324333
2026-01-25 11:00:00+00:00,0.12806628945460685
2026-01-25 11:15:00+00:00,0.12418628945460684
2026-01-25 11:30:00+00:00,0.12441628945460685
2026-01-25 11:45:00+00:00,0.12075628945460685
2026-01-25 12:00:00+00:00,0.14947375072222036
2026-01-25 12:15:00+00:00,0.14640375072222037
2026-01-25 12:30:00+00:00,0.14425375072222035
2026-01-25 12:45:00+00:00,0.14271375072222037
2026-01-25 13:00:00+00:00,0.09043925781739795
2026-01-25 13:15:00+00:00,0.09043925781739795
2026-01-25 13:30:00+00:00,0.09195925781739794
2026-01-25 13:45:00+00:00,0.09457925781739795
2026-01-25 14:00:00+00:00,0.11217596014568457
2026-01-25 14:15:00+00:00,0.11387596014568456
2026-01-25 14:30:00+00:00,0.11784596014568456
2026-01-25 14:45:00+00:00,0.12141596014568456
2026-01-25 15:00:00+00:00,0.14125579153858586
2026-01-25 15:15:00+00:00,0.14519579153858586
2026-01-25 15:30:00+00:00,0.15384579153858588
2026-01-25 15:45:00+00:00,0.16116579153858587
2026-01-25 16:00:00+00:00,0.0936394469865606
2026-01-25 16:15:00+00:00,0.10255944698656058
2026-01-25 16:30:00+00:00,0.10301944698656057
2026-01-25 16:45:00+00:00,0.10422944698656059
2026-01-25 17:00:00+00:00,0.11529075766002697
2026-01-25 17:15:00+00:00,0.11579075766002697
2026-01-25 17:30:00+00:00,0.11443075766002697
2026-01-25 17:45:00+00:00,0.10983075766002695
2026-01-25 18:00:00+00:00,0.1289563623065719
2026-01-25 18:15:00+00:00,0.1253463623065719
2026-01-25 18:30:00+00:00,0.1229863623065719
2026-01-25 18:45:00+00:00,0.1218763623065719
2026-01-25 19:00:00+00:00,0.12308435222382941
2026-01-25 19:15:00+00:00,0.11969435222382932
2026-01-25 19:30:00+00:00,0.11132435222382941
2026-01-25 19:45:00+00:00,0.1037043522238294
2026-01-25 20:00:00+00:00,0.13530129218623793
2026-01-25 20:15:00+00:00,0.13146129218623792
2026-01-25 20:30:00+00:00,0.12678129218623782
2026-01-25 20:45:00+00:00,0.12227129218623795
2026-01-25 21:00:00+00:00,0.12349042107816996
2026-01-25 21:15:00+00:00,0.11723042107816996
2026-01-25 21:30:00+00:00,0.11391042107816995
2026-01-25 21:45:00+00:00,0.11090042107816996
2026-01-25 22:00:00+00:00,0.07568563237419082
2026-01-25 22:15:00+00:00,0.07214563237419083
2026-01-25 22:30:00+00:00,0.07012563237419084
2026-01-25 22:45:00+00:00,0.06954563237419084
2026-01-25 23:00:00+00:00,0.11923050347755754
2026-01-25 23:15:00+00:00,0.11489050347755754
2026-01-25 23:30:00+00:00,0.11058050347755755
2026-01-25 23:45:00+00:00,0.10888050347755754
2026-01-26 00:00:00+00:00,0.0918779052298077
2026-01-26 00:15:00+00:00,0.0906279052298077
2026-01-26 00:30:00+00:00,0.0902379052298077
2026-01-26 00:45:00+00:00,0.0892579052298077
2026-01-26 01:00:00+00:00,0.12421756536553318
2026-01-26 01:15:00+00:00,0.12281756536553318
2026-01-26 01:30:00+00:00,0.12033756536553318
2026-01-26 01:45:00+00:00,0.12120756536553318
2026-01-26 02:00:00+00:00,0.08390827709947982
2026-01-26 02:15:00+00:00,0.08484827709947981
2026-01-26 02:30:00+00:00,0.08401827709947982
2026-01-26 02:45:00+00:00,0.08450827709947982
2026-01-26 03:00:00+00:00,0.08299239510387554
2026-01-26 03:15:00+00:00,0.08315239510387545
2026-01-26 03:30:00+00:00,0.08359239510387555
2026-01-26 03:45:00+00:00,0.08360239510387554
2026-01-26 04:00:00+00:00,0.10358312255456527
2026-01-26 04:15:00+00:00,0.10414312255456527
2026-01-26 04:30:00+00:00,0.10942312255456527
2026-01-26 04:45:00+00:00,0.11139312255456527
2026-01-26 05:00:00+00:00,0.11756853331525244
2026-01-26 05:15:00+00:00,0.12404853331525244
2026-01-26 05:30:00+00:00,0.12758853331525233
2026-01-26 05:45:00+00:00,0.14397853331525243
2026-01-26 06:00:00+00:00,0.1400636843815429
2026-01-26 06:15:00+00:00,0.1540636843815429
2026-01-26 06:30:00+00:00,0.1674236843815429
2026-01-26 06:45:00+00:00,0.1841736843815429
2026-01-26 07:00:00+00:00,0.13288768130753736
2026-01-26 07:15:00+00:00,0.14634768130753736
2026-01-26 07:30:00+00:00,0.15353768130753737
2026-01-26 07:45:00+00:00,0.14386768130753735
2026-01-26 08:00:00+00:00,0.2013862130172542
2026-01-26 08:15:00+00:00,0.1943862130172542
2026-01-26 08:30:00+00:00,0.1827862130172542
2026-01-26 08:45:00+00:00,0.1728562130172542
2026-01-26 09:00:00+00:00,0.16781491600263004
2026-01-26 09:15:00+00:00,0.16563491600263014
2026-01-26 09:30:00+00:00,0.15817491600263014
2026-01-26 09:45:00+00:00,0.14440491600263014
2026-01-26 10:00:00+00:00,0.18210312429171452
2026-01-26 10:15:00+00:00,0.17631312429171453
2026-01-26 10:30:00+00:00,0.17222312429171452
2026-01-26 10:45:00+00:00,0.16802312429171443
2026-01-26 11:00:00+00:00,0.14248932911389048
2026-01-26 11:15:00+00:00,0.13240932911389047
2026-01-26 11:30:00+00:00,0.12483932911389048
2026-01-26 11:45:00+00:00,0.11973932911389049
2026-01-26 12:00:00+00:00,0.16633102859125057
2026-01-26 12:15:00+00:00,0.15909102859125057
2026-01-26 12:30:00+00:00,0.15577102859125058
2026-01-26 12:45:00+00:00,0.14919102859125058
2026-01-26 13:00:00+00:00,0.12700899971509277
2026-01-26 13:15:00+00:00,0.13516899971509277
2026-01-26 13:30:00+00:00,0.13277899971509277
2026-01-26 13:45:00+00:00,0.13687899971509276
2026-01-26 14:00:00+00:00,0.1291019931313731
2026-01-26 14:15:00+00:00,0.1283719931313731
2026-01-26 14:30:00+00:00,0.140131993131373
2026-01-26 14:45:00+00:00,0.1480019931313731
2026-01-26 15:00:00+00:00,0.1650862197093025
2026-01-26 15:15:00+00:00,0.16611621970930252
2026-01-26 15:30:00+00:00,0.18311621970930253
2026-01-26 15:45:00+00:00,0.2034662197093025
2026-01-26 16:00:00+00:00,0.15656014181706926
2026-01-26 16:15:00+00:00,0.17494014181706927
2026-01-26 16:30:00+00:00,0.19658014181706915
2026-01-26 16:45:00+00:00,0.20447014181706927
2026-01-26 17:00:00+00:00,0.176078370060043
2026-01-26 17:15:00+00:00,0.16467837006004302
2026-01-26 17:30:00+00:00,0.167308370060043
2026-01-26 17:45:00+00:00,0.158898370060043
2026-01-26 18:00:00+00:00,0.20943495332430612
2026-01-26 18:15:00+00:00,0.20623495332430614
2026-01-26 18:30:00+00:00,0.19125495332430612
2026-01-26 18:45:00+00:00,0.17962495332430614
2026-01-26 19:00:00+00:00,0.15975315083400923
2026-01-26 19:15:00+00:00,0.14517315083400922
2026-01-26 19:30:00+00:00,0.14292315083400922
2026-01-26 19:45:00+00:00,0.13642315083400924
2026-01-26 20:00:00+00:00,0.15053996837527267
2026-01-26 20:15:00+00:00,0.14163996837527268
2026-01-26 20:30:00+00:00,0.14157996837527267
2026-01-26 20:45:00+00:00,0.11704996837527266
2026-01-26 21:00:00+00:00,0.14322119972563357
2026-01-26 21:15:00+00:00,0.1289711997256336
2026-01-26 21:30:00+00:00,0.11869119972563358
2026-01-26 21:45:00+00:00,0.11488119972563357
2026-01-26 22:00:00+00:00,0.10693383404164941
2026-01-26 22:15:00+00:00,0.1044838340416494
2026-01-26 22:30:00+00:00,0.09633383404164941
2026-01-26 22:45:00+00:00,0.09344383404164941
2026-01-26 23:00:00+00:00,0.13204698068943765
2026-01-26 23:15:00+00:00,0.12774698068943766
2026-01-26 23:30:00+00:00,0.12617698068943764
2026-01-26 23:45:00+00:00,0.12372698068943755
2026-01-27 00:00:00+00:00,0.10699798149105848
2026-01-27 00:15:00+00:00,0.10507798149105847
2026-01-27 00:30:00+00:00,0.10332798149105847
2026-01-27 00:45:00+00:00,0.10019798149105848
2026-01-27 01:00:00+00:00,0.10550627575209255
2026-01-27 01:15:00+00:00,0.10468627575209265
2026-01-27 01:30:00+00:00,0.10439627575209255
2026-01-27 01:45:00+00:00,0.10378627575209254
2026-01-27 02:00:00+00:00,0.1381281284240575
2026-01-27 02:15:00+00:00,0.1360181284240575
2026-01-27 02:30:00+00:00,0.1359881284240575
2026-01-27 02:45:00+00:00,0.1359681284240575
2026-01-27 03:00:00+00:00,0.0913795597187172
2026-01-27 03:15:00+00:00,0.09146955971871717
2026-01-27 03:30:00+00:00,0.09091955971871718
2026-01-27 03:45:00+00:00,0.09192955971871719
2026-01-27 04:00:00+00:00,0.06266592294985629
2026-01-27 04:15:00+00:00,0.06564592294985629
2026-01-27 04:30:00+00:00,0.06846592294985629
2026-01-27 04:45:00+00:00,0.07248592294985629
2026-01-27 05:00:00+00:00,0.14352045883342845
2026-01-27 05:15:00+00:00,0.15228045883342847
2026-01-27 05:30:00+00:00,0.16977045883342845
2026-01-27 05:45:00+00:00,0.18727045883342847
2026-01-27 06:00:00+00:00,0.17987309650080072
2026-01-27 06:15:00+00:00,0.1998230965008007
2026-01-27 06:30:00+00:00,0.21384309650080072
2026-01-27 06:45:00+00:00,0.2333330965008007
2026-01-27 07:00:00+00:00,0.1789533051599587
2026-01-27 07:15:00+00:00,0.1785033051599587
2026-01-27 07:30:00+00:00,0.16325330515995867
2026-01-27 07:45:00+00:00,0.15604330515995868
2026-01-27 08:00:00+00:00,0.15310121231561713
2026-01-27 08:15:00+00:00,0.13752121231561715
2026-01-27 08:30:00+00:00,0.13440121231561714
2026-01-27 08:45:00+00:00,0.11740121231561712
2026-01-27 09:00:00+00:00,0.1642349549335048
2026-01-27 09:15:00+00:00,0.14693495493350478
2026-01-27 09:30:00+00:00,0.1324549549335048
2026-01-27 09:45:00+00:00,0.1273849549335048
2026-01-27 10:00:00+00:00,0.13663074363542774
2026-01-27 10:15:00+00:00,0.12998074363542775
2026-01-27 10:30:00+00:00,0.12775074363542774
2026-01-27 10:45:00+00:00,0.11776074363542777
2026-01-27 11:00:00+00:00,0.12776020936568383
2026-01-27 11:15:00+00:00,0.12351020936568384
2026-01-27 11:30:00+00:00,0.11630020936568383
2026-01-27 11:45:00+00:00,0.11059020936568384
2026-01-27 12:00:00+00:00,0.09449184614135336
2026-01-27 12:15:00+00:00,0.09182184614135337
2026-01-27 12:30:00+00:00,0.08957184614135337
2026-01-27 12:45:00+00:00,0.09223184614135337
2026-01-27 13:00:00+00:00,0.1355192530697658
2026-01-27 13:15:00+00:00,0.14008925306976583
2026-01-27 13:30:00+00:00,0.14441925306976583
2026-01-27 13:45:00+00:00,0.14689925306976584
2026-01-27 14:00:00+00:00,0.14135765747391676
2026-01-27 14:15:00+00:00,0.13606765747391675
2026-01-27 14:30:00+00:00,0.13427765747391676
2026-01-27 14:45:00+00:00,0.13663765747391676
2026-01-27 15:00:00+00:00,0.10952076840567004
2026-01-27 15:15:00+00:00,0.09955076840567006
2026-01-27 15:30:00+00:00,0.10157076840567006
2026-01-27 15:45:00+00:00,0.11144076840567005
2026-01-27 16:00:00+00:00,0.1503375192618253
2026-01-27 16:15:00+00:00,0.17091751926182527
2026-01-27 16:30:00+00:00,0.18285751926182528
2026-01-27 16:45:00+00:00,0.1577575192618253
2026-01-27 17:00:00+00:00,0.171317438667201
2026-01-27 17:15:00+00:00,0.173487438667201
2026-01-27 17:30:00+00:00,0.181357438667201
2026-01-27 17:45:00+00:00,0.189267438667201
2026-01-27 18:00:00+00:00,0.15296971683377245
2026-01-27 18:15:00+00:00,0.14152971683377244
2026-01-27 18:30:00+00:00,0.13949971683377244
2026-01-27 18:45:00+00:00,0.13416971683377243
2026-01-27 19:00:00+00:00,0.1281817566148112
2026-01-27 19:15:00+00:00,0.1170417566148112
2026-01-27 19:30:00+00:00,0.1096817566148112
2026-01-27 19:45:00+00:00,0.10665175661481109
2026-01-27 20:00:00+00:00,0.11538073575484352
2026-01-27 20:15:00+00:00,0.11675073575484352
2026-01-27 20:30:00+00:00,0.12040073575484352
2026-01-27 20:45:00+00:00,0.11450073575484353
2026-01-27 21:00:00+00:00,0.13409514890342233
2026-01-27 21:15:00+00:00,0.13130514890342232
2026-01-27 21:30:00+00:00,0.13359514890342233
2026-01-27 21:45:00+00:00,0.12902514890342234
2026-01-27 22:00:00+00:00,0.08730945548980223
2026-01-27 22:15:00+00:00,0.07977945548980224
2026-01-27 22:30:00+00:00,0.07822945548980224
2026-01-27 22:45:00+00:00,0.07487945548980224
2026-01-27 23:00:00+00:00,0.11408062728160395
2026-01-27 23:15:00+00:00,0.11214062728160394
2026-01-27 23:30:00+00:00,0.10434062728160394
2026-01-27 23:45:00+00:00,0.10342062728160395
2026-01-28 00:00:00+00:00,0.10211534816830221
2026-01-28 00:15:00+00:00,0.09833534816830222
2026-01-28 00:30:00+00:00,0.09548534816830222
2026-01-28 00:45:00+00:00,0.09322534816830222
2026-01-28 01:00:00+00:00,0.14067320139567657
2026-01-28 01:15:00+00:00,0.13955320139567656
2026-01-28 01:30:00+00:00,0.13686320139567656
2026-01-28 01:45:00+00:00,0.13658320139567656
2026-01-28 02:00:00+00:00,0.09913963098937877
2026-01-28 02:15:00+00:00,0.09804963098937877
2026-01-28 02:30:00+00:00,0.09917963098937876
2026-01-28 02:45:00+00:00,0.09978963098937876
2026-01-28 03:00:00+00:00,0.1338769084294412
2026-01-28 03:15:00+00:00,0.1341069084294412
2026-01-28 03:30:00+00:00,0.1355569084294412
2026-01-28 03:45:00+00:00,0.1378969084294412
2026-01-28 04:00:00+00:00,0.08430911304499238
2026-01-28 04:15:00+00:00,0.08589911304499237
2026-01-28 04:30:00+00:00,0.08963911304499238
2026-01-28 04:45:00+00:00,0.08542911304499237
2026-01-28 05:00:00+00:00,0.11623070183708284
2026-01-28 05:15:00+00:00,0.12008070183708283
2026-01-28 05:30:00+00:00,0.12811070183708284
2026-01-28 05:45:00+00:00,0.13353070183708285
2026-01-28 06:00:00+00:00,0.13787887903686677
2026-01-28 06:15:00+00:00,0.14789887903686677
2026-01-28 06:30:00+00:00,0.15026887903686678
2026-01-28 06:45:00+00:00,0.1618188790368668
2026-01-28 07:00:00+00:00,0.1422415311124034
2026-01-28 07:15:00+00:00,0.1522415311124034
2026-01-28 07:30:00+00:00,0.15822153111240342
2026-01-28 07:45:00+00:00,0.16743153111240341
2026-01-28 08:00:00+00:00,0.18563959761603346
2026-01-28 08:15:00+00:00,0.18307959761603348
2026-01-28 08:30:00+00:00,0.1710395976160335
2026-01-28 08:45:00+00:00,0.16785959761603347
2026-01-28 09:00:00+00:00,0.21061965092708382
2026-01-28 09:15:00+00:00,0.19701965092708382
2026-01-28 09:30:00+00:00,0.1916496509270838
2026-01-28 09:45:00+00:00,0.1791296509270838
2026-01-28 10:00:00+00:00,0.16502042963007352
2026-01-28 10:15:00+00:00,0.1584004296300735
2026-01-28 10:30:00+00:00,0.1596504296300735
2026-01-28 10:45:00+00:00,0.1580904296300735
2026-01-28 11:00:00+00:00,0.13166072034503848
2026-01-28 11:15:00+00:00,0.12725072034503848
2026-01-28 11:30:00+00:00,0.12318072034503846
2026-01-28 11:45:00+00:00,0.12190072034503846
2026-01-28 12:00:00+00:00,0.1526672886067214
2026-01-28 12:15:00+00:00,0.15511728860672142
2026-01-28 12:30:00+00:00,0.14477728860672143
2026-01-28 12:45:00+00:00,0.1377972886067214
2026-01-28 13:00:00+00:00,0.12901826045931508
2026-01-28 13:15:00+00:00,0.12543826045931508
2026-01-28 13:30:00+00:00,0.12693826045931508
2026-01-28 13:45:00+00:00,0.13241826045931507
2026-01-28 14:00:00+00:00,0.13694959330296919
2026-01-28 14:15:00+00:00,0.1300395933029692
2026-01-28 14:30:00+00:00,0.1333195933029692
2026-01-28 14:45:00+00:00,0.13907959330296918
2026-01-28 15:00:00+00:00,0.13896085048307066
2026-01-28 15:15:00+00:00,0.14165085048307066
2026-01-28 15:30:00+00:00,0.14660085048307067
2026-01-28 15:45:00+00:00,0.15530085048307066
2026-01-28 16:00:00+00:00,0.11866917887499966
2026-01-28 16:15:00+00:00,0.13705917887499963
2026-01-28 16:30:00+00:00,0.13714917887499967
2026-01-28 16:45:00+00:00,0.13864917887499967
2026-01-28 17:00:00+00:00,0.14387278795506583
2026-01-28 17:15:00+00:00,0.14181278795506586
2026-01-28 17:30:00+00:00,0.13871278795506584
2026-01-28 17:45:00+00:00,0.13855278795506584
2026-01-28 18:00:00+00:00,0.17858782595105718
2026-01-28 18:15:00+00:00,0.1756578259510572
2026-01-28 18:30:00+00:00,0.1700578259510571
2026-01-28 18:45:00+00:00,0.1560278259510572
2026-01-28 19:00:00+00:00,0.13554520894029765
2026-01-28 19:15:00+00:00,0.12753520894029755
2026-01-28 19:30:00+00:00,0.12429520894029764
2026-01-28 19:45:00+00:00,0.11126520894029765
2026-01-28 20:00:00+00:00,0.08487363221317805
2026-01-28 20:15:00+00:00,0.07392363221317805
2026-01-28 20:30:00+00:00,0.06595363221317804
2026-01-28 20:45:00+00:00,0.06278363221317804
2026-01-28 21:00:00+00:00,0.13785126145728585
2026-01-28 21:15:00+00:00,0.12983126145728585
2026-01-28 21:30:00+00:00,0.13226126145728587
2026-01-28 21:45:00+00:00,0.12574126145728587
2026-01-28 22:00:00+00:00,0.12423470828681081
2026-01-28 22:15:00+00:00,0.11554470828681081
2026-01-28 22:30:00+00:00,0.1150547082868108
2026-01-28 22:45:00+00:00,0.10901470828681081
2026-01-28 23:00:00+00:00,0.09477277542415188
2026-01-28 23:15:00+00:00,0.09146277542415189
2026-01-28 23:30:00+00:00,0.09070277542415188
2026-01-28 23:45:00+00:00,0.08879277542415188
2026-01-29 00:00:00+00:00,0.08160366049464486
2026-01-29 00:15:00+00:00,0.07983366049464485
2026-01-29 00:30:00+00:00,0.07954366049464485
2026-01-29 00:45:00+00:00,0.07823366049464485
2026-01-29 01:00:00+00:00,0.11836770629398471
2026-01-29 01:15:00+00:00,0.11795770629398471
2026-01-29 01:30:00+00:00,0.11703770629398472
2026-01-29 01:45:00+00:00,0.11558770629398471
2026-01-29 02:00:00+00:00,0.1064492074262074
2026-01-29 02:15:00+00:00,0.10641920742620742
2026-01-29 02:30:00+00:00,0.10639920742620741
2026-01-29 02:45:00+00:00,0.10649920742620742
2026-01-29 03:00:00+00:00,0.1432595649385418
2026-01-29 03:15:00+00:00,0.1440695649385418
2026-01-29 03:30:00+00:00,0.1443095649385418
2026-01-29 03:45:00+00:00,0.1472095649385418
2026-01-29 04:00:00+00:00,0.10908083288008522
2026-01-29 04:15:00+00:00,0.1105408328800852
2026-01-29 04:30:00+00:00,0.11524083288008521
2026-01-29 04:45:00+00:00,0.11457083288008521
2026-01-29 05:00:00+00:00,0.1109739228523847
2026-01-29 05:15:00+00:00,0.1158639228523847
2026-01-29 05:30:00+00:00,0.1254739228523847
2026-01-29 05:45:00+00:00,0.1406639228523847
2026-01-29 06:00:00+00:00,0.12383275197066816
2026-01-29 06:15:00+00:00,0.14277275197066813
2026-01-29 06:30:00+00:00,0.15829275197066814
2026-01-29 06:45:00+00:00,0.16121275197066814
2026-01-29 07:00:00+00:00,0.178587998765983
2026-01-29 07:15:00+00:00,0.18062799876598298
2026-01-29 07:30:00+00:00,0.182257998765983
2026-01-29 07:45:00+00:00,0.181287998765983
2026-01-29 08:00:00+00:00,0.18455574328122293
2026-01-29 08:15:00+00:00,0.17769574328122292
2026-01-29 08:30:00+00:00,0.17981574328122293
2026-01-29 08:45:00+00:00,0.17601574328122294
2026-01-29 09:00:00+00:00,0.19134005195829112
2026-01-29 09:15:00+00:00,0.18672005195829114
2026-01-29 09:30:00+00:00,0.18104005195829104
2026-01-29 09:45:00+00:00,0.17560005195829104
2026-01-29 10:00:00+00:00,0.14991085591191491
2026-01-29 10:15:00+00:00,0.14474085591191482
2026-01-29 10:30:00+00:00,0.14159085591191492
2026-01-29 10:45:00+00:00,0.1366108559119149
2026-01-29 11:00:00+00:00,0.13958952510957778
2026-01-29 11:15:00+00:00,0.1359095251095778
2026-01-29 11:30:00+00:00,0.13356952510957779
2026-01-29 11:45:00+00:00,0.13106952510957778
2026-01-29 12:00:00+00:00,0.1400766304508139
2026-01-29 12:15:00+00:00,0.13243663045081389
2026-01-29 12:30:00+00:00,0.13148663045081388
2026-01-29 12:45:00+00:00,0.13204663045081388
2026-01-29 13:00:00+00:00,0.1553007320308888
2026-01-29 13:15:00+00:00,0.1559107320308888
2026-01-29 13:30:00+00:00,0.15839073203088877
2026-01-29 13:45:00+00:00,0.1604907320308888
2026-01-29 14:00:00+00:00,0.17084215741794878
2026-01-29 14:15:00+00:00,0.1728821574179488
2026-01-29 14:30:00+00:00,0.17578215741794878
2026-01-29 14:45:00+00:00,0.1810721574179487
2026-01-29 15:00:00+00:00,0.13703895075932152
2026-01-29 15:15:00+00:00,0.14277895075932154
2026-01-29 15:30:00+00:00,0.14463895075932143
2026-01-29 15:45:00+00:00,0.15422895075932153
2026-01-29 16:00:00+00:00,0.14785491682046292
2026-01-29 16:15:00+00:00,0.15140491682046292
2026-01-29 16:30:00+00:00,0.15401491682046292
2026-01-29 16:45:00+00:00,0.15341491682046293
2026-01-29 17:00:00+00:00,0.16471106985838813
2026-01-29 17:15:00+00:00,0.16351106985838812
2026-01-29 17:30:00+00:00,0.16158106985838813
2026-01-29 17:45:00+00:00,0.16224106985838813
2026-01-29 18:00:00+00:00,0.14772421000541996
2026-01-29 18:15:00+00:00,0.15018421000541998
2026-01-29 18:30:00+00:00,0.14847421000541997
2026-01-29 18:45:00+00:00,0.13570421000542
2026-01-29 19:00:00+00:00,0.1620636853857369
2026-01-29 19:15:00+00:00,0.1471536853857369
2026-01-29 19:30:00+00:00,0.1375236853857369
2026-01-29 19:45:00+00:00,0.1294636853857369
2026-01-29 20:00:00+00:00,0.08060430299918336
2026-01-29 20:15:00+00:00,0.07381430299918337
2026-01-29 20:30:00+00:00,0.06827430299918336
2026-01-29 20:45:00+00:00,0.06608430299918336
2026-01-29 21:00:00+00:00,0.09801955569061807
2026-01-29 21:15:00+00:00,0.09431955569061817
2026-01-29 21:30:00+00:00,0.09386955569061818
2026-01-29 21:45:00+00:00,0.09028955569061818
2026-01-29 22:00:00+00:00,0.09655334681260654
2026-01-29 22:15:00+00:00,0.08702334681260654
2026-01-29 22:30:00+00:00,0.08874334681260654
2026-01-29 22:45:00+00:00,0.08208334681260644
2026-01-29 23:00:00+00:00,0.08244419063178371
2026-01-29 23:15:00+00:00,0.0713641906317837
2026-01-29 23:30:00+00:00,0.0615741906317837
2026-01-29 23:45:00+00:00,0.05833419063178371
2026-01-30 00:00:00+00:00,0.08851344773186662
2026-01-30 00:15:00+00:00,0.08694344773186663
2026-01-30 00:30:00+00:00,0.08476344773186661
2026-01-30 00:45:00+00:00,0.08220344773186661
2026-01-30 01:00:00+00:00,0.08744429521630198
2026-01-30 01:15:00+00:00,0.08505429521630198
2026-01-30 01:30:00+00:00,0.08230429521630198
2026-01-30 01:45:00+00:00,0.08134429521630197
2026-01-30 02:00:00+00:00,0.09552476544661417
2026-01-30 02:15:00+00:00,0.09320476544661417
2026-01-30 02:30:00+00:00,0.09301476544661406
2026-01-30 02:45:00+00:00,0.09302476544661417
2026-01-30 03:00:00+00:00,0.11777039698083056
2026-01-30 03:15:00+00:00,0.11611039698083064
2026-01-30 03:30:00+00:00,0.11727039698083055
2026-01-30 03:45:00+00:00,0.11985039698083065
2026-01-30 04:00:00+00:00,0.08979708788132337
2026-01-30 04:15:00+00:00,0.08889708788132338
2026-01-30 04:30:00+00:00,0.08923708788132328
2026-01-30 04:45:00+00:00,0.09916708788132338
2026-01-30 05:00:00+00:00,0.08046912323927091
2026-01-30 05:15:00+00:00,0.08949912323927091
2026-01-30 05:30:00+00:00,0.09776912323927091
2026-01-30 05:45:00+00:00,0.10099912323927092
2026-01-30 06:00:00+00:00,0.11759347828140515
2026-01-30 06:15:00+00:00,0.13141347828140515
2026-01-30 06:30:00+00:00,0.13327347828140515
2026-01-30 06:45:00+00:00,0.14064347828140517
2026-01-30 07:00:00+00:00,0.16113823414991127
2026-01-30 07:15:00+00:00,0.16928823414991126
2026-01-30 07:30:00+00:00,0.16463823414991124
2026-01-30 07:45:00+00:00,0.15706823414991125
2026-01-30 08:00:00+00:00,0.13505706478963347
2026-01-30 08:15:00+00:00,0.13111706478963348
2026-01-30 08:30:00+00:00,0.12754706478963349
2026-01-30 08:45:00+00:00,0.12268706478963348
2026-01-30 09:00:00+00:00,0.1282784739069688
2026-01-30 09:15:00+00:00,0.11962847390696883
2026-01-30 09:30:00+00:00,0.11026847390696883
2026-01-30 09:45:00+00:00,0.10541847390696882
2026-01-30 10:00:00+00:00,0.14433316083536768
2026-01-30 10:15:00+00:00,0.1355431608353677
2026-01-30 10:30:00+00:00,0.13639316083536768
2026-01-30 10:45:00+00:00,0.12918316083536768
2026-01-30 11:00:00+00:00,0.12293934379549787
2026-01-30 11:15:00+00:00,0.11372934379549786
2026-01-30 11:30:00+00:00,0.11124934379549775
2026-01-30 11:45:00+00:00,0.10861934379549786
2026-01-30 12:00:00+00:00,0.12600732683026467
2026-01-30 12:15:00+00:00,0.12290732683026467
2026-01-30 12:30:00+00:00,0.12013732683026468
2026-01-30 12:45:00+00:00,0.12009732683026468
2026-01-30 13:00:00+00:00,0.10968924450801251
2026-01-30 13:15:00+00:00,0.10912924450801241
2026-01-30 13:30:00+00:00,0.11081924450801252
2026-01-30 13:45:00+00:00,0.11062924450801241
2026-01-30 14:00:00+00:00,0.12092284807196022
2026-01-30 14:15:00+00:00,0.12219284807196021
2026-01-30 14:30:00+00:00,0.1241228480719602
2026-01-30 14:45:00+00:00,0.12911284807196022
2026-01-30 15:00:00+00:00,0.09133076634970029
2026-01-30 15:15:00+00:00,0.09414076634970038
2026-01-30 15:30:00+00:00,0.09819076634970038
2026-01-30 15:45:00+00:00,0.10001076634970038
2026-01-30 16:00:00+00:00,0.11841794835596793
2026-01-30 16:15:00+00:00,0.12377794835596793
2026-01-30 16:30:00+00:00,0.12937794835596791
2026-01-30 16:45:00+00:00,0.12677794835596792
2026-01-30 17:00:00+00:00,0.12555863748484153
2026-01-30 17:15:00+00:00,0.11868863748484153
2026-01-30 17:30:00+00:00,0.11968863748484153
2026-01-30 17:45:00+00:00,0.11212863748484153
2026-01-30 18:00:00+00:00,0.09495838803359415
2026-01-30 18:15:00+00:00,0.08970838803359414
2026-01-30 18:30:00+00:00,0.09015838803359415
2026-01-30 18:45:00+00:00,0.08815838803359415
2026-01-30 19:00:00+00:00,0.08503158617862729
2026-01-30 19:15:00+00:00,0.07993158617862718
2026-01-30 19:30:00+00:00,0.07754158617862729
2026-01-30 19:45:00+00:00,0.07697158617862729
2026-01-30 20:00:00+00:00,0.12037042208451551
2026-01-30 20:15:00+00:00,0.1175904220845155
2026-01-30 20:30:00+00:00,0.1111604220845155
2026-01-30 20:45:00+00:00,0.1080104220845155
2026-01-30 21:00:00+00:00,0.09887136074563846
2026-01-30 21:15:00+00:00,0.09470136074563847
2026-01-30 21:30:00+00:00,0.09423136074563847
2026-01-30 21:45:00+00:00,0.09076136074563836
2026-01-30 22:00:00+00:00,0.07699592248062812
2026-01-30 22:15:00+00:00,0.07398592248062799
2026-01-30 22:30:00+00:00,0.07388592248062811
2026-01-30 22:45:00+00:00,0.07077592248062811
2026-01-30 23:00:00+00:00,0.1068827423903869
2026-01-30 23:15:00+00:00,0.0949427423903868
2026-01-30 23:30:00+00:00,0.09034274239038691
2026-01-30 23:45:00+00:00,0.08857274239038691
2026-01-31 00:00:00+00:00,0.12013699047429383
2026-01-31 00:15:00+00:00,0.11647699047429383
2026-01-31 00:30:00+00:00,0.11956699047429382
2026-01-31 00:45:00+00:00,0.11623699047429382
2026-01-31 01:00:00+00:00,0.050812161946237076
2026-01-31 01:15:00+00:00,0.04805216194623708
2026-01-31 01:30:00+00:00,0.056872161946237086
2026-01-31 01:45:00+00:00,0.054662161946236985
2026-01-31 02:00:00+00:00,0.06644973644768606
2026-01-31 02:15:00+00:00,0.06664973644768607
2026-01-31 02:30:00+00:00,0.06633973644768607
2026-01-31 02:45:00+00:00,0.06687973644768597
2026-01-31 03:00:00+00:00,0.07592225291501953
2026-01-31 03:15:00+00:00,0.07639225291501953
2026-01-31 03:30:00+00:00,0.07647225291501952
2026-01-31 03:45:00+00:00,0.07668225291501954
2026-01-31 04:00:00+00:00,0.1204687004932874
2026-01-31 04:15:00+00:00,0.1208387004932873
2026-01-31 04:30:00+00:00,0.1208787004932874
2026-01-31 04:45:00+00:00,0.1214387004932874
2026-01-31 05:00:00+00:00,0.09734244661998939
2026-01-31 05:15:00+00:00,0.09799244661998939
2026-01-31 05:30:00+00:00,0.09981244661998939
2026-01-31 05:45:00+00:00,0.09942244661998939
2026-01-31 06:00:00+00:00,0.10753921210995888
2026-01-31 06:15:00+00:00,0.10873921210995889
2026-01-31 06:30:00+00:00,0.10570921210995889
2026-01-31 06:45:00+00:00,0.10601921210995889
2026-01-31 07:00:00+00:00,0.08000990297287773
2026-01-31 07:15:00+00:00,0.08271990297287773
2026-01-31 07:30:00+00:00,0.08429990297287773
2026-01-31 07:45:00+00:00,0.08498990297287774
2026-01-31 08:00:00+00:00,0.08639888164397339
2026-01-31 08:15:00+00:00,0.08728888164397339
2026-01-31 08:30:00+00:00,0.09077888164397328
2026-01-31 08:45:00+00:00,0.08949888164397339
2026-01-31 09:00:00+00:00,0.128088435704152
2026-01-31 09:15:00+00:00,0.12309843570415199
2026-01-31 09:30:00+00:00,0.12206843570415199
2026-01-31 09:45:00+00:00,0.11651843570415199
2026-01-31 10:00:00+00:00,0.11986077243817816
2026-01-31 10:15:00+00:00,0.11369077243817816
2026-01-31 10:30:00+00:00,0.11425077243817816
2026-01-31 10:45:00+00:00,0.11036077243817816
2026-01-31 11:00:00+00:00,0.12550290260164507
2026-01-31 11:15:00+00:00,0.11950290260164509
2026-01-31 11:30:00+00:00,0.12102290260164508
2026-01-31 11:45:00+00:00,0.11941290260164508
2026-01-31 12:00:00+00:00,0.10604160477510459
2026-01-31 12:15:00+00:00,0.10410160477510448
2026-01-31 12:30:00+00:00,0.10320160477510458
2026-01-31 12:45:00+00:00,0.10242160477510459
2026-01-31 13:00:00+00:00,0.11417080318484821
2026-01-31 13:15:00+00:00,0.1136208031848482
2026-01-31 13:30:00+00:00,0.1168708031848482
2026-01-31 13:45:00+00:00,0.1170008031848482
2026-01-31 14:00:00+00:00,0.11049538827899878
2026-01-31 14:15:00+00:00,0.11499538827899877
2026-01-31 14:30:00+00:00,0.11735538827899877
2026-01-31 14:45:00+00:00,0.12144538827899878
2026-01-31 15:00:00+00:00,0.11936123029260463
2026-01-31 15:15:00+00:00,0.13356123029260464
2026-01-31 15:30:00+00:00,0.13801123029260465
2026-01-31 15:45:00+00:00,0.14366123029260466
2026-01-31 16:00:00+00:00,0.14432852246977962
2026-01-31 16:15:00+00:00,0.1452085224697796
2026-01-31 16:30:00+00:00,0.15235852246977963
2026-01-31 16:45:00+00:00,0.1558385224697796
2026-01-31 17:00:00+00:00,0.109955363373064
2026-01-31 17:15:00+00:00,0.110315363373064
2026-01-31 17:30:00+00:00,0.10889536337306399
2026-01-31 17:45:00+00:00,0.10392536337306399
2026-01-31 18:00:00+00:00,0.10079714958685636
2026-01-31 18:15:00+00:00,0.09342714958685637
2026-01-31 18:30:00+00:00,0.08964714958685636
2026-01-31 18:45:00+00:00,0.08675714958685636
2026-01-31 19:00:00+00:00,0.15252675550724498
2026-01-31 19:15:00+00:00,0.147456755507245
2026-01-31 19:30:00+00:00,0.14347675550724498
2026-01-31 19:45:00+00:00,0.132746755507245
2026-01-31 20:00:00+00:00,0.14340407371448463
2026-01-31 20:15:00+00:00,0.13761407371448464
2026-01-31 20:30:00+00:00,0.13464407371448453
2026-01-31 20:45:00+00:00,0.12846407371448462
2026-01-31 21:00:00+00:00,0.10165637414926898
2026-01-31 21:15:00+00:00,0.09489637414926898
2026-01-31 21:30:00+00:00,0.09694637414926897
2026-01-31 21:45:00+00:00,0.08806637414926898
2026-01-31 22:00:00+00:00,0.07562611141287987
2026-01-31 22:15:00+00:00,0.07481611141287986
2026-01-31 22:30:00+00:00,0.07010611141287987
2026-01-31 22:45:00+00:00,0.06635611141287986
2026-01-31 23:00:00+00:00,0.10181973357826944
2026-01-31 23:15:00+00:00,0.09695973357826944
2026-01-31 23:30:00+00:00,0.09682973357826943
2026-01-31 23:45:00+00:00,0.09602973357826944
2026-02-01 00:00:00+00:00,0.11173385861457406
2026-02-01 00:15:00+00:00,0.11142385861457417
2026-02-01 00:30:00+00:00,0.11125385861457417
2026-02-01 00:45:00+00:00,0.11003385861457417
2026-02-01 01:00:00+00:00,0.13139023198627367
2026-02-01 01:15:00+00:00,0.13172023198627367
2026-02-01 01:30:00+00:00,0.13212023198627365
2026-02-01 01:45:00+00:00,0.13050023198627367
2026-02-01 02:00:00+00:00,0.10287680493160767
2026-02-01 02:15:00+00:00,0.10625680493160766
2026-02-01 02:30:00+00:00,0.10481680493160767
2026-02-01 02:45:00+00:00,0.10822680493160766
2026-02-01 03:00:00+00:00,0.09201982302284165
2026-02-01 03:15:00+00:00,0.09185982302284165
2026-02-01 03:30:00+00:00,0.09116982302284166
2026-02-01 03:45:00+00:00,0.09087982302284155
2026-02-01 04:00:00+00:00,0.08129900672158064
2026-02-01 04:15:00+00:00,0.07899900672158074
2026-02-01 04:30:00+00:00,0.08347900672158075
2026-02-01 04:45:00+00:00,0.08346900672158074
2026-02-01 05:00:00+00:00,0.09468041387014908
2026-02-01 05:15:00+00:00,0.09689041387014909
2026-02-01 05:30:00+00:00,0.09567041387014899
2026-02-01 05:45:00+00:00,0.09766041387014908
2026-02-01 06:00:00+00:00,0.09134110552114529
2026-02-01 06:15:00+00:00,0.0910611055211453
2026-02-01 06:30:00+00:00,0.09584110552114529
2026-02-01 06:45:00+00:00,0.0977611055211453
2026-02-01 07:00:00+00:00,0.08429844761173393
2026-02-01 07:15:00+00:00,0.08611844761173393
2026-02-01 07:30:00+00:00,0.08857844761173393
2026-02-01 07:45:00+00:00,0.08741844761173392
2026-02-01 08:00:00+00:00,0.1478052384487482
2026-02-01 08:15:00+00:00,0.1469452384487482
2026-02-01 08:30:00+00:00,0.1462152384487482
2026-02-01 08:45:00+00:00,0.1465552384487481
2026-02-01 09:00:00+00:00,0.14687190594659666
2026-02-01 09:15:00+00:00,0.14252190594659678
2026-02-01 09:30:00+00:00,0.14175190594659678
2026-02-01 09:45:00+00:00,0.13944190594659678
2026-02-01 10:00:00+00:00,0.12953453599642772
2026-02-01 10:15:00+00:00,0.12899453599642782
2026-02-01 10:30:00+00:00,0.12897453599642783
2026-02-01 10:45:00+00:00,0.1286245359964278
2026-02-01 11:00:00+00:00,0.09323966458247855
2026-02-01 11:15:00+00:00,0.08934966458247856
2026-02-01 11:30:00+00:00,0.09063966458247856
2026-02-01 11:45:00+00:00,0.08758966458247856
2026-02-01 12:00:00+00:00,0.11852071021958904
2026-02-01 12:15:00+00:00,0.11564071021958905
2026-02-01 12:30:00+00:00,0.11512071021958904
2026-02-01 12:45:00+00:00,0.11511071021958905
2026-02-01 13:00:00+00:00,0.11180293339326192
2026-02-01 13:15:00+00:00,0.11278293339326191
2026-02-01 13:30:00+00:00,0.11517293339326191
2026-02-01 13:45:00+00:00,0.11619293339326192
2026-02-01 14:00:00+00:00,0.11139163616685659
2026-02-01 14:15:00+00:00,0.11549163616685658
2026-02-01 14:30:00+00:00,0.11963163616685658
2026-02-01 14:45:00+00:00,0.12184163616685648
2026-02-01 15:00:00+00:00,0.12931220485793835
2026-02-01 15:15:00+00:00,0.13528220485793824
2026-02-01 15:30:00+00:00,0.13796220485793836
2026-02-01 15:45:00+00:00,0.14796220485793835
2026-02-01 16:00:00+00:00,0.135404744211877
2026-02-01 16:15:00+00:00,0.137904744211877
2026-02-01 16:30:00+00:00,0.143684744211877
2026-02-01 16:45:00+00:00,0.147654744211877
2026-02-01 17:00:00+00:00,0.14683752802605154
2026-02-01 17:15:00+00:00,0.14740752802605156
2026-02-01 17:30:00+00:00,0.15555752802605155
2026-02-01 17:45:00+00:00,0.15195752802605156
2026-02-01 18:00:00+00:00,0.15270295193423863
2026-02-01 18:15:00+00:00,0.14792295193423866
2026-02-01 18:30:00+00:00,0.14921295193423864
2026-02-01 18:45:00+00:00,0.14653295193423865
2026-02-01 19:00:00+00:00,0.13726193456018929
2026-02-01 19:15:00+00:00,0.1382619345601893
2026-02-01 19:30:00+00:00,0.1300019345601893
2026-02-01 19:45:00+00:00,0.12189193456018929
2026-02-01 20:00:00+00:00,0.08937670844146842
2026-02-01 20:15:00+00:00,0.08578670844146843
2026-02-01 20:30:00+00:00,0.07918670844146833
2026-02-01 20:45:00+00:00,0.06998670844146843
2026-02-01 21:00:00+00:00,0.11905651090462409
2026-02-01 21:15:00+00:00,0.11502651090462408
2026-02-01 21:30:00+00:00,0.11702651090462408
2026-02-01 21:45:00+00:00,0.11057651090462409
2026-02-01 22:00:00+00:00,0.10366014830351827
2026-02-01 22:15:00+00:00,0.09595014830351828
2026-02-01 22:30:00+00:00,0.09622014830351829
2026-02-01 22:45:00+00:00,0.08950014830351828
2026-02-01 23:00:00+00:00,0.07689332635151917
2026-02-01 23:15:00+00:00,0.07839332635151917
2026-02-01 23:30:00+00:00,0.07652332635151918
2026-02-01 23:45:00+00:00,0.07249332635151917
2026-02-02 00:00:00+00:00,0.13031284955844738
2026-02-02 00:15:00+00:00,0.12590284955844738
2026-02-02 00:30:00+00:00,0.1305228495584474
2026-02-02 00:45:00+00:00,0.12884284955844738
2026-02-02 01:00:00+00:00,0.12835974367684627
2026-02-02 01:15:00+00:00,0.1269697436768463
2026-02-02 01:30:00+00:00,0.1260497436768463
2026-02-02 01:45:00+00:00,0.12606974367684629
2026-02-02 02:00:00+00:00,0.11798524952817979
2026-02-02 02:15:00+00:00,0.1154952495281798
2026-02-02 02:30:00+00:00,0.1153852495281798
2026-02-02 02:45:00+00:00,0.1150352495281798
2026-02-02 03:00:00+00:00,0.09568946598332057
2026-02-02 03:15:00+00:00,0.09631946598332057
2026-02-02 03:30:00+00:00,0.09673946598332046
2026-02-02 03:45:00+00:00,0.09693946598332057
2026-02-02 04:00:00+00:00,0.11946731030819009
2026-02-02 04:15:00+00:00,0.11538731030819009
2026-02-02 04:30:00+00:00,0.12066731030818999
2026-02-02 04:45:00+00:00,0.12263731030818999
2026-02-02 05:00:00+00:00,0.09000147338928893
2026-02-02 05:15:00+00:00,0.10353147338928893
2026-02-02 05:30:00+00:00,0.11304147338928884
2026-02-02 05:45:00+00:00,0.12061147338928893
2026-02-02 06:00:00+00:00,0.11669633595536727
2026-02-02 06:15:00+00:00,0.12091633595536727
2026-02-02 06:30:00+00:00,0.13491633595536726
2026-02-02 06:45:00+00:00,0.13391633595536725
2026-02-02 07:00:00+00:00,0.11196780869325461
2026-02-02 07:15:00+00:00,0.11891780869325459
2026-02-02 07:30:00+00:00,0.11973780869325461
2026-02-02 07:45:00+00:00,0.1164778086932546
2026-02-02 08:00:00+00:00,0.1614245899202968
2026-02-02 08:15:00+00:00,0.1499945899202968
2026-02-02 08:30:00+00:00,0.1433245899202968
2026-02-02 08:45:00+00:00,0.1350545899202968
2026-02-02 09:00:00+00:00,0.13336957237556774
2026-02-02 09:15:00+00:00,0.12976957237556774
2026-02-02 09:30:00+00:00,0.12425957237556774
2026-02-02 09:45:00+00:00,0.11519957237556774
2026-02-02 10:00:00+00:00,0.10089417850106402
2026-02-02 10:15:00+00:00,0.09231417850106402
2026-02-02 10:30:00+00:00,0.08607417850106402
2026-02-02 10:45:00+00:00,0.08364417850106401
2026-02-02 11:00:00+00:00,0.11174926922939253
2026-02-02 11:15:00+00:00,0.10655926922939253
2026-02-02 11:30:00+00:00,0.10820926922939253
2026-02-02 11:45:00+00:00,0.10656926922939253
2026-02-02 12:00:00+00:00,0.1037349944286721
2026-02-02 12:15:00+00:00,0.10263499442867209
2026-02-02 12:30:00+00:00,0.1019749944286721
2026-02-02 12:45:00+00:00,0.1017949944286721
2026-02-02 13:00:00+00:00,0.13451961908416626
2026-02-02 13:15:00+00:00,0.13500961908416625
2026-02-02 13:30:00+00:00,0.13647961908416628
2026-02-02 13:45:00+00:00,0.13771961908416627
2026-02-02 14:00:00+00:00,0.11786088767650332
2026-02-02 14:15:00+00:00,0.11988088767650332
2026-02-02 14:30:00+00:00,0.12118088767650331
2026-02-02 14:45:00+00:00,0.12711088767650333
2026-02-02 15:00:00+00:00,0.10201030633085371
2026-02-02 15:15:00+00:00,0.10751030633085361
2026-02-02 15:30:00+00:00,0.11258030633085371
2026-02-02 15:45:00+00:00,0.11785030633085371
2026-02-02 16:00:00+00:00,0.11351138829442053
2026-02-02 16:15:00+00:00,0.12214138829442053
2026-02-02 16:30:00+00:00,0.13011138829442054
2026-02-02 16:45:00+00:00,0.12531138829442054
2026-02-02 17:00:00+00:00,0.12422238849318973
2026-02-02 17:15:00+00:00,0.11851238849318972
2026-02-02 17:30:00+00:00,0.11964238849318973
2026-02-02 17:45:00+00:00,0.11674238849318973
2026-02-02 18:00:00+00:00,0.10222151957384702
2026-02-02 18:15:00+00:00,0.10162151957384702
2026-02-02 18:30:00+00:00,0.10235151957384701
2026-02-02 18:45:00+00:00,0.09889151957384702
2026-02-02 19:00:00+00:00,0.08534074188768087
2026-02-02 19:15:00+00:00,0.08356074188768087
2026-02-02 19:30:00+00:00,0.08104074188768087
2026-02-02 19:45:00+00:00,0.07952074188768085
2026-02-02 20:00:00+00:00,0.10434446942452709
2026-02-02 20:15:00+00:00,0.10120446942452709
2026-02-02 20:30:00+00:00,0.09722446942452709
2026-02-02 20:45:00+00:00,0.09418446942452698
2026-02-02 21:00:00+00:00,0.09019068002031178
2026-02-02 21:15:00+00:00,0.08751068002031179
2026-02-02 21:30:00+00:00,0.08715068002031179
2026-02-02 21:45:00+00:00,0.08522068002031177
2026-02-02 22:00:00+00:00,0.07558584660151946
2026-02-02 22:15:00+00:00,0.06798584660151946
2026-02-02 22:30:00+00:00,0.06743584660151947
2026-02-02 22:45:00+00:00,0.06263584660151947
2026-02-02 23:00:00+00:00,0.10680353948858388
2026-02-02 23:15:00+00:00,0.10227353948858389
2026-02-02 23:30:00+00:00,0.09846353948858388
2026-02-02 23:45:00+00:00,0.09690353948858389
2026-02-03 00:00:00+00:00,0.09902936463386863
2026-02-03 00:15:00+00:00,0.09680936463386863
2026-02-03 00:30:00+00:00,0.09567936463386863
2026-02-03 00:45:00+00:00,0.09469936463386863
2026-02-03 01:00:00+00:00,0.0562498134058696
2026-02-03 01:15:00+00:00,0.05217981340586959
2026-02-03 01:30:00+00:00,0.04971981340586959
2026-02-03 01:45:00+00:00,0.04655981340586959
2026-02-03 02:00:00+00:00,0.0805457085082078
2026-02-03 02:15:00+00:00,0.0779057085082078
2026-02-03 02:30:00+00:00,0.0771157085082078
2026-02-03 02:45:00+00:00,0.0751657085082078
2026-02-03 03:00:00+00:00,0.09496569869894306
2026-02-03 03:15:00+00:00,0.09431569869894307
2026-02-03 03:30:00+00:00,0.09470569869894296
2026-02-03 03:45:00+00:00,0.09655569869894307
2026-02-03 04:00:00+00:00,0.09775290188609098
2026-02-03 04:15:00+00:00,0.09754290188609098
2026-02-03 04:30:00+00:00,0.10173290188609098
2026-02-03 04:45:00+00:00,0.10946290188609098
2026-02-03 05:00:00+00:00,0.1028794282095834
2026-02-03 05:15:00+00:00,0.10595942820958343
2026-02-03 05:30:00+00:00,0.1114294282095834
2026-02-03 05:45:00+00:00,0.11976942820958342
2026-02-03 06:00:00+00:00,0.0932150178948835
2026-02-03 06:15:00+00:00,0.0977250178948835
2026-02-03 06:30:00+00:00,0.0999750178948835
2026-02-03 06:45:00+00:00,0.10271501789488349
2026-02-03 07:00:00+00:00,0.08850255881491055
2026-02-03 07:15:00+00:00,0.09148255881491055
2026-02-03 07:30:00+00:00,0.09362255881491055
2026-02-03 07:45:00+00:00,0.08937255881491055
2026-02-03 08:00:00+00:00,0.09853737608834284
2026-02-03 08:15:00+00:00,0.09024737608834284
2026-02-03 08:30:00+00:00,0.08640737608834284
2026-02-03 08:45:00+00:00,0.07805737608834284
2026-02-03 09:00:00+00:00,0.1122520063593084
2026-02-03 09:15:00+00:00,0.1063420063593084
2026-02-03 09:30:00+00:00,0.10493200635930841
2026-02-03 09:45:00+00:00,0.1015620063593084
2026-02-03 10:00:00+00:00,0.10403915092168722
2026-02-03 10:15:00+00:00,0.10006915092168732
2026-02-03 10:30:00+00:00,0.09636915092168731
2026-02-03 10:45:00+00:00,0.09071915092168732
2026-02-03 11:00:00+00:00,0.11342430286351832
2026-02-03 11:15:00+00:00,0.10900430286351831
2026-02-03 11:30:00+00:00,0.11094430286351833
2026-02-03 11:45:00+00:00,0.11303430286351832
2026-02-03 12:00:00+00:00,0.11002177889537479
2026-02-03 12:15:00+00:00,0.10960177889537479
2026-02-03 12:30:00+00:00,0.11023177889537479
2026-02-03 12:45:00+00:00,0.11061177889537478
2026-02-03 13:00:00+00:00,0.0840903401707392
2026-02-03 13:15:00+00:00,0.0895903401707392
2026-02-03 13:30:00+00:00,0.0932603401707392
2026-02-03 13:45:00+00:00,0.0959503401707392
2026-02-03 14:00:00+00:00,0.07022810967681023
2026-02-03 14:15:00+00:00,0.07702810967681023
2026-02-03 14:30:00+00:00,0.07940810967681022
2026-02-03 14:45:00+00:00,0.08352810967681021
2026-02-03 15:00:00+00:00,0.09263651699753361
2026-02-03 15:15:00+00:00,0.09753651699753361
2026-02-03 15:30:00+00:00,0.10118651699753362
2026-02-03 15:45:00+00:00,0.11164651699753361
2026-02-03 16:00:00+00:00,0.11694155464132719
2026-02-03 16:15:00+00:00,0.1289515546413272
2026-02-03 16:30:00+00:00,0.1365715546413272
2026-02-03 16:45:00+00:00,0.1365915546413272
2026-02-03 17:00:00+00:00,0.12180678414823386
2026-02-03 17:15:00+00:00,0.12183678414823386
2026-02-03 17:30:00+00:00,0.12317678414823387
2026-02-03 17:45:00+00:00,0.12371678414823385
2026-02-03 18:00:00+00:00,0.11376137816115695
2026-02-03 18:15:00+00:00,0.11373137816115694
2026-02-03 18:30:00+00:00,0.11334137816115694
2026-02-03 18:45:00+00:00,0.10960137816115693
2026-02-03 19:00:00+00:00,0.12336667865862774
2026-02-03 19:15:00+00:00,0.12054667865862774
2026-02-03 19:30:00+00:00,0.11548667865862773
2026-02-03 19:45:00+00:00,0.11078667865862774
2026-02-03 20:00:00+00:00,0.09877993556259336
2026-02-03 20:15:00+00:00,0.09555993556259336
2026-02-03 20:30:00+00:00,0.09260993556259337
2026-02-03 20:45:00+00:00,0.08917993556259336
2026-02-03 21:00:00+00:00,0.09431948394409534
2026-02-03 21:15:00+00:00,0.08991948394409534
2026-02-03 21:30:00+00:00,0.08866948394409534
2026-02-03 21:45:00+00:00,0.08450948394409534
2026-02-03 22:00:00+00:00,0.10384284752842585
2026-02-03 22:15:00+00:00,0.10305284752842585
2026-02-03 22:30:00+00:00,0.10060284752842574
2026-02-03 22:45:00+00:00,0.09464284752842585
2026-02-03 23:00:00+00:00,0.08940351321851643
2026-02-03 23:15:00+00:00,0.08583351321851643
2026-02-03 23:30:00+00:00,0.08720351321851642
2026-02-03 23:45:00+00:00,0.08802351321851642
2026-02-04 00:00:00+00:00,0.09813534110234372
2026-02-04 00:15:00+00:00,0.09727534110234372
2026-02-04 00:30:00+00:00,0.09723534110234372
2026-02-04 00:45:00+00:00,0.09644534110234372
2026-02-04 01:00:00+00:00,0.09773003769023977
2026-02-04 01:15:00+00:00,0.09685003769023977
2026-02-04 01:30:00+00:00,0.09787003769023978
2026-02-04 01:45:00+00:00,0.09948003769023978
2026-02-04 02:00:00+00:00,0.07369335173575375
2026-02-04 02:15:00+00:00,0.07259335173575386
2026-02-04 02:30:00+00:00,0.07456335173575386
2026-02-04 02:45:00+00:00,0.07389335173575386
2026-02-04 03:00:00+00:00,0.08368734624008321
2026-02-04 03:15:00+00:00,0.08369734624008321
2026-02-04 03:30:00+00:00,0.08571734624008322
2026-02-04 03:45:00+00:00,0.0873573462400832
2026-02-04 04:00:00+00:00,0.11936869747446938
2026-02-04 04:15:00+00:00,0.12142869747446937
2026-02-04 04:30:00+00:00,0.12339869747446937
2026-02-04 04:45:00+00:00,0.12781869747446936
2026-02-04 05:00:00+00:00,0.07725715573335759
2026-02-04 05:15:00+00:00,0.08120715573335759
2026-02-04 05:30:00+00:00,0.08665715573335758
2026-02-04 05:45:00+00:00,0.0906071557333575
2026-02-04 06:00:00+00:00,0.07612714256650191
2026-02-04 06:15:00+00:00,0.0813271425665019
2026-02-04 06:30:00+00:00,0.08739714256650193
2026-02-04 06:45:00+00:00,0.0913171425665019
2026-02-04 07:00:00+00:00,0.09937918295164834
2026-02-04 07:15:00+00:00,0.10327918295164835
2026-02-04 07:30:00+00:00,0.09679918295164834
2026-02-04 07:45:00+00:00,0.09011918295164835
2026-02-04 08:00:00+00:00,0.13647488608055688
2026-02-04 08:15:00+00:00,0.12429488608055687
2026-02-04 08:30:00+00:00,0.11916488608055688
2026-02-04 08:45:00+00:00,0.11289488608055688
2026-02-04 09:00:00+00:00,0.12029809522562478
2026-02-04 09:15:00+00:00,0.11446809522562477
2026-02-04 09:30:00+00:00,0.10610809522562477
2026-02-04 09:45:00+00:00,0.10139809522562478
2026-02-04 10:00:00+00:00,0.10036893765233823
2026-02-04 10:15:00+00:00,0.09812893765233824
2026-02-04 10:30:00+00:00,0.09437893765233824
2026-02-04 10:45:00+00:00,0.09330893765233823
2026-02-04 11:00:00+00:00,0.11698035487945965
2026-02-04 11:15:00+00:00,0.11445035487945965
2026-02-04 11:30:00+00:00,0.11277035487945963
2026-02-04 11:45:00+00:00,0.11270035487945965
2026-02-04 12:00:00+00:00,0.04228751090166038
2026-02-04 12:15:00+00:00,0.04115751090166039
2026-02-04 12:30:00+00:00,0.04128751090166038
2026-02-04 12:45:00+00:00,0.044347510901660385
2026-02-04 13:00:00+00:00,0.100025159976547
2026-02-04 13:15:00+00:00,0.100835159976547
2026-02-04 13:30:00+00:00,0.102685159976547
2026-02-04 13:45:00+00:00,0.109865159976547
2026-02-04 14:00:00+00:00,0.12393093413121835
2026-02-04 14:15:00+00:00,0.12925093413121846
2026-02-04 14:30:00+00:00,0.13535093413121846
2026-02-04 14:45:00+00:00,0.13773093413121845
2026-02-04 15:00:00+00:00,0.08492738439946673
2026-02-04 15:15:00+00:00,0.08868738439946673
2026-02-04 15:30:00+00:00,0.09612738439946673
2026-02-04 15:45:00+00:00,0.10410738439946673
2026-02-04 16:00:00+00:00,0.11092117522180199
2026-02-04 16:15:00+00:00,0.11715117522180199
2026-02-04 16:30:00+00:00,0.12145117522180197
2026-02-04 16:45:00+00:00,0.12103117522180189
2026-02-04 17:00:00+00:00,0.10554584865146617
2026-02-04 17:15:00+00:00,0.10319584865146617
2026-02-04 17:30:00+00:00,0.10285584865146617
2026-02-04 17:45:00+00:00,0.10122584865146617
2026-02-04 18:00:00+00:00,0.10013667368014478
2026-02-04 18:15:00+00:00,0.08884667368014479
2026-02-04 18:30:00+00:00,0.08354667368014479
2026-02-04 18:45:00+00:00,0.0798166736801448
2026-02-04 19:00:00+00:00,0.09789503863372694
2026-02-04 19:15:00+00:00,0.09023503863372694
2026-02-04 19:30:00+00:00,0.08758503863372694
2026-02-04 19:45:00+00:00,0.08545503863372694
2026-02-04 20:00:00+00:00,0.1254495915394979
2026-02-04 20:15:00+00:00,0.1215195915394979
2026-02-04 20:30:00+00:00,0.1191895915394979
2026-02-04 20:45:00+00:00,0.1177695915394979
2026-02-04 21:00:00+00:00,0.13200140023927923
2026-02-04 21:15:00+00:00,0.12916140023927924
2026-02-04 21:30:00+00:00,0.12747140023927925
2026-02-04 21:45:00+00:00,0.12170140023927925
2026-02-04 22:00:00+00:00,0.08622722277027269
2026-02-04 22:15:00+00:00,0.08180722277027269
2026-02-04 22:30:00+00:00,0.07891722277027269
2026-02-04 22:45:00+00:00,0.07358722277027269
2026-02-04 23:00:00+00:00,0.1251148801512572
2026-02-04 23:15:00+00:00,0.1255548801512572
2026-02-04 23:30:00+00:00,0.1252548801512572
2026-02-04 23:45:00+00:00,0.1253048801512572
2026-02-05 00:00:00+00:00,0.09044370653581273
2026-02-05 00:15:00+00:00,0.08954370653581273
2026-02-05 00:30:00+00:00,0.08926370653581273
2026-02-05 00:45:00+00:00,0.08711370653581273
2026-02-05 01:00:00+00:00,0.11928351910915981
2026-02-05 01:15:00+00:00,0.11934351910915982
2026-02-05 01:30:00+00:00,0.12039351910915981
2026-02-05 01:45:00+00:00,0.11960351910915981
2026-02-05 02:00:00+00:00,0.08487566675988327
2026-02-05 02:15:00+00:00,0.08648566675988327
2026-02-05 02:30:00+00:00,0.08646566675988326
2026-02-05 02:45:00+00:00,0.08649566675988327
2026-02-05 03:00:00+00:00,0.08984814618864029
2026-02-05 03:15:00+00:00,0.09139814618864028
2026-02-05 03:30:00+00:00,0.09257814618864028
2026-02-05 03:45:00+00:00,0.09406814618864029
2026-02-05 04:00:00+00:00,0.09501547808240218
2026-02-05 04:15:00+00:00,0.09727547808240218
2026-02-05 04:30:00+00:00,0.09897547808240217
2026-02-05 04:45:00+00:00,0.10163547808240218
2026-02-05 05:00:00+00:00,0.15174043303677845
2026-02-05 05:15:00+00:00,0.16340043303677845
2026-02-05 05:30:00+00:00,0.16341043303677844
2026-02-05 05:45:00+00:00,0.16647043303677844
2026-02-05 06:00:00+00:00,0.11879210375185942
2026-02-05 06:15:00+00:00,0.1256921037518594
2026-02-05 06:30:00+00:00,0.1342721037518594
2026-02-05 06:45:00+00:00,0.1370921037518594
2026-02-05 07:00:00+00:00,0.10962423749159858
2026-02-05 07:15:00+00:00,0.11234423749159858
2026-02-05 07:30:00+00:00,0.11465423749159859
2026-02-05 07:45:00+00:00,0.11285423749159856
2026-02-05 08:00:00+00:00,0.1454650300276136
2026-02-05 08:15:00+00:00,0.1407850300276136
2026-02-05 08:30:00+00:00,0.1374350300276136
2026-02-05 08:45:00+00:00,0.1336150300276136
2026-02-05 09:00:00+00:00,0.12036144133400392
2026-02-05 09:15:00+00:00,0.11472144133400392
2026-02-05 09:30:00+00:00,0.10885144133400391
2026-02-05 09:45:00+00:00,0.10224144133400391
2026-02-05 10:00:00+00:00,0.11926099496596114
2026-02-05 10:15:00+00:00,0.11258099496596123
2026-02-05 10:30:00+00:00,0.11113099496596124
2026-02-05 10:45:00+00:00,0.10530099496596124
2026-02-05 11:00:00+00:00,0.1271352632118831
2026-02-05 11:15:00+00:00,0.12477526321188308
2026-02-05 11:30:00+00:00,0.12425526321188309
2026-02-05 11:45:00+00:00,0.12362526321188308
2026-02-05 12:00:00+00:00,0.10895118786394632
2026-02-05 12:15:00+00:00,0.11057118786394632
2026-02-05 12:30:00+00:00,0.11078118786394632
2026-02-05 12:45:00+00:00,0.11101118786394631
2026-02-05 13:00:00+00:00,0.11039874450399007
2026-02-05 13:15:00+00:00,0.11382874450399007
2026-02-05 13:30:00+00:00,0.11562874450399006
2026-02-05 13:45:00+00:00,0.12102874450399007
2026-02-05 14:00:00+00:00,0.1080069740377071
2026-02-05 14:15:00+00:00,0.112246974037707
2026-02-05 14:30:00+00:00,0.12012697403770711
2026-02-05 14:45:00+00:00,0.12856697403770712
2026-02-05 15:00:00+00:00,0.12419460871775886
2026-02-05 15:15:00+00:00,0.13019460871775884
2026-02-05 15:30:00+00:00,0.13675460871775885
2026-02-05 15:45:00+00:00,0.13759460871775886
2026-02-05 16:00:00+00:00,0.13562861423607497
2026-02-05 16:15:00+00:00,0.14273861423607498
2026-02-05 16:30:00+00:00,0.15574861423607497
2026-02-05 16:45:00+00:00,0.15911861423607498
2026-02-05 17:00:00+00:00,0.10422884396423243
2026-02-05 17:15:00+00:00,0.09963884396423242
2026-02-05 17:30:00+00:00,0.10238884396423242
2026-02-05 17:45:00+00:00,0.09795884396423243
2026-02-05 18:00:00+00:00,0.1502880623995598
2026-02-05 18:15:00+00:00,0.1456980623995597
2026-02-05 18:30:00+00:00,0.1439080623995598
2026-02-05 18:45:00+00:00,0.1407280623995597
2026-02-05 19:00:00+00:00,0.11295570310923334
2026-02-05 19:15:00+00:00,0.10634570310923333
2026-02-05 19:30:00+00:00,0.10009570310923332
2026-02-05 19:45:00+00:00,0.09166570310923333
2026-02-05 20:00:00+00:00,0.08693820860790362
2026-02-05 20:15:00+00:00,0.08271820860790362
2026-02-05 20:30:00+00:00,0.08047820860790363
2026-02-05 20:45:00+00:00,0.07498820860790362
2026-02-05 21:00:00+00:00,0.10987671183007035
2026-02-05 21:15:00+00:00,0.10549671183007035
2026-02-05 21:30:00+00:00,0.10318671183007036
2026-02-05 21:45:00+00:00,0.10066671183007035
2026-02-05 22:00:00+00:00,0.10887312442950704
2026-02-05 22:15:00+00:00,0.10544312442950705
2026-02-05 22:30:00+00:00,0.09906312442950704
2026-02-05 22:45:00+00:00,0.09294312442950704
2026-02-05 23:00:00+00:00,0.0877770431129747
2026-02-05 23:15:00+00:00,0.0857070431129747
2026-02-05 23:30:00+00:00,0.0854170431129747
2026-02-05 23:45:00+00:00,0.0873670431129747
2026-02-06 00:00:00+00:00,0.11639994809128884
2026-02-06 00:15:00+00:00,0.11466994809128885
2026-02-06 00:30:00+00:00,0.11357994809128884
2026-02-06 00:45:00+00:00,0.11293994809128885
2026-02-06 01:00:00+00:00,0.07413795494024351
2026-02-06 01:15:00+00:00,0.07321795494024351
2026-02-06 01:30:00+00:00,0.07260795494024351
2026-02-06 01:45:00+00:00,0.07373795494024352
2026-02-06 02:00:00+00:00,0.08938253705740103
2026-02-06 02:15:00+00:00,0.09126253705740102
2026-02-06 02:30:00+00:00,0.09092253705740103
2026-02-06 02:45:00+00:00,0.09143253705740102
2026-02-06 03:00:00+00:00,0.08651312237075197
2026-02-06 03:15:00+00:00,0.08803312237075198
2026-02-06 03:30:00+00:00,0.08823312237075197
2026-02-06 03:45:00+00:00,0.08920312237075197
2026-02-06 04:00:00+00:00,0.09850397361156187
2026-02-06 04:15:00+00:00,0.09964397361156187
2026-02-06 04:30:00+00:00,0.10046397361156185
2026-02-06 04:45:00+00:00,0.10729397361156186
2026-02-06 05:00:00+00:00,0.10421404321421218
2026-02-06 05:15:00+00:00,0.11479404321421219
2026-02-06 05:30:00+00:00,0.12147404321421218
2026-02-06 05:45:00+00:00,0.1417040432142122
2026-02-06 06:00:00+00:00,0.10835028516558201
2026-02-06 06:15:00+00:00,0.118300285165582
2026-02-06 06:30:00+00:00,0.129470285165582
2026-02-06 06:45:00+00:00,0.127650285165582
2026-02-06 07:00:00+00:00,0.15197846559747058
2026-02-06 07:15:00+00:00,0.1590084655974706
2026-02-06 07:30:00+00:00,0.1599084655974706
2026-02-06 07:45:00+00:00,0.1612984655974706
2026-02-06 08:00:00+00:00,0.14928764863310873
2026-02-06 08:15:00+00:00,0.14914764863310873
2026-02-06 08:30:00+00:00,0.14286764863310872
2026-02-06 08:45:00+00:00,0.1401376486331087
2026-02-06 09:00:00+00:00,0.1132960847384941
2026-02-06 09:15:00+00:00,0.1088260847384941
2026-02-06 09:30:00+00:00,0.1052760847384941
2026-02-06 09:45:00+00:00,0.1019160847384941
2026-02-06 10:00:00+00:00,0.10767150046060639
2026-02-06 10:15:00+00:00,0.10520150046060639
2026-02-06 10:30:00+00:00,0.10178150046060638
2026-02-06 10:45:00+00:00,0.09703150046060638
2026-02-06 11:00:00+00:00,0.1385736368806849
2026-02-06 11:15:00+00:00,0.13511363688068487
2026-02-06 11:30:00+00:00,0.13645363688068488
2026-02-06 11:45:00+00:00,0.13379363688068488
2026-02-06 12:00:00+00:00,0.13369979527820094
2026-02-06 12:15:00+00:00,0.13159979527820095
2026-02-06 12:30:00+00:00,0.13289979527820095
2026-02-06 12:45:00+00:00,0.12912979527820095
2026-02-06 13:00:00+00:00,0.1264496880549063
2026-02-06 13:15:00+00:00,0.13214968805490632
2026-02-06 13:30:00+00:00,0.1359996880549063
2026-02-06 13:45:00+00:00,0.1404696880549063
2026-02-06 14:00:00+00:00,0.13151583119318408
2026-02-06 14:15:00+00:00,0.13634583119318408
2026-02-06 14:30:00+00:00,0.14177583119318407
2026-02-06 14:45:00+00:00,0.14619583119318408
2026-02-06 15:00:00+00:00,0.13596459085896562
2026-02-06 15:15:00+00:00,0.13788459085896562
2026-02-06 15:30:00+00:00,0.13942459085896564
2026-02-06 15:45:00+00:00,0.13915459085896562
2026-02-06 16:00:00+00:00,0.14557276248027443
2026-02-06 16:15:00+00:00,0.15345276248027442
2026-02-06 16:30:00+00:00,0.15868276248027444
2026-02-06 16:45:00+00:00,0.16069276248027442
2026-02-06 17:00:00+00:00,0.11977379813669375
2026-02-06 17:15:00+00:00,0.11720379813669374
2026-02-06 17:30:00+00:00,0.10553379813669375
2026-02-06 17:45:00+00:00,0.10458379813669375
2026-02-06 18:00:00+00:00,0.11572539188247308
2026-02-06 18:15:00+00:00,0.10319539188247306
2026-02-06 18:30:00+00:00,0.10402539188247309
2026-02-06 18:45:00+00:00,0.09342539188247298
2026-02-06 19:00:00+00:00,0.09942051919025442
2026-02-06 19:15:00+00:00,0.09044051919025442
2026-02-06 19:30:00+00:00,0.08746051919025431
2026-02-06 19:45:00+00:00,0.08625051919025442
2026-02-06 20:00:00+00:00,0.11965875257027386
2026-02-06 20:15:00+00:00,0.11513875257027387
2026-02-06 20:30:00+00:00,0.11231875257027386
2026-02-06 20:45:00+00:00,0.10951875257027387
2026-02-06 21:00:00+00:00,0.13267551514771483
2026-02-06 21:15:00+00:00,0.12893551514771484
2026-02-06 21:30:00+00:00,0.12793551514771484
2026-02-06 21:45:00+00:00,0.12700551514771483
2026-02-06 22:00:00+00:00,0.09912427396330388
2026-02-06 22:15:00+00:00,0.09572427396330388
2026-02-06 22:30:00+00:00,0.09348427396330387
2026-02-06 22:45:00+00:00,0.08891427396330387
2026-02-06 23:00:00+00:00,0.0586020549593589
2026-02-06 23:15:00+00:00,0.0550620549593589
2026-02-06 23:30:00+00:00,0.0545620549593589
2026-02-06 23:45:00+00:00,0.0538720549593589
2026-02-07 00:00:00+00:00,0.06893966897008785
2026-02-07 00:15:00+00:00,0.06746966897008785
2026-02-07 00:30:00+00:00,0.06938966897008784
2026-02-07 00:45:00+00:00,0.06895966897008785
2026-02-07 01:00:00+00:00,0.08486321314476644
2026-02-07 01:15:00+00:00,0.08410321314476644
2026-02-07 01:30:00+00:00,0.08158321314476645
2026-02-07 01:45:00+00:00,0.08039321314476644
2026-02-07 02:00:00+00:00,0.08803190772473751
2026-02-07 02:15:00+00:00,0.08625190772473751
2026-02-07 02:30:00+00:00,0.0870619077247375
2026-02-07 02:45:00+00:00,0.0852019077247375
2026-02-07 03:00:00+00:00,0.08835598787132912
2026-02-07 03:15:00+00:00,0.08907598787132912
2026-02-07 03:30:00+00:00,0.08929598787132911
2026-02-07 03:45:00+00:00,0.0888359878713291
2026-02-07 04:00:00+00:00,0.09527891595765708
2026-02-07 04:15:00+00:00,0.09704891595765708
2026-02-07 04:30:00+00:00,0.09744891595765698
2026-02-07 04:45:00+00:00,0.09995891595765709
2026-02-07 05:00:00+00:00,0.08433175956567185
2026-02-07 05:15:00+00:00,0.09024175956567185
2026-02-07 05:30:00+00:00,0.09324175956567185
2026-02-07 05:45:00+00:00,0.09765175956567185
2026-02-07 06:00:00+00:00,0.11956128414727148
2026-02-07 06:15:00+00:00,0.12167128414727148
2026-02-07 06:30:00+00:00,0.12641128414727149
2026-02-07 06:45:00+00:00,0.13167128414727147
2026-02-07 07:00:00+00:00,0.09572839537519663
2026-02-07 07:15:00+00:00,0.10118839537519664
2026-02-07 07:30:00+00:00,0.10456839537519663
2026-02-07 07:45:00+00:00,0.10514839537519663
2026-02-07 08:00:00+00:00,0.10915517966263269
2026-02-07 08:15:00+00:00,0.1036651796626327
2026-02-07 08:30:00+00:00,0.10121517966263269
2026-02-07 08:45:00+00:00,0.09448517966263269
2026-02-07 09:00:00+00:00,0.12582918687583816
2026-02-07 09:15:00+00:00,0.11816918687583815
2026-02-07 09:30:00+00:00,0.11657918687583815
2026-02-07 09:45:00+00:00,0.11486918687583815
2026-02-07 10:00:00+00:00,0.07867306165015885
2026-02-07 10:15:00+00:00,0.07762306165015885
2026-02-07 10:30:00+00:00,0.07554306165015885
2026-02-07 10:45:00+00:00,0.07342306165015884
2026-02-07 11:00:00+00:00,0.11085046208931225
2026-02-07 11:15:00+00:00,0.10831046208931225
2026-02-07 11:30:00+00:00,0.10526046208931214
2026-02-07 11:45:00+00:00,0.10469046208931225
2026-02-07 12:00:00+00:00,0.09980438238275356
2026-02-07 12:15:00+00:00,0.09920438238275348
2026-02-07 12:30:00+00:00,0.09877438238275357
2026-02-07 12:45:00+00:00,0.09930438238275358
2026-02-07 13:00:00+00:00,0.09375079078409965
2026-02-07 13:15:00+00:00,0.09497079078409973
2026-02-07 13:30:00+00:00,0.09872079078409973
2026-02-07 13:45:00+00:00,0.10143079078409972
2026-02-07 14:00:00+00:00,0.13059407217126617
2026-02-07 14:15:00+00:00,0.13277407217126616
2026-02-07 14:30:00+00:00,0.13795407217126607
2026-02-07 14:45:00+00:00,0.14074407217126617
2026-02-07 15:00:00+00:00,0.09664713457613343
2026-02-07 15:15:00+00:00,0.10538713457613343
2026-02-07 15:30:00+00:00,0.11277713457613343
2026-02-07 15:45:00+00:00,0.12061713457613343
2026-02-07 16:00:00+00:00,0.16528732860442236
2026-02-07 16:15:00+00:00,0.16893732860442234
2026-02-07 16:30:00+00:00,0.17496732860442238
2026-02-07 16:45:00+00:00,0.17838732860442236
2026-02-07 17:00:00+00:00,0.1338377682719446
2026-02-07 17:15:00+00:00,0.1322377682719446
2026-02-07 17:30:00+00:00,0.13007776827194462
2026-02-07 17:45:00+00:00,0.12860776827194462
2026-02-07 18:00:00+00:00,0.10796522588034344
2026-02-07 18:15:00+00:00,0.10866522588034344
2026-02-07 18:30:00+00:00,0.10325522588034344
2026-02-07 18:45:00+00:00,0.09624522588034343
2026-02-07 19:00:00+00:00,0.12653475023250219
2026-02-07 19:15:00+00:00,0.11675475023250219
2026-02-07 19:30:00+00:00,0.10935475023250218
2026-02-07 19:45:00+00:00,0.10607475023250218
2026-02-07 20:00:00+00:00,0.08941433413264839
2026-02-07 20:15:00+00:00,0.08558433413264839
2026-02-07 20:30:00+00:00,0.0831643341326484
2026-02-07 20:45:00+00:00,0.08029433413264829
2026-02-07 21:00:00+00:00,0.09378672356839857
2026-02-07 21:15:00+00:00,0.09159672356839857
2026-02-07 21:30:00+00:00,0.08943672356839856
2026-02-07 21:45:00+00:00,0.08621672356839856
2026-02-07 22:00:00+00:00,0.11325536157466048
2026-02-07 22:15:00+00:00,0.10846536157466048
2026-02-07 22:30:00+00:00,0.10340536157466049
2026-02-07 22:45:00+00:00,0.09909536157466038
2026-02-07 23:00:00+00:00,0.12024864552406458
2026-02-07 23:15:00+00:00,0.11133864552406458
2026-02-07 23:30:00+00:00,0.11019864552406458
2026-02-07 23:45:00+00:00,0.10718864552406458
2026-02-08 00:00:00+00:00,0.0900778648787074
2026-02-08 00:15:00+00:00,0.0899378648787074
2026-02-08 00:30:00+00:00,0.0856678648787073
2026-02-08 00:45:00+00:00,0.0847678648787074
2026-02-08 01:00:00+00:00,0.11804325789174992
2026-02-08 01:15:00+00:00,0.11563325789174991
2026-02-08 01:30:00+00:00,0.11477325789174991
2026-02-08 01:45:00+00:00,0.11439325789174992
2026-02-08 02:00:00+00:00,0.11869883971674242
2026-02-08 02:15:00+00:00,0.11796883971674241
2026-02-08 02:30:00+00:00,0.11690883971674242
2026-02-08 02:45:00+00:00,0.11719883971674241
2026-02-08 03:00:00+00:00,0.12129159144595769
2026-02-08 03:15:00+00:00,0.1208915914459577
2026-02-08 03:30:00+00:00,0.12144159144595769
2026-02-08 03:45:00+00:00,0.12138159144595759
2026-02-08 04:00:00+00:00,0.1053178042605101
2026-02-08 04:15:00+00:00,0.1051378042605101
2026-02-08 04:30:00+00:00,0.10521780426051
2026-02-08 04:45:00+00:00,0.1062378042605101
2026-02-08 05:00:00+00:00,0.11533257225414278
2026-02-08 05:15:00+00:00,0.11785257225414278
2026-02-08 05:30:00+00:00,0.12150257225414277
2026-02-08 05:45:00+00:00,0.1255225722541428
2026-02-08 06:00:00+00:00,0.056530922510559134
2026-02-08 06:15:00+00:00,0.06015092251055913
2026-02-08 06:30:00+00:00,0.061740922510559126
2026-02-08 06:45:00+00:00,0.06656092251055913
2026-02-08 07:00:00+00:00,0.09020856750779713
2026-02-08 07:15:00+00:00,0.09539856750779713
2026-02-08 07:30:00+00:00,0.09572856750779712
2026-02-08 07:45:00+00:00,0.09668856750779713
2026-02-08 08:00:00+00:00,0.08598905206247485
2026-02-08 08:15:00+00:00,0.08690905206247486
2026-02-08 08:30:00+00:00,0.08642905206247486
2026-02-08 08:45:00+00:00,0.08489905206247486
2026-02-08 09:00:00+00:00,0.10656073756770691
2026-02-08 09:15:00+00:00,0.1060007375677069
2026-02-08 09:30:00+00:00,0.10381073756770691
2026-02-08 09:45:00+00:00,0.1029707375677069
2026-02-08 10:00:00+00:00,0.09163980096018405
2026-02-08 10:15:00+00:00,0.09034980096018405
2026-02-08 10:30:00+00:00,0.08813980096018406
2026-02-08 10:45:00+00:00,0.08626980096018405
2026-02-08 11:00:00+00:00,0.09480690209752862
2026-02-08 11:15:00+00:00,0.09371690209752861
2026-02-08 11:30:00+00:00,0.09391690209752862
2026-02-08 11:45:00+00:00,0.09163690209752862
2026-02-08 12:00:00+00:00,0.1296843693647259
2026-02-08 12:15:00+00:00,0.128594369364726
2026-02-08 12:30:00+00:00,0.13084436936472602
2026-02-08 12:45:00+00:00,0.13101436936472602
2026-02-08 13:00:00+00:00,0.09097145230836778
2026-02-08 13:15:00+00:00,0.09350145230836779
2026-02-08 13:30:00+00:00,0.09459145230836769
2026-02-08 13:45:00+00:00,0.09734145230836778
2026-02-08 14:00:00+00:00,0.1056333032257028
2026-02-08 14:15:00+00:00,0.1081233032257028
2026-02-08 14:30:00+00:00,0.11192330322570279
2026-02-08 14:45:00+00:00,0.1180233032257028
2026-02-08 15:00:00+00:00,0.09657212437235041
2026-02-08 15:15:00+00:00,0.10337212437235041
2026-02-08 15:30:00+00:00,0.1107621243723504
2026-02-08 15:45:00+00:00,0.11936212437235041
2026-02-08 16:00:00+00:00,0.12093120776929778
2026-02-08 16:15:00+00:00,0.12737120776929778
2026-02-08 16:30:00+00:00,0.13239120776929778
2026-02-08 16:45:00+00:00,0.13540120776929776
2026-02-08 17:00:00+00:00,0.1299005546040058
2026-02-08 17:15:00+00:00,0.1330005546040057
2026-02-08 17:30:00+00:00,0.1326605546040058
2026-02-08 17:45:00+00:00,0.1299505546040058
2026-02-08 18:00:00+00:00,0.14119781321055067
2026-02-08 18:15:00+00:00,0.13779781321055068
2026-02-08 18:30:00+00:00,0.13332781321055068
2026-02-08 18:45:00+00:00,0.12825781321055066
2026-02-08 19:00:00+00:00,0.1442721581669887
2026-02-08 19:15:00+00:00,0.13567215816698872
2026-02-08 19:30:00+00:00,0.13134215816698872
2026-02-08 19:45:00+00:00,0.12749215816698872
2026-02-08 20:00:00+00:00,0.14111034474935158
2026-02-08 20:15:00+00:00,0.13952034474935157
2026-02-08 20:30:00+00:00,0.13720034474935158
2026-02-08 20:45:00+00:00,0.13376034474935158
2026-02-08 21:00:00+00:00,0.1137691712816412
2026-02-08 21:15:00+00:00,0.1122491712816412
2026-02-08 21:30:00+00:00,0.1098291712816412
2026-02-08 21:45:00+00:00,0.1074691712816412
2026-02-08 22:00:00+00:00,0.11425273795592727
2026-02-08 22:15:00+00:00,0.11254273795592727
2026-02-08 22:30:00+00:00,0.11111273795592727
2026-02-08 22:45:00+00:00,0.10535273795592717
2026-02-08 23:00:00+00:00,0.07883322788384427
2026-02-08 23:15:00+00:00,0.07629322788384427
2026-02-08 23:30:00+00:00,0.07436322788384427
2026-02-08 23:45:00+00:00,0.07290322788384426
2026-02-09 00:00:00+00:00,0.09606529259409667
2026-02-09 00:15:00+00:00,0.09396529259409667
2026-02-09 00:30:00+00:00,0.09328529259409667
2026-02-09 00:45:00+00:00,0.09203529259409667
2026-02-09 01:00:00+00:00,0.11259752213958416
2026-02-09 01:15:00+00:00,0.11244752213958416
2026-02-09 01:30:00+00:00,0.11381752213958415
2026-02-09 01:45:00+00:00,0.11305752213958416
2026-02-09 02:00:00+00:00,0.11162190041067846
2026-02-09 02:15:00+00:00,0.11058190041067856
2026-02-09 02:30:00+00:00,0.11125190041067856
2026-02-09 02:45:00+00:00,0.11206190041067857
2026-02-09 03:00:00+00:00,0.09730826205105957
2026-02-09 03:15:00+00:00,0.09900826205105956
2026-02-09 03:30:00+00:00,0.10069826205105956
2026-02-09 03:45:00+00:00,0.10479826205105956
2026-02-09 04:00:00+00:00,0.1119872092401088
2026-02-09 04:15:00+00:00,0.1172772092401088
2026-02-09 04:30:00+00:00,0.1219372092401088
2026-02-09 04:45:00+00:00,0.1328872092401088
2026-02-09 05:00:00+00:00,0.11401768338015073
2026-02-09 05:15:00+00:00,0.13038768338015072
2026-02-09 05:30:00+00:00,0.1451976833801507
2026-02-09 05:45:00+00:00,0.17540768338015061
2026-02-09 06:00:00+00:00,0.15919524865039747
2026-02-09 06:15:00+00:00,0.18108524865039757
2026-02-09 06:30:00+00:00,0.19031524865039756
2026-02-09 06:45:00+00:00,0.19200524865039756
2026-02-09 07:00:00+00:00,0.17560688318047551
2026-02-09 07:15:00+00:00,0.19425688318047551
2026-02-09 07:30:00+00:00,0.19077688318047553
2026-02-09 07:45:00+00:00,0.19146688318047553
2026-02-09 08:00:00+00:00,0.17736415571820516
2026-02-09 08:15:00+00:00,0.16826415571820516
2026-02-09 08:30:00+00:00,0.15353415571820514
2026-02-09 08:45:00+00:00,0.15152415571820516
2026-02-09 09:00:00+00:00,0.17240097709667995
2026-02-09 09:15:00+00:00,0.17029097709667995
2026-02-09 09:30:00+00:00,0.16016097709667995
2026-02-09 09:45:00+00:00,0.15099097709667997
2026-02-09 10:00:00+00:00,0.0971612533087822
2026-02-09 10:15:00+00:00,0.0926112533087822
2026-02-09 10:30:00+00:00,0.08905125330878219
2026-02-09 10:45:00+00:00,0.08330125330878219
2026-02-09 11:00:00+00:00,0.1502254045582577
2026-02-09 11:15:00+00:00,0.1451154045582577
2026-02-09 11:30:00+00:00,0.14221540455825768
2026-02-09 11:45:00+00:00,0.1388754045582577
2026-02-09 12:00:00+00:00,0.06919156586227923
2026-02-09 12:15:00+00:00,0.07055156586227923
2026-02-09 12:30:00+00:00,0.06722156586227923
2026-02-09 12:45:00+00:00,0.06498156586227924
2026-02-09 13:00:00+00:00,0.09199190385484457
2026-02-09 13:15:00+00:00,0.10196190385484458
2026-02-09 13:30:00+00:00,0.11047190385484457
2026-02-09 13:45:00+00:00,0.11953190385484458
2026-02-09 14:00:00+00:00,0.13715110545340753
2026-02-09 14:15:00+00:00,0.14698110545340753
2026-02-09 14:30:00+00:00,0.16608110545340754
2026-02-09 14:45:00+00:00,0.17930110545340755
2026-02-09 15:00:00+00:00,0.15050445085269507
2026-02-09 15:15:00+00:00,0.16916445085269496
2026-02-09 15:30:00+00:00,0.19259445085269497
2026-02-09 15:45:00+00:00,0.19876445085269506
2026-02-09 16:00:00+00:00,0.16550073805501597
2026-02-09 16:15:00+00:00,0.21221073805501597
2026-02-09 16:30:00+00:00,0.22341073805501596
2026-02-09 16:45:00+00:00,0.22229073805501598
2026-02-09 17:00:00+00:00,0.1835253497367647
2026-02-09 17:15:00+00:00,0.17294534973676468
2026-02-09 17:30:00+00:00,0.1579153497367647
2026-02-09 17:45:00+00:00,0.16217534973676467
2026-02-09 18:00:00+00:00,0.2131032580905496
2026-02-09 18:15:00+00:00,0.1957232580905496
2026-02-09 18:30:00+00:00,0.1859232580905496
2026-02-09 18:45:00+00:00,0.1692232580905496
2026-02-09 19:00:00+00:00,0.1539860991037392
2026-02-09 19:15:00+00:00,0.1394160991037392
2026-02-09 19:30:00+00:00,0.1306160991037392
2026-02-09 19:45:00+00:00,0.11691609910373921
2026-02-09 20:00:00+00:00,0.18752295282156883
2026-02-09 20:15:00+00:00,0.18387295282156885
2026-02-09 20:30:00+00:00,0.17226295282156884
2026-02-09 20:45:00+00:00,0.15959295282156885
2026-02-09 21:00:00+00:00,0.13041472330383572
2026-02-09 21:15:00+00:00,0.12428472330383583
2026-02-09 21:30:00+00:00,0.12305472330383584
2026-02-09 21:45:00+00:00,0.11368472330383583
2026-02-09 22:00:00+00:00,0.12452753596430026
2026-02-09 22:15:00+00:00,0.11658753596430027
2026-02-09 22:30:00+00:00,0.11468753596430026
2026-02-09 22:45:00+00:00,0.10987753596430026
2026-02-09 23:00:00+00:00,0.1360795567485115
2026-02-09 23:15:00+00:00,0.1343595567485115
2026-02-09 23:30:00+00:00,0.1336895567485115
2026-02-09 23:45:00+00:00,0.1332795567485115
2026-02-10 00:00:00+00:00,0.10743758190478922
2026-02-10 00:15:00+00:00,0.10643758190478922
2026-02-10 00:30:00+00:00,0.10544758190478923
2026-02-10 00:45:00+00:00,0.10528758190478922
2026-02-10 01:00:00+00:00,0.08479224571833499
2026-02-10 01:15:00+00:00,0.08412224571833499
2026-02-10 01:30:00+00:00,0.08409224571833498
2026-02-10 01:45:00+00:00,0.08431224571833498
2026-02-10 02:00:00+00:00,0.1008137927077031
2026-02-10 02:15:00+00:00,0.1005637927077031
2026-02-10 02:30:00+00:00,0.1002137927077031
2026-02-10 02:45:00+00:00,0.1000837927077031
2026-02-10 03:00:00+00:00,0.10136566396209984
2026-02-10 03:15:00+00:00,0.10004566396209984
2026-02-10 03:30:00+00:00,0.10229566396209984
2026-02-10 03:45:00+00:00,0.10341566396209984
2026-02-10 04:00:00+00:00,0.0785133028856232
2026-02-10 04:15:00+00:00,0.0781233028856232
2026-02-10 04:30:00+00:00,0.0797333028856232
2026-02-10 04:45:00+00:00,0.0850333028856232
2026-02-10 05:00:00+00:00,0.09779916643578052
2026-02-10 05:15:00+00:00,0.10755916643578052
2026-02-10 05:30:00+00:00,0.11978916643578053
2026-02-10 05:45:00+00:00,0.13571916643578052
2026-02-10 06:00:00+00:00,0.10931245452622125
2026-02-10 06:15:00+00:00,0.11693245452622124
2026-02-10 06:30:00+00:00,0.12756245452622125
2026-02-10 06:45:00+00:00,0.13120245452622126
2026-02-10 07:00:00+00:00,0.16347478203909205
2026-02-10 07:15:00+00:00,0.16708478203909205
2026-02-10 07:30:00+00:00,0.15890478203909203
2026-02-10 07:45:00+00:00,0.15378478203909204
2026-02-10 08:00:00+00:00,0.14223598226382583
2026-02-10 08:15:00+00:00,0.13620598226382583
2026-02-10 08:30:00+00:00,0.13014598226382582
2026-02-10 08:45:00+00:00,0.12228598226382584
2026-02-10 09:00:00+00:00,0.13647371736645764
2026-02-10 09:15:00+00:00,0.12580371736645765
2026-02-10 09:30:00+00:00,0.12096371736645764
2026-02-10 09:45:00+00:00,0.11232371736645765
2026-02-10 10:00:00+00:00,0.1280089405383453
2026-02-10 10:15:00+00:00,0.12207894053834531
2026-02-10 10:30:00+00:00,0.11308894053834531
2026-02-10 10:45:00+00:00,0.10678894053834531
2026-02-10 11:00:00+00:00,0.1166497966656135
2026-02-10 11:15:00+00:00,0.1113797966656135
2026-02-10 11:30:00+00:00,0.11322979666561339
2026-02-10 11:45:00+00:00,0.1120297966656135
2026-02-10 12:00:00+00:00,0.12159376623811202
2026-02-10 12:15:00+00:00,0.11875376623811203
2026-02-10 12:30:00+00:00,0.12069376623811202
2026-02-10 12:45:00+00:00,0.12217376623811202
2026-02-10 13:00:00+00:00,0.09042060333108523
2026-02-10 13:15:00+00:00,0.09403060333108523
2026-02-10 13:30:00+00:00,0.10075060333108524
2026-02-10 13:45:00+00:00,0.10621060333108523
2026-02-10 14:00:00+00:00,0.09960115600033971
2026-02-10 14:15:00+00:00,0.10314115600033971
2026-02-10 14:30:00+00:00,0.1155111560003397
2026-02-10 14:45:00+00:00,0.11765115600033971
2026-02-10 15:00:00+00:00,0.14038813192006633
2026-02-10 15:15:00+00:00,0.14771813192006633
2026-02-10 15:30:00+00:00,0.14645813192006632
2026-02-10 15:45:00+00:00,0.15727813192006632
2026-02-10 16:00:00+00:00,0.12287344011653241
2026-02-10 16:15:00+00:00,0.1234334401165325
2026-02-10 16:30:00+00:00,0.13131344011653243
2026-02-10 16:45:00+00:00,0.13304344011653252
2026-02-10 17:00:00+00:00,0.11525597373749383
2026-02-10 17:15:00+00:00,0.10990597373749383
2026-02-10 17:30:00+00:00,0.10349597373749383
2026-02-10 17:45:00+00:00,0.09405597373749383
2026-02-10 18:00:00+00:00,0.13859491845709954
2026-02-10 18:15:00+00:00,0.13243491845709954
2026-02-10 18:30:00+00:00,0.12663491845709954
2026-02-10 18:45:00+00:00,0.11626491845709952
2026-02-10 19:00:00+00:00,0.13129427393535215
2026-02-10 19:15:00+00:00,0.12108427393535205
2026-02-10 19:30:00+00:00,0.11379427393535214
2026-02-10 19:45:00+00:00,0.11289427393535215
2026-02-10 20:00:00+00:00,0.0823935902779404
2026-02-10 20:15:00+00:00,0.0792535902779404
2026-02-10 20:30:00+00:00,0.0784335902779404
2026-02-10 20:45:00+00:00,0.0760435902779404
2026-02-10 21:00:00+00:00,0.11354665409177275
2026-02-10 21:15:00+00:00,0.11212665409177267
2026-02-10 21:30:00+00:00,0.11053665409177277
2026-02-10 21:45:00+00:00,0.10741665409177276
2026-02-10 22:00:00+00:00,0.11954610715590483
2026-02-10 22:15:00+00:00,0.11693610715590483
2026-02-10 22:30:00+00:00,0.11291610715590483
2026-02-10 22:45:00+00:00,0.10677610715590483
2026-02-10 23:00:00+00:00,0.10383923288486065
2026-02-10 23:15:00+00:00,0.10405923288486076
2026-02-10 23:30:00+00:00,0.10390923288486076
2026-02-10 23:45:00+00:00,0.10283923288486066
2026-02-11 00:00:00+00:00,0.10873246029577345
2026-02-11 00:15:00+00:00,0.10860246029577335
2026-02-11 00:30:00+00:00,0.10831246029577345
2026-02-11 00:45:00+00:00,0.10732246029577336
2026-02-11 01:00:00+00:00,0.07103699854320868
2026-02-11 01:15:00+00:00,0.06956699854320868
2026-02-11 01:30:00+00:00,0.06929699854320859
2026-02-11 01:45:00+00:00,0.06930699854320868
2026-02-11 02:00:00+00:00,0.10095275836393236
2026-02-11 02:15:00+00:00,0.10095275836393236
2026-02-11 02:30:00+00:00,0.10095275836393236
2026-02-11 02:45:00+00:00,0.10019275836393236
2026-02-11 03:00:00+00:00,0.08930945743370253
2026-02-11 03:15:00+00:00,0.08920945743370252
2026-02-11 03:30:00+00:00,0.08930945743370253
2026-02-11 03:45:00+00:00,0.08930945743370253
2026-02-11 04:00:00+00:00,0.08595888321345693
2026-02-11 04:15:00+00:00,0.08717888321345693
2026-02-11 04:30:00+00:00,0.09177888321345695
2026-02-11 04:45:00+00:00,0.09616888321345693
2026-02-11 05:00:00+00:00,0.11439618455509404
2026-02-11 05:15:00+00:00,0.12273618455509402
2026-02-11 05:30:00+00:00,0.12890618455509403
2026-02-11 05:45:00+00:00,0.13985618455509402
2026-02-11 06:00:00+00:00,0.140441202239526
2026-02-11 06:15:00+00:00,0.157681202239526
2026-02-11 06:30:00+00:00,0.163391202239526
2026-02-11 06:45:00+00:00,0.163211202239526
2026-02-11 07:00:00+00:00,0.16745098340754322
2026-02-11 07:15:00+00:00,0.16987098340754322
2026-02-11 07:30:00+00:00,0.17397098340754322
2026-02-11 07:45:00+00:00,0.16886098340754313
2026-02-11 08:00:00+00:00,0.15851917965437928
2026-02-11 08:15:00+00:00,0.15698917965437928
2026-02-11 08:30:00+00:00,0.15579917965437917
2026-02-11 08:45:00+00:00,0.15107917965437928
2026-02-11 09:00:00+00:00,0.1289836690472552
2026-02-11 09:15:00+00:00,0.12691366904725518
2026-02-11 09:30:00+00:00,0.12350366904725517
2026-02-11 09:45:00+00:00,0.12253366904725517
2026-02-11 10:00:00+00:00,0.1379011216687616
2026-02-11 10:15:00+00:00,0.1370911216687617
2026-02-11 10:30:00+00:00,0.1296511216687617
2026-02-11 10:45:00+00:00,0.1250411216687617
2026-02-11 11:00:00+00:00,0.13396012824155382
2026-02-11 11:15:00+00:00,0.1301401282415538
2026-02-11 11:30:00+00:00,0.1279101282415537
2026-02-11 11:45:00+00:00,0.1278001282415537
2026-02-11 12:00:00+00:00,0.12139660657174337
2026-02-11 12:15:00+00:00,0.12027660657174338
2026-02-11 12:30:00+00:00,0.11823660657174337
2026-02-11 12:45:00+00:00,0.11579660657174326
2026-02-11 13:00:00+00:00,0.11668275068059618
2026-02-11 13:15:00+00:00,0.11890275068059618
2026-02-11 13:30:00+00:00,0.11954275068059617
2026-02-11 13:45:00+00:00,0.12128275068059617
2026-02-11 14:00:00+00:00,0.13150620380220313
2026-02-11 14:15:00+00:00,0.13147620380220312
2026-02-11 14:30:00+00:00,0.13413620380220312
2026-02-11 14:45:00+00:00,0.13616620380220312
2026-02-11 15:00:00+00:00,0.11616070009028232
2026-02-11 15:15:00+00:00,0.11717070009028233
2026-02-11 15:30:00+00:00,0.12090070009028232
2026-02-11 15:45:00+00:00,0.1306707000902823
2026-02-11 16:00:00+00:00,0.10630958272438436
2026-02-11 16:15:00+00:00,0.11642958272438436
2026-02-11 16:30:00+00:00,0.11673958272438426
2026-02-11 16:45:00+00:00,0.11851958272438426
2026-02-11 17:00:00+00:00,0.12339418823279388
2026-02-11 17:15:00+00:00,0.1204441882327939
2026-02-11 17:30:00+00:00,0.11578418823279389
2026-02-11 17:45:00+00:00,0.11177418823279389
2026-02-11 18:00:00+00:00,0.13460790311371065
2026-02-11 18:15:00+00:00,0.12341790311371065
2026-02-11 18:30:00+00:00,0.11905790311371066
2026-02-11 18:45:00+00:00,0.11758790311371066
2026-02-11 19:00:00+00:00,0.10922500078104551
2026-02-11 19:15:00+00:00,0.1064150007810455
2026-02-11 19:30:00+00:00,0.10364500078104551
2026-02-11 19:45:00+00:00,0.1006450007810455
2026-02-11 20:00:00+00:00,0.11366125094661976
2026-02-11 20:15:00+00:00,0.11318125094661975
2026-02-11 20:30:00+00:00,0.11092125094661975
2026-02-11 20:45:00+00:00,0.10476125094661976
2026-02-11 21:00:00+00:00,0.1184224945825671
2026-02-11 21:15:00+00:00,0.1158224945825671
2026-02-11 21:30:00+00:00,0.1123024945825671
2026-02-11 21:45:00+00:00,0.1106924945825671
2026-02-11 22:00:00+00:00,0.09542240642811056
2026-02-11 22:15:00+00:00,0.08944240642811056
2026-02-11 22:30:00+00:00,0.08700240642811057
2026-02-11 22:45:00+00:00,0.08181240642811057
2026-02-11 23:00:00+00:00,0.10391582131684465
2026-02-11 23:15:00+00:00,0.10129582131684466
2026-02-11 23:30:00+00:00,0.10300582131684465
2026-02-11 23:45:00+00:00,0.10013582131684465
2026-02-12 00:00:00+00:00,0.09503111326683901
2026-02-12 00:15:00+00:00,0.09351111326683902
2026-02-12 00:30:00+00:00,0.09456111326683901
2026-02-12 00:45:00+00:00,0.09506111326683901
2026-02-12 01:00:00+00:00,0.06425069926429242
2026-02-12 01:15:00+00:00,0.0647606992642924
2026-02-12 01:30:00+00:00,0.06308069926429241
2026-02-12 01:45:00+00:00,0.06196069926429241
2026-02-12 02:00:00+00:00,0.11153189531245437
2026-02-12 02:15:00+00:00,0.11026189531245438
2026-02-12 02:30:00+00:00,0.11143189531245438
2026-02-12 02:45:00+00:00,0.11235189531245438
2026-02-12 03:00:00+00:00,0.07586897338038164
2026-02-12 03:15:00+00:00,0.07649897338038174
2026-02-12 03:30:00+00:00,0.07688897338038174
2026-02-12 03:45:00+00:00,0.07798897338038174
2026-02-12 04:00:00+00:00,0.05623814545630913
2026-02-12 04:15:00+00:00,0.05678814545630913
2026-02-12 04:30:00+00:00,0.06007814545630913
2026-02-12 04:45:00+00:00,0.06296814545630902
2026-02-12 05:00:00+00:00,0.07149765167692712
2026-02-12 05:15:00+00:00,0.07808765167692712
2026-02-12 05:30:00+00:00,0.08475765167692711
2026-02-12 05:45:00+00:00,0.08829765167692712
2026-02-12 06:00:00+00:00,0.08433861743860015
2026-02-12 06:15:00+00:00,0.09623861743860015
2026-02-12 06:30:00+00:00,0.10227861743860014
2026-02-12 06:45:00+00:00,0.10612861743860015
2026-02-12 07:00:00+00:00,0.12362866826319564
2026-02-12 07:15:00+00:00,0.12487866826319564
2026-02-12 07:30:00+00:00,0.12463866826319564
2026-02-12 07:45:00+00:00,0.12297866826319565
2026-02-12 08:00:00+00:00,0.12463808339430103
2026-02-12 08:15:00+00:00,0.11799808339430114
2026-02-12 08:30:00+00:00,0.11241808339430114
2026-02-12 08:45:00+00:00,0.10963808339430113
2026-02-12 09:00:00+00:00,0.11845081890676025
2026-02-12 09:15:00+00:00,0.11008081890676025
2026-02-12 09:30:00+00:00,0.10894081890676025
2026-02-12 09:45:00+00:00,0.10785081890676025
2026-02-12 10:00:00+00:00,0.1263068280231055
2026-02-12 10:15:00+00:00,0.12454682802310552
2026-02-12 10:30:00+00:00,0.12148682802310552
2026-02-12 10:45:00+00:00,0.11781682802310552
2026-02-12 11:00:00+00:00,0.11383510248919262
2026-02-12 11:15:00+00:00,0.11119510248919262
2026-02-12 11:30:00+00:00,0.11168510248919263
2026-02-12 11:45:00+00:00,0.11032510248919263
2026-02-12 12:00:00+00:00,0.11128727987088648
2026-02-12 12:15:00+00:00,0.11024727987088648
2026-02-12 12:30:00+00:00,0.10867727987088648
2026-02-12 12:45:00+00:00,0.10723727987088648
2026-02-12 13:00:00+00:00,0.11190046855183551
2026-02-12 13:15:00+00:00,0.11223046855183551
2026-02-12 13:30:00+00:00,0.11301046855183551
2026-02-12 13:45:00+00:00,0.11383046855183551
2026-02-12 14:00:00+00:00,0.11488128005782977
2026-02-12 14:15:00+00:00,0.11458128005782978
2026-02-12 14:30:00+00:00,0.12079128005782977
2026-02-12 14:45:00+00:00,0.12695128005782977
2026-02-12 15:00:00+00:00,0.06517702266489915
2026-02-12 15:15:00+00:00,0.06841702266489914
2026-02-12 15:30:00+00:00,0.07487702266489915
2026-02-12 15:45:00+00:00,0.07973702266489915
2026-02-12 16:00:00+00:00,0.1023235621399946
2026-02-12 16:15:00+00:00,0.11501356213999471
2026-02-12 16:30:00+00:00,0.12310356213999471
2026-02-12 16:45:00+00:00,0.12497356213999461
2026-02-12 17:00:00+00:00,0.08994932819100065
2026-02-12 17:15:00+00:00,0.08806932819100066
2026-02-12 17:30:00+00:00,0.08308932819100065
2026-02-12 17:45:00+00:00,0.08129932819100066
2026-02-12 18:00:00+00:00,0.13277258977354153
2026-02-12 18:15:00+00:00,0.12482258977354141
2026-02-12 18:30:00+00:00,0.11767258977354152
2026-02-12 18:45:00+00:00,0.11087258977354152
2026-02-12 19:00:00+00:00,0.12618487059765354
2026-02-12 19:15:00+00:00,0.10720487059765355
2026-02-12 19:30:00+00:00,0.10306487059765355
2026-02-12 19:45:00+00:00,0.09961487059765355
2026-02-12 20:00:00+00:00,0.12581132555448218
2026-02-12 20:15:00+00:00,0.1223313255544822
2026-02-12 20:30:00+00:00,0.11740132555448218
2026-02-12 20:45:00+00:00,0.11007132555448218
2026-02-12 21:00:00+00:00,0.1264124071206744
2026-02-12 21:15:00+00:00,0.11848240712067439
2026-02-12 21:30:00+00:00,0.11595240712067428
2026-02-12 21:45:00+00:00,0.11514240712067439
2026-02-12 22:00:00+00:00,0.10214592751102369
2026-02-12 22:15:00+00:00,0.0946559275110237
2026-02-12 22:30:00+00:00,0.0896459275110237
2026-02-12 22:45:00+00:00,0.0857859275110237
2026-02-12 23:00:00+00:00,0.07652602312865285
2026-02-12 23:15:00+00:00,0.07582602312865284
2026-02-12 23:30:00+00:00,0.07396602312865284
2026-02-12 23:45:00+00:00,0.07233602312865285
2026-02-13 00:00:00+00:00,0.09281468231467639
2026-02-13 00:15:00+00:00,0.0928046823146764
2026-02-13 00:30:00+00:00,0.09227468231467639
2026-02-13 00:45:00+00:00,0.09240468231467638
2026-02-13 01:00:00+00:00,0.07201968003749036
2026-02-13 01:15:00+00:00,0.07234968003749036
2026-02-13 01:30:00+00:00,0.07272968003749036
2026-02-13 01:45:00+00:00,0.07296968003749035
2026-02-13 02:00:00+00:00,0.08115441046928229
2026-02-13 02:15:00+00:00,0.08184441046928229
2026-02-13 02:30:00+00:00,0.08228441046928228
2026-02-13 02:45:00+00:00,0.08203441046928228
2026-02-13 03:00:00+00:00,0.09968994357614855
2026-02-13 03:15:00+00:00,0.10077994357614864
2026-02-13 03:30:00+00:00,0.10200994357614865
2026-02-13 03:45:00+00:00,0.10339994357614864
2026-02-13 04:00:00+00:00,0.07381112756330732
2026-02-13 04:15:00+00:00,0.07341112756330732
2026-02-13 04:30:00+00:00,0.07750112756330732
2026-02-13 04:45:00+00:00,0.08303112756330733
2026-02-13 05:00:00+00:00,0.0992240907047977
2026-02-13 05:15:00+00:00,0.1083640907047977
2026-02-13 05:30:00+00:00,0.1184740907047977
2026-02-13 05:45:00+00:00,0.12806409070479768
2026-02-13 06:00:00+00:00,0.11765703634578617
2026-02-13 06:15:00+00:00,0.13170703634578618
2026-02-13 06:30:00+00:00,0.13408703634578617
2026-02-13 06:45:00+00:00,0.13724703634578617
2026-02-13 07:00:00+00:00,0.10466600171515922
2026-02-13 07:15:00+00:00,0.1083160017151592
2026-02-13 07:30:00+00:00,0.1070360017151592
2026-02-13 07:45:00+00:00,0.1052060017151592
2026-02-13 08:00:00+00:00,0.14664499722191435
2026-02-13 08:15:00+00:00,0.14169499722191434
2026-02-13 08:30:00+00:00,0.13332499722191435
2026-02-13 08:45:00+00:00,0.12651499722191434
2026-02-13 09:00:00+00:00,0.12554593611209788
2026-02-13 09:15:00+00:00,0.12071593611209801
2026-02-13 09:30:00+00:00,0.117215936112098
2026-02-13 09:45:00+00:00,0.113435936112098
2026-02-13 10:00:00+00:00,0.1060528560102456
2026-02-13 10:15:00+00:00,0.1035728560102456
2026-02-13 10:30:00+00:00,0.1014128560102456
2026-02-13 10:45:00+00:00,0.1005728560102456
2026-02-13 11:00:00+00:00,0.0846125470661019
2026-02-13 11:15:00+00:00,0.0834025470661019
2026-02-13 11:30:00+00:00,0.0830225470661019
2026-02-13 11:45:00+00:00,0.0821325470661019
2026-02-13 12:00:00+00:00,0.08070236059446724
2026-02-13 12:15:00+00:00,0.08115236059446734
2026-02-13 12:30:00+00:00,0.08282236059446735
2026-02-13 12:45:00+00:00,0.08215236059446734
2026-02-13 13:00:00+00:00,0.0890506198484656
2026-02-13 13:15:00+00:00,0.08986061984846559
2026-02-13 13:30:00+00:00,0.0937206198484656
2026-02-13 13:45:00+00:00,0.0962106198484656
2026-02-13 14:00:00+00:00,0.11570000200731084
2026-02-13 14:15:00+00:00,0.12192000200731083
2026-02-13 14:30:00+00:00,0.13260000200731084
2026-02-13 14:45:00+00:00,0.14205000200731085
2026-02-13 15:00:00+00:00,0.10041068916696248
2026-02-13 15:15:00+00:00,0.10478068916696248
2026-02-13 15:30:00+00:00,0.10907068916696247
2026-02-13 15:45:00+00:00,0.11912068916696247
2026-02-13 16:00:00+00:00,0.13065914947914992
2026-02-13 16:15:00+00:00,0.1398091494791499
2026-02-13 16:30:00+00:00,0.1437391494791499
2026-02-13 16:45:00+00:00,0.1458891494791499
2026-02-13 17:00:00+00:00,0.11753313408434968
2026-02-13 17:15:00+00:00,0.11306313408434968
2026-02-13 17:30:00+00:00,0.11194313408434967
2026-02-13 17:45:00+00:00,0.11028313408434967
2026-02-13 18:00:00+00:00,0.1408803041698204
2026-02-13 18:15:00+00:00,0.13110030416982038
2026-02-13 18:30:00+00:00,0.1239403041698204
2026-02-13 18:45:00+00:00,0.11665030416982039
2026-02-13 19:00:00+00:00,0.13901474288286605
2026-02-13 19:15:00+00:00,0.13267474288286604
2026-02-13 19:30:00+00:00,0.12401474288286603
2026-02-13 19:45:00+00:00,0.11635474288286603
2026-02-13 20:00:00+00:00,0.1723384946744035
2026-02-13 20:15:00+00:00,0.16672849467440348
2026-02-13 20:30:00+00:00,0.1596284946744035
2026-02-13 20:45:00+00:00,0.1513384946744035
2026-02-13 21:00:00+00:00,0.09457225954329383
2026-02-13 21:15:00+00:00,0.08505225954329383
2026-02-13 21:30:00+00:00,0.08140225954329383
2026-02-13 21:45:00+00:00,0.07753225954329383
2026-02-13 22:00:00+00:00,0.13339780305655377
2026-02-13 22:15:00+00:00,0.12923780305655377
2026-02-13 22:30:00+00:00,0.12776780305655377
2026-02-13 22:45:00+00:00,0.12121780305655377
2026-02-13 23:00:00+00:00,0.10672330706319727
2026-02-13 23:15:00+00:00,0.10145330706319726
2026-02-13 23:30:00+00:00,0.09677330706319716
2026-02-13 23:45:00+00:00,0.09403330706319726
2026-02-14 00:00:00+00:00,0.10238515421793605
2026-02-14 00:15:00+00:00,0.10131515421793605
2026-02-14 00:30:00+00:00,0.09810515421793606
2026-02-14 00:45:00+00:00,0.09573515421793605
2026-02-14 01:00:00+00:00,0.09407460555510046
2026-02-14 01:15:00+00:00,0.09113460555510046
2026-02-14 01:30:00+00:00,0.08938460555510046
2026-02-14 01:45:00+00:00,0.09046460555510046
2026-02-14 02:00:00+00:00,0.09986171491800797
2026-02-14 02:15:00+00:00,0.09693171491800798
2026-02-14 02:30:00+00:00,0.09562171491800797
2026-02-14 02:45:00+00:00,0.09496171491800798
2026-02-14 03:00:00+00:00,0.08480608471401113
2026-02-14 03:15:00+00:00,0.08524608471401113
2026-02-14 03:30:00+00:00,0.08472608471401114
2026-02-14 03:45:00+00:00,0.08395608471401113
2026-02-14 04:00:00+00:00,0.11506771315156425
2026-02-14 04:15:00+00:00,0.11333771315156425
2026-02-14 04:30:00+00:00,0.11595771315156425
2026-02-14 04:45:00+00:00,0.11750771315156425
2026-02-14 05:00:00+00:00,0.08055248679798796
2026-02-14 05:15:00+00:00,0.08111248679798794
2026-02-14 05:30:00+00:00,0.08124248679798796
2026-02-14 05:45:00+00:00,0.08441248679798793
2026-02-14 06:00:00+00:00,0.1117444529037145
2026-02-14 06:15:00+00:00,0.11132445290371451
2026-02-14 06:30:00+00:00,0.1149544529037145
2026-02-14 06:45:00+00:00,0.11766445290371451
2026-02-14 07:00:00+00:00,0.08525995754362833
2026-02-14 07:15:00+00:00,0.09056995754362845
2026-02-14 07:30:00+00:00,0.09205995754362845
2026-02-14 07:45:00+00:00,0.09207995754362844
2026-02-14 08:00:00+00:00,0.1090028913392878
2026-02-14 08:15:00+00:00,0.10802289133928769
2026-02-14 08:30:00+00:00,0.1058528913392878
2026-02-14 08:45:00+00:00,0.1026528913392878
2026-02-14 09:00:00+00:00,0.09023302643846771
2026-02-14 09:15:00+00:00,0.08519302643846771
2026-02-14 09:30:00+00:00,0.08294302643846771
2026-02-14 09:45:00+00:00,0.07872302643846771
2026-02-14 10:00:00+00:00,0.10985091724510976
2026-02-14 10:15:00+00:00,0.10717091724510974
2026-02-14 10:30:00+00:00,0.10523091724510975
2026-02-14 10:45:00+00:00,0.10384091724510974
2026-02-14 11:00:00+00:00,0.12339373334250539
2026-02-14 11:15:00+00:00,0.1230937333425054
2026-02-14 11:30:00+00:00,0.12117373334250539
2026-02-14 11:45:00+00:00,0.1191937333425054
2026-02-14 12:00:00+00:00,0.09381860461123637
2026-02-14 12:15:00+00:00,0.09335860461123648
2026-02-14 12:30:00+00:00,0.09104860461123647
2026-02-14 12:45:00+00:00,0.09197860461123647
2026-02-14 13:00:00+00:00,0.08831228742811084
2026-02-14 13:15:00+00:00,0.09159228742811075
2026-02-14 13:30:00+00:00,0.09425228742811084
2026-02-14 13:45:00+00:00,0.09982228742811085
2026-02-14 14:00:00+00:00,0.07828926510317083
2026-02-14 14:15:00+00:00,0.08143926510317082
2026-02-14 14:30:00+00:00,0.08600926510317083
2026-02-14 14:45:00+00:00,0.09214926510317081
2026-02-14 15:00:00+00:00,0.10074681986117491
2026-02-14 15:15:00+00:00,0.11041681986117491
2026-02-14 15:30:00+00:00,0.11812681986117492
2026-02-14 15:45:00+00:00,0.12140681986117492
2026-02-14 16:00:00+00:00,0.08452290820125455
2026-02-14 16:15:00+00:00,0.09593290820125455
2026-02-14 16:30:00+00:00,0.10267290820125455
2026-02-14 16:45:00+00:00,0.10420290820125455
2026-02-14 17:00:00+00:00,0.11423615511998084
2026-02-14 17:15:00+00:00,0.11544615511998085
2026-02-14 17:30:00+00:00,0.11714615511998075
2026-02-14 17:45:00+00:00,0.11378615511998086
2026-02-14 18:00:00+00:00,0.13916712201820153
2026-02-14 18:15:00+00:00,0.1335671220182015
2026-02-14 18:30:00+00:00,0.13116712201820152
2026-02-14 18:45:00+00:00,0.12764712201820153
2026-02-14 19:00:00+00:00,0.15422645119665573
2026-02-14 19:15:00+00:00,0.15096645119665575
2026-02-14 19:30:00+00:00,0.14256645119665576
2026-02-14 19:45:00+00:00,0.14195645119665576
2026-02-14 20:00:00+00:00,0.17789836292153072
2026-02-14 20:15:00+00:00,0.17258836292153068
2026-02-14 20:30:00+00:00,0.16562836292153071
2026-02-14 20:45:00+00:00,0.1582783629215307
2026-02-14 21:00:00+00:00,0.11010168420198449
2026-02-14 21:15:00+00:00,0.10245168420198449
2026-02-14 21:30:00+00:00,0.09616168420198448
2026-02-14 21:45:00+00:00,0.0929816842019845
2026-02-14 22:00:00+00:00,0.13012318736359585
2026-02-14 22:15:00+00:00,0.12979318736359585
2026-02-14 22:30:00+00:00,0.12727318736359586
2026-02-14 22:45:00+00:00,0.12270318736359587
2026-02-14 23:00:00+00:00,0.11198887489331746
2026-02-14 23:15:00+00:00,0.10614887489331747
2026-02-14 23:30:00+00:00,0.10414887489331746
2026-02-14 23:45:00+00:00,0.10273887489331747
2026-02-15 00:00:00+00:00,0.10112087222837914
2026-02-15 00:15:00+00:00,0.09766087222837913
2026-02-15 00:30:00+00:00,0.09628087222837912
2026-02-15 00:45:00+00:00,0.09361087222837913
2026-02-15 01:00:00+00:00,0.10848878651340116
2026-02-15 01:15:00+00:00,0.10869878651340116
2026-02-15 01:30:00+00:00,0.10884878651340116
2026-02-15 01:45:00+00:00,0.10877878651340116
2026-02-15 02:00:00+00:00,0.10142769584530881
2026-02-15 02:15:00+00:00,0.1002876958453088
2026-02-15 02:30:00+00:00,0.0984876958453087
2026-02-15 02:45:00+00:00,0.09644769584530881
2026-02-15 03:00:00+00:00,0.10027848661461575
2026-02-15 03:15:00+00:00,0.09952848661461575
2026-02-15 03:30:00+00:00,0.09761848661461574
2026-02-15 03:45:00+00:00,0.09676848661461564
2026-02-15 04:00:00+00:00,0.08916700701268877
2026-02-15 04:15:00+00:00,0.08638700701268877
2026-02-15 04:30:00+00:00,0.08568700701268876
2026-02-15 04:45:00+00:00,0.08616700701268877
2026-02-15 05:00:00+00:00,0.06716017627775753
2026-02-15 05:15:00+00:00,0.06850017627775752
2026-02-15 05:30:00+00:00,0.06904017627775752
2026-02-15 05:45:00+00:00,0.06921017627775752
2026-02-15 06:00:00+00:00,0.06821637410837399
2026-02-15 06:15:00+00:00,0.06660637410837399
2026-02-15 06:30:00+00:00,0.06788637410837399
2026-02-15 06:45:00+00:00,0.06829637410837398
2026-02-15 07:00:00+00:00,0.11267316855071727
2026-02-15 07:15:00+00:00,0.10954316855071727
2026-02-15 07:30:00+00:00,0.10767316855071726
2026-02-15 07:45:00+00:00,0.10532316855071727
2026-02-15 08:00:00+00:00,0.09406572317778472
2026-02-15 08:15:00+00:00,0.08921572317778471
2026-02-15 08:30:00+00:00,0.08742572317778471
2026-02-15 08:45:00+00:00,0.08121572317778472
2026-02-15 09:00:00+00:00,0.08053705460860948
2026-02-15 09:15:00+00:00,0.07578705460860947
2026-02-15 09:30:00+00:00,0.07196705460860947
2026-02-15 09:45:00+00:00,0.05996705460860947
2026-02-15 10:00:00+00:00,0.07988628820646046
2026-02-15 10:15:00+00:00,0.07654628820646046
2026-02-15 10:30:00+00:00,0.07457628820646046
2026-02-15 10:45:00+00:00,0.06850628820646046
2026-02-15 11:00:00+00:00,0.08452662924785574
2026-02-15 11:15:00+00:00,0.08590662924785575
2026-02-15 11:30:00+00:00,0.08129662924785575
2026-02-15 11:45:00+00:00,0.07617662924785575
2026-02-15 12:00:00+00:00,0.07019413052597274
2026-02-15 12:15:00+00:00,0.06803413052597275
2026-02-15 12:30:00+00:00,0.06735413052597275
2026-02-15 12:45:00+00:00,0.06530413052597275
2026-02-15 13:00:00+00:00,0.05165519760571698
2026-02-15 13:15:00+00:00,0.04824519760571698
2026-02-15 13:30:00+00:00,0.05377519760571698
2026-02-15 13:45:00+00:00,0.055795197605716974
2026-02-15 14:00:00+00:00,0.08458274601291409
2026-02-15 14:15:00+00:00,0.08890274601291409
2026-02-15 14:30:00+00:00,0.09682274601291407
2026-02-15 14:45:00+00:00,0.10763274601291409
2026-02-15 15:00:00+00:00,0.10021703518889619
2026-02-15 15:15:00+00:00,0.1116870351888962
2026-02-15 15:30:00+00:00,0.11769703518889618
2026-02-15 15:45:00+00:00,0.12328703518889608
2026-02-15 16:00:00+00:00,0.1015873224477498
2026-02-15 16:15:00+00:00,0.1060773224477497
2026-02-15 16:30:00+00:00,0.10758732244774981
2026-02-15 16:45:00+00:00,0.1066373224477498
2026-02-15 17:00:00+00:00,0.11762075970965541
2026-02-15 17:15:00+00:00,0.11787075970965541
2026-02-15 17:30:00+00:00,0.1167107597096553
2026-02-15 17:45:00+00:00,0.11217075970965541
2026-02-15 18:00:00+00:00,0.11552062294942872
2026-02-15 18:15:00+00:00,0.11073062294942872
2026-02-15 18:30:00+00:00,0.10472062294942872
2026-02-15 18:45:00+00:00,0.09476062294942872
2026-02-15 19:00:00+00:00,0.10358521825279102
2026-02-15 19:15:00+00:00,0.09746521825279113
2026-02-15 19:30:00+00:00,0.09025521825279112
2026-02-15 19:45:00+00:00,0.07576521825279112
2026-02-15 20:00:00+00:00,0.08621387855518228
2026-02-15 20:15:00+00:00,0.0815338785551823
2026-02-15 20:30:00+00:00,0.07722387855518228
2026-02-15 20:45:00+00:00,0.0692138785551823
2026-02-15 21:00:00+00:00,0.08399443813748456
2026-02-15 21:15:00+00:00,0.07793443813748457
2026-02-15 21:30:00+00:00,0.07617443813748456
2026-02-15 21:45:00+00:00,0.06833443813748458
2026-02-15 22:00:00+00:00,0.08104859901804254
2026-02-15 22:15:00+00:00,0.07464859901804244
2026-02-15 22:30:00+00:00,0.06803859901804254
2026-02-15 22:45:00+00:00,0.04661859901804255
2026-02-15 23:00:00+00:00,0.055476766575988865
2026-02-15 23:15:00+00:00,0.05392676657598887
2026-02-15 23:30:00+00:00,0.044916766575988865
2026-02-15 23:45:00+00:00,0.04074676657598886
2026-02-16 00:00:00+00:00,0.08216556684245063
2026-02-16 00:15:00+00:00,0.07764556684245064
2026-02-16 00:30:00+00:00,0.07742556684245064
2026-02-16 00:45:00+00:00,0.07576556684245064
2026-02-16 01:00:00+00:00,0.03971734620758859
2026-02-16 01:15:00+00:00,0.0388973462075887
2026-02-16 01:30:00+00:00,0.03971734620758859
2026-02-16 01:45:00+00:00,0.0396573462075886
2026-02-16 02:00:00+00:00,0.04859948580650716
2026-02-16 02:15:00+00:00,0.049109485806507154
2026-02-16 02:30:00+00:00,0.051039485806507155
2026-02-16 02:45:00+00:00,0.050499485806507045
2026-02-16 03:00:00+00:00,0.08696259668492733
2026-02-16 03:15:00+00:00,0.08732259668492733
2026-02-16 03:30:00+00:00,0.09071259668492733
2026-02-16 03:45:00+00:00,0.09502259668492732
2026-02-16 04:00:00+00:00,0.07553878029609876
2026-02-16 04:15:00+00:00,0.08180878029609875
2026-02-16 04:30:00+00:00,0.09134878029609865
2026-02-16 04:45:00+00:00,0.09299878029609876
2026-02-16 05:00:00+00:00,0.08780047411480746
2026-02-16 05:15:00+00:00,0.10056047411480747
2026-02-16 05:30:00+00:00,0.11124047411480746
2026-02-16 05:45:00+00:00,0.12703047411480745
2026-02-16 06:00:00+00:00,0.0773780689466236
2026-02-16 06:15:00+00:00,0.0893280689466236
2026-02-16 06:30:00+00:00,0.09424806894662359
2026-02-16 06:45:00+00:00,0.0953680689466236
2026-02-16 07:00:00+00:00,0.07583779121859649
2026-02-16 07:15:00+00:00,0.0818377912185965
2026-02-16 07:30:00+00:00,0.08192779121859649
2026-02-16 07:45:00+00:00,0.0798377912185965
2026-02-16 08:00:00+00:00,0.10211204239151322
2026-02-16 08:15:00+00:00,0.09972204239151322
2026-02-16 08:30:00+00:00,0.09958204239151322
2026-02-16 08:45:00+00:00,0.09861204239151322
2026-02-16 09:00:00+00:00,0.11369479288329862
2026-02-16 09:15:00+00:00,0.10388479288329872
2026-02-16 09:30:00+00:00,0.09957479288329871
2026-02-16 09:45:00+00:00,0.0965047928832986
2026-02-16 10:00:00+00:00,0.09903139273203578
2026-02-16 10:15:00+00:00,0.09597139273203567
2026-02-16 10:30:00+00:00,0.09539139273203577
2026-02-16 10:45:00+00:00,0.09485139273203577
2026-02-16 11:00:00+00:00,0.11272102098071282
2026-02-16 11:15:00+00:00,0.1127310209807128
2026-02-16 11:30:00+00:00,0.11310102098071281
2026-02-16 11:45:00+00:00,0.11278102098071283
2026-02-16 12:00:00+00:00,0.08693176996607448
2026-02-16 12:15:00+00:00,0.08682176996607448
2026-02-16 12:30:00+00:00,0.08711176996607448
2026-02-16 12:45:00+00:00,0.09019176996607448
2026-02-16 13:00:00+00:00,0.09745852230895179
2026-02-16 13:15:00+00:00,0.10014852230895178
2026-02-16 13:30:00+00:00,0.10588852230895178
2026-02-16 13:45:00+00:00,0.10642852230895178
2026-02-16 14:00:00+00:00,0.07774428816331036
2026-02-16 14:15:00+00:00,0.08043428816331036
2026-02-16 14:30:00+00:00,0.08970428816331036
2026-02-16 14:45:00+00:00,0.09575428816331036
2026-02-16 15:00:00+00:00,0.11438443785324393
2026-02-16 15:15:00+00:00,0.12292443785324393
2026-02-16 15:30:00+00:00,0.12630443785324394
2026-02-16 15:45:00+00:00,0.13069443785324394
2026-02-16 16:00:00+00:00,0.12025711862852892
2026-02-16 16:15:00+00:00,0.1294471186285288
2026-02-16 16:30:00+00:00,0.13182711862852892
2026-02-16 16:45:00+00:00,0.1401171186285289
2026-02-16 17:00:00+00:00,0.11825241656789157
2026-02-16 17:15:00+00:00,0.11544241656789156
2026-02-16 17:30:00+00:00,0.11502241656789156
2026-02-16 17:45:00+00:00,0.11264241656789156
2026-02-16 18:00:00+00:00,0.1288067099033758
2026-02-16 18:15:00+00:00,0.1222567099033759
2026-02-16 18:30:00+00:00,0.1222767099033759
2026-02-16 18:45:00+00:00,0.1147467099033759
2026-02-16 19:00:00+00:00,0.11840582878801569
2026-02-16 19:15:00+00:00,0.11611582878801568
2026-02-16 19:30:00+00:00,0.11042582878801568
2026-02-16 19:45:00+00:00,0.10404582878801569
2026-02-16 20:00:00+00:00,0.10729598476579574
2026-02-16 20:15:00+00:00,0.10297598476579574
2026-02-16 20:30:00+00:00,0.09476598476579574
2026-02-16 20:45:00+00:00,0.09069598476579574
2026-02-16 21:00:00+00:00,0.13854783624936956
2026-02-16 21:15:00+00:00,0.13752783624936957
2026-02-16 21:30:00+00:00,0.13377783624936956
2026-02-16 21:45:00+00:00,0.12801783624936958
2026-02-16 22:00:00+00:00,0.09977108577948546
2026-02-16 22:15:00+00:00,0.09283108577948546
2026-02-16 22:30:00+00:00,0.08751108577948545
2026-02-16 22:45:00+00:00,0.08367108577948545
2026-02-16 23:00:00+00:00,0.0849684859548872
2026-02-16 23:15:00+00:00,0.0836084859548872
2026-02-16 23:30:00+00:00,0.08124848595488719
2026-02-16 23:45:00+00:00,0.08032848595488719
2026-02-17 00:00:00+00:00,0.04802000065917183
2026-02-17 00:15:00+00:00,0.046240000659171825
2026-02-17 00:30:00+00:00,0.04627000065917183
2026-02-17 00:45:00+00:00,0.04573000065917183
2026-02-17 01:00:00+00:00,0.06801922214042135
2026-02-17 01:15:00+00:00,0.06795922214042135
2026-02-17 01:30:00+00:00,0.06883922214042135
2026-02-17 01:45:00+00:00,0.06857922214042135
2026-02-17 02:00:00+00:00,0.08149610885782543
2026-02-17 02:15:00+00:00,0.08101610885782543
2026-02-17 02:30:00+00:00,0.08108610885782541
2026-02-17 02:45:00+00:00,0.07966610885782544
2026-02-17 03:00:00+00:00,0.06986767354662213
2026-02-17 03:15:00+00:00,0.07344767354662213
2026-02-17 03:30:00+00:00,0.07117767354662212
2026-02-17 03:45:00+00:00,0.07436767354662213
2026-02-17 04:00:00+00:00,0.1085984409286366
2026-02-17 04:15:00+00:00,0.11110844092863671
2026-02-17 04:30:00+00:00,0.11336844092863671
2026-02-17 04:45:00+00:00,0.1238484409286366
2026-02-17 05:00:00+00:00,0.0848193204353675
2026-02-17 05:15:00+00:00,0.0999593204353675
2026-02-17 05:30:00+00:00,0.1025193204353675
2026-02-17 05:45:00+00:00,0.1114693204353675
2026-02-17 06:00:00+00:00,0.12933475641766548
2026-02-17 06:15:00+00:00,0.13382475641766547
2026-02-17 06:30:00+00:00,0.14013475641766546
2026-02-17 06:45:00+00:00,0.1487147564176655
2026-02-17 07:00:00+00:00,0.11917380317522984
2026-02-17 07:15:00+00:00,0.11742380317522984
2026-02-17 07:30:00+00:00,0.11467380317522984
2026-02-17 07:45:00+00:00,0.11268380317522983
2026-02-17 08:00:00+00:00,0.12593404974425854
2026-02-17 08:15:00+00:00,0.11248404974425852
2026-02-17 08:30:00+00:00,0.10656404974425852
2026-02-17 08:45:00+00:00,0.10110404974425852
2026-02-17 09:00:00+00:00,0.10462839329954728
2026-02-17 09:15:00+00:00,0.10149839329954728
2026-02-17 09:30:00+00:00,0.09909839329954728
2026-02-17 09:45:00+00:00,0.09784839329954728
2026-02-17 10:00:00+00:00,0.10047975492535728
2026-02-17 10:15:00+00:00,0.09714975492535728
2026-02-17 10:30:00+00:00,0.08950975492535729
2026-02-17 10:45:00+00:00,0.08535975492535729
2026-02-17 11:00:00+00:00,0.11990231568858115
2026-02-17 11:15:00+00:00,0.11600231568858115
2026-02-17 11:30:00+00:00,0.11529231568858105
2026-02-17 11:45:00+00:00,0.11089231568858116
2026-02-17 12:00:00+00:00,0.04435788502009567
2026-02-17 12:15:00+00:00,0.04047788502009566
2026-02-17 12:30:00+00:00,0.03637788502009567
2026-02-17 12:45:00+00:00,0.03746788502009566
2026-02-17 13:00:00+00:00,0.04543222868123792
2026-02-17 13:15:00+00:00,0.04525222868123803
2026-02-17 13:30:00+00:00,0.045512228681238026
2026-02-17 13:45:00+00:00,0.04636222868123803
2026-02-17 14:00:00+00:00,0.07212940741693817
2026-02-17 14:15:00+00:00,0.07275940741693816
2026-02-17 14:30:00+00:00,0.07669940741693816
2026-02-17 14:45:00+00:00,0.08399940741693816
2026-02-17 15:00:00+00:00,0.09061694524525879
2026-02-17 15:15:00+00:00,0.09129694524525879
2026-02-17 15:30:00+00:00,0.09229694524525879
2026-02-17 15:45:00+00:00,0.10318694524525879
2026-02-17 16:00:00+00:00,0.11568045099171811
2026-02-17 16:15:00+00:00,0.12048045099171802
2026-02-17 16:30:00+00:00,0.12452045099171812
2026-02-17 16:45:00+00:00,0.13326045099171813
2026-02-17 17:00:00+00:00,0.12906282794621704
2026-02-17 17:15:00+00:00,0.13019282794621703
2026-02-17 17:30:00+00:00,0.14058282794621693
2026-02-17 17:45:00+00:00,0.14283282794621693
2026-02-17 18:00:00+00:00,0.126329602627941
2026-02-17 18:15:00+00:00,0.12269960262794108
2026-02-17 18:30:00+00:00,0.11668960262794109
2026-02-17 18:45:00+00:00,0.11243960262794109
2026-02-17 19:00:00+00:00,0.13813460622896365
2026-02-17 19:15:00+00:00,0.13096460622896355
2026-02-17 19:30:00+00:00,0.12715460622896366
2026-02-17 19:45:00+00:00,0.12355460622896365
2026-02-17 20:00:00+00:00,0.12986951537883362
2026-02-17 20:15:00+00:00,0.12411951537883362
2026-02-17 20:30:00+00:00,0.11610951537883361
2026-02-17 20:45:00+00:00,0.1054295153788336
2026-02-17 21:00:00+00:00,0.10142200455659899
2026-02-17 21:15:00+00:00,0.09890200455659898
2026-02-17 21:30:00+00:00,0.09326200455659898
2026-02-17 21:45:00+00:00,0.09284200455659898
2026-02-17 22:00:00+00:00,0.11157852905688874
2026-02-17 22:15:00+00:00,0.10825852905688874
2026-02-17 22:30:00+00:00,0.10594852905688874
2026-02-17 22:45:00+00:00,0.10340852905688874
2026-02-17 23:00:00+00:00,0.10114977066225511
2026-02-17 23:15:00+00:00,0.1016697706622551
2026-02-17 23:30:00+00:00,0.1001297706622551
2026-02-17 23:45:00+00:00,0.09960977066225501
2026-02-18 00:00:00+00:00,0.08434292660022197
2026-02-18 00:15:00+00:00,0.08276292660022197
2026-02-18 00:30:00+00:00,0.08314292660022198
2026-02-18 00:45:00+00:00,0.08273292660022197
2026-02-18 01:00:00+00:00,0.10566216416908367
2026-02-18 01:15:00+00:00,0.10646216416908366
2026-02-18 01:30:00+00:00,0.10667216416908366
2026-02-18 01:45:00+00:00,0.10566216416908367
2026-02-18 02:00:00+00:00,0.0957624812152588
2026-02-18 02:15:00+00:00,0.0944724812152588
2026-02-18 02:30:00+00:00,0.0935024812152588
2026-02-18 02:45:00+00:00,0.0950924812152588
2026-02-18 03:00:00+00:00,0.09042461926122629
2026-02-18 03:15:00+00:00,0.0930946192612263
2026-02-18 03:30:00+00:00,0.09439461926122629
2026-02-18 03:45:00+00:00,0.09585461926122629
2026-02-18 04:00:00+00:00,0.12378505698990852
2026-02-18 04:15:00+00:00,0.12398505698990853
2026-02-18 04:30:00+00:00,0.12805505698990852
2026-02-18 04:45:00+00:00,0.13722505698990853
2026-02-18 05:00:00+00:00,0.05311599819143616
2026-02-18 05:15:00+00:00,0.06658599819143615
2026-02-18 05:30:00+00:00,0.08445599819143615
2026-02-18 05:45:00+00:00,0.10575599819143616
2026-02-18 06:00:00+00:00,0.12240050082805895
2026-02-18 06:15:00+00:00,0.13988050082805895
2026-02-18 06:30:00+00:00,0.16139050082805895
2026-02-18 06:45:00+00:00,0.17488050082805895
2026-02-18 07:00:00+00:00,0.18461795558294603
2026-02-18 07:15:00+00:00,0.180657955582946
2026-02-18 07:30:00+00:00,0.160667955582946
2026-02-18 07:45:00+00:00,0.13117795558294598
2026-02-18 08:00:00+00:00,0.14944520025459743
2026-02-18 08:15:00+00:00,0.14092520025459743
2026-02-18 08:30:00+00:00,0.11881520025459741
2026-02-18 08:45:00+00:00,0.10668520025459742
2026-02-18 09:00:00+00:00,0.128861655240925
2026-02-18 09:15:00+00:00,0.11359165524092499
2026-02-18 09:30:00+00:00,0.10528165524092499
2026-02-18 09:45:00+00:00,0.09707165524092498
2026-02-18 10:00:00+00:00,0.08510336696988725
2026-02-18 10:15:00+00:00,0.07847336696988726
2026-02-18 10:30:00+00:00,0.07664336696988726
2026-02-18 10:45:00+00:00,0.07388336696988726
2026-02-18 11:00:00+00:00,0.0871080320955242
2026-02-18 11:15:00+00:00,0.08270803209552419
2026-02-18 11:30:00+00:00,0.08118803209552419
2026-02-18 11:45:00+00:00,0.0819180320955242
2026-02-18 12:00:00+00:00,0.08654230585917591
2026-02-18 12:15:00+00:00,0.08500230585917581
2026-02-18 12:30:00+00:00,0.08402230585917592
2026-02-18 12:45:00+00:00,0.0831723058591759
2026-02-18 13:00:00+00:00,0.1430343920705792
2026-02-18 13:15:00+00:00,0.1452143920705792
2026-02-18 13:30:00+00:00,0.1513143920705792
2026-02-18 13:45:00+00:00,0.1556243920705792
2026-02-18 14:00:00+00:00,0.13926643961737117
2026-02-18 14:15:00+00:00,0.14260643961737118
2026-02-18 14:30:00+00:00,0.14809643961737118
2026-02-18 14:45:00+00:00,0.15881643961737116
2026-02-18 15:00:00+00:00,0.10343423440792443
2026-02-18 15:15:00+00:00,0.11286423440792442
2026-02-18 15:30:00+00:00,0.12057423440792432
2026-02-18 15:45:00+00:00,0.12119423440792433
2026-02-18 16:00:00+00:00,0.13130927179612048
2026-02-18 16:15:00+00:00,0.13061927179612048
2026-02-18 16:30:00+00:00,0.13569927179612049
2026-02-18 16:45:00+00:00,0.13726927179612047
2026-02-18 17:00:00+00:00,0.1323737392676972
2026-02-18 17:15:00+00:00,0.1238237392676972
2026-02-18 17:30:00+00:00,0.11797373926769718
2026-02-18 17:45:00+00:00,0.11175373926769717
2026-02-18 18:00:00+00:00,0.09447870590819081
2026-02-18 18:15:00+00:00,0.08543870590819082
2026-02-18 18:30:00+00:00,0.08439870590819082
2026-02-18 18:45:00+00:00,0.07480870590819082
2026-02-18 19:00:00+00:00,0.11548236346490173
2026-02-18 19:15:00+00:00,0.10114236346490174
2026-02-18 19:30:00+00:00,0.09563236346490174
2026-02-18 19:45:00+00:00,0.08983236346490174
2026-02-18 20:00:00+00:00,0.08780478475363858
2026-02-18 20:15:00+00:00,0.08287478475363858
2026-02-18 20:30:00+00:00,0.07061478475363858
2026-02-18 20:45:00+00:00,0.06992478475363859
2026-02-18 21:00:00+00:00,0.10038089826155039
2026-02-18 21:15:00+00:00,0.09445089826155038
2026-02-18 21:30:00+00:00,0.08923089826155038
2026-02-18 21:45:00+00:00,0.09009089826155038
2026-02-18 22:00:00+00:00,0.06801672258673706
2026-02-18 22:15:00+00:00,0.06300672258673695
2026-02-18 22:30:00+00:00,0.057516722586737054
2026-02-18 22:45:00+00:00,0.05170672258673706
2026-02-18 23:00:00+00:00,0.07383895982575643
2026-02-18 23:15:00+00:00,0.06928895982575643
2026-02-18 23:30:00+00:00,0.06928895982575643
2026-02-18 23:45:00+00:00,0.06667895982575643
2026-02-19 00:00:00+00:00,0.0894809759659539
2026-02-19 00:15:00+00:00,0.08656097596595391
2026-02-19 00:30:00+00:00,0.08353097596595391
2026-02-19 00:45:00+00:00,0.07875097596595391
2026-02-19 01:00:00+00:00,0.091618985774847
2026-02-19 01:15:00+00:00,0.08872898577484702
2026-02-19 01:30:00+00:00,0.08772898577484702
2026-02-19 01:45:00+00:00,0.08655898577484701
2026-02-19 02:00:00+00:00,0.09125091547783501
2026-02-19 02:15:00+00:00,0.088430915477835
2026-02-19 02:30:00+00:00,0.08834091547783501
2026-02-19 02:45:00+00:00,0.08846091547783501
2026-02-19 03:00:00+00:00,0.049826431693750034
2026-02-19 03:15:00+00:00,0.05187643169375003
2026-02-19 03:30:00+00:00,0.05444643169375003
2026-02-19 03:45:00+00:00,0.057416431693750034
2026-02-19 04:00:00+00:00,0.09531458053215772
2026-02-19 04:15:00+00:00,0.09796458053215772
2026-02-19 04:30:00+00:00,0.10209458053215771
2026-02-19 04:45:00+00:00,0.10404458053215772
2026-02-19 05:00:00+00:00,0.06527636264072752
2026-02-19 05:15:00+00:00,0.06866636264072752
2026-02-19 05:30:00+00:00,0.07247636264072752
2026-02-19 05:45:00+00:00,0.08321636264072751
2026-02-19 06:00:00+00:00,0.09363856443594472
2026-02-19 06:15:00+00:00,0.10096856443594472
2026-02-19 06:30:00+00:00,0.10517856443594471
2026-02-19 06:45:00+00:00,0.10367856443594461
2026-02-19 07:00:00+00:00,0.09417451767495931
2026-02-19 07:15:00+00:00,0.09764451767495931
2026-02-19 07:30:00+00:00,0.09806451767495931
2026-02-19 07:45:00+00:00,0.09711451767495931
2026-02-19 08:00:00+00:00,0.08033931412497511
2026-02-19 08:15:00+00:00,0.0789593141249751
2026-02-19 08:30:00+00:00,0.07828931412497511
2026-02-19 08:45:00+00:00,0.07568931412497511
2026-02-19 09:00:00+00:00,0.1009999669778141
2026-02-19 09:15:00+00:00,0.0954499669778141
2026-02-19 09:30:00+00:00,0.0924899669778141
2026-02-19 09:45:00+00:00,0.0917999669778141
2026-02-19 10:00:00+00:00,0.10393344344296102
2026-02-19 10:15:00+00:00,0.10355344344296101
2026-02-19 10:30:00+00:00,0.10201344344296101
2026-02-19 10:45:00+00:00,0.09778344344296101
2026-02-19 11:00:00+00:00,0.10578304539981159
2026-02-19 11:15:00+00:00,0.1014330453998117
2026-02-19 11:30:00+00:00,0.1007630453998117
2026-02-19 11:45:00+00:00,0.1010730453998117
2026-02-19 12:00:00+00:00,0.08826939188358242
2026-02-19 12:15:00+00:00,0.08756939188358243
2026-02-19 12:30:00+00:00,0.08716939188358243
2026-02-19 12:45:00+00:00,0.08702939188358243
2026-02-19 13:00:00+00:00,0.11733595364905405
2026-02-19 13:15:00+00:00,0.11784595364905405
2026-02-19 13:30:00+00:00,0.11810595364905405
2026-02-19 13:45:00+00:00,0.11993595364905404
2026-02-19 14:00:00+00:00,0.10379269242258801
2026-02-19 14:15:00+00:00,0.10686269242258803
2026-02-19 14:30:00+00:00,0.11500269242258793
2026-02-19 14:45:00+00:00,0.11874269242258803
2026-02-19 15:00:00+00:00,0.08328406161727961
2026-02-19 15:15:00+00:00,0.09181406161727962
2026-02-19 15:30:00+00:00,0.09461406161727962
2026-02-19 15:45:00+00:00,0.09699406161727961
2026-02-19 16:00:00+00:00,0.11199325154178502
2026-02-19 16:15:00+00:00,0.11714325154178512
2026-02-19 16:30:00+00:00,0.12271325154178513
2026-02-19 16:45:00+00:00,0.12605325154178512
2026-02-19 17:00:00+00:00,0.13945284493925378
2026-02-19 17:15:00+00:00,0.14248284493925378
2026-02-19 17:30:00+00:00,0.15557284493925377
2026-02-19 17:45:00+00:00,0.15869284493925379
2026-02-19 18:00:00+00:00,0.15967328576395998
2026-02-19 18:15:00+00:00,0.15338328576396
2026-02-19 18:30:00+00:00,0.14046328576396
2026-02-19 18:45:00+00:00,0.13611328576395998
2026-02-19 19:00:00+00:00,0.08801588977576803
2026-02-19 19:15:00+00:00,0.07743588977576804
2026-02-19 19:30:00+00:00,0.07518588977576804
2026-02-19 19:45:00+00:00,0.07104588977576803
2026-02-19 20:00:00+00:00,0.08689524651830773
2026-02-19 20:15:00+00:00,0.08049524651830772
2026-02-19 20:30:00+00:00,0.08006524651830772
2026-02-19 20:45:00+00:00,0.07690524651830773
2026-02-19 21:00:00+00:00,0.12624491403065408
2026-02-19 21:15:00+00:00,0.12414491403065417
2026-02-19 21:30:00+00:00,0.11633491403065419
2026-02-19 21:45:00+00:00,0.11081491403065416
2026-02-19 22:00:00+00:00,0.07127441970945261
2026-02-19 22:15:00+00:00,0.06589441970945262
2026-02-19 22:30:00+00:00,0.06375441970945261
2026-02-19 22:45:00+00:00,0.06203441970945262
2026-02-19 23:00:00+00:00,0.06322872410110791
2026-02-19 23:15:00+00:00,0.06085872410110792
2026-02-19 23:30:00+00:00,0.061968724101107917
2026-02-19 23:45:00+00:00,0.06097872410110791
2026-02-20 00:00:00+00:00,0.07789633630280159
2026-02-20 00:15:00+00:00,0.07763633630280158
2026-02-20 00:30:00+00:00,0.07668633630280158
2026-02-20 00:45:00+00:00,0.07575633630280158
2026-02-20 01:00:00+00:00,0.09397153315308134
2026-02-20 01:15:00+00:00,0.09300153315308134
2026-02-20 01:30:00+00:00,0.09229153315308124
2026-02-20 01:45:00+00:00,0.09337153315308135
2026-02-20 02:00:00+00:00,0.08285849283484979
2026-02-20 02:15:00+00:00,0.08285849283484979
2026-02-20 02:30:00+00:00,0.0829784928348498
2026-02-20 02:45:00+00:00,0.0832984928348498
2026-02-20 03:00:00+00:00,0.07044609880835238
2026-02-20 03:15:00+00:00,0.07145609880835238
2026-02-20 03:30:00+00:00,0.07312609880835239
2026-02-20 03:45:00+00:00,0.07482609880835238
2026-02-20 04:00:00+00:00,0.07314155881325238
2026-02-20 04:15:00+00:00,0.07293155881325238
2026-02-20 04:30:00+00:00,0.07722155881325238
2026-02-20 04:45:00+00:00,0.08823155881325238
2026-02-20 05:00:00+00:00,0.07213103127188536
2026-02-20 05:15:00+00:00,0.09218103127188536
2026-02-20 05:30:00+00:00,0.09888103127188536
2026-02-20 05:45:00+00:00,0.10378103127188536
2026-02-20 06:00:00+00:00,0.09304928816748617
2026-02-20 06:15:00+00:00,0.09623928816748617
2026-02-20 06:30:00+00:00,0.10264928816748617
2026-02-20 06:45:00+00:00,0.09854928816748607
2026-02-20 07:00:00+00:00,0.1630942839825082
2026-02-20 07:15:00+00:00,0.16385428398250818
2026-02-20 07:30:00+00:00,0.15664428398250818
2026-02-20 07:45:00+00:00,0.14867428398250818
2026-02-20 08:00:00+00:00,0.12788667203148577
2026-02-20 08:15:00+00:00,0.12118667203148575
2026-02-20 08:30:00+00:00,0.10975667203148574
2026-02-20 08:45:00+00:00,0.09976667203148575
2026-02-20 09:00:00+00:00,0.11970391774250216
2026-02-20 09:15:00+00:00,0.11063391774250216
2026-02-20 09:30:00+00:00,0.10134391774250216
2026-02-20 09:45:00+00:00,0.09789391774250206
2026-02-20 10:00:00+00:00,0.081093355887761
2026-02-20 10:15:00+00:00,0.076913355887761
2026-02-20 10:30:00+00:00,0.0737233558877609
2026-02-20 10:45:00+00:00,0.067053355887761
2026-02-20 11:00:00+00:00,0.08151310474904319
2026-02-20 11:15:00+00:00,0.07899310474904318
2026-02-20 11:30:00+00:00,0.07560310474904308
2026-02-20 11:45:00+00:00,0.07427310474904318
2026-02-20 12:00:00+00:00,0.06710867080687645
2026-02-20 12:15:00+00:00,0.06790867080687644
2026-02-20 12:30:00+00:00,0.06740867080687644
2026-02-20 12:45:00+00:00,0.06352867080687645
2026-02-20 13:00:00+00:00,0.026895696287889
2026-02-20 13:15:00+00:00,0.03140569628788889
2026-02-20 13:30:00+00:00,0.032315696287888995
2026-02-20 13:45:00+00:00,0.034315696287889
2026-02-20 14:00:00+00:00,0.04822951447032438
2026-02-20 14:15:00+00:00,0.05826951447032437
2026-02-20 14:30:00+00:00,0.06008951447032437
2026-02-20 14:45:00+00:00,0.06598951447032438
2026-02-20 15:00:00+00:00,0.04925045322955007
2026-02-20 15:15:00+00:00,0.06014045322954997
2026-02-20 15:30:00+00:00,0.06146045322955007
2026-02-20 15:45:00+00:00,0.06350045322955007
2026-02-20 16:00:00+00:00,0.0560509331652477
2026-02-20 16:15:00+00:00,0.05812093316524759
2026-02-20 16:30:00+00:00,0.0636009331652477
2026-02-20 16:45:00+00:00,0.0626209331652477
2026-02-20 17:00:00+00:00,0.07660565613090958
2026-02-20 17:15:00+00:00,0.07619565613090969
2026-02-20 17:30:00+00:00,0.06837565613090969
2026-02-20 17:45:00+00:00,0.06609565613090969
2026-02-20 18:00:00+00:00,0.11580564242120694
2026-02-20 18:15:00+00:00,0.11397564242120695
2026-02-20 18:30:00+00:00,0.10660564242120694
2026-02-20 18:45:00+00:00,0.09294564242120694
2026-02-20 19:00:00+00:00,0.09518349944354071
2026-02-20 19:15:00+00:00,0.0826634994435407
2026-02-20 19:30:00+00:00,0.07220349944354071
2026-02-20 19:45:00+00:00,0.06154349944354071
2026-02-20 20:00:00+00:00,0.1115537018001256
2026-02-20 20:15:00+00:00,0.09914370180012559
2026-02-20 20:30:00+00:00,0.0855937018001256
2026-02-20 20:45:00+00:00,0.0705537018001256
2026-02-20 21:00:00+00:00,0.08919167513470687
2026-02-20 21:15:00+00:00,0.07710167513470687
2026-02-20 21:30:00+00:00,0.06881167513470686
2026-02-20 21:45:00+00:00,0.053661675134706856
2026-02-20 22:00:00+00:00,0.07416927142839418
2026-02-20 22:15:00+00:00,0.06302927142839417
2026-02-20 22:30:00+00:00,0.059979271428394175
2026-02-20 22:45:00+00:00,0.047559271428394174
2026-02-20 23:00:00+00:00,0.03997630205573273
2026-02-20 23:15:00+00:00,0.03607630205573274
2026-02-20 23:30:00+00:00,0.03493630205573274
2026-02-20 23:45:00+00:00,0.03255630205573273
2026-02-21 00:00:00+00:00,0.06250743341194497
2026-02-21 00:15:00+00:00,0.05672743341194496
2026-02-21 00:30:00+00:00,0.057807433411944956
2026-02-21 00:45:00+00:00,0.04804743341194496
2026-02-21 01:00:00+00:00,0.06361989405162413
2026-02-21 01:15:00+00:00,0.06047989405162414
2026-02-21 01:30:00+00:00,0.05490989405162414
2026-02-21 01:45:00+00:00,0.04837989405162414
2026-02-21 02:00:00+00:00,0.035774288008765115
2026-02-21 02:15:00+00:00,0.030454288008765013
2026-02-21 02:30:00+00:00,0.026984288008765116
2026-02-21 02:45:00+00:00,0.031034288008765114
2026-02-21 03:00:00+00:00,0.05036137770586295
2026-02-21 03:15:00+00:00,0.04907137770586295
2026-02-21 03:30:00+00:00,0.050311377705862956
2026-02-21 03:45:00+00:00,0.04728137770586295
2026-02-21 04:00:00+00:00,0.04720352136153018
2026-02-21 04:15:00+00:00,0.04612352136153018
2026-02-21 04:30:00+00:00,0.05056352136153008
2026-02-21 04:45:00+00:00,0.05563352136153018
2026-02-21 05:00:00+00:00,0.014842144038573262
2026-02-21 05:15:00+00:00,0.019852144038573265
2026-02-21 05:30:00+00:00,0.027912144038573262
2026-02-21 05:45:00+00:00,0.04044214403857326
2026-02-21 06:00:00+00:00,0.021739484429361418
2026-02-21 06:15:00+00:00,0.017719484429361422
2026-02-21 06:30:00+00:00,0.030029484429361417
2026-02-21 06:45:00+00:00,0.03594948442936142
2026-02-21 07:00:00+00:00,0.030202015640349522
2026-02-21 07:15:00+00:00,0.03117201564034952
2026-02-21 07:30:00+00:00,0.03732201564034952
2026-02-21 07:45:00+00:00,0.03847201564034952
2026-02-21 08:00:00+00:00,0.06160951202960656
2026-02-21 08:15:00+00:00,0.05689951202960656
2026-02-21 08:30:00+00:00,0.061539512029606565
2026-02-21 08:45:00+00:00,0.05844951202960656
2026-02-21 09:00:00+00:00,0.07052870312693482
2026-02-21 09:15:00+00:00,0.06799870312693483
2026-02-21 09:30:00+00:00,0.06318870312693482
2026-02-21 09:45:00+00:00,0.06041870312693483
2026-02-21 10:00:00+00:00,0.04724758800528074
2026-02-21 10:15:00+00:00,0.043217588005280735
2026-02-21 10:30:00+00:00,0.039397588005280745
2026-02-21 10:45:00+00:00,0.03342758800528074
2026-02-21 11:00:00+00:00,0.062288497255902936
2026-02-21 11:15:00+00:00,0.05184849725590294
2026-02-21 11:30:00+00:00,0.04695849725590293
2026-02-21 11:45:00+00:00,0.04296849725590293
2026-02-21 12:00:00+00:00,0.05823343796402716
2026-02-21 12:15:00+00:00,0.055403437964027163
2026-02-21 12:30:00+00:00,0.055273437964027165
2026-02-21 12:45:00+00:00,0.05367343796402716
2026-02-21 13:00:00+00:00,0.05440905926632646
2026-02-21 13:15:00+00:00,0.06205905926632646
2026-02-21 13:30:00+00:00,0.07045905926632647
2026-02-21 13:45:00+00:00,0.08252905926632646
2026-02-21 14:00:00+00:00,0.07784530739708574
2026-02-21 14:15:00+00:00,0.08874530739708575
2026-02-21 14:30:00+00:00,0.10659530739708574
2026-02-21 14:45:00+00:00,0.11641530739708575
2026-02-21 15:00:00+00:00,0.09097411974620791
2026-02-21 15:15:00+00:00,0.10621411974620791
2026-02-21 15:30:00+00:00,0.1120341197462079
2026-02-21 15:45:00+00:00,0.1123941197462079
2026-02-21 16:00:00+00:00,0.06986158595441788
2026-02-21 16:15:00+00:00,0.07849158595441788
2026-02-21 16:30:00+00:00,0.08429158595441788
2026-02-21 16:45:00+00:00,0.08830158595441788
2026-02-21 17:00:00+00:00,0.1377353652205313
2026-02-21 17:15:00+00:00,0.14041536522053127
2026-02-21 17:30:00+00:00,0.14065536522053126
2026-02-21 17:45:00+00:00,0.13818536522053126
2026-02-21 18:00:00+00:00,0.0972534743175644
2026-02-21 18:15:00+00:00,0.0920434743175644
2026-02-21 18:30:00+00:00,0.0889734743175644
2026-02-21 18:45:00+00:00,0.0873934743175644
2026-02-21 19:00:00+00:00,0.11568920814221377
2026-02-21 19:15:00+00:00,0.10646920814221388
2026-02-21 19:30:00+00:00,0.10650920814221387
2026-02-21 19:45:00+00:00,0.10451920814221387
2026-02-21 20:00:00+00:00,0.08742923279549744
2026-02-21 20:15:00+00:00,0.08608923279549743
2026-02-21 20:30:00+00:00,0.08347923279549743
2026-02-21 20:45:00+00:00,0.07924923279549743
2026-02-21 21:00:00+00:00,0.07842688525497017
2026-02-21 21:15:00+00:00,0.07306688525497018
2026-02-21 21:30:00+00:00,0.06487688525497018
2026-02-21 21:45:00+00:00,0.05970688525497019
2026-02-21 22:00:00+00:00,0.046484140753629694
2026-02-21 22:15:00+00:00,0.040044140753629706
2026-02-21 22:30:00+00:00,0.033484140753629696
2026-02-21 22:45:00+00:00,0.0139641407536297
2026-02-21 23:00:00+00:00,0.06487755627460226
2026-02-21 23:15:00+00:00,0.05618755627460226
2026-02-21 23:30:00+00:00,0.05046755627460226
2026-02-21 23:45:00+00:00,0.04255755627460226
2026-02-22 00:00:00+00:00,0.031576825229585485
2026-02-22 00:15:00+00:00,0.02730682522958549
2026-02-22 00:30:00+00:00,0.021636825229585488
2026-02-22 00:45:00+00:00,0.014906825229585488
2026-02-22 01:00:00+00:00,0.06778381815603496
2026-02-22 01:15:00+00:00,0.06321381815603495
2026-02-22 01:30:00+00:00,0.059453818156034954
2026-02-22 01:45:00+00:00,0.056873818156034955
2026-02-22 02:00:00+00:00,0.06666058633920403
2026-02-22 02:15:00+00:00,0.06594058633920404
2026-02-22 02:30:00+00:00,0.07303058633920403
2026-02-22 02:45:00+00:00,0.06968058633920403
2026-02-22 03:00:00+00:00,0.022267012095678346
2026-02-22 03:15:00+00:00,0.02089701209567835
2026-02-22 03:30:00+00:00,0.02717701209567835
2026-02-22 03:45:00+00:00,0.027157012095678345
2026-02-22 04:00:00+00:00,0.044628617084664764
2026-02-22 04:15:00+00:00,0.045628617084664765
2026-02-22 04:30:00+00:00,0.04348861708466477
2026-02-22 04:45:00+00:00,0.041598617084664766
2026-02-22 05:00:00+00:00,0.018971159733868596
2026-02-22 05:15:00+00:00,0.0206711597338687
2026-02-22 05:30:00+00:00,0.021931159733868697
2026-02-22 05:45:00+00:00,0.0246111597338687
2026-02-22 06:00:00+00:00,0.025561791448420308
2026-02-22 06:15:00+00:00,0.03110179144842031
2026-02-22 06:30:00+00:00,0.029771791448420314
2026-02-22 06:45:00+00:00,0.03338179144842031
2026-02-22 07:00:00+00:00,0.056291095734632396
2026-02-22 07:15:00+00:00,0.0585610957346324
2026-02-22 07:30:00+00:00,0.062201095734632394
2026-02-22 07:45:00+00:00,0.0692910957346324
2026-02-22 08:00:00+00:00,0.052891871602216575
2026-02-22 08:15:00+00:00,0.055381871602216574
2026-02-22 08:30:00+00:00,0.055381871602216574
2026-02-22 08:45:00+00:00,0.055361871602216575
2026-02-22 09:00:00+00:00,0.09104548369630877
2026-02-22 09:15:00+00:00,0.08931548369630878
2026-02-22 09:30:00+00:00,0.08667548369630879
2026-02-22 09:45:00+00:00,0.08123548369630879
2026-02-22 10:00:00+00:00,0.04584913040783908
2026-02-22 10:15:00+00:00,0.046979130407839076
2026-02-22 10:30:00+00:00,0.045729130407839075
2026-02-22 10:45:00+00:00,0.04184913040783907
2026-02-22 11:00:00+00:00,0.07015248969497538
2026-02-22 11:15:00+00:00,0.07571248969497538
2026-02-22 11:30:00+00:00,0.06873248969497538
2026-02-22 11:45:00+00:00,0.06119248969497537
2026-02-22 12:00:00+00:00,0.05811994071711619
2026-02-22 12:15:00+00:00,0.04787994071711619
2026-02-22 12:30:00+00:00,0.04275994071711619
2026-02-22 12:45:00+00:00,0.03871994071711619
2026-02-22 13:00:00+00:00,0.05875216976264047
2026-02-22 13:15:00+00:00,0.05691216976264046
2026-02-22 13:30:00+00:00,0.05664216976264047
2026-02-22 13:45:00+00:00,0.059412169762640465
2026-02-22 14:00:00+00:00,0.03729361918012214
2026-02-22 14:15:00+00:00,0.03510361918012214
2026-02-22 14:30:00+00:00,0.03729361918012214
2026-02-22 14:45:00+00:00,0.04921361918012214
2026-02-22 15:00:00+00:00,0.05185937200193396
2026-02-22 15:15:00+00:00,0.05020937200193396
2026-02-22 15:30:00+00:00,0.05654937200193396
2026-02-22 15:45:00+00:00,0.06544937200193397
2026-02-22 16:00:00+00:00,0.06429774454706716
2026-02-22 16:15:00+00:00,0.07014774454706715
2026-02-22 16:30:00+00:00,0.07375774454706716
2026-02-22 16:45:00+00:00,0.08710774454706716
2026-02-22 17:00:00+00:00,0.059447714394159176
2026-02-22 17:15:00+00:00,0.06586771439415917
2026-02-22 17:30:00+00:00,0.06663771439415918
2026-02-22 17:45:00+00:00,0.06436771439415917
2026-02-22 18:00:00+00:00,0.08516553922930772
2026-02-22 18:15:00+00:00,0.08744553922930773
2026-02-22 18:30:00+00:00,0.09236553922930774
2026-02-22 18:45:00+00:00,0.08416553922930772
2026-02-22 19:00:00+00:00,0.0839281202434972
2026-02-22 19:15:00+00:00,0.0808581202434972
2026-02-22 19:30:00+00:00,0.0801881202434972
2026-02-22 19:45:00+00:00,0.0768881202434972
2026-02-22 20:00:00+00:00,0.08001638017895338
2026-02-22 20:15:00+00:00,0.07902638017895336
2026-02-22 20:30:00+00:00,0.07987638017895338
2026-02-22 20:45:00+00:00,0.07546638017895338
2026-02-22 21:00:00+00:00,0.10818125878793093
2026-02-22 21:15:00+00:00,0.10463125878793093
2026-02-22 21:30:00+00:00,0.09746125878793094
2026-02-22 21:45:00+00:00,0.08433125878793093
2026-02-22 22:00:00+00:00,0.09780125327513012
2026-02-22 22:15:00+00:00,0.08279125327513001
2026-02-22 22:30:00+00:00,0.07599125327513012
2026-02-22 22:45:00+00:00,0.05773125327513011
2026-02-22 23:00:00+00:00,0.04381050966545716
2026-02-22 23:15:00+00:00,0.03882050966545716
2026-02-22 23:30:00+00:00,0.03103050966545716
2026-02-22 23:45:00+00:00,0.04018050966545716
2026-02-23 00:00:00+00:00,0.0528547186070703
2026-02-23 00:15:00+00:00,0.0499947186070703
2026-02-23 00:30:00+00:00,0.0495847186070703
2026-02-23 00:45:00+00:00,0.0570347186070703
2026-02-23 01:00:00+00:00,0.03446153415804505
2026-02-23 01:15:00+00:00,0.03206153415804505
2026-02-23 01:30:00+00:00,0.03410153415804505
2026-02-23 01:45:00+00:00,0.029441534158045048
2026-02-23 02:00:00+00:00,0.045659146562113374
2026-02-23 02:15:00+00:00,0.045529146562113376
2026-02-23 02:30:00+00:00,0.04471914656211338
2026-02-23 02:45:00+00:00,0.04546914656211337
2026-02-23 03:00:00+00:00,0.029729793167588607
2026-02-23 03:15:00+00:00,0.033119793167588604
2026-02-23 03:30:00+00:00,0.035679793167588604
2026-02-23 03:45:00+00:00,0.037969793167588604
2026-02-23 04:00:00+00:00,0.07751828059776934
2026-02-23 04:15:00+00:00,0.07249828059776933
2026-02-23 04:30:00+00:00,0.08487828059776933
2026-02-23 04:45:00+00:00,0.10845828059776934
2026-02-23 05:00:00+00:00,0.06195283872079148
2026-02-23 05:15:00+00:00,0.08113283872079148
2026-02-23 05:30:00+00:00,0.09480283872079148
2026-02-23 05:45:00+00:00,0.09989283872079148
2026-02-23 06:00:00+00:00,0.087793783586244
2026-02-23 06:15:00+00:00,0.0907737835862441
2026-02-23 06:30:00+00:00,0.094563783586244
2026-02-23 06:45:00+00:00,0.0946737835862441
2026-02-23 07:00:00+00:00,0.12457236452353587
2026-02-23 07:15:00+00:00,0.12242236452353587
2026-02-23 07:30:00+00:00,0.12095236452353587
2026-02-23 07:45:00+00:00,0.11595236452353577
2026-02-23 08:00:00+00:00,0.05737562694270352
2026-02-23 08:15:00+00:00,0.054845626942703514
2026-02-23 08:30:00+00:00,0.04992562694270352
2026-02-23 08:45:00+00:00,0.028185626942703414
2026-02-23 09:00:00+00:00,0.0558415005178888
2026-02-23 09:15:00+00:00,0.05113150051788879
2026-02-23 09:30:00+00:00,0.021151500517888694
2026-02-23 09:45:00+00:00,-0.008098499482111204
2026-02-23 10:00:00+00:00,0.07498328410411237
2026-02-23 10:15:00+00:00,0.07908328410411228
2026-02-23 10:30:00+00:00,0.06251328410411237
2026-02-23 10:45:00+00:00,0.037313284104112374
2026-02-23 11:00:00+00:00,0.02406108864888045
2026-02-23 11:15:00+00:00,0.00611108864888055
2026-02-23 11:30:00+00:00,0.00361108864888055
2026-02-23 11:45:00+00:00,0.00218108864888055
2026-02-23 12:00:00+00:00,0.0068518717205003875
2026-02-23 12:15:00+00:00,0.0057618717205003885
2026-02-23 12:30:00+00:00,0.005961871720500388
2026-02-23 12:45:00+00:00,0.011441871720500388
2026-02-23 13:00:00+00:00,-0.01427210975641586
2026-02-23 13:15:00+00:00,0.008947890243584142
2026-02-23 13:30:00+00:00,0.02278789024358414
2026-02-23 13:45:00+00:00,0.02461789024358414
2026-02-23 14:00:00+00:00,0.019663087896234596
2026-02-23 14:15:00+00:00,0.0385730878962346
2026-02-23 14:30:00+00:00,0.0780130878962346
2026-02-23 14:45:00+00:00,0.0960730878962346
2026-02-23 15:00:00+00:00,0.07845385306104638
2026-02-23 15:15:00+00:00,0.11723385306104639
2026-02-23 15:30:00+00:00,0.13037385306104637
2026-02-23 15:45:00+00:00,0.13922385306104637
2026-02-23 16:00:00+00:00,0.09875440787680509
2026-02-23 16:15:00+00:00,0.11172440787680507
2026-02-23 16:30:00+00:00,0.11471440787680498
2026-02-23 16:45:00+00:00,0.11974440787680507
2026-02-23 17:00:00+00:00,0.10707830420358934
2026-02-23 17:15:00+00:00,0.10857830420358934
2026-02-23 17:30:00+00:00,0.10910830420358934
2026-02-23 17:45:00+00:00,0.11678830420358934
2026-02-23 18:00:00+00:00,0.10097252297764689
2026-02-23 18:15:00+00:00,0.10242252297764678
2026-02-23 18:30:00+00:00,0.1028425229776469
2026-02-23 18:45:00+00:00,0.10508252297764689
2026-02-23 19:00:00+00:00,0.09548984838344828
2026-02-23 19:15:00+00:00,0.09554984838344828
2026-02-23 19:30:00+00:00,0.08648984838344818
2026-02-23 19:45:00+00:00,0.08556984838344828
2026-02-23 20:00:00+00:00,0.06214666081129227
2026-02-23 20:15:00+00:00,0.060806660811292275
2026-02-23 20:30:00+00:00,0.05623666081129227
2026-02-23 20:45:00+00:00,0.053256660811292274
2026-02-23 21:00:00+00:00,0.10538406141700017
2026-02-23 21:15:00+00:00,0.10170406141700017
2026-02-23 21:30:00+00:00,0.10010406141700016
2026-02-23 21:45:00+00:00,0.09516406141700016
2026-02-23 22:00:00+00:00,0.10679548526383645
2026-02-23 22:15:00+00:00,0.10342548526383645
2026-02-23 22:30:00+00:00,0.10283548526383646
2026-02-23 22:45:00+00:00,0.09823548526383645
2026-02-23 23:00:00+00:00,0.05503849216606159
2026-02-23 23:15:00+00:00,0.0552684921660616
2026-02-23 23:30:00+00:00,0.0547284921660616
2026-02-23 23:45:00+00:00,0.04858849216606159
2026-02-24 00:00:00+00:00,0.07131667336271737
2026-02-24 00:15:00+00:00,0.07166667336271726
2026-02-24 00:30:00+00:00,0.07204667336271736
2026-02-24 00:45:00+00:00,0.07220667336271737
2026-02-24 01:00:00+00:00,0.06389195270599526
2026-02-24 01:15:00+00:00,0.06439195270599526
2026-02-24 01:30:00+00:00,0.06455195270599526
2026-02-24 01:45:00+00:00,0.06599195270599527
2026-02-24 02:00:00+00:00,0.06641197648311702
2026-02-24 02:15:00+00:00,0.06795197648311702
2026-02-24 02:30:00+00:00,0.06884197648311702
2026-02-24 02:45:00+00:00,0.07164197648311701
2026-02-24 03:00:00+00:00,0.0882127080127828
2026-02-24 03:15:00+00:00,0.0886227080127828
2026-02-24 03:30:00+00:00,0.0889927080127828
2026-02-24 03:45:00+00:00,0.09092270801278281
2026-02-24 04:00:00+00:00,0.049359768288833435
2026-02-24 04:15:00+00:00,0.050429768288833436
2026-02-24 04:30:00+00:00,0.05864976828883343
2026-02-24 04:45:00+00:00,0.06503976828883343
2026-02-24 05:00:00+00:00,0.10528702542649478
2026-02-24 05:15:00+00:00,0.11743702542649477
2026-02-24 05:30:00+00:00,0.13002702542649477
2026-02-24 05:45:00+00:00,0.13688702542649475
2026-02-24 06:00:00+00:00,0.1325218489754955
2026-02-24 06:15:00+00:00,0.1434418489754955
2026-02-24 06:30:00+00:00,0.1522418489754954
2026-02-24 06:45:00+00:00,0.1595918489754955
2026-02-24 07:00:00+00:00,0.1359460691987528
2026-02-24 07:15:00+00:00,0.1424860691987528
2026-02-24 07:30:00+00:00,0.1467660691987528
2026-02-24 07:45:00+00:00,0.1462460691987528
2026-02-24 08:00:00+00:00,0.10143776409946378
2026-02-24 08:15:00+00:00,0.09959776409946378
2026-02-24 08:30:00+00:00,0.09380776409946376
2026-02-24 08:45:00+00:00,0.08570776409946376
2026-02-24 09:00:00+00:00,0.13129112224055212
2026-02-24 09:15:00+00:00,0.11206112224055212
2026-02-24 09:30:00+00:00,0.10331112224055211
2026-02-24 09:45:00+00:00,0.0951711222405521
2026-02-24 10:00:00+00:00,0.14363418390605137
2026-02-24 10:15:00+00:00,0.13426418390605138
2026-02-24 10:30:00+00:00,0.13249418390605136
2026-02-24 10:45:00+00:00,0.1258041839060514
2026-02-24 11:00:00+00:00,0.053395231892480875
2026-02-24 11:15:00+00:00,0.04890523189248087
2026-02-24 11:30:00+00:00,0.047525231892480764
2026-02-24 11:45:00+00:00,0.04675523189248087
2026-02-24 12:00:00+00:00,0.09463436698757365
2026-02-24 12:15:00+00:00,0.09359436698757365
2026-02-24 12:30:00+00:00,0.09206436698757364
2026-02-24 12:45:00+00:00,0.09136436698757365
2026-02-24 13:00:00+00:00,0.06864785813189064
2026-02-24 13:15:00+00:00,0.07337785813189066
2026-02-24 13:30:00+00:00,0.07459785813189065
2026-02-24 13:45:00+00:00,0.07666785813189055
2026-02-24 14:00:00+00:00,0.11265372535015576
2026-02-24 14:15:00+00:00,0.11497372535015576
2026-02-24 14:30:00+00:00,0.12277372535015577
2026-02-24 14:45:00+00:00,0.13702372535015575
2026-02-24 15:00:00+00:00,0.09859499421133588
2026-02-24 15:15:00+00:00,0.10333499421133588
2026-02-24 15:30:00+00:00,0.11908499421133588
2026-02-24 15:45:00+00:00,0.13259499421133586
2026-02-24 16:00:00+00:00,0.13986252763354914
2026-02-24 16:15:00+00:00,0.16537252763354904
2026-02-24 16:30:00+00:00,0.20289252763354915
2026-02-24 16:45:00+00:00,0.25044252763354913
2026-02-24 17:00:00+00:00,0.20936015672951527
2026-02-24 17:15:00+00:00,0.20436015672951527
2026-02-24 17:30:00+00:00,0.19223015672951527
2026-02-24 17:45:00+00:00,0.17180015672951526
2026-02-24 18:00:00+00:00,0.21347007024862247
2026-02-24 18:15:00+00:00,0.17818007024862248
2026-02-24 18:30:00+00:00,0.17160007024862248
2026-02-24 18:45:00+00:00,0.14938007024862246
2026-02-24 19:00:00+00:00,0.12710100583825476
2026-02-24 19:15:00+00:00,0.12128100583825478
2026-02-24 19:30:00+00:00,0.11138100583825478
2026-02-24 19:45:00+00:00,0.10115100583825477
2026-02-24 20:00:00+00:00,0.12472969660329544
2026-02-24 20:15:00+00:00,0.11810969660329544
2026-02-24 20:30:00+00:00,0.11338969660329545
2026-02-24 20:45:00+00:00,0.10630969660329545
2026-02-24 21:00:00+00:00,0.08014257428975706
2026-02-24 21:15:00+00:00,0.07596257428975706
2026-02-24 21:30:00+00:00,0.07282257428975707
2026-02-24 21:45:00+00:00,0.06874257428975707
2026-02-24 22:00:00+00:00,0.1199834735027742
2026-02-24 22:15:00+00:00,0.1184834735027742
2026-02-24 22:30:00+00:00,0.1143034735027742
2026-02-24 22:45:00+00:00,0.1103334735027742
2026-02-24 23:00:00+00:00,0.08506588995131475
2026-02-24 23:15:00+00:00,0.07870588995131475
2026-02-24 23:30:00+00:00,0.07595588995131475
2026-02-24 23:45:00+00:00,0.07294588995131475
2026-02-25 00:00:00+00:00,0.08117631922219878
2026-02-25 00:15:00+00:00,0.07914631922219878
2026-02-25 00:30:00+00:00,0.07501631922219879
2026-02-25 00:45:00+00:00,0.0730563192221988
2026-02-25 01:00:00+00:00,0.08728120379157736
2026-02-25 01:15:00+00:00,0.08540120379157735
2026-02-25 01:30:00+00:00,0.08313120379157736
2026-02-25 01:45:00+00:00,0.08188120379157736
2026-02-25 02:00:00+00:00,0.05981249343773966
2026-02-25 02:15:00+00:00,0.05934249343773966
2026-02-25 02:30:00+00:00,0.059472493437739665
2026-02-25 02:45:00+00:00,0.05888249343773966
2026-02-25 03:00:00+00:00,0.09251357707632338
2026-02-25 03:15:00+00:00,0.09151357707632338
2026-02-25 03:30:00+00:00,0.09344357707632338
2026-02-25 03:45:00+00:00,0.09378357707632339
2026-02-25 04:00:00+00:00,0.10491688740970022
2026-02-25 04:15:00+00:00,0.10749688740970022
2026-02-25 04:30:00+00:00,0.11392688740970022
2026-02-25 04:45:00+00:00,0.11745688740970023
2026-02-25 05:00:00+00:00,0.10108256654990182
2026-02-25 05:15:00+00:00,0.11386256654990182
2026-02-25 05:30:00+00:00,0.12553256654990183
2026-02-25 05:45:00+00:00,0.13632256654990182
2026-02-25 06:00:00+00:00,0.09544450875196403
2026-02-25 06:15:00+00:00,0.10411450875196404
2026-02-25 06:30:00+00:00,0.10722450875196393
2026-02-25 06:45:00+00:00,0.09936450875196404
2026-02-25 07:00:00+00:00,0.13529504329384162
2026-02-25 07:15:00+00:00,0.12162504329384163
2026-02-25 07:30:00+00:00,0.11357504329384163
2026-02-25 07:45:00+00:00,0.09981504329384164
2026-02-25 08:00:00+00:00,0.13739454689033093
2026-02-25 08:15:00+00:00,0.12433454689033095
2026-02-25 08:30:00+00:00,0.11391454689033094
2026-02-25 08:45:00+00:00,0.10759454689033095
2026-02-25 09:00:00+00:00,0.06765254916316293
2026-02-25 09:15:00+00:00,0.06067254916316293
2026-02-25 09:30:00+00:00,0.05074254916316293
2026-02-25 09:45:00+00:00,0.04622254916316292
2026-02-25 10:00:00+00:00,0.06768151371773892
2026-02-25 10:15:00+00:00,0.06454151371773895
2026-02-25 10:30:00+00:00,0.06292151371773894
2026-02-25 10:45:00+00:00,0.04525151371773894
2026-02-25 11:00:00+00:00,0.10050621206705138
2026-02-25 11:15:00+00:00,0.08701621206705137
2026-02-25 11:30:00+00:00,0.07398621206705137
2026-02-25 11:45:00+00:00,0.06612621206705138
2026-02-25 12:00:00+00:00,0.07103291835485136
2026-02-25 12:15:00+00:00,0.06516291835485144
2026-02-25 12:30:00+00:00,0.06377291835485145
2026-02-25 12:45:00+00:00,0.06067291835485145
2026-02-25 13:00:00+00:00,0.052599847793578874
2026-02-25 13:15:00+00:00,0.07348984779357888
2026-02-25 13:30:00+00:00,0.08303984779357887
2026-02-25 13:45:00+00:00,0.09253984779357888
2026-02-25 14:00:00+00:00,0.10281763018942366
2026-02-25 14:15:00+00:00,0.10759763018942364
2026-02-25 14:30:00+00:00,0.12024763018942367
2026-02-25 14:45:00+00:00,0.12993763018942364
2026-02-25 15:00:00+00:00,0.08573950941868388
2026-02-25 15:15:00+00:00,0.10364950941868398
2026-02-25 15:30:00+00:00,0.11258950941868398
2026-02-25 15:45:00+00:00,0.137939509418684
2026-02-25 16:00:00+00:00,0.11245848454665336
2026-02-25 16:15:00+00:00,0.12029848454665336
2026-02-25 16:30:00+00:00,0.13227848454665336
2026-02-25 16:45:00+00:00,0.15788848454665338
2026-02-25 17:00:00+00:00,0.1841490934870696
2026-02-25 17:15:00+00:00,0.1729690934870696
2026-02-25 17:30:00+00:00,0.1647190934870696
2026-02-25 17:45:00+00:00,0.1644790934870696
2026-02-25 18:00:00+00:00,0.10897140872687562
2026-02-25 18:15:00+00:00,0.10490140872687562
2026-02-25 18:30:00+00:00,0.10030140872687562
2026-02-25 18:45:00+00:00,0.09872140872687563
2026-02-25 19:00:00+00:00,0.0903291560492302
2026-02-25 19:15:00+00:00,0.0815791560492301
2026-02-25 19:30:00+00:00,0.07640915604923021
2026-02-25 19:45:00+00:00,0.07005915604923021
2026-02-25 20:00:00+00:00,0.10276062379510362
2026-02-25 20:15:00+00:00,0.09807062379510362
2026-02-25 20:30:00+00:00,0.09287062379510362
2026-02-25 20:45:00+00:00,0.08686062379510362
2026-02-25 21:00:00+00:00,0.10705632160904245
2026-02-25 21:15:00+00:00,0.09516632160904245
2026-02-25 21:30:00+00:00,0.09036632160904245
2026-02-25 21:45:00+00:00,0.08698632160904246
2026-02-25 22:00:00+00:00,0.0781517709168559
2026-02-25 22:15:00+00:00,0.0727117709168559
2026-02-25 22:30:00+00:00,0.0693117709168558
2026-02-25 22:45:00+00:00,0.0575917709168559
2026-02-25 23:00:00+00:00,0.06342003061465984
2026-02-25 23:15:00+00:00,0.05820003061465984
2026-02-25 23:30:00+00:00,0.05617003061465983
2026-02-25 23:45:00+00:00,0.05202003061465983
2026-02-26 00:00:00+00:00,0.12244266221423322
2026-02-26 00:15:00+00:00,0.11466266221423323
2026-02-26 00:30:00+00:00,0.11308266221423321
2026-02-26 00:45:00+00:00,0.10914266221423322
2026-02-26 01:00:00+00:00,0.07524564560883036
2026-02-26 01:15:00+00:00,0.07424564560883036
2026-02-26 01:30:00+00:00,0.07425564560883037
2026-02-26 01:45:00+00:00,0.07524564560883036
2026-02-26 02:00:00+00:00,0.056004487243367596
2026-02-26 02:15:00+00:00,0.0558444872433676
2026-02-26 02:30:00+00:00,0.057044487243367595
2026-02-26 02:45:00+00:00,0.0490144872433676
2026-02-26 03:00:00+00:00,0.08129993021506515
2026-02-26 03:15:00+00:00,0.08268993021506515
2026-02-26 03:30:00+00:00,0.08507993021506516
2026-02-26 03:45:00+00:00,0.08775993021506517
2026-02-26 04:00:00+00:00,0.062374492288858316
2026-02-26 04:15:00+00:00,0.06718449228885842
2026-02-26 04:30:00+00:00,0.07483449228885843
2026-02-26 04:45:00+00:00,0.09100449228885842
2026-02-26 05:00:00+00:00,0.06941338323929078
2026-02-26 05:15:00+00:00,0.09712338323929078
2026-02-26 05:30:00+00:00,0.10775338323929078
2026-02-26 05:45:00+00:00,0.11039338323929078
2026-02-26 06:00:00+00:00,0.12233158655477751
2026-02-26 06:15:00+00:00,0.1241015865547775
2026-02-26 06:30:00+00:00,0.1225315865547775
2026-02-26 06:45:00+00:00,0.1127615865547775
2026-02-26 07:00:00+00:00,0.08445207106992039
2026-02-26 07:15:00+00:00,0.07790207106992039
2026-02-26 07:30:00+00:00,0.07160207106992039
2026-02-26 07:45:00+00:00,0.060882071069920406
2026-02-26 08:00:00+00:00,0.10198941357447079
2026-02-26 08:15:00+00:00,0.0940194135744708
2026-02-26 08:30:00+00:00,0.07786941357447079
2026-02-26 08:45:00+00:00,0.0737394135744708
2026-02-26 09:00:00+00:00,0.10861994081817254
2026-02-26 09:15:00+00:00,0.10388994081817254
2026-02-26 09:30:00+00:00,0.10189994081817255
2026-02-26 09:45:00+00:00,0.09758994081817254
2026-02-26 10:00:00+00:00,0.08318586740615114
2026-02-26 10:15:00+00:00,0.07204586740615113
2026-02-26 10:30:00+00:00,0.058765867406151126
2026-02-26 10:45:00+00:00,0.033645867406151025
2026-02-26 11:00:00+00:00,0.03717722133443975
2026-02-26 11:15:00+00:00,0.01286722133443975
2026-02-26 11:30:00+00:00,0.0019372213344397513
2026-02-26 11:45:00+00:00,0.0005172213344397511
2026-02-26 12:00:00+00:00,0.001992100526582328
2026-02-26 12:15:00+00:00,0.0007421005265823271
2026-02-26 12:30:00+00:00,0.003772100526582327
2026-02-26 12:45:00+00:00,0.012432100526582326
2026-02-26 13:00:00+00:00,0.00598013250280932
2026-02-26 13:15:00+00:00,0.03252013250280942
2026-02-26 13:30:00+00:00,0.04877013250280942
2026-02-26 13:45:00+00:00,0.06112013250280942
2026-02-26 14:00:00+00:00,0.04945351594751533
2026-02-26 14:15:00+00:00,0.060873515947515326
2026-02-26 14:30:00+00:00,0.06873351594751533
2026-02-26 14:45:00+00:00,0.08750351594751532
2026-02-26 15:00:00+00:00,0.05773792420526726
2026-02-26 15:15:00+00:00,0.08297792420526726
2026-02-26 15:30:00+00:00,0.10215792420526726
2026-02-26 15:45:00+00:00,0.10828792420526726
2026-02-26 16:00:00+00:00,0.11762693352012626
2026-02-26 16:15:00+00:00,0.12455693352012626
2026-02-26 16:30:00+00:00,0.13107693352012625
2026-02-26 16:45:00+00:00,0.13863693352012627
2026-02-26 17:00:00+00:00,0.07968282977042676
2026-02-26 17:15:00+00:00,0.08071282977042675
2026-02-26 17:30:00+00:00,0.08247282977042665
2026-02-26 17:45:00+00:00,0.08212282977042676
2026-02-26 18:00:00+00:00,0.1343389788586668
2026-02-26 18:15:00+00:00,0.12744897885866682
2026-02-26 18:30:00+00:00,0.12025897885866682
2026-02-26 18:45:00+00:00,0.1132489788586668
2026-02-26 19:00:00+00:00,0.09801337993857612
2026-02-26 19:15:00+00:00,0.08701337993857601
2026-02-26 19:30:00+00:00,0.08331337993857611
2026-02-26 19:45:00+00:00,0.07754337993857612
2026-02-26 20:00:00+00:00,0.10415629658849289
2026-02-26 20:15:00+00:00,0.09317629658849289
2026-02-26 20:30:00+00:00,0.08816629658849279
2026-02-26 20:45:00+00:00,0.07851629658849289
2026-02-26 21:00:00+00:00,0.07252195285416736
2026-02-26 21:15:00+00:00,0.06158195285416737
2026-02-26 21:30:00+00:00,0.055551952854167364
2026-02-26 21:45:00+00:00,0.04934195285416737
2026-02-26 22:00:00+00:00,0.10638317650588844
2026-02-26 22:15:00+00:00,0.09750317650588844
2026-02-26 22:30:00+00:00,0.09234317650588844
2026-02-26 22:45:00+00:00,0.08772317650588843
2026-02-26 23:00:00+00:00,0.07945814924122753
2026-02-26 23:15:00+00:00,0.07943814924122743
2026-02-26 23:30:00+00:00,0.07506814924122752
2026-02-26 23:45:00+00:00,0.07817814924122753
2026-02-27 00:00:00+00:00,0.07702217304113332
2026-02-27 00:15:00+00:00,0.07572217304113332
2026-02-27 00:30:00+00:00,0.07126217304113332
2026-02-27 00:45:00+00:00,0.07055217304113331
2026-02-27 01:00:00+00:00,0.029896859087319684
2026-02-27 01:15:00+00:00,0.028726859087319687
2026-02-27 01:30:00+00:00,0.029336859087319686
2026-02-27 01:45:00+00:00,0.02991685908731969
2026-02-27 02:00:00+00:00,0.07557483799056809
2026-02-27 02:15:00+00:00,0.0726148379905681
2026-02-27 02:30:00+00:00,0.0742748379905681
2026-02-27 02:45:00+00:00,0.0784748379905681
2026-02-27 03:00:00+00:00,0.06242908445344034
2026-02-27 03:15:00+00:00,0.06747908445344034
2026-02-27 03:30:00+00:00,0.07135908445344034
2026-02-27 03:45:00+00:00,0.07566908445344034
2026-02-27 04:00:00+00:00,0.030303647495609775
2026-02-27 04:15:00+00:00,0.03179364749560977
2026-02-27 04:30:00+00:00,0.04050364749560978
2026-02-27 04:45:00+00:00,0.04338364749560977
2026-02-27 05:00:00+00:00,0.060553543242041735
2026-02-27 05:15:00+00:00,0.07655354324204174
2026-02-27 05:30:00+00:00,0.08257354324204173
2026-02-27 05:45:00+00:00,0.08479354324204173
2026-02-27 06:00:00+00:00,0.09424820618025741
2026-02-27 06:15:00+00:00,0.0989182061802574
2026-02-27 06:30:00+00:00,0.09449820618025741
2026-02-27 06:45:00+00:00,0.0932282061802574
2026-02-27 07:00:00+00:00,0.102297707645958
2026-02-27 07:15:00+00:00,0.094997707645958
2026-02-27 07:30:00+00:00,0.0887377076459579
2026-02-27 07:45:00+00:00,0.072157707645958
2026-02-27 08:00:00+00:00,0.08787712166979449
2026-02-27 08:15:00+00:00,0.07225712166979449
2026-02-27 08:30:00+00:00,0.06230712166979449
2026-02-27 08:45:00+00:00,0.048247121669794495
2026-02-27 09:00:00+00:00,0.0663512853650296
2026-02-27 09:15:00+00:00,0.0454312853650296
2026-02-27 09:30:00+00:00,0.024521285365029597
2026-02-27 09:45:00+00:00,0.011291285365029598
2026-02-27 10:00:00+00:00,0.03096714422595212
2026-02-27 10:15:00+00:00,0.02707714422595212
2026-02-27 10:30:00+00:00,0.02707714422595212
2026-02-27 10:45:00+00:00,0.02706714422595212
2026-02-27 11:00:00+00:00,0.022527986129234356
2026-02-27 11:15:00+00:00,0.022517986129234356
2026-02-27 11:30:00+00:00,0.022517986129234356
2026-02-27 11:45:00+00:00,0.022497986129234357
2026-02-27 12:00:00+00:00,-0.05269122986522925
2026-02-27 12:15:00+00:00,-0.05269122986522925
2026-02-27 12:30:00+00:00,-0.05269122986522925
2026-02-27 12:45:00+00:00,-0.05269122986522925
2026-02-27 13:00:00+00:00,-0.005842833254007215
2026-02-27 13:15:00+00:00,-0.005832833254007215
2026-02-27 13:30:00+00:00,-0.004782833254007216
2026-02-27 13:45:00+00:00,0.024077166745992785
2026-02-27 14:00:00+00:00,0.01431458933664849
2026-02-27 14:15:00+00:00,0.050924589336648486
2026-02-27 14:30:00+00:00,0.07450458933664848
2026-02-27 14:45:00+00:00,0.08717458933664848
2026-02-27 15:00:00+00:00,0.036395741729998224
2026-02-27 15:15:00+00:00,0.05474574172999823
2026-02-27 15:30:00+00:00,0.06856574172999823
2026-02-27 15:45:00+00:00,0.07951574172999813
2026-02-27 16:00:00+00:00,0.09921058396861224
2026-02-27 16:15:00+00:00,0.11141058396861224
2026-02-27 16:30:00+00:00,0.12362058396861224
2026-02-27 16:45:00+00:00,0.13346058396861213
2026-02-27 17:00:00+00:00,0.14499552993047882
2026-02-27 17:15:00+00:00,0.14294552993047882
2026-02-27 17:30:00+00:00,0.13962552993047883
2026-02-27 17:45:00+00:00,0.13661552993047882
2026-02-27 18:00:00+00:00,0.09719465852660471
2026-02-27 18:15:00+00:00,0.09132465852660471
2026-02-27 18:30:00+00:00,0.0850346585266047
2026-02-27 18:45:00+00:00,0.0835946585266047
2026-02-27 19:00:00+00:00,0.10966126107231322
2026-02-27 19:15:00+00:00,0.10795126107231322
2026-02-27 19:30:00+00:00,0.10561126107231322
2026-02-27 19:45:00+00:00,0.10162126107231322
2026-02-27 20:00:00+00:00,0.08065203266028392
2026-02-27 20:15:00+00:00,0.07618203266028392
2026-02-27 20:30:00+00:00,0.07339203266028392
2026-02-27 20:45:00+00:00,0.06631203266028393
2026-02-27 21:00:00+00:00,0.08154382863625337
2026-02-27 21:15:00+00:00,0.07908382863625338
2026-02-27 21:30:00+00:00,0.07116382863625337
2026-02-27 21:45:00+00:00,0.06886382863625326
2026-02-27 22:00:00+00:00,0.11050664172741065
2026-02-27 22:15:00+00:00,0.10935664172741054
2026-02-27 22:30:00+00:00,0.10586664172741064
2026-02-27 22:45:00+00:00,0.10286664172741064
2026-02-27 23:00:00+00:00,0.07261067129955869
2026-02-27 23:15:00+00:00,0.07073067129955868
2026-02-27 23:30:00+00:00,0.06948067129955869
2026-02-27 23:45:00+00:00,0.06738067129955869
2026-02-28 00:00:00+00:00,0.08720300860034845
2026-02-28 00:15:00+00:00,0.08649300860034845
2026-02-28 00:30:00+00:00,0.08400300860034844
2026-02-28 00:45:00+00:00,0.08149300860034844
2026-02-28 01:00:00+00:00,0.044126957718188184
2026-02-28 01:15:00+00:00,0.04069695771818818
2026-02-28 01:30:00+00:00,0.038786957718188186
2026-02-28 01:45:00+00:00,0.03776695771818819
2026-02-28 02:00:00+00:00,0.10861949739904819
2026-02-28 02:15:00+00:00,0.10722949739904822
2026-02-28 02:30:00+00:00,0.1064094973990482
2026-02-28 02:45:00+00:00,0.1017194973990482
2026-02-28 03:00:00+00:00,0.08334354848947942
2026-02-28 03:15:00+00:00,0.08339354848947941
2026-02-28 03:30:00+00:00,0.08252354848947942
2026-02-28 03:45:00+00:00,0.08260354848947941
2026-02-28 04:00:00+00:00,0.06850662299257931
2026-02-28 04:15:00+00:00,0.06729662299257932
2026-02-28 04:30:00+00:00,0.06896662299257932
2026-02-28 04:45:00+00:00,0.07081662299257932
2026-02-28 05:00:00+00:00,0.08009548546512182
2026-02-28 05:15:00+00:00,0.08282548546512182
2026-02-28 05:30:00+00:00,0.08488548546512183
2026-02-28 05:45:00+00:00,0.08618548546512182
2026-02-28 06:00:00+00:00,0.056795012965526206
2026-02-28 06:15:00+00:00,0.05710501296552621
2026-02-28 06:30:00+00:00,0.04984501296552621
2026-02-28 06:45:00+00:00,0.03779501296552622
2026-02-28 07:00:00+00:00,0.10469862914496214
2026-02-28 07:15:00+00:00,0.08950862914496213
2026-02-28 07:30:00+00:00,0.07013862914496202
2026-02-28 07:45:00+00:00,0.05102862914496213
2026-02-28 08:00:00+00:00,0.041456882007530754
2026-02-28 08:15:00+00:00,0.014776882007530752
2026-02-28 08:30:00+00:00,-0.0029131179924692455
2026-02-28 08:45:00+00:00,-0.005943117992469246
2026-02-28 09:00:00+00:00,-0.003749712929837025
2026-02-28 09:15:00+00:00,-0.003749712929837025
2026-02-28 09:30:00+00:00,-0.003749712929837025
2026-02-28 09:45:00+00:00,-0.0037897129298370253
2026-02-28 10:00:00+00:00,-0.009034016746820273
2026-02-28 10:15:00+00:00,-0.009044016746820272
2026-02-28 10:30:00+00:00,-0.009054016746820272
2026-02-28 10:45:00+00:00,-0.009114016746820273
2026-02-28 11:00:00+00:00,-0.010689286258098672
2026-02-28 11:15:00+00:00,-0.010729286258098672
2026-02-28 11:30:00+00:00,-0.010949286258098673
2026-02-28 11:45:00+00:00,-0.011319286258098672
2026-02-28 12:00:00+00:00,0.012494353234154551
2026-02-28 12:15:00+00:00,0.012284353234154551
2026-02-28 12:30:00+00:00,0.012674353234154551
2026-02-28 12:45:00+00:00,0.012714353234154551
2026-02-28 13:00:00+00:00,0.004672207600394993
2026-02-28 13:15:00+00:00,0.004692207600394993
2026-02-28 13:30:00+00:00,0.004702207600394992
2026-02-28 13:45:00+00:00,0.004712207600394992
2026-02-28 14:00:00+00:00,0.011975666391112806
2026-02-28 14:15:00+00:00,0.012045666391112807
2026-02-28 14:30:00+00:00,0.022025666391112808
2026-02-28 14:45:00+00:00,0.061305666391112804
2026-02-28 15:00:00+00:00,0.03379840035651517
2026-02-28 15:15:00+00:00,0.05824840035651517
2026-02-28 15:30:00+00:00,0.08016840035651517
2026-02-28 15:45:00+00:00,0.08972840035651516
2026-02-28 16:00:00+00:00,0.08447988455051354
2026-02-28 16:15:00+00:00,0.09252988455051353
2026-02-28 16:30:00+00:00,0.10601988455051353
2026-02-28 16:45:00+00:00,0.11442988455051353
2026-02-28 17:00:00+00:00,0.08951378652897288
2026-02-28 17:15:00+00:00,0.08862378652897289
2026-02-28 17:30:00+00:00,0.08866378652897298
2026-02-28 17:45:00+00:00,0.08318378652897299
2026-02-28 18:00:00+00:00,0.13322061882965863
2026-02-28 18:15:00+00:00,0.12868061882965862
2026-02-28 18:30:00+00:00,0.12609061882965863
2026-02-28 18:45:00+00:00,0.11656061882965862
2026-02-28 19:00:00+00:00,0.054559773474108675
2026-02-28 19:15:00+00:00,0.04545977347410868
2026-02-28 19:30:00+00:00,0.032629773474108684
2026-02-28 19:45:00+00:00,0.028579773474108675
2026-02-28 20:00:00+00:00,0.09107932533875045
2026-02-28 20:15:00+00:00,0.09209932533875045
2026-02-28 20:30:00+00:00,0.09047932533875044
2026-02-28 20:45:00+00:00,0.07768932533875045
2026-02-28 21:00:00+00:00,0.09791486766296978
2026-02-28 21:15:00+00:00,0.09130486766296979
2026-02-28 21:30:00+00:00,0.08936486766296978
2026-02-28 21:45:00+00:00,0.08060486766296979
2026-02-28 22:00:00+00:00,0.05706185090190826
2026-02-28 22:15:00+00:00,0.04341185090190825
2026-02-28 22:30:00+00:00,0.04366185090190825
2026-02-28 22:45:00+00:00,0.035921850901908255
2026-02-28 23:00:00+00:00,0.0886121989823527
2026-02-28 23:15:00+00:00,0.08985219898235271
2026-02-28 23:30:00+00:00,0.0869921989823527
2026-02-28 23:45:00+00:00,0.08898219898235271
2026-03-01 00:00:00+00:00,0.06729181974878129
2026-03-01 00:15:00+00:00,0.07028181974878128
2026-03-01 00:30:00+00:00,0.07106181974878129
2026-03-01 00:45:00+00:00,0.07073181974878129
2026-03-01 01:00:00+00:00,0.06953437273587224
2026-03-01 01:15:00+00:00,0.07033437273587224
2026-03-01 01:30:00+00:00,0.07335437273587224
2026-03-01 01:45:00+00:00,0.07514437273587224
2026-03-01 02:00:00+00:00,0.05385489884213378
2026-03-01 02:15:00+00:00,0.055094898842133776
2026-03-01 02:30:00+00:00,0.05861489884213378
2026-03-01 02:45:00+00:00,0.06278489884213379
2026-03-01 03:00:00+00:00,0.04908853790445835
2026-03-01 03:15:00+00:00,0.05357853790445835
2026-03-01 03:30:00+00:00,0.060388537904458243
2026-03-01 03:45:00+00:00,0.06531853790445834
2026-03-01 04:00:00+00:00,0.06015217889753864
2026-03-01 04:15:00+00:00,0.060452178897538636
2026-03-01 04:30:00+00:00,0.06128217889753863
2026-03-01 04:45:00+00:00,0.06344217889753864
2026-03-01 05:00:00+00:00,0.06744587644665444
2026-03-01 05:15:00+00:00,0.07368587644665445
2026-03-01 05:30:00+00:00,0.07592587644665445
2026-03-01 05:45:00+00:00,0.07567587644665445
2026-03-01 06:00:00+00:00,0.09421635555613371
2026-03-01 06:15:00+00:00,0.09453635555613371
2026-03-01 06:30:00+00:00,0.0930963555561337
2026-03-01 06:45:00+00:00,0.0811263555561337
2026-03-01 07:00:00+00:00,0.07022159152613701
2026-03-01 07:15:00+00:00,0.059571591526137
2026-03-01 07:30:00+00:00,0.049101591526137
2026-03-01 07:45:00+00:00,0.044571591526137
2026-03-01 08:00:00+00:00,0.029122511098072425
2026-03-01 08:15:00+00:00,0.007412511098072425
2026-03-01 08:30:00+00:00,-0.0069574889019275755
2026-03-01 08:45:00+00:00,-0.016647488901927576
2026-03-01 09:00:00+00:00,0.016018587062593827
2026-03-01 09:15:00+00:00,0.015148587062593828
2026-03-01 09:30:00+00:00,0.015088587062593828
2026-03-01 09:45:00+00:00,0.014338587062593828
2026-03-01 10:00:00+00:00,0.01693585422798589
2026-03-01 10:15:00+00:00,0.01692585422798589
2026-03-01 10:30:00+00:00,0.01691585422798589
2026-03-01 10:45:00+00:00,0.016825854227985892
2026-03-01 11:00:00+00:00,0.01192916220915723
2026-03-01 11:15:00+00:00,0.011919162209157229
2026-03-01 11:30:00+00:00,0.011779162209157229
2026-03-01 11:45:00+00:00,0.011029162209157228
2026-03-01 12:00:00+00:00,0.012688307110263959
2026-03-01 12:15:00+00:00,0.01266830711026396
2026-03-01 12:30:00+00:00,0.01269830711026396
2026-03-01 12:45:00+00:00,0.013588307110263959
2026-03-01 13:00:00+00:00,-0.005978218880307443
2026-03-01 13:15:00+00:00,-0.005038218880307443
2026-03-01 13:30:00+00:00,-0.004978218880307443
2026-03-01 13:45:00+00:00,-0.003938218880307443
2026-03-01 14:00:00+00:00,-0.01706988273501453
2026-03-01 14:15:00+00:00,-0.01694988273501453
2026-03-01 14:30:00+00:00,0.01654011726498547
2026-03-01 14:45:00+00:00,0.053010117264985473
2026-03-01 15:00:00+00:00,0.021357219734409485
2026-03-01 15:15:00+00:00,0.046447219734409476
2026-03-01 15:30:00+00:00,0.07870721973440947
2026-03-01 15:45:00+00:00,0.08903721973440948
2026-03-01 16:00:00+00:00,0.06195887900056911
2026-03-01 16:15:00+00:00,0.06997887900056911
2026-03-01 16:30:00+00:00,0.07994887900056911
2026-03-01 16:45:00+00:00,0.08294887900056912
2026-03-01 17:00:00+00:00,0.11240385595055635
2026-03-01 17:15:00+00:00,0.11419385595055635
2026-03-01 17:30:00+00:00,0.11741385595055635
2026-03-01 17:45:00+00:00,0.11421385595055636
2026-03-01 18:00:00+00:00,0.10310665494662612
2026-03-01 18:15:00+00:00,0.10187665494662612
2026-03-01 18:30:00+00:00,0.09850665494662612
2026-03-01 18:45:00+00:00,0.09711665494662612
2026-03-01 19:00:00+00:00,0.08795536479981939
2026-03-01 19:15:00+00:00,0.0868753647998193
2026-03-01 19:30:00+00:00,0.0809253647998194
2026-03-01 19:45:00+00:00,0.0748453647998194
2026-03-01 20:00:00+00:00,0.03246143696604563
2026-03-01 20:15:00+00:00,0.027861436966045636
2026-03-01 20:30:00+00:00,0.025951436966045627
2026-03-01 20:45:00+00:00,0.02175143696604563
2026-03-01 21:00:00+00:00,0.05819093517734019
2026-03-01 21:15:00+00:00,0.05490093517734019
2026-03-01 21:30:00+00:00,0.050720935177340186
2026-03-01 21:45:00+00:00,0.043170935177340185
2026-03-01 22:00:00+00:00,0.0944750932056456
2026-03-01 22:15:00+00:00,0.0914250932056456
2026-03-01 22:30:00+00:00,0.0893550932056456
2026-03-01 22:45:00+00:00,0.0797150932056456
2026-03-01 23:00:00+00:00,0.05578770702056558
2026-03-01 23:15:00+00:00,0.05286770702056558
2026-03-01 23:30:00+00:00,0.05311770702056558
2026-03-01 23:45:00+00:00,0.049897707020565576
2026-03-02 00:00:00+00:00,0.07162575826566044
2026-03-02 00:15:00+00:00,0.07166575826566043
2026-03-02 00:30:00+00:00,0.07452575826566044
2026-03-02 00:45:00+00:00,0.07646575826566043
2026-03-02 01:00:00+00:00,0.04410659415750309
2026-03-02 01:15:00+00:00,0.04275659415750309
2026-03-02 01:30:00+00:00,0.0438065941575031
2026-03-02 01:45:00+00:00,0.04314659415750309
2026-03-02 02:00:00+00:00,0.09615575914878524
2026-03-02 02:15:00+00:00,0.09462575914878524
2026-03-02 02:30:00+00:00,0.09457575914878524
2026-03-02 02:45:00+00:00,0.09865575914878524
2026-03-02 03:00:00+00:00,0.0656435372050401
2026-03-02 03:15:00+00:00,0.0677835372050401
2026-03-02 03:30:00+00:00,0.07343353720504009
2026-03-02 03:45:00+00:00,0.07867353720504
2026-03-02 04:00:00+00:00,0.08172940074175822
2026-03-02 04:15:00+00:00,0.08598940074175822
2026-03-02 04:30:00+00:00,0.09256940074175822
2026-03-02 04:45:00+00:00,0.10114940074175813
2026-03-02 05:00:00+00:00,0.12988546960457342
2026-03-02 05:15:00+00:00,0.13533546960457343
2026-03-02 05:30:00+00:00,0.1505354696045733
2026-03-02 05:45:00+00:00,0.15585546960457342
2026-03-02 06:00:00+00:00,0.15326410822387587
2026-03-02 06:15:00+00:00,0.19239410822387587
2026-03-02 06:30:00+00:00,0.16988410822387587
2026-03-02 06:45:00+00:00,0.15052410822387585
2026-03-02 07:00:00+00:00,0.17536695346822984
2026-03-02 07:15:00+00:00,0.11753695346822986
2026-03-02 07:30:00+00:00,0.10335695346822986
2026-03-02 07:45:00+00:00,0.08065695346822986
2026-03-02 08:00:00+00:00,0.10300976633736426
2026-03-02 08:15:00+00:00,0.08859976633736427
2026-03-02 08:30:00+00:00,0.07429976633736426
2026-03-02 08:45:00+00:00,0.048339766337364275
2026-03-02 09:00:00+00:00,0.07786821316305374
2026-03-02 09:15:00+00:00,0.06900821316305375
2026-03-02 09:30:00+00:00,0.06249821316305375
2026-03-02 09:45:00+00:00,0.04629821316305375
2026-03-02 10:00:00+00:00,0.08868921937977813
2026-03-02 10:15:00+00:00,0.07567921937977812
2026-03-02 10:30:00+00:00,0.05791921937977802
2026-03-02 10:45:00+00:00,0.029439219379778125
2026-03-02 11:00:00+00:00,0.03994653974437215
2026-03-02 11:15:00+00:00,0.03305653974437215
2026-03-02 11:30:00+00:00,0.020926539744372145
2026-03-02 11:45:00+00:00,0.014606539744372147
2026-03-02 12:00:00+00:00,0.011207513583985626
2026-03-02 12:15:00+00:00,0.024157513583985622
2026-03-02 12:30:00+00:00,0.03885751358398563
2026-03-02 12:45:00+00:00,0.05773751358398563
2026-03-02 13:00:00+00:00,0.04184899240458528
2026-03-02 13:15:00+00:00,0.09395899240458529
2026-03-02 13:30:00+00:00,0.11018899240458528
2026-03-02 13:45:00+00:00,0.11795899240458528
2026-03-02 14:00:00+00:00,0.0660614292859323
2026-03-02 14:15:00+00:00,0.0728514292859323
2026-03-02 14:30:00+00:00,0.0852514292859323
2026-03-02 14:45:00+00:00,0.1073914292859323
2026-03-02 15:00:00+00:00,0.11714422377971381
2026-03-02 15:15:00+00:00,0.1404842237797138
2026-03-02 15:30:00+00:00,0.15675422377971382
2026-03-02 15:45:00+00:00,0.1912442237797138
2026-03-02 16:00:00+00:00,0.10803736596844132
2026-03-02 16:15:00+00:00,0.12266736596844131
2026-03-02 16:30:00+00:00,0.17593736596844134
2026-03-02 16:45:00+00:00,0.2940273659684413
2026-03-02 17:00:00+00:00,0.26496466200505964
2026-03-02 17:15:00+00:00,0.25511466200505967
2026-03-02 17:30:00+00:00,0.19098466200505965
2026-03-02 17:45:00+00:00,0.17213466200505967
2026-03-02 18:00:00+00:00,0.220575631613825
2026-03-02 18:15:00+00:00,0.143695631613825
2026-03-02 18:30:00+00:00,0.12480563161382499
2026-03-02 18:45:00+00:00,0.111625631613825
2026-03-02 19:00:00+00:00,0.13720409660026742
2026-03-02 19:15:00+00:00,0.12827409660026742
2026-03-02 19:30:00+00:00,0.11867409660026741
2026-03-02 19:45:00+00:00,0.1173640966002674
2026-03-02 20:00:00+00:00,0.08988550063279206
2026-03-02 20:15:00+00:00,0.08567550063279206
2026-03-02 20:30:00+00:00,0.08149550063279207
2026-03-02 20:45:00+00:00,0.07555550063279207
2026-03-02 21:00:00+00:00,0.08931244375161178
2026-03-02 21:15:00+00:00,0.08352244375161168
2026-03-02 21:30:00+00:00,0.07830244375161168
2026-03-02 21:45:00+00:00,0.07331244375161178
2026-03-02 22:00:00+00:00,0.10244695182930018
2026-03-02 22:15:00+00:00,0.09706695182930018
2026-03-02 22:30:00+00:00,0.09570695182930018
2026-03-02 22:45:00+00:00,0.09414695182930018
2026-03-02 23:00:00+00:00,0.11144435381945571
2026-03-02 23:15:00+00:00,0.10811435381945571
2026-03-02 23:30:00+00:00,0.1056143538194557
2026-03-02 23:45:00+00:00,0.1037343538194557
2026-03-03 00:00:00+00:00,0.09058970051835188
2026-03-03 00:15:00+00:00,0.09014970051835189
2026-03-03 00:30:00+00:00,0.09156970051835188
2026-03-03 00:45:00+00:00,0.09113970051835188
2026-03-03 01:00:00+00:00,0.0659729284840773
2026-03-03 01:15:00+00:00,0.06518292848407731
2026-03-03 01:30:00+00:00,0.06635292848407731
2026-03-03 01:45:00+00:00,0.06564292848407731
2026-03-03 02:00:00+00:00,0.06792568184922924
2026-03-03 02:15:00+00:00,0.06516568184922925
2026-03-03 02:30:00+00:00,0.06926568184922924
2026-03-03 02:45:00+00:00,0.06892568184922925
2026-03-03 03:00:00+00:00,0.06867681904791742
2026-03-03 03:15:00+00:00,0.06885681904791742
2026-03-03 03:30:00+00:00,0.06947681904791742
2026-03-03 03:45:00+00:00,0.07098681904791732
2026-03-03 04:00:00+00:00,0.06032050157819258
2026-03-03 04:15:00+00:00,0.06647050157819259
2026-03-03 04:30:00+00:00,0.07313050157819259
2026-03-03 04:45:00+00:00,0.08344050157819258
2026-03-03 05:00:00+00:00,0.1135917589236646
2026-03-03 05:15:00+00:00,0.1239417589236646
2026-03-03 05:30:00+00:00,0.13270175892366462
2026-03-03 05:45:00+00:00,0.18200175892366463
2026-03-03 06:00:00+00:00,0.1889723269708456
2026-03-03 06:15:00+00:00,0.1841923269708456
2026-03-03 06:30:00+00:00,0.1815123269708456
2026-03-03 06:45:00+00:00,0.15360232697084558
2026-03-03 07:00:00+00:00,0.1936634891495971
2026-03-03 07:15:00+00:00,0.1407934891495971
2026-03-03 07:30:00+00:00,0.12024348914959712
2026-03-03 07:45:00+00:00,0.09143348914959712
2026-03-03 08:00:00+00:00,0.08746559227441464
2026-03-03 08:15:00+00:00,0.05774559227441462
2026-03-03 08:30:00+00:00,0.047905592274414634
2026-03-03 08:45:00+00:00,0.03882559227441463
2026-03-03 09:00:00+00:00,0.09125483674987736
2026-03-03 09:15:00+00:00,0.08368483674987737
2026-03-03 09:30:00+00:00,0.07595483674987727
2026-03-03 09:45:00+00:00,0.047764836749877373
2026-03-03 10:00:00+00:00,0.08005861982009957
2026-03-03 10:15:00+00:00,0.06331861982009956
2026-03-03 10:30:00+00:00,0.041248619820099565
2026-03-03 10:45:00+00:00,0.027098619820099562
2026-03-03 11:00:00+00:00,0.08555331548848535
2026-03-03 11:15:00+00:00,0.07350331548848535
2026-03-03 11:30:00+00:00,0.06438331548848536
2026-03-03 11:45:00+00:00,0.06007331548848535
2026-03-03 12:00:00+00:00,-0.0041544492426190405
2026-03-03 12:15:00+00:00,-0.003074449242619043
2026-03-03 12:30:00+00:00,0.013205550757380856
2026-03-03 12:45:00+00:00,0.029575550757380956
2026-03-03 13:00:00+00:00,0.025841422359355132
2026-03-03 13:15:00+00:00,0.04595142235935513
2026-03-03 13:30:00+00:00,0.07100142235935512
2026-03-03 13:45:00+00:00,0.08507142235935512
2026-03-03 14:00:00+00:00,0.09332450459745023
2026-03-03 14:15:00+00:00,0.11150450459745023
2026-03-03 14:30:00+00:00,0.12316450459745024
2026-03-03 14:45:00+00:00,0.14445450459745024
2026-03-03 15:00:00+00:00,0.09008820999840805
2026-03-03 15:15:00+00:00,0.10632820999840814
2026-03-03 15:30:00+00:00,0.12405820999840815
2026-03-03 15:45:00+00:00,0.16931820999840816
2026-03-03 16:00:00+00:00,0.1039606999309007
2026-03-03 16:15:00+00:00,0.1270806999309007
2026-03-03 16:30:00+00:00,0.1880706999309007
2026-03-03 16:45:00+00:00,0.2567506999309007
2026-03-03 17:00:00+00:00,0.19840545286474834
2026-03-03 17:15:00+00:00,0.20552545286474833
2026-03-03 17:30:00+00:00,0.22141545286474834
2026-03-03 17:45:00+00:00,0.20010545286474835
2026-03-03 18:00:00+00:00,0.2361026083848226
2026-03-03 18:15:00+00:00,0.18633260838482263
2026-03-03 18:30:00+00:00,0.1637526083848226
2026-03-03 18:45:00+00:00,0.13154260838482262
2026-03-03 19:00:00+00:00,0.16657832968686123
2026-03-03 19:15:00+00:00,0.1525983296868612
2026-03-03 19:30:00+00:00,0.1369983296868612
2026-03-03 19:45:00+00:00,0.12787832968686122
2026-03-03 20:00:00+00:00,0.11061594438342265
2026-03-03 20:15:00+00:00,0.10485594438342266
2026-03-03 20:30:00+00:00,0.10088594438342266
2026-03-03 20:45:00+00:00,0.08886594438342266
2026-03-03 21:00:00+00:00,0.13849404925132963
2026-03-03 21:15:00+00:00,0.12858404925132963
2026-03-03 21:30:00+00:00,0.12423404925132964
2026-03-03 21:45:00+00:00,0.11850404925132964
2026-03-03 22:00:00+00:00,0.08683150291703778
2026-03-03 22:15:00+00:00,0.07929150291703778
2026-03-03 22:30:00+00:00,0.07898150291703777
2026-03-03 22:45:00+00:00,0.07276150291703777
2026-03-03 23:00:00+00:00,0.14597365786006083
2026-03-03 23:15:00+00:00,0.13833365786006083
2026-03-03 23:30:00+00:00,0.13259365786006083
2026-03-03 23:45:00+00:00,0.12327365786006084
2026-03-04 00:00:00+00:00,0.13886430878549985
2026-03-04 00:15:00+00:00,0.13071430878549983
2026-03-04 00:30:00+00:00,0.12841430878549984
2026-03-04 00:45:00+00:00,0.12643430878549983
2026-03-04 01:00:00+00:00,0.11578580902118255
2026-03-04 01:15:00+00:00,0.11446580902118256
2026-03-04 01:30:00+00:00,0.11365580902118254
2026-03-04 01:45:00+00:00,0.11208580902118255
2026-03-04 02:00:00+00:00,0.12439316522590206
2026-03-04 02:15:00+00:00,0.12431316522590205
2026-03-04 02:30:00+00:00,0.12425316522590206
2026-03-04 02:45:00+00:00,0.12431316522590205
2026-03-04 03:00:00+00:00,0.11330102118320468
2026-03-04 03:15:00+00:00,0.11364102118320467
2026-03-04 03:30:00+00:00,0.11910102118320466
2026-03-04 03:45:00+00:00,0.12101102118320457
2026-03-04 04:00:00+00:00,0.104587826373267
2026-03-04 04:15:00+00:00,0.112247826373267
2026-03-04 04:30:00+00:00,0.120527826373267
2026-03-04 04:45:00+00:00,0.14850782637326698
2026-03-04 05:00:00+00:00,0.13053244073204687
2026-03-04 05:15:00+00:00,0.14507244073204675
2026-03-04 05:30:00+00:00,0.20478244073204685
2026-03-04 05:45:00+00:00,0.2948124407320469
2026-03-04 06:00:00+00:00,0.31057455727003747
2026-03-04 06:15:00+00:00,0.31489455727003746
2026-03-04 06:30:00+00:00,0.20585455727003735
2026-03-04 06:45:00+00:00,0.15747455727003745
2026-03-04 07:00:00+00:00,0.3001513015201794
2026-03-04 07:15:00+00:00,0.2104313015201794
2026-03-04 07:30:00+00:00,0.1576013015201794
2026-03-04 07:45:00+00:00,0.1289313015201794
2026-03-04 08:00:00+00:00,0.19015754203920376
2026-03-04 08:15:00+00:00,0.12751754203920376
2026-03-04 08:30:00+00:00,0.11308754203920376
2026-03-04 08:45:00+00:00,0.08774754203920376
2026-03-04 09:00:00+00:00,0.1508923530806293
2026-03-04 09:15:00+00:00,0.1301123530806293
2026-03-04 09:30:00+00:00,0.11798235308062929
2026-03-04 09:45:00+00:00,0.0950123530806293
2026-03-04 10:00:00+00:00,0.08077069502961767
2026-03-04 10:15:00+00:00,0.05929069502961768
2026-03-04 10:30:00+00:00,0.05577069502961767
2026-03-04 10:45:00+00:00,0.030520695029617677
2026-03-04 11:00:00+00:00,0.05956450966230268
2026-03-04 11:15:00+00:00,0.029584509662302673
2026-03-04 11:30:00+00:00,0.024494509662302676
2026-03-04 11:45:00+00:00,0.014714509662302675
2026-03-04 12:00:00+00:00,0.020273109513692673
2026-03-04 12:15:00+00:00,0.015443109513692672
2026-03-04 12:30:00+00:00,0.021913109513692675
2026-03-04 12:45:00+00:00,0.028363109513692673
2026-03-04 13:00:00+00:00,0.0507191528953449
2026-03-04 13:15:00+00:00,0.08253915289534489
2026-03-04 13:30:00+00:00,0.1042491528953449
2026-03-04 13:45:00+00:00,0.12150915289534489
2026-03-04 14:00:00+00:00,0.07723897350336602
2026-03-04 14:15:00+00:00,0.09912897350336602
2026-03-04 14:30:00+00:00,0.10780897350336602
2026-03-04 14:45:00+00:00,0.13654897350336592
2026-03-04 15:00:00+00:00,0.08947945820645559
2026-03-04 15:15:00+00:00,0.11134945820645559
2026-03-04 15:30:00+00:00,0.1337394582064556
2026-03-04 15:45:00+00:00,0.19870945820645558
2026-03-04 16:00:00+00:00,0.13987381232197463
2026-03-04 16:15:00+00:00,0.18307381232197464
2026-03-04 16:30:00+00:00,0.2522438123219746
2026-03-04 16:45:00+00:00,0.4385238123219747
2026-03-04 17:00:00+00:00,0.24460100569768878
2026-03-04 17:15:00+00:00,0.29847100569768875
2026-03-04 17:30:00+00:00,0.3049310056976888
2026-03-04 17:45:00+00:00,0.24056100569768873
2026-03-04 18:00:00+00:00,0.327847433904332
2026-03-04 18:15:00+00:00,0.22930743390433203
2026-03-04 18:30:00+00:00,0.21329743390433203
2026-03-04 18:45:00+00:00,0.18488743390433204
2026-03-04 19:00:00+00:00,0.23404369255432178
2026-03-04 19:15:00+00:00,0.20870369255432178
2026-03-04 19:30:00+00:00,0.19599369255432178
2026-03-04 19:45:00+00:00,0.1875136925543218
2026-03-04 20:00:00+00:00,0.17407182528345339
2026-03-04 20:15:00+00:00,0.1608218252834534
2026-03-04 20:30:00+00:00,0.1494718252834534
2026-03-04 20:45:00+00:00,0.1328718252834534
2026-03-04 21:00:00+00:00,0.15828788304847985
2026-03-04 21:15:00+00:00,0.15072788304847995
2026-03-04 21:30:00+00:00,0.14037788304847995
2026-03-04 21:45:00+00:00,0.12455788304847995
2026-03-04 22:00:00+00:00,0.15007168597361123
2026-03-04 22:15:00+00:00,0.1419716859736112
2026-03-04 22:30:00+00:00,0.1292016859736112
2026-03-04 22:45:00+00:00,0.11827168597361121
2026-03-04 23:00:00+00:00,0.1484664636716492
2026-03-04 23:15:00+00:00,0.1310664636716492
2026-03-04 23:30:00+00:00,0.1266964636716491
2026-03-04 23:45:00+00:00,0.1255364636716492
2026-03-05 00:00:00+00:00,0.07508717996600217
2026-03-05 00:15:00+00:00,0.07322717996600217
2026-03-05 00:30:00+00:00,0.07249717996600219
2026-03-05 00:45:00+00:00,0.07210717996600219
2026-03-05 01:00:00+00:00,0.07859778187921981
2026-03-05 01:15:00+00:00,0.07852778187921983
2026-03-05 01:30:00+00:00,0.07834778187921981
2026-03-05 01:45:00+00:00,0.07792778187921984
2026-03-05 02:00:00+00:00,0.11265403610078993
2026-03-05 02:15:00+00:00,0.11236403610078993
2026-03-05 02:30:00+00:00,0.11267403610078994
2026-03-05 02:45:00+00:00,0.11290403610078993
2026-03-05 03:00:00+00:00,0.09655436880712776
2026-03-05 03:15:00+00:00,0.09709436880712775
2026-03-05 03:30:00+00:00,0.09681436880712777
2026-03-05 03:45:00+00:00,0.10124436880712775
2026-03-05 04:00:00+00:00,0.13270805008700667
2026-03-05 04:15:00+00:00,0.13622805008700667
2026-03-05 04:30:00+00:00,0.16181805008700667
2026-03-05 04:45:00+00:00,0.17340805008700666
2026-03-05 05:00:00+00:00,0.12193877006237007
2026-03-05 05:15:00+00:00,0.14845877006237004
2026-03-05 05:30:00+00:00,0.16084877006236994
2026-03-05 05:45:00+00:00,0.16313877006237004
2026-03-05 06:00:00+00:00,0.16955360831504435
2026-03-05 06:15:00+00:00,0.15503360831504434
2026-03-05 06:30:00+00:00,0.12445360831504435
2026-03-05 06:45:00+00:00,0.11095360831504433
2026-03-05 07:00:00+00:00,0.1531306444932516
2026-03-05 07:15:00+00:00,0.12664064449325158
2026-03-05 07:30:00+00:00,0.10721064449325157
2026-03-05 07:45:00+00:00,0.07714064449325159
2026-03-05 08:00:00+00:00,0.07864557100224176
2026-03-05 08:15:00+00:00,0.04858557100224187
2026-03-05 08:30:00+00:00,0.038715571002241864
2026-03-05 08:45:00+00:00,0.02032557100224186
2026-03-05 09:00:00+00:00,0.09010801714799777
2026-03-05 09:15:00+00:00,0.06669801714799777
2026-03-05 09:30:00+00:00,0.05564801714799777
2026-03-05 09:45:00+00:00,0.02691801714799777
2026-03-05 10:00:00+00:00,0.05331850112001459
2026-03-05 10:15:00+00:00,0.022128501120014594
2026-03-05 10:30:00+00:00,0.005988501120014592
2026-03-05 10:45:00+00:00,-0.0034614988799854074
2026-03-05 11:00:00+00:00,0.000690631678253938
2026-03-05 11:15:00+00:00,-0.007799368321746061
2026-03-05 11:30:00+00:00,-0.007799368321746061
2026-03-05 11:45:00+00:00,-0.007799368321746061
2026-03-05 12:00:00+00:00,0.019824061822363733
2026-03-05 12:15:00+00:00,0.019824061822363733
2026-03-05 12:30:00+00:00,0.021104061822363733
2026-03-05 12:45:00+00:00,0.02984406182236373
2026-03-05 13:00:00+00:00,0.03210242371471385
2026-03-05 13:15:00+00:00,0.05431242371471385
2026-03-05 13:30:00+00:00,0.06188242371471385
2026-03-05 13:45:00+00:00,0.09513242371471384
2026-03-05 14:00:00+00:00,0.05529916649945822
2026-03-05 14:15:00+00:00,0.08339916649945821
2026-03-05 14:30:00+00:00,0.09351916649945821
2026-03-05 14:45:00+00:00,0.11526916649945822
2026-03-05 15:00:00+00:00,0.051075677620053314
2026-03-05 15:15:00+00:00,0.0811656776200533
2026-03-05 15:30:00+00:00,0.1053056776200533
2026-03-05 15:45:00+00:00,0.15655567762005332
2026-03-05 16:00:00+00:00,0.1392323542128411
2026-03-05 16:15:00+00:00,0.1696223542128411
2026-03-05 16:30:00+00:00,0.2017023542128411
2026-03-05 16:45:00+00:00,0.2563123542128411
2026-03-05 17:00:00+00:00,0.24029456891398793
2026-03-05 17:15:00+00:00,0.21247456891398794
2026-03-05 17:30:00+00:00,0.18713456891398794
2026-03-05 17:45:00+00:00,0.16899456891398792
2026-03-05 18:00:00+00:00,0.20483497245031784
2026-03-05 18:15:00+00:00,0.17154497245031786
2026-03-05 18:30:00+00:00,0.15857497245031785
2026-03-05 18:45:00+00:00,0.14778497245031785
2026-03-05 19:00:00+00:00,0.16707438061525434
2026-03-05 19:15:00+00:00,0.15395438061525424
2026-03-05 19:30:00+00:00,0.14985438061525433
2026-03-05 19:45:00+00:00,0.14223438061525434
2026-03-05 20:00:00+00:00,0.12449665137489671
2026-03-05 20:15:00+00:00,0.1166866513748967
2026-03-05 20:30:00+00:00,0.1052766513748967
2026-03-05 20:45:00+00:00,0.0902866513748967
2026-03-05 21:00:00+00:00,0.1734902462103193
2026-03-05 21:15:00+00:00,0.1672502462103193
2026-03-05 21:30:00+00:00,0.1651802462103193
2026-03-05 21:45:00+00:00,0.1622902462103193
2026-03-05 22:00:00+00:00,0.11105081785416755
2026-03-05 22:15:00+00:00,0.10416081785416756
2026-03-05 22:30:00+00:00,0.10070081785416757
2026-03-05 22:45:00+00:00,0.09237081785416756
2026-03-05 23:00:00+00:00,0.11696673481479387
2026-03-05 23:15:00+00:00,0.11825673481479387
2026-03-05 23:30:00+00:00,0.11820673481479388
2026-03-05 23:45:00+00:00,0.11813673481479388
2026-03-06 00:00:00+00:00,0.07522551868209838
2026-03-06 00:15:00+00:00,0.07484551868209838
2026-03-06 00:30:00+00:00,0.07591551868209838
2026-03-06 00:45:00+00:00,0.07399551868209837
2026-03-06 01:00:00+00:00,0.09228667998500698
2026-03-06 01:15:00+00:00,0.09094667998500708
2026-03-06 01:30:00+00:00,0.09147667998500708
2026-03-06 01:45:00+00:00,0.09100667998500708
2026-03-06 02:00:00+00:00,0.13669279528167613
2026-03-06 02:15:00+00:00,0.13676279528167615
2026-03-06 02:30:00+00:00,0.13740279528167615
2026-03-06 02:45:00+00:00,0.13869279528167613
2026-03-06 03:00:00+00:00,0.10594604809853002
2026-03-06 03:15:00+00:00,0.10517604809853012
2026-03-06 03:30:00+00:00,0.11320604809853012
2026-03-06 03:45:00+00:00,0.11849604809853012
2026-03-06 04:00:00+00:00,0.12965331276982425
2026-03-06 04:15:00+00:00,0.13701331276982426
2026-03-06 04:30:00+00:00,0.14859331276982427
2026-03-06 04:45:00+00:00,0.16510331276982426
2026-03-06 05:00:00+00:00,0.13078398047897663
2026-03-06 05:15:00+00:00,0.15171398047897663
2026-03-06 05:30:00+00:00,0.16627398047897654
2026-03-06 05:45:00+00:00,0.19778398047897663
2026-03-06 06:00:00+00:00,0.2125814270107797
2026-03-06 06:15:00+00:00,0.1932014270107797
2026-03-06 06:30:00+00:00,0.1660914270107797
2026-03-06 06:45:00+00:00,0.1285114270107797
2026-03-06 07:00:00+00:00,0.20943031925713523
2026-03-06 07:15:00+00:00,0.17400031925713522
2026-03-06 07:30:00+00:00,0.1464603192571352
2026-03-06 07:45:00+00:00,0.12350031925713523
2026-03-06 08:00:00+00:00,0.13918146879215818
2026-03-06 08:15:00+00:00,0.10425146879215819
2026-03-06 08:30:00+00:00,0.09882146879215818
2026-03-06 08:45:00+00:00,0.08820146879215818
2026-03-06 09:00:00+00:00,0.07925949931669385
2026-03-06 09:15:00+00:00,0.06796949931669385
2026-03-06 09:30:00+00:00,0.06341949931669386
2026-03-06 09:45:00+00:00,0.044469499316693854
2026-03-06 10:00:00+00:00,0.07255071683200733
2026-03-06 10:15:00+00:00,0.05504071683200733
2026-03-06 10:30:00+00:00,0.04844071683200733
2026-03-06 10:45:00+00:00,0.031780716832007325
2026-03-06 11:00:00+00:00,0.07325797404571388
2026-03-06 11:15:00+00:00,0.05951797404571388
2026-03-06 11:30:00+00:00,0.06148797404571388
2026-03-06 11:45:00+00:00,0.056807974045713874
2026-03-06 12:00:00+00:00,0.05551735499735858
2026-03-06 12:15:00+00:00,0.05458735499735858
2026-03-06 12:30:00+00:00,0.05395735499735848
2026-03-06 12:45:00+00:00,0.05961735499735858
2026-03-06 13:00:00+00:00,0.01691579925266658
2026-03-06 13:15:00+00:00,0.03570579925266658
2026-03-06 13:30:00+00:00,0.055795799252666575
2026-03-06 13:45:00+00:00,0.07215579925266657
2026-03-06 14:00:00+00:00,0.07195043482554946
2026-03-06 14:15:00+00:00,0.09070043482554946
2026-03-06 14:30:00+00:00,0.09169043482554945
2026-03-06 14:45:00+00:00,0.12069043482554946
2026-03-06 15:00:00+00:00,0.08017105381346064
2026-03-06 15:15:00+00:00,0.10991105381346064
2026-03-06 15:30:00+00:00,0.12818105381346062
2026-03-06 15:45:00+00:00,0.16057105381346062
2026-03-06 16:00:00+00:00,0.10876461155902124
2026-03-06 16:15:00+00:00,0.14795461155902123
2026-03-06 16:30:00+00:00,0.18397461155902123
2026-03-06 16:45:00+00:00,0.24219461155902122
2026-03-06 17:00:00+00:00,0.2028680220804015
2026-03-06 17:15:00+00:00,0.2196580220804015
2026-03-06 17:30:00+00:00,0.2047380220804015
2026-03-06 17:45:00+00:00,0.1898180220804014
2026-03-06 18:00:00+00:00,0.2265638792171266
2026-03-06 18:15:00+00:00,0.1728338792171266
2026-03-06 18:30:00+00:00,0.1588638792171266
2026-03-06 18:45:00+00:00,0.1546138792171266
2026-03-06 19:00:00+00:00,0.15637201230010256
2026-03-06 19:15:00+00:00,0.14666201230010256
2026-03-06 19:30:00+00:00,0.14004201230010258
2026-03-06 19:45:00+00:00,0.11581201230010246
2026-03-06 20:00:00+00:00,0.16456668013393344
2026-03-06 20:15:00+00:00,0.15616668013393345
2026-03-06 20:30:00+00:00,0.14230668013393344
2026-03-06 20:45:00+00:00,0.13043668013393345
2026-03-06 21:00:00+00:00,0.15072734871157364
2026-03-06 21:15:00+00:00,0.14201734871157365
2026-03-06 21:30:00+00:00,0.14169734871157363
2026-03-06 21:45:00+00:00,0.13400734871157363
2026-03-06 22:00:00+00:00,0.1337507788538561
2026-03-06 22:15:00+00:00,0.12427077885385612
2026-03-06 22:30:00+00:00,0.12221077885385612
2026-03-06 22:45:00+00:00,0.11335077885385611
2026-03-06 23:00:00+00:00,0.13410639248793116
2026-03-06 23:15:00+00:00,0.12951639248793118
2026-03-06 23:30:00+00:00,0.12557639248793118
2026-03-06 23:45:00+00:00,0.12263639248793116
2026-03-07 00:00:00+00:00,0.14018106507028788
2026-03-07 00:15:00+00:00,0.13485106507028788
2026-03-07 00:30:00+00:00,0.13076106507028787
2026-03-07 00:45:00+00:00,0.12720106507028786
2026-03-07 01:00:00+00:00,0.11475569013097081
2026-03-07 01:15:00+00:00,0.11065569013097082
2026-03-07 01:30:00+00:00,0.10914569013097082
2026-03-07 01:45:00+00:00,0.10811569013097082
2026-03-07 02:00:00+00:00,0.10541732245757274
2026-03-07 02:15:00+00:00,0.10370732245757275
2026-03-07 02:30:00+00:00,0.10224732245757275
2026-03-07 02:45:00+00:00,0.10189732245757274
2026-03-07 03:00:00+00:00,0.10569373204209855
2026-03-07 03:15:00+00:00,0.10685373204209855
2026-03-07 03:30:00+00:00,0.10722373204209855
2026-03-07 03:45:00+00:00,0.11011373204209855
2026-03-07 04:00:00+00:00,0.11310550847411198
2026-03-07 04:15:00+00:00,0.11726550847411207
2026-03-07 04:30:00+00:00,0.11823550847411207
2026-03-07 04:45:00+00:00,0.12303550847411207
2026-03-07 05:00:00+00:00,0.11005153614873718
2026-03-07 05:15:00+00:00,0.1174515361487372
2026-03-07 05:30:00+00:00,0.1199515361487372
2026-03-07 05:45:00+00:00,0.10951153614873708
2026-03-07 06:00:00+00:00,0.14923779324794065
2026-03-07 06:15:00+00:00,0.13897779324794066
2026-03-07 06:30:00+00:00,0.13227779324794064
2026-03-07 06:45:00+00:00,0.10964779324794063
2026-03-07 07:00:00+00:00,0.14938829519020555
2026-03-07 07:15:00+00:00,0.13951829519020556
2026-03-07 07:30:00+00:00,0.11838829519020556
2026-03-07 07:45:00+00:00,0.09794829519020556
2026-03-07 08:00:00+00:00,0.09986756964869023
2026-03-07 08:15:00+00:00,0.07915756964869022
2026-03-07 08:30:00+00:00,0.06607756964869012
2026-03-07 08:45:00+00:00,0.04939756964869023
2026-03-07 09:00:00+00:00,0.10288173213737749
2026-03-07 09:15:00+00:00,0.08424173213737748
2026-03-07 09:30:00+00:00,0.07424173213737749
2026-03-07 09:45:00+00:00,0.038261732137377484
2026-03-07 10:00:00+00:00,0.05249874917893331
2026-03-07 10:15:00+00:00,0.023648749178933313
2026-03-07 10:30:00+00:00,0.015708749178933314
2026-03-07 10:45:00+00:00,0.014148749178933315
2026-03-07 11:00:00+00:00,0.02478511430849955
2026-03-07 11:15:00+00:00,0.02094511430849955
2026-03-07 11:30:00+00:00,0.01720511430849955
2026-03-07 11:45:00+00:00,0.014285114308499549
2026-03-07 12:00:00+00:00,0.004802254219878594
2026-03-07 12:15:00+00:00,0.00031225421987859437
2026-03-07 12:30:00+00:00,-0.00023774578012140566
2026-03-07 12:45:00+00:00,-0.00015774578012140567
2026-03-07 13:00:00+00:00,-0.02392942797834239
2026-03-07 13:15:00+00:00,-0.014309427978342391
2026-03-07 13:30:00+00:00,-0.0035294279783423914
2026-03-07 13:45:00+00:00,0.007640572021657608
2026-03-07 14:00:00+00:00,0.011953995073496804
2026-03-07 14:15:00+00:00,0.053463995073496695
2026-03-07 14:30:00+00:00,0.0723739950734967
2026-03-07 14:45:00+00:00,0.10256399507349681
2026-03-07 15:00:00+00:00,0.08176064891459571
2026-03-07 15:15:00+00:00,0.1151006489145957
2026-03-07 15:30:00+00:00,0.1455206489145957
2026-03-07 15:45:00+00:00,0.16504064891459572
2026-03-07 16:00:00+00:00,0.12953352469267032
2026-03-07 16:15:00+00:00,0.15085352469267033
2026-03-07 16:30:00+00:00,0.16890352469267042
2026-03-07 16:45:00+00:00,0.21580352469267042
2026-03-07 17:00:00+00:00,0.12750500590712321
2026-03-07 17:15:00+00:00,0.1363250059071232
2026-03-07 17:30:00+00:00,0.1532650059071231
2026-03-07 17:45:00+00:00,0.1436550059071232
2026-03-07 18:00:00+00:00,0.19162261678434736
2026-03-07 18:15:00+00:00,0.17633261678434736
2026-03-07 18:30:00+00:00,0.16949261678434727
2026-03-07 18:45:00+00:00,0.15486261678434737
2026-03-07 19:00:00+00:00,0.17956892887424658
2026-03-07 19:15:00+00:00,0.17376892887424655
2026-03-07 19:30:00+00:00,0.16713892887424658
2026-03-07 19:45:00+00:00,0.15974892887424647
2026-03-07 20:00:00+00:00,0.143698197823306
2026-03-07 20:15:00+00:00,0.137168197823306
2026-03-07 20:30:00+00:00,0.132898197823306
2026-03-07 20:45:00+00:00,0.125428197823306
2026-03-07 21:00:00+00:00,0.15222979720753138
2026-03-07 21:15:00+00:00,0.1439097972075314
2026-03-07 21:30:00+00:00,0.14098979720753138
2026-03-07 21:45:00+00:00,0.14009979720753138
2026-03-07 22:00:00+00:00,0.1311813275437764
2026-03-07 22:15:00+00:00,0.11799132754377639
2026-03-07 22:30:00+00:00,0.1137013275437764
2026-03-07 22:45:00+00:00,0.1080313275437764
2026-03-07 23:00:00+00:00,0.14351668376309037
2026-03-07 23:15:00+00:00,0.13507668376309037
2026-03-07 23:30:00+00:00,0.12954668376309036
2026-03-07 23:45:00+00:00,0.12705668376309037
2026-03-08 00:00:00+00:00,0.10959622569983013
2026-03-08 00:15:00+00:00,0.10521622569983013
2026-03-08 00:30:00+00:00,0.10021622569983013
2026-03-08 00:45:00+00:00,0.09676622569983012
2026-03-08 01:00:00+00:00,0.09092343163814175
2026-03-08 01:15:00+00:00,0.09034343163814164
2026-03-08 01:30:00+00:00,0.08692343163814174
2026-03-08 01:45:00+00:00,0.08427343163814173
2026-03-08 02:00:00+00:00,0.14984302403827215
2026-03-08 02:15:00+00:00,0.14740302403827216
2026-03-08 02:30:00+00:00,0.14772302403827214
2026-03-08 02:45:00+00:00,0.14469302403827217
2026-03-08 03:00:00+00:00,0.11127102909081935
2026-03-08 03:15:00+00:00,0.11068102909081934
2026-03-08 03:30:00+00:00,0.11110102909081923
2026-03-08 03:45:00+00:00,0.11189102909081933
2026-03-08 04:00:00+00:00,0.1214698196234516
2026-03-08 04:15:00+00:00,0.1190298196234516
2026-03-08 04:30:00+00:00,0.12161981962345159
2026-03-08 04:45:00+00:00,0.1229398196234516
2026-03-08 05:00:00+00:00,0.10506456119021143
2026-03-08 05:15:00+00:00,0.10941456119021134
2026-03-08 05:30:00+00:00,0.10533456119021145
2026-03-08 05:45:00+00:00,0.10267456119021143
2026-03-08 06:00:00+00:00,0.11315225172570607
2026-03-08 06:15:00+00:00,0.1022122517257061
2026-03-08 06:30:00+00:00,0.08304225172570609
2026-03-08 06:45:00+00:00,0.06590225172570609
2026-03-08 07:00:00+00:00,0.12745578712806171
2026-03-08 07:15:00+00:00,0.10600578712806172
2026-03-08 07:30:00+00:00,0.10119578712806171
2026-03-08 07:45:00+00:00,0.08681578712806172
2026-03-08 08:00:00+00:00,0.09758424932962001
2026-03-08 08:15:00+00:00,0.08125424932962011
2026-03-08 08:30:00+00:00,0.07333424932962011
2026-03-08 08:45:00+00:00,0.057074249329620116
2026-03-08 09:00:00+00:00,0.09769509779154295
2026-03-08 09:15:00+00:00,0.09004509779154295
2026-03-08 09:30:00+00:00,0.054285097791542954
2026-03-08 09:45:00+00:00,0.03751509779154295
2026-03-08 10:00:00+00:00,0.03691525061689412
2026-03-08 10:15:00+00:00,0.028085250616894118
2026-03-08 10:30:00+00:00,0.02301525061689412
2026-03-08 10:45:00+00:00,0.017355250616894122
2026-03-08 11:00:00+00:00,0.018845510983458106
2026-03-08 11:15:00+00:00,0.015305510983458106
2026-03-08 11:30:00+00:00,0.015385510983458106
2026-03-08 11:45:00+00:00,0.007375510983458107
2026-03-08 12:00:00+00:00,0.004384214225242697
2026-03-08 12:15:00+00:00,0.004374214225242697
2026-03-08 12:30:00+00:00,0.004374214225242697
2026-03-08 12:45:00+00:00,0.004384214225242697
2026-03-08 13:00:00+00:00,0.02899099278456499
2026-03-08 13:15:00+00:00,0.02899099278456499
2026-03-08 13:30:00+00:00,0.03645099278456499
2026-03-08 13:45:00+00:00,0.047450992784564994
2026-03-08 14:00:00+00:00,-0.004046698548290876
2026-03-08 14:15:00+00:00,0.020353301451709122
2026-03-08 14:30:00+00:00,0.06612330145170912
2026-03-08 14:45:00+00:00,0.09614330145170913
2026-03-08 15:00:00+00:00,0.06951058917226781
2026-03-08 15:15:00+00:00,0.1067805891722678
2026-03-08 15:30:00+00:00,0.1347605891722678
2026-03-08 15:45:00+00:00,0.1537205891722678
2026-03-08 16:00:00+00:00,0.1416928179482811
2026-03-08 16:15:00+00:00,0.1566028179482811
2026-03-08 16:30:00+00:00,0.1671528179482811
2026-03-08 16:45:00+00:00,0.20305281794828112
2026-03-08 17:00:00+00:00,0.1781355198778371
2026-03-08 17:15:00+00:00,0.18194551987783708
2026-03-08 17:30:00+00:00,0.1798755198778371
2026-03-08 17:45:00+00:00,0.1940255198778371
2026-03-08 18:00:00+00:00,0.13407554168561478
2026-03-08 18:15:00+00:00,0.12474554168561489
2026-03-08 18:30:00+00:00,0.12901554168561488
2026-03-08 18:45:00+00:00,0.12387554168561488
2026-03-08 19:00:00+00:00,0.14435056734635754
2026-03-08 19:15:00+00:00,0.13557056734635753
2026-03-08 19:30:00+00:00,0.13004056734635755
2026-03-08 19:45:00+00:00,0.12225056734635752
2026-03-08 20:00:00+00:00,0.1629450464813385
2026-03-08 20:15:00+00:00,0.1559350464813384
2026-03-08 20:30:00+00:00,0.14933504648133852
2026-03-08 20:45:00+00:00,0.1413450464813385
2026-03-08 21:00:00+00:00,0.13932579319621935
2026-03-08 21:15:00+00:00,0.12985579319621937
2026-03-08 21:30:00+00:00,0.12698579319621936
2026-03-08 21:45:00+00:00,0.12563579319621937
2026-03-08 22:00:00+00:00,0.1229078965737979
2026-03-08 22:15:00+00:00,0.1178478965737979
2026-03-08 22:30:00+00:00,0.1173878965737979
2026-03-08 22:45:00+00:00,0.11049789657379791
2026-03-08 23:00:00+00:00,0.1175101124645893
2026-03-08 23:15:00+00:00,0.11046011246458919
2026-03-08 23:30:00+00:00,0.1087501124645893
2026-03-08 23:45:00+00:00,0.1036301124645893
2026-03-09 00:00:00+00:00,0.10450777912679324
2026-03-09 00:15:00+00:00,0.10262777912679324
2026-03-09 00:30:00+00:00,0.10162777912679324
2026-03-09 00:45:00+00:00,0.10011777912679323
2026-03-09 01:00:00+00:00,0.11417593431551398
2026-03-09 01:15:00+00:00,0.11306593431551398
2026-03-09 01:30:00+00:00,0.11516593431551397
2026-03-09 01:45:00+00:00,0.11525593431551398
2026-03-09 02:00:00+00:00,0.1053527051086683
2026-03-09 02:15:00+00:00,0.1057727051086684
2026-03-09 02:30:00+00:00,0.1057627051086684
2026-03-09 02:45:00+00:00,0.1064827051086684
2026-03-09 03:00:00+00:00,0.11221763127713079
2026-03-09 03:15:00+00:00,0.11181763127713068
2026-03-09 03:30:00+00:00,0.11533763127713079
2026-03-09 03:45:00+00:00,0.12305763127713079
2026-03-09 04:00:00+00:00,0.11435422641724838
2026-03-09 04:15:00+00:00,0.1274442264172484
2026-03-09 04:30:00+00:00,0.1437442264172484
2026-03-09 04:45:00+00:00,0.1682242264172484
2026-03-09 05:00:00+00:00,0.12846064967938514
2026-03-09 05:15:00+00:00,0.14058064967938505
2026-03-09 05:30:00+00:00,0.1668106496793852
2026-03-09 05:45:00+00:00,0.17001064967938517
2026-03-09 06:00:00+00:00,0.22809770929242287
2026-03-09 06:15:00+00:00,0.2273077092924229
2026-03-09 06:30:00+00:00,0.19024770929242288
2026-03-09 06:45:00+00:00,0.15977770929242288
2026-03-09 07:00:00+00:00,0.28106832560991807
2026-03-09 07:15:00+00:00,0.21179832560991807
2026-03-09 07:30:00+00:00,0.20036832560991807
2026-03-09 07:45:00+00:00,0.17137832560991806
2026-03-09 08:00:00+00:00,0.12739843136150367
2026-03-09 08:15:00+00:00,0.09694843136150366
2026-03-09 08:30:00+00:00,0.08363843136150367
2026-03-09 08:45:00+00:00,0.06969843136150367
2026-03-09 09:00:00+00:00,0.12205362786595507
2026-03-09 09:15:00+00:00,0.11275362786595508
2026-03-09 09:30:00+00:00,0.10031362786595507
2026-03-09 09:45:00+00:00,0.09316362786595507
2026-03-09 10:00:00+00:00,0.07642174705564564
2026-03-09 10:15:00+00:00,0.07100174705564564
2026-03-09 10:30:00+00:00,0.06467174705564564
2026-03-09 10:45:00+00:00,0.05622174705564564
2026-03-09 11:00:00+00:00,0.08019959011997105
2026-03-09 11:15:00+00:00,0.07842959011997094
2026-03-09 11:30:00+00:00,0.07785959011997105
2026-03-09 11:45:00+00:00,0.07670959011997094
2026-03-09 12:00:00+00:00,0.06476547887775685
2026-03-09 12:15:00+00:00,0.06569547887775685
2026-03-09 12:30:00+00:00,0.06922547887775686
2026-03-09 12:45:00+00:00,0.07290547887775686
2026-03-09 13:00:00+00:00,0.07994884101359803
2026-03-09 13:15:00+00:00,0.09349884101359804
2026-03-09 13:30:00+00:00,0.09856884101359793
2026-03-09 13:45:00+00:00,0.10947884101359803
2026-03-09 14:00:00+00:00,0.113189562325599
2026-03-09 14:15:00+00:00,0.123569562325599
2026-03-09 14:30:00+00:00,0.13766956232559888
2026-03-09 14:45:00+00:00,0.16393956232559898
2026-03-09 15:00:00+00:00,0.10444567730632276
2026-03-09 15:15:00+00:00,0.14079567730632275
2026-03-09 15:30:00+00:00,0.15411567730632275
2026-03-09 15:45:00+00:00,0.18853567730632276
2026-03-09 16:00:00+00:00,0.14794110349706444
2026-03-09 16:15:00+00:00,0.18262110349706442
2026-03-09 16:30:00+00:00,0.22033110349706445
2026-03-09 16:45:00+00:00,0.28041110349706444
2026-03-09 17:00:00+00:00,0.18294426611763767
2026-03-09 17:15:00+00:00,0.20557426611763768
2026-03-09 17:30:00+00:00,0.20775426611763767
2026-03-09 17:45:00+00:00,0.20731426611763767
2026-03-09 18:00:00+00:00,0.27735405898974796
2026-03-09 18:15:00+00:00,0.24731405898974798
2026-03-09 18:30:00+00:00,0.24699405898974797
2026-03-09 18:45:00+00:00,0.23485405898974798
2026-03-09 19:00:00+00:00,0.22466164866251292
2026-03-09 19:15:00+00:00,0.20207164866251293
2026-03-09 19:30:00+00:00,0.16745164866251294
2026-03-09 19:45:00+00:00,0.15694164866251292
2026-03-09 20:00:00+00:00,0.1898150314688962
2026-03-09 20:15:00+00:00,0.1770350314688961
2026-03-09 20:30:00+00:00,0.1665050314688962
2026-03-09 20:45:00+00:00,0.1544950314688962
2026-03-09 21:00:00+00:00,0.1326751682102485
2026-03-09 21:15:00+00:00,0.12227516821024852
2026-03-09 21:30:00+00:00,0.1207051682102485
2026-03-09 21:45:00+00:00,0.1077651682102485
2026-03-09 22:00:00+00:00,0.12386486563617628
2026-03-09 22:15:00+00:00,0.11911486563617628
2026-03-09 22:30:00+00:00,0.11273486563617628
2026-03-09 22:45:00+00:00,0.11400486563617628
2026-03-09 23:00:00+00:00,0.15178157009332402
2026-03-09 23:15:00+00:00,0.141801570093324
2026-03-09 23:30:00+00:00,0.138701570093324
2026-03-09 23:45:00+00:00,0.132761570093324
2026-03-10 00:00:00+00:00,0.135306934160986
2026-03-10 00:15:00+00:00,0.129676934160986
2026-03-10 00:30:00+00:00,0.128036934160986
2026-03-10 00:45:00+00:00,0.127486934160986
2026-03-10 01:00:00+00:00,0.13407129596152492
2026-03-10 01:15:00+00:00,0.1331612959615249
2026-03-10 01:30:00+00:00,0.1329912959615249
2026-03-10 01:45:00+00:00,0.1310312959615249
2026-03-10 02:00:00+00:00,0.1454776237833867
2026-03-10 02:15:00+00:00,0.1451876237833867
2026-03-10 02:30:00+00:00,0.1467376237833867
2026-03-10 02:45:00+00:00,0.1499076237833866
2026-03-10 03:00:00+00:00,0.09050463385169957
2026-03-10 03:15:00+00:00,0.09290463385169959
2026-03-10 03:30:00+00:00,0.0981846338516996
2026-03-10 03:45:00+00:00,0.10259463385169959
2026-03-10 04:00:00+00:00,0.14416361808241476
2026-03-10 04:15:00+00:00,0.15148361808241476
2026-03-10 04:30:00+00:00,0.16083361808241478
2026-03-10 04:45:00+00:00,0.17793361808241476
2026-03-10 05:00:00+00:00,0.14016217748150975
2026-03-10 05:15:00+00:00,0.16624217748150974
2026-03-10 05:30:00+00:00,0.17477217748150975
2026-03-10 05:45:00+00:00,0.19184217748150975
2026-03-10 06:00:00+00:00,0.19024557262022398
2026-03-10 06:15:00+00:00,0.19617557262022398
2026-03-10 06:30:00+00:00,0.17028557262022398
2026-03-10 06:45:00+00:00,0.14899557262022398
2026-03-10 07:00:00+00:00,0.20054872188702955
2026-03-10 07:15:00+00:00,0.14934872188702955
2026-03-10 07:30:00+00:00,0.12795872188702953
2026-03-10 07:45:00+00:00,0.10729872188702955
2026-03-10 08:00:00+00:00,0.18576336050733658
2026-03-10 08:15:00+00:00,0.15104336050733658
2026-03-10 08:30:00+00:00,0.13742336050733656
2026-03-10 08:45:00+00:00,0.12489336050733658
2026-03-10 09:00:00+00:00,0.10078153018698718
2026-03-10 09:15:00+00:00,0.06787153018698719
2026-03-10 09:30:00+00:00,0.06765153018698719
2026-03-10 09:45:00+00:00,0.05926153018698719
2026-03-10 10:00:00+00:00,0.12928403530798632
2026-03-10 10:15:00+00:00,0.11864403530798631
2026-03-10 10:30:00+00:00,0.1106140353079863
2026-03-10 10:45:00+00:00,0.1042840353079863
2026-03-10 11:00:00+00:00,0.06912302621716712
2026-03-10 11:15:00+00:00,0.06315302621716712
2026-03-10 11:30:00+00:00,0.06024302621716712
2026-03-10 11:45:00+00:00,0.06357302621716712
2026-03-10 12:00:00+00:00,0.09486227227176114
2026-03-10 12:15:00+00:00,0.09549227227176124
2026-03-10 12:30:00+00:00,0.09961227227176124
2026-03-10 12:45:00+00:00,0.10211227227176124
2026-03-10 13:00:00+00:00,0.09980031022661032
2026-03-10 13:15:00+00:00,0.10192031022661031
2026-03-10 13:30:00+00:00,0.10173031022661032
2026-03-10 13:45:00+00:00,0.11645031022661032
2026-03-10 14:00:00+00:00,0.13123989432255306
2026-03-10 14:15:00+00:00,0.13075989432255297
2026-03-10 14:30:00+00:00,0.13775989432255306
2026-03-10 14:45:00+00:00,0.17216989432255309
2026-03-10 15:00:00+00:00,0.10407726765717748
2026-03-10 15:15:00+00:00,0.13306726765717747
2026-03-10 15:30:00+00:00,0.15086726765717748
2026-03-10 15:45:00+00:00,0.17642726765717748
2026-03-10 16:00:00+00:00,0.1193954230255381
2026-03-10 16:15:00+00:00,0.1460354230255381
2026-03-10 16:30:00+00:00,0.1767454230255381
2026-03-10 16:45:00+00:00,0.2228154230255381
2026-03-10 17:00:00+00:00,0.19225133535735284
2026-03-10 17:15:00+00:00,0.21504133535735284
2026-03-10 17:30:00+00:00,0.22057133535735285
2026-03-10 17:45:00+00:00,0.20781133535735286
2026-03-10 18:00:00+00:00,0.26053881912388177
2026-03-10 18:15:00+00:00,0.2286988191238818
2026-03-10 18:30:00+00:00,0.2184488191238818
2026-03-10 18:45:00+00:00,0.1903888191238818
2026-03-10 19:00:00+00:00,0.1854342875406585
2026-03-10 19:15:00+00:00,0.17171428754065848
2026-03-10 19:30:00+00:00,0.15972428754065848
2026-03-10 19:45:00+00:00,0.16073428754065844
2026-03-10 20:00:00+00:00,0.14726417080347834
2026-03-10 20:15:00+00:00,0.14246417080347834
2026-03-10 20:30:00+00:00,0.13130417080347825
2026-03-10 20:45:00+00:00,0.11049417080347837
2026-03-10 21:00:00+00:00,0.13546537166124895
2026-03-10 21:15:00+00:00,0.12497537166124895
2026-03-10 21:30:00+00:00,0.11443537166124895
2026-03-10 21:45:00+00:00,0.10076537166124895
2026-03-10 22:00:00+00:00,0.091203615598744
2026-03-10 22:15:00+00:00,0.073343615598744
2026-03-10 22:30:00+00:00,0.066493615598744
2026-03-10 22:45:00+00:00,0.048103615598744
2026-03-10 23:00:00+00:00,0.09915809082897756
2026-03-10 23:15:00+00:00,0.09609809082897755
2026-03-10 23:30:00+00:00,0.09170809082897745
2026-03-10 23:45:00+00:00,0.07741809082897755
2026-03-11 00:00:00+00:00,0.04840394181066282
2026-03-11 00:15:00+00:00,0.040863941810662927
2026-03-11 00:30:00+00:00,0.03636394181066292
2026-03-11 00:45:00+00:00,0.028243941810662927
2026-03-11 01:00:00+00:00,0.08219402277493486
2026-03-11 01:15:00+00:00,0.08078402277493486
2026-03-11 01:30:00+00:00,0.07781402277493486
2026-03-11 01:45:00+00:00,0.07616402277493486
2026-03-11 02:00:00+00:00,0.06776338116600247
2026-03-11 02:15:00+00:00,0.06777338116600247
2026-03-11 02:30:00+00:00,0.06527338116600247
2026-03-11 02:45:00+00:00,0.06293338116600247
2026-03-11 03:00:00+00:00,0.10133948593858201
2026-03-11 03:15:00+00:00,0.09675948593858211
2026-03-11 03:30:00+00:00,0.0973694859385821
2026-03-11 03:45:00+00:00,0.10425948593858211
2026-03-11 04:00:00+00:00,0.03878535642918368
2026-03-11 04:15:00+00:00,0.038195356429183674
2026-03-11 04:30:00+00:00,0.04620535642918369
2026-03-11 04:45:00+00:00,0.054095356429183686
2026-03-11 05:00:00+00:00,0.054453616479718685
2026-03-11 05:15:00+00:00,0.06721361647971869
2026-03-11 05:30:00+00:00,0.08013361647971869
2026-03-11 05:45:00+00:00,0.07412361647971868
2026-03-11 06:00:00+00:00,0.12477296892222084
2026-03-11 06:15:00+00:00,0.11985296892222083
2026-03-11 06:30:00+00:00,0.11494296892222083
2026-03-11 06:45:00+00:00,0.09608296892222085
2026-03-11 07:00:00+00:00,0.11174140860953335
2026-03-11 07:15:00+00:00,0.10059140860953336
2026-03-11 07:30:00+00:00,0.09635140860953334
2026-03-11 07:45:00+00:00,0.08089140860953334
2026-03-11 08:00:00+00:00,0.0683573232932518
2026-03-11 08:15:00+00:00,0.0571173232932518
2026-03-11 08:30:00+00:00,0.0436973232932518
2026-03-11 08:45:00+00:00,0.011437323293251802
2026-03-11 09:00:00+00:00,0.060145330806930866
2026-03-11 09:15:00+00:00,0.039115330806930866
2026-03-11 09:30:00+00:00,0.017895330806930763
2026-03-11 09:45:00+00:00,0.004215330806930864
2026-03-11 10:00:00+00:00,0.023836737543082936
2026-03-11 10:15:00+00:00,0.011856737543082934
2026-03-11 10:30:00+00:00,0.008296737543082933
2026-03-11 10:45:00+00:00,0.004946737543082933
2026-03-11 11:00:00+00:00,0.01226085007140999
2026-03-11 11:15:00+00:00,0.01522085007140989
2026-03-11 11:30:00+00:00,0.01528085007140999
2026-03-11 11:45:00+00:00,0.01761085007140999
2026-03-11 12:00:00+00:00,-0.00879803249110814
2026-03-11 12:15:00+00:00,-0.0021480324911081396
2026-03-11 12:30:00+00:00,0.007161967508891861
2026-03-11 12:45:00+00:00,0.01698196750889186
2026-03-11 13:00:00+00:00,0.022678765792011113
2026-03-11 13:15:00+00:00,0.03231876579201111
2026-03-11 13:30:00+00:00,0.04916876579201111
2026-03-11 13:45:00+00:00,0.07835876579201112
2026-03-11 14:00:00+00:00,0.02299629198751395
2026-03-11 14:15:00+00:00,0.04431629198751395
2026-03-11 14:30:00+00:00,0.056336291987513956
2026-03-11 14:45:00+00:00,0.07621629198751395
2026-03-11 15:00:00+00:00,0.07240285077991047
2026-03-11 15:15:00+00:00,0.10325285077991048
2026-03-11 15:30:00+00:00,0.12067285077991048
2026-03-11 15:45:00+00:00,0.13002285077991046
2026-03-11 16:00:00+00:00,0.11358898783693049
2026-03-11 16:15:00+00:00,0.13425898783693047
2026-03-11 16:30:00+00:00,0.13878898783693047
2026-03-11 16:45:00+00:00,0.16154898783693047
2026-03-11 17:00:00+00:00,0.13387124007162796
2026-03-11 17:15:00+00:00,0.14343124007162794
2026-03-11 17:30:00+00:00,0.15344124007162796
2026-03-11 17:45:00+00:00,0.16509124007162795
2026-03-11 18:00:00+00:00,0.1251939496338626
2026-03-11 18:15:00+00:00,0.12998394963386262
2026-03-11 18:30:00+00:00,0.12988394963386263
2026-03-11 18:45:00+00:00,0.1231139496338625
2026-03-11 19:00:00+00:00,0.16767396097579906
2026-03-11 19:15:00+00:00,0.1541639609757991
2026-03-11 19:30:00+00:00,0.14084396097579907
2026-03-11 19:45:00+00:00,0.13873396097579907
2026-03-11 20:00:00+00:00,0.13888803252037193
2026-03-11 20:15:00+00:00,0.13061803252037194
2026-03-11 20:30:00+00:00,0.12552803252037192
2026-03-11 20:45:00+00:00,0.12386803252037192
2026-03-11 21:00:00+00:00,0.11138970172732507
2026-03-11 21:15:00+00:00,0.10691970172732508
2026-03-11 21:30:00+00:00,0.10683970172732507
2026-03-11 21:45:00+00:00,0.09869970172732508
2026-03-11 22:00:00+00:00,0.11647405535350536
2026-03-11 22:15:00+00:00,0.09725405535350536
2026-03-11 22:30:00+00:00,0.09483405535350535
2026-03-11 22:45:00+00:00,0.08682405535350536
2026-03-11 23:00:00+00:00,0.08279567337073196
2026-03-11 23:15:00+00:00,0.07422567337073196
2026-03-11 23:30:00+00:00,0.07086567337073196
2026-03-11 23:45:00+00:00,0.06255567337073197
2026-03-12 00:00:00+00:00,0.08082841254583244
2026-03-12 00:15:00+00:00,0.07113841254583245
2026-03-12 00:30:00+00:00,0.07159841254583245
2026-03-12 00:45:00+00:00,0.06923841254583245
2026-03-12 01:00:00+00:00,0.07993788625670137
2026-03-12 01:15:00+00:00,0.07654788625670136
2026-03-12 01:30:00+00:00,0.07920788625670136
2026-03-12 01:45:00+00:00,0.08002788625670137
2026-03-12 02:00:00+00:00,0.11378184470691041
2026-03-12 02:15:00+00:00,0.1124618447069104
2026-03-12 02:30:00+00:00,0.1099718447069104
2026-03-12 02:45:00+00:00,0.10851184470691042
2026-03-12 03:00:00+00:00,0.08117932703487707
2026-03-12 03:15:00+00:00,0.07673932703487707
2026-03-12 03:30:00+00:00,0.07674932703487707
2026-03-12 03:45:00+00:00,0.07697932703487707
2026-03-12 04:00:00+00:00,0.10303372392355395
2026-03-12 04:15:00+00:00,0.10026372392355394
2026-03-12 04:30:00+00:00,0.11282372392355394
2026-03-12 04:45:00+00:00,0.13022372392355394
2026-03-12 05:00:00+00:00,0.09954860967777696
2026-03-12 05:15:00+00:00,0.11641860967777697
2026-03-12 05:30:00+00:00,0.12976860967777695
2026-03-12 05:45:00+00:00,0.13736860967777695
2026-03-12 06:00:00+00:00,0.15619595817252352
2026-03-12 06:15:00+00:00,0.1476659581725235
2026-03-12 06:30:00+00:00,0.1440059581725235
2026-03-12 06:45:00+00:00,0.11891595817252353
2026-03-12 07:00:00+00:00,0.13183190227588096
2026-03-12 07:15:00+00:00,0.10684190227588096
2026-03-12 07:30:00+00:00,0.09840190227588097
2026-03-12 07:45:00+00:00,0.07175190227588096
2026-03-12 08:00:00+00:00,0.13125213946933864
2026-03-12 08:15:00+00:00,0.10492213946933876
2026-03-12 08:30:00+00:00,0.08195213946933874
2026-03-12 08:45:00+00:00,0.06603213946933875
2026-03-12 09:00:00+00:00,0.0632330104593741
2026-03-12 09:15:00+00:00,0.020033010459374095
2026-03-12 09:30:00+00:00,-0.0009669895406259066
2026-03-12 09:45:00+00:00,-0.007706989540625906
2026-03-12 10:00:00+00:00,-0.02656471026659046
2026-03-12 10:15:00+00:00,-0.02889471026659046
2026-03-12 10:30:00+00:00,-0.028934710266590457
2026-03-12 10:45:00+00:00,-0.02981471026659046
2026-03-12 11:00:00+00:00,-0.026002877275422883
2026-03-12 11:15:00+00:00,-0.026392877275422885
2026-03-12 11:30:00+00:00,-0.026482877275422884
2026-03-12 11:45:00+00:00,-0.027062877275422885
2026-03-12 12:00:00+00:00,-0.011603081078048895
2026-03-12 12:15:00+00:00,-0.011973081078048895
2026-03-12 12:30:00+00:00,-0.012713081078048895
2026-03-12 12:45:00+00:00,-0.012773081078048896
2026-03-12 13:00:00+00:00,-0.024671082728264047
2026-03-12 13:15:00+00:00,-0.024271082728264046
2026-03-12 13:30:00+00:00,-0.02351108272826405
2026-03-12 13:45:00+00:00,-0.022961082728264047
2026-03-12 14:00:00+00:00,0.007537516315472424
2026-03-12 14:15:00+00:00,0.007637516315472425
2026-03-12 14:30:00+00:00,0.011547516315472423
2026-03-12 14:45:00+00:00,0.017827516315472323
2026-03-12 15:00:00+00:00,0.0014716569782101119
2026-03-12 15:15:00+00:00,0.02704165697821021
2026-03-12 15:30:00+00:00,0.05344165697821021
2026-03-12 15:45:00+00:00,0.08847165697821022
2026-03-12 16:00:00+00:00,0.11125264587460046
2026-03-12 16:15:00+00:00,0.13698264587460046
2026-03-12 16:30:00+00:00,0.15264264587460047
2026-03-12 16:45:00+00:00,0.20796264587460045
2026-03-12 17:00:00+00:00,0.08840004277828711
2026-03-12 17:15:00+00:00,0.0857400427782871
2026-03-12 17:30:00+00:00,0.0790400427782871
2026-03-12 17:45:00+00:00,0.078560042778287
2026-03-12 18:00:00+00:00,0.12339169538733273
2026-03-12 18:15:00+00:00,0.11436169538733272
2026-03-12 18:30:00+00:00,0.10355169538733272
2026-03-12 18:45:00+00:00,0.09765169538733272
2026-03-12 19:00:00+00:00,0.07693421920180421
2026-03-12 19:15:00+00:00,0.06618421920180423
2026-03-12 19:30:00+00:00,0.06110421920180422
2026-03-12 19:45:00+00:00,0.059154219201804116
2026-03-12 20:00:00+00:00,0.06947390609963112
2026-03-12 20:15:00+00:00,0.07024390609963113
2026-03-12 20:30:00+00:00,0.05921390609963111
2026-03-12 20:45:00+00:00,0.04396390609963112
2026-03-12 21:00:00+00:00,0.08567853818729329
2026-03-12 21:15:00+00:00,0.06990853818729328
2026-03-12 21:30:00+00:00,0.0625685381872933
2026-03-12 21:45:00+00:00,0.042458538187293296
2026-03-12 22:00:00+00:00,-0.01852796507096857
2026-03-12 22:15:00+00:00,-0.022847965070968573
2026-03-12 22:30:00+00:00,-0.02529796507096857
2026-03-12 22:45:00+00:00,-0.03262796507096857
2026-03-12 23:00:00+00:00,0.01378160514804179
2026-03-12 23:15:00+00:00,0.01322160514804179
2026-03-12 23:30:00+00:00,0.008631605148041791
2026-03-12 23:45:00+00:00,0.00693160514804179
2026-03-13 00:00:00+00:00,0.0416653240165699
2026-03-13 00:15:00+00:00,0.038545324016569904
2026-03-13 00:30:00+00:00,0.037515324016569804
2026-03-13 00:45:00+00:00,0.038545324016569904
2026-03-13 01:00:00+00:00,-0.0036617856166437394
2026-03-13 01:15:00+00:00,-0.00593178561664374
2026-03-13 01:30:00+00:00,-0.006011785616643739
2026-03-13 01:45:00+00:00,-0.006171785616643739
2026-03-13 02:00:00+00:00,0.007103887367280917
2026-03-13 02:15:00+00:00,0.006393887367280917
2026-03-13 02:30:00+00:00,0.005313887367280916
2026-03-13 02:45:00+00:00,0.004873887367280917
2026-03-13 03:00:00+00:00,0.020422612621589332
2026-03-13 03:15:00+00:00,0.01983261262158933
2026-03-13 03:30:00+00:00,0.02043261262158933
2026-03-13 03:45:00+00:00,0.02048261262158933
2026-03-13 04:00:00+00:00,-0.0014025938153836937
2026-03-13 04:15:00+00:00,-0.0013825938153836938
2026-03-13 04:30:00+00:00,0.0010774061846163061
2026-03-13 04:45:00+00:00,0.0012874061846163062
2026-03-13 05:00:00+00:00,-0.006394960099454444
2026-03-13 05:15:00+00:00,-0.001214960099454444
2026-03-13 05:30:00+00:00,-0.0006449600994545435
2026-03-13 05:45:00+00:00,-0.0006049600994544428
2026-03-13 06:00:00+00:00,-0.02020593814201462
2026-03-13 06:15:00+00:00,-0.01757593814201472
2026-03-13 06:30:00+00:00,-0.02032593814201462
2026-03-13 06:45:00+00:00,-0.029405938142014622
2026-03-13 07:00:00+00:00,0.028938002157012057
2026-03-13 07:15:00+00:00,0.016768002157012053
2026-03-13 07:30:00+00:00,0.015288002157011956
2026-03-13 07:45:00+00:00,0.011778002157012055
2026-03-13 08:00:00+00:00,-0.001979433810134862
2026-03-13 08:15:00+00:00,-0.002089433810134862
2026-03-13 08:30:00+00:00,-0.002119433810134862
2026-03-13 08:45:00+00:00,-0.003089433810134862
2026-03-13 09:00:00+00:00,-0.020607746142220634
2026-03-13 09:15:00+00:00,-0.023187746142220637
2026-03-13 09:30:00+00:00,-0.023737746142220635
2026-03-13 09:45:00+00:00,-0.026887746142220635
2026-03-13 10:00:00+00:00,-0.005803825405571079
2026-03-13 10:15:00+00:00,-0.005863825405571078
2026-03-13 10:30:00+00:00,-0.007583825405571079
2026-03-13 10:45:00+00:00,-0.007443825405571078
2026-03-13 11:00:00+00:00,-0.02064494233295241
2026-03-13 11:15:00+00:00,-0.020094942332952413
2026-03-13 11:30:00+00:00,-0.01804494233295241
2026-03-13 11:45:00+00:00,-0.01750494233295241
2026-03-13 12:00:00+00:00,-0.01431966337543046
2026-03-13 12:15:00+00:00,-0.01242966337543046
2026-03-13 12:30:00+00:00,-0.01158966337543046
2026-03-13 12:45:00+00:00,-0.010709663375430459
2026-03-13 13:00:00+00:00,0.010220408633631922
2026-03-13 13:15:00+00:00,0.011130408633631923
2026-03-13 13:30:00+00:00,0.011150408633631922
2026-03-13 13:45:00+00:00,0.016750408633631923
2026-03-13 14:00:00+00:00,-0.020092354382850137
2026-03-13 14:15:00+00:00,-0.011212354382850138
2026-03-13 14:30:00+00:00,0.029007645617149865
2026-03-13 14:45:00+00:00,0.09220764561714986
2026-03-13 15:00:00+00:00,0.06083408782406649
2026-03-13 15:15:00+00:00,0.1049240878240665
2026-03-13 15:30:00+00:00,0.14684408782406647
2026-03-13 15:45:00+00:00,0.16961408782406648
2026-03-13 16:00:00+00:00,0.08935795789559516
2026-03-13 16:15:00+00:00,0.10532795789559514
2026-03-13 16:30:00+00:00,0.12532795789559514
2026-03-13 16:45:00+00:00,0.14497795789559514
2026-03-13 17:00:00+00:00,0.12424307078575077
2026-03-13 17:15:00+00:00,0.14319307078575086
2026-03-13 17:30:00+00:00,0.15700307078575085
2026-03-13 17:45:00+00:00,0.17282307078575085
2026-03-13 18:00:00+00:00,0.21099352938855653
2026-03-13 18:15:00+00:00,0.20831352938855652
2026-03-13 18:30:00+00:00,0.20067352938855648
2026-03-13 18:45:00+00:00,0.18433352938855652
2026-03-13 19:00:00+00:00,0.18480478792528426
2026-03-13 19:15:00+00:00,0.17171478792528425
2026-03-13 19:30:00+00:00,0.15908478792528424
2026-03-13 19:45:00+00:00,0.15014478792528424
2026-03-13 20:00:00+00:00,0.14743344255596924
2026-03-13 20:15:00+00:00,0.13719344255596924
2026-03-13 20:30:00+00:00,0.12599344255596925
2026-03-13 20:45:00+00:00,0.11789344255596923
2026-03-13 21:00:00+00:00,0.11438805414380344
2026-03-13 21:15:00+00:00,0.10338805414380355
2026-03-13 21:30:00+00:00,0.10721805414380355
2026-03-13 21:45:00+00:00,0.09956805414380354
2026-03-13 22:00:00+00:00,0.12396478841527987
2026-03-13 22:15:00+00:00,0.10336478841527987
2026-03-13 22:30:00+00:00,0.10337478841527976
2026-03-13 22:45:00+00:00,0.09362478841527987
2026-03-13 23:00:00+00:00,0.12517641077808533
2026-03-13 23:15:00+00:00,0.12156641077808533
2026-03-13 23:30:00+00:00,0.10681641077808533
2026-03-13 23:45:00+00:00,0.10360641077808534
2026-03-14 00:00:00+00:00,0.11309947755101822
2026-03-14 00:15:00+00:00,0.11037947755101822
2026-03-14 00:30:00+00:00,0.10903947755101823
2026-03-14 00:45:00+00:00,0.10651947755101822
2026-03-14 01:00:00+00:00,0.1045802753491431
2026-03-14 01:15:00+00:00,0.1025002753491431
2026-03-14 01:30:00+00:00,0.10170027534914311
2026-03-14 01:45:00+00:00,0.1005002753491431
2026-03-14 02:00:00+00:00,0.09877346228517567
2026-03-14 02:15:00+00:00,0.10124346228517567
2026-03-14 02:30:00+00:00,0.10224346228517567
2026-03-14 02:45:00+00:00,0.10292346228517567
2026-03-14 03:00:00+00:00,0.09927092502103653
2026-03-14 03:15:00+00:00,0.09926092502103653
2026-03-14 03:30:00+00:00,0.10237092502103654
2026-03-14 03:45:00+00:00,0.10380092502103654
2026-03-14 04:00:00+00:00,0.07801409585529676
2026-03-14 04:15:00+00:00,0.08088409585529677
2026-03-14 04:30:00+00:00,0.08388409585529666
2026-03-14 04:45:00+00:00,0.08750409585529675
2026-03-14 05:00:00+00:00,0.09677927813583273
2026-03-14 05:15:00+00:00,0.10188927813583262
2026-03-14 05:30:00+00:00,0.10401927813583273
2026-03-14 05:45:00+00:00,0.10542927813583272
2026-03-14 06:00:00+00:00,0.1364959283149688
2026-03-14 06:15:00+00:00,0.13270592831496877
2026-03-14 06:30:00+00:00,0.13254592831496878
2026-03-14 06:45:00+00:00,0.1323059283149688
2026-03-14 07:00:00+00:00,0.09685728916124925
2026-03-14 07:15:00+00:00,0.09679728916124926
2026-03-14 07:30:00+00:00,0.09684728916124925
2026-03-14 07:45:00+00:00,0.09644728916124926
2026-03-14 08:00:00+00:00,0.11656697730368006
2026-03-14 08:15:00+00:00,0.11653697730368005
2026-03-14 08:30:00+00:00,0.11300697730368005
2026-03-14 08:45:00+00:00,0.10451697730368005
2026-03-14 09:00:00+00:00,0.09719728029261414
2026-03-14 09:15:00+00:00,0.09363728029261414
2026-03-14 09:30:00+00:00,0.09079728029261414
2026-03-14 09:45:00+00:00,0.08820728029261414
2026-03-14 10:00:00+00:00,0.10579602899535437
2026-03-14 10:15:00+00:00,0.10366602899535438
2026-03-14 10:30:00+00:00,0.10574602899535437
2026-03-14 10:45:00+00:00,0.10707602899535437
2026-03-14 11:00:00+00:00,0.09741898795974466
2026-03-14 11:15:00+00:00,0.09692898795974465
2026-03-14 11:30:00+00:00,0.09739898795974465
2026-03-14 11:45:00+00:00,0.09646898795974465
2026-03-14 12:00:00+00:00,0.13227664229343608
2026-03-14 12:15:00+00:00,0.13221664229343608
2026-03-14 12:30:00+00:00,0.12880664229343608
2026-03-14 12:45:00+00:00,0.12900664229343609
2026-03-14 13:00:00+00:00,0.11308830556859006
2026-03-14 13:15:00+00:00,0.11417830556859007
2026-03-14 13:30:00+00:00,0.11469830556859006
2026-03-14 13:45:00+00:00,0.11797830556859007
2026-03-14 14:00:00+00:00,0.07696603086502908
2026-03-14 14:15:00+00:00,0.08988603086502908
2026-03-14 14:30:00+00:00,0.09617603086502909
2026-03-14 14:45:00+00:00,0.09743603086502908
2026-03-14 15:00:00+00:00,0.13240360285792468
2026-03-14 15:15:00+00:00,0.1336436028579247
2026-03-14 15:30:00+00:00,0.1442936028579247
2026-03-14 15:45:00+00:00,0.15899360285792472
2026-03-14 16:00:00+00:00,0.10193601663967941
2026-03-14 16:15:00+00:00,0.11764601663967941
2026-03-14 16:30:00+00:00,0.12822601663967942
2026-03-14 16:45:00+00:00,0.14985601663967943
2026-03-14 17:00:00+00:00,0.1293978737896747
2026-03-14 17:15:00+00:00,0.13780787378967468
2026-03-14 17:30:00+00:00,0.1619578737896747
2026-03-14 17:45:00+00:00,0.1728278737896747
2026-03-14 18:00:00+00:00,0.18924632544574416
2026-03-14 18:15:00+00:00,0.18410632544574415
2026-03-14 18:30:00+00:00,0.17127632544574414
2026-03-14 18:45:00+00:00,0.15777632544574416
2026-03-14 19:00:00+00:00,0.16732429636960502
2026-03-14 19:15:00+00:00,0.14715429636960503
2026-03-14 19:30:00+00:00,0.13093429636960505
2026-03-14 19:45:00+00:00,0.11950429636960502
2026-03-14 20:00:00+00:00,0.15640594381846679
2026-03-14 20:15:00+00:00,0.14994594381846676
2026-03-14 20:30:00+00:00,0.15680594381846677
2026-03-14 20:45:00+00:00,0.15227594381846676
2026-03-14 21:00:00+00:00,0.1252986220734324
2026-03-14 21:15:00+00:00,0.1187586220734324
2026-03-14 21:30:00+00:00,0.1255786220734324
2026-03-14 21:45:00+00:00,0.11438862207343241
2026-03-14 22:00:00+00:00,0.12823705245034253
2026-03-14 22:15:00+00:00,0.11744705245034251
2026-03-14 22:30:00+00:00,0.11597705245034251
2026-03-14 22:45:00+00:00,0.10502705245034252
2026-03-14 23:00:00+00:00,0.13292939199727175
2026-03-14 23:15:00+00:00,0.13187939199727175
2026-03-14 23:30:00+00:00,0.12394939199727174
2026-03-14 23:45:00+00:00,0.11236939199727175
2026-03-15 00:00:00+00:00,0.1301865665279779
2026-03-15 00:15:00+00:00,0.12512656652797788
2026-03-15 00:30:00+00:00,0.1224365665279779
2026-03-15 00:45:00+00:00,0.11559656652797788
2026-03-15 01:00:00+00:00,0.15356729790227147
2026-03-15 01:15:00+00:00,0.14727729790227148
2026-03-15 01:30:00+00:00,0.14041729790227148
2026-03-15 01:45:00+00:00,0.13936729790227148
2026-03-15 02:00:00+00:00,0.13130393343206867
2026-03-15 02:15:00+00:00,0.1323539334320687
2026-03-15 02:30:00+00:00,0.13726393343206866
2026-03-15 02:45:00+00:00,0.13940393343206867
2026-03-15 03:00:00+00:00,0.15141968045611276
2026-03-15 03:15:00+00:00,0.15246968045611275
2026-03-15 03:30:00+00:00,0.15408968045611277
2026-03-15 03:45:00+00:00,0.15640968045611275
2026-03-15 04:00:00+00:00,0.16237724652436636
2026-03-15 04:15:00+00:00,0.16264724652436638
2026-03-15 04:30:00+00:00,0.16746724652436637
2026-03-15 04:45:00+00:00,0.17065724652436637
2026-03-15 05:00:00+00:00,0.10246089985697948
2026-03-15 05:15:00+00:00,0.1082608998569795
2026-03-15 05:30:00+00:00,0.10827089985697948
2026-03-15 05:45:00+00:00,0.10280089985697949
2026-03-15 06:00:00+00:00,0.13170392923869254
2026-03-15 06:15:00+00:00,0.12028392923869252
2026-03-15 06:30:00+00:00,0.11872392923869254
2026-03-15 06:45:00+00:00,0.10830392923869253
2026-03-15 07:00:00+00:00,0.1143876904183876
2026-03-15 07:15:00+00:00,0.0927776904183876
2026-03-15 07:30:00+00:00,0.0783876904183876
2026-03-15 07:45:00+00:00,0.06437769041838759
2026-03-15 08:00:00+00:00,0.09149173650849543
2026-03-15 08:15:00+00:00,0.08345173650849542
2026-03-15 08:30:00+00:00,0.07498173650849543
2026-03-15 08:45:00+00:00,0.07200173650849544
2026-03-15 09:00:00+00:00,0.0843524327430332
2026-03-15 09:15:00+00:00,0.0787024327430332
2026-03-15 09:30:00+00:00,0.07437243274303319
2026-03-15 09:45:00+00:00,0.0654824327430332
2026-03-15 10:00:00+00:00,0.06915511285085535
2026-03-15 10:15:00+00:00,0.06405511285085536
2026-03-15 10:30:00+00:00,0.04723511285085535
2026-03-15 10:45:00+00:00,0.030695112850855348
2026-03-15 11:00:00+00:00,0.05670190336105793
2026-03-15 11:15:00+00:00,0.039011903361057934
2026-03-15 11:30:00+00:00,0.02462190336105793
2026-03-15 11:45:00+00:00,0.014221903361057827
2026-03-15 12:00:00+00:00,0.04348882008426153
2026-03-15 12:15:00+00:00,0.03751882008426153
2026-03-15 12:30:00+00:00,0.028688820084261532
2026-03-15 12:45:00+00:00,0.025528820084261532
2026-03-15 13:00:00+00:00,0.003353183087334139
2026-03-15 13:15:00+00:00,0.00888318308733414
2026-03-15 13:30:00+00:00,0.017623183087334036
2026-03-15 13:45:00+00:00,0.029503183087334142
2026-03-15 14:00:00+00:00,0.0647538170789167
2026-03-15 14:15:00+00:00,0.0680238170789167
2026-03-15 14:30:00+00:00,0.08194381707891671
2026-03-15 14:45:00+00:00,0.09948381707891671
2026-03-15 15:00:00+00:00,0.03763656841473188
2026-03-15 15:15:00+00:00,0.06661656841473187
2026-03-15 15:30:00+00:00,0.08089656841473189
2026-03-15 15:45:00+00:00,0.10437656841473189
2026-03-15 16:00:00+00:00,0.15262494305893215
2026-03-15 16:15:00+00:00,0.17296494305893215
2026-03-15 16:30:00+00:00,0.18819494305893214
2026-03-15 16:45:00+00:00,0.20436494305893213
2026-03-15 17:00:00+00:00,0.13356595318116546
2026-03-15 17:15:00+00:00,0.13717595318116543
2026-03-15 17:30:00+00:00,0.14578595318116544
2026-03-15 17:45:00+00:00,0.14675595318116544
2026-03-15 18:00:00+00:00,0.15192330143975022
2026-03-15 18:15:00+00:00,0.13731330143975032
2026-03-15 18:30:00+00:00,0.12498330143975032
2026-03-15 18:45:00+00:00,0.11855330143975032
2026-03-15 19:00:00+00:00,0.09565851457583029
2026-03-15 19:15:00+00:00,0.08995851457583029
2026-03-15 19:30:00+00:00,0.08651851457583029
2026-03-15 19:45:00+00:00,0.06658851457583029
2026-03-15 20:00:00+00:00,0.13956889757258067
2026-03-15 20:15:00+00:00,0.12147889757258068
2026-03-15 20:30:00+00:00,0.12302889757258068
2026-03-15 20:45:00+00:00,0.10881889757258068
2026-03-15 21:00:00+00:00,0.11062047166879249
2026-03-15 21:15:00+00:00,0.11023047166879249
2026-03-15 21:30:00+00:00,0.10090047166879249
2026-03-15 21:45:00+00:00,0.09198047166879249
2026-03-15 22:00:00+00:00,0.08925573541108663
2026-03-15 22:15:00+00:00,0.07380573541108662
2026-03-15 22:30:00+00:00,0.06822573541108663
2026-03-15 22:45:00+00:00,0.04659573541108663
2026-03-15 23:00:00+00:00,0.03512292824899603
2026-03-15 23:15:00+00:00,0.01794292824899603
2026-03-15 23:30:00+00:00,-0.0031270717510039694
2026-03-15 23:45:00+00:00,-0.01226707175100397
2026-03-16 00:00:00+00:00,0.039990937386727834
2026-03-16 00:15:00+00:00,0.027200937386727835
2026-03-16 00:30:00+00:00,0.020780937386727837
2026-03-16 00:45:00+00:00,0.020820937386727835
2026-03-16 01:00:00+00:00,0.003894058479663079
2026-03-16 01:15:00+00:00,-0.0021759415203369235
2026-03-16 01:30:00+00:00,-0.005105941520336922
2026-03-16 01:45:00+00:00,-0.008675941520336922
2026-03-16 02:00:00+00:00,0.03994031641232565
2026-03-16 02:15:00+00:00,0.03835031641232565
2026-03-16 02:30:00+00:00,0.04188031641232565
2026-03-16 02:45:00+00:00,0.043860316412325545
2026-03-16 03:00:00+00:00,0.027298697796756588
2026-03-16 03:15:00+00:00,0.031818697796756584
2026-03-16 03:30:00+00:00,0.03688869779675659
2026-03-16 03:45:00+00:00,0.04369869779675649
2026-03-16 04:00:00+00:00,0.0218136622093884
2026-03-16 04:15:00+00:00,0.0318636622093885
2026-03-16 04:30:00+00:00,0.0412736622093885
2026-03-16 04:45:00+00:00,0.0617736622093885
2026-03-16 05:00:00+00:00,-0.008037633834237494
2026-03-16 05:15:00+00:00,0.017542366165762505
2026-03-16 05:30:00+00:00,0.0369423661657624
2026-03-16 05:45:00+00:00,0.03924236616576251
2026-03-16 06:00:00+00:00,0.0799600417815425
2026-03-16 06:15:00+00:00,0.0781700417815424
2026-03-16 06:30:00+00:00,0.0785600417815425
2026-03-16 06:45:00+00:00,0.07330004178154251
2026-03-16 07:00:00+00:00,0.13048739371942594
2026-03-16 07:15:00+00:00,0.11245739371942583
2026-03-16 07:30:00+00:00,0.10202739371942593
2026-03-16 07:45:00+00:00,0.08948739371942593
2026-03-16 08:00:00+00:00,0.12192635502055929
2026-03-16 08:15:00+00:00,0.10511635502055929
2026-03-16 08:30:00+00:00,0.08652635502055918
2026-03-16 08:45:00+00:00,0.06799635502055928
2026-03-16 09:00:00+00:00,0.08285064520587414
2026-03-16 09:15:00+00:00,0.07244064520587415
2026-03-16 09:30:00+00:00,0.05626064520587414
2026-03-16 09:45:00+00:00,0.040350645205874044
2026-03-16 10:00:00+00:00,-0.006732736439132511
2026-03-16 10:15:00+00:00,-0.01363273643913251
2026-03-16 10:30:00+00:00,-0.01489273643913251
2026-03-16 10:45:00+00:00,-0.01229273643913251
2026-03-16 11:00:00+00:00,0.0206209284606285
2026-03-16 11:15:00+00:00,0.0166909284606285
2026-03-16 11:30:00+00:00,0.0174009284606284
2026-03-16 11:45:00+00:00,0.015590928460628501
2026-03-16 12:00:00+00:00,0.02870977158219103
2026-03-16 12:15:00+00:00,0.029529771582191028
2026-03-16 12:30:00+00:00,0.03565977158219103
2026-03-16 12:45:00+00:00,0.044259771582191035
2026-03-16 13:00:00+00:00,-0.012031392607545852
2026-03-16 13:15:00+00:00,0.000588607392454147
2026-03-16 13:30:00+00:00,0.025798607392454147
2026-03-16 13:45:00+00:00,0.03244860739245415
2026-03-16 14:00:00+00:00,0.02902475702486927
2026-03-16 14:15:00+00:00,0.04061475702486927
2026-03-16 14:30:00+00:00,0.07485475702486927
2026-03-16 14:45:00+00:00,0.11270475702486916
2026-03-16 15:00:00+00:00,0.05875176763776346
2026-03-16 15:15:00+00:00,0.09302176763776347
2026-03-16 15:30:00+00:00,0.13590176763776346
2026-03-16 15:45:00+00:00,0.15729176763776348
2026-03-16 16:00:00+00:00,0.09298354568187613
2026-03-16 16:15:00+00:00,0.12200354568187613
2026-03-16 16:30:00+00:00,0.14307354568187614
2026-03-16 16:45:00+00:00,0.17424354568187614
2026-03-16 17:00:00+00:00,0.110967110493204
2026-03-16 17:15:00+00:00,0.12313711049320401
2026-03-16 17:30:00+00:00,0.13939711049320402
2026-03-16 17:45:00+00:00,0.15050711049320403
2026-03-16 18:00:00+00:00,0.1737354000254419
2026-03-16 18:15:00+00:00,0.17393540002544192
2026-03-16 18:30:00+00:00,0.1739854000254419
2026-03-16 18:45:00+00:00,0.1739554000254419
2026-03-16 19:00:00+00:00,0.176625866024419
2026-03-16 19:15:00+00:00,0.157145866024419
2026-03-16 19:30:00+00:00,0.137395866024419
2026-03-16 19:45:00+00:00,0.12391586602441897
2026-03-16 20:00:00+00:00,0.13963921630159706
2026-03-16 20:15:00+00:00,0.12556921630159706
2026-03-16 20:30:00+00:00,0.11781921630159706
2026-03-16 20:45:00+00:00,0.10893921630159706
2026-03-16 21:00:00+00:00,0.12002639040275756
2026-03-16 21:15:00+00:00,0.11384639040275757
2026-03-16 21:30:00+00:00,0.11346639040275756
2026-03-16 21:45:00+00:00,0.09889639040275756
2026-03-16 22:00:00+00:00,0.10352979150932856
2026-03-16 22:15:00+00:00,0.09516979150932856
2026-03-16 22:30:00+00:00,0.08685979150932856
2026-03-16 22:45:00+00:00,0.08093979150932856
2026-03-16 23:00:00+00:00,0.13201040959411853
2026-03-16 23:15:00+00:00,0.11267040959411853
2026-03-16 23:30:00+00:00,0.10487040959411853
2026-03-16 23:45:00+00:00,0.10219040959411853
2026-03-17 00:00:00+00:00,0.11443996371715338
2026-03-17 00:15:00+00:00,0.11402996371715338
2026-03-17 00:30:00+00:00,0.11416996371715338
2026-03-17 00:45:00+00:00,0.11221996371715338
2026-03-17 01:00:00+00:00,0.10187625431681384
2026-03-17 01:15:00+00:00,0.10180625431681384
2026-03-17 01:30:00+00:00,0.10047625431681384
2026-03-17 01:45:00+00:00,0.09915625431681384
2026-03-17 02:00:00+00:00,0.09847283023615358
2026-03-17 02:15:00+00:00,0.09870283023615359
2026-03-17 02:30:00+00:00,0.09977283023615348
2026-03-17 02:45:00+00:00,0.09903283023615359
2026-03-17 03:00:00+00:00,0.11251697630380124
2026-03-17 03:15:00+00:00,0.11102697630380123
2026-03-17 03:30:00+00:00,0.11071697630380113
2026-03-17 03:45:00+00:00,0.11264697630380123
2026-03-17 04:00:00+00:00,0.07257377614829211
2026-03-17 04:15:00+00:00,0.07469377614829201
2026-03-17 04:30:00+00:00,0.08830377614829212
2026-03-17 04:45:00+00:00,0.1029037761482921
2026-03-17 05:00:00+00:00,0.14056536989918827
2026-03-17 05:15:00+00:00,0.15276536989918826
2026-03-17 05:30:00+00:00,0.16228536989918826
2026-03-17 05:45:00+00:00,0.17130536989918826
2026-03-17 06:00:00+00:00,0.17395965326809246
2026-03-17 06:15:00+00:00,0.17386965326809245
2026-03-17 06:30:00+00:00,0.17415965326809243
2026-03-17 06:45:00+00:00,0.14988965326809245
2026-03-17 07:00:00+00:00,0.19338935602301197
2026-03-17 07:15:00+00:00,0.16091935602301197
2026-03-17 07:30:00+00:00,0.14088935602301197
2026-03-17 07:45:00+00:00,0.11776935602301197
2026-03-17 08:00:00+00:00,0.16760318967151933
2026-03-17 08:15:00+00:00,0.14474318967151933
2026-03-17 08:30:00+00:00,0.12972318967151922
2026-03-17 08:45:00+00:00,0.12483318967151931
2026-03-17 09:00:00+00:00,0.095087630990251
2026-03-17 09:15:00+00:00,0.06870763099025101
2026-03-17 09:30:00+00:00,0.06252763099025099
2026-03-17 09:45:00+00:00,0.06470763099025101
2026-03-17 10:00:00+00:00,0.06692142563011555
2026-03-17 10:15:00+00:00,0.06273142563011555
2026-03-17 10:30:00+00:00,0.06137142563011555
2026-03-17 10:45:00+00:00,0.06650142563011555
2026-03-17 11:00:00+00:00,0.1003910592388335
2026-03-17 11:15:00+00:00,0.1003310592388335
2026-03-17 11:30:00+00:00,0.1003510592388335
2026-03-17 11:45:00+00:00,0.0999610592388335
2026-03-17 12:00:00+00:00,0.09686923003326177
2026-03-17 12:15:00+00:00,0.09697923003326177
2026-03-17 12:30:00+00:00,0.09585923003326166
2026-03-17 12:45:00+00:00,0.09682923003326166
2026-03-17 13:00:00+00:00,0.09974694761927315
2026-03-17 13:15:00+00:00,0.10338694761927315
2026-03-17 13:30:00+00:00,0.10175694761927315
2026-03-17 13:45:00+00:00,0.10491694761927316
2026-03-17 14:00:00+00:00,0.09117856085196946
2026-03-17 14:15:00+00:00,0.09705856085196947
2026-03-17 14:30:00+00:00,0.10735856085196946
2026-03-17 14:45:00+00:00,0.11886856085196947
2026-03-17 15:00:00+00:00,0.12390728907838561
2026-03-17 15:15:00+00:00,0.1366172890783855
2026-03-17 15:30:00+00:00,0.14864728907838562
2026-03-17 15:45:00+00:00,0.16676728907838562
2026-03-17 16:00:00+00:00,0.14517694437702772
2026-03-17 16:15:00+00:00,0.16384694437702774
2026-03-17 16:30:00+00:00,0.18031694437702772
2026-03-17 16:45:00+00:00,0.22801694437702774
2026-03-17 17:00:00+00:00,0.20021302189507087
2026-03-17 17:15:00+00:00,0.2207730218950709
2026-03-17 17:30:00+00:00,0.22388302189507087
2026-03-17 17:45:00+00:00,0.21989302189507087
2026-03-17 18:00:00+00:00,0.20888735940046219
2026-03-17 18:15:00+00:00,0.17435735940046218
2026-03-17 18:30:00+00:00,0.1411173594004622
2026-03-17 18:45:00+00:00,0.13799735940046218
2026-03-17 19:00:00+00:00,0.12469187273933471
2026-03-17 19:15:00+00:00,0.1063818727393348
2026-03-17 19:30:00+00:00,0.09943187273933482
2026-03-17 19:45:00+00:00,0.0915318727393348
2026-03-17 20:00:00+00:00,0.1594044725334944
2026-03-17 20:15:00+00:00,0.1494044725334944
2026-03-17 20:30:00+00:00,0.1406644725334944
2026-03-17 20:45:00+00:00,0.1262244725334944
2026-03-17 21:00:00+00:00,0.1561388786352109
2026-03-17 21:15:00+00:00,0.1417288786352109
2026-03-17 21:30:00+00:00,0.12814887863521088
2026-03-17 21:45:00+00:00,0.12073887863521088
2026-03-17 22:00:00+00:00,0.12005355738228668
2026-03-17 22:15:00+00:00,0.11351355738228666
2026-03-17 22:30:00+00:00,0.10996355738228666
2026-03-17 22:45:00+00:00,0.10567355738228668
2026-03-17 23:00:00+00:00,0.07953684803313073
2026-03-17 23:15:00+00:00,0.07273684803313074
2026-03-17 23:30:00+00:00,0.07122684803313073
2026-03-17 23:45:00+00:00,0.07104684803313073
2026-03-18 00:00:00+00:00,0.102020759318157
2026-03-18 00:15:00+00:00,0.099020759318157
2026-03-18 00:30:00+00:00,0.09821075931815701
2026-03-18 00:45:00+00:00,0.097180759318157
2026-03-18 01:00:00+00:00,0.10239196178021036
2026-03-18 01:15:00+00:00,0.10120196178021035
2026-03-18 01:30:00+00:00,0.10108196178021035
2026-03-18 01:45:00+00:00,0.10131196178021036
2026-03-18 02:00:00+00:00,0.11479275655393685
2026-03-18 02:15:00+00:00,0.11514275655393684
2026-03-18 02:30:00+00:00,0.11573275655393685
2026-03-18 02:45:00+00:00,0.11637275655393685
2026-03-18 03:00:00+00:00,0.07183175666337818
2026-03-18 03:15:00+00:00,0.07278175666337819
2026-03-18 03:30:00+00:00,0.07296175666337819
2026-03-18 03:45:00+00:00,0.07337175666337818
2026-03-18 04:00:00+00:00,0.08483896848343815
2026-03-18 04:15:00+00:00,0.08735896848343816
2026-03-18 04:30:00+00:00,0.09867896848343816
2026-03-18 04:45:00+00:00,0.11269896848343816
2026-03-18 05:00:00+00:00,0.1263108880829819
2026-03-18 05:15:00+00:00,0.1444108880829819
2026-03-18 05:30:00+00:00,0.15115088808298188
2026-03-18 05:45:00+00:00,0.15601088808298189
2026-03-18 06:00:00+00:00,0.15125489194269626
2026-03-18 06:15:00+00:00,0.14986489194269625
2026-03-18 06:30:00+00:00,0.13306489194269625
2026-03-18 06:45:00+00:00,0.10440489194269625
2026-03-18 07:00:00+00:00,0.11089945796739374
2026-03-18 07:15:00+00:00,0.08636945796739375
2026-03-18 07:30:00+00:00,0.06715945796739375
2026-03-18 07:45:00+00:00,0.053199457967393754
2026-03-18 08:00:00+00:00,0.10752844337463449
2026-03-18 08:15:00+00:00,0.08867844337463449
2026-03-18 08:30:00+00:00,0.06492844337463449
2026-03-18 08:45:00+00:00,0.021138443374634393
2026-03-18 09:00:00+00:00,0.048192724882020505
2026-03-18 09:15:00+00:00,0.0140827248820205
2026-03-18 09:30:00+00:00,0.0106227248820205
2026-03-18 09:45:00+00:00,0.0096227248820205
2026-03-18 10:00:00+00:00,0.001556290456906253
2026-03-18 10:15:00+00:00,-0.0002337095430937472
2026-03-18 10:30:00+00:00,-0.0005937095430937473
2026-03-18 10:45:00+00:00,-0.0007437095430937472
2026-03-18 11:00:00+00:00,0.001954803730721532
2026-03-18 11:15:00+00:00,0.001524803730721632
2026-03-18 11:30:00+00:00,0.0017148037307215319
2026-03-18 11:45:00+00:00,0.0017048037307215319
2026-03-18 12:00:00+00:00,-0.008073639289758138
2026-03-18 12:15:00+00:00,-0.008053639289758137
2026-03-18 12:30:00+00:00,-0.007863639289758136
2026-03-18 12:45:00+00:00,-0.0058736392897581376
2026-03-18 13:00:00+00:00,0.02615290886389668
2026-03-18 13:15:00+00:00,0.026692908863896678
2026-03-18 13:30:00+00:00,0.02715290886389668
2026-03-18 13:45:00+00:00,0.02954290886389658
2026-03-18 14:00:00+00:00,-0.013229934595909522
2026-03-18 14:15:00+00:00,-0.0025699345959095225
2026-03-18 14:30:00+00:00,0.05472006540409048
2026-03-18 14:45:00+00:00,0.08366006540409048
2026-03-18 15:00:00+00:00,0.05459816635657518
2026-03-18 15:15:00+00:00,0.08311816635657517
2026-03-18 15:30:00+00:00,0.11418816635657517
2026-03-18 15:45:00+00:00,0.1330581663565752
2026-03-18 16:00:00+00:00,0.10170185534377972
2026-03-18 16:15:00+00:00,0.13609185534377963
2026-03-18 16:30:00+00:00,0.15948185534377973
2026-03-18 16:45:00+00:00,0.18438185534377974
2026-03-18 17:00:00+00:00,0.1791805028402705
2026-03-18 17:15:00+00:00,0.1929605028402705
2026-03-18 17:30:00+00:00,0.2018705028402705
2026-03-18 17:45:00+00:00,0.20108050284027051
2026-03-18 18:00:00+00:00,0.16507624060599196
2026-03-18 18:15:00+00:00,0.1530362406059919
2026-03-18 18:30:00+00:00,0.13788624060599192
2026-03-18 18:45:00+00:00,0.11473624060599193
2026-03-18 19:00:00+00:00,0.14056371078378468
2026-03-18 19:15:00+00:00,0.1279337107837848
2026-03-18 19:30:00+00:00,0.11765371078378478
2026-03-18 19:45:00+00:00,0.11150371078378479
2026-03-18 20:00:00+00:00,0.10752738182581137
2026-03-18 20:15:00+00:00,0.10150738182581137
2026-03-18 20:30:00+00:00,0.09067738182581139
2026-03-18 20:45:00+00:00,0.0787473818258114
2026-03-18 21:00:00+00:00,0.13759076444464047
2026-03-18 21:15:00+00:00,0.12661076444464048
2026-03-18 21:30:00+00:00,0.11873076444464047
2026-03-18 21:45:00+00:00,0.11457076444464047
2026-03-18 22:00:00+00:00,0.10265148357266357
2026-03-18 22:15:00+00:00,0.09208148357266357
2026-03-18 22:30:00+00:00,0.09095148357266358
2026-03-18 22:45:00+00:00,0.08562148357266358
2026-03-18 23:00:00+00:00,0.10597401310155417
2026-03-18 23:15:00+00:00,0.10170401310155407
2026-03-18 23:30:00+00:00,0.10113401310155418
2026-03-18 23:45:00+00:00,0.09992401310155417
2026-03-19 00:00:00+00:00,0.12491261549262042
2026-03-19 00:15:00+00:00,0.12388261549262042
2026-03-19 00:30:00+00:00,0.12500261549262032
2026-03-19 00:45:00+00:00,0.12537261549262044
2026-03-19 01:00:00+00:00,0.1018718549917105
2026-03-19 01:15:00+00:00,0.10100185499171051
2026-03-19 01:30:00+00:00,0.10214185499171051
2026-03-19 01:45:00+00:00,0.1038018549917105
2026-03-19 02:00:00+00:00,0.11429973416981865
2026-03-19 02:15:00+00:00,0.11697973416981865
2026-03-19 02:30:00+00:00,0.12221973416981866
2026-03-19 02:45:00+00:00,0.12559973416981865
2026-03-19 03:00:00+00:00,0.11469976042320387
2026-03-19 03:15:00+00:00,0.11631976042320387
2026-03-19 03:30:00+00:00,0.11847976042320388
2026-03-19 03:45:00+00:00,0.12159976042320386
2026-03-19 04:00:00+00:00,0.13468988840468163
2026-03-19 04:15:00+00:00,0.14048988840468152
2026-03-19 04:30:00+00:00,0.14463988840468162
2026-03-19 04:45:00+00:00,0.16069988840468163
2026-03-19 05:00:00+00:00,0.1432503282758351
2026-03-19 05:15:00+00:00,0.1666303282758351
2026-03-19 05:30:00+00:00,0.1795903282758351
2026-03-19 05:45:00+00:00,0.18596032827583509
2026-03-19 06:00:00+00:00,0.17888593672347358
2026-03-19 06:15:00+00:00,0.1627959367234736
2026-03-19 06:30:00+00:00,0.1374959367234736
2026-03-19 06:45:00+00:00,0.10293593672347359
2026-03-19 07:00:00+00:00,0.1763710772617592
2026-03-19 07:15:00+00:00,0.14825107726175912
2026-03-19 07:30:00+00:00,0.11709107726175923
2026-03-19 07:45:00+00:00,0.10030107726175923
2026-03-19 08:00:00+00:00,0.14115845550294792
2026-03-19 08:15:00+00:00,0.12004845550294793
2026-03-19 08:30:00+00:00,0.10333845550294793
2026-03-19 08:45:00+00:00,0.07577845550294793
2026-03-19 09:00:00+00:00,0.1062281758318508
2026-03-19 09:15:00+00:00,0.06798817583185081
2026-03-19 09:30:00+00:00,0.0472781758318507
2026-03-19 09:45:00+00:00,0.028618175831850803
2026-03-19 10:00:00+00:00,-0.0050387368968260494
2026-03-19 10:15:00+00:00,-0.016058736896826048
2026-03-19 10:30:00+00:00,-0.02444873689682605
2026-03-19 10:45:00+00:00,-0.02564873689682605
2026-03-19 11:00:00+00:00,0.012056774945417658
2026-03-19 11:15:00+00:00,0.012046774945417659
2026-03-19 11:30:00+00:00,0.01203677494541766
2026-03-19 11:45:00+00:00,0.012046774945417659
2026-03-19 12:00:00+00:00,-0.019929377858434526
2026-03-19 12:15:00+00:00,-0.019929377858434526
2026-03-19 12:30:00+00:00,-0.019329377858434527
2026-03-19 12:45:00+00:00,-0.010409377858434626
2026-03-19 13:00:00+00:00,0.036004481837914284
2026-03-19 13:15:00+00:00,0.05439448183791429
2026-03-19 13:30:00+00:00,0.08402448183791428
2026-03-19 13:45:00+00:00,0.10425448183791428
2026-03-19 14:00:00+00:00,0.061587492952200965
2026-03-19 14:15:00+00:00,0.10056749295220097
2026-03-19 14:30:00+00:00,0.11760749295220096
2026-03-19 14:45:00+00:00,0.13929749295220095
2026-03-19 15:00:00+00:00,0.10296655412527049
2026-03-19 15:15:00+00:00,0.11545655412527038
2026-03-19 15:30:00+00:00,0.1281765541252705
2026-03-19 15:45:00+00:00,0.15609655412527046
2026-03-19 16:00:00+00:00,0.10429910387172626
2026-03-19 16:15:00+00:00,0.13584910387172627
2026-03-19 16:30:00+00:00,0.16684910387172627
2026-03-19 16:45:00+00:00,0.21325910387172628
2026-03-19 17:00:00+00:00,0.17652909827103286
2026-03-19 17:15:00+00:00,0.19845909827103286
2026-03-19 17:30:00+00:00,0.21936909827103285
2026-03-19 17:45:00+00:00,0.22734909827103286
2026-03-19 18:00:00+00:00,0.2533776634487269
2026-03-19 18:15:00+00:00,0.2319476634487268
2026-03-19 18:30:00+00:00,0.2157876634487269
2026-03-19 18:45:00+00:00,0.2062876634487269
2026-03-19 19:00:00+00:00,0.176237068162517
2026-03-19 19:15:00+00:00,0.16104706816251702
2026-03-19 19:30:00+00:00,0.15033706816251702
2026-03-19 19:45:00+00:00,0.138607068162517
2026-03-19 20:00:00+00:00,0.1651185220215709
2026-03-19 20:15:00+00:00,0.1600685220215709
2026-03-19 20:30:00+00:00,0.15209852202157093
2026-03-19 20:45:00+00:00,0.13618852202157092
2026-03-19 21:00:00+00:00,0.16676151878163303
2026-03-19 21:15:00+00:00,0.16170151878163302
2026-03-19 21:30:00+00:00,0.15046151878163305
2026-03-19 21:45:00+00:00,0.14336151878163306
2026-03-19 22:00:00+00:00,0.1312369820821843
2026-03-19 22:15:00+00:00,0.1237269820821843
2026-03-19 22:30:00+00:00,0.12077698208218429
2026-03-19 22:45:00+00:00,0.11191698208218431
2026-03-19 23:00:00+00:00,0.14723765288771126
2026-03-19 23:15:00+00:00,0.13408765288771127
2026-03-19 23:30:00+00:00,0.12593765288771125
2026-03-19 23:45:00+00:00,0.12169765288771124
2026-03-20 00:00:00+00:00,0.11931391126175525
2026-03-20 00:15:00+00:00,0.11614391126175524
2026-03-20 00:30:00+00:00,0.11470391126175525
2026-03-20 00:45:00+00:00,0.11389391126175524
2026-03-20 01:00:00+00:00,0.11680064926277166
2026-03-20 01:15:00+00:00,0.11542064926277164
2026-03-20 01:30:00+00:00,0.11606064926277164
2026-03-20 01:45:00+00:00,0.11605064926277166
2026-03-20 02:00:00+00:00,0.10233381323717863
2026-03-20 02:15:00+00:00,0.10163381323717863
2026-03-20 02:30:00+00:00,0.10526381323717865
2026-03-20 02:45:00+00:00,0.10628381323717864
2026-03-20 03:00:00+00:00,0.14454037364688843
2026-03-20 03:15:00+00:00,0.14917037364688843
2026-03-20 03:30:00+00:00,0.15240037364688844
2026-03-20 03:45:00+00:00,0.16315037364688845
2026-03-20 04:00:00+00:00,0.1698382337744474
2026-03-20 04:15:00+00:00,0.1786082337744474
2026-03-20 04:30:00+00:00,0.1979182337744474
2026-03-20 04:45:00+00:00,0.20494823377444743
2026-03-20 05:00:00+00:00,0.190359969468654
2026-03-20 05:15:00+00:00,0.21894996946865408
2026-03-20 05:30:00+00:00,0.2294899694686541
2026-03-20 05:45:00+00:00,0.2351399694686541
2026-03-20 06:00:00+00:00,0.20387121075231102
2026-03-20 06:15:00+00:00,0.17985121075231103
2026-03-20 06:30:00+00:00,0.160771210752311
2026-03-20 06:45:00+00:00,0.12656121075231103
2026-03-20 07:00:00+00:00,0.22145897580852264
2026-03-20 07:15:00+00:00,0.18236897580852268
2026-03-20 07:30:00+00:00,0.16533897580852264
2026-03-20 07:45:00+00:00,0.12931897580852267
2026-03-20 08:00:00+00:00,0.1954707553293595
2026-03-20 08:15:00+00:00,0.1705207553293595
2026-03-20 08:30:00+00:00,0.13243075532935952
2026-03-20 08:45:00+00:00,0.1341307553293595
2026-03-20 09:00:00+00:00,0.11264626078398911
2026-03-20 09:15:00+00:00,0.09960626078398911
2026-03-20 09:30:00+00:00,0.08241626078398911
2026-03-20 09:45:00+00:00,0.07609626078398911
2026-03-20 10:00:00+00:00,0.09738406451897996
2026-03-20 10:15:00+00:00,0.08699406451897997
2026-03-20 10:30:00+00:00,0.07254406451897998
2026-03-20 10:45:00+00:00,0.06442406451897997
2026-03-20 11:00:00+00:00,0.03439559893012333
2026-03-20 11:15:00+00:00,0.02962559893012332
2026-03-20 11:30:00+00:00,0.02862559893012332
2026-03-20 11:45:00+00:00,0.02221559893012333
2026-03-20 12:00:00+00:00,0.061151192898311175
2026-03-20 12:15:00+00:00,0.06490119289831117
2026-03-20 12:30:00+00:00,0.07407119289831117
2026-03-20 12:45:00+00:00,0.08192119289831107
2026-03-20 13:00:00+00:00,0.040317425656307415
2026-03-20 13:15:00+00:00,0.06159742565630742
2026-03-20 13:30:00+00:00,0.07602742565630732
2026-03-20 13:45:00+00:00,0.09348742565630742
2026-03-20 14:00:00+00:00,0.10381823044457857
2026-03-20 14:15:00+00:00,0.11866823044457857
2026-03-20 14:30:00+00:00,0.12248823044457856
2026-03-20 14:45:00+00:00,0.13831823044457855
2026-03-20 15:00:00+00:00,0.07561338905744171
2026-03-20 15:15:00+00:00,0.1103033890574417
2026-03-20 15:30:00+00:00,0.12801338905744158
2026-03-20 15:45:00+00:00,0.15002338905744173
2026-03-20 16:00:00+00:00,0.15045484853584762
2026-03-20 16:15:00+00:00,0.17158484853584763
2026-03-20 16:30:00+00:00,0.18828484853584762
2026-03-20 16:45:00+00:00,0.22884484853584763
2026-03-20 17:00:00+00:00,0.19547509705047122
2026-03-20 17:15:00+00:00,0.2359550970504712
2026-03-20 17:30:00+00:00,0.2459450970504712
2026-03-20 17:45:00+00:00,0.24194509705047124
2026-03-20 18:00:00+00:00,0.22347931723111936
2026-03-20 18:15:00+00:00,0.20361931723111926
2026-03-20 18:30:00+00:00,0.19104931723111937
2026-03-20 18:45:00+00:00,0.17352931723111936
2026-03-20 19:00:00+00:00,0.17987940640630934
2026-03-20 19:15:00+00:00,0.16209940640630932
2026-03-20 19:30:00+00:00,0.1524194064063093
2026-03-20 19:45:00+00:00,0.14217940640630933
2026-03-20 20:00:00+00:00,0.1350737570851412
2026-03-20 20:15:00+00:00,0.13108375708514117
2026-03-20 20:30:00+00:00,0.11819375708514118
2026-03-20 20:45:00+00:00,0.10938375708514117
2026-03-20 21:00:00+00:00,0.15857473539779732
2026-03-20 21:15:00+00:00,0.15919473539779733
2026-03-20 21:30:00+00:00,0.1388247353977973
2026-03-20 21:45:00+00:00,0.13123473539779731
2026-03-20 22:00:00+00:00,0.15131339502241226
2026-03-20 22:15:00+00:00,0.14417339502241225
2026-03-20 22:30:00+00:00,0.12973339502241224
2026-03-20 22:45:00+00:00,0.12453339502241226
2026-03-20 23:00:00+00:00,0.12275050783660968
2026-03-20 23:15:00+00:00,0.11886050783660967
2026-03-20 23:30:00+00:00,0.11053050783660967
2026-03-20 23:45:00+00:00,0.10345050783660958
2026-03-21 00:00:00+00:00,0.15695407666377442
2026-03-21 00:15:00+00:00,0.1472040766637744
2026-03-21 00:30:00+00:00,0.14207407666377442
2026-03-21 00:45:00+00:00,0.14043407666377442
2026-03-21 01:00:00+00:00,0.13450193625455956
2026-03-21 01:15:00+00:00,0.12722193625455955
2026-03-21 01:30:00+00:00,0.12435193625455954
2026-03-21 01:45:00+00:00,0.12519193625455954
2026-03-21 02:00:00+00:00,0.11225369128767088
2026-03-21 02:15:00+00:00,0.11227369128767087
2026-03-21 02:30:00+00:00,0.11251369128767089
2026-03-21 02:45:00+00:00,0.11212369128767077
2026-03-21 03:00:00+00:00,0.12114990708255835
2026-03-21 03:15:00+00:00,0.12039990708255835
2026-03-21 03:30:00+00:00,0.12121990708255834
2026-03-21 03:45:00+00:00,0.12123990708255833
2026-03-21 04:00:00+00:00,0.1553148827737158
2026-03-21 04:15:00+00:00,0.15535488277371573
2026-03-21 04:30:00+00:00,0.1581348827737158
2026-03-21 04:45:00+00:00,0.1605948827737158
2026-03-21 05:00:00+00:00,0.15177877604030557
2026-03-21 05:15:00+00:00,0.15654877604030557
2026-03-21 05:30:00+00:00,0.15270877604030558
2026-03-21 05:45:00+00:00,0.15263877604030557
2026-03-21 06:00:00+00:00,0.1486508121592735
2026-03-21 06:15:00+00:00,0.1456008121592735
2026-03-21 06:30:00+00:00,0.1362808121592735
2026-03-21 06:45:00+00:00,0.11856081215927351
2026-03-21 07:00:00+00:00,0.15468585931006726
2026-03-21 07:15:00+00:00,0.14941585931006726
2026-03-21 07:30:00+00:00,0.13207585931006727
2026-03-21 07:45:00+00:00,0.11838585931006726
2026-03-21 08:00:00+00:00,0.0884686092127353
2026-03-21 08:15:00+00:00,0.0826686092127353
2026-03-21 08:30:00+00:00,0.07504860921273532
2026-03-21 08:45:00+00:00,0.07079860921273531
2026-03-21 09:00:00+00:00,0.10060479038408782
2026-03-21 09:15:00+00:00,0.08133479038408771
2026-03-21 09:30:00+00:00,0.06875479038408781
2026-03-21 09:45:00+00:00,0.057574790384087714
2026-03-21 10:00:00+00:00,0.06533700132426801
2026-03-21 10:15:00+00:00,0.049487001324268004
2026-03-21 10:30:00+00:00,0.0431170013242679
2026-03-21 10:45:00+00:00,0.036487001324268
2026-03-21 11:00:00+00:00,0.024236902447878905
2026-03-21 11:15:00+00:00,0.012446902447878909
2026-03-21 11:30:00+00:00,0.011376902447879008
2026-03-21 11:45:00+00:00,0.011366902447879008
2026-03-21 12:00:00+00:00,0.028411409482240888
2026-03-21 12:15:00+00:00,0.029911409482240886
2026-03-21 12:30:00+00:00,0.03276140948224089
2026-03-21 12:45:00+00:00,0.038001409482240886
2026-03-21 13:00:00+00:00,0.02839978159421258
2026-03-21 13:15:00+00:00,0.04765978159421258
2026-03-21 13:30:00+00:00,0.05391978159421258
2026-03-21 13:45:00+00:00,0.06436978159421258
2026-03-21 14:00:00+00:00,0.08606779459388164
2026-03-21 14:15:00+00:00,0.09840779459388163
2026-03-21 14:30:00+00:00,0.09985779459388164
2026-03-21 14:45:00+00:00,0.11313779459388164
2026-03-21 15:00:00+00:00,0.1064002307471732
2026-03-21 15:15:00+00:00,0.1143302307471732
2026-03-21 15:30:00+00:00,0.1336702307471732
2026-03-21 15:45:00+00:00,0.1488202307471732
2026-03-21 16:00:00+00:00,0.06915810791702312
2026-03-21 16:15:00+00:00,0.0874881079170231
2026-03-21 16:30:00+00:00,0.1028881079170231
2026-03-21 16:45:00+00:00,0.1101581079170231
2026-03-21 17:00:00+00:00,0.18335149161329306
2026-03-21 17:15:00+00:00,0.1962514916132932
2026-03-21 17:30:00+00:00,0.19932149161329316
2026-03-21 17:45:00+00:00,0.1950314916132932
2026-03-21 18:00:00+00:00,0.13371071351674796
2026-03-21 18:15:00+00:00,0.11219071351674798
2026-03-21 18:30:00+00:00,0.09755071351674796
2026-03-21 18:45:00+00:00,0.08497071351674798
2026-03-21 19:00:00+00:00,0.14541029359508667
2026-03-21 19:15:00+00:00,0.13468029359508676
2026-03-21 19:30:00+00:00,0.12378029359508677
2026-03-21 19:45:00+00:00,0.11816029359508667
2026-03-21 20:00:00+00:00,0.14987044650533302
2026-03-21 20:15:00+00:00,0.148410446505333
2026-03-21 20:30:00+00:00,0.14446044650533302
2026-03-21 20:45:00+00:00,0.140120446505333
2026-03-21 21:00:00+00:00,0.12209995656670057
2026-03-21 21:15:00+00:00,0.12165995656670058
2026-03-21 21:30:00+00:00,0.11126995656670058
2026-03-21 21:45:00+00:00,0.10261995656670059
2026-03-21 22:00:00+00:00,0.09424929533518528
2026-03-21 22:15:00+00:00,0.08339929533518527
2026-03-21 22:30:00+00:00,0.07671929533518528
2026-03-21 22:45:00+00:00,0.06986929533518527
2026-03-21 23:00:00+00:00,0.08444292670030817
2026-03-21 23:15:00+00:00,0.08170292670030818
2026-03-21 23:30:00+00:00,0.07971292670030818
2026-03-21 23:45:00+00:00,0.07540292670030818
2026-03-22 00:00:00+00:00,0.11742906897283727
2026-03-22 00:15:00+00:00,0.11561906897283727
2026-03-22 00:30:00+00:00,0.11379906897283727
2026-03-22 00:45:00+00:00,0.11164906897283727
2026-03-22 01:00:00+00:00,0.06028296072356242
2026-03-22 01:15:00+00:00,0.05889296072356243
2026-03-22 01:30:00+00:00,0.05867296072356242
2026-03-22 01:45:00+00:00,0.057732960723562425
2026-03-22 02:00:00+00:00,0.11641485514381433
2026-03-22 02:15:00+00:00,0.11543485514381432
2026-03-22 02:30:00+00:00,0.11593485514381432
2026-03-22 02:45:00+00:00,0.11623485514381421
2026-03-22 03:00:00+00:00,0.09649751632162701
2026-03-22 03:15:00+00:00,0.09673751632162701
2026-03-22 03:30:00+00:00,0.09803751632162701
2026-03-22 03:45:00+00:00,0.09906751632162701
2026-03-22 04:00:00+00:00,0.07830011215136133
2026-03-22 04:15:00+00:00,0.07996011215136134
2026-03-22 04:30:00+00:00,0.08097011215136134
2026-03-22 04:45:00+00:00,0.07978011215136134
2026-03-22 05:00:00+00:00,0.09208544459138203
2026-03-22 05:15:00+00:00,0.09309544459138203
2026-03-22 05:30:00+00:00,0.09146544459138203
2026-03-22 05:45:00+00:00,0.08091544459138203
2026-03-22 06:00:00+00:00,0.09881882379238041
2026-03-22 06:15:00+00:00,0.07421882379238029
2026-03-22 06:30:00+00:00,0.059938823792380296
2026-03-22 06:45:00+00:00,0.031098823792380402
2026-03-22 07:00:00+00:00,0.09666661466456164
2026-03-22 07:15:00+00:00,0.06211661466456164
2026-03-22 07:30:00+00:00,0.04228661466456164
2026-03-22 07:45:00+00:00,0.027916614664561645
2026-03-22 08:00:00+00:00,0.033358129832807545
2026-03-22 08:15:00+00:00,0.020318129832807647
2026-03-22 08:30:00+00:00,0.013888129832807645
2026-03-22 08:45:00+00:00,0.013358129832807646
2026-03-22 09:00:00+00:00,-0.03158904322695277
2026-03-22 09:15:00+00:00,-0.031599043226952776
2026-03-22 09:30:00+00:00,-0.032209043226952776
2026-03-22 09:45:00+00:00,-0.032679043226952774
2026-03-22 10:00:00+00:00,-0.009875877794549952
2026-03-22 10:15:00+00:00,-0.010875877794549951
2026-03-22 10:30:00+00:00,-0.012315877794549951
2026-03-22 10:45:00+00:00,-0.014045877794549952
2026-03-22 11:00:00+00:00,-0.0258307641037127
2026-03-22 11:15:00+00:00,-0.027250764103712702
2026-03-22 11:30:00+00:00,-0.0282307641037126
2026-03-22 11:45:00+00:00,-0.0291707641037127
2026-03-22 12:00:00+00:00,0.011087837408022435
2026-03-22 12:15:00+00:00,0.012427837408022436
2026-03-22 12:30:00+00:00,0.013857837408022435
2026-03-22 12:45:00+00:00,0.016457837408022435
2026-03-22 13:00:00+00:00,-0.02818764517227688
2026-03-22 13:15:00+00:00,-0.02728764517227698
2026-03-22 13:30:00+00:00,-0.02670764517227698
2026-03-22 13:45:00+00:00,-0.02575764517227698
2026-03-22 14:00:00+00:00,0.029217203465841293
2026-03-22 14:15:00+00:00,0.029477203465841293
2026-03-22 14:30:00+00:00,0.04113720346584129
2026-03-22 14:45:00+00:00,0.0630772034658413
2026-03-22 15:00:00+00:00,0.032148219669985566
2026-03-22 15:15:00+00:00,0.07923821966998545
2026-03-22 15:30:00+00:00,0.10738821966998556
2026-03-22 15:45:00+00:00,0.15138821966998556
2026-03-22 16:00:00+00:00,0.07727982201681699
2026-03-22 16:15:00+00:00,0.120449822016817
2026-03-22 16:30:00+00:00,0.137729822016817
2026-03-22 16:45:00+00:00,0.161679822016817
2026-03-22 17:00:00+00:00,0.14859530063262189
2026-03-22 17:15:00+00:00,0.1618153006326219
2026-03-22 17:30:00+00:00,0.16355530063262189
2026-03-22 17:45:00+00:00,0.1730153006326219
2026-03-22 18:00:00+00:00,0.16973050681079432
2026-03-22 18:15:00+00:00,0.1669705068107943
2026-03-22 18:30:00+00:00,0.15388050681079432
2026-03-22 18:45:00+00:00,0.1440305068107942
2026-03-22 19:00:00+00:00,0.16070928916275723
2026-03-22 19:15:00+00:00,0.14371928916275714
2026-03-22 19:30:00+00:00,0.13616928916275725
2026-03-22 19:45:00+00:00,0.12464928916275725
2026-03-22 20:00:00+00:00,0.16695241361794014
2026-03-22 20:15:00+00:00,0.15999241361794014
2026-03-22 20:30:00+00:00,0.15179241361794013
2026-03-22 20:45:00+00:00,0.14974241361794013
2026-03-22 21:00:00+00:00,0.13480743931530223
2026-03-22 21:15:00+00:00,0.12742743931530223
2026-03-22 21:30:00+00:00,0.11911743931530222
2026-03-22 21:45:00+00:00,0.11558743931530222
2026-03-22 22:00:00+00:00,0.11772645908971326
2026-03-22 22:15:00+00:00,0.10755645908971335
2026-03-22 22:30:00+00:00,0.09676645908971336
2026-03-22 22:45:00+00:00,0.09171645908971336
2026-03-22 23:00:00+00:00,0.12920356468306213
2026-03-22 23:15:00+00:00,0.12608356468306214
2026-03-22 23:30:00+00:00,0.12157356468306213
2026-03-22 23:45:00+00:00,0.11978356468306214
2026-03-23 00:00:00+00:00,0.09546308641498737
2026-03-23 00:15:00+00:00,0.09462308641498736
2026-03-23 00:30:00+00:00,0.09180308641498736
2026-03-23 00:45:00+00:00,0.08920308641498735
2026-03-23 01:00:00+00:00,0.11350928144906494
2026-03-23 01:15:00+00:00,0.11057928144906494
2026-03-23 01:30:00+00:00,0.11038928144906494
2026-03-23 01:45:00+00:00,0.11087928144906495
2026-03-23 02:00:00+00:00,0.11235552135634216
2026-03-23 02:15:00+00:00,0.10960552135634216
2026-03-23 02:30:00+00:00,0.11080552135634217
2026-03-23 02:45:00+00:00,0.11476552135634216
2026-03-23 03:00:00+00:00,0.11487167965297676
2026-03-23 03:15:00+00:00,0.12081167965297676
2026-03-23 03:30:00+00:00,0.12546167965297678
2026-03-23 03:45:00+00:00,0.12789167965297676
2026-03-23 04:00:00+00:00,0.17684706544031625
2026-03-23 04:15:00+00:00,0.18502706544031622
2026-03-23 04:30:00+00:00,0.20082706544031625
2026-03-23 04:45:00+00:00,0.20724706544031624
2026-03-23 05:00:00+00:00,0.16291654474191258
2026-03-23 05:15:00+00:00,0.18289654474191258
2026-03-23 05:30:00+00:00,0.19444654474191259
2026-03-23 05:45:00+00:00,0.19304654474191257
2026-03-23 06:00:00+00:00,0.2351486148453803
2026-03-23 06:15:00+00:00,0.1945986148453804
2026-03-23 06:30:00+00:00,0.1860786148453804
2026-03-23 06:45:00+00:00,0.1469486148453804
2026-03-23 07:00:00+00:00,0.16734924197813564
2026-03-23 07:15:00+00:00,0.12712924197813563
2026-03-23 07:30:00+00:00,0.09638924197813564
2026-03-23 07:45:00+00:00,0.06898924197813563
2026-03-23 08:00:00+00:00,0.12319363382569368
2026-03-23 08:15:00+00:00,0.09289363382569368
2026-03-23 08:30:00+00:00,0.09753363382569367
2026-03-23 08:45:00+00:00,0.07031363382569368
2026-03-23 09:00:00+00:00,0.11132611787055989
2026-03-23 09:15:00+00:00,0.0892561178705599
2026-03-23 09:30:00+00:00,0.08053611787055989
2026-03-23 09:45:00+00:00,0.06043611787055979
2026-03-23 10:00:00+00:00,0.04830460459084263
2026-03-23 10:15:00+00:00,0.031724604590842635
2026-03-23 10:30:00+00:00,0.019734604590842635
2026-03-23 10:45:00+00:00,0.017264604590842635
2026-03-23 11:00:00+00:00,0.05429536814347706
2026-03-23 11:15:00+00:00,0.061005368143477054
2026-03-23 11:30:00+00:00,0.06805536814347705
2026-03-23 11:45:00+00:00,0.08040536814347705
2026-03-23 12:00:00+00:00,0.03458082983363012
2026-03-23 12:15:00+00:00,0.04670082983363011
2026-03-23 12:30:00+00:00,0.06108082983363011
2026-03-23 12:45:00+00:00,0.06874082983363011
2026-03-23 13:00:00+00:00,0.07723811263742036
2026-03-23 13:15:00+00:00,0.08519811263742036
2026-03-23 13:30:00+00:00,0.09447811263742036
2026-03-23 13:45:00+00:00,0.10195811263742036
2026-03-23 14:00:00+00:00,0.08233148608724349
2026-03-23 14:15:00+00:00,0.09639148608724349
2026-03-23 14:30:00+00:00,0.10778148608724349
2026-03-23 14:45:00+00:00,0.1282314860872435
2026-03-23 15:00:00+00:00,0.10522934025264613
2026-03-23 15:15:00+00:00,0.13501934025264614
2026-03-23 15:30:00+00:00,0.15232934025264613
2026-03-23 15:45:00+00:00,0.17366934025264613
2026-03-23 16:00:00+00:00,0.1202311970835109
2026-03-23 16:15:00+00:00,0.1569111970835109
2026-03-23 16:30:00+00:00,0.1840311970835109
2026-03-23 16:45:00+00:00,0.2548511970835109
2026-03-23 17:00:00+00:00,0.1910124151030238
2026-03-23 17:15:00+00:00,0.2556824151030238
2026-03-23 17:30:00+00:00,0.2802124151030238
2026-03-23 17:45:00+00:00,0.3052224151030238
2026-03-23 18:00:00+00:00,0.26361118409183576
2026-03-23 18:15:00+00:00,0.24063118409183573
2026-03-23 18:30:00+00:00,0.23158118409183573
2026-03-23 18:45:00+00:00,0.21306118409183575
2026-03-23 19:00:00+00:00,0.2331058567481252
2026-03-23 19:15:00+00:00,0.2032458567481253
2026-03-23 19:30:00+00:00,0.1744158567481253
2026-03-23 19:45:00+00:00,0.1616058567481253
2026-03-23 20:00:00+00:00,0.22846344672650673
2026-03-23 20:15:00+00:00,0.19139344672650674
2026-03-23 20:30:00+00:00,0.16787344672650673
2026-03-23 20:45:00+00:00,0.15720344672650674
2026-03-23 21:00:00+00:00,0.1733803111466138
2026-03-23 21:15:00+00:00,0.1586203111466138
2026-03-23 21:30:00+00:00,0.1563703111466138
2026-03-23 21:45:00+00:00,0.1521103111466138
2026-03-23 22:00:00+00:00,0.15132174672463544
2026-03-23 22:15:00+00:00,0.14254174672463543
2026-03-23 22:30:00+00:00,0.13652174672463543
2026-03-23 22:45:00+00:00,0.12490174672463544
2026-03-23 23:00:00+00:00,0.14109046398549382
2026-03-23 23:15:00+00:00,0.13777046398549384
2026-03-23 23:30:00+00:00,0.12865046398549382
2026-03-23 23:45:00+00:00,0.12510046398549382
2026-03-24 00:00:00+00:00,0.1536962451526208
2026-03-24 00:15:00+00:00,0.1447562451526208
2026-03-24 00:30:00+00:00,0.1311662451526208
2026-03-24 00:45:00+00:00,0.12619624515262082
2026-03-24 01:00:00+00:00,0.11492662020479401
2026-03-24 01:15:00+00:00,0.10723662020479391
2026-03-24 01:30:00+00:00,0.101886620204794
2026-03-24 01:45:00+00:00,0.09860662020479401
2026-03-24 02:00:00+00:00,0.10144453413713501
2026-03-24 02:15:00+00:00,0.09590453413713503
2026-03-24 02:30:00+00:00,0.09372453413713502
2026-03-24 02:45:00+00:00,0.09294453413713502
2026-03-24 03:00:00+00:00,0.10238364625653841
2026-03-24 03:15:00+00:00,0.10109364625653841
2026-03-24 03:30:00+00:00,0.10348364625653841
2026-03-24 03:45:00+00:00,0.10223364625653841
2026-03-24 04:00:00+00:00,0.1293942448166018
2026-03-24 04:15:00+00:00,0.1281742448166018
2026-03-24 04:30:00+00:00,0.1302042448166018
2026-03-24 04:45:00+00:00,0.1408142448166018
2026-03-24 05:00:00+00:00,0.08245137772581292
2026-03-24 05:15:00+00:00,0.08667137772581292
2026-03-24 05:30:00+00:00,0.08894137772581281
2026-03-24 05:45:00+00:00,0.08669137772581292
2026-03-24 06:00:00+00:00,0.14824587742480141
2026-03-24 06:15:00+00:00,0.1345858774248014
2026-03-24 06:30:00+00:00,0.1207258774248014
2026-03-24 06:45:00+00:00,0.1052158774248014
2026-03-24 07:00:00+00:00,0.09729357744196027
2026-03-24 07:15:00+00:00,0.06867357744196026
2026-03-24 07:30:00+00:00,0.05511357744196026
2026-03-24 07:45:00+00:00,0.029603577441960266
2026-03-24 08:00:00+00:00,0.10354232570589011
2026-03-24 08:15:00+00:00,0.08421232570589013
2026-03-24 08:30:00+00:00,0.06871232570589011
2026-03-24 08:45:00+00:00,0.04312232570589012
2026-03-24 09:00:00+00:00,0.08658164982382077
2026-03-24 09:15:00+00:00,0.05226164982382077
2026-03-24 09:30:00+00:00,0.03898164982382067
2026-03-24 09:45:00+00:00,0.03285164982382077
2026-03-24 10:00:00+00:00,0.013479129901712857
2026-03-24 10:15:00+00:00,0.009279129901712858
2026-03-24 10:30:00+00:00,0.008969129901712858
2026-03-24 10:45:00+00:00,0.008969129901712858
2026-03-24 11:00:00+00:00,0.0031351819648479462
2026-03-24 11:15:00+00:00,0.003125181964847946
2026-03-24 11:30:00+00:00,0.003125181964847946
2026-03-24 11:45:00+00:00,0.003115181964847946
2026-03-24 12:00:00+00:00,-0.01033808209811446
2026-03-24 12:15:00+00:00,-0.010318082098114459
2026-03-24 12:30:00+00:00,-0.010308082098114459
2026-03-24 12:45:00+00:00,-0.010308082098114459
2026-03-24 13:00:00+00:00,0.0005504825097445009
2026-03-24 13:15:00+00:00,0.0005604825097445009
2026-03-24 13:30:00+00:00,0.0005704825097445009
2026-03-24 13:45:00+00:00,0.000590482509744501
2026-03-24 14:00:00+00:00,-0.0035915746760350727
2026-03-24 14:15:00+00:00,0.003138425323964927
2026-03-24 14:30:00+00:00,0.010338425323964928
2026-03-24 14:45:00+00:00,0.05157842532396493
2026-03-24 15:00:00+00:00,0.019487927902116335
2026-03-24 15:15:00+00:00,0.052347927902116335
2026-03-24 15:30:00+00:00,0.08656792790211634
2026-03-24 15:45:00+00:00,0.09355792790211634
2026-03-24 16:00:00+00:00,0.08598362705726721
2026-03-24 16:15:00+00:00,0.09568362705726721
2026-03-24 16:30:00+00:00,0.11337362705726721
2026-03-24 16:45:00+00:00,0.1350136270572672
2026-03-24 17:00:00+00:00,0.1336451912127124
2026-03-24 17:15:00+00:00,0.14464519121271238
2026-03-24 17:30:00+00:00,0.1350051912127124
2026-03-24 17:45:00+00:00,0.1446551912127124
2026-03-24 18:00:00+00:00,0.13389262851764902
2026-03-24 18:15:00+00:00,0.117582628517649
2026-03-24 18:30:00+00:00,0.125502628517649
2026-03-24 18:45:00+00:00,0.11860262851764891
2026-03-24 19:00:00+00:00,0.11426482602658056
2026-03-24 19:15:00+00:00,0.09165482602658055
2026-03-24 19:30:00+00:00,0.07600482602658055
2026-03-24 19:45:00+00:00,0.06321482602658056
2026-03-24 20:00:00+00:00,0.06698595615932758
2026-03-24 20:15:00+00:00,0.06104595615932758
2026-03-24 20:30:00+00:00,0.043615956159327576
2026-03-24 20:45:00+00:00,0.026365956159327575
2026-03-24 21:00:00+00:00,0.09383944903230014
2026-03-24 21:15:00+00:00,0.08532944903230014
2026-03-24 21:30:00+00:00,0.07151944903230013
2026-03-24 21:45:00+00:00,0.04243944903230014
2026-03-24 22:00:00+00:00,0.055560142821692235
2026-03-24 22:15:00+00:00,0.027530142821692243
2026-03-24 22:30:00+00:00,0.02661014282169224
2026-03-24 22:45:00+00:00,0.01877014282169224
2026-03-24 23:00:00+00:00,0.007256687545316542
2026-03-24 23:15:00+00:00,0.006656687545316542
2026-03-24 23:30:00+00:00,0.006036687545316543
2026-03-24 23:45:00+00:00,0.004316687545316542
2026-03-25 00:00:00+00:00,0.019094703173195053
2026-03-25 00:15:00+00:00,0.017834703173195052
2026-03-25 00:30:00+00:00,0.017744703173195053
2026-03-25 00:45:00+00:00,0.017734703173195053
2026-03-25 01:00:00+00:00,0.0016145400982485378
2026-03-25 01:15:00+00:00,0.0016145400982485378
2026-03-25 01:30:00+00:00,0.0016145400982485378
2026-03-25 01:45:00+00:00,0.0016045400982485378
2026-03-25 02:00:00+00:00,0.0071930772461483595
2026-03-25 02:15:00+00:00,0.0071930772461483595
2026-03-25 02:30:00+00:00,0.0071930772461483595
2026-03-25 02:45:00+00:00,0.0071930772461483595
2026-03-25 03:00:00+00:00,0.005572916797793919
2026-03-25 03:15:00+00:00,0.005572916797793919
2026-03-25 03:30:00+00:00,0.005582916797793919
2026-03-25 03:45:00+00:00,0.005582916797793919
2026-03-25 04:00:00+00:00,-0.001682018964608792
2026-03-25 04:15:00+00:00,-0.001682018964608792
2026-03-25 04:30:00+00:00,-0.0015820189646087919
2026-03-25 04:45:00+00:00,-0.0003220189646087918
2026-03-25 05:00:00+00:00,-0.00730368355192616
2026-03-25 05:15:00+00:00,-0.00694368355192616
2026-03-25 05:30:00+00:00,-0.0049536835519261605
2026-03-25 05:45:00+00:00,-0.00524368355192616
2026-03-25 06:00:00+00:00,0.05255435547610747
2026-03-25 06:15:00+00:00,0.05068435547610757
2026-03-25 06:30:00+00:00,0.05029435547610757
2026-03-25 06:45:00+00:00,0.04481435547610757
2026-03-25 07:00:00+00:00,-0.0046944566083620565
2026-03-25 07:15:00+00:00,-0.008284456608362058
2026-03-25 07:30:00+00:00,-0.008304456608362057
2026-03-25 07:45:00+00:00,-0.008304456608362057
2026-03-25 08:00:00+00:00,-0.012235292775042714
2026-03-25 08:15:00+00:00,-0.012245292775042714
2026-03-25 08:30:00+00:00,-0.012275292775042714
2026-03-25 08:45:00+00:00,-0.012305292775042715
2026-03-25 09:00:00+00:00,0.007964793522103945
2026-03-25 09:15:00+00:00,0.007954793522103945
2026-03-25 09:30:00+00:00,0.007934793522103944
2026-03-25 09:45:00+00:00,0.007934793522103944
2026-03-25 10:00:00+00:00,0.004617745389820137
2026-03-25 10:15:00+00:00,0.004617745389820137
2026-03-25 10:30:00+00:00,0.004617745389820137
2026-03-25 10:45:00+00:00,0.004617745389820137
2026-03-25 11:00:00+00:00,-0.025822601301816118
2026-03-25 11:15:00+00:00,-0.025822601301816118
2026-03-25 11:30:00+00:00,-0.025822601301816118
2026-03-25 11:45:00+00:00,-0.025822601301816118
2026-03-25 12:00:00+00:00,0.020618858583729967
2026-03-25 12:15:00+00:00,0.020618858583729967
2026-03-25 12:30:00+00:00,0.020618858583729967
2026-03-25 12:45:00+00:00,0.020618858583729967
2026-03-25 13:00:00+00:00,-0.0017407955920299856
2026-03-25 13:15:00+00:00,-0.0017307955920299856
2026-03-25 13:30:00+00:00,-0.0017307955920299856
2026-03-25 13:45:00+00:00,-0.0016907955920299855
2026-03-25 14:00:00+00:00,-0.02031300823839218
2026-03-25 14:15:00+00:00,-0.017233008238392182
2026-03-25 14:30:00+00:00,-0.014663008238392181
2026-03-25 14:45:00+00:00,-0.01034300823839218
2026-03-25 15:00:00+00:00,0.03191353289279682
2026-03-25 15:15:00+00:00,0.04192353289279671
2026-03-25 15:30:00+00:00,0.07186353289279682
2026-03-25 15:45:00+00:00,0.10928353289279683
2026-03-25 16:00:00+00:00,0.08290659115003256
2026-03-25 16:15:00+00:00,0.10443659115003255
2026-03-25 16:30:00+00:00,0.11990659115003245
2026-03-25 16:45:00+00:00,0.13408659115003255
2026-03-25 17:00:00+00:00,0.08758444001739528
2026-03-25 17:15:00+00:00,0.09257444001739527
2026-03-25 17:30:00+00:00,0.11938444001739527
2026-03-25 17:45:00+00:00,0.1468344400173953
2026-03-25 18:00:00+00:00,0.2079951737686897
2026-03-25 18:15:00+00:00,0.1999451737686897
2026-03-25 18:30:00+00:00,0.18637517376868973
2026-03-25 18:45:00+00:00,0.18400517376868963
2026-03-25 19:00:00+00:00,0.16477519371165755
2026-03-25 19:15:00+00:00,0.15502519371165754
2026-03-25 19:30:00+00:00,0.13982519371165755
2026-03-25 19:45:00+00:00,0.12842519371165745
2026-03-25 20:00:00+00:00,0.12239264959352564
2026-03-25 20:15:00+00:00,0.11983264959352564
2026-03-25 20:30:00+00:00,0.11204264959352564
2026-03-25 20:45:00+00:00,0.10282264959352565
2026-03-25 21:00:00+00:00,0.14124976864253697
2026-03-25 21:15:00+00:00,0.14010976864253696
2026-03-25 21:30:00+00:00,0.13938976864253697
2026-03-25 21:45:00+00:00,0.12852976864253696
2026-03-25 22:00:00+00:00,0.1058470464997117
2026-03-25 22:15:00+00:00,0.0915970464997117
2026-03-25 22:30:00+00:00,0.09057704649971171
2026-03-25 22:45:00+00:00,0.0788970464997117
2026-03-25 23:00:00+00:00,0.10628398235864785
2026-03-25 23:15:00+00:00,0.10073398235864785
2026-03-25 23:30:00+00:00,0.09647398235864774
2026-03-25 23:45:00+00:00,0.09299398235864784
2026-03-26 00:00:00+00:00,0.08752719377446998
2026-03-26 00:15:00+00:00,0.08439719377446998
2026-03-26 00:30:00+00:00,0.08074719377446998
2026-03-26 00:45:00+00:00,0.07908719377446997
2026-03-26 01:00:00+00:00,0.10344131817647176
2026-03-26 01:15:00+00:00,0.10126131817647174
2026-03-26 01:30:00+00:00,0.10165131817647174
2026-03-26 01:45:00+00:00,0.10283131817647176
2026-03-26 02:00:00+00:00,0.10289742909738016
2026-03-26 02:15:00+00:00,0.10042742909738016
2026-03-26 02:30:00+00:00,0.10600742909738016
2026-03-26 02:45:00+00:00,0.10517742909738016
2026-03-26 03:00:00+00:00,0.09575974293707308
2026-03-26 03:15:00+00:00,0.09692974293707318
2026-03-26 03:30:00+00:00,0.09802974293707319
2026-03-26 03:45:00+00:00,0.10066974293707319
2026-03-26 04:00:00+00:00,0.08348425008610869
2026-03-26 04:15:00+00:00,0.08295425008610868
2026-03-26 04:30:00+00:00,0.09569425008610868
2026-03-26 04:45:00+00:00,0.10087425008610869
2026-03-26 05:00:00+00:00,0.10631742006135865
2026-03-26 05:15:00+00:00,0.12508742006135867
2026-03-26 05:30:00+00:00,0.12996742006135867
2026-03-26 05:45:00+00:00,0.12929742006135866
2026-03-26 06:00:00+00:00,0.1440274693417726
2026-03-26 06:15:00+00:00,0.1468074693417726
2026-03-26 06:30:00+00:00,0.1326474693417726
2026-03-26 06:45:00+00:00,0.12076746934177261
2026-03-26 07:00:00+00:00,0.12669783026937415
2026-03-26 07:15:00+00:00,0.11494783026937415
2026-03-26 07:30:00+00:00,0.09213783026937415
2026-03-26 07:45:00+00:00,0.07136783026937416
2026-03-26 08:00:00+00:00,0.08500591258329662
2026-03-26 08:15:00+00:00,0.062265912583296626
2026-03-26 08:30:00+00:00,0.050705912583296625
2026-03-26 08:45:00+00:00,0.04350591258329663
2026-03-26 09:00:00+00:00,0.08946451495982191
2026-03-26 09:15:00+00:00,0.05994451495982192
2026-03-26 09:30:00+00:00,0.03416451495982192
2026-03-26 09:45:00+00:00,0.02537451495982192
2026-03-26 10:00:00+00:00,-0.027738876571425087
2026-03-26 10:15:00+00:00,-0.03280887657142509
2026-03-26 10:30:00+00:00,-0.03774887657142509
2026-03-26 10:45:00+00:00,-0.03797887657142509
2026-03-26 11:00:00+00:00,0.01039435360048003
2026-03-26 11:15:00+00:00,0.00839435360048003
2026-03-26 11:30:00+00:00,0.004864353600480031
2026-03-26 11:45:00+00:00,0.003924353600480031
2026-03-26 12:00:00+00:00,-0.007664625291876918
2026-03-26 12:15:00+00:00,-0.008584625291876917
2026-03-26 12:30:00+00:00,-0.008644625291876918
2026-03-26 12:45:00+00:00,-0.007724625291876917
2026-03-26 13:00:00+00:00,0.024258618487767326
2026-03-26 13:15:00+00:00,0.026548618487767225
2026-03-26 13:30:00+00:00,0.03282861848776732
2026-03-26 13:45:00+00:00,0.03612861848776733
2026-03-26 14:00:00+00:00,0.0009326774070657438
2026-03-26 14:15:00+00:00,0.011002677407065745
2026-03-26 14:30:00+00:00,0.030952677407065744
2026-03-26 14:45:00+00:00,0.07058267740706574
2026-03-26 15:00:00+00:00,0.050797814288022505
2026-03-26 15:15:00+00:00,0.0857978142880225
2026-03-26 15:30:00+00:00,0.0921878142880224
2026-03-26 15:45:00+00:00,0.1229578142880225
2026-03-26 16:00:00+00:00,0.06956683344267572
2026-03-26 16:15:00+00:00,0.10179683344267573
2026-03-26 16:30:00+00:00,0.12088683344267571
2026-03-26 16:45:00+00:00,0.1422668334426757
2026-03-26 17:00:00+00:00,0.13353008641869338
2026-03-26 17:15:00+00:00,0.14934008641869337
2026-03-26 17:30:00+00:00,0.16288008641869337
2026-03-26 17:45:00+00:00,0.18428008641869337
2026-03-26 18:00:00+00:00,0.1780091386925745
2026-03-26 18:15:00+00:00,0.1815491386925745
2026-03-26 18:30:00+00:00,0.1832391386925745
2026-03-26 18:45:00+00:00,0.1802391386925745
2026-03-26 19:00:00+00:00,0.1625006847060883
2026-03-26 19:15:00+00:00,0.14716068470608829
2026-03-26 19:30:00+00:00,0.1392606847060883
2026-03-26 19:45:00+00:00,0.13206068470608828
2026-03-26 20:00:00+00:00,0.16524138146630574
2026-03-26 20:15:00+00:00,0.15126138146630563
2026-03-26 20:30:00+00:00,0.14213138146630575
2026-03-26 20:45:00+00:00,0.13663138146630574
2026-03-26 21:00:00+00:00,0.11281111514278151
2026-03-26 21:15:00+00:00,0.10325111514278153
2026-03-26 21:30:00+00:00,0.10588111514278152
2026-03-26 21:45:00+00:00,0.10251111514278152
2026-03-26 22:00:00+00:00,0.12918305050152357
2026-03-26 22:15:00+00:00,0.11947305050152354
2026-03-26 22:30:00+00:00,0.12135305050152355
2026-03-26 22:45:00+00:00,0.11174305050152354
2026-03-26 23:00:00+00:00,0.1414632136992521
2026-03-26 23:15:00+00:00,0.1372432136992521
2026-03-26 23:30:00+00:00,0.13409321369925212
2026-03-26 23:45:00+00:00,0.1325832136992521
2026-03-27 00:00:00+00:00,0.13427798058816381
2026-03-27 00:15:00+00:00,0.1315279805881638
2026-03-27 00:30:00+00:00,0.13145798058816383
2026-03-27 00:45:00+00:00,0.1292479805881638
2026-03-27 01:00:00+00:00,0.15613406973456623
2026-03-27 01:15:00+00:00,0.15335406973456622
2026-03-27 01:30:00+00:00,0.1505140697345662
2026-03-27 01:45:00+00:00,0.15022406973456623
2026-03-27 02:00:00+00:00,0.10247204350396827
2026-03-27 02:15:00+00:00,0.10546204350396826
2026-03-27 02:30:00+00:00,0.10297204350396827
2026-03-27 02:45:00+00:00,0.10431204350396826
2026-03-27 03:00:00+00:00,0.0923285677986766
2026-03-27 03:15:00+00:00,0.0933885677986766
2026-03-27 03:30:00+00:00,0.0955885677986766
2026-03-27 03:45:00+00:00,0.0983185677986766
2026-03-27 04:00:00+00:00,0.10152940621714067
2026-03-27 04:15:00+00:00,0.11072940621714067
2026-03-27 04:30:00+00:00,0.12571940621714067
2026-03-27 04:45:00+00:00,0.13478940621714067
2026-03-27 05:00:00+00:00,0.16433542370899273
2026-03-27 05:15:00+00:00,0.18112542370899273
2026-03-27 05:30:00+00:00,0.19123542370899274
2026-03-27 05:45:00+00:00,0.20236542370899263
2026-03-27 06:00:00+00:00,0.21288917676091473
2026-03-27 06:15:00+00:00,0.20050917676091473
2026-03-27 06:30:00+00:00,0.18006917676091472
2026-03-27 06:45:00+00:00,0.14870917676091472
2026-03-27 07:00:00+00:00,0.1960689338463947
2026-03-27 07:15:00+00:00,0.1532789338463947
2026-03-27 07:30:00+00:00,0.1386489338463947
2026-03-27 07:45:00+00:00,0.10974893384639471
2026-03-27 08:00:00+00:00,0.11577601865452938
2026-03-27 08:15:00+00:00,0.10157601865452939
2026-03-27 08:30:00+00:00,0.08874601865452927
2026-03-27 08:45:00+00:00,0.06737601865452938
2026-03-27 09:00:00+00:00,0.11530094447341932
2026-03-27 09:15:00+00:00,0.10422094447341933
2026-03-27 09:30:00+00:00,0.10062094447341932
2026-03-27 09:45:00+00:00,0.08526094447341932
2026-03-27 10:00:00+00:00,0.06280643625654005
2026-03-27 10:15:00+00:00,0.05542643625654005
2026-03-27 10:30:00+00:00,0.04632643625654005
2026-03-27 10:45:00+00:00,0.03666643625654005
2026-03-27 11:00:00+00:00,0.09203533278420566
2026-03-27 11:15:00+00:00,0.08628533278420555
2026-03-27 11:30:00+00:00,0.08230533278420565
2026-03-27 11:45:00+00:00,0.07783533278420565
2026-03-27 12:00:00+00:00,0.11371452914987146
2026-03-27 12:15:00+00:00,0.11169452914987146
2026-03-27 12:30:00+00:00,0.11040452914987146
2026-03-27 12:45:00+00:00,0.11260452914987146
2026-03-27 13:00:00+00:00,0.06500342415758088
2026-03-27 13:15:00+00:00,0.07435342415758088
2026-03-27 13:30:00+00:00,0.08903342415758088
2026-03-27 13:45:00+00:00,0.09484342415758087
2026-03-27 14:00:00+00:00,0.08954442794995641
2026-03-27 14:15:00+00:00,0.10270442794995642
2026-03-27 14:30:00+00:00,0.10603442794995642
2026-03-27 14:45:00+00:00,0.11386442794995642
2026-03-27 15:00:00+00:00,0.08158385730477413
2026-03-27 15:15:00+00:00,0.09096385730477413
2026-03-27 15:30:00+00:00,0.09192385730477413
2026-03-27 15:45:00+00:00,0.11163385730477414
2026-03-27 16:00:00+00:00,0.0723479015712787
2026-03-27 16:15:00+00:00,0.0975079015712787
2026-03-27 16:30:00+00:00,0.1133279015712787
2026-03-27 16:45:00+00:00,0.1399679015712787
2026-03-27 17:00:00+00:00,0.13473522193684265
2026-03-27 17:15:00+00:00,0.14792522193684265
2026-03-27 17:30:00+00:00,0.15238522193684265
2026-03-27 17:45:00+00:00,0.15638522193684265
2026-03-27 18:00:00+00:00,0.17289839488846384
2026-03-27 18:15:00+00:00,0.15752839488846393
2026-03-27 18:30:00+00:00,0.13816839488846394
2026-03-27 18:45:00+00:00,0.12405839488846392
2026-03-27 19:00:00+00:00,0.1483117476173306
2026-03-27 19:15:00+00:00,0.12355174761733059
2026-03-27 19:30:00+00:00,0.10093174761733059
2026-03-27 19:45:00+00:00,0.09241174761733059
2026-03-27 20:00:00+00:00,0.15577782031653079
2026-03-27 20:15:00+00:00,0.15414782031653076
2026-03-27 20:30:00+00:00,0.15142782031653076
2026-03-27 20:45:00+00:00,0.14121782031653077
2026-03-27 21:00:00+00:00,0.12811376264684263
2026-03-27 21:15:00+00:00,0.12291376264684262
2026-03-27 21:30:00+00:00,0.12260376264684261
2026-03-27 21:45:00+00:00,0.1130637626468426
2026-03-27 22:00:00+00:00,0.12062663945537815
2026-03-27 22:15:00+00:00,0.11386663945537814
2026-03-27 22:30:00+00:00,0.11222663945537814
2026-03-27 22:45:00+00:00,0.10523663945537814
2026-03-27 23:00:00+00:00,0.09193181157430509
2026-03-27 23:15:00+00:00,0.09336181157430509
2026-03-27 23:30:00+00:00,0.08857181157430509
2026-03-27 23:45:00+00:00,0.08396181157430509
2026-03-28 00:00:00+00:00,0.0928235484223147
2026-03-28 00:15:00+00:00,0.0901235484223147
2026-03-28 00:30:00+00:00,0.0884635484223147
2026-03-28 00:45:00+00:00,0.0865435484223147
2026-03-28 01:00:00+00:00,0.10981331435108047
2026-03-28 01:15:00+00:00,0.10746331435108046
2026-03-28 01:30:00+00:00,0.10632331435108046
2026-03-28 01:45:00+00:00,0.10548331435108046
2026-03-28 02:00:00+00:00,0.08696581565033687
2026-03-28 02:15:00+00:00,0.08683581565033686
2026-03-28 02:30:00+00:00,0.08651581565033688
2026-03-28 02:45:00+00:00,0.08635581565033687
2026-03-28 03:00:00+00:00,0.09728133361161351
2026-03-28 03:15:00+00:00,0.09769133361161352
2026-03-28 03:30:00+00:00,0.0979313336116135
2026-03-28 03:45:00+00:00,0.0985713336116135
2026-03-28 04:00:00+00:00,0.084928482890702
2026-03-28 04:15:00+00:00,0.086348482890702
2026-03-28 04:30:00+00:00,0.089248482890702
2026-03-28 04:45:00+00:00,0.091518482890702
2026-03-28 05:00:00+00:00,0.08473304862436427
2026-03-28 05:15:00+00:00,0.08445304862436427
2026-03-28 05:30:00+00:00,0.08170304862436427
2026-03-28 05:45:00+00:00,0.07564304862436427
2026-03-28 06:00:00+00:00,0.06330839626253801
2026-03-28 06:15:00+00:00,0.0543883962625379
2026-03-28 06:30:00+00:00,0.053268396262538
2026-03-28 06:45:00+00:00,0.04236839626253801
2026-03-28 07:00:00+00:00,0.04434948520350562
2026-03-28 07:15:00+00:00,0.03917948520350563
2026-03-28 07:30:00+00:00,0.03111948520350552
2026-03-28 07:45:00+00:00,0.013189485203505623
2026-03-28 08:00:00+00:00,0.07135388262304304
2026-03-28 08:15:00+00:00,0.044383882623043144
2026-03-28 08:30:00+00:00,0.03608388262304315
2026-03-28 08:45:00+00:00,0.00858388262304315
2026-03-28 09:00:00+00:00,0.03797810888367997
2026-03-28 09:15:00+00:00,0.017828108883679975
2026-03-28 09:30:00+00:00,0.010938108883679977
2026-03-28 09:45:00+00:00,0.007738108883679976
2026-03-28 10:00:00+00:00,-0.014582233491386995
2026-03-28 10:15:00+00:00,-0.015592233491387096
2026-03-28 10:30:00+00:00,-0.016502233491386995
2026-03-28 10:45:00+00:00,-0.017282233491386995
2026-03-28 11:00:00+00:00,0.006366535236073514
2026-03-28 11:15:00+00:00,0.004286535236073513
2026-03-28 11:30:00+00:00,0.005796535236073513
2026-03-28 11:45:00+00:00,0.0077965352360735134
2026-03-28 12:00:00+00:00,0.007387686379366983
2026-03-28 12:15:00+00:00,0.007687686379366983
2026-03-28 12:30:00+00:00,0.009507686379366984
2026-03-28 12:45:00+00:00,0.010757686379366983
2026-03-28 13:00:00+00:00,-0.03164596662408988
2026-03-28 13:15:00+00:00,-0.029615966624089878
2026-03-28 13:30:00+00:00,-0.01457596662408988
2026-03-28 13:45:00+00:00,-0.0007259666240898785
2026-03-28 14:00:00+00:00,0.007224873217106655
2026-03-28 14:15:00+00:00,0.028184873217106655
2026-03-28 14:30:00+00:00,0.04676487321710665
2026-03-28 14:45:00+00:00,0.06753487321710665
2026-03-28 15:00:00+00:00,0.0678333455052471
2026-03-28 15:15:00+00:00,0.0816033455052471
2026-03-28 15:30:00+00:00,0.0958833455052471
2026-03-28 15:45:00+00:00,0.1088233455052471
2026-03-28 16:00:00+00:00,0.09655208198773364
2026-03-28 16:15:00+00:00,0.10700208198773364
2026-03-28 16:30:00+00:00,0.12942208198773364
2026-03-28 16:45:00+00:00,0.13683208198773364
2026-03-28 17:00:00+00:00,0.10322158753831462
2026-03-28 17:15:00+00:00,0.11340158753831461
2026-03-28 17:30:00+00:00,0.12015158753831462
2026-03-28 17:45:00+00:00,0.1341315875383146
2026-03-28 18:00:00+00:00,0.1609114329179707
2026-03-28 18:15:00+00:00,0.1592514329179707
2026-03-28 18:30:00+00:00,0.15787143291797068
2026-03-28 18:45:00+00:00,0.1498914329179707
2026-03-28 19:00:00+00:00,0.18057641007003444
2026-03-28 19:15:00+00:00,0.16768641007003446
2026-03-28 19:30:00+00:00,0.15613641007003445
2026-03-28 19:45:00+00:00,0.14655641007003445
2026-03-28 20:00:00+00:00,0.1554184703588055
2026-03-28 20:15:00+00:00,0.1464684703588055
2026-03-28 20:30:00+00:00,0.1425384703588054
2026-03-28 20:45:00+00:00,0.13906847035880548
2026-03-28 21:00:00+00:00,0.1257591537380728
2026-03-28 21:15:00+00:00,0.1251191537380728
2026-03-28 21:30:00+00:00,0.12425915373807282
2026-03-28 21:45:00+00:00,0.11917915373807281
2026-03-28 22:00:00+00:00,0.12140108294708754
2026-03-28 22:15:00+00:00,0.10945108294708754
2026-03-28 22:30:00+00:00,0.11232108294708754
2026-03-28 22:45:00+00:00,0.10075108294708754
2026-03-28 23:00:00+00:00,0.1143159937363961
2026-03-28 23:15:00+00:00,0.10866599373639611
2026-03-28 23:30:00+00:00,0.09671599373639611
2026-03-28 23:45:00+00:00,0.09228599373639611
2026-03-29 00:00:00+00:00,0.12064604085594825
2026-03-29 00:15:00+00:00,0.11610604085594825
2026-03-29 00:30:00+00:00,0.11560604085594825
2026-03-29 00:45:00+00:00,0.11281604085594825
2026-03-29 01:00:00+00:00,0.10569497392706023
2026-03-29 01:15:00+00:00,0.10384497392706023
2026-03-29 01:30:00+00:00,0.10476497392706023
2026-03-29 01:45:00+00:00,0.10469497392706023
2026-03-29 02:00:00+00:00,0.12097509995729881
2026-03-29 02:15:00+00:00,0.11491509995729882
2026-03-29 02:30:00+00:00,0.11588509995729881
2026-03-29 02:45:00+00:00,0.11538509995729881
2026-03-29 03:00:00+00:00,0.10599313969359868
2026-03-29 03:15:00+00:00,0.10610313969359868
2026-03-29 03:30:00+00:00,0.10766313969359868
2026-03-29 03:45:00+00:00,0.10835313969359868
2026-03-29 04:00:00+00:00,0.11737452916631652
2026-03-29 04:15:00+00:00,0.12034452916631652
2026-03-29 04:30:00+00:00,0.1286345291663165
2026-03-29 04:45:00+00:00,0.1328445291663165
2026-03-29 05:00:00+00:00,0.1214081079374513
2026-03-29 05:15:00+00:00,0.11697810793745131
2026-03-29 05:30:00+00:00,0.11473810793745132
2026-03-29 05:45:00+00:00,0.11394810793745119
2026-03-29 06:00:00+00:00,0.13688840749255393
2026-03-29 06:15:00+00:00,0.13941840749255394
2026-03-29 06:30:00+00:00,0.12340840749255394
2026-03-29 06:45:00+00:00,0.11732840749255394
2026-03-29 07:00:00+00:00,0.12824109355317112
2026-03-29 07:15:00+00:00,0.11082109355317121
2026-03-29 07:30:00+00:00,0.10506109355317121
2026-03-29 07:45:00+00:00,0.09747109355317121
2026-03-29 08:00:00+00:00,0.08317707709730084
2026-03-29 08:15:00+00:00,0.06912707709730094
2026-03-29 08:30:00+00:00,0.05576707709730095
2026-03-29 08:45:00+00:00,0.032027077097300946
2026-03-29 09:00:00+00:00,0.03737592383188698
2026-03-29 09:15:00+00:00,0.022065923831886984
2026-03-29 09:30:00+00:00,0.009685923831886982
2026-03-29 09:45:00+00:00,-0.023234076168113016
2026-03-29 10:00:00+00:00,0.054591194066321874
2026-03-29 10:15:00+00:00,0.03614119406632187
2026-03-29 10:30:00+00:00,0.03305119406632187
2026-03-29 10:45:00+00:00,0.028581194066321872
2026-03-29 11:00:00+00:00,0.005806023169256357
2026-03-29 11:15:00+00:00,0.004716023169256357
2026-03-29 11:30:00+00:00,0.004656023169256357
2026-03-29 11:45:00+00:00,0.0036660231692563572
2026-03-29 12:00:00+00:00,-0.03251313719733774
2026-03-29 12:15:00+00:00,-0.03271313719733775
2026-03-29 12:30:00+00:00,-0.033613137197337745
2026-03-29 12:45:00+00:00,-0.034313137197337744
2026-03-29 13:00:00+00:00,-0.015136207963033999
2026-03-29 13:15:00+00:00,-0.015516207963033997
2026-03-29 13:30:00+00:00,-0.015186207963033996
2026-03-29 13:45:00+00:00,-0.015026207963033998
2026-03-29 14:00:00+00:00,0.014102946500465799
2026-03-29 14:15:00+00:00,0.014182946500465799
2026-03-29 14:30:00+00:00,0.014182946500465799
2026-03-29 14:45:00+00:00,0.0177529465004658
2026-03-29 15:00:00+00:00,-0.002638973499427146
2026-03-29 15:15:00+00:00,0.009271026500572852
2026-03-29 15:30:00+00:00,0.029111026500572856
2026-03-29 15:45:00+00:00,0.07694102650057286
2026-03-29 16:00:00+00:00,0.04864103303873727
2026-03-29 16:15:00+00:00,0.07150103303873727
2026-03-29 16:30:00+00:00,0.08857103303873727
2026-03-29 16:45:00+00:00,0.11069103303873727
2026-03-29 17:00:00+00:00,0.12498076203171712
2026-03-29 17:15:00+00:00,0.13458076203171715
2026-03-29 17:30:00+00:00,0.13436076203171712
2026-03-29 17:45:00+00:00,0.13175076203171712
2026-03-29 18:00:00+00:00,0.10046642923385475
2026-03-29 18:15:00+00:00,0.08866642923385465
2026-03-29 18:30:00+00:00,0.061936429233854756
2026-03-29 18:45:00+00:00,0.05267642923385475
2026-03-29 19:00:00+00:00,0.0816641839673809
2026-03-29 19:15:00+00:00,0.0706441839673809
2026-03-29 19:30:00+00:00,0.04925418396738091
2026-03-29 19:45:00+00:00,0.03902418396738091
2026-03-29 20:00:00+00:00,0.10047415976042787
2026-03-29 20:15:00+00:00,0.08187415976042778
2026-03-29 20:30:00+00:00,0.06611415976042788
2026-03-29 20:45:00+00:00,0.03447415976042787
2026-03-29 21:00:00+00:00,0.062364486139654736
2026-03-29 21:15:00+00:00,0.03197448613965484
2026-03-29 21:30:00+00:00,0.024764486139654842
2026-03-29 21:45:00+00:00,0.01213448613965484
2026-03-29 22:00:00+00:00,0.026880146598379735
2026-03-29 22:15:00+00:00,0.01855014659837973
2026-03-29 22:30:00+00:00,0.014290146598379735
2026-03-29 22:45:00+00:00,0.013550146598379734
2026-03-29 23:00:00+00:00,0.020993711460619735
2026-03-29 23:15:00+00:00,0.019883711460619735
2026-03-29 23:30:00+00:00,0.018333711460619736
2026-03-29 23:45:00+00:00,0.016963711460619736
2026-03-30 00:00:00+00:00,0.009128819478901375
2026-03-30 00:15:00+00:00,0.008148819478901375
2026-03-30 00:30:00+00:00,0.008618819478901375
2026-03-30 00:45:00+00:00,0.008778819478901375
2026-03-30 01:00:00+00:00,0.012072275416817586
2026-03-30 01:15:00+00:00,0.012792275416817586
2026-03-30 01:30:00+00:00,0.012902275416817587
2026-03-30 01:45:00+00:00,0.013502275416817587
2026-03-30 02:00:00+00:00,-0.0025728883273258953
2026-03-30 02:15:00+00:00,-0.0012228883273258952
2026-03-30 02:30:00+00:00,-0.0006828883273258951
2026-03-30 02:45:00+00:00,0.0028571116726741046
2026-03-30 03:00:00+00:00,0.004692061532903385
2026-03-30 03:15:00+00:00,0.008772061532903384
2026-03-30 03:30:00+00:00,0.018382061532903383
2026-03-30 03:45:00+00:00,0.046452061532903384
2026-03-30 04:00:00+00:00,0.028025906618148397
2026-03-30 04:15:00+00:00,0.0654759066181484
2026-03-30 04:30:00+00:00,0.08993590661814839
2026-03-30 04:45:00+00:00,0.09194590661814839
2026-03-30 05:00:00+00:00,0.0770723603556026
2026-03-30 05:15:00+00:00,0.0934323603556026
2026-03-30 05:30:00+00:00,0.10447236035560259
2026-03-30 05:45:00+00:00,0.10208236035560259
2026-03-30 06:00:00+00:00,0.13092517513245105
2026-03-30 06:15:00+00:00,0.12245517513245105
2026-03-30 06:30:00+00:00,0.12258517513245105
2026-03-30 06:45:00+00:00,0.11770517513245106
2026-03-30 07:00:00+00:00,0.12205062668859501
2026-03-30 07:15:00+00:00,0.11236062668859512
2026-03-30 07:30:00+00:00,0.10654062668859511
2026-03-30 07:45:00+00:00,0.08720062668859511
2026-03-30 08:00:00+00:00,0.08680247347235624
2026-03-30 08:15:00+00:00,0.07235247347235625
2026-03-30 08:30:00+00:00,0.08305247347235624
2026-03-30 08:45:00+00:00,0.05643247347235615
2026-03-30 09:00:00+00:00,0.056412565406055694
2026-03-30 09:15:00+00:00,0.035432565406055695
2026-03-30 09:30:00+00:00,0.0243025654060557
2026-03-30 09:45:00+00:00,0.0083725654060557
2026-03-30 10:00:00+00:00,0.04065343800824858
2026-03-30 10:15:00+00:00,0.026273438008248585
2026-03-30 10:30:00+00:00,0.021153438008248586
2026-03-30 10:45:00+00:00,0.011243438008248584
2026-03-30 11:00:00+00:00,0.01703518204561799
2026-03-30 11:15:00+00:00,0.015035182045617991
2026-03-30 11:30:00+00:00,0.009395182045617992
2026-03-30 11:45:00+00:00,0.002075182045617992
2026-03-30 12:00:00+00:00,0.012949650556380098
2026-03-30 12:15:00+00:00,0.012219650556380099
2026-03-30 12:30:00+00:00,0.0111396505563801
2026-03-30 12:45:00+00:00,0.008059650556380098
2026-03-30 13:00:00+00:00,0.04992420608699556
2026-03-30 13:15:00+00:00,0.051274206086995566
2026-03-30 13:30:00+00:00,0.052204206086995567
2026-03-30 13:45:00+00:00,0.06052420608699556
2026-03-30 14:00:00+00:00,0.000355840509413707
2026-03-30 14:15:00+00:00,0.013715840509413707
2026-03-30 14:30:00+00:00,0.03463584050941371
2026-03-30 14:45:00+00:00,0.053375840509413706
2026-03-30 15:00:00+00:00,0.053219427442000485
2026-03-30 15:15:00+00:00,0.07321942744200038
2026-03-30 15:30:00+00:00,0.0945494274420005
2026-03-30 15:45:00+00:00,0.11984942744200049
2026-03-30 16:00:00+00:00,0.10463265325364958
2026-03-30 16:15:00+00:00,0.12466265325364957
2026-03-30 16:30:00+00:00,0.12901265325364947
2026-03-30 16:45:00+00:00,0.13953265325364958
2026-03-30 17:00:00+00:00,0.1158607542398482
2026-03-30 17:15:00+00:00,0.1190807542398482
2026-03-30 17:30:00+00:00,0.1240707542398482
2026-03-30 17:45:00+00:00,0.1348007542398482
2026-03-30 18:00:00+00:00,0.16774716618543262
2026-03-30 18:15:00+00:00,0.16735716618543262
2026-03-30 18:30:00+00:00,0.1703071661854326
2026-03-30 18:45:00+00:00,0.1688471661854326
2026-03-30 19:00:00+00:00,0.12904364733259888
2026-03-30 19:15:00+00:00,0.11787364733259886
2026-03-30 19:30:00+00:00,0.12103364733259889
2026-03-30 19:45:00+00:00,0.10892364733259888
2026-03-30 20:00:00+00:00,0.13547503716988732
2026-03-30 20:15:00+00:00,0.1253850371698873
2026-03-30 20:30:00+00:00,0.1260550371698873
2026-03-30 20:45:00+00:00,0.12160503716988731
2026-03-30 21:00:00+00:00,0.10055219655962629
2026-03-30 21:15:00+00:00,0.09547219655962629
2026-03-30 21:30:00+00:00,0.09292219655962629
2026-03-30 21:45:00+00:00,0.0878621965596263
2026-03-30 22:00:00+00:00,0.11654084394128396
2026-03-30 22:15:00+00:00,0.10242084394128396
2026-03-30 22:30:00+00:00,0.09814084394128396
2026-03-30 22:45:00+00:00,0.09404084394128397
2026-03-30 23:00:00+00:00,0.10713408203409361
2026-03-30 23:15:00+00:00,0.1076440820340936
2026-03-30 23:30:00+00:00,0.10765408203409361
2026-03-30 23:45:00+00:00,0.10658408203409361
2026-03-31 00:00:00+00:00,0.11820057003127443
2026-03-31 00:15:00+00:00,0.11694057003127442
2026-03-31 00:30:00+00:00,0.11644057003127442
2026-03-31 00:45:00+00:00,0.11566057003127443
2026-03-31 01:00:00+00:00,0.10650326686128699
2026-03-31 01:15:00+00:00,0.10599326686128699
2026-03-31 01:30:00+00:00,0.10685326686128699
2026-03-31 01:45:00+00:00,0.10624326686128699
2026-03-31 02:00:00+00:00,0.12368583795002247
2026-03-31 02:15:00+00:00,0.12492583795002248
2026-03-31 02:30:00+00:00,0.12440583795002247
2026-03-31 02:45:00+00:00,0.12624583795002248
2026-03-31 03:00:00+00:00,0.09309504239116355
2026-03-31 03:15:00+00:00,0.09767504239116355
2026-03-31 03:30:00+00:00,0.11122504239116356
2026-03-31 03:45:00+00:00,0.12319504239116355
2026-03-31 04:00:00+00:00,0.10766650810447286
2026-03-31 04:15:00+00:00,0.12139650810447286
2026-03-31 04:30:00+00:00,0.14500650810447285
2026-03-31 04:45:00+00:00,0.15030650810447285
2026-03-31 05:00:00+00:00,0.20215487290444042
2026-03-31 05:15:00+00:00,0.20268487290444043
2026-03-31 05:30:00+00:00,0.20412487290444042
2026-03-31 05:45:00+00:00,0.19827487290444043
2026-03-31 06:00:00+00:00,0.21064399237774675
2026-03-31 06:15:00+00:00,0.18746399237774675
2026-03-31 06:30:00+00:00,0.15280399237774675
2026-03-31 06:45:00+00:00,0.13322399237774676
2026-03-31 07:00:00+00:00,0.14992975367808084
2026-03-31 07:15:00+00:00,0.12153975367808084
2026-03-31 07:30:00+00:00,0.11208975367808086
2026-03-31 07:45:00+00:00,0.10577975367808085
2026-03-31 08:00:00+00:00,0.10433312249479788
2026-03-31 08:15:00+00:00,0.09609312249479789
2026-03-31 08:30:00+00:00,0.08535312249479789
2026-03-31 08:45:00+00:00,0.08021312249479788
2026-03-31 09:00:00+00:00,0.08170855410262101
2026-03-31 09:15:00+00:00,0.075758554102621
2026-03-31 09:30:00+00:00,0.06680855410262102
2026-03-31 09:45:00+00:00,0.055838554102621014
2026-03-31 10:00:00+00:00,0.1059891663103713
2026-03-31 10:15:00+00:00,0.09954916631037129
2026-03-31 10:30:00+00:00,0.0953891663103713
2026-03-31 10:45:00+00:00,0.08258916631037129
2026-03-31 11:00:00+00:00,0.06684468224920063
2026-03-31 11:15:00+00:00,0.05420468224920064
2026-03-31 11:30:00+00:00,0.03969468224920064
2026-03-31 11:45:00+00:00,0.03337468224920064
2026-03-31 12:00:00+00:00,0.05354024529157052
2026-03-31 12:15:00+00:00,0.05368024529157051
2026-03-31 12:30:00+00:00,0.056360245291570514
2026-03-31 12:45:00+00:00,0.05973024529157051
2026-03-31 13:00:00+00:00,0.052833048152040415
2026-03-31 13:15:00+00:00,0.06123304815204041
2026-03-31 13:30:00+00:00,0.06159304815204041
2026-03-31 13:45:00+00:00,0.07188304815204043
2026-03-31 14:00:00+00:00,0.07747094211956516
2026-03-31 14:15:00+00:00,0.09384094211956516
2026-03-31 14:30:00+00:00,0.10271094211956516
2026-03-31 14:45:00+00:00,0.10861094211956517
2026-03-31 15:00:00+00:00,0.08050134454577033
2026-03-31 15:15:00+00:00,0.08566134454577033
2026-03-31 15:30:00+00:00,0.09025134454577033
2026-03-31 15:45:00+00:00,0.1252213445457703
2026-03-31 16:00:00+00:00,0.08881669871824018
2026-03-31 16:15:00+00:00,0.12206669871824019
2026-03-31 16:30:00+00:00,0.13895669871824018
2026-03-31 16:45:00+00:00,0.17510669871824017
2026-03-31 17:00:00+00:00,0.157601392225913
2026-03-31 17:15:00+00:00,0.18068139222591298
2026-03-31 17:30:00+00:00,0.186081392225913
2026-03-31 17:45:00+00:00,0.19213139222591288
2026-03-31 18:00:00+00:00,0.20079243717936007
2026-03-31 18:15:00+00:00,0.19178243717936008
2026-03-31 18:30:00+00:00,0.18458243717936007
2026-03-31 18:45:00+00:00,0.17103243717936006
2026-03-31 19:00:00+00:00,0.20727017629808595
2026-03-31 19:15:00+00:00,0.17757017629808594
2026-03-31 19:30:00+00:00,0.16873017629808593
2026-03-31 19:45:00+00:00,0.15777017629808593
2026-03-31 20:00:00+00:00,0.15426654321062763
2026-03-31 20:15:00+00:00,0.14642654321062773
2026-03-31 20:30:00+00:00,0.13807654321062773
2026-03-31 20:45:00+00:00,0.13505654321062774
2026-03-31 21:00:00+00:00,0.1654285701431483
2026-03-31 21:15:00+00:00,0.1620085701431483
2026-03-31 21:30:00+00:00,0.1624085701431483
2026-03-31 21:45:00+00:00,0.1538485701431483
2026-03-31 22:00:00+00:00,0.14535179024476516
2026-03-31 22:15:00+00:00,0.13303179024476516
2026-03-31 22:30:00+00:00,0.12932179024476517
2026-03-31 22:45:00+00:00,0.11966179024476517
2026-03-31 23:00:00+00:00,0.1277268920120135
2026-03-31 23:15:00+00:00,0.11961689201201342
2026-03-31 23:30:00+00:00,0.11961689201201342
2026-03-31 23:45:00+00:00,0.11265689201201352
2026-04-01 00:00:00+00:00,0.10833515191734916
2026-04-01 00:15:00+00:00,0.10683515191734917
2026-04-01 00:30:00+00:00,0.10814515191734916
2026-04-01 00:45:00+00:00,0.10868515191734918
2026-04-01 01:00:00+00:00,0.14758837398005242
2026-04-01 01:15:00+00:00,0.1519083739800524
2026-04-01 01:30:00+00:00,0.1560283739800524
2026-04-01 01:45:00+00:00,0.1578183739800524
2026-04-01 02:00:00+00:00,0.13991892089351915
2026-04-01 02:15:00+00:00,0.14325892089351913
2026-04-01 02:30:00+00:00,0.15043892089351915
2026-04-01 02:45:00+00:00,0.15703892089351915
2026-04-01 03:00:00+00:00,0.14578656232784387
2026-04-01 03:15:00+00:00,0.15458656232784396
2026-04-01 03:30:00+00:00,0.161176562327844
2026-04-01 03:45:00+00:00,0.179376562327844
2026-04-01 04:00:00+00:00,0.17858711621399342
2026-04-01 04:15:00+00:00,0.20014711621399342
2026-04-01 04:30:00+00:00,0.2134571162139934
2026-04-01 04:45:00+00:00,0.22281711621399342
2026-04-01 05:00:00+00:00,0.28761154219758867
2026-04-01 05:15:00+00:00,0.29071154219758866
2026-04-01 05:30:00+00:00,0.27270154219758863
2026-04-01 05:45:00+00:00,0.26349154219758864
2026-04-01 06:00:00+00:00,0.20771350981293943
2026-04-01 06:15:00+00:00,0.18318350981293943
2026-04-01 06:30:00+00:00,0.15274350981293944
2026-04-01 06:45:00+00:00,0.13064350981293943
2026-04-01 07:00:00+00:00,0.19543256337554085
2026-04-01 07:15:00+00:00,0.17224256337554086
2026-04-01 07:30:00+00:00,0.14782256337554076
2026-04-01 07:45:00+00:00,0.11629256337554088
2026-04-01 08:00:00+00:00,0.15204797730776076
2026-04-01 08:15:00+00:00,0.13041797730776078
2026-04-01 08:30:00+00:00,0.11918797730776078
2026-04-01 08:45:00+00:00,0.11225797730776078
2026-04-01 09:00:00+00:00,0.12299645797756598
2026-04-01 09:15:00+00:00,0.11513645797756597
2026-04-01 09:30:00+00:00,0.10668645797756596
2026-04-01 09:45:00+00:00,0.10495645797756598
2026-04-01 10:00:00+00:00,0.11068974793610699
2026-04-01 10:15:00+00:00,0.092949747936107
2026-04-01 10:30:00+00:00,0.09203974793610699
2026-04-01 10:45:00+00:00,0.085329747936107
2026-04-01 11:00:00+00:00,0.10084396952559521
2026-04-01 11:15:00+00:00,0.0930539695255952
2026-04-01 11:30:00+00:00,0.08452396952559521
2026-04-01 11:45:00+00:00,0.07489396952559521
2026-04-01 12:00:00+00:00,0.06665529072053854
2026-04-01 12:15:00+00:00,0.06297529072053853
2026-04-01 12:30:00+00:00,0.06297529072053853
2026-04-01 12:45:00+00:00,0.06330529072053853
2026-04-01 13:00:00+00:00,0.09066629775618405
2026-04-01 13:15:00+00:00,0.09458629775618405
2026-04-01 13:30:00+00:00,0.10293629775618406
2026-04-01 13:45:00+00:00,0.11178629775618405
2026-04-01 14:00:00+00:00,0.08588994033903466
2026-04-01 14:15:00+00:00,0.09917994033903466
2026-04-01 14:30:00+00:00,0.10993994033903465
2026-04-01 14:45:00+00:00,0.13084994033903463
2026-04-01 15:00:00+00:00,0.12876874989097914
2026-04-01 15:15:00+00:00,0.12874874989097915
2026-04-01 15:30:00+00:00,0.13739874989097914
2026-04-01 15:45:00+00:00,0.16091874989097912
2026-04-01 16:00:00+00:00,0.12042935004771389
2026-04-01 16:15:00+00:00,0.151339350047714
2026-04-01 16:30:00+00:00,0.167129350047714
2026-04-01 16:45:00+00:00,0.20679935004771402
2026-04-01 17:00:00+00:00,0.1736400606084534
2026-04-01 17:15:00+00:00,0.1968300606084534
2026-04-01 17:30:00+00:00,0.2114600606084534
2026-04-01 17:45:00+00:00,0.2170500606084534
2026-04-01 18:00:00+00:00,0.1909687286425761
2026-04-01 18:15:00+00:00,0.183868728642576
2026-04-01 18:30:00+00:00,0.1731387286425761
2026-04-01 18:45:00+00:00,0.1493487286425761
2026-04-01 19:00:00+00:00,0.217655340540238
2026-04-01 19:15:00+00:00,0.207555340540238
2026-04-01 19:30:00+00:00,0.20290534054023798
2026-04-01 19:45:00+00:00,0.1910753405402379
2026-04-01 20:00:00+00:00,0.17194759777333912
2026-04-01 20:15:00+00:00,0.15817759777333923
2026-04-01 20:30:00+00:00,0.15565759777333912
2026-04-01 20:45:00+00:00,0.14273759777333922
2026-04-01 21:00:00+00:00,0.11329743051487164
2026-04-01 21:15:00+00:00,0.10362743051487162
2026-04-01 21:30:00+00:00,0.09635743051487163
2026-04-01 21:45:00+00:00,0.08495743051487162
2026-04-01 22:00:00+00:00,0.12098166204510002
2026-04-01 22:15:00+00:00,0.11002166204510003
2026-04-01 22:30:00+00:00,0.10313166204510003
2026-04-01 22:45:00+00:00,0.10088166204510003
2026-04-01 23:00:00+00:00,0.09344880692062904
2026-04-01 23:15:00+00:00,0.08737880692062902
2026-04-01 23:30:00+00:00,0.08462880692062903
2026-04-01 23:45:00+00:00,0.08259880692062903
2026-04-02 00:00:00+00:00,0.11721851833943527
2026-04-02 00:15:00+00:00,0.11475851833943526
2026-04-02 00:30:00+00:00,0.11406851833943527
2026-04-02 00:45:00+00:00,0.11174851833943526
2026-04-02 01:00:00+00:00,0.10799186745263702
2026-04-02 01:15:00+00:00,0.10541186745263702
2026-04-02 01:30:00+00:00,0.10662186745263702
2026-04-02 01:45:00+00:00,0.10776186745263702
2026-04-02 02:00:00+00:00,0.0968128256473553
2026-04-02 02:15:00+00:00,0.0963628256473553
2026-04-02 02:30:00+00:00,0.1003128256473553
2026-04-02 02:45:00+00:00,0.1017228256473553
2026-04-02 03:00:00+00:00,0.14524013261939414
2026-04-02 03:15:00+00:00,0.15012013261939416
2026-04-02 03:30:00+00:00,0.15625013261939413
2026-04-02 03:45:00+00:00,0.17336013261939415
2026-04-02 04:00:00+00:00,0.14108738703915039
2026-04-02 04:15:00+00:00,0.1601273870391504
2026-04-02 04:30:00+00:00,0.17169738703915038
2026-04-02 04:45:00+00:00,0.1756473870391504
2026-04-02 05:00:00+00:00,0.17696182821771586
2026-04-02 05:15:00+00:00,0.18002182821771587
2026-04-02 05:30:00+00:00,0.17486182821771587
2026-04-02 05:45:00+00:00,0.16155182821771588
2026-04-02 06:00:00+00:00,0.1798218185279348
2026-04-02 06:15:00+00:00,0.1563518185279348
2026-04-02 06:30:00+00:00,0.1369418185279348
2026-04-02 06:45:00+00:00,0.0890818185279348
2026-04-02 07:00:00+00:00,0.10865102797561266
2026-04-02 07:15:00+00:00,0.09865102797561265
2026-04-02 07:30:00+00:00,0.09506102797561265
2026-04-02 07:45:00+00:00,0.08131102797561264
2026-04-02 08:00:00+00:00,0.10858628942921816
2026-04-02 08:15:00+00:00,0.09956628942921827
2026-04-02 08:30:00+00:00,0.09261628942921826
2026-04-02 08:45:00+00:00,0.06458628942921826
2026-04-02 09:00:00+00:00,0.09160895158595393
2026-04-02 09:15:00+00:00,0.08192895158595394
2026-04-02 09:30:00+00:00,0.07512895158595394
2026-04-02 09:45:00+00:00,0.06104895158595393
2026-04-02 10:00:00+00:00,0.04090086085022035
2026-04-02 10:15:00+00:00,0.02831086085022036
2026-04-02 10:30:00+00:00,0.021430860850220355
2026-04-02 10:45:00+00:00,0.011900860850220359
2026-04-02 11:00:00+00:00,0.04649691536431177
2026-04-02 11:15:00+00:00,0.03988691536431177
2026-04-02 11:30:00+00:00,0.038786915364311766
2026-04-02 11:45:00+00:00,0.031396915364311766
2026-04-02 12:00:00+00:00,0.04287857008131761
2026-04-02 12:15:00+00:00,0.05022857008131761
2026-04-02 12:30:00+00:00,0.05500857008131761
2026-04-02 12:45:00+00:00,0.0643585700813175
2026-04-02 13:00:00+00:00,0.04859670198513397
2026-04-02 13:15:00+00:00,0.06903670198513397
2026-04-02 13:30:00+00:00,0.07534670198513396
2026-04-02 13:45:00+00:00,0.08628670198513397
2026-04-02 14:00:00+00:00,0.06506420789843154
2026-04-02 14:15:00+00:00,0.07823420789843154
2026-04-02 14:30:00+00:00,0.08187420789843144
2026-04-02 14:45:00+00:00,0.08607420789843154
2026-04-02 15:00:00+00:00,0.08881621132229624
2026-04-02 15:15:00+00:00,0.09323621132229624
2026-04-02 15:30:00+00:00,0.10294621132229624
2026-04-02 15:45:00+00:00,0.11058621132229624
2026-04-02 16:00:00+00:00,0.11515026813905516
2026-04-02 16:15:00+00:00,0.12321026813905514
2026-04-02 16:30:00+00:00,0.13642026813905514
2026-04-02 16:45:00+00:00,0.14976026813905516
2026-04-02 17:00:00+00:00,0.14422842177519407
2026-04-02 17:15:00+00:00,0.15746842177519407
2026-04-02 17:30:00+00:00,0.1702484217751941
2026-04-02 17:45:00+00:00,0.18208842177519408
2026-04-02 18:00:00+00:00,0.18368285444280208
2026-04-02 18:15:00+00:00,0.17205285444280208
2026-04-02 18:30:00+00:00,0.16817285444280208
2026-04-02 18:45:00+00:00,0.15908285444280207
2026-04-02 19:00:00+00:00,0.18274039162212408
2026-04-02 19:15:00+00:00,0.1706103916221241
2026-04-02 19:30:00+00:00,0.1622403916221241
2026-04-02 19:45:00+00:00,0.14994039162212408
2026-04-02 20:00:00+00:00,0.14212145348330807
2026-04-02 20:15:00+00:00,0.13255145348330807
2026-04-02 20:30:00+00:00,0.12466145348330807
2026-04-02 20:45:00+00:00,0.11902145348330807
2026-04-02 21:00:00+00:00,0.12166827387009244
2026-04-02 21:15:00+00:00,0.11539827387009244
2026-04-02 21:30:00+00:00,0.11942827387009244
2026-04-02 21:45:00+00:00,0.10585827387009242
2026-04-02 22:00:00+00:00,0.15288178486668436
2026-04-02 22:15:00+00:00,0.14456178486668436
2026-04-02 22:30:00+00:00,0.13718178486668425
2026-04-02 22:45:00+00:00,0.13194178486668437
2026-04-02 23:00:00+00:00,0.13575408254190913
2026-04-02 23:15:00+00:00,0.1353240825419091
2026-04-02 23:30:00+00:00,0.135634082541909
2026-04-02 23:45:00+00:00,0.12612408254190913
2026-04-03 00:00:00+00:00,0.11955170408282073
2026-04-03 00:15:00+00:00,0.11202170408282072
2026-04-03 00:30:00+00:00,0.10678170408282073
2026-04-03 00:45:00+00:00,0.10779170408282072
2026-04-03 01:00:00+00:00,0.13380323067232983
2026-04-03 01:15:00+00:00,0.13168323067232982
2026-04-03 01:30:00+00:00,0.13002323067232982
2026-04-03 01:45:00+00:00,0.13325323067232983
2026-04-03 02:00:00+00:00,0.13858957146337886
2026-04-03 02:15:00+00:00,0.13904957146337885
2026-04-03 02:30:00+00:00,0.13816957146337885
2026-04-03 02:45:00+00:00,0.13691957146337885
2026-04-03 03:00:00+00:00,0.14478433111960035
2026-04-03 03:15:00+00:00,0.14717433111960035
2026-04-03 03:30:00+00:00,0.14483433111960034
2026-04-03 03:45:00+00:00,0.15175433111960035
2026-04-03 04:00:00+00:00,0.15369608538073
2026-04-03 04:15:00+00:00,0.16501608538073004
2026-04-03 04:30:00+00:00,0.17262608538073
2026-04-03 04:45:00+00:00,0.17186608538073
2026-04-03 05:00:00+00:00,0.12323987691361113
2026-04-03 05:15:00+00:00,0.12291987691361111
2026-04-03 05:30:00+00:00,0.11972987691361112
2026-04-03 05:45:00+00:00,0.11387987691361112
2026-04-03 06:00:00+00:00,0.15683537520988047
2026-04-03 06:15:00+00:00,0.13584537520988046
2026-04-03 06:30:00+00:00,0.12840537520988046
2026-04-03 06:45:00+00:00,0.10410537520988046
2026-04-03 07:00:00+00:00,0.1433472241158594
2026-04-03 07:15:00+00:00,0.1217972241158594
2026-04-03 07:30:00+00:00,0.1038672241158594
2026-04-03 07:45:00+00:00,0.0845372241158594
2026-04-03 08:00:00+00:00,0.12497792913255898
2026-04-03 08:15:00+00:00,0.09397792913255898
2026-04-03 08:30:00+00:00,0.06285792913255897
2026-04-03 08:45:00+00:00,0.053317929132558874
2026-04-03 09:00:00+00:00,0.060069998774936864
2026-04-03 09:15:00+00:00,0.04806999877493687
2026-04-03 09:30:00+00:00,0.03713999877493687
2026-04-03 09:45:00+00:00,0.018829998774936872
2026-04-03 10:00:00+00:00,0.02129326706922378
2026-04-03 10:15:00+00:00,0.00376326706922378
2026-04-03 10:30:00+00:00,-0.007506732930776222
2026-04-03 10:45:00+00:00,-0.01869673293077622
2026-04-03 11:00:00+00:00,0.02078295556895211
2026-04-03 11:15:00+00:00,0.01334295556895211
2026-04-03 11:30:00+00:00,0.00940295556895211
2026-04-03 11:45:00+00:00,0.0030629555689521103
2026-04-03 12:00:00+00:00,-0.00961829273292705
2026-04-03 12:15:00+00:00,-0.01220829273292705
2026-04-03 12:30:00+00:00,-0.01401829273292705
2026-04-03 12:45:00+00:00,-0.01401829273292705
2026-04-03 13:00:00+00:00,0.0015801030671559588
2026-04-03 13:15:00+00:00,0.0016801030671559588
2026-04-03 13:30:00+00:00,0.004580103067155959
2026-04-03 13:45:00+00:00,0.01068010306715596
2026-04-03 14:00:00+00:00,-0.011970299459745856
2026-04-03 14:15:00+00:00,-0.002780299459745856
2026-04-03 14:30:00+00:00,0.01804970054025415
2026-04-03 14:45:00+00:00,0.03410970054025415
2026-04-03 15:00:00+00:00,0.023144124973359905
2026-04-03 15:15:00+00:00,0.042304124973359905
2026-04-03 15:30:00+00:00,0.05378412497335991
2026-04-03 15:45:00+00:00,0.06713412497335991
2026-04-03 16:00:00+00:00,0.08133515842180715
2026-04-03 16:15:00+00:00,0.09047515842180714
2026-04-03 16:30:00+00:00,0.09759515842180715
2026-04-03 16:45:00+00:00,0.10370515842180715
2026-04-03 17:00:00+00:00,0.09962313542065666
2026-04-03 17:15:00+00:00,0.10165313542065676
2026-04-03 17:30:00+00:00,0.10438313542065678
2026-04-03 17:45:00+00:00,0.10299313542065677
2026-04-03 18:00:00+00:00,0.11428412338789573
2026-04-03 18:15:00+00:00,0.11172412338789572
2026-04-03 18:30:00+00:00,0.10471412338789574
2026-04-03 18:45:00+00:00,0.09720412338789572
2026-04-03 19:00:00+00:00,0.13417455679748672
2026-04-03 19:15:00+00:00,0.12792455679748674
2026-04-03 19:30:00+00:00,0.11922455679748672
2026-04-03 19:45:00+00:00,0.11614455679748673
2026-04-03 20:00:00+00:00,0.09444510761684802
2026-04-03 20:15:00+00:00,0.08514510761684801
2026-04-03 20:30:00+00:00,0.085075107616848
2026-04-03 20:45:00+00:00,0.080835107616848
2026-04-03 21:00:00+00:00,0.08710322436649516
2026-04-03 21:15:00+00:00,0.07205322436649517
2026-04-03 21:30:00+00:00,0.05940322436649516
2026-04-03 21:45:00+00:00,0.059443224366495157
2026-04-03 22:00:00+00:00,-0.007359849314029963
2026-04-03 22:15:00+00:00,-0.0024498493140299622
2026-04-03 22:30:00+00:00,-0.015039849314030063
2026-04-03 22:45:00+00:00,-0.015439849314029964
2026-04-03 23:00:00+00:00,-0.009416518041351761
2026-04-03 23:15:00+00:00,-0.01356651804135176
2026-04-03 23:30:00+00:00,-0.014386518041351761
2026-04-03 23:45:00+00:00,-0.021396518041351762
2026-04-04 00:00:00+00:00,0.03981399150595365
2026-04-04 00:15:00+00:00,0.03617399150595365
2026-04-04 00:30:00+00:00,0.032893991505953644
2026-04-04 00:45:00+00:00,0.033183991505953546
2026-04-04 01:00:00+00:00,-0.01658864948415783
2026-04-04 01:15:00+00:00,-0.013998649484157827
2026-04-04 01:30:00+00:00,-0.014928649484157827
2026-04-04 01:45:00+00:00,-0.014408649484157827
2026-04-04 02:00:00+00:00,-0.014752142819732743
2026-04-04 02:15:00+00:00,-0.015792142819732742
2026-04-04 02:30:00+00:00,-0.009892142819732743
2026-04-04 02:45:00+00:00,-0.010682142819732742
2026-04-04 03:00:00+00:00,0.012671569663192512
2026-04-04 03:15:00+00:00,0.00823156966319251
2026-04-04 03:30:00+00:00,0.00938156966319251
2026-04-04 03:45:00+00:00,0.013781569663192512
2026-04-04 04:00:00+00:00,0.0061127428710548454
2026-04-04 04:15:00+00:00,0.008252742871054845
2026-04-04 04:30:00+00:00,0.013372742871054845
2026-04-04 04:45:00+00:00,0.019082742871054745
2026-04-04 05:00:00+00:00,0.0033167277965586023
2026-04-04 05:15:00+00:00,0.0017867277965587028
2026-04-04 05:30:00+00:00,0.0068767277965587036
2026-04-04 05:45:00+00:00,-0.0012432722034412987
2026-04-04 06:00:00+00:00,0.01627621336292631
2026-04-04 06:15:00+00:00,0.014366213362926213
2026-04-04 06:30:00+00:00,0.01042621336292631
2026-04-04 06:45:00+00:00,0.0032962133629263124
2026-04-04 07:00:00+00:00,0.035569390791692516
2026-04-04 07:15:00+00:00,0.029039390791692515
2026-04-04 07:30:00+00:00,0.027099390791692515
2026-04-04 07:45:00+00:00,0.025049390791692515
2026-04-04 08:00:00+00:00,-0.010869878171589152
2026-04-04 08:15:00+00:00,-0.012809878171589151
2026-04-04 08:30:00+00:00,-0.013509878171589152
2026-04-04 08:45:00+00:00,-0.014809878171589151
2026-04-04 09:00:00+00:00,-0.025608292024144778
2026-04-04 09:15:00+00:00,-0.025618292024144777
2026-04-04 09:30:00+00:00,-0.025618292024144777
2026-04-04 09:45:00+00:00,-0.025628292024144777
2026-04-04 10:00:00+00:00,0.017259860279135605
2026-04-04 10:15:00+00:00,0.016699860279135607
2026-04-04 10:30:00+00:00,0.017059860279135607
2026-04-04 10:45:00+00:00,0.017269860279135605
2026-04-04 11:00:00+00:00,0.00900580037628239
2026-04-04 11:15:00+00:00,0.00900580037628239
2026-04-04 11:30:00+00:00,0.00901580037628239
2026-04-04 11:45:00+00:00,0.00901580037628239
2026-04-04 12:00:00+00:00,-0.011431833804028388
2026-04-04 12:15:00+00:00,-0.011421833804028387
2026-04-04 12:30:00+00:00,-0.011411833804028387
2026-04-04 12:45:00+00:00,-0.011411833804028387
2026-04-04 13:00:00+00:00,-0.029081819551904576
2026-04-04 13:15:00+00:00,-0.029071819551904576
2026-04-04 13:30:00+00:00,-0.029071819551904576
2026-04-04 13:45:00+00:00,-0.028961819551904577
2026-04-04 14:00:00+00:00,-0.01368221915377037
2026-04-04 14:15:00+00:00,-0.010942219153770371
2026-04-04 14:30:00+00:00,-0.007052219153770371
2026-04-04 14:45:00+00:00,0.019707780846229633
2026-04-04 15:00:00+00:00,0.012384823238912093
2026-04-04 15:15:00+00:00,0.046944823238912095
2026-04-04 15:30:00+00:00,0.09013482323891209
2026-04-04 15:45:00+00:00,0.09745482323891198
2026-04-04 16:00:00+00:00,0.08303885673786253
2026-04-04 16:15:00+00:00,0.11478885673786252
2026-04-04 16:30:00+00:00,0.14239885673786254
2026-04-04 16:45:00+00:00,0.18382885673786253
2026-04-04 17:00:00+00:00,0.10893313338162136
2026-04-04 17:15:00+00:00,0.11803313338162136
2026-04-04 17:30:00+00:00,0.14682313338162134
2026-04-04 17:45:00+00:00,0.14951313338162134
2026-04-04 18:00:00+00:00,0.17339697385370545
2026-04-04 18:15:00+00:00,0.13445697385370545
2026-04-04 18:30:00+00:00,0.12558697385370546
2026-04-04 18:45:00+00:00,0.10330697385370546
2026-04-04 19:00:00+00:00,0.14641557003390465
2026-04-04 19:15:00+00:00,0.11895557003390468
2026-04-04 19:30:00+00:00,0.10846557003390468
2026-04-04 19:45:00+00:00,0.09113557003390467
2026-04-04 20:00:00+00:00,0.06605496420969822
2026-04-04 20:15:00+00:00,0.036214964209698226
2026-04-04 20:30:00+00:00,0.020784964209698227
2026-04-04 20:45:00+00:00,0.009154964209698226
2026-04-04 21:00:00+00:00,0.08608549454844895
2026-04-04 21:15:00+00:00,0.06378549454844895
2026-04-04 21:30:00+00:00,0.052395494548448954
2026-04-04 21:45:00+00:00,0.041045494548448955
2026-04-04 22:00:00+00:00,-0.01943715605485375
2026-04-04 22:15:00+00:00,-0.01977715605485375
2026-04-04 22:30:00+00:00,-0.02172715605485375
2026-04-04 22:45:00+00:00,-0.02173715605485375
2026-04-04 23:00:00+00:00,0.006200312406620971
2026-04-04 23:15:00+00:00,0.0061003124066209705
2026-04-04 23:30:00+00:00,0.0060803124066209704
2026-04-04 23:45:00+00:00,0.00600031240662097
2026-04-05 00:00:00+00:00,0.004462725015045913
2026-04-05 00:15:00+00:00,0.004352725015046013
2026-04-05 00:30:00+00:00,0.004332725015045913
2026-04-05 00:45:00+00:00,0.003532725015045913
2026-04-05 01:00:00+00:00,0.019218932621964672
2026-04-05 01:15:00+00:00,0.01888893262196467
2026-04-05 01:30:00+00:00,0.01883893262196467
2026-04-05 01:45:00+00:00,0.017938932621964672
2026-04-05 02:00:00+00:00,0.00905306161412036
2026-04-05 02:15:00+00:00,0.00813306161412036
2026-04-05 02:30:00+00:00,0.00870306161412036
2026-04-05 02:45:00+00:00,0.00813306161412036
2026-04-05 03:00:00+00:00,-0.04567196245628754
2026-04-05 03:15:00+00:00,-0.04580196245628754
2026-04-05 03:30:00+00:00,-0.04570196245628754
2026-04-05 03:45:00+00:00,-0.04572196245628754
2026-04-05 04:00:00+00:00,-0.017590070971551804
2026-04-05 04:15:00+00:00,-0.017780070971551803
2026-04-05 04:30:00+00:00,-0.017280070971551802
2026-04-05 04:45:00+00:00,-0.017010070971551803
2026-04-05 05:00:00+00:00,0.0014494756310504985
2026-04-05 05:15:00+00:00,0.0014994756310504986
2026-04-05 05:30:00+00:00,0.0015294756310504985
2026-04-05 05:45:00+00:00,0.0005194756310504985
2026-04-05 06:00:00+00:00,-0.0040926938671755515
2026-04-05 06:15:00+00:00,-0.004622693867175551
2026-04-05 06:30:00+00:00,-0.006342693867175551
2026-04-05 06:45:00+00:00,-0.008992693867175551
2026-04-05 07:00:00+00:00,0.003845946414009066
2026-04-05 07:15:00+00:00,0.0010559464140089654
2026-04-05 07:30:00+00:00,-0.0013040535859910347
2026-04-05 07:45:00+00:00,-0.010724053585991034
2026-04-05 08:00:00+00:00,-0.009155638682372045
2026-04-05 08:15:00+00:00,-0.015505638682372043
2026-04-05 08:30:00+00:00,-0.031695638682372046
2026-04-05 08:45:00+00:00,-0.04549563868237204
2026-04-05 09:00:00+00:00,-0.048819891384900616
2026-04-05 09:15:00+00:00,-0.058819891384900624
2026-04-05 09:30:00+00:00,-0.06281989138490061
2026-04-05 09:45:00+00:00,-0.07018989138490062
2026-04-05 10:00:00+00:00,-0.07799723443918542
2026-04-05 10:15:00+00:00,-0.08874723443918542
2026-04-05 10:30:00+00:00,-0.09003723443918542
2026-04-05 10:45:00+00:00,-0.09877723443918542
2026-04-05 11:00:00+00:00,-0.1334458598315967
2026-04-05 11:15:00+00:00,-0.13709585983159672
2026-04-05 11:30:00+00:00,-0.14436585983159672
2026-04-05 11:45:00+00:00,-0.1414958598315967
2026-04-05 12:00:00+00:00,-0.1228993241870245
2026-04-05 12:15:00+00:00,-0.1093793241870245
2026-04-05 12:30:00+00:00,-0.10214932418702449
2026-04-05 12:45:00+00:00,-0.0938693241870245
2026-04-05 13:00:00+00:00,-0.07234936669360742
2026-04-05 13:15:00+00:00,-0.0660893666936074
2026-04-05 13:30:00+00:00,-0.05627936669360741
2026-04-05 13:45:00+00:00,-0.04230936669360741
2026-04-05 14:00:00+00:00,-0.06996662409460482
2026-04-05 14:15:00+00:00,-0.05003662409460481
2026-04-05 14:30:00+00:00,-0.04499662409460481
2026-04-05 14:45:00+00:00,-0.03506662409460481
2026-04-05 15:00:00+00:00,-0.00339052607929001
2026-04-05 15:15:00+00:00,0.00477947392070999
2026-04-05 15:30:00+00:00,0.00814947392070999
2026-04-05 15:45:00+00:00,0.01050947392070999
2026-04-05 16:00:00+00:00,0.01455144012682176
2026-04-05 16:15:00+00:00,0.01577144012682176
2026-04-05 16:30:00+00:00,0.01669144012682176
2026-04-05 16:45:00+00:00,0.01934144012682176
2026-04-05 17:00:00+00:00,0.006831140647210045
2026-04-05 17:15:00+00:00,0.016341140647210046
2026-04-05 17:30:00+00:00,0.032241140647210044
2026-04-05 17:45:00+00:00,0.034081140647210045
2026-04-05 18:00:00+00:00,-0.02642598804191436
2026-04-05 18:15:00+00:00,-0.02368598804191436
2026-04-05 18:30:00+00:00,-0.021575988041914358
2026-04-05 18:45:00+00:00,-0.020095988041914356
2026-04-05 19:00:00+00:00,0.012845529730164649
2026-04-05 19:15:00+00:00,0.00958552973016465
2026-04-05 19:30:00+00:00,0.007915529730164645
2026-04-05 19:45:00+00:00,-0.0034644702698353527
2026-04-05 20:00:00+00:00,0.07037813046244316
2026-04-05 20:15:00+00:00,0.06560813046244315
2026-04-05 20:30:00+00:00,0.06757813046244315
2026-04-05 20:45:00+00:00,0.05657813046244316
2026-04-05 21:00:00+00:00,0.02410754055339085
2026-04-05 21:15:00+00:00,0.012237540553390852
2026-04-05 21:30:00+00:00,0.0029175405533908502
2026-04-05 21:45:00+00:00,-0.003342459446609149
2026-04-05 22:00:00+00:00,-0.032468005482344936
2026-04-05 22:15:00+00:00,-0.032508005482344934
2026-04-05 22:30:00+00:00,-0.033988005482344937
2026-04-05 22:45:00+00:00,-0.03390800548234504
2026-04-05 23:00:00+00:00,0.025877280886834608
2026-04-05 23:15:00+00:00,0.02514728088683461
2026-04-05 23:30:00+00:00,0.02428728088683461
2026-04-05 23:45:00+00:00,0.02341728088683451
2026-04-06 00:00:00+00:00,0.0018554047792736022
2026-04-06 00:15:00+00:00,0.0014154047792736021
2026-04-06 00:30:00+00:00,0.001145404779273602
2026-04-06 00:45:00+00:00,0.000725404779273602
2026-04-06 01:00:00+00:00,0.021682932739178908
2026-04-06 01:15:00+00:00,0.02164293273917891
2026-04-06 01:30:00+00:00,0.02166293273917891
2026-04-06 01:45:00+00:00,0.02166293273917891
2026-04-06 02:00:00+00:00,0.0057490282424305355
2026-04-06 02:15:00+00:00,0.006079028242430536
2026-04-06 02:30:00+00:00,0.006679028242430536
2026-04-06 02:45:00+00:00,0.0060890282424305355
2026-04-06 03:00:00+00:00,0.010915879395761597
2026-04-06 03:15:00+00:00,0.010925879395761597
2026-04-06 03:30:00+00:00,0.010535879395761595
2026-04-06 03:45:00+00:00,0.009765879395761595
2026-04-06 04:00:00+00:00,0.00911018035242778
2026-04-06 04:15:00+00:00,0.00879018035242778
2026-04-06 04:30:00+00:00,0.00874018035242778
2026-04-06 04:45:00+00:00,0.00798018035242778
2026-04-06 05:00:00+00:00,0.01525612758769789
2026-04-06 05:15:00+00:00,0.014376127587697891
2026-04-06 05:30:00+00:00,0.01414612758769789
2026-04-06 05:45:00+00:00,0.01281612758769789
2026-04-06 06:00:00+00:00,0.041837065681165006
2026-04-06 06:15:00+00:00,0.04182706568116501
2026-04-06 06:30:00+00:00,0.04083706568116501
2026-04-06 06:45:00+00:00,0.039117065681165006
2026-04-06 07:00:00+00:00,0.011741934950625494
2026-04-06 07:15:00+00:00,0.007891934950625495
2026-04-06 07:30:00+00:00,0.004481934950625394
2026-04-06 07:45:00+00:00,0.002831934950625394
2026-04-06 08:00:00+00:00,-0.04404823617284908
2026-04-06 08:15:00+00:00,-0.04901823617284908
2026-04-06 08:30:00+00:00,-0.055638236172849076
2026-04-06 08:45:00+00:00,-0.07145823617284908
2026-04-06 09:00:00+00:00,-0.03349273563371587
2026-04-06 09:15:00+00:00,-0.046802735633715765
2026-04-06 09:30:00+00:00,-0.060132735633715864
2026-04-06 09:45:00+00:00,-0.06578273563371587
2026-04-06 10:00:00+00:00,-0.03207565116450123
2026-04-06 10:15:00+00:00,-0.061795651164501225
2026-04-06 10:30:00+00:00,-0.06644565116450123
2026-04-06 10:45:00+00:00,-0.07384565116450123
2026-04-06 11:00:00+00:00,-0.083150752280792
2026-04-06 11:15:00+00:00,-0.094060752280792
2026-04-06 11:30:00+00:00,-0.11199075228079197
2026-04-06 11:45:00+00:00,-0.12495075228079197
2026-04-06 12:00:00+00:00,-0.14472873191706231
2026-04-06 12:15:00+00:00,-0.13572873191706242
2026-04-06 12:30:00+00:00,-0.13089873191706242
2026-04-06 12:45:00+00:00,-0.1141387319170624
2026-04-06 13:00:00+00:00,-0.09312451350375889
2026-04-06 13:15:00+00:00,-0.06859451350375888
2026-04-06 13:30:00+00:00,-0.05259451350375888
2026-04-06 13:45:00+00:00,-0.03853451350375889
2026-04-06 14:00:00+00:00,-0.041953026225747064
2026-04-06 14:15:00+00:00,-0.015953026225747065
2026-04-06 14:30:00+00:00,0.0011769737742529374
2026-04-06 14:45:00+00:00,0.010036973774252937
2026-04-06 15:00:00+00:00,0.03397919595681467
2026-04-06 15:15:00+00:00,0.040689195956814674
2026-04-06 15:30:00+00:00,0.043939195956814676
2026-04-06 15:45:00+00:00,0.04802919595681467
2026-04-06 16:00:00+00:00,-0.013781045185233968
2026-04-06 16:15:00+00:00,-0.003791045185233967
2026-04-06 16:30:00+00:00,0.059528954814766034
2026-04-06 16:45:00+00:00,0.09741895481476602
2026-04-06 17:00:00+00:00,0.08412667455629588
2026-04-06 17:15:00+00:00,0.10069667455629577
2026-04-06 17:30:00+00:00,0.10212667455629587
2026-04-06 17:45:00+00:00,0.10650667455629587
2026-04-06 18:00:00+00:00,0.1119451591029789
2026-04-06 18:15:00+00:00,0.11166515910297892
2026-04-06 18:30:00+00:00,0.11164515910297891
2026-04-06 18:45:00+00:00,0.10626515910297891
2026-04-06 19:00:00+00:00,0.10207232271877248
2026-04-06 19:15:00+00:00,0.10200232271877248
2026-04-06 19:30:00+00:00,0.09958232271877249
2026-04-06 19:45:00+00:00,0.09720232271877248
2026-04-06 20:00:00+00:00,0.1051461496347471
2026-04-06 20:15:00+00:00,0.1009961496347471
2026-04-06 20:30:00+00:00,0.0954061496347471
2026-04-06 20:45:00+00:00,0.0884261496347471
2026-04-06 21:00:00+00:00,0.06582670954914471
2026-04-06 21:15:00+00:00,0.0598667095491446
2026-04-06 21:30:00+00:00,0.05604670954914471
2026-04-06 21:45:00+00:00,0.05042670954914471
2026-04-06 22:00:00+00:00,0.09955253437179916
2026-04-06 22:15:00+00:00,0.09924253437179917
2026-04-06 22:30:00+00:00,0.09920253437179916
2026-04-06 22:45:00+00:00,0.09565253437179916
2026-04-06 23:00:00+00:00,0.11106683776882367
2026-04-06 23:15:00+00:00,0.10852683776882367
2026-04-06 23:30:00+00:00,0.10741683776882367
2026-04-06 23:45:00+00:00,0.10531683776882368
2026-04-07 00:00:00+00:00,0.0933772042613389
2026-04-07 00:15:00+00:00,0.09289720426133889
2026-04-07 00:30:00+00:00,0.0921872042613389
2026-04-07 00:45:00+00:00,0.0918772042613389
2026-04-07 01:00:00+00:00,0.137522018395153
2026-04-07 01:15:00+00:00,0.137192018395153
2026-04-07 01:30:00+00:00,0.137802018395153
2026-04-07 01:45:00+00:00,0.13885201839515302
2026-04-07 02:00:00+00:00,0.1005257763369303
2026-04-07 02:15:00+00:00,0.1035557763369303
2026-04-07 02:30:00+00:00,0.1037457763369303
2026-04-07 02:45:00+00:00,0.1136957763369303
2026-04-07 03:00:00+00:00,0.13311225140962504
2026-04-07 03:15:00+00:00,0.13293225140962506
2026-04-07 03:30:00+00:00,0.14772225140962505
2026-04-07 03:45:00+00:00,0.15219225140962506
2026-04-07 04:00:00+00:00,0.12339351757343196
2026-04-07 04:15:00+00:00,0.14293351757343195
2026-04-07 04:30:00+00:00,0.15474351757343194
2026-04-07 04:45:00+00:00,0.17379351757343195
2026-04-07 05:00:00+00:00,0.22552497348554537
2026-04-07 05:15:00+00:00,0.22002497348554537
2026-04-07 05:30:00+00:00,0.18441497348554536
2026-04-07 05:45:00+00:00,0.14382497348554527
2026-04-07 06:00:00+00:00,0.20411097541827325
2026-04-07 06:15:00+00:00,0.14300097541827325
2026-04-07 06:30:00+00:00,0.10672097541827325
2026-04-07 06:45:00+00:00,0.07812097541827324
2026-04-07 07:00:00+00:00,0.15388098559034064
2026-04-07 07:15:00+00:00,0.11356098559034074
2026-04-07 07:30:00+00:00,0.09615098559034073
2026-04-07 07:45:00+00:00,0.06422098559034073
2026-04-07 08:00:00+00:00,0.0703278679028975
2026-04-07 08:15:00+00:00,0.028617867902897495
2026-04-07 08:30:00+00:00,0.0036978679028974956
2026-04-07 08:45:00+00:00,0.0010178679028974955
2026-04-07 09:00:00+00:00,0.010176061423671667
2026-04-07 09:15:00+00:00,0.009116061423671667
2026-04-07 09:30:00+00:00,0.009026061423671667
2026-04-07 09:45:00+00:00,0.008116061423671668
2026-04-07 10:00:00+00:00,0.006531252032458997
2026-04-07 10:15:00+00:00,0.004741252032458997
2026-04-07 10:30:00+00:00,0.001991252032458996
2026-04-07 10:45:00+00:00,0.0016212520324589965
2026-04-07 11:00:00+00:00,-0.011397154303362808
2026-04-07 11:15:00+00:00,-0.015237154303362907
2026-04-07 11:30:00+00:00,-0.01935715430336291
2026-04-07 11:45:00+00:00,-0.020347154303362907
2026-04-07 12:00:00+00:00,-0.007628577711782089
2026-04-07 12:15:00+00:00,-0.007208577711782089
2026-04-07 12:30:00+00:00,-0.002648577711782089
2026-04-07 12:45:00+00:00,0.002331422288217911
2026-04-07 13:00:00+00:00,0.02878614204860006
2026-04-07 13:15:00+00:00,0.03675614204860006
2026-04-07 13:30:00+00:00,0.04081614204860006
2026-04-07 13:45:00+00:00,0.041046142048600055
2026-04-07 14:00:00+00:00,-0.006388458467317015
2026-04-07 14:15:00+00:00,-0.004978458467317014
2026-04-07 14:30:00+00:00,-0.004958458467317015
2026-04-07 14:45:00+00:00,0.011651541532682986
2026-04-07 15:00:00+00:00,0.019297535013111662
2026-04-07 15:15:00+00:00,0.07755753501311166
2026-04-07 15:30:00+00:00,0.11035753501311167
2026-04-07 15:45:00+00:00,0.14322753501311167
2026-04-07 16:00:00+00:00,0.11436129123736394
2026-04-07 16:15:00+00:00,0.14790129123736395
2026-04-07 16:30:00+00:00,0.16379129123736394
2026-04-07 16:45:00+00:00,0.21837129123736393
2026-04-07 17:00:00+00:00,0.16966179414637736
2026-04-07 17:15:00+00:00,0.20091179414637736
2026-04-07 17:30:00+00:00,0.23954179414637736
2026-04-07 17:45:00+00:00,0.24980179414637735
2026-04-07 18:00:00+00:00,0.22860528547761397
2026-04-07 18:15:00+00:00,0.21372528547761407
2026-04-07 18:30:00+00:00,0.17132528547761408
2026-04-07 18:45:00+00:00,0.14273528547761408
2026-04-07 19:00:00+00:00,0.12875598483714942
2026-04-07 19:15:00+00:00,0.10151598483714941
2026-04-07 19:30:00+00:00,0.09341598483714941
2026-04-07 19:45:00+00:00,0.0771459848371494
2026-04-07 20:00:00+00:00,0.14499425120900367
2026-04-07 20:15:00+00:00,0.13850425120900356
2026-04-07 20:30:00+00:00,0.14004425120900366
2026-04-07 20:45:00+00:00,0.13047425120900366
2026-04-07 21:00:00+00:00,0.08709786101650686
2026-04-07 21:15:00+00:00,0.07693786101650688
2026-04-07 21:30:00+00:00,0.07375786101650687
2026-04-07 21:45:00+00:00,0.07187786101650687
2026-04-07 22:00:00+00:00,0.14257963267149892
2026-04-07 22:15:00+00:00,0.13522963267149904
2026-04-07 22:30:00+00:00,0.13078963267149904
2026-04-07 22:45:00+00:00,0.12811963267149906
2026-04-07 23:00:00+00:00,0.10704402889320375
2026-04-07 23:15:00+00:00,0.10611402889320375
2026-04-07 23:30:00+00:00,0.10470402889320375
2026-04-07 23:45:00+00:00,0.10343402889320365
2026-04-08 00:00:00+00:00,0.12034869459432229
2026-04-08 00:15:00+00:00,0.11845869459432229
2026-04-08 00:30:00+00:00,0.11873869459432229
2026-04-08 00:45:00+00:00,0.11920869459432229
2026-04-08 01:00:00+00:00,0.08574399256358976
2026-04-08 01:15:00+00:00,0.08580399256358977
2026-04-08 01:30:00+00:00,0.08736399256358977
2026-04-08 01:45:00+00:00,0.08877399256358977
2026-04-08 02:00:00+00:00,0.07379316518628401
2026-04-08 02:15:00+00:00,0.07615316518628401
2026-04-08 02:30:00+00:00,0.08085316518628391
2026-04-08 02:45:00+00:00,0.08514316518628401
2026-04-08 03:00:00+00:00,0.10863127950832716
2026-04-08 03:15:00+00:00,0.11709127950832715
2026-04-08 03:30:00+00:00,0.12268127950832715
2026-04-08 03:45:00+00:00,0.13847127950832716
2026-04-08 04:00:00+00:00,0.12277254739684837
2026-04-08 04:15:00+00:00,0.14062254739684837
2026-04-08 04:30:00+00:00,0.16406254739684836
2026-04-08 04:45:00+00:00,0.16925254739684836
2026-04-08 05:00:00+00:00,0.17775809246130242
2026-04-08 05:15:00+00:00,0.17577809246130252
2026-04-08 05:30:00+00:00,0.15896809246130253
2026-04-08 05:45:00+00:00,0.1265580924613025
2026-04-08 06:00:00+00:00,0.18749562431235678
2026-04-08 06:15:00+00:00,0.1433256243123568
2026-04-08 06:30:00+00:00,0.12934562431235677
2026-04-08 06:45:00+00:00,0.1000856243123568
2026-04-08 07:00:00+00:00,0.18522076104770221
2026-04-08 07:15:00+00:00,0.15684076104770223
2026-04-08 07:30:00+00:00,0.13835076104770222
2026-04-08 07:45:00+00:00,0.11279076104770222
2026-04-08 08:00:00+00:00,0.11769414353685495
2026-04-08 08:15:00+00:00,0.09132414353685495
2026-04-08 08:30:00+00:00,0.04146414353685494
2026-04-08 08:45:00+00:00,0.015334143536854937
2026-04-08 09:00:00+00:00,0.02518420563609216
2026-04-08 09:15:00+00:00,0.01927420563609216
2026-04-08 09:30:00+00:00,0.01819420563609216
2026-04-08 09:45:00+00:00,0.01428420563609216
2026-04-08 10:00:00+00:00,0.01020707401579802
2026-04-08 10:15:00+00:00,-0.003202925984201981
2026-04-08 10:30:00+00:00,-0.006062925984201979
2026-04-08 10:45:00+00:00,-0.01422292598420198
2026-04-08 11:00:00+00:00,0.0004646499399495914
2026-04-08 11:15:00+00:00,-0.003725350060050408
2026-04-08 11:30:00+00:00,-0.0063753500600504075
2026-04-08 11:45:00+00:00,-0.012745350060050408
2026-04-08 12:00:00+00:00,-0.03749250699842414
2026-04-08 12:15:00+00:00,-0.036492506998424136
2026-04-08 12:30:00+00:00,-0.03348250699842413
2026-04-08 12:45:00+00:00,-0.02544250699842413
2026-04-08 13:00:00+00:00,-0.06078559049714115
2026-04-08 13:15:00+00:00,-0.055855590497141144
2026-04-08 13:30:00+00:00,-0.048155590497141146
2026-04-08 13:45:00+00:00,-0.03884559049714115
2026-04-08 14:00:00+00:00,-0.00935521067172989
2026-04-08 14:15:00+00:00,-0.003475210671729991
2026-04-08 14:30:00+00:00,-0.002105210671729991
2026-04-08 14:45:00+00:00,0.054484789328270014
2026-04-08 15:00:00+00:00,0.0449953874681473
2026-04-08 15:15:00+00:00,0.1005553874681473
2026-04-08 15:30:00+00:00,0.1281553874681473
2026-04-08 15:45:00+00:00,0.1534553874681473
2026-04-08 16:00:00+00:00,0.09208022383176168
2026-04-08 16:15:00+00:00,0.10826022383176168
2026-04-08 16:30:00+00:00,0.12010022383176167
2026-04-08 16:45:00+00:00,0.1452702238317617
2026-04-08 17:00:00+00:00,0.1427093313250346
2026-04-08 17:15:00+00:00,0.1637793313250346
2026-04-08 17:30:00+00:00,0.1784293313250346
2026-04-08 17:45:00+00:00,0.1821493313250346
2026-04-08 18:00:00+00:00,0.18829894931126703
2026-04-08 18:15:00+00:00,0.15084894931126705
2026-04-08 18:30:00+00:00,0.12995894931126703
2026-04-08 18:45:00+00:00,0.12225894931126703
2026-04-08 19:00:00+00:00,0.18252931342656867
2026-04-08 19:15:00+00:00,0.16927931342656866
2026-04-08 19:30:00+00:00,0.16239931342656866
2026-04-08 19:45:00+00:00,0.14459931342656868
2026-04-08 20:00:00+00:00,0.14107103611169
2026-04-08 20:15:00+00:00,0.13636103611169
2026-04-08 20:30:00+00:00,0.13493103611169
2026-04-08 20:45:00+00:00,0.12829103611169
2026-04-08 21:00:00+00:00,0.12934185326266318
2026-04-08 21:15:00+00:00,0.12292185326266317
2026-04-08 21:30:00+00:00,0.11972185326266316
2026-04-08 21:45:00+00:00,0.11380185326266318
2026-04-08 22:00:00+00:00,0.12098172793648367
2026-04-08 22:15:00+00:00,0.11696172793648366
2026-04-08 22:30:00+00:00,0.11451172793648366
2026-04-08 22:45:00+00:00,0.11282172793648367
2026-04-08 23:00:00+00:00,0.10118555674110205
2026-04-08 23:15:00+00:00,0.10073555674110204
2026-04-08 23:30:00+00:00,0.10011555674110205
2026-04-08 23:45:00+00:00,0.09963555674110194
2026-04-09 00:00:00+00:00,0.10444003433799554
2026-04-09 00:15:00+00:00,0.10444003433799554
2026-04-09 00:30:00+00:00,0.10483003433799554
2026-04-09 00:45:00+00:00,0.10519003433799554
2026-04-09 01:00:00+00:00,0.07896260740507605
2026-04-09 01:15:00+00:00,0.07972260740507606
2026-04-09 01:30:00+00:00,0.08017260740507606
2026-04-09 01:45:00+00:00,0.08148260740507607
2026-04-09 02:00:00+00:00,0.05962481873339298
2026-04-09 02:15:00+00:00,0.062224818733392986
2026-04-09 02:30:00+00:00,0.06518481873339298
2026-04-09 02:45:00+00:00,0.07266481873339298
2026-04-09 03:00:00+00:00,0.10784769340092627
2026-04-09 03:15:00+00:00,0.11307769340092627
2026-04-09 03:30:00+00:00,0.12236769340092626
2026-04-09 03:45:00+00:00,0.13122769340092627
2026-04-09 04:00:00+00:00,0.12450321869999313
2026-04-09 04:15:00+00:00,0.13758321869999313
2026-04-09 04:30:00+00:00,0.14875321869999314
2026-04-09 04:45:00+00:00,0.15415321869999313
2026-04-09 05:00:00+00:00,0.17846985477224375
2026-04-09 05:15:00+00:00,0.17704985477224375
2026-04-09 05:30:00+00:00,0.16860985477224374
2026-04-09 05:45:00+00:00,0.15114985477224374
2026-04-09 06:00:00+00:00,0.18762279966966955
2026-04-09 06:15:00+00:00,0.16467279966966952
2026-04-09 06:30:00+00:00,0.14856279966966954
2026-04-09 06:45:00+00:00,0.12699279966966953
2026-04-09 07:00:00+00:00,0.16054822663310497
2026-04-09 07:15:00+00:00,0.13742822663310508
2026-04-09 07:30:00+00:00,0.11840822663310507
2026-04-09 07:45:00+00:00,0.09770822663310508
2026-04-09 08:00:00+00:00,0.07010163147313675
2026-04-09 08:15:00+00:00,0.056511631473136745
2026-04-09 08:30:00+00:00,0.028751631473136745
2026-04-09 08:45:00+00:00,-0.008728368526863255
2026-04-09 09:00:00+00:00,-0.0016427588340038705
2026-04-09 09:15:00+00:00,-0.006462758834003871
2026-04-09 09:30:00+00:00,-0.006472758834003871
2026-04-09 09:45:00+00:00,-0.00648275883400387
2026-04-09 10:00:00+00:00,0.008815991081926607
2026-04-09 10:15:00+00:00,0.008725991081926607
2026-04-09 10:30:00+00:00,0.007735991081926606
2026-04-09 10:45:00+00:00,0.005905991081926606
2026-04-09 11:00:00+00:00,0.04352294932435824
2026-04-09 11:15:00+00:00,0.041362949324358245
2026-04-09 11:30:00+00:00,0.036562949324358246
2026-04-09 11:45:00+00:00,0.033182949324358245
2026-04-09 12:00:00+00:00,0.016946355713837555
2026-04-09 12:15:00+00:00,0.01720635571383755
2026-04-09 12:30:00+00:00,0.020026355713837554
2026-04-09 12:45:00+00:00,0.022056355713837555
2026-04-09 13:00:00+00:00,0.017578569543432124
2026-04-09 13:15:00+00:00,0.019368569543432124
2026-04-09 13:30:00+00:00,0.019638569543432124
2026-04-09 13:45:00+00:00,0.020478569543432124
2026-04-09 14:00:00+00:00,-0.007135481288143992
2026-04-09 14:15:00+00:00,-0.0034454812881439924
2026-04-09 14:30:00+00:00,0.026284518711855907
2026-04-09 14:45:00+00:00,0.064114518711856
2026-04-09 15:00:00+00:00,0.011171485536271116
2026-04-09 15:15:00+00:00,0.061621485536271114
2026-04-09 15:30:00+00:00,0.0844814855362711
2026-04-09 15:45:00+00:00,0.10792148553627111
2026-04-09 16:00:00+00:00,0.105155933359132
2026-04-09 16:15:00+00:00,0.126145933359132
2026-04-09 16:30:00+00:00,0.14073593335913198
2026-04-09 16:45:00+00:00,0.14736593335913198
2026-04-09 17:00:00+00:00,0.10903569666448804
2026-04-09 17:15:00+00:00,0.11227569666448814
2026-04-09 17:30:00+00:00,0.12331569666448813
2026-04-09 17:45:00+00:00,0.12314569666448813
2026-04-09 18:00:00+00:00,0.14973880730690325
2026-04-09 18:15:00+00:00,0.12510880730690324
2026-04-09 18:30:00+00:00,0.11526880730690325
2026-04-09 18:45:00+00:00,0.10165880730690324
2026-04-09 19:00:00+00:00,0.12979099141373204
2026-04-09 19:15:00+00:00,0.11804099141373206
2026-04-09 19:30:00+00:00,0.10337099141373206
2026-04-09 19:45:00+00:00,0.08416099141373205
2026-04-09 20:00:00+00:00,0.13878925687680413
2026-04-09 20:15:00+00:00,0.13410925687680422
2026-04-09 20:30:00+00:00,0.12749925687680422
2026-04-09 20:45:00+00:00,0.11759925687680423
2026-04-09 21:00:00+00:00,0.08379254900899552
2026-04-09 21:15:00+00:00,0.07899254900899552
2026-04-09 21:30:00+00:00,0.07317254900899552
2026-04-09 21:45:00+00:00,0.06218254900899552
2026-04-09 22:00:00+00:00,0.040749557776255003
2026-04-09 22:15:00+00:00,0.03707955777625501
2026-04-09 22:30:00+00:00,0.03542955777625501
2026-04-09 22:45:00+00:00,0.034979557776255006
2026-04-09 23:00:00+00:00,0.09026901118610538
2026-04-09 23:15:00+00:00,0.08912901118610538
2026-04-09 23:30:00+00:00,0.08768901118610538
2026-04-09 23:45:00+00:00,0.08726901118610537
2026-04-10 00:00:00+00:00,0.0682656940770878
2026-04-10 00:15:00+00:00,0.06573569407708779
2026-04-10 00:30:00+00:00,0.0656056940770878
2026-04-10 00:45:00+00:00,0.0643356940770878
2026-04-10 01:00:00+00:00,0.07927333161868129
2026-04-10 01:15:00+00:00,0.0794933316186814
2026-04-10 01:30:00+00:00,0.07972333161868139
2026-04-10 01:45:00+00:00,0.0788533316186814
2026-04-10 02:00:00+00:00,0.07667682848808545
2026-04-10 02:15:00+00:00,0.07898682848808555
2026-04-10 02:30:00+00:00,0.07924682848808555
2026-04-10 02:45:00+00:00,0.08320682848808555
2026-04-10 03:00:00+00:00,0.07689077546431983
2026-04-10 03:15:00+00:00,0.08305077546431983
2026-04-10 03:30:00+00:00,0.08158077546431983
2026-04-10 03:45:00+00:00,0.09343077546431972
2026-04-10 04:00:00+00:00,0.10440225874006531
2026-04-10 04:15:00+00:00,0.13253225874006533
2026-04-10 04:30:00+00:00,0.13114225874006533
2026-04-10 04:45:00+00:00,0.1386422587400653
2026-04-10 05:00:00+00:00,0.09924409166877278
2026-04-10 05:15:00+00:00,0.10103409166877268
2026-04-10 05:30:00+00:00,0.09804409166877277
2026-04-10 05:45:00+00:00,0.09476409166877278
2026-04-10 06:00:00+00:00,0.12279002679841275
2026-04-10 06:15:00+00:00,0.11770002679841277
2026-04-10 06:30:00+00:00,0.11351002679841275
2026-04-10 06:45:00+00:00,0.10064002679841276
2026-04-10 07:00:00+00:00,0.1437489807549462
2026-04-10 07:15:00+00:00,0.1320989807549462
2026-04-10 07:30:00+00:00,0.12967898075494622
2026-04-10 07:45:00+00:00,0.1218089807549462
2026-04-10 08:00:00+00:00,0.10739638607276386
2026-04-10 08:15:00+00:00,0.09949638607276387
2026-04-10 08:30:00+00:00,0.09971638607276387
2026-04-10 08:45:00+00:00,0.08761638607276387
2026-04-10 09:00:00+00:00,0.08064868449471066
2026-04-10 09:15:00+00:00,0.07300868449471065
2026-04-10 09:30:00+00:00,0.07061868449471066
2026-04-10 09:45:00+00:00,0.06943868449471066
2026-04-10 10:00:00+00:00,0.10776449342042302
2026-04-10 10:15:00+00:00,0.10076449342042303
2026-04-10 10:30:00+00:00,0.10830449342042302
2026-04-10 10:45:00+00:00,0.10066449342042302
2026-04-10 11:00:00+00:00,0.11674650935906644
2026-04-10 11:15:00+00:00,0.10857650935906646
2026-04-10 11:30:00+00:00,0.10552650935906643
2026-04-10 11:45:00+00:00,0.10744650935906644
2026-04-10 12:00:00+00:00,0.08708322726111424
2026-04-10 12:15:00+00:00,0.08485322726111424
2026-04-10 12:30:00+00:00,0.08723322726111424
2026-04-10 12:45:00+00:00,0.08712322726111424
2026-04-10 13:00:00+00:00,0.05049008101748991
2026-04-10 13:15:00+00:00,0.05801008101748991
2026-04-10 13:30:00+00:00,0.061100081017489906
2026-04-10 13:45:00+00:00,0.06235008101748991
2026-04-10 14:00:00+00:00,0.10757197127479824
2026-04-10 14:15:00+00:00,0.11700197127479833
2026-04-10 14:30:00+00:00,0.12582197127479822
2026-04-10 14:45:00+00:00,0.13661197127479832
2026-04-10 15:00:00+00:00,0.07970008407888883
2026-04-10 15:15:00+00:00,0.09250008407888882
2026-04-10 15:30:00+00:00,0.10063008407888882
2026-04-10 15:45:00+00:00,0.12558008407888882
2026-04-10 16:00:00+00:00,0.13377408924771084
2026-04-10 16:15:00+00:00,0.14011408924771085
2026-04-10 16:30:00+00:00,0.15968408924771074
2026-04-10 16:45:00+00:00,0.21028408924771083
2026-04-10 17:00:00+00:00,0.14922313232498996
2026-04-10 17:15:00+00:00,0.17686313232498985
2026-04-10 17:30:00+00:00,0.22146313232498996
2026-04-10 17:45:00+00:00,0.29829313232498994
2026-04-10 18:00:00+00:00,0.2506883191968134
2026-04-10 18:15:00+00:00,0.23768831919681338
2026-04-10 18:30:00+00:00,0.21821831919681337
2026-04-10 18:45:00+00:00,0.18861831919681338
2026-04-10 19:00:00+00:00,0.2075400429134409
2026-04-10 19:15:00+00:00,0.1689100429134409
2026-04-10 19:30:00+00:00,0.1588800429134409
2026-04-10 19:45:00+00:00,0.13810004291344088
2026-04-10 20:00:00+00:00,0.16516196525370438
2026-04-10 20:15:00+00:00,0.14914196525370438
2026-04-10 20:30:00+00:00,0.14069196525370437
2026-04-10 20:45:00+00:00,0.12875196525370436
2026-04-10 21:00:00+00:00,0.12604287672654868
2026-04-10 21:15:00+00:00,0.12046287672654868
2026-04-10 21:30:00+00:00,0.12045287672654867
2026-04-10 21:45:00+00:00,0.11353287672654869
2026-04-10 22:00:00+00:00,0.15796723692848913
2026-04-10 22:15:00+00:00,0.14707723692848912
2026-04-10 22:30:00+00:00,0.14017723692848913
2026-04-10 22:45:00+00:00,0.1341072369284891
2026-04-10 23:00:00+00:00,0.11974361596089222
2026-04-10 23:15:00+00:00,0.11571361596089212
2026-04-10 23:30:00+00:00,0.10758361596089222
2026-04-10 23:45:00+00:00,0.10670361596089223
2026-04-11 00:00:00+00:00,0.1346306978954878
2026-04-11 00:15:00+00:00,0.13206069789548777
2026-04-11 00:30:00+00:00,0.13215069789548778
2026-04-11 00:45:00+00:00,0.13073069789548777
2026-04-11 01:00:00+00:00,0.1201564681737805
2026-04-11 01:15:00+00:00,0.11841646817378051
2026-04-11 01:30:00+00:00,0.11748646817378042
2026-04-11 01:45:00+00:00,0.11400646817378052
2026-04-11 02:00:00+00:00,0.10019260649438812
2026-04-11 02:15:00+00:00,0.09924260649438812
2026-04-11 02:30:00+00:00,0.09826260649438812
2026-04-11 02:45:00+00:00,0.09438260649438812
2026-04-11 03:00:00+00:00,0.09584862794574274
2026-04-11 03:15:00+00:00,0.09184862794574274
2026-04-11 03:30:00+00:00,0.09161862794574274
2026-04-11 03:45:00+00:00,0.09047862794574274
2026-04-11 04:00:00+00:00,0.07714777549390167
2026-04-11 04:15:00+00:00,0.07838777549390157
2026-04-11 04:30:00+00:00,0.07818777549390167
2026-04-11 04:45:00+00:00,0.07160777549390167
2026-04-11 05:00:00+00:00,0.1156421303810179
2026-04-11 05:15:00+00:00,0.1110421303810179
2026-04-11 05:30:00+00:00,0.0958321303810179
2026-04-11 05:45:00+00:00,0.07180213038101779
2026-04-11 06:00:00+00:00,0.09710456573549439
2026-04-11 06:15:00+00:00,0.08089456573549439
2026-04-11 06:30:00+00:00,0.05725456573549438
2026-04-11 06:45:00+00:00,0.017124565735494392
2026-04-11 07:00:00+00:00,0.012221655892992442
2026-04-11 07:15:00+00:00,-0.021128344107007556
2026-04-11 07:30:00+00:00,-0.035588344107007557
2026-04-11 07:45:00+00:00,-0.043578344107007554
2026-04-11 08:00:00+00:00,-0.0021135917028207033
2026-04-11 08:15:00+00:00,-0.009843591702820703
2026-04-11 08:30:00+00:00,-0.010853591702820704
2026-04-11 08:45:00+00:00,-0.017193591702820702
2026-04-11 09:00:00+00:00,-0.017556215899854278
2026-04-11 09:15:00+00:00,-0.01872621589985428
2026-04-11 09:30:00+00:00,-0.02654621589985428
2026-04-11 09:45:00+00:00,-0.03662621589985428
2026-04-11 10:00:00+00:00,0.008862578434924422
2026-04-11 10:15:00+00:00,-0.010977421565075578
2026-04-11 10:30:00+00:00,-0.013787421565075578
2026-04-11 10:45:00+00:00,-0.02929742156507558
2026-04-11 11:00:00+00:00,-0.10129801955623238
2026-04-11 11:15:00+00:00,-0.1060280195562324
2026-04-11 11:30:00+00:00,-0.11608801955623238
2026-04-11 11:45:00+00:00,-0.1215980195562324
2026-04-11 12:00:00+00:00,-0.1084943660206227
2026-04-11 12:15:00+00:00,-0.10623436602062271
2026-04-11 12:30:00+00:00,-0.10147436602062271
2026-04-11 12:45:00+00:00,-0.1002743660206227
2026-04-11 13:00:00+00:00,-0.04261465814067236
2026-04-11 13:15:00+00:00,-0.029904658140672363
2026-04-11 13:30:00+00:00,-0.019604658140672367
2026-04-11 13:45:00+00:00,-0.009604658140672365
2026-04-11 14:00:00+00:00,-0.004999905208224516
2026-04-11 14:15:00+00:00,0.009930094791775482
2026-04-11 14:30:00+00:00,0.016630094791775483
2026-04-11 14:45:00+00:00,0.014970094791775482
2026-04-11 15:00:00+00:00,-0.017788826364802637
2026-04-11 15:15:00+00:00,-0.016688826364802737
2026-04-11 15:30:00+00:00,-0.014238826364802738
2026-04-11 15:45:00+00:00,-0.008898826364802739
2026-04-11 16:00:00+00:00,-0.009234377492839778
2026-04-11 16:15:00+00:00,0.025485622507160324
2026-04-11 16:30:00+00:00,0.048795622507160324
2026-04-11 16:45:00+00:00,0.06328562250716031
2026-04-11 17:00:00+00:00,0.07943313091316345
2026-04-11 17:15:00+00:00,0.08664313091316345
2026-04-11 17:30:00+00:00,0.08831313091316345
2026-04-11 17:45:00+00:00,0.08617313091316345
2026-04-11 18:00:00+00:00,0.043430275719007365
2026-04-11 18:15:00+00:00,0.02733027571900736
2026-04-11 18:30:00+00:00,0.032190275719007365
2026-04-11 18:45:00+00:00,0.025160275719007356
2026-04-11 19:00:00+00:00,0.03379115348407092
2026-04-11 19:15:00+00:00,0.032741153484070924
2026-04-11 19:30:00+00:00,0.028801153484070925
2026-04-11 19:45:00+00:00,0.028801153484070925
2026-04-11 20:00:00+00:00,0.0648116123654864
2026-04-11 20:15:00+00:00,0.0658816123654864
2026-04-11 20:30:00+00:00,0.0653516123654864
2026-04-11 20:45:00+00:00,0.057831612365486396
2026-04-11 21:00:00+00:00,0.09848874997040813
2026-04-11 21:15:00+00:00,0.09852874997040813
2026-04-11 21:30:00+00:00,0.09760874997040812
2026-04-11 21:45:00+00:00,0.09378874997040813
2026-04-11 22:00:00+00:00,0.06200359715668427
2026-04-11 22:15:00+00:00,0.06301359715668427
2026-04-11 22:30:00+00:00,0.06714359715668426
2026-04-11 22:45:00+00:00,0.06590359715668427
2026-04-11 23:00:00+00:00,0.07895468169008853
2026-04-11 23:15:00+00:00,0.07512468169008853
2026-04-11 23:30:00+00:00,0.07806468169008852
2026-04-11 23:45:00+00:00,0.08156468169008843
2026-04-12 00:00:00+00:00,0.09830302003258423
2026-04-12 00:15:00+00:00,0.10094302003258424
2026-04-12 00:30:00+00:00,0.10151302003258424
2026-04-12 00:45:00+00:00,0.10426302003258424
2026-04-12 01:00:00+00:00,0.12111334199120447
2026-04-12 01:15:00+00:00,0.12430334199120446
2026-04-12 01:30:00+00:00,0.12364334199120447
2026-04-12 01:45:00+00:00,0.12683334199120447
2026-04-12 02:00:00+00:00,0.08069059137295644
2026-04-12 02:15:00+00:00,0.08246059137295644
2026-04-12 02:30:00+00:00,0.08558059137295644
2026-04-12 02:45:00+00:00,0.08928059137295644
2026-04-12 03:00:00+00:00,0.09531063051546755
2026-04-12 03:15:00+00:00,0.09903063051546755
2026-04-12 03:30:00+00:00,0.09900063051546755
2026-04-12 03:45:00+00:00,0.09762063051546756
2026-04-12 04:00:00+00:00,0.13507968960834127
2026-04-12 04:15:00+00:00,0.13460968960834124
2026-04-12 04:30:00+00:00,0.13053968960834125
2026-04-12 04:45:00+00:00,0.12848968960834126
2026-04-12 05:00:00+00:00,0.07722006876054402
2026-04-12 05:15:00+00:00,0.06798006876054401
2026-04-12 05:30:00+00:00,0.06122006876054402
2026-04-12 05:45:00+00:00,0.05897006876054402
2026-04-12 06:00:00+00:00,0.10687147784247401
2026-04-12 06:15:00+00:00,0.10016147784247402
2026-04-12 06:30:00+00:00,0.09602147784247402
2026-04-12 06:45:00+00:00,0.07688147784247402
2026-04-12 07:00:00+00:00,0.04489877349739077
2026-04-12 07:15:00+00:00,0.038268773497390676
2026-04-12 07:30:00+00:00,0.028978773497390673
2026-04-12 07:45:00+00:00,0.026298773497390775
2026-04-12 08:00:00+00:00,0.051602897402811564
2026-04-12 08:15:00+00:00,0.026812897402811564
2026-04-12 08:30:00+00:00,0.026932897402811563
2026-04-12 08:45:00+00:00,0.023112897402811562
2026-04-12 09:00:00+00:00,0.02179195158034444
2026-04-12 09:15:00+00:00,0.01921195158034444
2026-04-12 09:30:00+00:00,0.01633195158034444
2026-04-12 09:45:00+00:00,0.014491951580344341
2026-04-12 10:00:00+00:00,0.003976839208293011
2026-04-12 10:15:00+00:00,-0.0013531607917069872
2026-04-12 10:30:00+00:00,-0.0026031607917069884
2026-04-12 10:45:00+00:00,-0.010533160791706988
2026-04-12 11:00:00+00:00,-0.01250418763044056
2026-04-12 11:15:00+00:00,-0.01606418763044056
2026-04-12 11:30:00+00:00,-0.01788418763044066
2026-04-12 11:45:00+00:00,-0.01792418763044056
2026-04-12 12:00:00+00:00,0.005079026700234884
2026-04-12 12:15:00+00:00,0.008369026700234884
2026-04-12 12:30:00+00:00,0.013179026700234884
2026-04-12 12:45:00+00:00,0.012189026700234884
2026-04-12 13:00:00+00:00,0.024252720939170518
2026-04-12 13:15:00+00:00,0.028332720939170417
2026-04-12 13:30:00+00:00,0.03552272093917051
2026-04-12 13:45:00+00:00,0.04868272093917052
2026-04-12 14:00:00+00:00,0.03070613821423336
2026-04-12 14:15:00+00:00,0.060166138214233354
2026-04-12 14:30:00+00:00,0.06496613821423335
2026-04-12 14:45:00+00:00,0.10482613821423335
2026-04-12 15:00:00+00:00,0.06550830716234739
2026-04-12 15:15:00+00:00,0.09996830716234739
2026-04-12 15:30:00+00:00,0.13412830716234742
2026-04-12 15:45:00+00:00,0.1462583071623474
2026-04-12 16:00:00+00:00,0.13349514319201866
2026-04-12 16:15:00+00:00,0.14147514319201857
2026-04-12 16:30:00+00:00,0.15063514319201865
2026-04-12 16:45:00+00:00,0.15792514319201867
2026-04-12 17:00:00+00:00,0.1205268117118112
2026-04-12 17:15:00+00:00,0.11950681171181121
2026-04-12 17:30:00+00:00,0.1284168117118112
2026-04-12 17:45:00+00:00,0.1391968117118112
2026-04-12 18:00:00+00:00,0.1644116163775918
2026-04-12 18:15:00+00:00,0.1624316163775918
2026-04-12 18:30:00+00:00,0.1606316163775918
2026-04-12 18:45:00+00:00,0.1541016163775918
2026-04-12 19:00:00+00:00,0.15597517080436268
2026-04-12 19:15:00+00:00,0.1503551708043627
2026-04-12 19:30:00+00:00,0.1523551708043627
2026-04-12 19:45:00+00:00,0.1484651708043627
2026-04-12 20:00:00+00:00,0.1874308114733402
2026-04-12 20:15:00+00:00,0.1825408114733402
2026-04-12 20:30:00+00:00,0.1765608114733402
2026-04-12 20:45:00+00:00,0.1672608114733402
2026-04-12 21:00:00+00:00,0.1281392042058686
2026-04-12 21:15:00+00:00,0.11245920420586862
2026-04-12 21:30:00+00:00,0.11250920420586862
2026-04-12 21:45:00+00:00,0.10331920420586861
2026-04-12 22:00:00+00:00,0.11491289147582706
2026-04-12 22:15:00+00:00,0.11096289147582705
2026-04-12 22:30:00+00:00,0.10504289147582696
2026-04-12 22:45:00+00:00,0.10158289147582705
2026-04-12 23:00:00+00:00,0.12741950518630435
2026-04-12 23:15:00+00:00,0.12472950518630425
2026-04-12 23:30:00+00:00,0.12412950518630435
2026-04-12 23:45:00+00:00,0.11941950518630434
2026-04-13 00:00:00+00:00,0.12425078057506177
2026-04-13 00:15:00+00:00,0.11911078057506176
2026-04-13 00:30:00+00:00,0.12337078057506176
2026-04-13 00:45:00+00:00,0.12273078057506176
2026-04-13 01:00:00+00:00,0.09966794244289681
2026-04-13 01:15:00+00:00,0.0970679424428968
2026-04-13 01:30:00+00:00,0.09825794244289682
2026-04-13 01:45:00+00:00,0.09603794244289682
2026-04-13 02:00:00+00:00,0.1017520130591112
2026-04-13 02:15:00+00:00,0.10216201305911121
2026-04-13 02:30:00+00:00,0.10131201305911121
2026-04-13 02:45:00+00:00,0.1052220130591112
2026-04-13 03:00:00+00:00,0.12262310835853235
2026-04-13 03:15:00+00:00,0.12431310835853235
2026-04-13 03:30:00+00:00,0.12938310835853234
2026-04-13 03:45:00+00:00,0.13974310835853235
2026-04-13 04:00:00+00:00,0.11077340078171113
2026-04-13 04:15:00+00:00,0.12016340078171112
2026-04-13 04:30:00+00:00,0.12752340078171112
2026-04-13 04:45:00+00:00,0.12517340078171113
2026-04-13 05:00:00+00:00,0.13841656754448553
2026-04-13 05:15:00+00:00,0.13771656754448552
2026-04-13 05:30:00+00:00,0.13682656754448552
2026-04-13 05:45:00+00:00,0.13734656754448551
2026-04-13 06:00:00+00:00,0.21964623882279313
2026-04-13 06:15:00+00:00,0.17386623882279315
2026-04-13 06:30:00+00:00,0.15783623882279313
2026-04-13 06:45:00+00:00,0.15075623882279313
2026-04-13 07:00:00+00:00,0.21067005899174382
2026-04-13 07:15:00+00:00,0.1931100589917438
2026-04-13 07:30:00+00:00,0.1640800589917438
2026-04-13 07:45:00+00:00,0.1492000589917438
2026-04-13 08:00:00+00:00,0.16592069125336079
2026-04-13 08:15:00+00:00,0.1218906912533608
2026-04-13 08:30:00+00:00,0.1152906912533608
2026-04-13 08:45:00+00:00,0.1069806912533608
2026-04-13 09:00:00+00:00,0.0926767670104103
2026-04-13 09:15:00+00:00,0.0789567670104103
2026-04-13 09:30:00+00:00,0.07705676701041028
2026-04-13 09:45:00+00:00,0.07989676701041029
2026-04-13 10:00:00+00:00,0.077603126457961
2026-04-13 10:15:00+00:00,0.06580312645796108
2026-04-13 10:30:00+00:00,0.0696231264579611
2026-04-13 10:45:00+00:00,0.06504312645796109
2026-04-13 11:00:00+00:00,0.07664868239990258
2026-04-13 11:15:00+00:00,0.07430868239990257
2026-04-13 11:30:00+00:00,0.07389868239990258
2026-04-13 11:45:00+00:00,0.07214868239990258
2026-04-13 12:00:00+00:00,0.07412095764494661
2026-04-13 12:15:00+00:00,0.07518095764494659
2026-04-13 12:30:00+00:00,0.07917095764494661
2026-04-13 12:45:00+00:00,0.0817909576449466
2026-04-13 13:00:00+00:00,0.09755907610918081
2026-04-13 13:15:00+00:00,0.1009390761091808
2026-04-13 13:30:00+00:00,0.10052907610918081
2026-04-13 13:45:00+00:00,0.10815907610918081
2026-04-13 14:00:00+00:00,0.0760847024164119
2026-04-13 14:15:00+00:00,0.08153470241641189
2026-04-13 14:30:00+00:00,0.09585470241641189
2026-04-13 14:45:00+00:00,0.1175347024164119
2026-04-13 15:00:00+00:00,0.08829709941941481
2026-04-13 15:15:00+00:00,0.10949709941941482
2026-04-13 15:30:00+00:00,0.12797709941941482
2026-04-13 15:45:00+00:00,0.14408709941941483
2026-04-13 16:00:00+00:00,0.1180164161833157
2026-04-13 16:15:00+00:00,0.12763641618331573
2026-04-13 16:30:00+00:00,0.1359464161833157
2026-04-13 16:45:00+00:00,0.15430641618331573
2026-04-13 17:00:00+00:00,0.1415858070916446
2026-04-13 17:15:00+00:00,0.15473580709164458
2026-04-13 17:30:00+00:00,0.1584658070916446
2026-04-13 17:45:00+00:00,0.1709258070916446
2026-04-13 18:00:00+00:00,0.18990059967801037
2026-04-13 18:15:00+00:00,0.18967059967801037
2026-04-13 18:30:00+00:00,0.17577059967801037
2026-04-13 18:45:00+00:00,0.16830059967801037
2026-04-13 19:00:00+00:00,0.16458307802943004
2026-04-13 19:15:00+00:00,0.15646307802943005
2026-04-13 19:30:00+00:00,0.14404307802943003
2026-04-13 19:45:00+00:00,0.13975307802943004
2026-04-13 20:00:00+00:00,0.13743637291487054
2026-04-13 20:15:00+00:00,0.13228637291487064
2026-04-13 20:30:00+00:00,0.12825637291487063
2026-04-13 20:45:00+00:00,0.12224637291487064
2026-04-13 21:00:00+00:00,0.12244878760515326
2026-04-13 21:15:00+00:00,0.11588878760515336
2026-04-13 21:30:00+00:00,0.11352878760515336
2026-04-13 21:45:00+00:00,0.10475878760515336
2026-04-13 22:00:00+00:00,0.11567948667305147
2026-04-13 22:15:00+00:00,0.10824948667305147
2026-04-13 22:30:00+00:00,0.10536948667305147
2026-04-13 22:45:00+00:00,0.10310948667305148
2026-04-13 23:00:00+00:00,0.11958223794080944
2026-04-13 23:15:00+00:00,0.11927223794080945
2026-04-13 23:30:00+00:00,0.11881223794080945
2026-04-13 23:45:00+00:00,0.12108223794080944
2026-04-14 00:00:00+00:00,0.12583392234523663
2026-04-14 00:15:00+00:00,0.12573392234523664
2026-04-14 00:30:00+00:00,0.12512392234523664
2026-04-14 00:45:00+00:00,0.12620392234523664
2026-04-14 01:00:00+00:00,0.09652281479100833
2026-04-14 01:15:00+00:00,0.09618281479100835
2026-04-14 01:30:00+00:00,0.09712281479100834
2026-04-14 01:45:00+00:00,0.09700281479100833
2026-04-14 02:00:00+00:00,0.11416032237021997
2026-04-14 02:15:00+00:00,0.11522032237021998
2026-04-14 02:30:00+00:00,0.11561032237021998
2026-04-14 02:45:00+00:00,0.11641032237021998
2026-04-14 03:00:00+00:00,0.07693963165312767
2026-04-14 03:15:00+00:00,0.07885963165312768
2026-04-14 03:30:00+00:00,0.08003963165312768
2026-04-14 03:45:00+00:00,0.08742963165312767
2026-04-14 04:00:00+00:00,0.12345017396224416
2026-04-14 04:15:00+00:00,0.14050017396224418
2026-04-14 04:30:00+00:00,0.14642017396224416
2026-04-14 04:45:00+00:00,0.16007017396224418
2026-04-14 05:00:00+00:00,0.17085425176861757
2026-04-14 05:15:00+00:00,0.18182425176861758
2026-04-14 05:30:00+00:00,0.1858642517686176
2026-04-14 05:45:00+00:00,0.16956425176861759
2026-04-14 06:00:00+00:00,0.19103382737736369
2026-04-14 06:15:00+00:00,0.17425382737736372
2026-04-14 06:30:00+00:00,0.1451438273773637
2026-04-14 06:45:00+00:00,0.12696382737736372
2026-04-14 07:00:00+00:00,0.20580811021507994
2026-04-14 07:15:00+00:00,0.17847811021507992
2026-04-14 07:30:00+00:00,0.1733581102150799
2026-04-14 07:45:00+00:00,0.15318811021507994
2026-04-14 08:00:00+00:00,0.12584752166811303
2026-04-14 08:15:00+00:00,0.113707521668113
2026-04-14 08:30:00+00:00,0.10538752166811301
2026-04-14 08:45:00+00:00,0.10560752166811302
2026-04-14 09:00:00+00:00,0.12413539900184628
2026-04-14 09:15:00+00:00,0.12284539900184628
2026-04-14 09:30:00+00:00,0.12047539900184628
2026-04-14 09:45:00+00:00,0.11785539900184629
2026-04-14 10:00:00+00:00,0.11348173158715262
2026-04-14 10:15:00+00:00,0.10964173158715261
2026-04-14 10:30:00+00:00,0.10718173158715262
2026-04-14 10:45:00+00:00,0.10509173158715261
2026-04-14 11:00:00+00:00,0.10510706201704953
2026-04-14 11:15:00+00:00,0.10398706201704952
2026-04-14 11:30:00+00:00,0.10322706201704952
2026-04-14 11:45:00+00:00,0.09910706201704952
2026-04-14 12:00:00+00:00,0.09876936624569986
2026-04-14 12:15:00+00:00,0.10308936624569986
2026-04-14 12:30:00+00:00,0.10719936624569985
2026-04-14 12:45:00+00:00,0.11817936624569986
2026-04-14 13:00:00+00:00,0.10537802112153684
2026-04-14 13:15:00+00:00,0.11456802112153673
2026-04-14 13:30:00+00:00,0.12196802112153683
2026-04-14 13:45:00+00:00,0.12822802112153683
2026-04-14 14:00:00+00:00,0.12587097427525876
2026-04-14 14:15:00+00:00,0.12974097427525877
2026-04-14 14:30:00+00:00,0.14258097427525876
2026-04-14 14:45:00+00:00,0.15091097427525876
2026-04-14 15:00:00+00:00,0.1435954684953226
2026-04-14 15:15:00+00:00,0.1606154684953226
2026-04-14 15:30:00+00:00,0.1715254684953226
2026-04-14 15:45:00+00:00,0.1752754684953226
2026-04-14 16:00:00+00:00,0.13501865246746664
2026-04-14 16:15:00+00:00,0.14891865246746663
2026-04-14 16:30:00+00:00,0.16419865246746662
2026-04-14 16:45:00+00:00,0.19175865246746662
2026-04-14 17:00:00+00:00,0.18872117549306813
2026-04-14 17:15:00+00:00,0.21017117549306813
2026-04-14 17:30:00+00:00,0.25183117549306816
2026-04-14 17:45:00+00:00,0.30821117549306815
2026-04-14 18:00:00+00:00,0.24811525385663682
2026-04-14 18:15:00+00:00,0.24283525385663682
2026-04-14 18:30:00+00:00,0.2125852538566367
2026-04-14 18:45:00+00:00,0.1819952538566367
2026-04-14 19:00:00+00:00,0.20074418969014088
2026-04-14 19:15:00+00:00,0.1850741896901409
2026-04-14 19:30:00+00:00,0.17048418969014087
2026-04-14 19:45:00+00:00,0.16378418969014089
2026-04-14 20:00:00+00:00,0.14663864625227266
2026-04-14 20:15:00+00:00,0.13805864625227277
2026-04-14 20:30:00+00:00,0.13154864625227278
2026-04-14 20:45:00+00:00,0.12077864625227276
2026-04-14 21:00:00+00:00,0.17005053208748125
2026-04-14 21:15:00+00:00,0.15997053208748124
2026-04-14 21:30:00+00:00,0.15157053208748125
2026-04-14 21:45:00+00:00,0.14005053208748125
2026-04-14 22:00:00+00:00,0.1667598283914199
2026-04-14 22:15:00+00:00,0.1641998283914199
2026-04-14 22:30:00+00:00,0.1606198283914199
2026-04-14 22:45:00+00:00,0.1572998283914199
2026-04-14 23:00:00+00:00,0.11765674709109565
2026-04-14 23:15:00+00:00,0.11578674709109564
2026-04-14 23:30:00+00:00,0.11264674709109565
2026-04-14 23:45:00+00:00,0.11076674709109564
2026-04-15 00:00:00+00:00,0.07340270537513041
2026-04-15 00:15:00+00:00,0.0724127053751304
2026-04-15 00:30:00+00:00,0.07038270537513042
2026-04-15 00:45:00+00:00,0.06972270537513041
2026-04-15 01:00:00+00:00,0.09992933283644033
2026-04-15 01:15:00+00:00,0.09994933283644022
2026-04-15 01:30:00+00:00,0.09996933283644033
2026-04-15 01:45:00+00:00,0.09993933283644033
2026-04-15 02:00:00+00:00,0.13273531678356265
2026-04-15 02:15:00+00:00,0.13164531678356264
2026-04-15 02:30:00+00:00,0.13390531678356263
2026-04-15 02:45:00+00:00,0.13562531678356263
2026-04-15 03:00:00+00:00,0.12484261139744002
2026-04-15 03:15:00+00:00,0.12982261139744003
2026-04-15 03:30:00+00:00,0.13504261139744003
2026-04-15 03:45:00+00:00,0.14366261139744002
2026-04-15 04:00:00+00:00,0.14243370881261955
2026-04-15 04:15:00+00:00,0.15204370881261953
2026-04-15 04:30:00+00:00,0.15640370881261953
2026-04-15 04:45:00+00:00,0.16117370881261953
2026-04-15 05:00:00+00:00,0.1854539626810188
2026-04-15 05:15:00+00:00,0.18340396268101888
2026-04-15 05:30:00+00:00,0.1798139626810189
2026-04-15 05:45:00+00:00,0.1636739626810189
2026-04-15 06:00:00+00:00,0.1734016790411967
2026-04-15 06:15:00+00:00,0.1547816790411967
2026-04-15 06:30:00+00:00,0.14467167904119668
2026-04-15 06:45:00+00:00,0.1231516790411967
2026-04-15 07:00:00+00:00,0.15237531597647008
2026-04-15 07:15:00+00:00,0.14431531597647007
2026-04-15 07:30:00+00:00,0.13247531597647008
2026-04-15 07:45:00+00:00,0.12561531597647008
2026-04-15 08:00:00+00:00,0.1428941198664741
2026-04-15 08:15:00+00:00,0.11873411986647411
2026-04-15 08:30:00+00:00,0.11120411986647412
2026-04-15 08:45:00+00:00,0.09795411986647411
2026-04-15 09:00:00+00:00,0.1272907655342953
2026-04-15 09:15:00+00:00,0.1128807655342953
2026-04-15 09:30:00+00:00,0.1023507655342953
2026-04-15 09:45:00+00:00,0.0850807655342953
2026-04-15 10:00:00+00:00,0.07621276479722537
2026-04-15 10:15:00+00:00,0.06667276479722536
2026-04-15 10:30:00+00:00,0.061052764797225365
2026-04-15 10:45:00+00:00,0.055702764797225364
2026-04-15 11:00:00+00:00,0.06668385578111827
2026-04-15 11:15:00+00:00,0.06473385578111827
2026-04-15 11:30:00+00:00,0.06707385578111827
2026-04-15 11:45:00+00:00,0.06897385578111828
2026-04-15 12:00:00+00:00,0.04334663696863573
2026-04-15 12:15:00+00:00,0.05540663696863573
2026-04-15 12:30:00+00:00,0.06736663696863573
2026-04-15 12:45:00+00:00,0.08033663696863573
2026-04-15 13:00:00+00:00,0.05447834742289758
2026-04-15 13:15:00+00:00,0.06543834742289759
2026-04-15 13:30:00+00:00,0.07544834742289758
2026-04-15 13:45:00+00:00,0.08639834742289758
2026-04-15 14:00:00+00:00,0.11613131669635945
2026-04-15 14:15:00+00:00,0.12786131669635947
2026-04-15 14:30:00+00:00,0.13600131669635945
2026-04-15 14:45:00+00:00,0.14247131669635946
2026-04-15 15:00:00+00:00,0.11338269268810677
2026-04-15 15:15:00+00:00,0.12237269268810679
2026-04-15 15:30:00+00:00,0.13488269268810676
2026-04-15 15:45:00+00:00,0.14461269268810675
2026-04-15 16:00:00+00:00,0.14190942635832884
2026-04-15 16:15:00+00:00,0.14978942635832884
2026-04-15 16:30:00+00:00,0.16064942635832882
2026-04-15 16:45:00+00:00,0.17440942635832885
2026-04-15 17:00:00+00:00,0.16040368370952654
2026-04-15 17:15:00+00:00,0.16689368370952654
2026-04-15 17:30:00+00:00,0.19019368370952655
2026-04-15 17:45:00+00:00,0.21192368370952655
2026-04-15 18:00:00+00:00,0.19373296003259288
2026-04-15 18:15:00+00:00,0.17745296003259278
2026-04-15 18:30:00+00:00,0.16744296003259287
2026-04-15 18:45:00+00:00,0.14146296003259287
2026-04-15 19:00:00+00:00,0.1703018071847403
2026-04-15 19:15:00+00:00,0.1497818071847403
2026-04-15 19:30:00+00:00,0.1427418071847403
2026-04-15 19:45:00+00:00,0.1303018071847403
2026-04-15 20:00:00+00:00,0.16932593684271863
2026-04-15 20:15:00+00:00,0.1613959368427186
2026-04-15 20:30:00+00:00,0.15546593684271862
2026-04-15 20:45:00+00:00,0.15009593684271863
2026-04-15 21:00:00+00:00,0.1419323611179507
2026-04-15 21:15:00+00:00,0.1321123611179508
2026-04-15 21:30:00+00:00,0.12337236111795082
2026-04-15 21:45:00+00:00,0.11447236111795081
2026-04-15 22:00:00+00:00,0.08106222087146545
2026-04-15 22:15:00+00:00,0.07726222087146545
2026-04-15 22:30:00+00:00,0.07208222087146546
2026-04-15 22:45:00+00:00,0.06866222087146545
2026-04-15 23:00:00+00:00,0.10066495104666766
2026-04-15 23:15:00+00:00,0.09693495104666765
2026-04-15 23:30:00+00:00,0.09639495104666765
2026-04-15 23:45:00+00:00,0.09577495104666765
2026-04-16 00:00:00+00:00,0.13243908590676534
2026-04-16 00:15:00+00:00,0.13324908590676535
2026-04-16 00:30:00+00:00,0.13282908590676534
2026-04-16 00:45:00+00:00,0.13085908590676534
2026-04-16 01:00:00+00:00,0.09285155014286633
2026-04-16 01:15:00+00:00,0.09432155014286633
2026-04-16 01:30:00+00:00,0.09553155014286623
2026-04-16 01:45:00+00:00,0.09504155014286633
2026-04-16 02:00:00+00:00,0.06363677231315353
2026-04-16 02:15:00+00:00,0.06582677231315352
2026-04-16 02:30:00+00:00,0.06920677231315353
2026-04-16 02:45:00+00:00,0.07260677231315353
2026-04-16 03:00:00+00:00,0.13459417577852195
2026-04-16 03:15:00+00:00,0.13791417577852194
2026-04-16 03:30:00+00:00,0.14773417577852194
2026-04-16 03:45:00+00:00,0.16131417577852195
2026-04-16 04:00:00+00:00,0.13734874698855268
2026-04-16 04:15:00+00:00,0.14845874698855258
2026-04-16 04:30:00+00:00,0.15464874698855266
2026-04-16 04:45:00+00:00,0.16759874698855268
2026-04-16 05:00:00+00:00,0.14944353581703324
2026-04-16 05:15:00+00:00,0.14890353581703322
2026-04-16 05:30:00+00:00,0.14291353581703323
2026-04-16 05:45:00+00:00,0.13368353581703324
2026-04-16 06:00:00+00:00,0.15316531632773675
2026-04-16 06:15:00+00:00,0.13461531632773677
2026-04-16 06:30:00+00:00,0.12353531632773677
2026-04-16 06:45:00+00:00,0.09592531632773676
2026-04-16 07:00:00+00:00,0.14438787509398876
2026-04-16 07:15:00+00:00,0.12987787509398863
2026-04-16 07:30:00+00:00,0.12374787509398874
2026-04-16 07:45:00+00:00,0.12231787509398874
2026-04-16 08:00:00+00:00,0.11097122608365664
2026-04-16 08:15:00+00:00,0.09504122608365664
2026-04-16 08:30:00+00:00,0.08083122608365664
2026-04-16 08:45:00+00:00,0.05873122608365665
2026-04-16 09:00:00+00:00,0.11782884938352559
2026-04-16 09:15:00+00:00,0.1060988493835256
2026-04-16 09:30:00+00:00,0.08907884938352559
2026-04-16 09:45:00+00:00,0.07407884938352559
2026-04-16 10:00:00+00:00,0.09094266724549419
2026-04-16 10:15:00+00:00,0.07305266724549418
2026-04-16 10:30:00+00:00,0.06405266724549419
2026-04-16 10:45:00+00:00,0.05385266724549418
2026-04-16 11:00:00+00:00,0.06170595315341233
2026-04-16 11:15:00+00:00,0.054505953153412334
2026-04-16 11:30:00+00:00,0.046435953153412333
2026-04-16 11:45:00+00:00,0.038405953153412234
2026-04-16 12:00:00+00:00,0.03939378862011847
2026-04-16 12:15:00+00:00,0.052683788620118466
2026-04-16 12:30:00+00:00,0.06323378862011847
2026-04-16 12:45:00+00:00,0.07127378862011846
2026-04-16 13:00:00+00:00,0.0495750175494383
2026-04-16 13:15:00+00:00,0.06100501754943831
2026-04-16 13:30:00+00:00,0.07267501754943831
2026-04-16 13:45:00+00:00,0.0873650175494383
2026-04-16 14:00:00+00:00,0.0842033071800284
2026-04-16 14:15:00+00:00,0.1056033071800285
2026-04-16 14:30:00+00:00,0.1197733071800285
2026-04-16 14:45:00+00:00,0.1263033071800285
2026-04-16 15:00:00+00:00,0.08167959858284611
2026-04-16 15:15:00+00:00,0.09039959858284612
2026-04-16 15:30:00+00:00,0.1014495985828461
2026-04-16 15:45:00+00:00,0.10908959858284611
2026-04-16 16:00:00+00:00,0.07547763771252494
2026-04-16 16:15:00+00:00,0.09731763771252497
2026-04-16 16:30:00+00:00,0.10725763771252494
2026-04-16 16:45:00+00:00,0.12531763771252497
2026-04-16 17:00:00+00:00,0.14688014332627647
2026-04-16 17:15:00+00:00,0.1622201433262765
2026-04-16 17:30:00+00:00,0.18655014332627648
2026-04-16 17:45:00+00:00,0.21722014332627648
2026-04-16 18:00:00+00:00,0.20518880504444922
2026-04-16 18:15:00+00:00,0.2076888050444492
2026-04-16 18:30:00+00:00,0.1974588050444492
2026-04-16 18:45:00+00:00,0.1853288050444492
2026-04-16 19:00:00+00:00,0.18364427960190824
2026-04-16 19:15:00+00:00,0.16925427960190823
2026-04-16 19:30:00+00:00,0.15498427960190825
2026-04-16 19:45:00+00:00,0.14745427960190824
2026-04-16 20:00:00+00:00,0.15893188010298973
2026-04-16 20:15:00+00:00,0.14893188010298974
2026-04-16 20:30:00+00:00,0.14307188010298974
2026-04-16 20:45:00+00:00,0.13407188010298973
2026-04-16 21:00:00+00:00,0.1291101717181918
2026-04-16 21:15:00+00:00,0.12279017171819179
2026-04-16 21:30:00+00:00,0.11996017171819179
2026-04-16 21:45:00+00:00,0.1140301717181918
2026-04-16 22:00:00+00:00,0.1429497461448692
2026-04-16 22:15:00+00:00,0.13787974614486928
2026-04-16 22:30:00+00:00,0.13329974614486928
2026-04-16 22:45:00+00:00,0.1308397461448693
2026-04-16 23:00:00+00:00,0.1171628838001104
2026-04-16 23:15:00+00:00,0.11650288380011041
2026-04-16 23:30:00+00:00,0.11314288380011041
2026-04-16 23:45:00+00:00,0.1119328838001104
2026-04-17 00:00:00+00:00,0.10408944206461161
2026-04-17 00:15:00+00:00,0.1038194420646116
2026-04-17 00:30:00+00:00,0.1033594420646116
2026-04-17 00:45:00+00:00,0.10305944206461161
2026-04-17 01:00:00+00:00,0.10348909557760091
2026-04-17 01:15:00+00:00,0.10225909557760092
2026-04-17 01:30:00+00:00,0.10273909557760091
2026-04-17 01:45:00+00:00,0.10263909557760091
2026-04-17 02:00:00+00:00,0.1475386167032024
2026-04-17 02:15:00+00:00,0.1473886167032024
2026-04-17 02:30:00+00:00,0.1487186167032024
2026-04-17 02:45:00+00:00,0.1507386167032024
2026-04-17 03:00:00+00:00,0.07665036209200742
2026-04-17 03:15:00+00:00,0.08160036209200741
2026-04-17 03:30:00+00:00,0.08787036209200741
2026-04-17 03:45:00+00:00,0.10713036209200741
2026-04-17 04:00:00+00:00,0.1393934486714583
2026-04-17 04:15:00+00:00,0.16066344867145832
2026-04-17 04:30:00+00:00,0.15877344867145832
2026-04-17 04:45:00+00:00,0.1641734486714583
2026-04-17 05:00:00+00:00,0.12761687585948117
2026-04-17 05:15:00+00:00,0.1210768758594812
2026-04-17 05:30:00+00:00,0.11750687585948118
2026-04-17 05:45:00+00:00,0.10460687585948118
2026-04-17 06:00:00+00:00,0.15339124656932343
2026-04-17 06:15:00+00:00,0.13413124656932343
2026-04-17 06:30:00+00:00,0.11781124656932343
2026-04-17 06:45:00+00:00,0.09534124656932343
2026-04-17 07:00:00+00:00,0.11505223182340854
2026-04-17 07:15:00+00:00,0.09863223182340854
2026-04-17 07:30:00+00:00,0.08571223182340854
2026-04-17 07:45:00+00:00,0.07634223182340853
2026-04-17 08:00:00+00:00,0.07410826313287908
2026-04-17 08:15:00+00:00,0.06021826313287907
2026-04-17 08:30:00+00:00,0.053928263132879066
2026-04-17 08:45:00+00:00,0.021628263132879064
2026-04-17 09:00:00+00:00,0.09707844293473177
2026-04-17 09:15:00+00:00,0.08247844293473176
2026-04-17 09:30:00+00:00,0.04902844293473177
2026-04-17 09:45:00+00:00,0.03152844293473177
2026-04-17 10:00:00+00:00,0.03607692055624251
2026-04-17 10:15:00+00:00,0.026326920556242507
2026-04-17 10:30:00+00:00,0.01811692055624251
2026-04-17 10:45:00+00:00,0.015026920556242506
2026-04-17 11:00:00+00:00,-0.013562253985263558
2026-04-17 11:15:00+00:00,-0.01350225398526356
2026-04-17 11:30:00+00:00,-0.01232225398526356
2026-04-17 11:45:00+00:00,-0.009122253985263559
2026-04-17 12:00:00+00:00,0.035506798680379016
2026-04-17 12:15:00+00:00,0.040926798680379115
2026-04-17 12:30:00+00:00,0.04878679868037911
2026-04-17 12:45:00+00:00,0.061976798680379114
2026-04-17 13:00:00+00:00,0.05142778559856921
2026-04-17 13:15:00+00:00,0.07782778559856922
2026-04-17 13:30:00+00:00,0.10077778559856922
2026-04-17 13:45:00+00:00,0.11542778559856921
2026-04-17 14:00:00+00:00,0.0860705644711224
2026-04-17 14:15:00+00:00,0.1056905644711224
2026-04-17 14:30:00+00:00,0.1155105644711224
2026-04-17 14:45:00+00:00,0.1295305644711224
2026-04-17 15:00:00+00:00,0.09432571130180634
2026-04-17 15:15:00+00:00,0.10465571130180633
2026-04-17 15:30:00+00:00,0.11340571130180634
2026-04-17 15:45:00+00:00,0.12323571130180633
2026-04-17 16:00:00+00:00,0.1130263037593138
2026-04-17 16:15:00+00:00,0.1202163037593138
2026-04-17 16:30:00+00:00,0.1362263037593138
2026-04-17 16:45:00+00:00,0.1409363037593138
2026-04-17 17:00:00+00:00,0.1639244587112367
2026-04-17 17:15:00+00:00,0.1713844587112367
2026-04-17 17:30:00+00:00,0.1840144587112367
2026-04-17 17:45:00+00:00,0.2079144587112367
2026-04-17 18:00:00+00:00,0.19909326738047112
2026-04-17 18:15:00+00:00,0.1934532673804711
2026-04-17 18:30:00+00:00,0.18416326738047112
2026-04-17 18:45:00+00:00,0.17539326738047112
2026-04-17 19:00:00+00:00,0.17522896713417715
2026-04-17 19:15:00+00:00,0.16115896713417716
2026-04-17 19:30:00+00:00,0.15622896713417714
2026-04-17 19:45:00+00:00,0.14272896713417715
2026-04-17 20:00:00+00:00,0.11981954373062094
2026-04-17 20:15:00+00:00,0.10843954373062094
2026-04-17 20:30:00+00:00,0.10206954373062095
2026-04-17 20:45:00+00:00,0.09618954373062094
2026-04-17 21:00:00+00:00,0.1204996481286141
2026-04-17 21:15:00+00:00,0.11758964812861411
2026-04-17 21:30:00+00:00,0.1141396481286141
2026-04-17 21:45:00+00:00,0.11340964812861411
2026-04-17 22:00:00+00:00,0.13124597042963781
2026-04-17 22:15:00+00:00,0.1263159704296378
2026-04-17 22:30:00+00:00,0.1209459704296378
2026-04-17 22:45:00+00:00,0.1187759704296378
2026-04-17 23:00:00+00:00,0.07975885935417198
2026-04-17 23:15:00+00:00,0.07848885935417188
2026-04-17 23:30:00+00:00,0.07773885935417188
2026-04-17 23:45:00+00:00,0.07451885935417199
2026-04-18 00:00:00+00:00,0.1188343539791778
2026-04-18 00:15:00+00:00,0.11774435397917779
2026-04-18 00:30:00+00:00,0.1184743539791778
2026-04-18 00:45:00+00:00,0.1180943539791778
2026-04-18 01:00:00+00:00,0.1499555073922525
2026-04-18 01:15:00+00:00,0.1492355073922525
2026-04-18 01:30:00+00:00,0.14917550739225252
2026-04-18 01:45:00+00:00,0.14947550739225252
2026-04-18 02:00:00+00:00,0.11961862506756107
2026-04-18 02:15:00+00:00,0.12026862506756107
2026-04-18 02:30:00+00:00,0.12053862506756108
2026-04-18 02:45:00+00:00,0.12209862506756107
2026-04-18 03:00:00+00:00,0.13753350032738537
2026-04-18 03:15:00+00:00,0.13741350032738536
2026-04-18 03:30:00+00:00,0.13905350032738534
2026-04-18 03:45:00+00:00,0.13791350032738536
2026-04-18 04:00:00+00:00,0.11536100043388875
2026-04-18 04:15:00+00:00,0.11479100043388875
2026-04-18 04:30:00+00:00,0.11754100043388875
2026-04-18 04:45:00+00:00,0.10907100043388875
2026-04-18 05:00:00+00:00,0.10864463640623642
2026-04-18 05:15:00+00:00,0.10984463640623653
2026-04-18 05:30:00+00:00,0.10623463640623652
2026-04-18 05:45:00+00:00,0.09286463640623653
2026-04-18 06:00:00+00:00,0.1128257414544463
2026-04-18 06:15:00+00:00,0.10628574145444629
2026-04-18 06:30:00+00:00,0.0940657414544463
2026-04-18 06:45:00+00:00,0.0839957414544463
2026-04-18 07:00:00+00:00,0.0802394428375215
2026-04-18 07:15:00+00:00,0.07237944283752151
2026-04-18 07:30:00+00:00,0.0519194428375215
2026-04-18 07:45:00+00:00,0.0360094428375215
2026-04-18 08:00:00+00:00,0.0633409351248708
2026-04-18 08:15:00+00:00,0.02033093512487079
2026-04-18 08:30:00+00:00,0.0028909351248707915
2026-04-18 08:45:00+00:00,0.0008709351248707906
2026-04-18 09:00:00+00:00,0.04029794656224151
2026-04-18 09:15:00+00:00,0.02327794656224151
2026-04-18 09:30:00+00:00,0.02318794656224151
2026-04-18 09:45:00+00:00,0.022067946562241512
2026-04-18 10:00:00+00:00,0.024116357406387096
2026-04-18 10:15:00+00:00,0.022286357406387097
2026-04-18 10:30:00+00:00,0.020726357406387095
2026-04-18 10:45:00+00:00,0.020206357406387095
2026-04-18 11:00:00+00:00,-0.023721265732262683
2026-04-18 11:15:00+00:00,-0.02331126573226258
2026-04-18 11:30:00+00:00,-0.021351265732262682
2026-04-18 11:45:00+00:00,-0.02078126573226268
2026-04-18 12:00:00+00:00,0.015766672510300797
2026-04-18 12:15:00+00:00,0.0177466725103008
2026-04-18 12:30:00+00:00,0.0180166725103008
2026-04-18 12:45:00+00:00,0.0192166725103008
2026-04-18 13:00:00+00:00,0.008702137894869712
2026-04-18 13:15:00+00:00,0.013862137894869711
2026-04-18 13:30:00+00:00,0.02286213789486971
2026-04-18 13:45:00+00:00,0.023772137894869712
2026-04-18 14:00:00+00:00,0.021973875304617817
2026-04-18 14:15:00+00:00,0.03825387530461781
2026-04-18 14:30:00+00:00,0.06445387530461781
2026-04-18 14:45:00+00:00,0.07984387530461781
2026-04-18 15:00:00+00:00,0.06610637224370372
2026-04-18 15:15:00+00:00,0.09470637224370371
2026-04-18 15:30:00+00:00,0.11083637224370371
2026-04-18 15:45:00+00:00,0.12539637224370373
2026-04-18 16:00:00+00:00,0.12458087601119801
2026-04-18 16:15:00+00:00,0.133270876011198
2026-04-18 16:30:00+00:00,0.145350876011198
2026-04-18 16:45:00+00:00,0.148260876011198
2026-04-18 17:00:00+00:00,0.11751992085141014
2026-04-18 17:15:00+00:00,0.13052992085141002
2026-04-18 17:30:00+00:00,0.13990992085141002
2026-04-18 17:45:00+00:00,0.14427992085141012
2026-04-18 18:00:00+00:00,0.16886128158310879
2026-04-18 18:15:00+00:00,0.1726212815831088
2026-04-18 18:30:00+00:00,0.17280128158310878
2026-04-18 18:45:00+00:00,0.1689212815831088
2026-04-18 19:00:00+00:00,0.15611536327255943
2026-04-18 19:15:00+00:00,0.14714536327255942
2026-04-18 19:30:00+00:00,0.14121536327255943
2026-04-18 19:45:00+00:00,0.1394453632725594
2026-04-18 20:00:00+00:00,0.14584918899927024
2026-04-18 20:15:00+00:00,0.14523918899927024
2026-04-18 20:30:00+00:00,0.13974918899927025
2026-04-18 20:45:00+00:00,0.13500918899927025
2026-04-18 21:00:00+00:00,0.11793906287793579
2026-04-18 21:15:00+00:00,0.11021906287793579
2026-04-18 21:30:00+00:00,0.10764906287793578
2026-04-18 21:45:00+00:00,0.10294906287793579
2026-04-18 22:00:00+00:00,0.1634446779977302
2026-04-18 22:15:00+00:00,0.15672467799773018
2026-04-18 22:30:00+00:00,0.15314467799773018
2026-04-18 22:45:00+00:00,0.15158467799773018
2026-04-18 23:00:00+00:00,0.12095288467600464
2026-04-18 23:15:00+00:00,0.11857288467600473
2026-04-18 23:30:00+00:00,0.11838288467600473
2026-04-18 23:45:00+00:00,0.11642288467600473
2026-04-19 00:00:00+00:00,0.12478110265182175
2026-04-19 00:15:00+00:00,0.12308110265182175
2026-04-19 00:30:00+00:00,0.12196110265182175
2026-04-19 00:45:00+00:00,0.11940110265182176
2026-04-19 01:00:00+00:00,0.07881009330056417
2026-04-19 01:15:00+00:00,0.07692009330056417
2026-04-19 01:30:00+00:00,0.07591009330056417
2026-04-19 01:45:00+00:00,0.07545009330056417
2026-04-19 02:00:00+00:00,0.09042310999018838
2026-04-19 02:15:00+00:00,0.09030310999018838
2026-04-19 02:30:00+00:00,0.09032310999018839
2026-04-19 02:45:00+00:00,0.09014310999018839
2026-04-19 03:00:00+00:00,0.12894572206006136
2026-04-19 03:15:00+00:00,0.12925572206006136
2026-04-19 03:30:00+00:00,0.12928572206006136
2026-04-19 03:45:00+00:00,0.12969572206006136
2026-04-19 04:00:00+00:00,0.11115153374898676
2026-04-19 04:15:00+00:00,0.11062153374898676
2026-04-19 04:30:00+00:00,0.11027153374898675
2026-04-19 04:45:00+00:00,0.10817153374898676
2026-04-19 05:00:00+00:00,0.06952490140678344
2026-04-19 05:15:00+00:00,0.06527490140678344
2026-04-19 05:30:00+00:00,0.06090490140678334
2026-04-19 05:45:00+00:00,0.06376490140678344
2026-04-19 06:00:00+00:00,0.12322824973615557
2026-04-19 06:15:00+00:00,0.11909824973615556
2026-04-19 06:30:00+00:00,0.11142824973615556
2026-04-19 06:45:00+00:00,0.10907824973615556
2026-04-19 07:00:00+00:00,0.08927816260076625
2026-04-19 07:15:00+00:00,0.08495816260076626
2026-04-19 07:30:00+00:00,0.08515816260076625
2026-04-19 07:45:00+00:00,0.07600816260076625
2026-04-19 08:00:00+00:00,0.11692250417037789
2026-04-19 08:15:00+00:00,0.1035225041703779
2026-04-19 08:30:00+00:00,0.09352250417037788
2026-04-19 08:45:00+00:00,0.07530250417037788
2026-04-19 09:00:00+00:00,0.04738604712868
2026-04-19 09:15:00+00:00,0.04061604712867999
2026-04-19 09:30:00+00:00,0.023766047128679996
2026-04-19 09:45:00+00:00,0.009716047128679996
2026-04-19 10:00:00+00:00,0.025761420745343006
2026-04-19 10:15:00+00:00,0.004711420745343008
2026-04-19 10:30:00+00:00,0.0037614207453430075
2026-04-19 10:45:00+00:00,0.0037514207453430075
2026-04-19 11:00:00+00:00,0.02166291827560049
2026-04-19 11:15:00+00:00,0.02157291827560049
2026-04-19 11:30:00+00:00,0.02046291827560049
2026-04-19 11:45:00+00:00,0.01956291827560049
2026-04-19 12:00:00+00:00,-0.018591150069390952
2026-04-19 12:15:00+00:00,-0.01898115006939095
2026-04-19 12:30:00+00:00,-0.019531150069390952
2026-04-19 12:45:00+00:00,-0.020881150069390952
2026-04-19 13:00:00+00:00,-0.021453246727953137
2026-04-19 13:15:00+00:00,-0.021043246727953137
2026-04-19 13:30:00+00:00,-0.020253246727953037
2026-04-19 13:45:00+00:00,-0.019243246727953137
2026-04-19 14:00:00+00:00,-0.004250596455254262
2026-04-19 14:15:00+00:00,-0.0036205964552542616
2026-04-19 14:30:00+00:00,0.010119403544745737
2026-04-19 14:45:00+00:00,0.04738940354474574
2026-04-19 15:00:00+00:00,0.0434390391176899
2026-04-19 15:15:00+00:00,0.08300903911769
2026-04-19 15:30:00+00:00,0.10438903911769001
2026-04-19 15:45:00+00:00,0.12498903911768999
2026-04-19 16:00:00+00:00,0.060895550539646556
2026-04-19 16:15:00+00:00,0.07306555053964656
2026-04-19 16:30:00+00:00,0.08559555053964656
2026-04-19 16:45:00+00:00,0.09804555053964656
2026-04-19 17:00:00+00:00,0.08006039069831097
2026-04-19 17:15:00+00:00,0.08521039069831098
2026-04-19 17:30:00+00:00,0.08841039069831097
2026-04-19 17:45:00+00:00,0.09313039069831097
2026-04-19 18:00:00+00:00,0.13833561204857256
2026-04-19 18:15:00+00:00,0.13960561204857255
2026-04-19 18:30:00+00:00,0.14146561204857255
2026-04-19 18:45:00+00:00,0.13758561204857256
2026-04-19 19:00:00+00:00,0.11860046382083492
2026-04-19 19:15:00+00:00,0.11040046382083493
2026-04-19 19:30:00+00:00,0.10804046382083493
2026-04-19 19:45:00+00:00,0.10483046382083491
2026-04-19 20:00:00+00:00,0.11698297080842016
2026-04-19 20:15:00+00:00,0.11287297080842017
2026-04-19 20:30:00+00:00,0.11212297080842017
2026-04-19 20:45:00+00:00,0.10664297080842006
2026-04-19 21:00:00+00:00,0.08149169491774205
2026-04-19 21:15:00+00:00,0.07785169491774205
2026-04-19 21:30:00+00:00,0.07647169491774206
2026-04-19 21:45:00+00:00,0.07264169491774206
2026-04-19 22:00:00+00:00,0.10274396940075428
2026-04-19 22:15:00+00:00,0.09411396940075428
2026-04-19 22:30:00+00:00,0.0910739694007543
2026-04-19 22:45:00+00:00,0.08739396940075428
2026-04-19 23:00:00+00:00,0.10476095331282086
2026-04-19 23:15:00+00:00,0.10256095331282086
2026-04-19 23:30:00+00:00,0.10196095331282086
2026-04-19 23:45:00+00:00,0.09461095331282086
2026-04-20 00:00:00+00:00,0.11989539948450713
2026-04-20 00:15:00+00:00,0.11438539948450713
2026-04-20 00:30:00+00:00,0.11609539948450713
2026-04-20 00:45:00+00:00,0.11405539948450702
2026-04-20 01:00:00+00:00,0.08432888911396683
2026-04-20 01:15:00+00:00,0.08311888911396682
2026-04-20 01:30:00+00:00,0.08503888911396672
2026-04-20 01:45:00+00:00,0.08698888911396682
2026-04-20 02:00:00+00:00,0.1289137631020678
2026-04-20 02:15:00+00:00,0.13177376310206793
2026-04-20 02:30:00+00:00,0.13271376310206792
2026-04-20 02:45:00+00:00,0.13762376310206792
2026-04-20 03:00:00+00:00,0.08779149911780998
2026-04-20 03:15:00+00:00,0.09349149911780998
2026-04-20 03:30:00+00:00,0.10151149911780998
2026-04-20 03:45:00+00:00,0.11329149911780999
2026-04-20 04:00:00+00:00,0.10382840374584286
2026-04-20 04:15:00+00:00,0.11656840374584287
2026-04-20 04:30:00+00:00,0.12427840374584287
2026-04-20 04:45:00+00:00,0.12265840374584286
2026-04-20 05:00:00+00:00,0.17558845978962404
2026-04-20 05:15:00+00:00,0.17924845978962403
2026-04-20 05:30:00+00:00,0.17277845978962403
2026-04-20 05:45:00+00:00,0.15420845978962403
2026-04-20 06:00:00+00:00,0.16781551355784863
2026-04-20 06:15:00+00:00,0.13906551355784863
2026-04-20 06:30:00+00:00,0.12796551355784863
2026-04-20 06:45:00+00:00,0.11797551355784862
2026-04-20 07:00:00+00:00,0.1318367198365067
2026-04-20 07:15:00+00:00,0.10779671983650668
2026-04-20 07:30:00+00:00,0.09216671983650668
2026-04-20 07:45:00+00:00,0.06768671983650668
2026-04-20 08:00:00+00:00,0.1083694776782514
2026-04-20 08:15:00+00:00,0.0827894776782514
2026-04-20 08:30:00+00:00,0.0865694776782514
2026-04-20 08:45:00+00:00,0.07165947767825141
2026-04-20 09:00:00+00:00,0.11543229992522941
2026-04-20 09:15:00+00:00,0.10722229992522941
2026-04-20 09:30:00+00:00,0.09857229992522941
2026-04-20 09:45:00+00:00,0.0817722999252293
2026-04-20 10:00:00+00:00,0.1005810140422446
2026-04-20 10:15:00+00:00,0.07865101404224459
2026-04-20 10:30:00+00:00,0.07207101404224459
2026-04-20 10:45:00+00:00,0.06119101404224459
2026-04-20 11:00:00+00:00,0.032131683130204695
2026-04-20 11:15:00+00:00,0.021561683130204692
2026-04-20 11:30:00+00:00,0.011721683130204693
2026-04-20 11:45:00+00:00,0.004931683130204692
2026-04-20 12:00:00+00:00,0.019400292132913062
2026-04-20 12:15:00+00:00,0.026620292132913063
2026-04-20 12:30:00+00:00,0.027910292132913062
2026-04-20 12:45:00+00:00,0.041230292132913064
2026-04-20 13:00:00+00:00,0.026436603252758994
2026-04-20 13:15:00+00:00,0.03849660325275899
2026-04-20 13:30:00+00:00,0.054936603252758995
2026-04-20 13:45:00+00:00,0.07265660325275898
2026-04-20 14:00:00+00:00,0.04448814925002269
2026-04-20 14:15:00+00:00,0.05904814925002269
2026-04-20 14:30:00+00:00,0.06375814925002268
2026-04-20 14:45:00+00:00,0.07351814925002269
2026-04-20 15:00:00+00:00,0.08056680473307941
2026-04-20 15:15:00+00:00,0.08670680473307942
2026-04-20 15:30:00+00:00,0.10073680473307942
2026-04-20 15:45:00+00:00,0.11687680473307942
2026-04-20 16:00:00+00:00,0.09930780588077892
2026-04-20 16:15:00+00:00,0.11286780588077902
2026-04-20 16:30:00+00:00,0.11815780588077902
2026-04-20 16:45:00+00:00,0.12169780588077903
2026-04-20 17:00:00+00:00,0.13943098929831366
2026-04-20 17:15:00+00:00,0.14338098929831367
2026-04-20 17:30:00+00:00,0.14596098929831366
2026-04-20 17:45:00+00:00,0.14866098929831364
2026-04-20 18:00:00+00:00,0.15127605380324824
2026-04-20 18:15:00+00:00,0.14990605380324823
2026-04-20 18:30:00+00:00,0.14909605380324822
2026-04-20 18:45:00+00:00,0.14718605380324823
2026-04-20 19:00:00+00:00,0.12399088121144575
2026-04-20 19:15:00+00:00,0.11686088121144575
2026-04-20 19:30:00+00:00,0.11360088121144576
2026-04-20 19:45:00+00:00,0.10911088121144574
2026-04-20 20:00:00+00:00,0.11916867851024317
2026-04-20 20:15:00+00:00,0.11363867851024316
2026-04-20 20:30:00+00:00,0.11218867851024317
2026-04-20 20:45:00+00:00,0.10316867851024317
2026-04-20 21:00:00+00:00,0.1272761613838696
2026-04-20 21:15:00+00:00,0.1196961613838697
2026-04-20 21:30:00+00:00,0.1176461613838697
2026-04-20 21:45:00+00:00,0.11137616138386969
2026-04-20 22:00:00+00:00,0.09083734695031696
2026-04-20 22:15:00+00:00,0.08906734695031686
2026-04-20 22:30:00+00:00,0.08784734695031696
2026-04-20 22:45:00+00:00,0.08523734695031686
2026-04-20 23:00:00+00:00,0.1113860769993846
2026-04-20 23:15:00+00:00,0.1092360769993847
2026-04-20 23:30:00+00:00,0.10909607699938471
2026-04-20 23:45:00+00:00,0.1081160769993847
2026-04-21 00:00:00+00:00,0.09647474603996258
2026-04-21 00:15:00+00:00,0.09630474603996257
2026-04-21 00:30:00+00:00,0.09712474603996257
2026-04-21 00:45:00+00:00,0.09712474603996257
2026-04-21 01:00:00+00:00,0.0796976070992309
2026-04-21 01:15:00+00:00,0.08056760709923091
2026-04-21 01:30:00+00:00,0.0808876070992309
2026-04-21 01:45:00+00:00,0.08389760709923091
2026-04-21 02:00:00+00:00,0.08005842740119215
2026-04-21 02:15:00+00:00,0.08096842740119214
2026-04-21 02:30:00+00:00,0.08346842740119215
2026-04-21 02:45:00+00:00,0.08593842740119215
2026-04-21 03:00:00+00:00,0.12661924681353354
2026-04-21 03:15:00+00:00,0.13018924681353355
2026-04-21 03:30:00+00:00,0.13827924681353354
2026-04-21 03:45:00+00:00,0.14505924681353355
2026-04-21 04:00:00+00:00,0.11383580469106985
2026-04-21 04:15:00+00:00,0.12449580469106987
2026-04-21 04:30:00+00:00,0.12705580469106986
2026-04-21 04:45:00+00:00,0.13145580469106988
2026-04-21 05:00:00+00:00,0.17493098874073243
2026-04-21 05:15:00+00:00,0.17475098874073242
2026-04-21 05:30:00+00:00,0.16367098874073244
2026-04-21 05:45:00+00:00,0.1485209887407324
2026-04-21 06:00:00+00:00,0.13170209582514703
2026-04-21 06:15:00+00:00,0.11468209582514705
2026-04-21 06:30:00+00:00,0.10563209582514695
2026-04-21 06:45:00+00:00,0.08602209582514696
2026-04-21 07:00:00+00:00,0.13679080365952448
2026-04-21 07:15:00+00:00,0.1163508036595245
2026-04-21 07:30:00+00:00,0.0911808036595245
2026-04-21 07:45:00+00:00,0.06630080365952448
2026-04-21 08:00:00+00:00,0.13166467959994987
2026-04-21 08:15:00+00:00,0.12449467959994989
2026-04-21 08:30:00+00:00,0.09806467959994988
2026-04-21 08:45:00+00:00,0.06121467959994988
2026-04-21 09:00:00+00:00,0.024590852303142216
2026-04-21 09:15:00+00:00,0.0045808523031422195
2026-04-21 09:30:00+00:00,-0.00904914769685778
2026-04-21 09:45:00+00:00,-0.01942914769685778
2026-04-21 10:00:00+00:00,-0.03487174244040016
2026-04-21 10:15:00+00:00,-0.03487174244040016
2026-04-21 10:30:00+00:00,-0.034911742440400156
2026-04-21 10:45:00+00:00,-0.03522174244040016
2026-04-21 11:00:00+00:00,0.022640687584049114
2026-04-21 11:15:00+00:00,0.022630687584049115
2026-04-21 11:30:00+00:00,0.021730687584049117
2026-04-21 11:45:00+00:00,0.020550687584049116
2026-04-21 12:00:00+00:00,-0.020302356351038296
2026-04-21 12:15:00+00:00,-0.019082356351038294
2026-04-21 12:30:00+00:00,-0.018672356351038293
2026-04-21 12:45:00+00:00,-0.017512356351038295
2026-04-21 13:00:00+00:00,-0.005480472905032432
2026-04-21 13:15:00+00:00,-0.0017404729050325327
2026-04-21 13:30:00+00:00,-0.0012804729050325326
2026-04-21 13:45:00+00:00,-0.0004704729050325325
2026-04-21 14:00:00+00:00,-0.010846062187367025
2026-04-21 14:15:00+00:00,-0.010766062187367025
2026-04-21 14:30:00+00:00,0.0031939378126329757
2026-04-21 14:45:00+00:00,0.033493937812632976
2026-04-21 15:00:00+00:00,0.032327406461521435
2026-04-21 15:15:00+00:00,0.06615740646152143
2026-04-21 15:30:00+00:00,0.09134740646152142
2026-04-21 15:45:00+00:00,0.10919740646152143
2026-04-21 16:00:00+00:00,0.06658419720472863
2026-04-21 16:15:00+00:00,0.07780419720472863
2026-04-21 16:30:00+00:00,0.09250419720472863
2026-04-21 16:45:00+00:00,0.10382419720472863
2026-04-21 17:00:00+00:00,0.11437365767850284
2026-04-21 17:15:00+00:00,0.12341365767850283
2026-04-21 17:30:00+00:00,0.13440365767850282
2026-04-21 17:45:00+00:00,0.15102365767850282
2026-04-21 18:00:00+00:00,0.15876521465309298
2026-04-21 18:15:00+00:00,0.15953521465309298
2026-04-21 18:30:00+00:00,0.153245214653093
2026-04-21 18:45:00+00:00,0.14061521465309298
2026-04-21 19:00:00+00:00,0.12919264246090453
2026-04-21 19:15:00+00:00,0.11270264246090445
2026-04-21 19:30:00+00:00,0.10413264246090455
2026-04-21 19:45:00+00:00,0.09834264246090454
2026-04-21 20:00:00+00:00,0.11512617691837733
2026-04-21 20:15:00+00:00,0.10942617691837733
2026-04-21 20:30:00+00:00,0.10516617691837733
2026-04-21 20:45:00+00:00,0.09820617691837734
2026-04-21 21:00:00+00:00,0.1116269500748866
2026-04-21 21:15:00+00:00,0.1086269500748866
2026-04-21 21:30:00+00:00,0.10459695007488659
2026-04-21 21:45:00+00:00,0.0971069500748866
2026-04-21 22:00:00+00:00,0.08468596736412407
2026-04-21 22:15:00+00:00,0.08229596736412406
2026-04-21 22:30:00+00:00,0.07986596736412407
2026-04-21 22:45:00+00:00,0.07651596736412407
2026-04-21 23:00:00+00:00,0.0983155753113392
2026-04-21 23:15:00+00:00,0.09630557531133921
2026-04-21 23:30:00+00:00,0.09608557531133921
2026-04-21 23:45:00+00:00,0.09467557531133922
2026-04-22 00:00:00+00:00,0.10958284892571085
2026-04-22 00:15:00+00:00,0.10611284892571085
2026-04-22 00:30:00+00:00,0.10520284892571086
2026-04-22 00:45:00+00:00,0.10463284892571086
2026-04-22 01:00:00+00:00,0.09618841430543293
2026-04-22 01:15:00+00:00,0.09637841430543294
2026-04-22 01:30:00+00:00,0.09813841430543294
2026-04-22 01:45:00+00:00,0.09931841430543294
2026-04-22 02:00:00+00:00,0.09914354259523576
2026-04-22 02:15:00+00:00,0.10254354259523576
2026-04-22 02:30:00+00:00,0.10524354259523576
2026-04-22 02:45:00+00:00,0.11189354259523576
2026-04-22 03:00:00+00:00,0.10699431307853075
2026-04-22 03:15:00+00:00,0.11564431307853075
2026-04-22 03:30:00+00:00,0.12303431307853074
2026-04-22 03:45:00+00:00,0.13779431307853077
2026-04-22 04:00:00+00:00,0.11355092084599233
2026-04-22 04:15:00+00:00,0.12588092084599234
2026-04-22 04:30:00+00:00,0.13314092084599236
2026-04-22 04:45:00+00:00,0.13860092084599235
2026-04-22 05:00:00+00:00,0.1676780565320712
2026-04-22 05:15:00+00:00,0.1559180565320712
2026-04-22 05:30:00+00:00,0.1427980565320712
2026-04-22 05:45:00+00:00,0.12358805653207121
2026-04-22 06:00:00+00:00,0.16684564481448572
2026-04-22 06:15:00+00:00,0.1519656448144857
2026-04-22 06:30:00+00:00,0.14239564481448572
2026-04-22 06:45:00+00:00,0.09979564481448572
2026-04-22 07:00:00+00:00,0.11532715686287207
2026-04-22 07:15:00+00:00,0.09033715686287207
2026-04-22 07:30:00+00:00,0.060357156862872074
2026-04-22 07:45:00+00:00,0.018067156862872066
2026-04-22 08:00:00+00:00,0.07463536436333572
2026-04-22 08:15:00+00:00,0.026245364363335615
2026-04-22 08:30:00+00:00,0.008915364363335714
2026-04-22 08:45:00+00:00,0.006485364363335714
2026-04-22 09:00:00+00:00,-0.004762889602255343
2026-04-22 09:15:00+00:00,-0.005382889602255443
2026-04-22 09:30:00+00:00,-0.005572889602255443
2026-04-22 09:45:00+00:00,-0.011572889602255443
2026-04-22 10:00:00+00:00,0.0028357146086098843
2026-04-22 10:15:00+00:00,-0.0007942853913902159
2026-04-22 10:30:00+00:00,-0.002774285391390216
2026-04-22 10:45:00+00:00,-0.007734285391390215
2026-04-22 11:00:00+00:00,0.01377070468871109
2026-04-22 11:15:00+00:00,0.010390704688711089
2026-04-22 11:30:00+00:00,0.003770704688711088
2026-04-22 11:45:00+00:00,0.00321070468871109
2026-04-22 12:00:00+00:00,-0.019013541442055838
2026-04-22 12:15:00+00:00,-0.012983541442055838
2026-04-22 12:30:00+00:00,-0.005643541442055838
2026-04-22 12:45:00+00:00,-0.0009735414420558378
2026-04-22 13:00:00+00:00,-0.042415932418947214
2026-04-22 13:15:00+00:00,-0.038585932418947214
2026-04-22 13:30:00+00:00,-0.03504593241894721
2026-04-22 13:45:00+00:00,-0.03397593241894722
2026-04-22 14:00:00+00:00,0.006872026436051182
2026-04-22 14:15:00+00:00,0.006342026436051182
2026-04-22 14:30:00+00:00,0.008282026436051183
2026-04-22 14:45:00+00:00,0.011832026436051182
2026-04-22 15:00:00+00:00,0.026973482162271287
2026-04-22 15:15:00+00:00,0.05202348216227129
2026-04-22 15:30:00+00:00,0.10495348216227128
2026-04-22 15:45:00+00:00,0.1362834821622713
2026-04-22 16:00:00+00:00,0.07108824031729073
2026-04-22 16:15:00+00:00,0.09057824031729073
2026-04-22 16:30:00+00:00,0.11438824031729072
2026-04-22 16:45:00+00:00,0.12884824031729064
2026-04-22 17:00:00+00:00,0.1312344753164613
2026-04-22 17:15:00+00:00,0.1453944753164613
2026-04-22 17:30:00+00:00,0.1612144753164613
2026-04-22 17:45:00+00:00,0.1958044753164613
2026-04-22 18:00:00+00:00,0.1549793447481622
2026-04-22 18:15:00+00:00,0.1450993447481622
2026-04-22 18:30:00+00:00,0.14319934474816218
2026-04-22 18:45:00+00:00,0.1216393447481622
2026-04-22 19:00:00+00:00,0.12271368681516293
2026-04-22 19:15:00+00:00,0.09944368681516291
2026-04-22 19:30:00+00:00,0.09500368681516293
2026-04-22 19:45:00+00:00,0.08769368681516292
2026-04-22 20:00:00+00:00,0.12838393616475996
2026-04-22 20:15:00+00:00,0.12004393616475993
2026-04-22 20:30:00+00:00,0.11307393616475993
2026-04-22 20:45:00+00:00,0.10667393616475994
2026-04-22 21:00:00+00:00,0.07719529464199013
2026-04-22 21:15:00+00:00,0.07486529464199013
2026-04-22 21:30:00+00:00,0.07149529464199013
2026-04-22 21:45:00+00:00,0.06765529464199013
2026-04-22 22:00:00+00:00,0.09904428331549751
2026-04-22 22:15:00+00:00,0.09703428331549752
2026-04-22 22:30:00+00:00,0.09509428331549752
2026-04-22 22:45:00+00:00,0.09176428331549752
2026-04-22 23:00:00+00:00,0.12425532041817869
2026-04-22 23:15:00+00:00,0.12204532041817868
2026-04-22 23:30:00+00:00,0.12063532041817858
2026-04-22 23:45:00+00:00,0.11814532041817868
2026-04-23 00:00:00+00:00,0.06269870937337053
2026-04-23 00:15:00+00:00,0.06136870937337044
2026-04-23 00:30:00+00:00,0.06122870937337044
2026-04-23 00:45:00+00:00,0.06127870937337053
2026-04-23 01:00:00+00:00,0.07309965021461108
2026-04-23 01:15:00+00:00,0.07249965021461108
2026-04-23 01:30:00+00:00,0.07258965021461097
2026-04-23 01:45:00+00:00,0.07259965021461108
2026-04-23 02:00:00+00:00,0.07401673322900472
2026-04-23 02:15:00+00:00,0.07657673322900473
2026-04-23 02:30:00+00:00,0.07741673322900472
2026-04-23 02:45:00+00:00,0.07953673322900473
2026-04-23 03:00:00+00:00,0.09672651756306032
2026-04-23 03:15:00+00:00,0.09980651756306032
2026-04-23 03:30:00+00:00,0.10561651756306031
2026-04-23 03:45:00+00:00,0.10983651756306032
2026-04-23 04:00:00+00:00,0.10690006949264054
2026-04-23 04:15:00+00:00,0.11271006949264054
2026-04-23 04:30:00+00:00,0.11517006949264054
2026-04-23 04:45:00+00:00,0.11434006949264054
2026-04-23 05:00:00+00:00,0.1540986894130463
2026-04-23 05:15:00+00:00,0.14760868941304642
2026-04-23 05:30:00+00:00,0.14632868941304641
2026-04-23 05:45:00+00:00,0.13239868941304642
2026-04-23 06:00:00+00:00,0.14911584933209723
2026-04-23 06:15:00+00:00,0.14422584933209723
2026-04-23 06:30:00+00:00,0.12751584933209723
2026-04-23 06:45:00+00:00,0.08807584933209722
2026-04-23 07:00:00+00:00,0.1266904840641245
2026-04-23 07:15:00+00:00,0.08847048406412451
2026-04-23 07:30:00+00:00,0.06001048406412451
2026-04-23 07:45:00+00:00,0.014400484064124513
2026-04-23 08:00:00+00:00,0.003175911061688407
2026-04-23 08:15:00+00:00,0.002585911061688407
2026-04-23 08:30:00+00:00,0.001675911061688407
2026-04-23 08:45:00+00:00,0.001015911061688407
2026-04-23 09:00:00+00:00,0.005385473039454096
2026-04-23 09:15:00+00:00,0.003695473039454196
2026-04-23 09:30:00+00:00,-0.0003545269605459041
2026-04-23 09:45:00+00:00,-0.004524526960545904
2026-04-23 10:00:00+00:00,-0.029828653716812106
2026-04-23 10:15:00+00:00,-0.03977865371681211
2026-04-23 10:30:00+00:00,-0.048028653716812
2026-04-23 10:45:00+00:00,-0.06174865371681211
2026-04-23 11:00:00+00:00,-0.024229030309311395
2026-04-23 11:15:00+00:00,-0.0339690303093115
2026-04-23 11:30:00+00:00,-0.035839030309311494
2026-04-23 11:45:00+00:00,-0.0411990303093115
2026-04-23 12:00:00+00:00,-0.07675346218631421
2026-04-23 12:15:00+00:00,-0.07144346218631421
2026-04-23 12:30:00+00:00,-0.06857346218631422
2026-04-23 12:45:00+00:00,-0.06041346218631411
2026-04-23 13:00:00+00:00,-0.023650211401834723
2026-04-23 13:15:00+00:00,-0.01311021140183472
2026-04-23 13:30:00+00:00,0.00035978859816527924
2026-04-23 13:45:00+00:00,0.006239788598165279
2026-04-23 14:00:00+00:00,0.015264994101733358
2026-04-23 14:15:00+00:00,0.02070499410173336
2026-04-23 14:30:00+00:00,0.02169499410173336
2026-04-23 14:45:00+00:00,0.02179499410173336
2026-04-23 15:00:00+00:00,0.003824570509500041
2026-04-23 15:15:00+00:00,0.003964570509500041
2026-04-23 15:30:00+00:00,0.01122457050950004
2026-04-23 15:45:00+00:00,0.08435457050950004
2026-04-23 16:00:00+00:00,0.04433214065859357
2026-04-23 16:15:00+00:00,0.08076214065859358
2026-04-23 16:30:00+00:00,0.10857214065859358
2026-04-23 16:45:00+00:00,0.12767214065859356
2026-04-23 17:00:00+00:00,0.11256556821789081
2026-04-23 17:15:00+00:00,0.12362556821789081
2026-04-23 17:30:00+00:00,0.1347555682178908
2026-04-23 17:45:00+00:00,0.1444755682178908
2026-04-23 18:00:00+00:00,0.09233050311245171
2026-04-23 18:15:00+00:00,0.0885405031124517
2026-04-23 18:30:00+00:00,0.08345050311245171
2026-04-23 18:45:00+00:00,0.07318050311245171
2026-04-23 19:00:00+00:00,0.13094389936480927
2026-04-23 19:15:00+00:00,0.12430389936480928
2026-04-23 19:30:00+00:00,0.11954389936480928
2026-04-23 19:45:00+00:00,0.11257389936480929
2026-04-23 20:00:00+00:00,0.11137715606690307
2026-04-23 20:15:00+00:00,0.10828715606690317
2026-04-23 20:30:00+00:00,0.10589715606690318
2026-04-23 20:45:00+00:00,0.09904715606690317
2026-04-23 21:00:00+00:00,0.10370972440201079
2026-04-23 21:15:00+00:00,0.09883972440201079
2026-04-23 21:30:00+00:00,0.09794972440201079
2026-04-23 21:45:00+00:00,0.09360972440201079
2026-04-23 22:00:00+00:00,0.12401231192608281
2026-04-23 22:15:00+00:00,0.1142523119260828
2026-04-23 22:30:00+00:00,0.1112523119260828
2026-04-23 22:45:00+00:00,0.11223231192608281
2026-04-23 23:00:00+00:00,0.10001614466509273
2026-04-23 23:15:00+00:00,0.09858614466509273
2026-04-23 23:30:00+00:00,0.09827614466509274
2026-04-23 23:45:00+00:00,0.09814614466509274
2026-04-24 00:00:00+00:00,0.08074905888535616
2026-04-24 00:15:00+00:00,0.07949905888535616
2026-04-24 00:30:00+00:00,0.07940905888535617
2026-04-24 00:45:00+00:00,0.07937905888535617
2026-04-24 01:00:00+00:00,0.09797177055361951
2026-04-24 01:15:00+00:00,0.09878177055361961
2026-04-24 01:30:00+00:00,0.09968177055361961
2026-04-24 01:45:00+00:00,0.09993177055361961
2026-04-24 02:00:00+00:00,0.10339131069787247
2026-04-24 02:15:00+00:00,0.10544131069787246
2026-04-24 02:30:00+00:00,0.10802131069787246
2026-04-24 02:45:00+00:00,0.10954131069787246
2026-04-24 03:00:00+00:00,0.10706187434943323
2026-04-24 03:15:00+00:00,0.11320187434943323
2026-04-24 03:30:00+00:00,0.12350187434943323
2026-04-24 03:45:00+00:00,0.12990187434943323
2026-04-24 04:00:00+00:00,0.1281552172682713
2026-04-24 04:15:00+00:00,0.1363252172682713
2026-04-24 04:30:00+00:00,0.1365552172682713
2026-04-24 04:45:00+00:00,0.1383552172682713
2026-04-24 05:00:00+00:00,0.16853807815086172
2026-04-24 05:15:00+00:00,0.16191807815086173
2026-04-24 05:30:00+00:00,0.15505807815086173
2026-04-24 05:45:00+00:00,0.14282807815086174
2026-04-24 06:00:00+00:00,0.13499445786625516
2026-04-24 06:15:00+00:00,0.10614445786625515
2026-04-24 06:30:00+00:00,0.09324445786625515
2026-04-24 06:45:00+00:00,0.056534457866255154
2026-04-24 07:00:00+00:00,0.13151844042679883
2026-04-24 07:15:00+00:00,0.08599844042679884
2026-04-24 07:30:00+00:00,0.07160844042679884
2026-04-24 07:45:00+00:00,0.04740844042679884
2026-04-24 08:00:00+00:00,0.08339205107970973
2026-04-24 08:15:00+00:00,0.04107205107970974
2026-04-24 08:30:00+00:00,0.02493205107970974
2026-04-24 08:45:00+00:00,0.02370205107970974
2026-04-24 09:00:00+00:00,-0.03178293877170043
2026-04-24 09:15:00+00:00,-0.03187293877170043
2026-04-24 09:30:00+00:00,-0.03190293877170043
2026-04-24 09:45:00+00:00,-0.03207293877170043
2026-04-24 10:00:00+00:00,0.001800951058581145
2026-04-24 10:15:00+00:00,-0.001209048941418855
2026-04-24 10:30:00+00:00,-0.003749048941418855
2026-04-24 10:45:00+00:00,-0.011269048941418855
2026-04-24 11:00:00+00:00,-0.02575614521441862
2026-04-24 11:15:00+00:00,-0.03081614521441852
2026-04-24 11:30:00+00:00,-0.040756145214418615
2026-04-24 11:45:00+00:00,-0.050256145214418624
2026-04-24 12:00:00+00:00,-0.039501686309705464
2026-04-24 12:15:00+00:00,-0.03807168630970547
2026-04-24 12:30:00+00:00,-0.036811686309705466
2026-04-24 12:45:00+00:00,-0.03287168630970547
2026-04-24 13:00:00+00:00,-0.04335555229286168
2026-04-24 13:15:00+00:00,-0.03630555229286168
2026-04-24 13:30:00+00:00,-0.029435552292861676
2026-04-24 13:45:00+00:00,-0.023625552292861677
2026-04-24 14:00:00+00:00,-0.008545440886769302
2026-04-24 14:15:00+00:00,-0.004125440886769301
2026-04-24 14:30:00+00:00,-0.0031354408867693014
2026-04-24 14:45:00+00:00,-0.0031054408867693013
2026-04-24 15:00:00+00:00,0.033832490771161544
2026-04-24 15:15:00+00:00,0.05113249077116154
2026-04-24 15:30:00+00:00,0.11316249077116154
2026-04-24 15:45:00+00:00,0.14083249077116156
2026-04-24 16:00:00+00:00,0.034786491197573585
2026-04-24 16:15:00+00:00,0.07289649119757358
2026-04-24 16:30:00+00:00,0.09582649119757358
2026-04-24 16:45:00+00:00,0.12282649119757358
2026-04-24 17:00:00+00:00,0.0864887853611028
2026-04-24 17:15:00+00:00,0.10205878536110279
2026-04-24 17:30:00+00:00,0.1120087853611028
2026-04-24 17:45:00+00:00,0.14871878536110278
2026-04-24 18:00:00+00:00,0.11758736319466817
2026-04-24 18:15:00+00:00,0.11210736319466819
2026-04-24 18:30:00+00:00,0.11713736319466816
2026-04-24 18:45:00+00:00,0.10683736319466816
2026-04-24 19:00:00+00:00,0.19499076580261857
2026-04-24 19:15:00+00:00,0.16130076580261857
2026-04-24 19:30:00+00:00,0.15375076580261857
2026-04-24 19:45:00+00:00,0.14102076580261858
2026-04-24 20:00:00+00:00,0.12136465383642069
2026-04-24 20:15:00+00:00,0.11641465383642068
2026-04-24 20:30:00+00:00,0.11222465383642068
2026-04-24 20:45:00+00:00,0.10352465383642068
2026-04-24 21:00:00+00:00,0.1174888903584069
2026-04-24 21:15:00+00:00,0.1143288903584069
2026-04-24 21:30:00+00:00,0.11144889035840691
2026-04-24 21:45:00+00:00,0.10861889035840691
2026-04-24 22:00:00+00:00,0.09931899058502007
2026-04-24 22:15:00+00:00,0.09164899058502007
2026-04-24 22:30:00+00:00,0.09274899058502008
2026-04-24 22:45:00+00:00,0.08917899058502007
2026-04-24 23:00:00+00:00,0.08084652769159831
2026-04-24 23:15:00+00:00,0.0772765276915982
2026-04-24 23:30:00+00:00,0.07810652769159822
2026-04-24 23:45:00+00:00,0.07651652769159831
2026-04-25 00:00:00+00:00,0.09362918108757984
2026-04-25 00:15:00+00:00,0.09186918108757984
2026-04-25 00:30:00+00:00,0.08889918108757984
2026-04-25 00:45:00+00:00,0.08879918108757984
2026-04-25 01:00:00+00:00,0.14287945037543592
2026-04-25 01:15:00+00:00,0.13997945037543605
2026-04-25 01:30:00+00:00,0.14012945037543595
2026-04-25 01:45:00+00:00,0.13831945037543603
2026-04-25 02:00:00+00:00,0.11392886380230968
2026-04-25 02:15:00+00:00,0.11348886380230969
2026-04-25 02:30:00+00:00,0.1142788638023097
2026-04-25 02:45:00+00:00,0.1144488638023097
2026-04-25 03:00:00+00:00,0.07310753680546764
2026-04-25 03:15:00+00:00,0.07250753680546763
2026-04-25 03:30:00+00:00,0.07375753680546764
2026-04-25 03:45:00+00:00,0.07005753680546764
2026-04-25 04:00:00+00:00,0.1017589697540159
2026-04-25 04:15:00+00:00,0.10276896975401591
2026-04-25 04:30:00+00:00,0.0978989697540159
2026-04-25 04:45:00+00:00,0.0778989697540159
2026-04-25 05:00:00+00:00,0.07979103150055994
2026-04-25 05:15:00+00:00,0.07336103150055992
2026-04-25 05:30:00+00:00,0.050531031500559924
2026-04-25 05:45:00+00:00,0.020651031500559927
2026-04-25 06:00:00+00:00,0.026229805299949754
2026-04-25 06:15:00+00:00,-0.015570194700050246
2026-04-25 06:30:00+00:00,-0.028540194700050345
2026-04-25 06:45:00+00:00,-0.03254019470005024
2026-04-25 07:00:00+00:00,0.018933191330266726
2026-04-25 07:15:00+00:00,0.018723191330266727
2026-04-25 07:30:00+00:00,0.018723191330266727
2026-04-25 07:45:00+00:00,0.018383191330266727
2026-04-25 08:00:00+00:00,0.021236339904264056
2026-04-25 08:15:00+00:00,0.019296339904264055
2026-04-25 08:30:00+00:00,0.014316339904264057
2026-04-25 08:45:00+00:00,0.0013363399042640549
2026-04-25 09:00:00+00:00,0.004190879954110131
2026-04-25 09:15:00+00:00,-0.010779120045889868
2026-04-25 09:30:00+00:00,-0.03220912004588987
2026-04-25 09:45:00+00:00,-0.05288912004588986
2026-04-25 10:00:00+00:00,-0.07892362565379529
2026-04-25 10:15:00+00:00,-0.09861362565379528
2026-04-25 10:30:00+00:00,-0.11857362565379528
2026-04-25 10:45:00+00:00,-0.1404736256537953
2026-04-25 11:00:00+00:00,-0.13312445147391017
2026-04-25 11:15:00+00:00,-0.18663445147391006
2026-04-25 11:30:00+00:00,-0.19350445147391016
2026-04-25 11:45:00+00:00,-0.20476445147391015
2026-04-25 12:00:00+00:00,-0.18206329459531959
2026-04-25 12:15:00+00:00,-0.1797532945953196
2026-04-25 12:30:00+00:00,-0.1771432945953195
2026-04-25 12:45:00+00:00,-0.1693932945953196
2026-04-25 13:00:00+00:00,-0.15975638387916127
2026-04-25 13:15:00+00:00,-0.14681638387916118
2026-04-25 13:30:00+00:00,-0.1132563838791613
2026-04-25 13:45:00+00:00,-0.0866063838791613
2026-04-25 14:00:00+00:00,-0.100972964293763
2026-04-25 14:15:00+00:00,-0.07439296429376309
2026-04-25 14:30:00+00:00,-0.04623296429376309
2026-04-25 14:45:00+00:00,-0.023232964293763092
2026-04-25 15:00:00+00:00,-0.044749933677212486
2026-04-25 15:15:00+00:00,-0.034679933677212386
2026-04-25 15:30:00+00:00,-0.030749933677212488
2026-04-25 15:45:00+00:00,-0.029799933677212488
2026-04-25 16:00:00+00:00,0.0010624207506479302
2026-04-25 16:15:00+00:00,0.0020824207506479303
2026-04-25 16:30:00+00:00,0.00457242075064793
2026-04-25 16:45:00+00:00,0.01911242075064793
2026-04-25 17:00:00+00:00,0.05877646155993534
2026-04-25 17:15:00+00:00,0.08262646155993533
2026-04-25 17:30:00+00:00,0.09314646155993533
2026-04-25 17:45:00+00:00,0.10554646155993536
2026-04-25 18:00:00+00:00,0.05346469317625928
2026-04-25 18:15:00+00:00,0.05553469317625928
2026-04-25 18:30:00+00:00,0.05400469317625928
2026-04-25 18:45:00+00:00,0.050654693176259286
2026-04-25 19:00:00+00:00,0.09359700203068859
2026-04-25 19:15:00+00:00,0.08806700203068858
2026-04-25 19:30:00+00:00,0.08149700203068859
2026-04-25 19:45:00+00:00,0.07180700203068859
2026-04-25 20:00:00+00:00,0.08597197400566081
2026-04-25 20:15:00+00:00,0.07924197400566092
2026-04-25 20:30:00+00:00,0.07833197400566091
2026-04-25 20:45:00+00:00,0.07153197400566091
2026-04-25 21:00:00+00:00,0.08658373757231431
2026-04-25 21:15:00+00:00,0.0794937375723142
2026-04-25 21:30:00+00:00,0.0856737375723143
2026-04-25 21:45:00+00:00,0.08330373757231431
2026-04-25 22:00:00+00:00,0.09433227459119227
2026-04-25 22:15:00+00:00,0.09251227459119227
2026-04-25 22:30:00+00:00,0.09647227459119226
2026-04-25 22:45:00+00:00,0.09853227459119226
2026-04-25 23:00:00+00:00,0.06862942036931956
2026-04-25 23:15:00+00:00,0.06878942036931955
2026-04-25 23:30:00+00:00,0.07266942036931956
2026-04-25 23:45:00+00:00,0.07324942036931956
2026-04-26 00:00:00+00:00,0.05563888137269807
2026-04-26 00:15:00+00:00,0.05602888137269807
2026-04-26 00:30:00+00:00,0.05853888137269807
2026-04-26 00:45:00+00:00,0.05934888137269807
2026-04-26 01:00:00+00:00,0.07812674710699051
2026-04-26 01:15:00+00:00,0.07956674710699052
2026-04-26 01:30:00+00:00,0.08146674710699052
2026-04-26 01:45:00+00:00,0.08357674710699041
2026-04-26 02:00:00+00:00,0.10480743382989385
2026-04-26 02:15:00+00:00,0.10748743382989384
2026-04-26 02:30:00+00:00,0.11460743382989386
2026-04-26 02:45:00+00:00,0.11505743382989386
2026-04-26 03:00:00+00:00,0.08426084934199454
2026-04-26 03:15:00+00:00,0.08953084934199454
2026-04-26 03:30:00+00:00,0.08994084934199455
2026-04-26 03:45:00+00:00,0.09099084934199454
2026-04-26 04:00:00+00:00,0.08434717298064628
2026-04-26 04:15:00+00:00,0.08444717298064638
2026-04-26 04:30:00+00:00,0.08128717298064639
2026-04-26 04:45:00+00:00,0.0756471729806464
2026-04-26 05:00:00+00:00,0.058783262328491584
2026-04-26 05:15:00+00:00,0.05475326232849159
2026-04-26 05:30:00+00:00,0.04969326232849158
2026-04-26 05:45:00+00:00,0.035513262328491585
2026-04-26 06:00:00+00:00,0.1210543456377455
2026-04-26 06:15:00+00:00,0.1052043456377455
2026-04-26 06:30:00+00:00,0.0779243456377455
2026-04-26 06:45:00+00:00,0.041884345637745506
2026-04-26 07:00:00+00:00,0.020082227546385042
2026-04-26 07:15:00+00:00,0.015082227546385042
2026-04-26 07:30:00+00:00,0.014362227546385041
2026-04-26 07:45:00+00:00,0.011122227546385042
2026-04-26 08:00:00+00:00,0.00913659565849589
2026-04-26 08:15:00+00:00,-0.00549340434150411
2026-04-26 08:30:00+00:00,-0.023853404341504108
2026-04-26 08:45:00+00:00,-0.035943404341504115
2026-04-26 09:00:00+00:00,-0.05421835145500649
2026-04-26 09:15:00+00:00,-0.06920835145500649
2026-04-26 09:30:00+00:00,-0.1193283514550065
2026-04-26 09:45:00+00:00,-0.1955783514550065
2026-04-26 10:00:00+00:00,-0.20294316587947414
2026-04-26 10:15:00+00:00,-0.23717316587947412
2026-04-26 10:30:00+00:00,-0.24557316587947414
2026-04-26 10:45:00+00:00,-0.3117631658794741
2026-04-26 11:00:00+00:00,-0.3648394655979435
2026-04-26 11:15:00+00:00,-0.3805794655979435
2026-04-26 11:30:00+00:00,-0.45583946559794347
2026-04-26 11:45:00+00:00,-0.4717794655979435
2026-04-26 12:00:00+00:00,-0.4830191137254109
2026-04-26 12:15:00+00:00,-0.4541291137254109
2026-04-26 12:30:00+00:00,-0.3958291137254109
2026-04-26 12:45:00+00:00,-0.3320391137254109
2026-04-26 13:00:00+00:00,-0.3289563602499282
2026-04-26 13:15:00+00:00,-0.2843863602499282
2026-04-26 13:30:00+00:00,-0.23384636024992816
2026-04-26 13:45:00+00:00,-0.12780636024992817
2026-04-26 14:00:00+00:00,-0.040807470224282945
2026-04-26 14:15:00+00:00,0.0034225297757170467
2026-04-26 14:30:00+00:00,0.036412529775717045
2026-04-26 14:45:00+00:00,0.04540252977571715
2026-04-26 15:00:00+00:00,0.008114708116108075
2026-04-26 15:15:00+00:00,0.010084708116108074
2026-04-26 15:30:00+00:00,0.010604708116108074
2026-04-26 15:45:00+00:00,0.05676470811610808
2026-04-26 16:00:00+00:00,0.03414781327658458
2026-04-26 16:15:00+00:00,0.09239781327658458
2026-04-26 16:30:00+00:00,0.13573781327658457
2026-04-26 16:45:00+00:00,0.15601781327658457
2026-04-26 17:00:00+00:00,0.12344335630348535
2026-04-26 17:15:00+00:00,0.14089335630348535
2026-04-26 17:30:00+00:00,0.17319335630348523
2026-04-26 17:45:00+00:00,0.19783335630348534
2026-04-26 18:00:00+00:00,0.13340560268859095
2026-04-26 18:15:00+00:00,0.14243560268859093
2026-04-26 18:30:00+00:00,0.14765560268859093
2026-04-26 18:45:00+00:00,0.13346560268859095
2026-04-26 19:00:00+00:00,0.17764483609608092
2026-04-26 19:15:00+00:00,0.17010483609608093
2026-04-26 19:30:00+00:00,0.16452483609608093
2026-04-26 19:45:00+00:00,0.16091483609608093
2026-04-26 20:00:00+00:00,0.12183306401362608
2026-04-26 20:15:00+00:00,0.11781306401362608
2026-04-26 20:30:00+00:00,0.11176306401362598
2026-04-26 20:45:00+00:00,0.10563306401362609
2026-04-26 21:00:00+00:00,0.13406728666999324
2026-04-26 21:15:00+00:00,0.13676728666999324
2026-04-26 21:30:00+00:00,0.13028728666999323
2026-04-26 21:45:00+00:00,0.12720728666999323
2026-04-26 22:00:00+00:00,0.14549700249871306
2026-04-26 22:15:00+00:00,0.13938700249871308
2026-04-26 22:30:00+00:00,0.13496700249871307
2026-04-26 22:45:00+00:00,0.13228700249871306
2026-04-26 23:00:00+00:00,0.12155000055769034
2026-04-26 23:15:00+00:00,0.12066000055769034
2026-04-26 23:30:00+00:00,0.11938000055769034
2026-04-26 23:45:00+00:00,0.11881000055769024
2026-04-27 00:00:00+00:00,0.1147458562827163
2026-04-27 00:15:00+00:00,0.1144458562827162
2026-04-27 00:30:00+00:00,0.1144458562827162
2026-04-27 00:45:00+00:00,0.1141458562827163
2026-04-27 01:00:00+00:00,0.11316848489983515
2026-04-27 01:15:00+00:00,0.11233848489983515
2026-04-27 01:30:00+00:00,0.11286848489983516
2026-04-27 01:45:00+00:00,0.11371848489983515
2026-04-27 02:00:00+00:00,0.11167291265884784
2026-04-27 02:15:00+00:00,0.11288291265884794
2026-04-27 02:30:00+00:00,0.11583291265884794
2026-04-27 02:45:00+00:00,0.12242291265884794
2026-04-27 03:00:00+00:00,0.10610334728567526
2026-04-27 03:15:00+00:00,0.11340334728567526
2026-04-27 03:30:00+00:00,0.11919334728567525
2026-04-27 03:45:00+00:00,0.12158334728567526
2026-04-27 04:00:00+00:00,0.14184088384561053
2026-04-27 04:15:00+00:00,0.1581408838456105
2026-04-27 04:30:00+00:00,0.1617208838456105
2026-04-27 04:45:00+00:00,0.16753088384561052
2026-04-27 05:00:00+00:00,0.21239700612202914
2026-04-27 05:15:00+00:00,0.19845700612202913
2026-04-27 05:30:00+00:00,0.17059700612202913
2026-04-27 05:45:00+00:00,0.14205700612202912
2026-04-27 06:00:00+00:00,0.1718056736311452
2026-04-27 06:15:00+00:00,0.1330156736311452
2026-04-27 06:30:00+00:00,0.1073856736311451
2026-04-27 06:45:00+00:00,0.0860056736311452
2026-04-27 07:00:00+00:00,0.1105412415660274
2026-04-27 07:15:00+00:00,0.08483124156602741
2026-04-27 07:30:00+00:00,0.07218124156602741
2026-04-27 07:45:00+00:00,0.04480124156602741
2026-04-27 08:00:00+00:00,0.0831831946134341
2026-04-27 08:15:00+00:00,0.0584131946134341
2026-04-27 08:30:00+00:00,0.0429831946134341
2026-04-27 08:45:00+00:00,0.014043194613434094
2026-04-27 09:00:00+00:00,0.03680896395473203
2026-04-27 09:15:00+00:00,0.020218963954732026
2026-04-27 09:30:00+00:00,0.020208963954732026
2026-04-27 09:45:00+00:00,0.020198963954732026
2026-04-27 10:00:00+00:00,0.012404058646923493
2026-04-27 10:15:00+00:00,0.012364058646923493
2026-04-27 10:30:00+00:00,0.012314058646923493
2026-04-27 10:45:00+00:00,0.012184058646923493
2026-04-27 11:00:00+00:00,0.009795871796842224
2026-04-27 11:15:00+00:00,0.009475871796842224
2026-04-27 11:30:00+00:00,0.009295871796842225
2026-04-27 11:45:00+00:00,0.009295871796842225
2026-04-27 12:00:00+00:00,-0.005231870750170552
2026-04-27 12:15:00+00:00,-0.004831870750170553
2026-04-27 12:30:00+00:00,-0.004781870750170552
2026-04-27 12:45:00+00:00,-0.004731870750170552
2026-04-27 13:00:00+00:00,0.01052535442263638
2026-04-27 13:15:00+00:00,0.01053535442263638
2026-04-27 13:30:00+00:00,0.010545354422636379
2026-04-27 13:45:00+00:00,0.03110535442263638
2026-04-27 14:00:00+00:00,0.006834767452183367
2026-04-27 14:15:00+00:00,0.04178476745218337
2026-04-27 14:30:00+00:00,0.07679476745218337
2026-04-27 14:45:00+00:00,0.10194476745218337
2026-04-27 15:00:00+00:00,0.06347967411436581
2026-04-27 15:15:00+00:00,0.1004096741143658
2026-04-27 15:30:00+00:00,0.1187796741143658
2026-04-27 15:45:00+00:00,0.1269896741143658
2026-04-27 16:00:00+00:00,0.12686985136253054
2026-04-27 16:15:00+00:00,0.14155985136253055
2026-04-27 16:30:00+00:00,0.15714985136253054
2026-04-27 16:45:00+00:00,0.16510985136253054
2026-04-27 17:00:00+00:00,0.14897457640737097
2026-04-27 17:15:00+00:00,0.17260457640737087
2026-04-27 17:30:00+00:00,0.19148457640737096
2026-04-27 17:45:00+00:00,0.24039457640737097
2026-04-27 18:00:00+00:00,0.19950771649468496
2026-04-27 18:15:00+00:00,0.18709771649468498
2026-04-27 18:30:00+00:00,0.16133771649468498
2026-04-27 18:45:00+00:00,0.13235771649468497
2026-04-27 19:00:00+00:00,0.1782199714522402
2026-04-27 19:15:00+00:00,0.1351799714522402
2026-04-27 19:30:00+00:00,0.1132799714522402
2026-04-27 19:45:00+00:00,0.10427997145224019
2026-04-27 20:00:00+00:00,0.14036736774896935
2026-04-27 20:15:00+00:00,0.13201736774896936
2026-04-27 20:30:00+00:00,0.12482736774896937
2026-04-27 20:45:00+00:00,0.11336736774896937
2026-04-27 21:00:00+00:00,0.15645713757624377
2026-04-27 21:15:00+00:00,0.14916713757624375
2026-04-27 21:30:00+00:00,0.14325713757624375
2026-04-27 21:45:00+00:00,0.13879713757624376
2026-04-27 22:00:00+00:00,0.08472209470067112
2026-04-27 22:15:00+00:00,0.07849209470067112
2026-04-27 22:30:00+00:00,0.07471209470067111
2026-04-27 22:45:00+00:00,0.07192209470067112
2026-04-27 23:00:00+00:00,0.11594427991613229
2026-04-27 23:15:00+00:00,0.11272427991613229
2026-04-27 23:30:00+00:00,0.11137427991613229
2026-04-27 23:45:00+00:00,0.1080242799161323
2026-04-28 00:00:00+00:00,0.07873563809424838
2026-04-28 00:15:00+00:00,0.07722563809424837
2026-04-28 00:30:00+00:00,0.07735563809424836
2026-04-28 00:45:00+00:00,0.07746563809424836
2026-04-28 01:00:00+00:00,0.09070436820387129
2026-04-28 01:15:00+00:00,0.09042436820387129
2026-04-28 01:30:00+00:00,0.09129436820387128
2026-04-28 01:45:00+00:00,0.09227436820387128
2026-04-28 02:00:00+00:00,0.09603374284031985
2026-04-28 02:15:00+00:00,0.09677374284031985
2026-04-28 02:30:00+00:00,0.09882374284031985
2026-04-28 02:45:00+00:00,0.10269374284031985
2026-04-28 03:00:00+00:00,0.09682329191175165
2026-04-28 03:15:00+00:00,0.10151329191175165
2026-04-28 03:30:00+00:00,0.10747329191175164
2026-04-28 03:45:00+00:00,0.11062329191175165
2026-04-28 04:00:00+00:00,0.10898166808741828
2026-04-28 04:15:00+00:00,0.11159166808741827
2026-04-28 04:30:00+00:00,0.11508166808741828
2026-04-28 04:45:00+00:00,0.11351166808741828
2026-04-28 05:00:00+00:00,0.13442242745969665
2026-04-28 05:15:00+00:00,0.12707242745969666
2026-04-28 05:30:00+00:00,0.11653242745969665
2026-04-28 05:45:00+00:00,0.10822242745969665
2026-04-28 06:00:00+00:00,0.11907484790251223
2026-04-28 06:15:00+00:00,0.11123484790251223
2026-04-28 06:30:00+00:00,0.09987484790251223
2026-04-28 06:45:00+00:00,0.07973484790251223
2026-04-28 07:00:00+00:00,0.08612780713953423
2026-04-28 07:15:00+00:00,0.07013780713953423
2026-04-28 07:30:00+00:00,0.04319780713953422
2026-04-28 07:45:00+00:00,0.012157807139534235
2026-04-28 08:00:00+00:00,0.0829798579847636
2026-04-28 08:15:00+00:00,0.03751985798476359
2026-04-28 08:30:00+00:00,0.01425985798476359
2026-04-28 08:45:00+00:00,0.00981985798476359
2026-04-28 09:00:00+00:00,0.01388378844705219
2026-04-28 09:15:00+00:00,0.01343378844705219
2026-04-28 09:30:00+00:00,0.01283378844705219
2026-04-28 09:45:00+00:00,0.01084378844705219
2026-04-28 10:00:00+00:00,0.009103061820860467
2026-04-28 10:15:00+00:00,0.004793061820860468
2026-04-28 10:30:00+00:00,-0.0016069381791395335
2026-04-28 10:45:00+00:00,-0.0064869381791395325
2026-04-28 11:00:00+00:00,-0.0504005100765107
2026-04-28 11:15:00+00:00,-0.0567605100765107
2026-04-28 11:30:00+00:00,-0.0583005100765107
2026-04-28 11:45:00+00:00,-0.0637805100765107
2026-04-28 12:00:00+00:00,-0.027447473291923298
2026-04-28 12:15:00+00:00,-0.0245074732919233
2026-04-28 12:30:00+00:00,-0.023137473291923304
2026-04-28 12:45:00+00:00,-0.018967473291923304
2026-04-28 13:00:00+00:00,-0.013669101879503872
2026-04-28 13:15:00+00:00,-0.007579101879503874
2026-04-28 13:30:00+00:00,-0.002589101879503874
2026-04-28 13:45:00+00:00,0.004200898120496127
2026-04-28 14:00:00+00:00,-0.031438012535752125
2026-04-28 14:15:00+00:00,-0.024058012535752123
2026-04-28 14:30:00+00:00,-0.019968012535752123
2026-04-28 14:45:00+00:00,-0.018948012535752123
2026-04-28 15:00:00+00:00,0.00011855554005197542
2026-04-28 15:15:00+00:00,0.005978555540051975
2026-04-28 15:30:00+00:00,0.04576855554005198
2026-04-28 15:45:00+00:00,0.08206855554005198
2026-04-28 16:00:00+00:00,0.05651363708893227
2026-04-28 16:15:00+00:00,0.07725363708893228
2026-04-28 16:30:00+00:00,0.10322363708893227
2026-04-28 16:45:00+00:00,0.11486363708893228
2026-04-28 17:00:00+00:00,0.13906893692476185
2026-04-28 17:15:00+00:00,0.14904893692476187
2026-04-28 17:30:00+00:00,0.15402893692476186
2026-04-28 17:45:00+00:00,0.16284893692476188
2026-04-28 18:00:00+00:00,0.159372007263522
2026-04-28 18:15:00+00:00,0.155422007263522
2026-04-28 18:30:00+00:00,0.156432007263522
2026-04-28 18:45:00+00:00,0.15411200726352198
2026-04-28 19:00:00+00:00,0.08928797658290147
2026-04-28 19:15:00+00:00,0.08832797658290147
2026-04-28 19:30:00+00:00,0.08489797658290146
2026-04-28 19:45:00+00:00,0.07846797658290146
2026-04-28 20:00:00+00:00,0.16384512158775139
2026-04-28 20:15:00+00:00,0.15823512158775138
2026-04-28 20:30:00+00:00,0.15632512158775136
2026-04-28 20:45:00+00:00,0.15007512158775138
2026-04-28 21:00:00+00:00,0.09030301624074763
2026-04-28 21:15:00+00:00,0.08522301624074763
2026-04-28 21:30:00+00:00,0.08359301624074762
2026-04-28 21:45:00+00:00,0.08069301624074762
2026-04-28 22:00:00+00:00,0.11997956225952047
2026-04-28 22:15:00+00:00,0.11639956225952047
2026-04-28 22:30:00+00:00,0.11547956225952036
2026-04-28 22:45:00+00:00,0.11304956225952048
2026-04-28 23:00:00+00:00,0.11565259408619519
2026-04-28 23:15:00+00:00,0.1141525940861952
2026-04-28 23:30:00+00:00,0.11453259408619529
2026-04-28 23:45:00+00:00,0.1138925940861953
2026-04-29 00:00:00+00:00,0.07953450634522777
2026-04-29 00:15:00+00:00,0.07924450634522777
2026-04-29 00:30:00+00:00,0.08014450634522777
2026-04-29 00:45:00+00:00,0.07956450634522777
2026-04-29 01:00:00+00:00,0.10665364002478106
2026-04-29 01:15:00+00:00,0.10709364002478107
2026-04-29 01:30:00+00:00,0.10777364002478096
2026-04-29 01:45:00+00:00,0.10884364002478106
2026-04-29 02:00:00+00:00,0.09670410138931067
2026-04-29 02:15:00+00:00,0.09782410138931066
2026-04-29 02:30:00+00:00,0.09881410138931067
2026-04-29 02:45:00+00:00,0.10135410138931067
2026-04-29 03:00:00+00:00,0.11225563887542613
2026-04-29 03:15:00+00:00,0.11522563887542613
2026-04-29 03:30:00+00:00,0.11989563887542613
2026-04-29 03:45:00+00:00,0.12498563887542613
2026-04-29 04:00:00+00:00,0.12581853075059551
2026-04-29 04:15:00+00:00,0.14216853075059552
2026-04-29 04:30:00+00:00,0.15407853075059552
2026-04-29 04:45:00+00:00,0.15407853075059552
2026-04-29 05:00:00+00:00,0.17498236045056842
2026-04-29 05:15:00+00:00,0.15215236045056832
2026-04-29 05:30:00+00:00,0.14118236045056842
2026-04-29 05:45:00+00:00,0.12700236045056842
2026-04-29 06:00:00+00:00,0.13597544280742516
2026-04-29 06:15:00+00:00,0.12184544280742515
2026-04-29 06:30:00+00:00,0.10653544280742515
2026-04-29 06:45:00+00:00,0.09064544280742516
2026-04-29 07:00:00+00:00,0.11466536695932857
2026-04-29 07:15:00+00:00,0.09386536695932857
2026-04-29 07:30:00+00:00,0.04745536695932857
2026-04-29 07:45:00+00:00,-0.002644633040671432
2026-04-29 08:00:00+00:00,0.030939834338563232
2026-04-29 08:15:00+00:00,0.020119834338563233
2026-04-29 08:30:00+00:00,0.015859834338563233
2026-04-29 08:45:00+00:00,0.009329834338563232
2026-04-29 09:00:00+00:00,0.0031445926675476464
2026-04-29 09:15:00+00:00,0.0026745926675476456
2026-04-29 09:30:00+00:00,-3.5407332452353293e-05
2026-04-29 09:45:00+00:00,-0.009395407332452255
2026-04-29 10:00:00+00:00,-0.006553159857014112
2026-04-29 10:15:00+00:00,-0.01655315985701411
2026-04-29 10:30:00+00:00,-0.022613159857014113
2026-04-29 10:45:00+00:00,-0.03555315985701411
2026-04-29 11:00:00+00:00,-0.062161570343438895
2026-04-29 11:15:00+00:00,-0.07000157034343889
2026-04-29 11:30:00+00:00,-0.07568157034343889
2026-04-29 11:45:00+00:00,-0.08245157034343889
2026-04-29 12:00:00+00:00,-0.08271637369847729
2026-04-29 12:15:00+00:00,-0.07691637369847729
2026-04-29 12:30:00+00:00,-0.07071637369847728
2026-04-29 12:45:00+00:00,-0.06820637369847729
2026-04-29 13:00:00+00:00,-0.06043171519569783
2026-04-29 13:15:00+00:00,-0.05032171519569783
2026-04-29 13:30:00+00:00,-0.043341715195697725
2026-04-29 13:45:00+00:00,-0.03251171519569783
2026-04-29 14:00:00+00:00,-0.03787739701593022
2026-04-29 14:15:00+00:00,-0.024527397015930222
2026-04-29 14:30:00+00:00,-0.016507397015930125
2026-04-29 14:45:00+00:00,-0.011717397015930223
2026-04-29 15:00:00+00:00,0.008086163418365308
2026-04-29 15:15:00+00:00,0.014346163418365308
2026-04-29 15:30:00+00:00,0.022496163418365307
2026-04-29 15:45:00+00:00,0.09143616341836532
2026-04-29 16:00:00+00:00,0.05985339888044383
2026-04-29 16:15:00+00:00,0.10300339888044373
2026-04-29 16:30:00+00:00,0.12885339888044384
2026-04-29 16:45:00+00:00,0.14460339888044385
2026-04-29 17:00:00+00:00,0.10135952989264005
2026-04-29 17:15:00+00:00,0.10777952989263995
2026-04-29 17:30:00+00:00,0.12435952989264004
2026-04-29 17:45:00+00:00,0.15833952989264005
2026-04-29 18:00:00+00:00,0.17114268533892438
2026-04-29 18:15:00+00:00,0.17016268533892437
2026-04-29 18:30:00+00:00,0.17549268533892437
2026-04-29 18:45:00+00:00,0.17074268533892437
2026-04-29 19:00:00+00:00,0.18364519318904365
2026-04-29 19:15:00+00:00,0.15646519318904364
2026-04-29 19:30:00+00:00,0.14386519318904367
2026-04-29 19:45:00+00:00,0.13640519318904365
2026-04-29 20:00:00+00:00,0.12797237826639027
2026-04-29 20:15:00+00:00,0.12173237826639029
2026-04-29 20:30:00+00:00,0.11868237826639018
2026-04-29 20:45:00+00:00,0.11213237826639029
2026-04-29 21:00:00+00:00,0.09685799810642881
2026-04-29 21:15:00+00:00,0.0911079981064289
2026-04-29 21:30:00+00:00,0.0882179981064289
2026-04-29 21:45:00+00:00,0.0837979981064289
2026-04-29 22:00:00+00:00,0.12834704870715125
2026-04-29 22:15:00+00:00,0.13049704870715126
2026-04-29 22:30:00+00:00,0.13004704870715125
2026-04-29 22:45:00+00:00,0.12817704870715124
2026-04-29 23:00:00+00:00,0.09844882543337576
2026-04-29 23:15:00+00:00,0.09806882543337586
2026-04-29 23:30:00+00:00,0.09884882543337586
2026-04-29 23:45:00+00:00,0.10058882543337586
2026-04-30 00:00:00+00:00,0.10264824566369146
2026-04-30 00:15:00+00:00,0.10012824566369145
2026-04-30 00:30:00+00:00,0.10033824566369146
2026-04-30 00:45:00+00:00,0.10043824566369146
2026-04-30 01:00:00+00:00,0.0925098648418783
2026-04-30 01:15:00+00:00,0.0927698648418783
2026-04-30 01:30:00+00:00,0.0930498648418783
2026-04-30 01:45:00+00:00,0.0946198648418783
2026-04-30 02:00:00+00:00,0.08200038359321508
2026-04-30 02:15:00+00:00,0.08513038359321519
2026-04-30 02:30:00+00:00,0.09054038359321519
2026-04-30 02:45:00+00:00,0.09329038359321519
2026-04-30 03:00:00+00:00,0.07982421400538595
2026-04-30 03:15:00+00:00,0.08389421400538584
2026-04-30 03:30:00+00:00,0.08929421400538594
2026-04-30 03:45:00+00:00,0.09545421400538594
2026-04-30 04:00:00+00:00,0.13125875569711531
2026-04-30 04:15:00+00:00,0.15959875569711532
2026-04-30 04:30:00+00:00,0.16196875569711533
2026-04-30 04:45:00+00:00,0.15016875569711532
2026-04-30 05:00:00+00:00,0.14096525289459866
2026-04-30 05:15:00+00:00,0.11628525289459865
2026-04-30 05:30:00+00:00,0.09950525289459866
2026-04-30 05:45:00+00:00,0.07480525289459866
2026-04-30 06:00:00+00:00,0.1839179206722114
2026-04-30 06:15:00+00:00,0.1715179206722114
2026-04-30 06:30:00+00:00,0.1494179206722114
2026-04-30 06:45:00+00:00,0.1048879206722114
2026-04-30 07:00:00+00:00,0.08839374071007197
2026-04-30 07:15:00+00:00,0.03924374071007197
2026-04-30 07:30:00+00:00,-0.005296259289928031
2026-04-30 07:45:00+00:00,-0.01994625928992803
2026-04-30 08:00:00+00:00,-0.021124006118057797
2026-04-30 08:15:00+00:00,-0.023104006118057796
2026-04-30 08:30:00+00:00,-0.023194006118057796
2026-04-30 08:45:00+00:00,-0.025144006118057796
2026-04-30 09:00:00+00:00,0.008863637887521631
2026-04-30 09:15:00+00:00,0.008083637887521632
2026-04-30 09:30:00+00:00,0.005373637887521631
2026-04-30 09:45:00+00:00,-0.0003263621124783688
2026-04-30 10:00:00+00:00,0.019930652488426133
2026-04-30 10:15:00+00:00,0.013760652488426133
2026-04-30 10:30:00+00:00,0.009870652488426133
2026-04-30 10:45:00+00:00,0.0038306524884261332
2026-04-30 11:00:00+00:00,-0.024823185439695618
2026-04-30 11:15:00+00:00,-0.02880318543969562
2026-04-30 11:30:00+00:00,-0.03344318543969562
2026-04-30 11:45:00+00:00,-0.03626318543969562
2026-04-30 12:00:00+00:00,-0.025645226142335983
2026-04-30 12:15:00+00:00,-0.019495226142335984
2026-04-30 12:30:00+00:00,-0.017835226142335986
2026-04-30 12:45:00+00:00,-0.010685226142335986
2026-04-30 13:00:00+00:00,-0.05460460192852359
2026-04-30 13:15:00+00:00,-0.04888460192852359
2026-04-30 13:30:00+00:00,-0.04334460192852359
2026-04-30 13:45:00+00:00,-0.03686460192852359
2026-04-30 14:00:00+00:00,-0.01830906081337685
2026-04-30 14:15:00+00:00,-0.014099060813376852
2026-04-30 14:30:00+00:00,-0.013389060813376851
2026-04-30 14:45:00+00:00,-0.013169060813376751
2026-04-30 15:00:00+00:00,-0.021407350164320486
2026-04-30 15:15:00+00:00,-0.019737350164320485
2026-04-30 15:30:00+00:00,-0.006027350164320485
2026-04-30 15:45:00+00:00,0.05058264983567951
2026-04-30 16:00:00+00:00,-0.0036808693713856547
2026-04-30 16:15:00+00:00,0.05378913062861434
2026-04-30 16:30:00+00:00,0.07764913062861434
2026-04-30 16:45:00+00:00,0.10267913062861436
2026-04-30 17:00:00+00:00,0.10627947487845316
2026-04-30 17:15:00+00:00,0.12384947487845316
2026-04-30 17:30:00+00:00,0.14641947487845317
2026-04-30 17:45:00+00:00,0.18839947487845315
2026-04-30 18:00:00+00:00,0.1367987503424889
2026-04-30 18:15:00+00:00,0.14725875034248886
2026-04-30 18:30:00+00:00,0.13987875034248887
2026-04-30 18:45:00+00:00,0.1256987503424889
2026-04-30 19:00:00+00:00,0.1573350664395426
2026-04-30 19:15:00+00:00,0.13114506643954268
2026-04-30 19:30:00+00:00,0.10693506643954259
2026-04-30 19:45:00+00:00,0.09076506643954269
2026-04-30 20:00:00+00:00,0.12249923358610307
2026-04-30 20:15:00+00:00,0.11022923358610308
2026-04-30 20:30:00+00:00,0.10406923358610308
2026-04-30 20:45:00+00:00,0.09939923358610298
2026-04-30 21:00:00+00:00,0.10231538513792073
2026-04-30 21:15:00+00:00,0.09584538513792072
2026-04-30 21:30:00+00:00,0.09146538513792073
2026-04-30 21:45:00+00:00,0.08770538513792073
2026-04-30 22:00:00+00:00,0.12327388111213171
2026-04-30 22:15:00+00:00,0.11614388111213171
2026-04-30 22:30:00+00:00,0.11076388111213172
2026-04-30 22:45:00+00:00,0.10786388111213172
2026-04-30 23:00:00+00:00,0.11053493957785342
2026-04-30 23:15:00+00:00,0.10877493957785342
2026-04-30 23:30:00+00:00,0.10877493957785342
2026-04-30 23:45:00+00:00,0.10671493957785341
2026-05-01 00:00:00+00:00,0.11926326985248553
2026-05-01 00:15:00+00:00,0.11693326985248553
2026-05-01 00:30:00+00:00,0.11751326985248553
2026-05-01 00:45:00+00:00,0.11752326985248553
2026-05-01 01:00:00+00:00,0.11283481361844847
2026-05-01 01:15:00+00:00,0.11278481361844836
2026-05-01 01:30:00+00:00,0.11360481361844846
2026-05-01 01:45:00+00:00,0.11305481361844846
2026-05-01 02:00:00+00:00,0.11876207493694745
2026-05-01 02:15:00+00:00,0.11917207493694734
2026-05-01 02:30:00+00:00,0.11796207493694745
2026-05-01 02:45:00+00:00,0.11987207493694745
2026-05-01 03:00:00+00:00,0.09731475000532606
2026-05-01 03:15:00+00:00,0.09783475000532617
2026-05-01 03:30:00+00:00,0.09933475000532617
2026-05-01 03:45:00+00:00,0.09535475000532617
2026-05-01 04:00:00+00:00,0.11825610852115644
2026-05-01 04:15:00+00:00,0.11623610852115643
2026-05-01 04:30:00+00:00,0.11231610852115644
2026-05-01 04:45:00+00:00,0.09056610852115643
2026-05-01 05:00:00+00:00,0.1341789028269115
2026-05-01 05:15:00+00:00,0.10527890282691141
2026-05-01 05:30:00+00:00,0.07941890282691151
2026-05-01 05:45:00+00:00,0.04007890282691151
2026-05-01 06:00:00+00:00,0.10125289710434736
2026-05-01 06:15:00+00:00,0.03759289710434736
2026-05-01 06:30:00+00:00,0.010262897104347357
2026-05-01 06:45:00+00:00,0.002632897104347356
2026-05-01 07:00:00+00:00,-0.006138320080783523
2026-05-01 07:15:00+00:00,-0.007298320080783524
2026-05-01 07:30:00+00:00,-0.007308320080783523
2026-05-01 07:45:00+00:00,-0.008558320080783523
2026-05-01 08:00:00+00:00,-0.007488526641746373
2026-05-01 08:15:00+00:00,-0.014098526641746373
2026-05-01 08:30:00+00:00,-0.031108526641746376
2026-05-01 08:45:00+00:00,-0.05645852664174637
2026-05-01 09:00:00+00:00,-0.0850023775284962
2026-05-01 09:15:00+00:00,-0.10549237752849619
2026-05-01 09:30:00+00:00,-0.1350223775284962
2026-05-01 09:45:00+00:00,-0.16904237752849618
2026-05-01 10:00:00+00:00,-0.15227292382267602
2026-05-01 10:15:00+00:00,-0.27302292382267596
2026-05-01 10:30:00+00:00,-0.33246292382267606
2026-05-01 10:45:00+00:00,-0.48557292382267603
2026-05-01 11:00:00+00:00,-0.49775749915039635
2026-05-01 11:15:00+00:00,-0.5017174991503964
2026-05-01 11:30:00+00:00,-0.5017174991503964
2026-05-01 11:45:00+00:00,-0.5017174991503964
2026-05-01 12:00:00+00:00,-0.5121756083545893
2026-05-01 12:15:00+00:00,-0.5121756083545893
2026-05-01 12:30:00+00:00,-0.5120756083545893
2026-05-01 12:45:00+00:00,-0.41218560835458934
2026-05-01 13:00:00+00:00,-0.4121685395349209
2026-05-01 13:15:00+00:00,-0.2278185395349209
2026-05-01 13:30:00+00:00,-0.1421185395349208
2026-05-01 13:45:00+00:00,-0.09007853953492087
2026-05-01 14:00:00+00:00,-0.08607069459246858
2026-05-01 14:15:00+00:00,-0.05224069459246858
2026-05-01 14:30:00+00:00,-0.03220069459246858
2026-05-01 14:45:00+00:00,-0.023440694592468583
2026-05-01 15:00:00+00:00,0.016415900699695403
2026-05-01 15:15:00+00:00,0.017775900699695403
2026-05-01 15:30:00+00:00,0.0179859006996954
2026-05-01 15:45:00+00:00,0.041985900699695405
2026-05-01 16:00:00+00:00,0.006534574864045865
2026-05-01 16:15:00+00:00,0.08054457486404577
2026-05-01 16:30:00+00:00,0.11111457486404587
2026-05-01 16:45:00+00:00,0.17770457486404587
2026-05-01 17:00:00+00:00,0.09077632196048654
2026-05-01 17:15:00+00:00,0.10829632196048654
2026-05-01 17:30:00+00:00,0.13713632196048653
2026-05-01 17:45:00+00:00,0.21713632196048654
2026-05-01 18:00:00+00:00,0.19556680970209459
2026-05-01 18:15:00+00:00,0.19607680970209457
2026-05-01 18:30:00+00:00,0.19587680970209456
2026-05-01 18:45:00+00:00,0.16520680970209448
2026-05-01 19:00:00+00:00,0.19970193001096245
2026-05-01 19:15:00+00:00,0.12502193001096246
2026-05-01 19:30:00+00:00,0.10635193001096245
2026-05-01 19:45:00+00:00,0.09953193001096244
2026-05-01 20:00:00+00:00,0.10185599490359987
2026-05-01 20:15:00+00:00,0.09014599490359985
2026-05-01 20:30:00+00:00,0.08015599490359986
2026-05-01 20:45:00+00:00,0.07735599490359986
2026-05-01 21:00:00+00:00,0.12285463724243129
2026-05-01 21:15:00+00:00,0.12089463724243128
2026-05-01 21:30:00+00:00,0.11360463724243128
2026-05-01 21:45:00+00:00,0.10563463724243129
2026-05-01 22:00:00+00:00,0.12813101233726854
2026-05-01 22:15:00+00:00,0.11344101233726853
2026-05-01 22:30:00+00:00,0.09526101233726852
2026-05-01 22:45:00+00:00,0.09339101233726854
2026-05-01 23:00:00+00:00,0.10207660827566242
2026-05-01 23:15:00+00:00,0.09735660827566242
2026-05-01 23:30:00+00:00,0.09472660827566241
2026-05-01 23:45:00+00:00,0.09063660827566242
2026-05-02 00:00:00+00:00,0.10492666987652523
2026-05-02 00:15:00+00:00,0.09966666987652523
2026-05-02 00:30:00+00:00,0.09808666987652523
2026-05-02 00:45:00+00:00,0.09825666987652523
2026-05-02 01:00:00+00:00,0.11836471634051592
2026-05-02 01:15:00+00:00,0.11311471634051591
2026-05-02 01:30:00+00:00,0.11307471634051591
2026-05-02 01:45:00+00:00,0.11276471634051592
2026-05-02 02:00:00+00:00,0.09188817889542435
2026-05-02 02:15:00+00:00,0.09458817889542434
2026-05-02 02:30:00+00:00,0.09458817889542434
2026-05-02 02:45:00+00:00,0.09458817889542434
2026-05-02 03:00:00+00:00,0.07078660127688055
2026-05-02 03:15:00+00:00,0.06974660127688057
2026-05-02 03:30:00+00:00,0.07310660127688057
2026-05-02 03:45:00+00:00,0.07301660127688056
2026-05-02 04:00:00+00:00,0.10564356829008209
2026-05-02 04:15:00+00:00,0.1067735682900821
2026-05-02 04:30:00+00:00,0.10346356829008209
2026-05-02 04:45:00+00:00,0.09121356829008209
2026-05-02 05:00:00+00:00,0.10193846689094804
2026-05-02 05:15:00+00:00,0.07764846689094815
2026-05-02 05:30:00+00:00,0.06312846689094816
2026-05-02 05:45:00+00:00,0.03368846689094815
2026-05-02 06:00:00+00:00,0.08090000710328099
2026-05-02 06:15:00+00:00,0.054690007103280994
2026-05-02 06:30:00+00:00,0.039460007103280986
2026-05-02 06:45:00+00:00,0.03679000710328099
2026-05-02 07:00:00+00:00,0.004769425461699582
2026-05-02 07:15:00+00:00,0.00030942546169958216
2026-05-02 07:30:00+00:00,-2.0574538300417858e-05
2026-05-02 07:45:00+00:00,-6.0574538300417865e-05
2026-05-02 08:00:00+00:00,-0.04107807184368641
2026-05-02 08:15:00+00:00,-0.04115807184368641
2026-05-02 08:30:00+00:00,-0.04232807184368641
2026-05-02 08:45:00+00:00,-0.04925807184368641
2026-05-02 09:00:00+00:00,-0.0034335314294987465
2026-05-02 09:15:00+00:00,-0.007883531429498745
2026-05-02 09:30:00+00:00,-0.016743531429498748
2026-05-02 09:45:00+00:00,-0.033323531429498746
2026-05-02 10:00:00+00:00,-0.024218629328392957
2026-05-02 10:15:00+00:00,-0.03829862932839295
2026-05-02 10:30:00+00:00,-0.05226862932839295
2026-05-02 10:45:00+00:00,-0.07671862932839295
2026-05-02 11:00:00+00:00,-0.08520296209579065
2026-05-02 11:15:00+00:00,-0.10008296209579065
2026-05-02 11:30:00+00:00,-0.11805296209579066
2026-05-02 11:45:00+00:00,-0.10094296209579065
2026-05-02 12:00:00+00:00,-0.08636679283668829
2026-05-02 12:15:00+00:00,-0.061846792836688175
2026-05-02 12:30:00+00:00,-0.04035679283668828
2026-05-02 12:45:00+00:00,-0.024226792836688278
2026-05-02 13:00:00+00:00,-0.053727771545888744
2026-05-02 13:15:00+00:00,-0.03372777154588875
2026-05-02 13:30:00+00:00,-0.02382777154588875
2026-05-02 13:45:00+00:00,-0.01981777154588875
2026-05-02 14:00:00+00:00,0.01665051237914766
2026-05-02 14:15:00+00:00,0.01675051237914766
2026-05-02 14:30:00+00:00,0.01676051237914766
2026-05-02 14:45:00+00:00,0.01701051237914766
2026-05-02 15:00:00+00:00,-0.012896421789064987
2026-05-02 15:15:00+00:00,-0.007076421789064987
2026-05-02 15:30:00+00:00,0.05555357821093491
2026-05-02 15:45:00+00:00,0.13113357821093502
2026-05-02 16:00:00+00:00,0.08283124692323306
2026-05-02 16:15:00+00:00,0.11763124692323305
2026-05-02 16:30:00+00:00,0.14043124692323303
2026-05-02 16:45:00+00:00,0.18415124692323304
2026-05-02 17:00:00+00:00,0.0922899008958789
2026-05-02 17:15:00+00:00,0.1140699008958789
2026-05-02 17:30:00+00:00,0.1323799008958789
2026-05-02 17:45:00+00:00,0.22769990089587888
2026-05-02 18:00:00+00:00,0.1651383287258012
2026-05-02 18:15:00+00:00,0.1879283287258012
2026-05-02 18:30:00+00:00,0.2051583287258012
2026-05-02 18:45:00+00:00,0.1762083287258012
2026-05-02 19:00:00+00:00,0.19833418037543682
2026-05-02 19:15:00+00:00,0.1355141803754368
2026-05-02 19:30:00+00:00,0.12135418037543681
2026-05-02 19:45:00+00:00,0.1123741803754368
2026-05-02 20:00:00+00:00,0.19131066966726712
2026-05-02 20:15:00+00:00,0.15431066966726711
2026-05-02 20:30:00+00:00,0.14191066966726712
2026-05-02 20:45:00+00:00,0.1383506696672671
2026-05-02 21:00:00+00:00,0.14982296113473803
2026-05-02 21:15:00+00:00,0.14387296113473802
2026-05-02 21:30:00+00:00,0.132452961134738
2026-05-02 21:45:00+00:00,0.12816296113473802
2026-05-02 22:00:00+00:00,0.13461647515558314
2026-05-02 22:15:00+00:00,0.12516647515558316
2026-05-02 22:30:00+00:00,0.12474647515558315
2026-05-02 22:45:00+00:00,0.12059647515558315
2026-05-02 23:00:00+00:00,0.0934464326682538
2026-05-02 23:15:00+00:00,0.09309643266825379
2026-05-02 23:30:00+00:00,0.09113643266825379
2026-05-02 23:45:00+00:00,0.08719643266825379
2026-05-03 00:00:00+00:00,0.10553372376196903
2026-05-03 00:15:00+00:00,0.10516372376196903
2026-05-03 00:30:00+00:00,0.10427372376196903
2026-05-03 00:45:00+00:00,0.10277372376196903
2026-05-03 01:00:00+00:00,0.09559034511798176
2026-05-03 01:15:00+00:00,0.09541034511798176
2026-05-03 01:30:00+00:00,0.09419034511798176
2026-05-03 01:45:00+00:00,0.09388034511798177
2026-05-03 02:00:00+00:00,0.12284001753897021
2026-05-03 02:15:00+00:00,0.12162001753897021
2026-05-03 02:30:00+00:00,0.12204001753897022
2026-05-03 02:45:00+00:00,0.12259001753897021
2026-05-03 03:00:00+00:00,0.12634877480743842
2026-05-03 03:15:00+00:00,0.12880877480743844
2026-05-03 03:30:00+00:00,0.12878877480743842
2026-05-03 03:45:00+00:00,0.13093877480743843
2026-05-03 04:00:00+00:00,0.12724075172297689
2026-05-03 04:15:00+00:00,0.12335075172297691
2026-05-03 04:30:00+00:00,0.1221507517229769
2026-05-03 04:45:00+00:00,0.1117007517229769
2026-05-03 05:00:00+00:00,0.10589308153336921
2026-05-03 05:15:00+00:00,0.0793830815333692
2026-05-03 05:30:00+00:00,0.0552230815333692
2026-05-03 05:45:00+00:00,0.04534308153336922
2026-05-03 06:00:00+00:00,0.037421943539545595
2026-05-03 06:15:00+00:00,0.024911943539545588
2026-05-03 06:30:00+00:00,0.016951943539545593
2026-05-03 06:45:00+00:00,0.006311943539545589
2026-05-03 07:00:00+00:00,0.029762632816934517
2026-05-03 07:15:00+00:00,0.00389263281693452
2026-05-03 07:30:00+00:00,-0.006647367183065484
2026-05-03 07:45:00+00:00,-0.026247367183065484
2026-05-03 08:00:00+00:00,0.03247194702307586
2026-05-03 08:15:00+00:00,0.026121947023075864
2026-05-03 08:30:00+00:00,0.025531947023075863
2026-05-03 08:45:00+00:00,0.025511947023075864
2026-05-03 09:00:00+00:00,-0.007732932864428029
2026-05-03 09:15:00+00:00,-0.008142932864428128
2026-05-03 09:30:00+00:00,-0.008822932864428128
2026-05-03 09:45:00+00:00,-0.01050293286442813
2026-05-03 10:00:00+00:00,-0.019134327914130306
2026-05-03 10:15:00+00:00,-0.020344327914130305
2026-05-03 10:30:00+00:00,-0.021064327914130203
2026-05-03 10:45:00+00:00,-0.021794327914130305
2026-05-03 11:00:00+00:00,0.01759336442935049
2026-05-03 11:15:00+00:00,0.01518336442935049
2026-05-03 11:30:00+00:00,0.01503336442935049
2026-05-03 11:45:00+00:00,0.01518336442935049
2026-05-03 12:00:00+00:00,0.011616914683869014
2026-05-03 12:15:00+00:00,0.010546914683869014
2026-05-03 12:30:00+00:00,0.013646914683869015
2026-05-03 12:45:00+00:00,0.013646914683869015
2026-05-03 13:00:00+00:00,-0.0095607624513203
2026-05-03 13:15:00+00:00,-0.0042507624513203005
2026-05-03 13:30:00+00:00,-0.0006407624513203004
2026-05-03 13:45:00+00:00,0.0003792375486796997
2026-05-03 14:00:00+00:00,-0.006241189193327638
2026-05-03 14:15:00+00:00,-0.005991189193327638
2026-05-03 14:30:00+00:00,-0.005201189193327638
2026-05-03 14:45:00+00:00,0.03239881080667236
2026-05-03 15:00:00+00:00,0.018832681908834047
2026-05-03 15:15:00+00:00,0.06582268190883406
2026-05-03 15:30:00+00:00,0.09726268190883405
2026-05-03 15:45:00+00:00,0.13120268190883405
2026-05-03 16:00:00+00:00,0.1058640447224039
2026-05-03 16:15:00+00:00,0.1191640447224039
2026-05-03 16:30:00+00:00,0.1321640447224039
2026-05-03 16:45:00+00:00,0.1417940447224039
2026-05-03 17:00:00+00:00,0.15292036378138457
2026-05-03 17:15:00+00:00,0.15417036378138446
2026-05-03 17:30:00+00:00,0.16729036378138448
2026-05-03 17:45:00+00:00,0.18240036378138458
2026-05-03 18:00:00+00:00,0.14740270557962215
2026-05-03 18:15:00+00:00,0.14979270557962215
2026-05-03 18:30:00+00:00,0.14974270557962216
2026-05-03 18:45:00+00:00,0.14759270557962217
2026-05-03 19:00:00+00:00,0.16128055433011537
2026-05-03 19:15:00+00:00,0.15202055433011538
2026-05-03 19:30:00+00:00,0.1472805543301154
2026-05-03 19:45:00+00:00,0.14202055433011537
2026-05-03 20:00:00+00:00,0.16155496920479157
2026-05-03 20:15:00+00:00,0.15923496920479158
2026-05-03 20:30:00+00:00,0.14635496920479157
2026-05-03 20:45:00+00:00,0.14030496920479157
2026-05-03 21:00:00+00:00,0.11246757265865825
2026-05-03 21:15:00+00:00,0.09974757265865825
2026-05-03 21:30:00+00:00,0.09445757265865826
2026-05-03 21:45:00+00:00,0.09181757265865825
2026-05-03 22:00:00+00:00,0.14066034902189756
2026-05-03 22:15:00+00:00,0.13395034902189756
2026-05-03 22:30:00+00:00,0.12634034902189756
2026-05-03 22:45:00+00:00,0.12395034902189755
2026-05-03 23:00:00+00:00,0.10523739210597684
2026-05-03 23:15:00+00:00,0.10400739210597684
2026-05-03 23:30:00+00:00,0.10293739210597684
2026-05-03 23:45:00+00:00,0.09980739210597683
2026-05-04 00:00:00+00:00,0.0670275449169823
2026-05-04 00:15:00+00:00,0.0644075449169823
2026-05-04 00:30:00+00:00,0.06386754491698231
2026-05-04 00:45:00+00:00,0.06199754491698231
2026-05-04 01:00:00+00:00,0.06744555636678254
2026-05-04 01:15:00+00:00,0.06634555636678253
2026-05-04 01:30:00+00:00,0.06682555636678253
2026-05-04 01:45:00+00:00,0.06835555636678253
2026-05-04 02:00:00+00:00,0.08833241023040453
2026-05-04 02:15:00+00:00,0.09004241023040453
2026-05-04 02:30:00+00:00,0.09229241023040453
2026-05-04 02:45:00+00:00,0.09413241023040453
2026-05-04 03:00:00+00:00,0.12113105915874106
2026-05-04 03:15:00+00:00,0.12885105915874107
2026-05-04 03:30:00+00:00,0.14425105915874106
2026-05-04 03:45:00+00:00,0.16034105915874106
2026-05-04 04:00:00+00:00,0.14381103109528665
2026-05-04 04:15:00+00:00,0.15602103109528664
2026-05-04 04:30:00+00:00,0.15409103109528663
2026-05-04 04:45:00+00:00,0.15263103109528664
2026-05-04 05:00:00+00:00,0.16671768005384824
2026-05-04 05:15:00+00:00,0.15764768005384813
2026-05-04 05:30:00+00:00,0.15057768005384822
2026-05-04 05:45:00+00:00,0.14367768005384823
2026-05-04 06:00:00+00:00,0.19135797073034283
2026-05-04 06:15:00+00:00,0.17872797073034294
2026-05-04 06:30:00+00:00,0.16704797073034283
2026-05-04 06:45:00+00:00,0.14466797073034293
2026-05-04 07:00:00+00:00,0.10657087888172667
2026-05-04 07:15:00+00:00,0.08880087888172677
2026-05-04 07:30:00+00:00,0.08809087888172677
2026-05-04 07:45:00+00:00,0.07776087888172678
2026-05-04 08:00:00+00:00,0.11843592077549119
2026-05-04 08:15:00+00:00,0.09766592077549117
2026-05-04 08:30:00+00:00,0.09647592077549118
2026-05-04 08:45:00+00:00,0.08536592077549118
2026-05-04 09:00:00+00:00,0.1030839066446339
2026-05-04 09:15:00+00:00,0.09920390664463391
2026-05-04 09:30:00+00:00,0.09887390664463391
2026-05-04 09:45:00+00:00,0.0935939066446339
2026-05-04 10:00:00+00:00,0.0739512138688626
2026-05-04 10:15:00+00:00,0.0609112138688626
2026-05-04 10:30:00+00:00,0.05710121386886259
2026-05-04 10:45:00+00:00,0.05418121386886249
2026-05-04 11:00:00+00:00,0.0729304950003066
2026-05-04 11:15:00+00:00,0.0694204950003066
2026-05-04 11:30:00+00:00,0.0635204950003066
2026-05-04 11:45:00+00:00,0.0738404950003066
2026-05-04 12:00:00+00:00,0.04341143596814891
2026-05-04 12:15:00+00:00,0.05015143596814891
2026-05-04 12:30:00+00:00,0.05439143596814892
2026-05-04 12:45:00+00:00,0.058761435968148916
2026-05-04 13:00:00+00:00,0.10924658174259395
2026-05-04 13:15:00+00:00,0.11553658174259396
2026-05-04 13:30:00+00:00,0.11987658174259395
2026-05-04 13:45:00+00:00,0.13497658174259397
2026-05-04 14:00:00+00:00,0.0760255477309689
2026-05-04 14:15:00+00:00,0.08702554773096889
2026-05-04 14:30:00+00:00,0.10010554773096889
2026-05-04 14:45:00+00:00,0.11861554773096879
2026-05-04 15:00:00+00:00,0.13066633686974327
2026-05-04 15:15:00+00:00,0.16332633686974327
2026-05-04 15:30:00+00:00,0.17851633686974328
2026-05-04 15:45:00+00:00,0.19276633686974326
2026-05-04 16:00:00+00:00,0.13467329454768345
2026-05-04 16:15:00+00:00,0.14632329454768345
2026-05-04 16:30:00+00:00,0.17814329454768346
2026-05-04 16:45:00+00:00,0.21447329454768346
2026-05-04 17:00:00+00:00,0.17559015978612685
2026-05-04 17:15:00+00:00,0.21536015978612696
2026-05-04 17:30:00+00:00,0.28957015978612693
2026-05-04 17:45:00+00:00,0.37516015978612693
2026-05-04 18:00:00+00:00,0.284780576605937
2026-05-04 18:15:00+00:00,0.28102057660593693
2026-05-04 18:30:00+00:00,0.271740576605937
2026-05-04 18:45:00+00:00,0.22588057660593694
2026-05-04 19:00:00+00:00,0.27242509178569524
2026-05-04 19:15:00+00:00,0.20207509178569522
2026-05-04 19:30:00+00:00,0.15834509178569522
2026-05-04 19:45:00+00:00,0.14209509178569524
2026-05-04 20:00:00+00:00,0.170268645335552
2026-05-04 20:15:00+00:00,0.14197864533555202
2026-05-04 20:30:00+00:00,0.13062864533555202
2026-05-04 20:45:00+00:00,0.12637864533555201
2026-05-04 21:00:00+00:00,0.15443886460376852
2026-05-04 21:15:00+00:00,0.1412788646037685
2026-05-04 21:30:00+00:00,0.13418886460376853
2026-05-04 21:45:00+00:00,0.1276488646037685
2026-05-04 22:00:00+00:00,0.1492631256419296
2026-05-04 22:15:00+00:00,0.1382931256419295
2026-05-04 22:30:00+00:00,0.1320631256419296
2026-05-04 22:45:00+00:00,0.12919312564192958
2026-05-04 23:00:00+00:00,0.11746949742926577
2026-05-04 23:15:00+00:00,0.11173949742926578
2026-05-04 23:30:00+00:00,0.11093949742926576
2026-05-04 23:45:00+00:00,0.10700949742926577
2026-05-05 00:00:00+00:00,0.1209823483255574
2026-05-05 00:15:00+00:00,0.1194923483255574
2026-05-05 00:30:00+00:00,0.1192923483255574
2026-05-05 00:45:00+00:00,0.1194823483255574
2026-05-05 01:00:00+00:00,0.11096962589786967
2026-05-05 01:15:00+00:00,0.11062962589786968
2026-05-05 01:30:00+00:00,0.11146962589786967
2026-05-05 01:45:00+00:00,0.11026962589786968
2026-05-05 02:00:00+00:00,0.16294560145066134
2026-05-05 02:15:00+00:00,0.16459560145066135
2026-05-05 02:30:00+00:00,0.16769560145066134
2026-05-05 02:45:00+00:00,0.16938560145066134
2026-05-05 03:00:00+00:00,0.12254122542403273
2026-05-05 03:15:00+00:00,0.12592122542403272
2026-05-05 03:30:00+00:00,0.13493122542403274
2026-05-05 03:45:00+00:00,0.14562122542403275
2026-05-05 04:00:00+00:00,0.17778315307551576
2026-05-05 04:15:00+00:00,0.18392315307551577
2026-05-05 04:30:00+00:00,0.19206315307551566
2026-05-05 04:45:00+00:00,0.20025315307551578
2026-05-05 05:00:00+00:00,0.17474550141445505
2026-05-05 05:15:00+00:00,0.16195550141445503
2026-05-05 05:30:00+00:00,0.14799550141445506
2026-05-05 05:45:00+00:00,0.14398550141445504
2026-05-05 06:00:00+00:00,0.17191432857587588
2026-05-05 06:15:00+00:00,0.15173432857587588
2026-05-05 06:30:00+00:00,0.14954432857587588
2026-05-05 06:45:00+00:00,0.1347943285758759
2026-05-05 07:00:00+00:00,0.11713035223735213
2026-05-05 07:15:00+00:00,0.10575035223735213
2026-05-05 07:30:00+00:00,0.10172035223735212
2026-05-05 07:45:00+00:00,0.09672035223735212
2026-05-05 08:00:00+00:00,0.11644518223113912
2026-05-05 08:15:00+00:00,0.10767518223113923
2026-05-05 08:30:00+00:00,0.10050518223113922
2026-05-05 08:45:00+00:00,0.09899518223113922
2026-05-05 09:00:00+00:00,0.116948508126018
2026-05-05 09:15:00+00:00,0.11385850812601789
2026-05-05 09:30:00+00:00,0.11022850812601799
2026-05-05 09:45:00+00:00,0.10746850812601799
2026-05-05 10:00:00+00:00,0.13542231981347028
2026-05-05 10:15:00+00:00,0.12642231981347027
2026-05-05 10:30:00+00:00,0.12444231981347026
2026-05-05 10:45:00+00:00,0.12665231981347028
2026-05-05 11:00:00+00:00,0.10232886347677307
2026-05-05 11:15:00+00:00,0.10237886347677307
2026-05-05 11:30:00+00:00,0.10143886347677307
2026-05-05 11:45:00+00:00,0.10238886347677306
2026-05-05 12:00:00+00:00,0.11775542490196379
2026-05-05 12:15:00+00:00,0.1237254249019638
2026-05-05 12:30:00+00:00,0.1247654249019638
2026-05-05 12:45:00+00:00,0.1264354249019638
2026-05-05 13:00:00+00:00,0.12288319517067814
2026-05-05 13:15:00+00:00,0.11392319517067814
2026-05-05 13:30:00+00:00,0.11707319517067814
2026-05-05 13:45:00+00:00,0.11717319517067813
2026-05-05 14:00:00+00:00,0.139432985966211
2026-05-05 14:15:00+00:00,0.135472985966211
2026-05-05 14:30:00+00:00,0.138322985966211
2026-05-05 14:45:00+00:00,0.154292985966211
2026-05-05 15:00:00+00:00,0.11507511789214343
2026-05-05 15:15:00+00:00,0.12234511789214343
2026-05-05 15:30:00+00:00,0.13170511789214343
2026-05-05 15:45:00+00:00,0.14121511789214344
2026-05-05 16:00:00+00:00,0.17732958789726108
2026-05-05 16:15:00+00:00,0.17614958789726107
2026-05-05 16:30:00+00:00,0.1935195878972611
2026-05-05 16:45:00+00:00,0.21172958789726107
2026-05-05 17:00:00+00:00,0.1400509979740046
2026-05-05 17:15:00+00:00,0.1481809979740046
2026-05-05 17:30:00+00:00,0.15391099797400462
2026-05-05 17:45:00+00:00,0.17692099797400462
2026-05-05 18:00:00+00:00,0.1510865057101474
2026-05-05 18:15:00+00:00,0.1552365057101475
2026-05-05 18:30:00+00:00,0.1519965057101475
2026-05-05 18:45:00+00:00,0.1409565057101474
2026-05-05 19:00:00+00:00,0.13476566080833682
2026-05-05 19:15:00+00:00,0.12972566080833683
2026-05-05 19:30:00+00:00,0.12380566080833683
2026-05-05 19:45:00+00:00,0.11075566080833682
2026-05-05 20:00:00+00:00,0.1894418426132186
2026-05-05 20:15:00+00:00,0.1784418426132186
2026-05-05 20:30:00+00:00,0.1728618426132186
2026-05-05 20:45:00+00:00,0.1615618426132186
2026-05-05 21:00:00+00:00,0.14308709050976876
2026-05-05 21:15:00+00:00,0.13246709050976874
2026-05-05 21:30:00+00:00,0.12597709050976874
2026-05-05 21:45:00+00:00,0.11986709050976874
2026-05-05 22:00:00+00:00,0.12187063698056305
2026-05-05 22:15:00+00:00,0.11362063698056316
2026-05-05 22:30:00+00:00,0.11204063698056314
2026-05-05 22:45:00+00:00,0.10805063698056315
2026-05-05 23:00:00+00:00,0.14098039783386979
2026-05-05 23:15:00+00:00,0.1371003978338698
2026-05-05 23:30:00+00:00,0.1359703978338698
2026-05-05 23:45:00+00:00,0.1346703978338698
2026-05-06 00:00:00+00:00,0.12609612684957855
2026-05-06 00:15:00+00:00,0.12564612684957865
2026-05-06 00:30:00+00:00,0.12539612684957868
2026-05-06 00:45:00+00:00,0.12606612684957869
2026-05-06 01:00:00+00:00,0.14873697173007455
2026-05-06 01:15:00+00:00,0.14895697173007455
2026-05-06 01:30:00+00:00,0.14966697173007457
2026-05-06 01:45:00+00:00,0.14912697173007455
2026-05-06 02:00:00+00:00,0.08454906023114923
2026-05-06 02:15:00+00:00,0.08421906023114924
2026-05-06 02:30:00+00:00,0.08527906023114924
2026-05-06 02:45:00+00:00,0.08554906023114923
2026-05-06 03:00:00+00:00,0.10768409176366812
2026-05-06 03:15:00+00:00,0.11124409176366813
2026-05-06 03:30:00+00:00,0.11421409176366813
2026-05-06 03:45:00+00:00,0.12025409176366812
2026-05-06 04:00:00+00:00,0.11210131555276692
2026-05-06 04:15:00+00:00,0.12122131555276693
2026-05-06 04:30:00+00:00,0.12754131555276693
2026-05-06 04:45:00+00:00,0.12970131555276693
2026-05-06 05:00:00+00:00,0.11383420376204573
2026-05-06 05:15:00+00:00,0.11369420376204573
2026-05-06 05:30:00+00:00,0.10477420376204571
2026-05-06 05:45:00+00:00,0.09243420376204561
2026-05-06 06:00:00+00:00,0.19727317772341796
2026-05-06 06:15:00+00:00,0.16341317772341796
2026-05-06 06:30:00+00:00,0.15085317772341794
2026-05-06 06:45:00+00:00,0.13259317772341797
2026-05-06 07:00:00+00:00,0.13189154863067812
2026-05-06 07:15:00+00:00,0.12052154863067809
2026-05-06 07:30:00+00:00,0.1108615486306781
2026-05-06 07:45:00+00:00,0.10207154863067809
2026-05-06 08:00:00+00:00,0.13306048994648123
2026-05-06 08:15:00+00:00,0.12378048994648122
2026-05-06 08:30:00+00:00,0.11636048994648122
2026-05-06 08:45:00+00:00,0.11636048994648122
2026-05-06 09:00:00+00:00,0.15436006449332787
2026-05-06 09:15:00+00:00,0.14609006449332787
2026-05-06 09:30:00+00:00,0.14593006449332788
2026-05-06 09:45:00+00:00,0.14354006449332787
2026-05-06 10:00:00+00:00,0.09329925865475316
2026-05-06 10:15:00+00:00,0.09322925865475316
2026-05-06 10:30:00+00:00,0.09681925865475316
2026-05-06 10:45:00+00:00,0.09105925865475316
2026-05-06 11:00:00+00:00,0.08856144686954272
2026-05-06 11:15:00+00:00,0.08390144686954272
2026-05-06 11:30:00+00:00,0.07788144686954272
2026-05-06 11:45:00+00:00,0.07606144686954272
2026-05-06 12:00:00+00:00,0.08792041666545262
2026-05-06 12:15:00+00:00,0.09095041666545263
2026-05-06 12:30:00+00:00,0.09514041666545263
2026-05-06 12:45:00+00:00,0.10003041666545252
2026-05-06 13:00:00+00:00,0.12080035851239537
2026-05-06 13:15:00+00:00,0.11790035851239537
2026-05-06 13:30:00+00:00,0.12054035851239538
2026-05-06 13:45:00+00:00,0.12582035851239537
2026-05-06 14:00:00+00:00,0.09527682702799502
2026-05-06 14:15:00+00:00,0.09425682702799501
2026-05-06 14:30:00+00:00,0.10474682702799501
2026-05-06 14:45:00+00:00,0.114716827027995
2026-05-06 15:00:00+00:00,0.10011627979913879
2026-05-06 15:15:00+00:00,0.10804627979913888
2026-05-06 15:30:00+00:00,0.11744627979913887
2026-05-06 15:45:00+00:00,0.12822627979913886
2026-05-06 16:00:00+00:00,0.14350551916668272
2026-05-06 16:15:00+00:00,0.15087551916668263
2026-05-06 16:30:00+00:00,0.16053551916668274
2026-05-06 16:45:00+00:00,0.17442551916668272
2026-05-06 17:00:00+00:00,0.1474573780679748
2026-05-06 17:15:00+00:00,0.15696737806797478
2026-05-06 17:30:00+00:00,0.16426737806797478
2026-05-06 17:45:00+00:00,0.17755737806797478
2026-05-06 18:00:00+00:00,0.10842876353201197
2026-05-06 18:15:00+00:00,0.113668763532012
2026-05-06 18:30:00+00:00,0.12261876353201198
2026-05-06 18:45:00+00:00,0.13265876353201198
2026-05-06 19:00:00+00:00,0.14120381244746424
2026-05-06 19:15:00+00:00,0.13978381244746424
2026-05-06 19:30:00+00:00,0.13048381244746424
2026-05-06 19:45:00+00:00,0.11690381244746423
2026-05-06 20:00:00+00:00,0.1834147351721882
2026-05-06 20:15:00+00:00,0.1760247351721882
2026-05-06 20:30:00+00:00,0.1675347351721882
2026-05-06 20:45:00+00:00,0.1570147351721882
2026-05-06 21:00:00+00:00,0.1443853053434763
2026-05-06 21:15:00+00:00,0.13689530534347627
2026-05-06 21:30:00+00:00,0.13348530534347627
2026-05-06 21:45:00+00:00,0.1278153053434763
2026-05-06 22:00:00+00:00,0.11856489033430001
2026-05-06 22:15:00+00:00,0.11199489033430002
2026-05-06 22:30:00+00:00,0.10908489033430002
2026-05-06 22:45:00+00:00,0.10494489033430002
2026-05-06 23:00:00+00:00,0.11503877633363588
2026-05-06 23:15:00+00:00,0.11337877633363588
2026-05-06 23:30:00+00:00,0.11282877633363587
2026-05-06 23:45:00+00:00,0.11216877633363588
2026-05-07 00:00:00+00:00,0.11472321968492288
2026-05-07 00:15:00+00:00,0.11550321968492289
2026-05-07 00:30:00+00:00,0.11510321968492288
2026-05-07 00:45:00+00:00,0.11667321968492289
2026-05-07 01:00:00+00:00,0.12941886828025337
2026-05-07 01:15:00+00:00,0.12859886828025338
2026-05-07 01:30:00+00:00,0.12985886828025336
2026-05-07 01:45:00+00:00,0.13215886828025336
2026-05-07 02:00:00+00:00,0.08917233881960507
2026-05-07 02:15:00+00:00,0.09263233881960509
2026-05-07 02:30:00+00:00,0.09530233881960509
2026-05-07 02:45:00+00:00,0.09961233881960507
2026-05-07 03:00:00+00:00,0.10341782500041957
2026-05-07 03:15:00+00:00,0.10825782500041957
2026-05-07 03:30:00+00:00,0.11325782500041956
2026-05-07 03:45:00+00:00,0.12075782500041957
2026-05-07 04:00:00+00:00,0.14403547584430607
2026-05-07 04:15:00+00:00,0.15636547584430596
2026-05-07 04:30:00+00:00,0.15860547584430607
2026-05-07 04:45:00+00:00,0.16505547584430605
2026-05-07 05:00:00+00:00,0.16881557109355705
2026-05-07 05:15:00+00:00,0.16994557109355704
2026-05-07 05:30:00+00:00,0.16490557109355705
2026-05-07 05:45:00+00:00,0.15816557109355706
2026-05-07 06:00:00+00:00,0.19665773198863126
2026-05-07 06:15:00+00:00,0.16561773198863125
2026-05-07 06:30:00+00:00,0.15943773198863126
2026-05-07 06:45:00+00:00,0.14268773198863124
2026-05-07 07:00:00+00:00,0.12873818963520678
2026-05-07 07:15:00+00:00,0.11755818963520678
2026-05-07 07:30:00+00:00,0.10836818963520678
2026-05-07 07:45:00+00:00,0.10060818963520679
2026-05-07 08:00:00+00:00,0.14084212670820687
2026-05-07 08:15:00+00:00,0.13016212670820684
2026-05-07 08:30:00+00:00,0.12003212670820686
2026-05-07 08:45:00+00:00,0.11574212670820686
2026-05-07 09:00:00+00:00,0.13707750447638653
2026-05-07 09:15:00+00:00,0.1329075044763864
2026-05-07 09:30:00+00:00,0.1342575044763865
2026-05-07 09:45:00+00:00,0.13008750447638653
2026-05-07 10:00:00+00:00,0.11719513715239088
2026-05-07 10:15:00+00:00,0.11307513715239088
2026-05-07 10:30:00+00:00,0.11140513715239088
2026-05-07 10:45:00+00:00,0.10979513715239088
2026-05-07 11:00:00+00:00,0.10622613431115549
2026-05-07 11:15:00+00:00,0.1059561343111555
2026-05-07 11:30:00+00:00,0.10328613431115549
2026-05-07 11:45:00+00:00,0.10241613431115548
2026-05-07 12:00:00+00:00,0.0981181690659889
2026-05-07 12:15:00+00:00,0.0991981690659889
2026-05-07 12:30:00+00:00,0.1003581690659889
2026-05-07 12:45:00+00:00,0.1021981690659889
2026-05-07 13:00:00+00:00,0.08965987356664393
2026-05-07 13:15:00+00:00,0.09054987356664393
2026-05-07 13:30:00+00:00,0.09195987356664384
2026-05-07 13:45:00+00:00,0.09624987356664394
2026-05-07 14:00:00+00:00,0.11059704858838194
2026-05-07 14:15:00+00:00,0.11167704858838194
2026-05-07 14:30:00+00:00,0.11663704858838193
2026-05-07 14:45:00+00:00,0.12778704858838194
2026-05-07 15:00:00+00:00,0.13856669745363942
2026-05-07 15:15:00+00:00,0.1462966974536394
2026-05-07 15:30:00+00:00,0.16129669745363942
2026-05-07 15:45:00+00:00,0.17666669745363942
2026-05-07 16:00:00+00:00,0.13025288875944185
2026-05-07 16:15:00+00:00,0.13887288875944184
2026-05-07 16:30:00+00:00,0.15051288875944185
2026-05-07 16:45:00+00:00,0.16643288875944184
2026-05-07 17:00:00+00:00,0.14675013253896155
2026-05-07 17:15:00+00:00,0.15143013253896156
2026-05-07 17:30:00+00:00,0.17254013253896155
2026-05-07 17:45:00+00:00,0.20650013253896154
2026-05-07 18:00:00+00:00,0.21002511510878968
2026-05-07 18:15:00+00:00,0.2162251151087897
2026-05-07 18:30:00+00:00,0.2159351151087896
2026-05-07 18:45:00+00:00,0.2075451151087897
2026-05-07 19:00:00+00:00,0.22247056081932873
2026-05-07 19:15:00+00:00,0.19193056081932872
2026-05-07 19:30:00+00:00,0.17172056081932874
2026-05-07 19:45:00+00:00,0.15950056081932873
2026-05-07 20:00:00+00:00,0.15818679819167641
2026-05-07 20:15:00+00:00,0.14794679819167644
2026-05-07 20:30:00+00:00,0.1472967981916764
2026-05-07 20:45:00+00:00,0.1368567981916764
2026-05-07 21:00:00+00:00,0.16590729465306128
2026-05-07 21:15:00+00:00,0.1555972946530613
2026-05-07 21:30:00+00:00,0.1454972946530613
2026-05-07 21:45:00+00:00,0.1396972946530613
2026-05-07 22:00:00+00:00,0.1476070890818746
2026-05-07 22:15:00+00:00,0.14375708908187457
2026-05-07 22:30:00+00:00,0.13677708908187458
2026-05-07 22:45:00+00:00,0.13165708908187457
2026-05-07 23:00:00+00:00,0.1412847853557636
2026-05-07 23:15:00+00:00,0.1378547853557636
2026-05-07 23:30:00+00:00,0.1363347853557636
2026-05-07 23:45:00+00:00,0.1325047853557636
2026-05-08 00:00:00+00:00,0.14562745599374427
2026-05-08 00:15:00+00:00,0.14474745599374428
2026-05-08 00:30:00+00:00,0.14482745599374428
2026-05-08 00:45:00+00:00,0.14228745599374426
2026-05-08 01:00:00+00:00,0.13568858974371434
2026-05-08 01:15:00+00:00,0.13564858974371435
2026-05-08 01:30:00+00:00,0.13472858974371435
2026-05-08 01:45:00+00:00,0.13503858974371435
2026-05-08 02:00:00+00:00,0.0990236520642831
2026-05-08 02:15:00+00:00,0.09996365206428309
2026-05-08 02:30:00+00:00,0.1023436520642831
2026-05-08 02:45:00+00:00,0.10426365206428309
2026-05-08 03:00:00+00:00,0.10361783972105745
2026-05-08 03:15:00+00:00,0.10475783972105746
2026-05-08 03:30:00+00:00,0.11051783972105747
2026-05-08 03:45:00+00:00,0.11943783972105745
2026-05-08 04:00:00+00:00,0.13410772303532545
2026-05-08 04:15:00+00:00,0.14410772303532543
2026-05-08 04:30:00+00:00,0.14521772303532543
2026-05-08 04:45:00+00:00,0.14539772303532544
2026-05-08 05:00:00+00:00,0.14735979521236703
2026-05-08 05:15:00+00:00,0.14310979521236705
2026-05-08 05:30:00+00:00,0.13760979521236705
2026-05-08 05:45:00+00:00,0.12686979521236702
2026-05-08 06:00:00+00:00,0.14016360567500036
2026-05-08 06:15:00+00:00,0.12137360567500036
2026-05-08 06:30:00+00:00,0.11139360567500037
2026-05-08 06:45:00+00:00,0.09300360567500035
2026-05-08 07:00:00+00:00,0.12399405269047513
2026-05-08 07:15:00+00:00,0.11141405269047512
2026-05-08 07:30:00+00:00,0.10021405269047512
2026-05-08 07:45:00+00:00,0.09290405269047512
2026-05-08 08:00:00+00:00,0.10651097461228393
2026-05-08 08:15:00+00:00,0.09299097461228392
2026-05-08 08:30:00+00:00,0.08293097461228392
2026-05-08 08:45:00+00:00,0.07368097461228393
2026-05-08 09:00:00+00:00,0.08164500983296565
2026-05-08 09:15:00+00:00,0.07266500983296575
2026-05-08 09:30:00+00:00,0.05490500983296576
2026-05-08 09:45:00+00:00,0.04464500983296575
2026-05-08 10:00:00+00:00,0.07020746786255178
2026-05-08 10:15:00+00:00,0.06157746786255178
2026-05-08 10:30:00+00:00,0.05630746786255178
2026-05-08 10:45:00+00:00,0.05017746786255168
2026-05-08 11:00:00+00:00,0.08891366242756688
2026-05-08 11:15:00+00:00,0.08280366242756687
2026-05-08 11:30:00+00:00,0.07728366242756687
2026-05-08 11:45:00+00:00,0.07244366242756688
2026-05-08 12:00:00+00:00,0.05786093612370451
2026-05-08 12:15:00+00:00,0.06394093612370451
2026-05-08 12:30:00+00:00,0.07775093612370451
2026-05-08 12:45:00+00:00,0.07245093612370451
2026-05-08 13:00:00+00:00,0.11475871161096189
2026-05-08 13:15:00+00:00,0.12013871161096189
2026-05-08 13:30:00+00:00,0.1365387116109619
2026-05-08 13:45:00+00:00,0.1378087116109619
2026-05-08 14:00:00+00:00,0.08683303410168436
2026-05-08 14:15:00+00:00,0.09293303410168437
2026-05-08 14:30:00+00:00,0.09931303410168436
2026-05-08 14:45:00+00:00,0.10970303410168436
2026-05-08 15:00:00+00:00,0.09148013295553946
2026-05-08 15:15:00+00:00,0.09719013295553947
2026-05-08 15:30:00+00:00,0.10925013295553947
2026-05-08 15:45:00+00:00,0.11876013295553947
2026-05-08 16:00:00+00:00,0.1105359404143474
2026-05-08 16:15:00+00:00,0.1231159404143474
2026-05-08 16:30:00+00:00,0.1332759404143473
2026-05-08 16:45:00+00:00,0.14463594041434738
2026-05-08 17:00:00+00:00,0.13654295914894957
2026-05-08 17:15:00+00:00,0.14137295914894957
2026-05-08 17:30:00+00:00,0.15205295914894956
2026-05-08 17:45:00+00:00,0.16305295914894957
2026-05-08 18:00:00+00:00,0.16249765408654843
2026-05-08 18:15:00+00:00,0.16209765408654842
2026-05-08 18:30:00+00:00,0.16129765408654842
2026-05-08 18:45:00+00:00,0.15800765408654843
2026-05-08 19:00:00+00:00,0.19020891515332095
2026-05-08 19:15:00+00:00,0.18214891515332096
2026-05-08 19:30:00+00:00,0.17078891515332095
2026-05-08 19:45:00+00:00,0.16508891515332094
2026-05-08 20:00:00+00:00,0.12377750325922063
2026-05-08 20:15:00+00:00,0.11236750325922065
2026-05-08 20:30:00+00:00,0.10855750325922064
2026-05-08 20:45:00+00:00,0.10317750325922065
2026-05-08 21:00:00+00:00,0.14044470018370964
2026-05-08 21:15:00+00:00,0.13977470018370974
2026-05-08 21:30:00+00:00,0.13463470018370974
2026-05-08 21:45:00+00:00,0.12484470018370974
2026-05-08 22:00:00+00:00,0.13727735166014463
2026-05-08 22:15:00+00:00,0.13091735166014462
2026-05-08 22:30:00+00:00,0.12932735166014464
2026-05-08 22:45:00+00:00,0.12851735166014464
2026-05-08 23:00:00+00:00,0.09637157485596722
2026-05-08 23:15:00+00:00,0.09593157485596722
2026-05-08 23:30:00+00:00,0.09353157485596722
2026-05-08 23:45:00+00:00,0.09232157485596723
2026-05-09 00:00:00+00:00,0.1371513468701804
2026-05-09 00:15:00+00:00,0.13926134687018038
2026-05-09 00:30:00+00:00,0.1361613468701804
2026-05-09 00:45:00+00:00,0.1379913468701804
2026-05-09 01:00:00+00:00,0.14730218283771734
2026-05-09 01:15:00+00:00,0.14768218283771734
2026-05-09 01:30:00+00:00,0.14788218283771734
2026-05-09 01:45:00+00:00,0.14771218283771734
2026-05-09 02:00:00+00:00,0.10849965412578862
2026-05-09 02:15:00+00:00,0.10901965412578851
2026-05-09 02:30:00+00:00,0.1105696541257886
2026-05-09 02:45:00+00:00,0.11185965412578862
2026-05-09 03:00:00+00:00,0.1245758429972256
2026-05-09 03:15:00+00:00,0.1260958429972256
2026-05-09 03:30:00+00:00,0.1272358429972256
2026-05-09 03:45:00+00:00,0.12724584299722558
2026-05-09 04:00:00+00:00,0.09927715999832604
2026-05-09 04:15:00+00:00,0.09756715999832613
2026-05-09 04:30:00+00:00,0.09624715999832614
2026-05-09 04:45:00+00:00,0.09018715999832613
2026-05-09 05:00:00+00:00,0.10404982861246852
2026-05-09 05:15:00+00:00,0.10032982861246853
2026-05-09 05:30:00+00:00,0.09618982861246853
2026-05-09 05:45:00+00:00,0.08158982861246852
2026-05-09 06:00:00+00:00,0.15260721270573083
2026-05-09 06:15:00+00:00,0.13580721270573085
2026-05-09 06:30:00+00:00,0.12293721270573084
2026-05-09 06:45:00+00:00,0.09636721270573084
2026-05-09 07:00:00+00:00,0.11764974391422262
2026-05-09 07:15:00+00:00,0.07642974391422262
2026-05-09 07:30:00+00:00,0.037889743914222625
2026-05-09 07:45:00+00:00,0.006979743914222621
2026-05-09 08:00:00+00:00,0.011346095300024988
2026-05-09 08:15:00+00:00,-0.01244390469997501
2026-05-09 08:30:00+00:00,-0.02030390469997501
2026-05-09 08:45:00+00:00,-0.02038390469997501
2026-05-09 09:00:00+00:00,0.004216261773791526
2026-05-09 09:15:00+00:00,0.004206261773791527
2026-05-09 09:30:00+00:00,0.004206261773791527
2026-05-09 09:45:00+00:00,0.004176261773791526
2026-05-09 10:00:00+00:00,-0.00963916354179395
2026-05-09 10:15:00+00:00,-0.009689163541793949
2026-05-09 10:30:00+00:00,-0.00962916354179395
2026-05-09 10:45:00+00:00,-0.009689163541793949
2026-05-09 11:00:00+00:00,-0.008741199359145888
2026-05-09 11:15:00+00:00,-0.008741199359145888
2026-05-09 11:30:00+00:00,-0.008741199359145888
2026-05-09 11:45:00+00:00,-0.008741199359145888
2026-05-09 12:00:00+00:00,0.013564882372951323
2026-05-09 12:15:00+00:00,0.013574882372951323
2026-05-09 12:30:00+00:00,0.013574882372951323
2026-05-09 12:45:00+00:00,0.013574882372951323
2026-05-09 13:00:00+00:00,-0.021346483799822853
2026-05-09 13:15:00+00:00,-0.021346483799822853
2026-05-09 13:30:00+00:00,-0.021346483799822853
2026-05-09 13:45:00+00:00,-0.021336483799822854
2026-05-09 14:00:00+00:00,-0.016535800028299005
2026-05-09 14:15:00+00:00,-0.009145800028299005
2026-05-09 14:30:00+00:00,0.018454199971701
2026-05-09 14:45:00+00:00,0.051544199971700996
2026-05-09 15:00:00+00:00,0.039771171224436304
2026-05-09 15:15:00+00:00,0.09225117122443631
2026-05-09 15:30:00+00:00,0.11741117122443631
2026-05-09 15:45:00+00:00,0.1366511712244363
2026-05-09 16:00:00+00:00,0.12451259893628111
2026-05-09 16:15:00+00:00,0.13882259893628113
2026-05-09 16:30:00+00:00,0.1446925989362811
2026-05-09 16:45:00+00:00,0.1559825989362811
2026-05-09 17:00:00+00:00,0.14969080474712487
2026-05-09 17:15:00+00:00,0.15486080474712488
2026-05-09 17:30:00+00:00,0.16285080474712488
2026-05-09 17:45:00+00:00,0.17763080474712487
2026-05-09 18:00:00+00:00,0.13119970079760443
2026-05-09 18:15:00+00:00,0.13480970079760443
2026-05-09 18:30:00+00:00,0.13646970079760443
2026-05-09 18:45:00+00:00,0.13649970079760443
2026-05-09 19:00:00+00:00,0.17474400590875014
2026-05-09 19:15:00+00:00,0.16331400590875014
2026-05-09 19:30:00+00:00,0.15685400590875015
2026-05-09 19:45:00+00:00,0.14792400590875004
2026-05-09 20:00:00+00:00,0.1314616328513831
2026-05-09 20:15:00+00:00,0.1258616328513831
2026-05-09 20:30:00+00:00,0.1176816328513831
2026-05-09 20:45:00+00:00,0.11256163285138308
2026-05-09 21:00:00+00:00,0.16564602035443846
2026-05-09 21:15:00+00:00,0.16108602035443845
2026-05-09 21:30:00+00:00,0.15970602035443845
2026-05-09 21:45:00+00:00,0.15613602035443844
2026-05-09 22:00:00+00:00,0.11257731525293274
2026-05-09 22:15:00+00:00,0.10665731525293273
2026-05-09 22:30:00+00:00,0.10516731525293274
2026-05-09 22:45:00+00:00,0.10463731525293274
2026-05-09 23:00:00+00:00,0.15197037884888373
2026-05-09 23:15:00+00:00,0.15090037884888371
2026-05-09 23:30:00+00:00,0.14910037884888372
2026-05-09 23:45:00+00:00,0.14746037884888372
2026-05-10 00:00:00+00:00,0.11729727498978823
2026-05-10 00:15:00+00:00,0.11283727498978824
2026-05-10 00:30:00+00:00,0.11221727498978823
2026-05-10 00:45:00+00:00,0.11112727498978822
2026-05-10 01:00:00+00:00,0.1619827681785304
2026-05-10 01:15:00+00:00,0.1601027681785304
2026-05-10 01:30:00+00:00,0.1600827681785304
2026-05-10 01:45:00+00:00,0.15973276817853038
2026-05-10 02:00:00+00:00,0.13260533175782063
2026-05-10 02:15:00+00:00,0.13735533175782064
2026-05-10 02:30:00+00:00,0.13627533175782064
2026-05-10 02:45:00+00:00,0.13401533175782063
2026-05-10 03:00:00+00:00,0.10473101695103296
2026-05-10 03:15:00+00:00,0.10767101695103298
2026-05-10 03:30:00+00:00,0.10794101695103298
2026-05-10 03:45:00+00:00,0.10074101695103296
2026-05-10 04:00:00+00:00,0.1207240327692542
2026-05-10 04:15:00+00:00,0.11008403276925419
2026-05-10 04:30:00+00:00,0.0989740327692542
2026-05-10 04:45:00+00:00,0.0923940327692542
2026-05-10 05:00:00+00:00,0.13635395808667405
2026-05-10 05:15:00+00:00,0.11805395808667407
2026-05-10 05:30:00+00:00,0.11145395808667397
2026-05-10 05:45:00+00:00,0.09622395808667407
2026-05-10 06:00:00+00:00,0.13040200893414683
2026-05-10 06:15:00+00:00,0.11556200893414684
2026-05-10 06:30:00+00:00,0.08252200893414684
2026-05-10 06:45:00+00:00,0.03222200893414683
2026-05-10 07:00:00+00:00,0.0322906233215806
2026-05-10 07:15:00+00:00,0.008660623321580596
2026-05-10 07:30:00+00:00,-0.00014937667841940366
2026-05-10 07:45:00+00:00,-0.0012793766784194036
2026-05-10 08:00:00+00:00,0.0008905818174912603
2026-05-10 08:15:00+00:00,0.0008205818174912604
2026-05-10 08:30:00+00:00,0.0008105818174912603
2026-05-10 08:45:00+00:00,0.0007705818174912603
2026-05-10 09:00:00+00:00,0.0138844976206351
2026-05-10 09:15:00+00:00,0.013444497620635099
2026-05-10 09:30:00+00:00,0.0130644976206351
2026-05-10 09:45:00+00:00,0.012664497620635099
2026-05-10 10:00:00+00:00,0.0014317544976149722
2026-05-10 10:15:00+00:00,0.000991754497614972
2026-05-10 10:30:00+00:00,0.00043175449761497214
2026-05-10 10:45:00+00:00,-0.0006882455023850278
2026-05-10 11:00:00+00:00,-0.025957743529536722
2026-05-10 11:15:00+00:00,-0.02581774352953662
2026-05-10 11:30:00+00:00,-0.02616774352953672
2026-05-10 11:45:00+00:00,-0.025787743529536722
2026-05-10 12:00:00+00:00,-0.016948141108883336
2026-05-10 12:15:00+00:00,-0.016178141108883437
2026-05-10 12:30:00+00:00,-0.016238141108883438
2026-05-10 12:45:00+00:00,-0.015988141108883438
2026-05-10 13:00:00+00:00,0.0034902547459824884
2026-05-10 13:15:00+00:00,0.0042102547459824885
2026-05-10 13:30:00+00:00,0.004250254745982489
2026-05-10 13:45:00+00:00,0.004310254745982489
2026-05-10 14:00:00+00:00,0.022274105768072257
2026-05-10 14:15:00+00:00,0.02230410576807226
2026-05-10 14:30:00+00:00,0.02256410576807226
2026-05-10 14:45:00+00:00,0.02972410576807226
2026-05-10 15:00:00+00:00,0.03982316700160546
2026-05-10 15:15:00+00:00,0.08872316700160546
2026-05-10 15:30:00+00:00,0.12518316700160537
2026-05-10 15:45:00+00:00,0.14906316700160546
2026-05-10 16:00:00+00:00,0.10530360706870556
2026-05-10 16:15:00+00:00,0.12310360706870556
2026-05-10 16:30:00+00:00,0.13384360706870554
2026-05-10 16:45:00+00:00,0.13881360706870555
2026-05-10 17:00:00+00:00,0.1175588770582666
2026-05-10 17:15:00+00:00,0.1267888770582666
2026-05-10 17:30:00+00:00,0.1304988770582666
2026-05-10 17:45:00+00:00,0.1342688770582666
2026-05-10 18:00:00+00:00,0.1407792188115093
2026-05-10 18:15:00+00:00,0.1430592188115093
2026-05-10 18:30:00+00:00,0.1439892188115092
2026-05-10 18:45:00+00:00,0.1444792188115093
2026-05-10 19:00:00+00:00,0.11903866356982772
2026-05-10 19:15:00+00:00,0.11669866356982762
2026-05-10 19:30:00+00:00,0.11515866356982772
2026-05-10 19:45:00+00:00,0.11415866356982772
2026-05-10 20:00:00+00:00,0.12407442946857987
2026-05-10 20:15:00+00:00,0.12209442946857986
2026-05-10 20:30:00+00:00,0.12080442946857986
2026-05-10 20:45:00+00:00,0.11832442946857986
2026-05-10 21:00:00+00:00,0.10900685811058503
2026-05-10 21:15:00+00:00,0.10644685811058503
2026-05-10 21:30:00+00:00,0.10532685811058502
2026-05-10 21:45:00+00:00,0.09799685811058503
2026-05-10 22:00:00+00:00,0.10221474866102463
2026-05-10 22:15:00+00:00,0.09690474866102464
2026-05-10 22:30:00+00:00,0.09377474866102464
2026-05-10 22:45:00+00:00,0.09046474866102464
2026-05-10 23:00:00+00:00,0.12357885781283788
2026-05-10 23:15:00+00:00,0.11930885781283788
2026-05-10 23:30:00+00:00,0.11649885781283788
2026-05-10 23:45:00+00:00,0.11446885781283789
2026-05-11 00:00:00+00:00,0.114508748456096
2026-05-11 00:15:00+00:00,0.1132787484560961
2026-05-11 00:30:00+00:00,0.1134987484560961
2026-05-11 00:45:00+00:00,0.1140587484560961
2026-05-11 01:00:00+00:00,0.12297539736342299
2026-05-11 01:15:00+00:00,0.12471539736342299
2026-05-11 01:30:00+00:00,0.12606539736342298
2026-05-11 01:45:00+00:00,0.12741539736342297
2026-05-11 02:00:00+00:00,0.11797463252680516
2026-05-11 02:15:00+00:00,0.11867463252680517
2026-05-11 02:30:00+00:00,0.12555463252680515
2026-05-11 02:45:00+00:00,0.1303046325268052
2026-05-11 03:00:00+00:00,0.12246851190129021
2026-05-11 03:15:00+00:00,0.12453851190129023
2026-05-11 03:30:00+00:00,0.1282085119012902
2026-05-11 03:45:00+00:00,0.1311685119012902
2026-05-11 04:00:00+00:00,0.13566765555040655
2026-05-11 04:15:00+00:00,0.14384765555040654
2026-05-11 04:30:00+00:00,0.15042765555040655
2026-05-11 04:45:00+00:00,0.15686765555040655
2026-05-11 05:00:00+00:00,0.15219571157861742
2026-05-11 05:15:00+00:00,0.15827571157861742
2026-05-11 05:30:00+00:00,0.15533571157861742
2026-05-11 05:45:00+00:00,0.1472457115786174
2026-05-11 06:00:00+00:00,0.18115674906889656
2026-05-11 06:15:00+00:00,0.16009674906889657
2026-05-11 06:30:00+00:00,0.14978674906889655
2026-05-11 06:45:00+00:00,0.13935674906889656
2026-05-11 07:00:00+00:00,0.13960732578903037
2026-05-11 07:15:00+00:00,0.12432732578903037
2026-05-11 07:30:00+00:00,0.12009732578903039
2026-05-11 07:45:00+00:00,0.10979732578903038
2026-05-11 08:00:00+00:00,0.1462832296956622
2026-05-11 08:15:00+00:00,0.1350432296956622
2026-05-11 08:30:00+00:00,0.1289332296956622
2026-05-11 08:45:00+00:00,0.1221432296956622
2026-05-11 09:00:00+00:00,0.13832196399865906
2026-05-11 09:15:00+00:00,0.12724196399865895
2026-05-11 09:30:00+00:00,0.11901196399865904
2026-05-11 09:45:00+00:00,0.11828196399865903
2026-05-11 10:00:00+00:00,0.09609481512651183
2026-05-11 10:15:00+00:00,0.09389481512651184
2026-05-11 10:30:00+00:00,0.09388481512651184
2026-05-11 10:45:00+00:00,0.08884481512651184
2026-05-11 11:00:00+00:00,0.10261239845955404
2026-05-11 11:15:00+00:00,0.10217239845955405
2026-05-11 11:30:00+00:00,0.09967239845955404
2026-05-11 11:45:00+00:00,0.09447239845955394
2026-05-11 12:00:00+00:00,0.08587150070929978
2026-05-11 12:15:00+00:00,0.08586150070929968
2026-05-11 12:30:00+00:00,0.08256150070929967
2026-05-11 12:45:00+00:00,0.08379150070929978
2026-05-11 13:00:00+00:00,0.08536560562951463
2026-05-11 13:15:00+00:00,0.08634560562951463
2026-05-11 13:30:00+00:00,0.08622560562951463
2026-05-11 13:45:00+00:00,0.08816560562951463
2026-05-11 14:00:00+00:00,0.07047977815437734
2026-05-11 14:15:00+00:00,0.07589977815437726
2026-05-11 14:30:00+00:00,0.08100977815437735
2026-05-11 14:45:00+00:00,0.09188977815437735
2026-05-11 15:00:00+00:00,0.1249082147413543
2026-05-11 15:15:00+00:00,0.1388282147413542
2026-05-11 15:30:00+00:00,0.1442382147413543
2026-05-11 15:45:00+00:00,0.15026821474135432
2026-05-11 16:00:00+00:00,0.1401016287299696
2026-05-11 16:15:00+00:00,0.1415816287299696
2026-05-11 16:30:00+00:00,0.1421016287299696
2026-05-11 16:45:00+00:00,0.1464616287299696
2026-05-11 17:00:00+00:00,0.13355517744455897
2026-05-11 17:15:00+00:00,0.138875177444559
2026-05-11 17:30:00+00:00,0.14185517744455897
2026-05-11 17:45:00+00:00,0.14808517744455899
2026-05-11 18:00:00+00:00,0.16582847814515933
2026-05-11 18:15:00+00:00,0.16443847814515922
2026-05-11 18:30:00+00:00,0.1695684781451593
2026-05-11 18:45:00+00:00,0.16959847814515933
2026-05-11 19:00:00+00:00,0.13190267005598513
2026-05-11 19:15:00+00:00,0.12651267005598513
2026-05-11 19:30:00+00:00,0.12416267005598515
2026-05-11 19:45:00+00:00,0.11500267005598515
2026-05-11 20:00:00+00:00,0.1825676774815488
2026-05-11 20:15:00+00:00,0.17671767748154882
2026-05-11 20:30:00+00:00,0.1775676774815488
2026-05-11 20:45:00+00:00,0.1690376774815488
2026-05-11 21:00:00+00:00,0.11516921880637962
2026-05-11 21:15:00+00:00,0.10461921880637962
2026-05-11 21:30:00+00:00,0.10241921880637962
2026-05-11 21:45:00+00:00,0.09687921880637962
2026-05-11 22:00:00+00:00,0.11059909729344371
2026-05-11 22:15:00+00:00,0.10554909729344371
2026-05-11 22:30:00+00:00,0.1013690972934437
2026-05-11 22:45:00+00:00,0.0974990972934437
2026-05-11 23:00:00+00:00,0.09228095637949064
2026-05-11 23:15:00+00:00,0.08738095637949064
2026-05-11 23:30:00+00:00,0.08719095637949065
2026-05-11 23:45:00+00:00,0.08501095637949065
2026-05-12 00:00:00+00:00,0.09897136465133255
2026-05-12 00:15:00+00:00,0.09839136465133244
2026-05-12 00:30:00+00:00,0.09854136465133255
2026-05-12 00:45:00+00:00,0.09838136465133254
2026-05-12 01:00:00+00:00,0.10766416056002392
2026-05-12 01:15:00+00:00,0.10634416056002392
2026-05-12 01:30:00+00:00,0.10565416056002393
2026-05-12 01:45:00+00:00,0.10134416056002392
2026-05-12 02:00:00+00:00,0.08234682223236449
2026-05-12 02:15:00+00:00,0.08753682223236449
2026-05-12 02:30:00+00:00,0.09022682223236449
2026-05-12 02:45:00+00:00,0.09701682223236449
2026-05-12 03:00:00+00:00,0.11804666641587194
2026-05-12 03:15:00+00:00,0.12265666641587195
2026-05-12 03:30:00+00:00,0.13154666641587193
2026-05-12 03:45:00+00:00,0.13434666641587192
2026-05-12 04:00:00+00:00,0.10427429262395477
2026-05-12 04:15:00+00:00,0.11501429262395477
2026-05-12 04:30:00+00:00,0.11908429262395477
2026-05-12 04:45:00+00:00,0.12425429262395477
2026-05-12 05:00:00+00:00,0.13041008359817313
2026-05-12 05:15:00+00:00,0.12998008359817315
2026-05-12 05:30:00+00:00,0.12782008359817315
2026-05-12 05:45:00+00:00,0.12197008359817316
2026-05-12 06:00:00+00:00,0.1083474542645375
2026-05-12 06:15:00+00:00,0.1012974542645375
2026-05-12 06:30:00+00:00,0.0918274542645375
2026-05-12 06:45:00+00:00,0.08029745426453751
2026-05-12 07:00:00+00:00,0.1162197884066317
2026-05-12 07:15:00+00:00,0.10768978840663171
2026-05-12 07:30:00+00:00,0.1004697884066317
2026-05-12 07:45:00+00:00,0.0826797884066317
2026-05-12 08:00:00+00:00,0.09437729211979692
2026-05-12 08:15:00+00:00,0.08523729211979693
2026-05-12 08:30:00+00:00,0.07122729211979693
2026-05-12 08:45:00+00:00,0.057537292119796926
2026-05-12 09:00:00+00:00,0.061473786948308864
2026-05-12 09:15:00+00:00,0.05392378694830875
2026-05-12 09:30:00+00:00,0.04890378694830887
2026-05-12 09:45:00+00:00,0.04513378694830886
2026-05-12 10:00:00+00:00,0.04164252782400913
2026-05-12 10:15:00+00:00,0.031692527824009234
2026-05-12 10:30:00+00:00,0.02664252782400913
2026-05-12 10:45:00+00:00,0.026592527824009234
2026-05-12 11:00:00+00:00,0.08140280883115206
2026-05-12 11:15:00+00:00,0.07910280883115205
2026-05-12 11:30:00+00:00,0.07357280883115205
2026-05-12 11:45:00+00:00,0.07161280883115205
2026-05-12 12:00:00+00:00,0.010288688687628104
2026-05-12 12:15:00+00:00,0.012598688687628104
2026-05-12 12:30:00+00:00,0.016168688687628104
2026-05-12 12:45:00+00:00,0.021468688687628103
2026-05-12 13:00:00+00:00,0.0035883527522918776
2026-05-12 13:15:00+00:00,0.010748352752291874
2026-05-12 13:30:00+00:00,0.023328352752291875
2026-05-12 13:45:00+00:00,0.034288352752291876
2026-05-12 14:00:00+00:00,0.0328204010526632
2026-05-12 14:15:00+00:00,0.05556040105266331
2026-05-12 14:30:00+00:00,0.0745804010526633
2026-05-12 14:45:00+00:00,0.0833404010526633
2026-05-12 15:00:00+00:00,0.06915245722565752
2026-05-12 15:15:00+00:00,0.09385245722565752
2026-05-12 15:30:00+00:00,0.10167245722565753
2026-05-12 15:45:00+00:00,0.11553245722565753
2026-05-12 16:00:00+00:00,0.10743483418324953
2026-05-12 16:15:00+00:00,0.12125483418324945
2026-05-12 16:30:00+00:00,0.13112483418324952
2026-05-12 16:45:00+00:00,0.13988483418324954
2026-05-12 17:00:00+00:00,0.13217421097976473
2026-05-12 17:15:00+00:00,0.1398442109797647
2026-05-12 17:30:00+00:00,0.15064421097976471
2026-05-12 17:45:00+00:00,0.16322421097976472
2026-05-12 18:00:00+00:00,0.15072257883329684
2026-05-12 18:15:00+00:00,0.15544257883329685
2026-05-12 18:30:00+00:00,0.15892257883329686
2026-05-12 18:45:00+00:00,0.15658257883329685
2026-05-12 19:00:00+00:00,0.13993089539874315
2026-05-12 19:15:00+00:00,0.13547089539874316
2026-05-12 19:30:00+00:00,0.12776089539874316
2026-05-12 19:45:00+00:00,0.12041089539874313
2026-05-12 20:00:00+00:00,0.1444154856982642
2026-05-12 20:15:00+00:00,0.1391454856982641
2026-05-12 20:30:00+00:00,0.1357054856982641
2026-05-12 20:45:00+00:00,0.1306554856982642
2026-05-12 21:00:00+00:00,0.11104268385210862
2026-05-12 21:15:00+00:00,0.10423268385210863
2026-05-12 21:30:00+00:00,0.09907268385210861
2026-05-12 21:45:00+00:00,0.09464268385210851
2026-05-12 22:00:00+00:00,0.1146642557611363
2026-05-12 22:15:00+00:00,0.10390425576113631
2026-05-12 22:30:00+00:00,0.0989142557611363
2026-05-12 22:45:00+00:00,0.0942942557611363
2026-05-12 23:00:00+00:00,0.09367738724427133
2026-05-12 23:15:00+00:00,0.08828738724427132
2026-05-12 23:30:00+00:00,0.08825738724427133
2026-05-12 23:45:00+00:00,0.08719738724427133
2026-05-13 00:00:00+00:00,0.08285372988045907
2026-05-13 00:15:00+00:00,0.08219372988045906
2026-05-13 00:30:00+00:00,0.08176372988045906
2026-05-13 00:45:00+00:00,0.08327372988045906
2026-05-13 01:00:00+00:00,0.12404451346801608
2026-05-13 01:15:00+00:00,0.12594451346801608
2026-05-13 01:30:00+00:00,0.12868451346801596
2026-05-13 01:45:00+00:00,0.12928451346801606
2026-05-13 02:00:00+00:00,0.11874302266330548
2026-05-13 02:15:00+00:00,0.12299302266330547
2026-05-13 02:30:00+00:00,0.12443302266330548
2026-05-13 02:45:00+00:00,0.12922302266330546
2026-05-13 03:00:00+00:00,0.1296659179145981
2026-05-13 03:15:00+00:00,0.1335459179145981
2026-05-13 03:30:00+00:00,0.1416259179145981
2026-05-13 03:45:00+00:00,0.14694591791459813
2026-05-13 04:00:00+00:00,0.12910236518006057
2026-05-13 04:15:00+00:00,0.13940236518006058
2026-05-13 04:30:00+00:00,0.14209236518006058
2026-05-13 04:45:00+00:00,0.1410223651800606
2026-05-13 05:00:00+00:00,0.15836359628771718
2026-05-13 05:15:00+00:00,0.1566735962877172
2026-05-13 05:30:00+00:00,0.15807359628771722
2026-05-13 05:45:00+00:00,0.1484735962877171
2026-05-13 06:00:00+00:00,0.11154686309439406
2026-05-13 06:15:00+00:00,0.09985686309439405
2026-05-13 06:30:00+00:00,0.09152686309439405
2026-05-13 06:45:00+00:00,0.07441686309439405
2026-05-13 07:00:00+00:00,0.1390989607331967
2026-05-13 07:15:00+00:00,0.11807896073319668
2026-05-13 07:30:00+00:00,0.11355896073319667
2026-05-13 07:45:00+00:00,0.10279896073319668
2026-05-13 08:00:00+00:00,0.10113452097312411
2026-05-13 08:15:00+00:00,0.09270452097312412
2026-05-13 08:30:00+00:00,0.08742452097312411
2026-05-13 08:45:00+00:00,0.07751452097312413
2026-05-13 09:00:00+00:00,0.10042294097208074
2026-05-13 09:15:00+00:00,0.09466294097208074
2026-05-13 09:30:00+00:00,0.09459294097208062
2026-05-13 09:45:00+00:00,0.09152294097208073
2026-05-13 10:00:00+00:00,0.08867280817565376
2026-05-13 10:15:00+00:00,0.08328280817565366
2026-05-13 10:30:00+00:00,0.07802280817565377
2026-05-13 10:45:00+00:00,0.07436280817565376
2026-05-13 11:00:00+00:00,0.056293173073397096
2026-05-13 11:15:00+00:00,0.055583173073397094
2026-05-13 11:30:00+00:00,0.0537131730733971
2026-05-13 11:45:00+00:00,0.0489531730733971
2026-05-13 12:00:00+00:00,0.03647399194406501
2026-05-13 12:15:00+00:00,0.038893991944065016
2026-05-13 12:30:00+00:00,0.04510399194406501
2026-05-13 12:45:00+00:00,0.050233991944065005
2026-05-13 13:00:00+00:00,0.05605622943756752
2026-05-13 13:15:00+00:00,0.06424622943756753
2026-05-13 13:30:00+00:00,0.07249622943756753
2026-05-13 13:45:00+00:00,0.08393622943756752
2026-05-13 14:00:00+00:00,0.08615017674210015
2026-05-13 14:15:00+00:00,0.09844017674210015
2026-05-13 14:30:00+00:00,0.10573017674210004
2026-05-13 14:45:00+00:00,0.12070017674210015
2026-05-13 15:00:00+00:00,0.10627021194463343
2026-05-13 15:15:00+00:00,0.11768021194463342
2026-05-13 15:30:00+00:00,0.13365021194463342
2026-05-13 15:45:00+00:00,0.14353021194463342
2026-05-13 16:00:00+00:00,0.09193449240812844
2026-05-13 16:15:00+00:00,0.10475449240812834
2026-05-13 16:30:00+00:00,0.11018449240812844
2026-05-13 16:45:00+00:00,0.12200449240812844
2026-05-13 17:00:00+00:00,0.11572260878099633
2026-05-13 17:15:00+00:00,0.1255026087809963
2026-05-13 17:30:00+00:00,0.13497260878099632
2026-05-13 17:45:00+00:00,0.15766260878099633
2026-05-13 18:00:00+00:00,0.15086077254116934
2026-05-13 18:15:00+00:00,0.15613077254116933
2026-05-13 18:30:00+00:00,0.16313077254116934
2026-05-13 18:45:00+00:00,0.16179077254116936
2026-05-13 19:00:00+00:00,0.1764346322915469
2026-05-13 19:15:00+00:00,0.1554046322915469
2026-05-13 19:30:00+00:00,0.1454046322915469
2026-05-13 19:45:00+00:00,0.13667463229154692
2026-05-13 20:00:00+00:00,0.13100274587862246
2026-05-13 20:15:00+00:00,0.11854274587862246
2026-05-13 20:30:00+00:00,0.11179274587862245
2026-05-13 20:45:00+00:00,0.10737274587862244
2026-05-13 21:00:00+00:00,0.10451024763043286
2026-05-13 21:15:00+00:00,0.10062024763043297
2026-05-13 21:30:00+00:00,0.09293024763043296
2026-05-13 21:45:00+00:00,0.08980024763043297
2026-05-13 22:00:00+00:00,0.12608903581921857
2026-05-13 22:15:00+00:00,0.11827903581921857
2026-05-13 22:30:00+00:00,0.11126903581921858
2026-05-13 22:45:00+00:00,0.10611903581921857
2026-05-13 23:00:00+00:00,0.12866488701687848
2026-05-13 23:15:00+00:00,0.12378488701687847
2026-05-13 23:30:00+00:00,0.12198488701687846
2026-05-13 23:45:00+00:00,0.11890488701687846
2026-05-14 00:00:00+00:00,0.10128695163059817
2026-05-14 00:15:00+00:00,0.09819695163059816
2026-05-14 00:30:00+00:00,0.09659695163059817
2026-05-14 00:45:00+00:00,0.09404695163059816
2026-05-14 01:00:00+00:00,0.11549214705460255
2026-05-14 01:15:00+00:00,0.11431214705460255
2026-05-14 01:30:00+00:00,0.11219214705460244
2026-05-14 01:45:00+00:00,0.11204214705460254
2026-05-14 02:00:00+00:00,0.13300057389223607
2026-05-14 02:15:00+00:00,0.13156057389223608
2026-05-14 02:30:00+00:00,0.13160057389223606
2026-05-14 02:45:00+00:00,0.13331057389223608
2026-05-14 03:00:00+00:00,0.08923020819758043
2026-05-14 03:15:00+00:00,0.08794020819758043
2026-05-14 03:30:00+00:00,0.08868020819758032
2026-05-14 03:45:00+00:00,0.08665020819758043
2026-05-14 04:00:00+00:00,0.10997662434838305
2026-05-14 04:15:00+00:00,0.11071662434838306
2026-05-14 04:30:00+00:00,0.10934662434838306
2026-05-14 04:45:00+00:00,0.10040662434838306
2026-05-14 05:00:00+00:00,0.13973958154514565
2026-05-14 05:15:00+00:00,0.12802958154514565
2026-05-14 05:30:00+00:00,0.12193958154514564
2026-05-14 05:45:00+00:00,0.11796958154514567
2026-05-14 06:00:00+00:00,0.10281445034248722
2026-05-14 06:15:00+00:00,0.09732445034248723
2026-05-14 06:30:00+00:00,0.09021445034248722
2026-05-14 06:45:00+00:00,0.07593445034248722
2026-05-14 07:00:00+00:00,0.09048900049423417
2026-05-14 07:15:00+00:00,0.08463900049423417
2026-05-14 07:30:00+00:00,0.06985900049423417
2026-05-14 07:45:00+00:00,0.05344900049423418
2026-05-14 08:00:00+00:00,0.10402886836101298
2026-05-14 08:15:00+00:00,0.08537886836101298
2026-05-14 08:30:00+00:00,0.07144886836101298
2026-05-14 08:45:00+00:00,0.05922886836101299
2026-05-14 09:00:00+00:00,0.03777363344353477
2026-05-14 09:15:00+00:00,0.03446363344353477
2026-05-14 09:30:00+00:00,0.02809363344353477
2026-05-14 09:45:00+00:00,0.01943363344353477
2026-05-14 10:00:00+00:00,0.044074747483331934
2026-05-14 10:15:00+00:00,0.03626474748333194
2026-05-14 10:30:00+00:00,0.034514747483331935
2026-05-14 10:45:00+00:00,0.030544747483331934
2026-05-14 11:00:00+00:00,0.018092103670312963
2026-05-14 11:15:00+00:00,0.016132103670312967
2026-05-14 11:30:00+00:00,0.014392103670312965
2026-05-14 11:45:00+00:00,0.013122103670312964
2026-05-14 12:00:00+00:00,-0.0029896622873160626
2026-05-14 12:15:00+00:00,-0.0017696622873160624
2026-05-14 12:30:00+00:00,-0.0014696622873160625
2026-05-14 12:45:00+00:00,-0.0005596622873160623
2026-05-14 13:00:00+00:00,0.013834162098023368
2026-05-14 13:15:00+00:00,0.016654162098023464
2026-05-14 13:30:00+00:00,0.026784162098023465
2026-05-14 13:45:00+00:00,0.049374162098023464
2026-05-14 14:00:00+00:00,0.02991815867545569
2026-05-14 14:15:00+00:00,0.06211815867545559
2026-05-14 14:30:00+00:00,0.08773815867545559
2026-05-14 14:45:00+00:00,0.11142815867545569
2026-05-14 15:00:00+00:00,0.07921839962109439
2026-05-14 15:15:00+00:00,0.10926839962109439
2026-05-14 15:30:00+00:00,0.1216983996210944
2026-05-14 15:45:00+00:00,0.1438883996210944
2026-05-14 16:00:00+00:00,0.09570432381258472
2026-05-14 16:15:00+00:00,0.11200432381258471
2026-05-14 16:30:00+00:00,0.12221432381258471
2026-05-14 16:45:00+00:00,0.13377432381258472
2026-05-14 17:00:00+00:00,0.13371714847150049
2026-05-14 17:15:00+00:00,0.1389671484715005
2026-05-14 17:30:00+00:00,0.14681714847150049
2026-05-14 17:45:00+00:00,0.1538571484715004
2026-05-14 18:00:00+00:00,0.14189966880307195
2026-05-14 18:15:00+00:00,0.14723966880307196
2026-05-14 18:30:00+00:00,0.15192966880307196
2026-05-14 18:45:00+00:00,0.15619966880307196
2026-05-14 19:00:00+00:00,0.1667784998567804
2026-05-14 19:15:00+00:00,0.1676084998567804
2026-05-14 19:30:00+00:00,0.1656984998567804
2026-05-14 19:45:00+00:00,0.1604784998567804
2026-05-14 20:00:00+00:00,0.14933265587295166
2026-05-14 20:15:00+00:00,0.13143265587295166
2026-05-14 20:30:00+00:00,0.12655265587295167
2026-05-14 20:45:00+00:00,0.12097265587295167
2026-05-14 21:00:00+00:00,0.16310663227929903
2026-05-14 21:15:00+00:00,0.15608663227929903
2026-05-14 21:30:00+00:00,0.15239663227929903
2026-05-14 21:45:00+00:00,0.14843663227929904
2026-05-14 22:00:00+00:00,0.15493864400421306
2026-05-14 22:15:00+00:00,0.14853864400421307
2026-05-14 22:30:00+00:00,0.14632864400421305
2026-05-14 22:45:00+00:00,0.13635864400421305
2026-05-14 23:00:00+00:00,0.11753191742477553
2026-05-14 23:15:00+00:00,0.10923191742477553
2026-05-14 23:30:00+00:00,0.10399191742477554
2026-05-14 23:45:00+00:00,0.09794191742477554
2026-05-15 00:00:00+00:00,0.15368144806180536
2026-05-15 00:15:00+00:00,0.14888144806180545
2026-05-15 00:30:00+00:00,0.14640144806180547
2026-05-15 00:45:00+00:00,0.14509144806180546
2026-05-15 01:00:00+00:00,0.16338075522690593
2026-05-15 01:15:00+00:00,0.1622007552269059
2026-05-15 01:30:00+00:00,0.16371075522690592
2026-05-15 01:45:00+00:00,0.16266075522690593
2026-05-15 02:00:00+00:00,0.13915838298791353
2026-05-15 02:15:00+00:00,0.14110838298791353
2026-05-15 02:30:00+00:00,0.14249838298791354
2026-05-15 02:45:00+00:00,0.14571838298791354
2026-05-15 03:00:00+00:00,0.15032039470755637
2026-05-15 03:15:00+00:00,0.15162039470755637
2026-05-15 03:30:00+00:00,0.15417039470755636
2026-05-15 03:45:00+00:00,0.15741039470755636
2026-05-15 04:00:00+00:00,0.13426867219171504
2026-05-15 04:15:00+00:00,0.13916867219171514
2026-05-15 04:30:00+00:00,0.13866867219171514
2026-05-15 04:45:00+00:00,0.13856867219171515
2026-05-15 05:00:00+00:00,0.11132037151015611
2026-05-15 05:15:00+00:00,0.10824037151015611
2026-05-15 05:30:00+00:00,0.1047903715101561
2026-05-15 05:45:00+00:00,0.08359037151015611
2026-05-15 06:00:00+00:00,0.10290486875793996
2026-05-15 06:15:00+00:00,0.09575486875793986
2026-05-15 06:30:00+00:00,0.08669486875793997
2026-05-15 06:45:00+00:00,0.07508486875793996
2026-05-15 07:00:00+00:00,0.12643705204612837
2026-05-15 07:15:00+00:00,0.11535705204612837
2026-05-15 07:30:00+00:00,0.10230705204612836
2026-05-15 07:45:00+00:00,0.09280705204612837
2026-05-15 08:00:00+00:00,0.08835257625051068
2026-05-15 08:15:00+00:00,0.07217257625051068
2026-05-15 08:30:00+00:00,0.06648257625051068
2026-05-15 08:45:00+00:00,0.05661257625051067
2026-05-15 09:00:00+00:00,0.06619494954769532
2026-05-15 09:15:00+00:00,0.05872494954769532
2026-05-15 09:30:00+00:00,0.04328494954769531
2026-05-15 09:45:00+00:00,0.03184494954769532
2026-05-15 10:00:00+00:00,0.06936704948641693
2026-05-15 10:15:00+00:00,0.058857049486416936
2026-05-15 10:30:00+00:00,0.04648704948641694
2026-05-15 10:45:00+00:00,0.037887049486416934
2026-05-15 11:00:00+00:00,0.06175118537113721
2026-05-15 11:15:00+00:00,0.05230118537113721
2026-05-15 11:30:00+00:00,0.04960118537113721
2026-05-15 11:45:00+00:00,0.04288118537113721
2026-05-15 12:00:00+00:00,0.005336038602975927
2026-05-15 12:15:00+00:00,0.010416038602975922
2026-05-15 12:30:00+00:00,0.016766038602975923
2026-05-15 12:45:00+00:00,0.021296038602975922
2026-05-15 13:00:00+00:00,0.020092015403768933
2026-05-15 13:15:00+00:00,0.03575201540376893
2026-05-15 13:30:00+00:00,0.04875201540376894
2026-05-15 13:45:00+00:00,0.06642201540376894
2026-05-15 14:00:00+00:00,0.07130339725134528
2026-05-15 14:15:00+00:00,0.09705339725134528
2026-05-15 14:30:00+00:00,0.12158339725134529
2026-05-15 14:45:00+00:00,0.13031339725134528
2026-05-15 15:00:00+00:00,0.06704191539994289
2026-05-15 15:15:00+00:00,0.07984191539994288
2026-05-15 15:30:00+00:00,0.09201191539994288
2026-05-15 15:45:00+00:00,0.1022619153999429
2026-05-15 16:00:00+00:00,0.13193158729690113
2026-05-15 16:15:00+00:00,0.13798158729690113
2026-05-15 16:30:00+00:00,0.14278158729690113
2026-05-15 16:45:00+00:00,0.15140158729690104
2026-05-15 17:00:00+00:00,0.12707322524905978
2026-05-15 17:15:00+00:00,0.1313832252490598
2026-05-15 17:30:00+00:00,0.1360732252490598
2026-05-15 17:45:00+00:00,0.14308322524905978
2026-05-15 18:00:00+00:00,0.1618987880717901
2026-05-15 18:15:00+00:00,0.1618087880717901
2026-05-15 18:30:00+00:00,0.16310878807179008
2026-05-15 18:45:00+00:00,0.1671187880717901
2026-05-15 19:00:00+00:00,0.18283304660227084
2026-05-15 19:15:00+00:00,0.17337304660227096
2026-05-15 19:30:00+00:00,0.16672304660227094
2026-05-15 19:45:00+00:00,0.16230304660227093
2026-05-15 20:00:00+00:00,0.1645608185022464
2026-05-15 20:15:00+00:00,0.15814081850224643
2026-05-15 20:30:00+00:00,0.15783081850224642
2026-05-15 20:45:00+00:00,0.15269081850224642
2026-05-15 21:00:00+00:00,0.16118552073835102
2026-05-15 21:15:00+00:00,0.15391552073835102
2026-05-15 21:30:00+00:00,0.1479055207383509
2026-05-15 21:45:00+00:00,0.14586552073835102
2026-05-15 22:00:00+00:00,0.1179798322938551
2026-05-15 22:15:00+00:00,0.1104698322938552
2026-05-15 22:30:00+00:00,0.1053098322938552
2026-05-15 22:45:00+00:00,0.10159983229385519
2026-05-15 23:00:00+00:00,0.14505314561396018
2026-05-15 23:15:00+00:00,0.14307314561396017
2026-05-15 23:30:00+00:00,0.1411531456139602
2026-05-15 23:45:00+00:00,0.13972314561396018
2026-05-16 00:00:00+00:00,0.10392203314875172
2026-05-16 00:15:00+00:00,0.10200203314875171
2026-05-16 00:30:00+00:00,0.10154203314875171
2026-05-16 00:45:00+00:00,0.10011203314875171
2026-05-16 01:00:00+00:00,0.1226189980248414
2026-05-16 01:15:00+00:00,0.1208589980248414
2026-05-16 01:30:00+00:00,0.1199889980248414
2026-05-16 01:45:00+00:00,0.1196189980248414
2026-05-16 02:00:00+00:00,0.11947519217745374
2026-05-16 02:15:00+00:00,0.11835519217745374
2026-05-16 02:30:00+00:00,0.11750519217745374
2026-05-16 02:45:00+00:00,0.11972519217745374
2026-05-16 03:00:00+00:00,0.12373397390304536
2026-05-16 03:15:00+00:00,0.11910397390304546
2026-05-16 03:30:00+00:00,0.11571397390304547
2026-05-16 03:45:00+00:00,0.11447397390304546
2026-05-16 04:00:00+00:00,0.11666147257108893
2026-05-16 04:15:00+00:00,0.11266147257108892
2026-05-16 04:30:00+00:00,0.11129147257108893
2026-05-16 04:45:00+00:00,0.10698147257108893
2026-05-16 05:00:00+00:00,0.09246525797104634
2026-05-16 05:15:00+00:00,0.08777525797104634
2026-05-16 05:30:00+00:00,0.08313525797104634
2026-05-16 05:45:00+00:00,0.07478525797104633
2026-05-16 06:00:00+00:00,0.07550661234923037
2026-05-16 06:15:00+00:00,0.07042661234923037
2026-05-16 06:30:00+00:00,0.05689661234923036
2026-05-16 06:45:00+00:00,0.04576661234923036
2026-05-16 07:00:00+00:00,0.10507913166036847
2026-05-16 07:15:00+00:00,0.07815913166036847
2026-05-16 07:30:00+00:00,0.033489131660368474
2026-05-16 07:45:00+00:00,0.02319913166036847
2026-05-16 08:00:00+00:00,0.017064651708110792
2026-05-16 08:15:00+00:00,0.006474651708110792
2026-05-16 08:30:00+00:00,0.003514651708110792
2026-05-16 08:45:00+00:00,0.003414651708110792
2026-05-16 09:00:00+00:00,0.021119436682014214
2026-05-16 09:15:00+00:00,0.021109436682014215
2026-05-16 09:30:00+00:00,0.021099436682014215
2026-05-16 09:45:00+00:00,0.021029436682014215
2026-05-16 10:00:00+00:00,-0.0018219535469273115
2026-05-16 10:15:00+00:00,-0.0019119535469273115
2026-05-16 10:30:00+00:00,-0.0020219535469273115
2026-05-16 10:45:00+00:00,-0.0023119535469273114
2026-05-16 11:00:00+00:00,-0.028149451624246855
2026-05-16 11:15:00+00:00,-0.028059451624246855
2026-05-16 11:30:00+00:00,-0.028039451624246856
2026-05-16 11:45:00+00:00,-0.027829451624246757
2026-05-16 12:00:00+00:00,0.015692327955013706
2026-05-16 12:15:00+00:00,0.015732327955013704
2026-05-16 12:30:00+00:00,0.015762327955013707
2026-05-16 12:45:00+00:00,0.016092327955013704
2026-05-16 13:00:00+00:00,-0.008405443054775993
2026-05-16 13:15:00+00:00,-0.007855443054775993
2026-05-16 13:30:00+00:00,-0.0076954430547759925
2026-05-16 13:45:00+00:00,-0.007255443054775992
2026-05-16 14:00:00+00:00,0.006124205585710319
2026-05-16 14:15:00+00:00,0.00627420558571032
2026-05-16 14:30:00+00:00,0.00653420558571032
2026-05-16 14:45:00+00:00,0.02532420558571022
2026-05-16 15:00:00+00:00,-0.005586862644762609
2026-05-16 15:15:00+00:00,0.031823137355237396
2026-05-16 15:30:00+00:00,0.07443313735523739
2026-05-16 15:45:00+00:00,0.09211313735523739
2026-05-16 16:00:00+00:00,0.10167352494493369
2026-05-16 16:15:00+00:00,0.12602352494493368
2026-05-16 16:30:00+00:00,0.1447335249449337
2026-05-16 16:45:00+00:00,0.1493135249449337
2026-05-16 17:00:00+00:00,0.09679339802027788
2026-05-16 17:15:00+00:00,0.10489339802027788
2026-05-16 17:30:00+00:00,0.11589339802027789
2026-05-16 17:45:00+00:00,0.12387339802027787
2026-05-16 18:00:00+00:00,0.12777983476913074
2026-05-16 18:15:00+00:00,0.13229983476913076
2026-05-16 18:30:00+00:00,0.13523983476913076
2026-05-16 18:45:00+00:00,0.13986983476913076
2026-05-16 19:00:00+00:00,0.14605433599870474
2026-05-16 19:15:00+00:00,0.14332433599870473
2026-05-16 19:30:00+00:00,0.14123433599870472
2026-05-16 19:45:00+00:00,0.1400343359987047
2026-05-16 20:00:00+00:00,0.12227149445841802
2026-05-16 20:15:00+00:00,0.11637149445841803
2026-05-16 20:30:00+00:00,0.11424149445841804
2026-05-16 20:45:00+00:00,0.11080149445841801
2026-05-16 21:00:00+00:00,0.14034319201799636
2026-05-16 21:15:00+00:00,0.13527319201799626
2026-05-16 21:30:00+00:00,0.13402319201799637
2026-05-16 21:45:00+00:00,0.12545319201799637
2026-05-16 22:00:00+00:00,0.16756834626629588
2026-05-16 22:15:00+00:00,0.15982834626629588
2026-05-16 22:30:00+00:00,0.1523583462662959
2026-05-16 22:45:00+00:00,0.14958834626629589
2026-05-16 23:00:00+00:00,0.1167579125987411
2026-05-16 23:15:00+00:00,0.10972791259874111
2026-05-16 23:30:00+00:00,0.10749791259874111
2026-05-16 23:45:00+00:00,0.10621791259874111
2026-05-17 00:00:00+00:00,0.12598062458326442
2026-05-17 00:15:00+00:00,0.12427062458326442
2026-05-17 00:30:00+00:00,0.12090062458326442
2026-05-17 00:45:00+00:00,0.12015062458326442
2026-05-17 01:00:00+00:00,0.06079999256854557
2026-05-17 01:15:00+00:00,0.06329999256854546
2026-05-17 01:30:00+00:00,0.06350999256854557
2026-05-17 01:45:00+00:00,0.06589999256854556
2026-05-17 02:00:00+00:00,0.10986468822806983
2026-05-17 02:15:00+00:00,0.10937468822806982
2026-05-17 02:30:00+00:00,0.10717468822806983
2026-05-17 02:45:00+00:00,0.10740468822806983
2026-05-17 03:00:00+00:00,0.10157794679967445
2026-05-17 03:15:00+00:00,0.10104794679967447
2026-05-17 03:30:00+00:00,0.09957794679967445
2026-05-17 03:45:00+00:00,0.09656794679967445
2026-05-17 04:00:00+00:00,0.09060036489296118
2026-05-17 04:15:00+00:00,0.08759036489296118
2026-05-17 04:30:00+00:00,0.08080036489296118
2026-05-17 04:45:00+00:00,0.07602036489296118
2026-05-17 05:00:00+00:00,0.1200613110480121
2026-05-17 05:15:00+00:00,0.10866131104801208
2026-05-17 05:30:00+00:00,0.0907513110480121
2026-05-17 05:45:00+00:00,0.08319131104801208
2026-05-17 06:00:00+00:00,0.07780537532040416
2026-05-17 06:15:00+00:00,0.05943537532040416
2026-05-17 06:30:00+00:00,0.04318537532040416
2026-05-17 06:45:00+00:00,0.010965375320404154
2026-05-17 07:00:00+00:00,0.035348907190758706
2026-05-17 07:15:00+00:00,0.018198907190758704
2026-05-17 07:30:00+00:00,0.006728907190758706
2026-05-17 07:45:00+00:00,0.002558907190758705
2026-05-17 08:00:00+00:00,0.001139199976766315
2026-05-17 08:15:00+00:00,-0.0024208000232336857
2026-05-17 08:30:00+00:00,-0.005590800023233686
2026-05-17 08:45:00+00:00,-0.006890800023233686
2026-05-17 09:00:00+00:00,-0.033220886651141514
2026-05-17 09:15:00+00:00,-0.03503088665114151
2026-05-17 09:30:00+00:00,-0.035170886651141514
2026-05-17 09:45:00+00:00,-0.035220886651141516
2026-05-17 10:00:00+00:00,-0.01945989355465136
2026-05-17 10:15:00+00:00,-0.019819893554651358
2026-05-17 10:30:00+00:00,-0.019829893554651458
2026-05-17 10:45:00+00:00,-0.02079989355465136
2026-05-17 11:00:00+00:00,0.017659789463564755
2026-05-17 11:15:00+00:00,0.017659789463564755
2026-05-17 11:30:00+00:00,0.017659789463564755
2026-05-17 11:45:00+00:00,0.017659789463564755
2026-05-17 12:00:00+00:00,-0.03876967718596297
2026-05-17 12:15:00+00:00,-0.03876967718596297
2026-05-17 12:30:00+00:00,-0.03871967718596297
2026-05-17 12:45:00+00:00,-0.03489967718596297
2026-05-17 13:00:00+00:00,-0.010610802681892944
2026-05-17 13:15:00+00:00,-0.009110802681892943
2026-05-17 13:30:00+00:00,-0.0035308026818929427
2026-05-17 13:45:00+00:00,0.012169197318107056
2026-05-17 14:00:00+00:00,0.005165270126803746
2026-05-17 14:15:00+00:00,0.018995270126803743
2026-05-17 14:30:00+00:00,0.05965527012680375
2026-05-17 14:45:00+00:00,0.09655527012680375
2026-05-17 15:00:00+00:00,0.09896850148307544
2026-05-17 15:15:00+00:00,0.12348850148307544
2026-05-17 15:30:00+00:00,0.14479850148307544
2026-05-17 15:45:00+00:00,0.16215850148307545
2026-05-17 16:00:00+00:00,0.12215285160142182
2026-05-17 16:15:00+00:00,0.14066285160142183
2026-05-17 16:30:00+00:00,0.15230285160142182
2026-05-17 16:45:00+00:00,0.15892285160142183
2026-05-17 17:00:00+00:00,0.12496216742162956
2026-05-17 17:15:00+00:00,0.13199216742162959
2026-05-17 17:30:00+00:00,0.1366321674216296
2026-05-17 17:45:00+00:00,0.13773216742162958
2026-05-17 18:00:00+00:00,0.17480002744904205
2026-05-17 18:15:00+00:00,0.18254002744904205
2026-05-17 18:30:00+00:00,0.18369002744904206
2026-05-17 18:45:00+00:00,0.17805002744904205
2026-05-17 19:00:00+00:00,0.1507632555226444
2026-05-17 19:15:00+00:00,0.14389325552264443
2026-05-17 19:30:00+00:00,0.13962325552264443
2026-05-17 19:45:00+00:00,0.13811325552264442
2026-05-17 20:00:00+00:00,0.17664189039778594
2026-05-17 20:15:00+00:00,0.16954189039778594
2026-05-17 20:30:00+00:00,0.16777189039778595
2026-05-17 20:45:00+00:00,0.16568189039778594
2026-05-17 21:00:00+00:00,0.12285105950004588
2026-05-17 21:15:00+00:00,0.11899105950004588
2026-05-17 21:30:00+00:00,0.11933105950004588
2026-05-17 21:45:00+00:00,0.10925105950004588
2026-05-17 22:00:00+00:00,0.16628077391350435
2026-05-17 22:15:00+00:00,0.15632077391350435
2026-05-17 22:30:00+00:00,0.14979077391350434
2026-05-17 22:45:00+00:00,0.14512077391350436
2026-05-17 23:00:00+00:00,0.12262742244987963
2026-05-17 23:15:00+00:00,0.11768742244987963
2026-05-17 23:30:00+00:00,0.11704742244987962
2026-05-17 23:45:00+00:00,0.11667742244987962
2026-05-18 00:00:00+00:00,0.10615155919303108
2026-05-18 00:15:00+00:00,0.1074415591930311
2026-05-18 00:30:00+00:00,0.10743155919303109
2026-05-18 00:45:00+00:00,0.10737155919303108
2026-05-18 01:00:00+00:00,0.12255005464539606
2026-05-18 01:15:00+00:00,0.12176005464539605
2026-05-18 01:30:00+00:00,0.12256005464539604
2026-05-18 01:45:00+00:00,0.12274005464539606
2026-05-18 02:00:00+00:00,0.13194611176595927
2026-05-18 02:15:00+00:00,0.13351611176595918
2026-05-18 02:30:00+00:00,0.13374611176595927
2026-05-18 02:45:00+00:00,0.13861611176595928
2026-05-18 03:00:00+00:00,0.11711915374342646
2026-05-18 03:15:00+00:00,0.12501915374342648
2026-05-18 03:30:00+00:00,0.13037915374342648
2026-05-18 03:45:00+00:00,0.13920915374342646
2026-05-18 04:00:00+00:00,0.1545387208318019
2026-05-18 04:15:00+00:00,0.1601787208318019
2026-05-18 04:30:00+00:00,0.1638787208318019
2026-05-18 04:45:00+00:00,0.1721887208318019
2026-05-18 05:00:00+00:00,0.16001767139436673
2026-05-18 05:15:00+00:00,0.15100767139436674
2026-05-18 05:30:00+00:00,0.14837767139436675
2026-05-18 05:45:00+00:00,0.13804767139436674
2026-05-18 06:00:00+00:00,0.18036914693425055
2026-05-18 06:15:00+00:00,0.17204914693425055
2026-05-18 06:30:00+00:00,0.16046914693425057
2026-05-18 06:45:00+00:00,0.14112914693425044
2026-05-18 07:00:00+00:00,0.1493256908141535
2026-05-18 07:15:00+00:00,0.13960569081415342
2026-05-18 07:30:00+00:00,0.1281556908141535
2026-05-18 07:45:00+00:00,0.11893569081415352
2026-05-18 08:00:00+00:00,0.1183305580985024
2026-05-18 08:15:00+00:00,0.1075405580985023
2026-05-18 08:30:00+00:00,0.1050105580985024
2026-05-18 08:45:00+00:00,0.0960405580985024
2026-05-18 09:00:00+00:00,0.09499973932099975
2026-05-18 09:15:00+00:00,0.09266973932099976
2026-05-18 09:30:00+00:00,0.09018973932099976
2026-05-18 09:45:00+00:00,0.08990973932099976
2026-05-18 10:00:00+00:00,0.1037845142923182
2026-05-18 10:15:00+00:00,0.0984545142923182
2026-05-18 10:30:00+00:00,0.0958345142923182
2026-05-18 10:45:00+00:00,0.0926445142923182
2026-05-18 11:00:00+00:00,0.10507073885511489
2026-05-18 11:15:00+00:00,0.10545073885511498
2026-05-18 11:30:00+00:00,0.10771073885511488
2026-05-18 11:45:00+00:00,0.10212073885511498
2026-05-18 12:00:00+00:00,0.12575490867874015
2026-05-18 12:15:00+00:00,0.13261490867874015
2026-05-18 12:30:00+00:00,0.13877490867874015
2026-05-18 12:45:00+00:00,0.14147490867874013
2026-05-18 13:00:00+00:00,0.10726155374718038
2026-05-18 13:15:00+00:00,0.11959155374718039
2026-05-18 13:30:00+00:00,0.12422155374718039
2026-05-18 13:45:00+00:00,0.12759155374718037
2026-05-18 14:00:00+00:00,0.12086350728229468
2026-05-18 14:15:00+00:00,0.1260235072822947
2026-05-18 14:30:00+00:00,0.1348135072822947
2026-05-18 14:45:00+00:00,0.14589350728229467
2026-05-18 15:00:00+00:00,0.17471043677287243
2026-05-18 15:15:00+00:00,0.18210043677287244
2026-05-18 15:30:00+00:00,0.19568043677287245
2026-05-18 15:45:00+00:00,0.21077043677287244
2026-05-18 16:00:00+00:00,0.14249057416187916
2026-05-18 16:15:00+00:00,0.15214057416187918
2026-05-18 16:30:00+00:00,0.16278057416187916
2026-05-18 16:45:00+00:00,0.18906057416187916
2026-05-18 17:00:00+00:00,0.1582651715553682
2026-05-18 17:15:00+00:00,0.1761451715553682
2026-05-18 17:30:00+00:00,0.2037751715553682
2026-05-18 17:45:00+00:00,0.26884517155536825
2026-05-18 18:00:00+00:00,0.24457605478680883
2026-05-18 18:15:00+00:00,0.25925605478680896
2026-05-18 18:30:00+00:00,0.28203605478680893
2026-05-18 18:45:00+00:00,0.2694660547868089
2026-05-18 19:00:00+00:00,0.25962056861540356
2026-05-18 19:15:00+00:00,0.20576056861540357
2026-05-18 19:30:00+00:00,0.17442056861540356
2026-05-18 19:45:00+00:00,0.14339056861540356
2026-05-18 20:00:00+00:00,0.16820344753668784
2026-05-18 20:15:00+00:00,0.15285344753668784
2026-05-18 20:30:00+00:00,0.14775344753668784
2026-05-18 20:45:00+00:00,0.14115344753668785
2026-05-18 21:00:00+00:00,0.1488692994835514
2026-05-18 21:15:00+00:00,0.1393392994835515
2026-05-18 21:30:00+00:00,0.1391092994835515
2026-05-18 21:45:00+00:00,0.13105929948355152
2026-05-18 22:00:00+00:00,0.17152970242908164
2026-05-18 22:15:00+00:00,0.16036970242908163
2026-05-18 22:30:00+00:00,0.15578970242908163
2026-05-18 22:45:00+00:00,0.15291970242908165
2026-05-18 23:00:00+00:00,0.14584959739280742
2026-05-18 23:15:00+00:00,0.13769959739280743
2026-05-18 23:30:00+00:00,0.13580959739280743
2026-05-18 23:45:00+00:00,0.13560959739280742
2026-05-19 00:00:00+00:00,0.1434398118164996
2026-05-19 00:15:00+00:00,0.1405698118164996
2026-05-19 00:30:00+00:00,0.14184981181649958
2026-05-19 00:45:00+00:00,0.1415898118164996
2026-05-19 01:00:00+00:00,0.15863163541876357
2026-05-19 01:15:00+00:00,0.1570116354187636
2026-05-19 01:30:00+00:00,0.15822163541876358
2026-05-19 01:45:00+00:00,0.16022163541876358
2026-05-19 02:00:00+00:00,0.1515001223928478
2026-05-19 02:15:00+00:00,0.1526601223928479
2026-05-19 02:30:00+00:00,0.1596501223928479
2026-05-19 02:45:00+00:00,0.1659001223928479
2026-05-19 03:00:00+00:00,0.13721842761210049
2026-05-19 03:15:00+00:00,0.1410784276121005
2026-05-19 03:30:00+00:00,0.14654842761210046
2026-05-19 03:45:00+00:00,0.15094842761210048
2026-05-19 04:00:00+00:00,0.14754905156120254
2026-05-19 04:15:00+00:00,0.16000905156120254
2026-05-19 04:30:00+00:00,0.15821905156120253
2026-05-19 04:45:00+00:00,0.14281905156120253
2026-05-19 05:00:00+00:00,0.19560031487450175
2026-05-19 05:15:00+00:00,0.17765031487450164
2026-05-19 05:30:00+00:00,0.17142031487450174
2026-05-19 05:45:00+00:00,0.15386031487450175
2026-05-19 06:00:00+00:00,0.16778000619081113
2026-05-19 06:15:00+00:00,0.15457000619081113
2026-05-19 06:30:00+00:00,0.13927000619081112
2026-05-19 06:45:00+00:00,0.12268000619081114
2026-05-19 07:00:00+00:00,0.0964955379365627
2026-05-19 07:15:00+00:00,0.08672553793656268
2026-05-19 07:30:00+00:00,0.07176553793656268
2026-05-19 07:45:00+00:00,0.06192553793656268
2026-05-19 08:00:00+00:00,0.09841589521136915
2026-05-19 08:15:00+00:00,0.09277589521136916
2026-05-19 08:30:00+00:00,0.08427589521136915
2026-05-19 08:45:00+00:00,0.07857589521136915
2026-05-19 09:00:00+00:00,0.0930712943739534
2026-05-19 09:15:00+00:00,0.08739129437395339
2026-05-19 09:30:00+00:00,0.0828312943739534
2026-05-19 09:45:00+00:00,0.0772112943739534
2026-05-19 10:00:00+00:00,0.09096075023497216
2026-05-19 10:15:00+00:00,0.09052075023497216
2026-05-19 10:30:00+00:00,0.08464075023497217
2026-05-19 10:45:00+00:00,0.08370075023497217
2026-05-19 11:00:00+00:00,0.09084282771990565
2026-05-19 11:15:00+00:00,0.09037282771990564
2026-05-19 11:30:00+00:00,0.09074282771990565
2026-05-19 11:45:00+00:00,0.08988282771990565
2026-05-19 12:00:00+00:00,0.0742866831641331
2026-05-19 12:15:00+00:00,0.0832266831641332
2026-05-19 12:30:00+00:00,0.0886966831641332
2026-05-19 12:45:00+00:00,0.0938966831641332
2026-05-19 13:00:00+00:00,0.08842373867072036
2026-05-19 13:15:00+00:00,0.09545373867072035
2026-05-19 13:30:00+00:00,0.10200373867072035
2026-05-19 13:45:00+00:00,0.10741373867072035
2026-05-19 14:00:00+00:00,0.0906584935006029
2026-05-19 14:15:00+00:00,0.09959849350060289
2026-05-19 14:30:00+00:00,0.1070184935006029
2026-05-19 14:45:00+00:00,0.1164384935006029
2026-05-19 15:00:00+00:00,0.09770818791325374
2026-05-19 15:15:00+00:00,0.10594818791325375
2026-05-19 15:30:00+00:00,0.12420818791325373
2026-05-19 15:45:00+00:00,0.13177818791325374
2026-05-19 16:00:00+00:00,0.12440934927585401
2026-05-19 16:15:00+00:00,0.13385934927585402
2026-05-19 16:30:00+00:00,0.14393934927585403
2026-05-19 16:45:00+00:00,0.15838934927585402
2026-05-19 17:00:00+00:00,0.14918895706044316
2026-05-19 17:15:00+00:00,0.15969895706044315
2026-05-19 17:30:00+00:00,0.17282895706044316
2026-05-19 17:45:00+00:00,0.20961895706044317
2026-05-19 18:00:00+00:00,0.18670277972650207
2026-05-19 18:15:00+00:00,0.18299277972650205
2026-05-19 18:30:00+00:00,0.17832277972650207
2026-05-19 18:45:00+00:00,0.17304277972650206
2026-05-19 19:00:00+00:00,0.15267319301237164
2026-05-19 19:15:00+00:00,0.12835319301237166
2026-05-19 19:30:00+00:00,0.12320319301237165
2026-05-19 19:45:00+00:00,0.11170319301237167
2026-05-19 20:00:00+00:00,0.15383636917583746
2026-05-19 20:15:00+00:00,0.14358636917583756
2026-05-19 20:30:00+00:00,0.13407636917583757
2026-05-19 20:45:00+00:00,0.12146636917583756
2026-05-19 21:00:00+00:00,0.14192276113567626
2026-05-19 21:15:00+00:00,0.13502276113567627
2026-05-19 21:30:00+00:00,0.12974276113567626
2026-05-19 21:45:00+00:00,0.12465276113567626
2026-05-19 22:00:00+00:00,0.13021991520577408
2026-05-19 22:15:00+00:00,0.12272991520577421
2026-05-19 22:30:00+00:00,0.1134999152057742
2026-05-19 22:45:00+00:00,0.10778991520577409
2026-05-19 23:00:00+00:00,0.1155746906609173
2026-05-19 23:15:00+00:00,0.1111646906609173
2026-05-19 23:30:00+00:00,0.1091546906609173
2026-05-19 23:45:00+00:00,0.1045046906609173
2026-05-20 00:00:00+00:00,0.12033668741688613
2026-05-20 00:15:00+00:00,0.11796668741688614
2026-05-20 00:30:00+00:00,0.11816668741688614
2026-05-20 00:45:00+00:00,0.11840668741688613
2026-05-20 01:00:00+00:00,0.09198450223245444
2026-05-20 01:15:00+00:00,0.09029450223245443
2026-05-20 01:30:00+00:00,0.08990450223245443
2026-05-20 01:45:00+00:00,0.08840450223245444
2026-05-20 02:00:00+00:00,0.07877523816737428
2026-05-20 02:15:00+00:00,0.07921523816737418
2026-05-20 02:30:00+00:00,0.08152523816737428
2026-05-20 02:45:00+00:00,0.08246523816737428
2026-05-20 03:00:00+00:00,0.1052724899840181
2026-05-20 03:15:00+00:00,0.1086024899840181
2026-05-20 03:30:00+00:00,0.1129424899840181
2026-05-20 03:45:00+00:00,0.1237924899840181
2026-05-20 04:00:00+00:00,0.1419403610284699
2026-05-20 04:15:00+00:00,0.1527703610284699
2026-05-20 04:30:00+00:00,0.1533403610284699
2026-05-20 04:45:00+00:00,0.1480603610284699
2026-05-20 05:00:00+00:00,0.1794082544688115
2026-05-20 05:15:00+00:00,0.17433825446881152
2026-05-20 05:30:00+00:00,0.1636782544688114
2026-05-20 05:45:00+00:00,0.1545082544688115
2026-05-20 06:00:00+00:00,0.15351135953514722
2026-05-20 06:15:00+00:00,0.1465113595351472
2026-05-20 06:30:00+00:00,0.13594135953514733
2026-05-20 06:45:00+00:00,0.12357135953514732
2026-05-20 07:00:00+00:00,0.09329111683126887
2026-05-20 07:15:00+00:00,0.08369111683126887
2026-05-20 07:30:00+00:00,0.08098111683126885
2026-05-20 07:45:00+00:00,0.07036111683126886
2026-05-20 08:00:00+00:00,0.09100032531706259
2026-05-20 08:15:00+00:00,0.0877303253170626
2026-05-20 08:30:00+00:00,0.0857303253170626
2026-05-20 08:45:00+00:00,0.0772603253170626
2026-05-20 09:00:00+00:00,0.09303557575247696
2026-05-20 09:15:00+00:00,0.07877557575247697
2026-05-20 09:30:00+00:00,0.08045557575247697
2026-05-20 09:45:00+00:00,0.06844557575247696
2026-05-20 10:00:00+00:00,0.08684318072150336
2026-05-20 10:15:00+00:00,0.06940318072150337
2026-05-20 10:30:00+00:00,0.06238318072150336
2026-05-20 10:45:00+00:00,0.05044318072150336
2026-05-20 11:00:00+00:00,0.0699195509430201
2026-05-20 11:15:00+00:00,0.05888955094302
2026-05-20 11:30:00+00:00,0.0519195509430201
2026-05-20 11:45:00+00:00,0.0388995509430201
2026-05-20 12:00:00+00:00,0.010509515051176612
2026-05-20 12:15:00+00:00,0.013219515051176613
2026-05-20 12:30:00+00:00,0.019099515051176616
2026-05-20 12:45:00+00:00,0.02381951505117661
2026-05-20 13:00:00+00:00,0.0327833087361665
2026-05-20 13:15:00+00:00,0.0399733087361665
2026-05-20 13:30:00+00:00,0.0500333087361665
2026-05-20 13:45:00+00:00,0.0646233087361665
2026-05-20 14:00:00+00:00,0.02573329933328436
2026-05-20 14:15:00+00:00,0.06772329933328436
2026-05-20 14:30:00+00:00,0.09244329933328436
2026-05-20 14:45:00+00:00,0.10503329933328436
2026-05-20 15:00:00+00:00,0.08786144316562311
2026-05-20 15:15:00+00:00,0.1113914431656231
2026-05-20 15:30:00+00:00,0.12208144316562311
2026-05-20 15:45:00+00:00,0.1369414431656231
2026-05-20 16:00:00+00:00,0.09094518299224898
2026-05-20 16:15:00+00:00,0.10719518299224898
2026-05-20 16:30:00+00:00,0.12522518299224897
2026-05-20 16:45:00+00:00,0.13826518299224888
2026-05-20 17:00:00+00:00,0.12085785150410362
2026-05-20 17:15:00+00:00,0.1378978515041036
2026-05-20 17:30:00+00:00,0.1466578515041036
2026-05-20 17:45:00+00:00,0.1674878515041036
2026-05-20 18:00:00+00:00,0.10210820351762669
2026-05-20 18:15:00+00:00,0.11378820351762668
2026-05-20 18:30:00+00:00,0.12307820351762667
2026-05-20 18:45:00+00:00,0.1339882035176267
2026-05-20 19:00:00+00:00,0.17161083249389184
2026-05-20 19:15:00+00:00,0.15932083249389184
2026-05-20 19:30:00+00:00,0.14907083249389183
2026-05-20 19:45:00+00:00,0.13432083249389185
2026-05-20 20:00:00+00:00,0.1586740418594325
2026-05-20 20:15:00+00:00,0.14263404185943251
2026-05-20 20:30:00+00:00,0.13481404185943252
2026-05-20 20:45:00+00:00,0.12541404185943253
2026-05-20 21:00:00+00:00,0.12698545646747098
2026-05-20 21:15:00+00:00,0.12382545646747098
2026-05-20 21:30:00+00:00,0.11790545646747089
2026-05-20 21:45:00+00:00,0.112355456467471
2026-05-20 22:00:00+00:00,0.14645307098940327
2026-05-20 22:15:00+00:00,0.13955307098940326
2026-05-20 22:30:00+00:00,0.13284307098940326
2026-05-20 22:45:00+00:00,0.12543307098940326
2026-05-20 23:00:00+00:00,0.12810202034387316
2026-05-20 23:15:00+00:00,0.12261202034387315
2026-05-20 23:30:00+00:00,0.11755202034387316
2026-05-20 23:45:00+00:00,0.11426202034387316
2026-05-21 00:00:00+00:00,0.07602765806098294
2026-05-21 00:15:00+00:00,0.07378765806098292
2026-05-21 00:30:00+00:00,0.07377765806098294
2026-05-21 00:45:00+00:00,0.07444765806098291
2026-05-21 01:00:00+00:00,0.11711989091649441
2026-05-21 01:15:00+00:00,0.11689989091649441
2026-05-21 01:30:00+00:00,0.11770989091649442
2026-05-21 01:45:00+00:00,0.11830989091649441
2026-05-21 02:00:00+00:00,0.09329233709786015
2026-05-21 02:15:00+00:00,0.09637233709786025
2026-05-21 02:30:00+00:00,0.10062233709786025
2026-05-21 02:45:00+00:00,0.10552233709786024
2026-05-21 03:00:00+00:00,0.12952438133017327
2026-05-21 03:15:00+00:00,0.13364438133017326
2026-05-21 03:30:00+00:00,0.14152438133017325
2026-05-21 03:45:00+00:00,0.14462438133017325
2026-05-21 04:00:00+00:00,0.11193638790563555
2026-05-21 04:15:00+00:00,0.12108638790563554
2026-05-21 04:30:00+00:00,0.12213638790563554
2026-05-21 04:45:00+00:00,0.12188638790563557
2026-05-21 05:00:00+00:00,0.15567136067473095
2026-05-21 05:15:00+00:00,0.14880136067473093
2026-05-21 05:30:00+00:00,0.14181136067473094
2026-05-21 05:45:00+00:00,0.13039136067473095
2026-05-21 06:00:00+00:00,0.1477969632047716
2026-05-21 06:15:00+00:00,0.1291769632047716
2026-05-21 06:30:00+00:00,0.11894696320477158
2026-05-21 06:45:00+00:00,0.10881696320477158
2026-05-21 07:00:00+00:00,0.1241594014698201
2026-05-21 07:15:00+00:00,0.1094994014698201
2026-05-21 07:30:00+00:00,0.10638940146982
2026-05-21 07:45:00+00:00,0.0987894014698201
2026-05-21 08:00:00+00:00,0.10091127311942577
2026-05-21 08:15:00+00:00,0.09421127311942579
2026-05-21 08:30:00+00:00,0.08130127311942578
2026-05-21 08:45:00+00:00,0.057531273119425776
2026-05-21 09:00:00+00:00,0.067041438819845
2026-05-21 09:15:00+00:00,0.04933143881984501
2026-05-21 09:30:00+00:00,0.02557143881984501
2026-05-21 09:45:00+00:00,0.01031143881984501
2026-05-21 10:00:00+00:00,-0.013228518886591715
2026-05-21 10:15:00+00:00,-0.016458518886591715
2026-05-21 10:30:00+00:00,-0.016458518886591715
2026-05-21 10:45:00+00:00,-0.018218518886591713
2026-05-21 11:00:00+00:00,-0.017023230086734883
2026-05-21 11:15:00+00:00,-0.018693230086734784
2026-05-21 11:30:00+00:00,-0.02088323008673478
2026-05-21 11:45:00+00:00,-0.022493230086734782
2026-05-21 12:00:00+00:00,-0.005728738217256084
2026-05-21 12:15:00+00:00,-0.001628738217256084
2026-05-21 12:30:00+00:00,-0.0013887382172560851
2026-05-21 12:45:00+00:00,0.0010812617827439149
2026-05-21 13:00:00+00:00,0.008947859746121545
2026-05-21 13:15:00+00:00,0.019927859746121445
2026-05-21 13:30:00+00:00,0.04656785974612154
2026-05-21 13:45:00+00:00,0.06474785974612154
2026-05-21 14:00:00+00:00,0.016393635947691484
2026-05-21 14:15:00+00:00,0.05615363594769149
2026-05-21 14:30:00+00:00,0.07948363594769149
2026-05-21 14:45:00+00:00,0.09009363594769149
2026-05-21 15:00:00+00:00,0.08955807189268701
2026-05-21 15:15:00+00:00,0.11148807189268702
2026-05-21 15:30:00+00:00,0.12245807189268701
2026-05-21 15:45:00+00:00,0.142428071892687
2026-05-21 16:00:00+00:00,0.10799940373822846
2026-05-21 16:15:00+00:00,0.12579940373822845
2026-05-21 16:30:00+00:00,0.14131940373822846
2026-05-21 16:45:00+00:00,0.14790940373822836
2026-05-21 17:00:00+00:00,0.12385819576307537
2026-05-21 17:15:00+00:00,0.13526819576307536
2026-05-21 17:30:00+00:00,0.14628819576307536
2026-05-21 17:45:00+00:00,0.17707819576307537
2026-05-21 18:00:00+00:00,0.1709000683901316
2026-05-21 18:15:00+00:00,0.1894700683901316
2026-05-21 18:30:00+00:00,0.2136000683901316
2026-05-21 18:45:00+00:00,0.2243700683901316
2026-05-21 19:00:00+00:00,0.2207101032055966
2026-05-21 19:15:00+00:00,0.19889010320559658
2026-05-21 19:30:00+00:00,0.18387010320559657
2026-05-21 19:45:00+00:00,0.16680010320559657
2026-05-21 20:00:00+00:00,0.20171965416708063
2026-05-21 20:15:00+00:00,0.17023965416708062
2026-05-21 20:30:00+00:00,0.16138965416708062
2026-05-21 20:45:00+00:00,0.15466965416708062
2026-05-21 21:00:00+00:00,0.1881646236893785
2026-05-21 21:15:00+00:00,0.1836046236893785
2026-05-21 21:30:00+00:00,0.1785246236893785
2026-05-21 21:45:00+00:00,0.1733346236893785
2026-05-21 22:00:00+00:00,0.13994900200108643
2026-05-21 22:15:00+00:00,0.13614900200108643
2026-05-21 22:30:00+00:00,0.12837900200108643
2026-05-21 22:45:00+00:00,0.12361900200108644
2026-05-21 23:00:00+00:00,0.14708985278488435
2026-05-21 23:15:00+00:00,0.13454985278488435
2026-05-21 23:30:00+00:00,0.13180985278488436
2026-05-21 23:45:00+00:00,0.12874985278488435
2026-05-22 00:00:00+00:00,0.14055989302798483
2026-05-22 00:15:00+00:00,0.13982989302798485
2026-05-22 00:30:00+00:00,0.13862989302798484
2026-05-22 00:45:00+00:00,0.13884989302798484
2026-05-22 01:00:00+00:00,0.13018961051752637
2026-05-22 01:15:00+00:00,0.12942961051752636
2026-05-22 01:30:00+00:00,0.12740961051752636
2026-05-22 01:45:00+00:00,0.12704961051752636
2026-05-22 02:00:00+00:00,0.11835129957441631
2026-05-22 02:15:00+00:00,0.12026129957441631
2026-05-22 02:30:00+00:00,0.12474129957441632
2026-05-22 02:45:00+00:00,0.1258412995744163
2026-05-22 03:00:00+00:00,0.10149288836697624
2026-05-22 03:15:00+00:00,0.10650288836697626
2026-05-22 03:30:00+00:00,0.10885288836697625
2026-05-22 03:45:00+00:00,0.11215288836697625
2026-05-22 04:00:00+00:00,0.13317357620890086
2026-05-22 04:15:00+00:00,0.13783357620890085
2026-05-22 04:30:00+00:00,0.1367635762089009
2026-05-22 04:45:00+00:00,0.1321035762089009
2026-05-22 05:00:00+00:00,0.1368510570522521
2026-05-22 05:15:00+00:00,0.1274210570522521
2026-05-22 05:30:00+00:00,0.1142810570522521
2026-05-22 05:45:00+00:00,0.09524105705225211
2026-05-22 06:00:00+00:00,0.1092741471923614
2026-05-22 06:15:00+00:00,0.09851414719236141
2026-05-22 06:30:00+00:00,0.08711414719236142
2026-05-22 06:45:00+00:00,0.07073414719236142
2026-05-22 07:00:00+00:00,0.116349652419413
2026-05-22 07:15:00+00:00,0.086289652419413
2026-05-22 07:30:00+00:00,0.066349652419413
2026-05-22 07:45:00+00:00,0.040059652419413
2026-05-22 08:00:00+00:00,0.07358002011789272
2026-05-22 08:15:00+00:00,0.041750020117892715
2026-05-22 08:30:00+00:00,-0.004449979882107288
2026-05-22 08:45:00+00:00,-0.017919979882107286
2026-05-22 09:00:00+00:00,0.024476893512881147
2026-05-22 09:15:00+00:00,0.012636893512881147
2026-05-22 09:30:00+00:00,0.010816893512881147
2026-05-22 09:45:00+00:00,0.010736893512881146
2026-05-22 10:00:00+00:00,0.011054872793650325
2026-05-22 10:15:00+00:00,0.011054872793650325
2026-05-22 10:30:00+00:00,0.011044872793650325
2026-05-22 10:45:00+00:00,0.011044872793650325
2026-05-22 11:00:00+00:00,-0.01660849666031148
2026-05-22 11:15:00+00:00,-0.01660849666031148
2026-05-22 11:30:00+00:00,-0.01660849666031148
2026-05-22 11:45:00+00:00,-0.01660849666031148
2026-05-22 12:00:00+00:00,-0.004781618952270855
2026-05-22 12:15:00+00:00,-0.004781618952270855
2026-05-22 12:30:00+00:00,-0.004691618952270855
2026-05-22 12:45:00+00:00,-0.0008716189522708544
2026-05-22 13:00:00+00:00,-0.03293462241086996
2026-05-22 13:15:00+00:00,-0.025044622410869962
2026-05-22 13:30:00+00:00,-0.011774622410869962
2026-05-22 13:45:00+00:00,0.014395377589130037
2026-05-22 14:00:00+00:00,0.006256659440803345
2026-05-22 14:15:00+00:00,0.051336659440803345
2026-05-22 14:30:00+00:00,0.08262665944080334
2026-05-22 14:45:00+00:00,0.10440665944080334
2026-05-22 15:00:00+00:00,0.07940116649725684
2026-05-22 15:15:00+00:00,0.09834116649725684
2026-05-22 15:30:00+00:00,0.12104116649725674
2026-05-22 15:45:00+00:00,0.14732116649725685
2026-05-22 16:00:00+00:00,0.12432797335169977
2026-05-22 16:15:00+00:00,0.14678797335169977
2026-05-22 16:30:00+00:00,0.15749797335169977
2026-05-22 16:45:00+00:00,0.17181797335169977
2026-05-22 17:00:00+00:00,0.11697798492848928
2026-05-22 17:15:00+00:00,0.12886798492848928
2026-05-22 17:30:00+00:00,0.14953798492848916
2026-05-22 17:45:00+00:00,0.19709798492848926
2026-05-22 18:00:00+00:00,0.208207501071857
2026-05-22 18:15:00+00:00,0.22525750107185702
2026-05-22 18:30:00+00:00,0.250547501071857
2026-05-22 18:45:00+00:00,0.267007501071857
2026-05-22 19:00:00+00:00,0.20277963933050136
2026-05-22 19:15:00+00:00,0.17945963933050135
2026-05-22 19:30:00+00:00,0.14711963933050132
2026-05-22 19:45:00+00:00,0.13388963933050135
2026-05-22 20:00:00+00:00,0.1584652329716507
2026-05-22 20:15:00+00:00,0.1360752329716507
2026-05-22 20:30:00+00:00,0.12268523297165068
2026-05-22 20:45:00+00:00,0.10961523297165068
2026-05-22 21:00:00+00:00,0.16603981279498325
2026-05-22 21:15:00+00:00,0.15704981279498326
2026-05-22 21:30:00+00:00,0.14893981279498325
2026-05-22 21:45:00+00:00,0.14306981279498326
2026-05-22 22:00:00+00:00,0.18883632512936335
2026-05-22 22:15:00+00:00,0.17220632512936335
2026-05-22 22:30:00+00:00,0.15907632512936337
2026-05-22 22:45:00+00:00,0.14974632512936337
2026-05-22 23:00:00+00:00,0.1452066570440393
2026-05-22 23:15:00+00:00,0.13910665704403938
2026-05-22 23:30:00+00:00,0.13994665704403939
2026-05-22 23:45:00+00:00,0.13200665704403938
2026-05-23 00:00:00+00:00,0.13094872138045133
2026-05-23 00:15:00+00:00,0.12748872138045123
2026-05-23 00:30:00+00:00,0.12026872138045135
2026-05-23 00:45:00+00:00,0.12179872138045134
2026-05-23 01:00:00+00:00,0.08614419150969829
2026-05-23 01:15:00+00:00,0.08613419150969828
2026-05-23 01:30:00+00:00,0.08611419150969829
2026-05-23 01:45:00+00:00,0.08173419150969827
2026-05-23 02:00:00+00:00,0.08455817367744937
2026-05-23 02:15:00+00:00,0.08270817367744938
2026-05-23 02:30:00+00:00,0.08427817367744939
2026-05-23 02:45:00+00:00,0.08673817367744938
2026-05-23 03:00:00+00:00,0.12884785939574311
2026-05-23 03:15:00+00:00,0.12397785939574311
2026-05-23 03:30:00+00:00,0.12030785939574311
2026-05-23 03:45:00+00:00,0.11341785939574311
2026-05-23 04:00:00+00:00,0.12372071145969878
2026-05-23 04:15:00+00:00,0.11533071145969878
2026-05-23 04:30:00+00:00,0.10340071145969877
2026-05-23 04:45:00+00:00,0.09670071145969877
2026-05-23 05:00:00+00:00,0.11152062755576053
2026-05-23 05:15:00+00:00,0.08362062755576052
2026-05-23 05:30:00+00:00,0.07054062755576052
2026-05-23 05:45:00+00:00,0.04138062755576051
2026-05-23 06:00:00+00:00,0.10534414048911572
2026-05-23 06:15:00+00:00,0.06463414048911573
2026-05-23 06:30:00+00:00,0.025614140489115728
2026-05-23 06:45:00+00:00,0.008674140489115726
2026-05-23 07:00:00+00:00,0.007515502539766355
2026-05-23 07:15:00+00:00,0.003115502539766355
2026-05-23 07:30:00+00:00,0.002115502539766355
2026-05-23 07:45:00+00:00,0.002115502539766355
2026-05-23 08:00:00+00:00,0.017343343504384868
2026-05-23 08:15:00+00:00,0.017333343504384868
2026-05-23 08:30:00+00:00,0.017053343504384866
2026-05-23 08:45:00+00:00,0.016353343504384867
2026-05-23 09:00:00+00:00,0.0004900238354386662
2026-05-23 09:15:00+00:00,0.0004000238354386664
2026-05-23 09:30:00+00:00,-0.0034799761645613334
2026-05-23 09:45:00+00:00,-0.0029699761645613333
2026-05-23 10:00:00+00:00,0.01656135880775328
2026-05-23 10:15:00+00:00,0.012541358807753377
2026-05-23 10:30:00+00:00,0.009031358807753277
2026-05-23 10:45:00+00:00,0.002581358807753377
2026-05-23 11:00:00+00:00,-0.02485311223014584
2026-05-23 11:15:00+00:00,-0.029853112230145838
2026-05-23 11:30:00+00:00,-0.036503112230145844
2026-05-23 11:45:00+00:00,-0.03547311223014584
2026-05-23 12:00:00+00:00,-0.029149244127125547
2026-05-23 12:15:00+00:00,-0.02217924412712545
2026-05-23 12:30:00+00:00,-0.01565924412712555
2026-05-23 12:45:00+00:00,-0.015169244127125552
2026-05-23 13:00:00+00:00,0.010886400500128415
2026-05-23 13:15:00+00:00,0.016326400500128416
2026-05-23 13:30:00+00:00,0.017456400500128415
2026-05-23 13:45:00+00:00,0.017556400500128418
2026-05-23 14:00:00+00:00,-0.019048542351618267
2026-05-23 14:15:00+00:00,-0.018068542351618266
2026-05-23 14:30:00+00:00,-0.017978542351618266
2026-05-23 14:45:00+00:00,-0.017968542351618266
2026-05-23 15:00:00+00:00,0.05181458364741168
2026-05-23 15:15:00+00:00,0.05551458364741167
2026-05-23 15:30:00+00:00,0.10722458364741166
2026-05-23 15:45:00+00:00,0.17009458364741167
2026-05-23 16:00:00+00:00,0.08926523772115534
2026-05-23 16:15:00+00:00,0.12048523772115534
2026-05-23 16:30:00+00:00,0.13989523772115534
2026-05-23 16:45:00+00:00,0.16098523772115533
2026-05-23 17:00:00+00:00,0.1328676173221496
2026-05-23 17:15:00+00:00,0.1471876173221496
2026-05-23 17:30:00+00:00,0.1618276173221496
2026-05-23 17:45:00+00:00,0.1847376173221496
2026-05-23 18:00:00+00:00,0.16714847278900571
2026-05-23 18:15:00+00:00,0.1752384727890057
2026-05-23 18:30:00+00:00,0.19432847278900572
2026-05-23 18:45:00+00:00,0.19995847278900572
2026-05-23 19:00:00+00:00,0.2153717902654356
2026-05-23 19:15:00+00:00,0.20752179026543557
2026-05-23 19:30:00+00:00,0.20239179026543558
2026-05-23 19:45:00+00:00,0.19694179026543548
2026-05-23 20:00:00+00:00,0.19561207355535262
2026-05-23 20:15:00+00:00,0.17348207355535253
2026-05-23 20:30:00+00:00,0.16348207355535263
2026-05-23 20:45:00+00:00,0.15333207355535264
2026-05-23 21:00:00+00:00,0.12410760297952987
2026-05-23 21:15:00+00:00,0.11930760297952987
2026-05-23 21:30:00+00:00,0.10977760297952989
2026-05-23 21:45:00+00:00,0.10744760297952989
2026-05-23 22:00:00+00:00,0.17878832535156958
2026-05-23 22:15:00+00:00,0.1758583253515696
2026-05-23 22:30:00+00:00,0.16255832535156955
2026-05-23 22:45:00+00:00,0.16115832535156954
2026-05-23 23:00:00+00:00,0.13087613294774172
2026-05-23 23:15:00+00:00,0.13011613294774182
2026-05-23 23:30:00+00:00,0.12493613294774171
2026-05-23 23:45:00+00:00,0.1225261329477418
2026-05-24 00:00:00+00:00,0.14445894064274067
2026-05-24 00:15:00+00:00,0.14099894064274066
2026-05-24 00:30:00+00:00,0.13725894064274066
2026-05-24 00:45:00+00:00,0.13269894064274057
2026-05-24 01:00:00+00:00,0.1029041120241675
2026-05-24 01:15:00+00:00,0.10228411202416751
2026-05-24 01:30:00+00:00,0.1019641120241675
2026-05-24 01:45:00+00:00,0.1005841120241675
2026-05-24 02:00:00+00:00,0.13096879600119207
2026-05-24 02:15:00+00:00,0.13081879600119206
2026-05-24 02:30:00+00:00,0.13466879600119205
2026-05-24 02:45:00+00:00,0.13377879600119205
2026-05-24 03:00:00+00:00,0.11272120300918043
2026-05-24 03:15:00+00:00,0.10836120300918044
2026-05-24 03:30:00+00:00,0.10350120300918043
2026-05-24 03:45:00+00:00,0.09843120300918043
2026-05-24 04:00:00+00:00,0.12136058548221705
2026-05-24 04:15:00+00:00,0.11484058548221705
2026-05-24 04:30:00+00:00,0.10573058548221705
2026-05-24 04:45:00+00:00,0.10061058548221705
2026-05-24 05:00:00+00:00,0.11852977044487842
2026-05-24 05:15:00+00:00,0.09253977044487842
2026-05-24 05:30:00+00:00,0.07947977044487842
2026-05-24 05:45:00+00:00,0.04241977044487842
2026-05-24 06:00:00+00:00,0.09239150265220905
2026-05-24 06:15:00+00:00,0.043331502652209045
2026-05-24 06:30:00+00:00,0.03586150265220904
2026-05-24 06:45:00+00:00,0.03537150265220904
2026-05-24 07:00:00+00:00,0.03643340736681999
2026-05-24 07:15:00+00:00,0.03642340736681999
2026-05-24 07:30:00+00:00,0.036413407366819986
2026-05-24 07:45:00+00:00,0.03631340736681999
2026-05-24 08:00:00+00:00,0.0007446648220364062
2026-05-24 08:15:00+00:00,-4.533517796359381e-05
2026-05-24 08:30:00+00:00,-0.002145335177963594
2026-05-24 08:45:00+00:00,-0.005145335177963594
2026-05-24 09:00:00+00:00,-0.004824429746480078
2026-05-24 09:15:00+00:00,-0.010124429746480078
2026-05-24 09:30:00+00:00,-0.013224429746480078
2026-05-24 09:45:00+00:00,-0.02245442974647998
2026-05-24 10:00:00+00:00,-0.026461896639216866
2026-05-24 10:15:00+00:00,-0.03685189663921687
2026-05-24 10:30:00+00:00,-0.04893189663921687
2026-05-24 10:45:00+00:00,-0.06565189663921686
2026-05-24 11:00:00+00:00,-0.039707483475448155
2026-05-24 11:15:00+00:00,-0.05168748347544816
2026-05-24 11:30:00+00:00,-0.06467748347544816
2026-05-24 11:45:00+00:00,-0.06638748347544815
2026-05-24 12:00:00+00:00,-0.08395379880246519
2026-05-24 12:15:00+00:00,-0.0760537988024652
2026-05-24 12:30:00+00:00,-0.06504379880246519
2026-05-24 12:45:00+00:00,-0.046133798802465195
2026-05-24 13:00:00+00:00,-0.05407193943757976
2026-05-24 13:15:00+00:00,-0.03501193943757985
2026-05-24 13:30:00+00:00,-0.022111939437579754
2026-05-24 13:45:00+00:00,-0.013741939437579856
2026-05-24 14:00:00+00:00,0.011981335002730993
2026-05-24 14:15:00+00:00,0.016461335002730993
2026-05-24 14:30:00+00:00,0.017711335002730994
2026-05-24 14:45:00+00:00,0.017941335002730995
2026-05-24 15:00:00+00:00,-0.009901075976484494
2026-05-24 15:15:00+00:00,-0.009891075976484495
2026-05-24 15:30:00+00:00,-0.007931075976484495
2026-05-24 15:45:00+00:00,0.0456589240235154
2026-05-24 16:00:00+00:00,0.02199626315839239
2026-05-24 16:15:00+00:00,0.0890862631583924
2026-05-24 16:30:00+00:00,0.12976626315839238
2026-05-24 16:45:00+00:00,0.1418862631583924
2026-05-24 17:00:00+00:00,0.0912039134889151
2026-05-24 17:15:00+00:00,0.0970339134889151
2026-05-24 17:30:00+00:00,0.105333913488915
2026-05-24 17:45:00+00:00,0.12307391348891508
2026-05-24 18:00:00+00:00,0.1460592753324671
2026-05-24 18:15:00+00:00,0.1607792753324671
2026-05-24 18:30:00+00:00,0.1728992753324671
2026-05-24 18:45:00+00:00,0.1760892753324671
2026-05-24 19:00:00+00:00,0.19667281742383785
2026-05-24 19:15:00+00:00,0.19479281742383786
2026-05-24 19:30:00+00:00,0.1872828174238379
2026-05-24 19:45:00+00:00,0.17681281742383786
2026-05-24 20:00:00+00:00,0.17097228858936642
2026-05-24 20:15:00+00:00,0.16324228858936643
2026-05-24 20:30:00+00:00,0.15263228858936642
2026-05-24 20:45:00+00:00,0.14384228858936643
2026-05-24 21:00:00+00:00,0.16525009832520132
2026-05-24 21:15:00+00:00,0.15982009832520142
2026-05-24 21:30:00+00:00,0.15656009832520132
2026-05-24 21:45:00+00:00,0.1542100983252014
2026-05-24 22:00:00+00:00,0.12058314029763899
2026-05-24 22:15:00+00:00,0.11447314029763898
2026-05-24 22:30:00+00:00,0.11621314029763898
2026-05-24 22:45:00+00:00,0.11001314029763899
2026-05-24 23:00:00+00:00,0.13551238409272082
2026-05-24 23:15:00+00:00,0.1298623840927209
2026-05-24 23:30:00+00:00,0.12735238409272093
2026-05-24 23:45:00+00:00,0.12857238409272093
2026-05-25 00:00:00+00:00,0.10834973407334933
2026-05-25 00:15:00+00:00,0.10824973407334934
2026-05-25 00:30:00+00:00,0.10766973407334934
2026-05-25 00:45:00+00:00,0.10736973407334935
2026-05-25 01:00:00+00:00,0.11674487998814992
2026-05-25 01:15:00+00:00,0.11977487998814992
2026-05-25 01:30:00+00:00,0.12296487998814994
2026-05-25 01:45:00+00:00,0.1278248799881499
2026-05-25 02:00:00+00:00,0.1389791421680989
2026-05-25 02:15:00+00:00,0.1431691421680988
2026-05-25 02:30:00+00:00,0.1433591421680988
2026-05-25 02:45:00+00:00,0.14849914216809892
2026-05-25 03:00:00+00:00,0.1304209216287732
2026-05-25 03:15:00+00:00,0.1325809216287732
2026-05-25 03:30:00+00:00,0.1356309216287732
2026-05-25 03:45:00+00:00,0.1368309216287732
2026-05-25 04:00:00+00:00,0.11193316707270654
2026-05-25 04:15:00+00:00,0.10900316707270663
2026-05-25 04:30:00+00:00,0.10317316707270663
2026-05-25 04:45:00+00:00,0.09284316707270665
2026-05-25 05:00:00+00:00,0.11424675524011221
2026-05-25 05:15:00+00:00,0.1022767552401122
2026-05-25 05:30:00+00:00,0.08983675524011221
2026-05-25 05:45:00+00:00,0.0684967552401121
2026-05-25 06:00:00+00:00,0.10958154868694475
2026-05-25 06:15:00+00:00,0.07813154868694477
2026-05-25 06:30:00+00:00,0.04019154868694467
2026-05-25 06:45:00+00:00,-0.01869845131305524
2026-05-25 07:00:00+00:00,0.02576028622604898
2026-05-25 07:15:00+00:00,0.012110286226048981
2026-05-25 07:30:00+00:00,0.009220286226048981
2026-05-25 07:45:00+00:00,0.009030286226048982
2026-05-25 08:00:00+00:00,0.037923410678635576
2026-05-25 08:15:00+00:00,0.03790341067863558
2026-05-25 08:30:00+00:00,0.037853410678635575
2026-05-25 08:45:00+00:00,0.03734341067863558
2026-05-25 09:00:00+00:00,0.023024740209374814
2026-05-25 09:15:00+00:00,0.021994740209374714
2026-05-25 09:30:00+00:00,0.019024740209374717
2026-05-25 09:45:00+00:00,0.015044740209374715
2026-05-25 10:00:00+00:00,-0.045508129616421394
2026-05-25 10:15:00+00:00,-0.046168129616421395
2026-05-25 10:30:00+00:00,-0.0478981296164214
2026-05-25 10:45:00+00:00,-0.050628129616421394
2026-05-25 11:00:00+00:00,0.00404182183676886
2026-05-25 11:15:00+00:00,-0.0013381781632311393
2026-05-25 11:30:00+00:00,-0.006548178163231038
2026-05-25 11:45:00+00:00,-0.008888178163231144
2026-05-25 12:00:00+00:00,-0.015153937887531933
2026-05-25 12:15:00+00:00,-0.012793937887531932
2026-05-25 12:30:00+00:00,-0.007803937887531934
2026-05-25 12:45:00+00:00,-0.004153937887531933
2026-05-25 13:00:00+00:00,-0.045524398765785075
2026-05-25 13:15:00+00:00,-0.03916439876578508
2026-05-25 13:30:00+00:00,-0.035694398765785076
2026-05-25 13:45:00+00:00,-0.03339439876578507
2026-05-25 14:00:00+00:00,-0.009241234009435467
2026-05-25 14:15:00+00:00,-0.008511234009435467
2026-05-25 14:30:00+00:00,-0.010521234009435467
2026-05-25 14:45:00+00:00,-0.005671234009435468
2026-05-25 15:00:00+00:00,0.020129878538384778
2026-05-25 15:15:00+00:00,0.02146987853838478
2026-05-25 15:30:00+00:00,0.03727987853838478
2026-05-25 15:45:00+00:00,0.1294398785383848
2026-05-25 16:00:00+00:00,0.08109404203355844
2026-05-25 16:15:00+00:00,0.11569404203355843
2026-05-25 16:30:00+00:00,0.15108404203355844
2026-05-25 16:45:00+00:00,0.16787404203355832
2026-05-25 17:00:00+00:00,0.10449579159381131
2026-05-25 17:15:00+00:00,0.11862579159381131
2026-05-25 17:30:00+00:00,0.1279157915938113
2026-05-25 17:45:00+00:00,0.15504579159381132
2026-05-25 18:00:00+00:00,0.16554219434804834
2026-05-25 18:15:00+00:00,0.17978219434804843
2026-05-25 18:30:00+00:00,0.19198219434804845
2026-05-25 18:45:00+00:00,0.19632219434804843
2026-05-25 19:00:00+00:00,0.14585410119289294
2026-05-25 19:15:00+00:00,0.13740410119289298
2026-05-25 19:30:00+00:00,0.12531410119289293
2026-05-25 19:45:00+00:00,0.11532410119289295
2026-05-25 20:00:00+00:00,0.1743757128484236
2026-05-25 20:15:00+00:00,0.1576357128484235
2026-05-25 20:30:00+00:00,0.1441857128484236
2026-05-25 20:45:00+00:00,0.1367557128484236
2026-05-25 21:00:00+00:00,0.1700095964715856
2026-05-25 21:15:00+00:00,0.16340959647158557
2026-05-25 21:30:00+00:00,0.16189959647158558
2026-05-25 21:45:00+00:00,0.15241959647158557
2026-05-25 22:00:00+00:00,0.1533279879054724
2026-05-25 22:15:00+00:00,0.14044798790547242
2026-05-25 22:30:00+00:00,0.1304979879054724
2026-05-25 22:45:00+00:00,0.12251798790547239
2026-05-25 23:00:00+00:00,0.12506217999597108
2026-05-25 23:15:00+00:00,0.1174321799959711
2026-05-25 23:30:00+00:00,0.1136621799959711
2026-05-25 23:45:00+00:00,0.1097621799959711
2026-05-26 00:00:00+00:00,0.14037145671430054
2026-05-26 00:15:00+00:00,0.13742145671430053
2026-05-26 00:30:00+00:00,0.13648145671430054
2026-05-26 00:45:00+00:00,0.13367145671430053
2026-05-26 01:00:00+00:00,0.1407307569474292
2026-05-26 01:15:00+00:00,0.1389607569474292
2026-05-26 01:30:00+00:00,0.1389007569474292
2026-05-26 01:45:00+00:00,0.1377707569474292
2026-05-26 02:00:00+00:00,0.14160156587683873
2026-05-26 02:15:00+00:00,0.14191156587683873
2026-05-26 02:30:00+00:00,0.1441115658768387
2026-05-26 02:45:00+00:00,0.14678156587683872
2026-05-26 03:00:00+00:00,0.13817576615949903
2026-05-26 03:15:00+00:00,0.14089576615949903
2026-05-26 03:30:00+00:00,0.14707576615949902
2026-05-26 03:45:00+00:00,0.15375576615949904
2026-05-26 04:00:00+00:00,0.15859992053106792
2026-05-26 04:15:00+00:00,0.16677992053106794
2026-05-26 04:30:00+00:00,0.16345992053106792
2026-05-26 04:45:00+00:00,0.16305992053106794
2026-05-26 05:00:00+00:00,0.17525696341959482
2026-05-26 05:15:00+00:00,0.15871696341959482
2026-05-26 05:30:00+00:00,0.15326696341959484
2026-05-26 05:45:00+00:00,0.1327869634195948
2026-05-26 06:00:00+00:00,0.16417900512037714
2026-05-26 06:15:00+00:00,0.13520900512037715
2026-05-26 06:30:00+00:00,0.11373900512037714
2026-05-26 06:45:00+00:00,0.09456900512037715
2026-05-26 07:00:00+00:00,0.13869469961949726
2026-05-26 07:15:00+00:00,0.09425469961949727
2026-05-26 07:30:00+00:00,0.07165469961949728
2026-05-26 07:45:00+00:00,0.01717469961949727
2026-05-26 08:00:00+00:00,0.017880427546378624
2026-05-26 08:15:00+00:00,-0.0005595724536213765
2026-05-26 08:30:00+00:00,-0.004299572453621376
2026-05-26 08:45:00+00:00,-0.0043795724536213766
2026-05-26 09:00:00+00:00,-0.022276884732790797
2026-05-26 09:15:00+00:00,-0.022276884732790797
2026-05-26 09:30:00+00:00,-0.022286884732790797
2026-05-26 09:45:00+00:00,-0.022296884732790796
2026-05-26 10:00:00+00:00,-0.01813354745559891
2026-05-26 10:15:00+00:00,-0.018743547455598808
2026-05-26 10:30:00+00:00,-0.019623547455598907
2026-05-26 10:45:00+00:00,-0.02101354745559891
2026-05-26 11:00:00+00:00,-0.00719192709510159
2026-05-26 11:15:00+00:00,-0.00720192709510169
2026-05-26 11:30:00+00:00,-0.00815192709510169
2026-05-26 11:45:00+00:00,-0.008181927095101689
2026-05-26 12:00:00+00:00,0.003176607224667616
2026-05-26 12:15:00+00:00,0.0034266072246676156
2026-05-26 12:30:00+00:00,0.0034966072246676158
2026-05-26 12:45:00+00:00,0.004306607224667616
2026-05-26 13:00:00+00:00,0.026434476733707035
2026-05-26 13:15:00+00:00,0.026464476733707033
2026-05-26 13:30:00+00:00,0.026464476733707033
2026-05-26 13:45:00+00:00,0.026474476733707033
2026-05-26 14:00:00+00:00,-0.0007780108700163054
2026-05-26 14:15:00+00:00,0.00019198912998369465
2026-05-26 14:30:00+00:00,0.005021989129983695
2026-05-26 14:45:00+00:00,0.04495198912998369
2026-05-26 15:00:00+00:00,0.027538560123964672
2026-05-26 15:15:00+00:00,0.10229856012396468
2026-05-26 15:30:00+00:00,0.14490856012396466
2026-05-26 15:45:00+00:00,0.15774856012396465
2026-05-26 16:00:00+00:00,0.11245208452932569
2026-05-26 16:15:00+00:00,0.1427920845293257
2026-05-26 16:30:00+00:00,0.16583208452932569
2026-05-26 16:45:00+00:00,0.1974020845293257
2026-05-26 17:00:00+00:00,0.12371723814256602
2026-05-26 17:15:00+00:00,0.148737238142566
2026-05-26 17:30:00+00:00,0.18302723814256602
2026-05-26 17:45:00+00:00,0.267917238142566
2026-05-26 18:00:00+00:00,0.2101072449355948
2026-05-26 18:15:00+00:00,0.2377972449355948
2026-05-26 18:30:00+00:00,0.2410172449355948
2026-05-26 18:45:00+00:00,0.22657724493559478
2026-05-26 19:00:00+00:00,0.21914524909653033
2026-05-26 19:15:00+00:00,0.18456524909653022
2026-05-26 19:30:00+00:00,0.1691652490965303
2026-05-26 19:45:00+00:00,0.14836524909653032
2026-05-26 20:00:00+00:00,0.2054438297562526
2026-05-26 20:15:00+00:00,0.1784838297562526
2026-05-26 20:30:00+00:00,0.17189382975625261
2026-05-26 20:45:00+00:00,0.1564538297562526
2026-05-26 21:00:00+00:00,0.15356342065340148
2026-05-26 21:15:00+00:00,0.14874342065340146
2026-05-26 21:30:00+00:00,0.14016342065340137
2026-05-26 21:45:00+00:00,0.12639342065340137
2026-05-26 22:00:00+00:00,0.11824523675250388
2026-05-26 22:15:00+00:00,0.1134352367525039
2026-05-26 22:30:00+00:00,0.1116552367525039
2026-05-26 22:45:00+00:00,0.10831523675250389
2026-05-26 23:00:00+00:00,0.13645796450231654
2026-05-26 23:15:00+00:00,0.13106796450231653
2026-05-26 23:30:00+00:00,0.12984796450231653
2026-05-26 23:45:00+00:00,0.12456796450231655
2026-05-27 00:00:00+00:00,0.15294354079023453
2026-05-27 00:15:00+00:00,0.15132354079023452
2026-05-27 00:30:00+00:00,0.15035354079023452
2026-05-27 00:45:00+00:00,0.14868354079023455
2026-05-27 01:00:00+00:00,0.11595993694101632
2026-05-27 01:15:00+00:00,0.11551993694101632
2026-05-27 01:30:00+00:00,0.11554993694101633
2026-05-27 01:45:00+00:00,0.11512993694101632
2026-05-27 02:00:00+00:00,0.1245766223685169
2026-05-27 02:15:00+00:00,0.12716662236851692
2026-05-27 02:30:00+00:00,0.1277666223685169
2026-05-27 02:45:00+00:00,0.1295866223685169
2026-05-27 03:00:00+00:00,0.1257003513511514
2026-05-27 03:15:00+00:00,0.12705035135115142
2026-05-27 03:30:00+00:00,0.13333035135115132
2026-05-27 03:45:00+00:00,0.1389803513511513
2026-05-27 04:00:00+00:00,0.11054238141061845
2026-05-27 04:15:00+00:00,0.11905238141061844
2026-05-27 04:30:00+00:00,0.11849238141061844
2026-05-27 04:45:00+00:00,0.11252238141061843
2026-05-27 05:00:00+00:00,0.15708409737525936
2026-05-27 05:15:00+00:00,0.14834409737525936
2026-05-27 05:30:00+00:00,0.13541409737525936
2026-05-27 05:45:00+00:00,0.12109409737525925
2026-05-27 06:00:00+00:00,0.11719871900878914
2026-05-27 06:15:00+00:00,0.08907871900878915
2026-05-27 06:30:00+00:00,0.07270871900878904
2026-05-27 06:45:00+00:00,0.04437871900878915
2026-05-27 07:00:00+00:00,0.09250435450667747
2026-05-27 07:15:00+00:00,0.056484354506677485
2026-05-27 07:30:00+00:00,0.005774354506677485
2026-05-27 07:45:00+00:00,-0.007805645493322515
2026-05-27 08:00:00+00:00,0.030766070004029075
2026-05-27 08:15:00+00:00,0.022416070004029075
2026-05-27 08:30:00+00:00,0.019836070004029076
2026-05-27 08:45:00+00:00,0.019746070004029077
2026-05-27 09:00:00+00:00,0.006555284233671247
2026-05-27 09:15:00+00:00,0.006525284233671247
2026-05-27 09:30:00+00:00,0.006275284233671247
2026-05-27 09:45:00+00:00,0.005785284233671247
2026-05-27 10:00:00+00:00,-0.006374683616926357
2026-05-27 10:15:00+00:00,-0.006594683616926357
2026-05-27 10:30:00+00:00,-0.006804683616926357
2026-05-27 10:45:00+00:00,-0.006804683616926357
2026-05-27 11:00:00+00:00,0.007033580351695274
2026-05-27 11:15:00+00:00,0.006833580351695274
2026-05-27 11:30:00+00:00,0.006203580351695274
2026-05-27 11:45:00+00:00,0.006203580351695274
2026-05-27 12:00:00+00:00,-0.003014176085962207
2026-05-27 12:15:00+00:00,-0.002384176085962207
2026-05-27 12:30:00+00:00,-0.002724176085962207
2026-05-27 12:45:00+00:00,-0.002874176085962207
2026-05-27 13:00:00+00:00,-0.001568873989358675
2026-05-27 13:15:00+00:00,-0.0017888739893586751
2026-05-27 13:30:00+00:00,-0.001668873989358675
2026-05-27 13:45:00+00:00,-0.000858873989358675
2026-05-27 14:00:00+00:00,0.010188833120980638
2026-05-27 14:15:00+00:00,0.011978833120980638
2026-05-27 14:30:00+00:00,0.012058833120980638
2026-05-27 14:45:00+00:00,0.012358833120980638
2026-05-27 15:00:00+00:00,-0.011365152660104835
2026-05-27 15:15:00+00:00,-0.008365152660104836
2026-05-27 15:30:00+00:00,0.025804847339895166
2026-05-27 15:45:00+00:00,0.06929484733989516
2026-05-27 16:00:00+00:00,0.03936116872094137
2026-05-27 16:15:00+00:00,0.08879116872094137
2026-05-27 16:30:00+00:00,0.12211116872094137
2026-05-27 16:45:00+00:00,0.14409116872094138
2026-05-27 17:00:00+00:00,0.10734217048334965
2026-05-27 17:15:00+00:00,0.12877217048334966
2026-05-27 17:30:00+00:00,0.13975217048334967
2026-05-27 17:45:00+00:00,0.14725217048334965
2026-05-27 18:00:00+00:00,0.11185503844574407
2026-05-27 18:15:00+00:00,0.12041503844574405
2026-05-27 18:30:00+00:00,0.13573503844574406
2026-05-27 18:45:00+00:00,0.14216503844574407
2026-05-27 19:00:00+00:00,0.15204691599658215
2026-05-27 19:15:00+00:00,0.14496691599658215
2026-05-27 19:30:00+00:00,0.13792691599658216
2026-05-27 19:45:00+00:00,0.12752691599658217
2026-05-27 20:00:00+00:00,0.18321529850165702
2026-05-27 20:15:00+00:00,0.174505298501657
2026-05-27 20:30:00+00:00,0.17011529850165702
2026-05-27 20:45:00+00:00,0.16406529850165702
2026-05-27 21:00:00+00:00,0.1473891694777028
2026-05-27 21:15:00+00:00,0.14137916947770282
2026-05-27 21:30:00+00:00,0.1373391694777028
2026-05-27 21:45:00+00:00,0.1359891694777027
2026-05-27 22:00:00+00:00,0.11427948271760308
2026-05-27 22:15:00+00:00,0.10821948271760307
2026-05-27 22:30:00+00:00,0.10628948271760308
2026-05-27 22:45:00+00:00,0.10570948271760308
2026-05-27 23:00:00+00:00,0.10769647451615225
2026-05-27 23:15:00+00:00,0.10027647451615224
2026-05-27 23:30:00+00:00,0.09954647451615223
2026-05-27 23:45:00+00:00,0.09741647451615223
2026-05-28 00:00:00+00:00,0.1260190237370546
2026-05-28 00:15:00+00:00,0.1237290237370546
2026-05-28 00:30:00+00:00,0.1257190237370546
2026-05-28 00:45:00+00:00,0.1252390237370546
2026-05-28 01:00:00+00:00,0.15572630979962823
2026-05-28 01:15:00+00:00,0.15595630979962824
2026-05-28 01:30:00+00:00,0.15628630979962824
2026-05-28 01:45:00+00:00,0.15622630979962823
2026-05-28 02:00:00+00:00,0.12265837821826589
2026-05-28 02:15:00+00:00,0.12452837821826587
2026-05-28 02:30:00+00:00,0.1273783782182659
2026-05-28 02:45:00+00:00,0.1320683782182659
2026-05-28 03:00:00+00:00,0.1551757042737474
2026-05-28 03:15:00+00:00,0.15882570427374743
2026-05-28 03:30:00+00:00,0.16248570427374742
2026-05-28 03:45:00+00:00,0.1615857042737474
2026-05-28 04:00:00+00:00,0.15318661683609636
2026-05-28 04:15:00+00:00,0.15854661683609636
2026-05-28 04:30:00+00:00,0.15527661683609637
2026-05-28 04:45:00+00:00,0.15266661683609636
2026-05-28 05:00:00+00:00,0.16134907842509924
2026-05-28 05:15:00+00:00,0.15406907842509926
2026-05-28 05:30:00+00:00,0.14535907842509924
2026-05-28 05:45:00+00:00,0.12647907842509923
2026-05-28 06:00:00+00:00,0.11934655722659464
2026-05-28 06:15:00+00:00,0.10716655722659464
2026-05-28 06:30:00+00:00,0.09619655722659465
2026-05-28 06:45:00+00:00,0.07272655722659464
2026-05-28 07:00:00+00:00,0.14110668778268662
2026-05-28 07:15:00+00:00,0.11167668778268662
2026-05-28 07:30:00+00:00,0.09498668778268661
2026-05-28 07:45:00+00:00,0.0713066877826865
2026-05-28 08:00:00+00:00,0.04523572952759053
2026-05-28 08:15:00+00:00,0.010855729527590532
2026-05-28 08:30:00+00:00,0.0001657295275905319
2026-05-28 08:45:00+00:00,-0.0036442704724095683
2026-05-28 09:00:00+00:00,0.017419051422655936
2026-05-28 09:15:00+00:00,0.016559051422655936
2026-05-28 09:30:00+00:00,0.015869051422655937
2026-05-28 09:45:00+00:00,0.015859051422655937
2026-05-28 10:00:00+00:00,-0.014930116447642446
2026-05-28 10:15:00+00:00,-0.014960116447642446
2026-05-28 10:30:00+00:00,-0.014970116447642446
2026-05-28 10:45:00+00:00,-0.014970116447642446
2026-05-28 11:00:00+00:00,0.0032532258795222725
2026-05-28 11:15:00+00:00,0.0032432258795222725
2026-05-28 11:30:00+00:00,0.0032432258795222725
2026-05-28 11:45:00+00:00,0.0032232258795222724
2026-05-28 12:00:00+00:00,0.00644794317812482
2026-05-28 12:15:00+00:00,0.00646794317812482
2026-05-28 12:30:00+00:00,0.00646794317812482
2026-05-28 12:45:00+00:00,0.00648794317812482
2026-05-28 13:00:00+00:00,-0.00283031357551431
2026-05-28 13:15:00+00:00,-0.00282031357551431
2026-05-28 13:30:00+00:00,-0.00199031357551431
2026-05-28 13:45:00+00:00,0.0015096864244856902
2026-05-28 14:00:00+00:00,0.010273390238902384
2026-05-28 14:15:00+00:00,0.017433390238902384
2026-05-28 14:30:00+00:00,0.059743390238902384
2026-05-28 14:45:00+00:00,0.10086339023890238
2026-05-28 15:00:00+00:00,0.06053503782457154
2026-05-28 15:15:00+00:00,0.08766503782457155
2026-05-28 15:30:00+00:00,0.10611503782457155
2026-05-28 15:45:00+00:00,0.13113503782457156
2026-05-28 16:00:00+00:00,0.09840373189651543
2026-05-28 16:15:00+00:00,0.11816373189651544
2026-05-28 16:30:00+00:00,0.13535373189651542
2026-05-28 16:45:00+00:00,0.15337373189651543
2026-05-28 17:00:00+00:00,0.18397025043021334
2026-05-28 17:15:00+00:00,0.20015025043021334
2026-05-28 17:30:00+00:00,0.23396025043021335
2026-05-28 17:45:00+00:00,0.3703302504302133
2026-05-28 18:00:00+00:00,0.28621417784499353
2026-05-28 18:15:00+00:00,0.3927241778449935
2026-05-28 18:30:00+00:00,0.4875841778449935
2026-05-28 18:45:00+00:00,0.48631417784499353
2026-05-28 19:00:00+00:00,0.42099935045669534
2026-05-28 19:15:00+00:00,0.4280393504566953
2026-05-28 19:30:00+00:00,0.3478293504566954
2026-05-28 19:45:00+00:00,0.21927935045669533
2026-05-28 20:00:00+00:00,0.3321549847007989
2026-05-28 20:15:00+00:00,0.2223249847007989
2026-05-28 20:30:00+00:00,0.18157498470079889
2026-05-28 20:45:00+00:00,0.16872498470079889
2026-05-28 21:00:00+00:00,0.16074351045192367
2026-05-28 21:15:00+00:00,0.1518535104519237
2026-05-28 21:30:00+00:00,0.14177351045192368
2026-05-28 21:45:00+00:00,0.1302335104519237
2026-05-28 22:00:00+00:00,0.14037179358727014
2026-05-28 22:15:00+00:00,0.12996179358727025
2026-05-28 22:30:00+00:00,0.11523179358727026
2026-05-28 22:45:00+00:00,0.10513179358727026
2026-05-28 23:00:00+00:00,0.16398592219093222
2026-05-28 23:15:00+00:00,0.1560059221909322
2026-05-28 23:30:00+00:00,0.1487559221909322
2026-05-28 23:45:00+00:00,0.14294592219093222
2026-05-29 00:00:00+00:00,0.09811770723297936
2026-05-29 00:15:00+00:00,0.09676770723297937
2026-05-29 00:30:00+00:00,0.09651770723297937
2026-05-29 00:45:00+00:00,0.09524770723297937
2026-05-29 01:00:00+00:00,0.14508068487426448
2026-05-29 01:15:00+00:00,0.1440306848742645
2026-05-29 01:30:00+00:00,0.14303068487426449
2026-05-29 01:45:00+00:00,0.14075068487426448
2026-05-29 02:00:00+00:00,0.11965630727162459
2026-05-29 02:15:00+00:00,0.1203563072716246
2026-05-29 02:30:00+00:00,0.1207563072716246
2026-05-29 02:45:00+00:00,0.12176630727162459
2026-05-29 03:00:00+00:00,0.12118289793751952
2026-05-29 03:15:00+00:00,0.12081289793751954
2026-05-29 03:30:00+00:00,0.12051289793751953
2026-05-29 03:45:00+00:00,0.12392289793751954
2026-05-29 04:00:00+00:00,0.13917904933337677
2026-05-29 04:15:00+00:00,0.14456904933337678
2026-05-29 04:30:00+00:00,0.14001904933337678
2026-05-29 04:45:00+00:00,0.13388904933337678
2026-05-29 05:00:00+00:00,0.1476393447302676
2026-05-29 05:15:00+00:00,0.1407793447302676
2026-05-29 05:30:00+00:00,0.1356493447302676
2026-05-29 05:45:00+00:00,0.1226293447302676
2026-05-29 06:00:00+00:00,0.12002620493927013
2026-05-29 06:15:00+00:00,0.10535620493927014
2026-05-29 06:30:00+00:00,0.09181620493927015
2026-05-29 06:45:00+00:00,0.07632620493927014
2026-05-29 07:00:00+00:00,0.12132798152956117
2026-05-29 07:15:00+00:00,0.10050798152956117
2026-05-29 07:30:00+00:00,0.07481798152956116
2026-05-29 07:45:00+00:00,0.04372798152956117
2026-05-29 08:00:00+00:00,0.04108314785378337
2026-05-29 08:15:00+00:00,0.019003147853783372
2026-05-29 08:30:00+00:00,0.010423147853783373
2026-05-29 08:45:00+00:00,0.005933147853783372
2026-05-29 09:00:00+00:00,-0.02171961037827328
2026-05-29 09:15:00+00:00,-0.02307961037827328
2026-05-29 09:30:00+00:00,-0.023129610378273283
2026-05-29 09:45:00+00:00,-0.023229610378273282
2026-05-29 10:00:00+00:00,-0.003161390019362529
2026-05-29 10:15:00+00:00,-0.003161390019362529
2026-05-29 10:30:00+00:00,-0.003191390019362529
2026-05-29 10:45:00+00:00,-0.003191390019362529
2026-05-29 11:00:00+00:00,0.025290565946484274
2026-05-29 11:15:00+00:00,0.025340565946484275
2026-05-29 11:30:00+00:00,0.025370565946484274
2026-05-29 11:45:00+00:00,0.025380565946484274
2026-05-29 12:00:00+00:00,0.030596900244689973
2026-05-29 12:15:00+00:00,0.03071690024468997
2026-05-29 12:30:00+00:00,0.03080690024468997
2026-05-29 12:45:00+00:00,0.031106900244689973
2026-05-29 13:00:00+00:00,0.014021051496376046
2026-05-29 13:15:00+00:00,0.015291051496376044
2026-05-29 13:30:00+00:00,0.022281051496376048
2026-05-29 13:45:00+00:00,0.038771051496376045
2026-05-29 14:00:00+00:00,-0.01660218589446293
2026-05-29 14:15:00+00:00,0.00743781410553717
2026-05-29 14:30:00+00:00,0.04812781410553718
2026-05-29 14:45:00+00:00,0.07998781410553718
2026-05-29 15:00:00+00:00,0.08215474698545497
2026-05-29 15:15:00+00:00,0.09964474698545497
2026-05-29 15:30:00+00:00,0.12069474698545499
2026-05-29 15:45:00+00:00,0.14719474698545498
2026-05-29 16:00:00+00:00,0.12799430055653532
2026-05-29 16:15:00+00:00,0.14469430055653532
2026-05-29 16:30:00+00:00,0.16087430055653532
2026-05-29 16:45:00+00:00,0.17691430055653531
2026-05-29 17:00:00+00:00,0.15950465514283357
2026-05-29 17:15:00+00:00,0.17702465514283358
2026-05-29 17:30:00+00:00,0.19767465514283358
2026-05-29 17:45:00+00:00,0.21892465514283357
2026-05-29 18:00:00+00:00,0.2268132873044537
2026-05-29 18:15:00+00:00,0.2516332873044537
2026-05-29 18:30:00+00:00,0.2660832873044537
2026-05-29 18:45:00+00:00,0.2756032873044537
2026-05-29 19:00:00+00:00,0.24466484442673167
2026-05-29 19:15:00+00:00,0.21406484442673165
2026-05-29 19:30:00+00:00,0.19902484442673166
2026-05-29 19:45:00+00:00,0.17456484442673156
2026-05-29 20:00:00+00:00,0.18165944612904
2026-05-29 20:15:00+00:00,0.16346944612904
2026-05-29 20:30:00+00:00,0.15393944612903998
2026-05-29 20:45:00+00:00,0.14240944612904
2026-05-29 21:00:00+00:00,0.14181143927797132
2026-05-29 21:15:00+00:00,0.13953143927797135
2026-05-29 21:30:00+00:00,0.13158143927797133
2026-05-29 21:45:00+00:00,0.12313143927797134
2026-05-29 22:00:00+00:00,0.11012603388098957
2026-05-29 22:15:00+00:00,0.10197603388098958
2026-05-29 22:30:00+00:00,0.09755603388098957
2026-05-29 22:45:00+00:00,0.09290603388098959
2026-05-29 23:00:00+00:00,0.13963081026436236
2026-05-29 23:15:00+00:00,0.13544081026436236
2026-05-29 23:30:00+00:00,0.13278081026436248
2026-05-29 23:45:00+00:00,0.13091081026436246
2026-05-30 00:00:00+00:00,0.12842866227941974
2026-05-30 00:15:00+00:00,0.1270686622794197
2026-05-30 00:30:00+00:00,0.12741866227941973
2026-05-30 00:45:00+00:00,0.1258486622794197
2026-05-30 01:00:00+00:00,0.13247528012774845
2026-05-30 01:15:00+00:00,0.13031528012774843
2026-05-30 01:30:00+00:00,0.13110528012774844
2026-05-30 01:45:00+00:00,0.13142528012774843
2026-05-30 02:00:00+00:00,0.09819305679624928
2026-05-30 02:15:00+00:00,0.09975305679624927
2026-05-30 02:30:00+00:00,0.10168305679624928
2026-05-30 02:45:00+00:00,0.10349305679624926
2026-05-30 03:00:00+00:00,0.1404719780836021
2026-05-30 03:15:00+00:00,0.1377219780836021
2026-05-30 03:30:00+00:00,0.13585197808360208
2026-05-30 03:45:00+00:00,0.13354197808360208
2026-05-30 04:00:00+00:00,0.16131161765050636
2026-05-30 04:15:00+00:00,0.15805161765050638
2026-05-30 04:30:00+00:00,0.15739161765050635
2026-05-30 04:45:00+00:00,0.15022161765050637
2026-05-30 05:00:00+00:00,0.12197149639232259
2026-05-30 05:15:00+00:00,0.11568149639232259
2026-05-30 05:30:00+00:00,0.10992149639232258
2026-05-30 05:45:00+00:00,0.09457149639232248
2026-05-30 06:00:00+00:00,0.11595691922261679
2026-05-30 06:15:00+00:00,0.09560691922261669
2026-05-30 06:30:00+00:00,0.0781769192226168
2026-05-30 06:45:00+00:00,0.0611969192226167
2026-05-30 07:00:00+00:00,0.08126782076460394
2026-05-30 07:15:00+00:00,0.052627820764603934
2026-05-30 07:30:00+00:00,0.022267820764603936
2026-05-30 07:45:00+00:00,0.013277820764603935
2026-05-30 08:00:00+00:00,0.04733355137529552
2026-05-30 08:15:00+00:00,0.03909355137529552
2026-05-30 08:30:00+00:00,0.03744355137529552
2026-05-30 08:45:00+00:00,0.03734355137529552
2026-05-30 09:00:00+00:00,-0.01880920453372858
2026-05-30 09:15:00+00:00,-0.01880920453372858
2026-05-30 09:30:00+00:00,-0.01881920453372858
2026-05-30 09:45:00+00:00,-0.01881920453372858
2026-05-30 10:00:00+00:00,0.003723863264186265
2026-05-30 10:15:00+00:00,0.0036838632641862648
2026-05-30 10:30:00+00:00,0.0036838632641862648
2026-05-30 10:45:00+00:00,0.003633863264186265
2026-05-30 11:00:00+00:00,-0.015703452743874798
2026-05-30 11:15:00+00:00,-0.0159834527438748
2026-05-30 11:30:00+00:00,-0.0161334527438747
2026-05-30 11:45:00+00:00,-0.016723452743874698
2026-05-30 12:00:00+00:00,-0.011131039097865994
2026-05-30 12:15:00+00:00,-0.011051039097865995
2026-05-30 12:30:00+00:00,-0.010761039097865995
2026-05-30 12:45:00+00:00,-0.010251039097865995
2026-05-30 13:00:00+00:00,-0.0009312062554535541
2026-05-30 13:15:00+00:00,-0.0009212062554535541
2026-05-30 13:30:00+00:00,-0.0009212062554535541
2026-05-30 13:45:00+00:00,-0.000911206255453554
2026-05-30 14:00:00+00:00,0.024756639317485587
2026-05-30 14:15:00+00:00,0.024756639317485587
2026-05-30 14:30:00+00:00,0.025266639317485587
2026-05-30 14:45:00+00:00,0.03627663931748549
2026-05-30 15:00:00+00:00,0.04153263385231584
2026-05-30 15:15:00+00:00,0.08217263385231584
2026-05-30 15:30:00+00:00,0.12057263385231584
2026-05-30 15:45:00+00:00,0.13809263385231585
2026-05-30 16:00:00+00:00,0.08720447046322828
2026-05-30 16:15:00+00:00,0.11042447046322829
2026-05-30 16:30:00+00:00,0.12781447046322827
2026-05-30 16:45:00+00:00,0.13552447046322827
2026-05-30 17:00:00+00:00,0.11838019082666806
2026-05-30 17:15:00+00:00,0.12548019082666806
2026-05-30 17:30:00+00:00,0.13929019082666808
2026-05-30 17:45:00+00:00,0.14866019082666806
2026-05-30 18:00:00+00:00,0.1881132899069872
2026-05-30 18:15:00+00:00,0.2010032899069872
2026-05-30 18:30:00+00:00,0.2139432899069871
2026-05-30 18:45:00+00:00,0.2222532899069872
2026-05-30 19:00:00+00:00,0.1643538213519028
2026-05-30 19:15:00+00:00,0.1625238213519028
2026-05-30 19:30:00+00:00,0.16842382135190279
2026-05-30 19:45:00+00:00,0.1606538213519028
2026-05-30 20:00:00+00:00,0.16336555783767748
2026-05-30 20:15:00+00:00,0.1504255578376774
2026-05-30 20:30:00+00:00,0.1455055578376775
2026-05-30 20:45:00+00:00,0.13633555783767748
2026-05-30 21:00:00+00:00,0.11751598176997913
2026-05-30 21:15:00+00:00,0.11009598176997923
2026-05-30 21:30:00+00:00,0.10799598176997924
2026-05-30 21:45:00+00:00,0.10609598176997923
2026-05-30 22:00:00+00:00,0.17221274194526798
2026-05-30 22:15:00+00:00,0.164652741945268
2026-05-30 22:30:00+00:00,0.15983274194526798
2026-05-30 22:45:00+00:00,0.15156274194526798
2026-05-30 23:00:00+00:00,0.15034120715855398
2026-05-30 23:15:00+00:00,0.14740120715855398
2026-05-30 23:30:00+00:00,0.145881207158554
2026-05-30 23:45:00+00:00,0.14396120715855398
2026-05-31 00:00:00+00:00,0.1719664136093801
2026-05-31 00:15:00+00:00,0.1709764136093801
2026-05-31 00:30:00+00:00,0.1707364136093801
2026-05-31 00:45:00+00:00,0.1676864136093801
2026-05-31 01:00:00+00:00,0.09944794696951106
2026-05-31 01:15:00+00:00,0.09854794696951107
2026-05-31 01:30:00+00:00,0.09962794696951106
2026-05-31 01:45:00+00:00,0.10103794696951106
2026-05-31 02:00:00+00:00,0.1545934283541448
2026-05-31 02:15:00+00:00,0.1543934283541448
2026-05-31 02:30:00+00:00,0.1545934283541448
2026-05-31 02:45:00+00:00,0.15139342835414482
2026-05-31 03:00:00+00:00,0.1302787180135449
2026-05-31 03:15:00+00:00,0.1259687180135449
2026-05-31 03:30:00+00:00,0.12404871801354489
2026-05-31 03:45:00+00:00,0.1182887180135449
2026-05-31 04:00:00+00:00,0.13785183705935938
2026-05-31 04:15:00+00:00,0.13463183705935938
2026-05-31 04:30:00+00:00,0.12689183705935936
2026-05-31 04:45:00+00:00,0.11988183705935937
2026-05-31 05:00:00+00:00,0.08159261510974411
2026-05-31 05:15:00+00:00,0.07544261510974411
2026-05-31 05:30:00+00:00,0.06896261510974411
2026-05-31 05:45:00+00:00,0.05513261510974411
2026-05-31 06:00:00+00:00,0.1316555401300396
2026-05-31 06:15:00+00:00,0.12153554013003962
2026-05-31 06:30:00+00:00,0.1111055401300396
2026-05-31 06:45:00+00:00,0.1053555401300395
2026-05-31 07:00:00+00:00,0.09234199706238533
2026-05-31 07:15:00+00:00,0.07697199706238533
2026-05-31 07:30:00+00:00,0.06556199706238533
2026-05-31 07:45:00+00:00,0.04809199706238533
2026-05-31 08:00:00+00:00,0.02548504039173289
2026-05-31 08:15:00+00:00,0.003345040391732788
2026-05-31 08:30:00+00:00,-0.0007049596082671114
2026-05-31 08:45:00+00:00,-0.0007149596082671114
2026-05-31 09:00:00+00:00,0.011853742022911598
2026-05-31 09:15:00+00:00,0.011853742022911598
2026-05-31 09:30:00+00:00,0.011853742022911598
2026-05-31 09:45:00+00:00,0.011853742022911598
2026-05-31 10:00:00+00:00,-0.014065734548182456
2026-05-31 10:15:00+00:00,-0.014065734548182456
2026-05-31 10:30:00+00:00,-0.014075734548182455
2026-05-31 10:45:00+00:00,-0.014075734548182455
2026-05-31 11:00:00+00:00,-0.0106570286875327
2026-05-31 11:15:00+00:00,-0.0106570286875327
2026-05-31 11:30:00+00:00,-0.0106570286875327
2026-05-31 11:45:00+00:00,-0.0106570286875327
2026-05-31 12:00:00+00:00,-0.008525648501257132
2026-05-31 12:15:00+00:00,-0.008525648501257132
2026-05-31 12:30:00+00:00,-0.008525648501257132
2026-05-31 12:45:00+00:00,-0.008525648501257132
2026-05-31 13:00:00+00:00,-0.03405328969371277
2026-05-31 13:15:00+00:00,-0.034043289693712765
2026-05-31 13:30:00+00:00,-0.034043289693712765
2026-05-31 13:45:00+00:00,-0.03403328969371276
2026-05-31 14:00:00+00:00,0.02356454033957159
2026-05-31 14:15:00+00:00,0.053894540339571584
2026-05-31 14:30:00+00:00,0.0797145403395716
2026-05-31 14:45:00+00:00,0.10217454033957159
2026-05-31 15:00:00+00:00,0.08783515656540426
2026-05-31 15:15:00+00:00,0.11130515656540427
2026-05-31 15:30:00+00:00,0.12589515656540426
2026-05-31 15:45:00+00:00,0.14624515656540427
2026-05-31 16:00:00+00:00,0.09111302260893375
2026-05-31 16:15:00+00:00,0.10613302260893376
2026-05-31 16:30:00+00:00,0.12358302260893375
2026-05-31 16:45:00+00:00,0.13668302260893375
2026-05-31 17:00:00+00:00,0.13816812051685742
2026-05-31 17:15:00+00:00,0.14437812051685742
2026-05-31 17:30:00+00:00,0.1516181205168574
2026-05-31 17:45:00+00:00,0.15690812051685743
2026-05-31 18:00:00+00:00,0.13919077758955822
2026-05-31 18:15:00+00:00,0.14310077758955822
2026-05-31 18:30:00+00:00,0.1524707775895582
2026-05-31 18:45:00+00:00,0.1567707775895582
2026-05-31 19:00:00+00:00,0.16454193044219217
2026-05-31 19:15:00+00:00,0.16159193044219228
2026-05-31 19:30:00+00:00,0.16081193044219227
2026-05-31 19:45:00+00:00,0.16132193044219217
2026-05-31 20:00:00+00:00,0.15062846627100612
2026-05-31 20:15:00+00:00,0.14332846627100612
2026-05-31 20:30:00+00:00,0.13940846627100612
2026-05-31 20:45:00+00:00,0.13301846627100614
2026-05-31 21:00:00+00:00,0.1352873415868172
2026-05-31 21:15:00+00:00,0.13071734158681725
2026-05-31 21:30:00+00:00,0.12675734158681723
2026-05-31 21:45:00+00:00,0.12369734158681724
2026-05-31 22:00:00+00:00,0.17036154397090483
2026-05-31 22:15:00+00:00,0.15830154397090485
2026-05-31 22:30:00+00:00,0.16017154397090483
2026-05-31 22:45:00+00:00,0.15252154397090484
2026-05-31 23:00:00+00:00,0.13735639815740863
2026-05-31 23:15:00+00:00,0.12821639815740854
2026-05-31 23:30:00+00:00,0.12319639815740864
2026-05-31 23:45:00+00:00,0.11955639815740865
2026-06-01 00:00:00+00:00,0.15844561374639832
2026-06-01 00:15:00+00:00,0.16285561374639834
2026-06-01 00:30:00+00:00,0.16117561374639833
2026-06-01 00:45:00+00:00,0.15869561374639832
2026-06-01 01:00:00+00:00,0.1209709309865693
2026-06-01 01:15:00+00:00,0.1209909309865693
2026-06-01 01:30:00+00:00,0.1211209309865693
2026-06-01 01:45:00+00:00,0.12150093098656929
2026-06-01 02:00:00+00:00,0.10375360830074894
2026-06-01 02:15:00+00:00,0.10447360830074894
2026-06-01 02:30:00+00:00,0.10897360830074893
2026-06-01 02:45:00+00:00,0.11268360830074883
2026-06-01 03:00:00+00:00,0.14719465135287585
2026-06-01 03:15:00+00:00,0.15270465135287584
2026-06-01 03:30:00+00:00,0.16077465135287583
2026-06-01 03:45:00+00:00,0.16987465135287583
2026-06-01 04:00:00+00:00,0.17135075392069332
2026-06-01 04:15:00+00:00,0.1837607539206934
2026-06-01 04:30:00+00:00,0.17442075392069342
2026-06-01 04:45:00+00:00,0.17295075392069342
2026-06-01 05:00:00+00:00,0.18742605945210997
2026-06-01 05:15:00+00:00,0.17450605945210995
2026-06-01 05:30:00+00:00,0.16835605945210996
2026-06-01 05:45:00+00:00,0.16313605945210996
2026-06-01 06:00:00+00:00,0.19840691169239155
2026-06-01 06:15:00+00:00,0.18728691169239156
2026-06-01 06:30:00+00:00,0.16355691169239156
2026-06-01 06:45:00+00:00,0.14511691169239155
2026-06-01 07:00:00+00:00,0.15051507413857332
2026-06-01 07:15:00+00:00,0.12613507413857333
2026-06-01 07:30:00+00:00,0.10874507413857334
2026-06-01 07:45:00+00:00,0.09942507413857335
2026-06-01 08:00:00+00:00,0.12757176061155714
2026-06-01 08:15:00+00:00,0.11356176061155716
2026-06-01 08:30:00+00:00,0.11135176061155716
2026-06-01 08:45:00+00:00,0.10880176061155716
2026-06-01 09:00:00+00:00,0.11315966346004414
2026-06-01 09:15:00+00:00,0.10820966346004414
2026-06-01 09:30:00+00:00,0.10363966346004413
2026-06-01 09:45:00+00:00,0.09495966346004414
2026-06-01 10:00:00+00:00,0.07629293977438949
2026-06-01 10:15:00+00:00,0.06961293977438948
2026-06-01 10:30:00+00:00,0.06809293977438949
2026-06-01 10:45:00+00:00,0.06346293977438948
2026-06-01 11:00:00+00:00,0.08777661418614406
2026-06-01 11:15:00+00:00,0.08736661418614407
2026-06-01 11:30:00+00:00,0.08360661418614407
2026-06-01 11:45:00+00:00,0.08150661418614406
2026-06-01 12:00:00+00:00,0.11090555074544074
2026-06-01 12:15:00+00:00,0.11150555074544075
2026-06-01 12:30:00+00:00,0.11116555074544075
2026-06-01 12:45:00+00:00,0.11443555074544075
2026-06-01 13:00:00+00:00,0.09036101274767848
2026-06-01 13:15:00+00:00,0.09695101274767849
2026-06-01 13:30:00+00:00,0.09986101274767849
2026-06-01 13:45:00+00:00,0.11066101274767849
2026-06-01 14:00:00+00:00,0.06425654794972199
2026-06-01 14:15:00+00:00,0.07479654794972199
2026-06-01 14:30:00+00:00,0.086586547949722
2026-06-01 14:45:00+00:00,0.10236654794972198
2026-06-01 15:00:00+00:00,0.0769519418704681
2026-06-01 15:15:00+00:00,0.0850419418704681
2026-06-01 15:30:00+00:00,0.1024119418704681
2026-06-01 15:45:00+00:00,0.12221194187046809
2026-06-01 16:00:00+00:00,0.14331973463669923
2026-06-01 16:15:00+00:00,0.15904973463669922
2026-06-01 16:30:00+00:00,0.17834973463669923
2026-06-01 16:45:00+00:00,0.20746973463669924
2026-06-01 17:00:00+00:00,0.16228041669338333
2026-06-01 17:15:00+00:00,0.18533041669338332
2026-06-01 17:30:00+00:00,0.22834041669338334
2026-06-01 17:45:00+00:00,0.3238604166933833
2026-06-01 18:00:00+00:00,0.26635404180824546
2026-06-01 18:15:00+00:00,0.32858404180824546
2026-06-01 18:30:00+00:00,0.36810404180824546
2026-06-01 18:45:00+00:00,0.41038404180824545
2026-06-01 19:00:00+00:00,0.3948754877983156
2026-06-01 19:15:00+00:00,0.3535354877983156
2026-06-01 19:30:00+00:00,0.30632548779831564
2026-06-01 19:45:00+00:00,0.2585954877983156
2026-06-01 20:00:00+00:00,0.28482493628777705
2026-06-01 20:15:00+00:00,0.20482493628777707
2026-06-01 20:30:00+00:00,0.15917493628777696
2026-06-01 20:45:00+00:00,0.13260493628777706
2026-06-01 21:00:00+00:00,0.2015889242097016
2026-06-01 21:15:00+00:00,0.19074892420970158
2026-06-01 21:30:00+00:00,0.18312892420970148
2026-06-01 21:45:00+00:00,0.17322892420970157
2026-06-01 22:00:00+00:00,0.1445077763286841
2026-06-01 22:15:00+00:00,0.13493777632868412
2026-06-01 22:30:00+00:00,0.1347877763286841
2026-06-01 22:45:00+00:00,0.1251377763286841
2026-06-01 23:00:00+00:00,0.16993557148784674
2026-06-01 23:15:00+00:00,0.15689557148784675
2026-06-01 23:30:00+00:00,0.15273557148784675
2026-06-01 23:45:00+00:00,0.14782557148784675
2026-06-02 00:00:00+00:00,0.12988908395046353
2026-06-02 00:15:00+00:00,0.12592908395046354
2026-06-02 00:30:00+00:00,0.12555908395046353
2026-06-02 00:45:00+00:00,0.12275908395046355
2026-06-02 01:00:00+00:00,0.14995719883850603
2026-06-02 01:15:00+00:00,0.14697719883850602
2026-06-02 01:30:00+00:00,0.14646719883850604
2026-06-02 01:45:00+00:00,0.14532719883850603
2026-06-02 02:00:00+00:00,0.1235266804010459
2026-06-02 02:15:00+00:00,0.12372668040104591
2026-06-02 02:30:00+00:00,0.1254366804010459
2026-06-02 02:45:00+00:00,0.12868668040104592
2026-06-02 03:00:00+00:00,0.13723788087975852
2026-06-02 03:15:00+00:00,0.13803788087975852
2026-06-02 03:30:00+00:00,0.14067788087975852
2026-06-02 03:45:00+00:00,0.14361788087975852
2026-06-02 04:00:00+00:00,0.14217310775905628
2026-06-02 04:15:00+00:00,0.14897310775905628
2026-06-02 04:30:00+00:00,0.1472131077590563
2026-06-02 04:45:00+00:00,0.1386031077590563
2026-06-02 05:00:00+00:00,0.15053277661693962
2026-06-02 05:15:00+00:00,0.1444127766169396
2026-06-02 05:30:00+00:00,0.1418727766169395
2026-06-02 05:45:00+00:00,0.1361727766169396
2026-06-02 06:00:00+00:00,0.13662318620186079
2026-06-02 06:15:00+00:00,0.13341318620186088
2026-06-02 06:30:00+00:00,0.1251131862018609
2026-06-02 06:45:00+00:00,0.11475318620186088
2026-06-02 07:00:00+00:00,0.11765144158458363
2026-06-02 07:15:00+00:00,0.10381144158458364
2026-06-02 07:30:00+00:00,0.09326144158458363
2026-06-02 07:45:00+00:00,0.08980144158458361
2026-06-02 08:00:00+00:00,0.13412550790104277
2026-06-02 08:15:00+00:00,0.12843550790104277
2026-06-02 08:30:00+00:00,0.12465550790104277
2026-06-02 08:45:00+00:00,0.11562550790104276
2026-06-02 09:00:00+00:00,0.07315531914968113
2026-06-02 09:15:00+00:00,0.06938531914968113
2026-06-02 09:30:00+00:00,0.06610531914968112
2026-06-02 09:45:00+00:00,0.06349531914968112
2026-06-02 10:00:00+00:00,0.07983915156846148
2026-06-02 10:15:00+00:00,0.07893915156846149
2026-06-02 10:30:00+00:00,0.07948915156846148
2026-06-02 10:45:00+00:00,0.08321915156846149
2026-06-02 11:00:00+00:00,0.08036352325860437
2026-06-02 11:15:00+00:00,0.08587352325860437
2026-06-02 11:30:00+00:00,0.08679352325860437
2026-06-02 11:45:00+00:00,0.08789352325860438
2026-06-02 12:00:00+00:00,0.09230472182284255
2026-06-02 12:15:00+00:00,0.09660472182284255
2026-06-02 12:30:00+00:00,0.09989472182284255
2026-06-02 12:45:00+00:00,0.10390472182284255
2026-06-02 13:00:00+00:00,0.0839885756834395
2026-06-02 13:15:00+00:00,0.0886085756834395
2026-06-02 13:30:00+00:00,0.0939385756834395
2026-06-02 13:45:00+00:00,0.1008485756834395
2026-06-02 14:00:00+00:00,0.1070333640238112
2026-06-02 14:15:00+00:00,0.1131233640238112
2026-06-02 14:30:00+00:00,0.12010336402381108
2026-06-02 14:45:00+00:00,0.13186336402381119
2026-06-02 15:00:00+00:00,0.11747757078761908
2026-06-02 15:15:00+00:00,0.12317757078761908
2026-06-02 15:30:00+00:00,0.1309575707876191
2026-06-02 15:45:00+00:00,0.1405275707876191
2026-06-02 16:00:00+00:00,0.10639212179380526
2026-06-02 16:15:00+00:00,0.11370212179380527
2026-06-02 16:30:00+00:00,0.11965212179380526
2026-06-02 16:45:00+00:00,0.13189212179380527
2026-06-02 17:00:00+00:00,0.1561755202450415
2026-06-02 17:15:00+00:00,0.1631255202450414
2026-06-02 17:30:00+00:00,0.1753555202450415
2026-06-02 17:45:00+00:00,0.1777955202450415
2026-06-02 18:00:00+00:00,0.15670745937008732
2026-06-02 18:15:00+00:00,0.14671745937008732
2026-06-02 18:30:00+00:00,0.1440674593700873
2026-06-02 18:45:00+00:00,0.1407074593700873
2026-06-02 19:00:00+00:00,0.13341120902827483
2026-06-02 19:15:00+00:00,0.12413120902827482
2026-06-02 19:30:00+00:00,0.11716120902827482
2026-06-02 19:45:00+00:00,0.10712120902827482
2026-06-02 20:00:00+00:00,0.14864500406720182
2026-06-02 20:15:00+00:00,0.1451850040672018
2026-06-02 20:30:00+00:00,0.14045500406720182
2026-06-02 20:45:00+00:00,0.13751500406720182
2026-06-02 21:00:00+00:00,0.1460547024220578
2026-06-02 21:15:00+00:00,0.13499470242205783
2026-06-02 21:30:00+00:00,0.1337547024220578
2026-06-02 21:45:00+00:00,0.12200470242205783
2026-06-02 22:00:00+00:00,0.12877791028528013
2026-06-02 22:15:00+00:00,0.12777791028528013
2026-06-02 22:30:00+00:00,0.12468791028528015
2026-06-02 22:45:00+00:00,0.12266791028528012
2026-06-02 23:00:00+00:00,0.12543158272896268
2026-06-02 23:15:00+00:00,0.12362158272896266
2026-06-02 23:30:00+00:00,0.12152158272896256
2026-06-02 23:45:00+00:00,0.11869158272896267
2026-06-03 00:00:00+00:00,0.07423928671113794
2026-06-03 00:15:00+00:00,0.07216928671113795
2026-06-03 00:30:00+00:00,0.07224928671113795
2026-06-03 00:45:00+00:00,0.07136928671113796
2026-06-03 01:00:00+00:00,0.0824917435189159
2026-06-03 01:15:00+00:00,0.0816217435189159
2026-06-03 01:30:00+00:00,0.08172174351891591
2026-06-03 01:45:00+00:00,0.08333174351891591
2026-06-03 02:00:00+00:00,0.14278283351128848
2026-06-03 02:15:00+00:00,0.14268283351128846
2026-06-03 02:30:00+00:00,0.14394283351128848
2026-06-03 02:45:00+00:00,0.14440283351128846
2026-06-03 03:00:00+00:00,0.08904786955750116
2026-06-03 03:15:00+00:00,0.09059786955750115
2026-06-03 03:30:00+00:00,0.09444786955750116
2026-06-03 03:45:00+00:00,0.10203786955750116
2026-06-03 04:00:00+00:00,0.13856401115122263
2026-06-03 04:15:00+00:00,0.14140401115122261
2026-06-03 04:30:00+00:00,0.1434540111512226
2026-06-03 04:45:00+00:00,0.14442401115122253
2026-06-03 05:00:00+00:00,0.13179773801569253
2026-06-03 05:15:00+00:00,0.12691773801569253
2026-06-03 05:30:00+00:00,0.12139773801569254
2026-06-03 05:45:00+00:00,0.11671773801569255
2026-06-03 06:00:00+00:00,0.14787396143743575
2026-06-03 06:15:00+00:00,0.13678396143743574
2026-06-03 06:30:00+00:00,0.13073396143743574
2026-06-03 06:45:00+00:00,0.11477396143743573
2026-06-03 07:00:00+00:00,0.12163415390326503
2026-06-03 07:15:00+00:00,0.10525415390326502
2026-06-03 07:30:00+00:00,0.09463415390326503
2026-06-03 07:45:00+00:00,0.08052415390326492
2026-06-03 08:00:00+00:00,0.11351814148043199
2026-06-03 08:15:00+00:00,0.10479814148043198
2026-06-03 08:30:00+00:00,0.10324814148043199
2026-06-03 08:45:00+00:00,0.09607814148043199
2026-06-03 09:00:00+00:00,0.09246318123653965
2026-06-03 09:15:00+00:00,0.08491318123653965
2026-06-03 09:30:00+00:00,0.08455318123653965
2026-06-03 09:45:00+00:00,0.06911318123653955
2026-06-03 10:00:00+00:00,0.06928281690016977
2026-06-03 10:15:00+00:00,0.05676281690016988
2026-06-03 10:30:00+00:00,0.044132816900169874
2026-06-03 10:45:00+00:00,0.029552816900169872
2026-06-03 11:00:00+00:00,0.030793418760090206
2026-06-03 11:15:00+00:00,0.020703418760090204
2026-06-03 11:30:00+00:00,0.016053418760090202
2026-06-03 11:45:00+00:00,0.006593418760090203
2026-06-03 12:00:00+00:00,0.03413026636303855
2026-06-03 12:15:00+00:00,0.04098026636303855
2026-06-03 12:30:00+00:00,0.04280026636303855
2026-06-03 12:45:00+00:00,0.05394026636303855
2026-06-03 13:00:00+00:00,0.007096674830402067
2026-06-03 13:15:00+00:00,0.02252667483040207
2026-06-03 13:30:00+00:00,0.02646667483040207
2026-06-03 13:45:00+00:00,0.04317667483040196
2026-06-03 14:00:00+00:00,0.05257482922581684
2026-06-03 14:15:00+00:00,0.07883482922581683
2026-06-03 14:30:00+00:00,0.09199482922581684
2026-06-03 14:45:00+00:00,0.11561482922581684
2026-06-03 15:00:00+00:00,0.11613083122263504
2026-06-03 15:15:00+00:00,0.13424083122263503
2026-06-03 15:30:00+00:00,0.15463083122263505
2026-06-03 15:45:00+00:00,0.17017083122263504
2026-06-03 16:00:00+00:00,0.12806894854625528
2026-06-03 16:15:00+00:00,0.14076894854625527
2026-06-03 16:30:00+00:00,0.1556189485462553
2026-06-03 16:45:00+00:00,0.1635289485462553
2026-06-03 17:00:00+00:00,0.13912941569405324
2026-06-03 17:15:00+00:00,0.14500941569405326
2026-06-03 17:30:00+00:00,0.15477941569405326
2026-06-03 17:45:00+00:00,0.16734941569405326
2026-06-03 18:00:00+00:00,0.14492699292369954
2026-06-03 18:15:00+00:00,0.14626699292369955
2026-06-03 18:30:00+00:00,0.14371699292369955
2026-06-03 18:45:00+00:00,0.14374699292369955
2026-06-03 19:00:00+00:00,0.11433603239511213
2026-06-03 19:15:00+00:00,0.10145603239511213
2026-06-03 19:30:00+00:00,0.09201603239511212
2026-06-03 19:45:00+00:00,0.08337603239511211
2026-06-03 20:00:00+00:00,0.11170340482027548
2026-06-03 20:15:00+00:00,0.10037340482027547
2026-06-03 20:30:00+00:00,0.09343340482027547
2026-06-03 20:45:00+00:00,0.08111340482027547
2026-06-03 21:00:00+00:00,0.13666091385104365
2026-06-03 21:15:00+00:00,0.12670091385104365
2026-06-03 21:30:00+00:00,0.12257091385104366
2026-06-03 21:45:00+00:00,0.10598091385104365
2026-06-03 22:00:00+00:00,0.0860384812934532
2026-06-03 22:15:00+00:00,0.07568848129345321
2026-06-03 22:30:00+00:00,0.0711284812934532
2026-06-03 22:45:00+00:00,0.05391848129345321
2026-06-03 23:00:00+00:00,0.0676114633967788
2026-06-03 23:15:00+00:00,0.0669614633967789
2026-06-03 23:30:00+00:00,0.06040146339677888
2026-06-03 23:45:00+00:00,0.05558146339677889
2026-06-04 00:00:00+00:00,0.06562622479252422
2026-06-04 00:15:00+00:00,0.06565622479252423
2026-06-04 00:30:00+00:00,0.06401622479252422
2026-06-04 00:45:00+00:00,0.06020622479252423
2026-06-04 01:00:00+00:00,0.0488852352006777
2026-06-04 01:15:00+00:00,0.04630523520067761
2026-06-04 01:30:00+00:00,0.0474652352006777
2026-06-04 01:45:00+00:00,0.0491752352006777
2026-06-04 02:00:00+00:00,0.04394851169991615
2026-06-04 02:15:00+00:00,0.04365851169991615
2026-06-04 02:30:00+00:00,0.04362851169991616
2026-06-04 02:45:00+00:00,0.051768511699916156
2026-06-04 03:00:00+00:00,0.06768255484345562
2026-06-04 03:15:00+00:00,0.06906255484345561
2026-06-04 03:30:00+00:00,0.07321255484345561
2026-06-04 03:45:00+00:00,0.07107255484345561
2026-06-04 04:00:00+00:00,0.055338427658237696
2026-06-04 04:15:00+00:00,0.05950842765823769
2026-06-04 04:30:00+00:00,0.06036842765823769
2026-06-04 04:45:00+00:00,0.05513842765823769
2026-06-04 05:00:00+00:00,0.08041401747959805
2026-06-04 05:15:00+00:00,0.07743401747959805
2026-06-04 05:30:00+00:00,0.07089401747959805
2026-06-04 05:45:00+00:00,0.06511401747959804
2026-06-04 06:00:00+00:00,0.08801586145696066
2026-06-04 06:15:00+00:00,0.07078586145696066
2026-06-04 06:30:00+00:00,0.05479586145696067
2026-06-04 06:45:00+00:00,0.03146586145696067
2026-06-04 07:00:00+00:00,0.07199820405993837
2026-06-04 07:15:00+00:00,0.053398204059938364
2026-06-04 07:30:00+00:00,0.03013820405993837
2026-06-04 07:45:00+00:00,0.01935820405993837
2026-06-04 08:00:00+00:00,0.009874763701520028
2026-06-04 08:15:00+00:00,0.0007347637015200281
2026-06-04 08:30:00+00:00,-0.004245236298479972
2026-06-04 08:45:00+00:00,-0.004265236298479972
2026-06-04 09:00:00+00:00,-0.0032812035485020935
2026-06-04 09:15:00+00:00,-0.0032812035485020935
2026-06-04 09:30:00+00:00,-0.0032812035485020935
2026-06-04 09:45:00+00:00,-0.0032912035485020935
2026-06-04 10:00:00+00:00,0.010958692452770416
2026-06-04 10:15:00+00:00,0.010938692452770415
2026-06-04 10:30:00+00:00,0.010938692452770415
2026-06-04 10:45:00+00:00,0.010938692452770415
2026-06-04 11:00:00+00:00,-0.0026399329702117926
2026-06-04 11:15:00+00:00,-0.0026599329702117927
2026-06-04 11:30:00+00:00,-0.0026399329702117926
2026-06-04 11:45:00+00:00,-0.0026899329702117928
2026-06-04 12:00:00+00:00,-0.005152825171913114
2026-06-04 12:15:00+00:00,-0.005162825171913113
2026-06-04 12:30:00+00:00,-0.005152825171913114
2026-06-04 12:45:00+00:00,-0.005122825171913113
2026-06-04 13:00:00+00:00,0.008634376798314084
2026-06-04 13:15:00+00:00,0.008644376798314084
2026-06-04 13:30:00+00:00,0.008674376798314084
2026-06-04 13:45:00+00:00,0.015094376798314085
2026-06-04 14:00:00+00:00,0.018577924476287352
2026-06-04 14:15:00+00:00,0.026947924476287355
2026-06-04 14:30:00+00:00,0.04725792447628735
2026-06-04 14:45:00+00:00,0.07087792447628735
2026-06-04 15:00:00+00:00,0.034357570866413334
2026-06-04 15:15:00+00:00,0.05798757086641333
2026-06-04 15:30:00+00:00,0.08142757086641333
2026-06-04 15:45:00+00:00,0.09602757086641334
2026-06-04 16:00:00+00:00,0.07588114243530167
2026-06-04 16:15:00+00:00,0.09829114243530167
2026-06-04 16:30:00+00:00,0.11899114243530168
2026-06-04 16:45:00+00:00,0.11877114243530168
2026-06-04 17:00:00+00:00,0.09064485128018486
2026-06-04 17:15:00+00:00,0.09791485128018486
2026-06-04 17:30:00+00:00,0.10325485128018486
2026-06-04 17:45:00+00:00,0.10738485128018485
2026-06-04 18:00:00+00:00,0.09845522073382927
2026-06-04 18:15:00+00:00,0.10164522073382927
2026-06-04 18:30:00+00:00,0.10374522073382927
2026-06-04 18:45:00+00:00,0.10474522073382928
2026-06-04 19:00:00+00:00,0.13005284258745
2026-06-04 19:15:00+00:00,0.13049284258745
2026-06-04 19:30:00+00:00,0.12973284258745
2026-06-04 19:45:00+00:00,0.12774284258745
2026-06-04 20:00:00+00:00,0.12413566996499176
2026-06-04 20:15:00+00:00,0.12029566996499176
2026-06-04 20:30:00+00:00,0.11985566996499177
2026-06-04 20:45:00+00:00,0.11517566996499176
2026-06-04 21:00:00+00:00,0.11560596510292112
2026-06-04 21:15:00+00:00,0.11180596510292112
2026-06-04 21:30:00+00:00,0.10767596510292111
2026-06-04 21:45:00+00:00,0.09857596510292112
2026-06-04 22:00:00+00:00,0.09884061001353923
2026-06-04 22:15:00+00:00,0.08589061001353923
2026-06-04 22:30:00+00:00,0.08023061001353923
2026-06-04 22:45:00+00:00,0.07846061001353924
2026-06-04 23:00:00+00:00,0.08295897061025033
2026-06-04 23:15:00+00:00,0.08005897061025023
2026-06-04 23:30:00+00:00,0.08158897061025022
2026-06-04 23:45:00+00:00,0.07657897061025033
2026-06-05 00:00:00+00:00,0.08531634868976193
2026-06-05 00:15:00+00:00,0.09617634868976192
2026-06-05 00:30:00+00:00,0.09929634868976192
2026-06-05 00:45:00+00:00,0.10418634868976193
2026-06-05 01:00:00+00:00,0.10932232834129484
2026-06-05 01:15:00+00:00,0.10133232834129484
2026-06-05 01:30:00+00:00,0.09998232834129483
2026-06-05 01:45:00+00:00,0.09819232834129484
2026-06-05 02:00:00+00:00,0.09764352699021214
2026-06-05 02:15:00+00:00,0.10354352699021216
2026-06-05 02:30:00+00:00,0.10855352699021215
2026-06-05 02:45:00+00:00,0.11656352699021205
2026-06-05 03:00:00+00:00,0.08868823760239246
2026-06-05 03:15:00+00:00,0.09124823760239247
2026-06-05 03:30:00+00:00,0.09500823760239246
2026-06-05 03:45:00+00:00,0.10667823760239246
2026-06-05 04:00:00+00:00,0.13894555364428007
2026-06-05 04:15:00+00:00,0.14123555364428017
2026-06-05 04:30:00+00:00,0.14074555364428018
2026-06-05 04:45:00+00:00,0.14060555364428018
2026-06-05 05:00:00+00:00,0.13030789291922285
2026-06-05 05:15:00+00:00,0.12347789291922286
2026-06-05 05:30:00+00:00,0.12091789291922286
2026-06-05 05:45:00+00:00,0.11655789291922286
2026-06-05 06:00:00+00:00,0.1332997129454749
2026-06-05 06:15:00+00:00,0.1262797129454749
2026-06-05 06:30:00+00:00,0.1248597129454749
2026-06-05 06:45:00+00:00,0.11730971294547492
2026-06-05 07:00:00+00:00,0.12234327596046354
2026-06-05 07:15:00+00:00,0.11569327596046354
2026-06-05 07:30:00+00:00,0.09718327596046354
2026-06-05 07:45:00+00:00,0.07871327596046354
2026-06-05 08:00:00+00:00,0.10961867028884766
2026-06-05 08:15:00+00:00,0.09717867028884765
2026-06-05 08:30:00+00:00,0.08019867028884765
2026-06-05 08:45:00+00:00,0.07561867028884765
2026-06-05 09:00:00+00:00,0.06839078939992507
2026-06-05 09:15:00+00:00,0.06395078939992507
2026-06-05 09:30:00+00:00,0.05126078939992508
2026-06-05 09:45:00+00:00,0.045620789399925074
2026-06-05 10:00:00+00:00,0.07191710029163076
2026-06-05 10:15:00+00:00,0.05866710029163076
2026-06-05 10:30:00+00:00,0.05291710029163077
2026-06-05 10:45:00+00:00,0.04886710029163076
2026-06-05 11:00:00+00:00,0.09432138646404759
2026-06-05 11:15:00+00:00,0.08863138646404758
2026-06-05 11:30:00+00:00,0.08601138646404749
2026-06-05 11:45:00+00:00,0.07687138646404759
2026-06-05 12:00:00+00:00,0.018583258794945177
2026-06-05 12:15:00+00:00,0.017823258794945177
2026-06-05 12:30:00+00:00,0.02034325879494518
2026-06-05 12:45:00+00:00,0.02450325879494518
2026-06-05 13:00:00+00:00,0.017304505488317766
2026-06-05 13:15:00+00:00,0.028904505488317765
2026-06-05 13:30:00+00:00,0.046264505488317766
2026-06-05 13:45:00+00:00,0.06478450548831777
2026-06-05 14:00:00+00:00,0.03777111910058115
2026-06-05 14:15:00+00:00,0.05306111910058116
2026-06-05 14:30:00+00:00,0.07123111910058116
2026-06-05 14:45:00+00:00,0.09536111910058115
2026-06-05 15:00:00+00:00,0.06330278833945259
2026-06-05 15:15:00+00:00,0.08819278833945259
2026-06-05 15:30:00+00:00,0.10602278833945258
2026-06-05 15:45:00+00:00,0.1236227883394526
2026-06-05 16:00:00+00:00,0.12891877169555246
2026-06-05 16:15:00+00:00,0.14903877169555246
2026-06-05 16:30:00+00:00,0.16560877169555244
2026-06-05 16:45:00+00:00,0.18555877169555243
2026-06-05 17:00:00+00:00,0.1147143699548689
2026-06-05 17:15:00+00:00,0.13193436995486893
2026-06-05 17:30:00+00:00,0.1457043699548689
2026-06-05 17:45:00+00:00,0.16017436995486892
2026-06-05 18:00:00+00:00,0.15616892093293216
2026-06-05 18:15:00+00:00,0.16368892093293216
2026-06-05 18:30:00+00:00,0.18030892093293216
2026-06-05 18:45:00+00:00,0.18129892093293207
2026-06-05 19:00:00+00:00,0.16555032041431605
2026-06-05 19:15:00+00:00,0.16330032041431605
2026-06-05 19:30:00+00:00,0.16072032041431605
2026-06-05 19:45:00+00:00,0.15117032041431605
2026-06-05 20:00:00+00:00,0.1686591236817614
2026-06-05 20:15:00+00:00,0.1570691236817614
2026-06-05 20:30:00+00:00,0.1503191236817614
2026-06-05 20:45:00+00:00,0.1448091236817613
2026-06-05 21:00:00+00:00,0.13235869117849902
2026-06-05 21:15:00+00:00,0.12252869117849902
2026-06-05 21:30:00+00:00,0.117188691178499
2026-06-05 21:45:00+00:00,0.11059869117849902
2026-06-05 22:00:00+00:00,0.1756492119354744
2026-06-05 22:15:00+00:00,0.1627892119354744
2026-06-05 22:30:00+00:00,0.1556192119354744
2026-06-05 22:45:00+00:00,0.1453492119354744
2026-06-05 23:00:00+00:00,0.1913435528004293
2026-06-05 23:15:00+00:00,0.1879535528004293
2026-06-05 23:30:00+00:00,0.1862435528004293
2026-06-05 23:45:00+00:00,0.1889535528004293
2026-06-06 00:00:00+00:00,0.1326823928991938
2026-06-06 00:15:00+00:00,0.13027239289919382
2026-06-06 00:30:00+00:00,0.12480239289919381
2026-06-06 00:45:00+00:00,0.12445239289919383
2026-06-06 01:00:00+00:00,0.08831384904963116
2026-06-06 01:15:00+00:00,0.08554384904963115
2026-06-06 01:30:00+00:00,0.08476384904963116
2026-06-06 01:45:00+00:00,0.08354384904963115
2026-06-06 02:00:00+00:00,0.14600720977266096
2026-06-06 02:15:00+00:00,0.14729720977266092
2026-06-06 02:30:00+00:00,0.14708720977266093
2026-06-06 02:45:00+00:00,0.14648720977266083
2026-06-06 03:00:00+00:00,0.12018298331441266
2026-06-06 03:15:00+00:00,0.11384298331441267
2026-06-06 03:30:00+00:00,0.11013298331441267
2026-06-06 03:45:00+00:00,0.10655298331441267
2026-06-06 04:00:00+00:00,0.14860508974421915
2026-06-06 04:15:00+00:00,0.14513508974421918
2026-06-06 04:30:00+00:00,0.14039508974421916
2026-06-06 04:45:00+00:00,0.13212508974421916
2026-06-06 05:00:00+00:00,0.11760780526191487
2026-06-06 05:15:00+00:00,0.10711780526191488
2026-06-06 05:30:00+00:00,0.09218780526191488
2026-06-06 05:45:00+00:00,0.07161780526191487
2026-06-06 06:00:00+00:00,0.09436058612911735
2026-06-06 06:15:00+00:00,0.08060058612911736
2026-06-06 06:30:00+00:00,0.060450586129117356
2026-06-06 06:45:00+00:00,0.04222058612911736
2026-06-06 07:00:00+00:00,0.06587008608079743
2026-06-06 07:15:00+00:00,0.049540086080797435
2026-06-06 07:30:00+00:00,0.04887008608079743
2026-06-06 07:45:00+00:00,0.022640086080797435
2026-06-06 08:00:00+00:00,0.045343908809887847
2026-06-06 08:15:00+00:00,0.03235390880988785
2026-06-06 08:30:00+00:00,0.02303390880988785
2026-06-06 08:45:00+00:00,0.013933908809887851
2026-06-06 09:00:00+00:00,-0.004108782310791393
2026-06-06 09:15:00+00:00,-0.004148782310791393
2026-06-06 09:30:00+00:00,-0.004148782310791393
2026-06-06 09:45:00+00:00,-0.004178782310791392
2026-06-06 10:00:00+00:00,-0.009127159635739516
2026-06-06 10:15:00+00:00,-0.009157159635739516
2026-06-06 10:30:00+00:00,-0.009157159635739516
2026-06-06 10:45:00+00:00,-0.009187159635739515
2026-06-06 11:00:00+00:00,-0.0036634679487680608
2026-06-06 11:15:00+00:00,-0.0036734679487680608
2026-06-06 11:30:00+00:00,-0.003693467948768061
2026-06-06 11:45:00+00:00,-0.003683467948768061
2026-06-06 12:00:00+00:00,-0.02339993758754857
2026-06-06 12:15:00+00:00,-0.023369937587548573
2026-06-06 12:30:00+00:00,-0.023339937587548574
2026-06-06 12:45:00+00:00,-0.023279937587548573
2026-06-06 13:00:00+00:00,0.00908533037956356
2026-06-06 13:15:00+00:00,0.01371533037956356
2026-06-06 13:30:00+00:00,0.01623533037956356
2026-06-06 13:45:00+00:00,0.02818533037956356
2026-06-06 14:00:00+00:00,-0.020620537228619326
2026-06-06 14:15:00+00:00,0.009169462771380678
2026-06-06 14:30:00+00:00,0.024579462771380574
2026-06-06 14:45:00+00:00,0.03996946277138068
2026-06-06 15:00:00+00:00,0.055559408451295915
2026-06-06 15:15:00+00:00,0.07388940845129591
2026-06-06 15:30:00+00:00,0.09420940845129591
2026-06-06 15:45:00+00:00,0.11682940845129591
2026-06-06 16:00:00+00:00,0.12494346353228591
2026-06-06 16:15:00+00:00,0.13365346353228602
2026-06-06 16:30:00+00:00,0.143383463532286
2026-06-06 16:45:00+00:00,0.14098346353228602
2026-06-06 17:00:00+00:00,0.12851841654966453
2026-06-06 17:15:00+00:00,0.13623841654966443
2026-06-06 17:30:00+00:00,0.13981841654966454
2026-06-06 17:45:00+00:00,0.15309841654966452
2026-06-06 18:00:00+00:00,0.15651695420945405
2026-06-06 18:15:00+00:00,0.15982695420945406
2026-06-06 18:30:00+00:00,0.16781695420945406
2026-06-06 18:45:00+00:00,0.16895695420945406
2026-06-06 19:00:00+00:00,0.1611548062937486
2026-06-06 19:15:00+00:00,0.1530948062937485
2026-06-06 19:30:00+00:00,0.1439148062937486
2026-06-06 19:45:00+00:00,0.1407448062937486
2026-06-06 20:00:00+00:00,0.16852371687597645
2026-06-06 20:15:00+00:00,0.15844371687597644
2026-06-06 20:30:00+00:00,0.15227371687597646
2026-06-06 20:45:00+00:00,0.14404371687597647
2026-06-06 21:00:00+00:00,0.14446105588365143
2026-06-06 21:15:00+00:00,0.14133105588365144
2026-06-06 21:30:00+00:00,0.13706105588365142
2026-06-06 21:45:00+00:00,0.13128105588365144
2026-06-06 22:00:00+00:00,0.12882770014037093
2026-06-06 22:15:00+00:00,0.11741770014037092
2026-06-06 22:30:00+00:00,0.11579770014037093
2026-06-06 22:45:00+00:00,0.11354770014037092
2026-06-06 23:00:00+00:00,0.12277336090269454
2026-06-06 23:15:00+00:00,0.11863336090269454
2026-06-06 23:30:00+00:00,0.11582336090269454
2026-06-06 23:45:00+00:00,0.10899336090269454
2026-06-07 00:00:00+00:00,0.11330879596069748
2026-06-07 00:15:00+00:00,0.10702879596069748
2026-06-07 00:30:00+00:00,0.10583879596069737
2026-06-07 00:45:00+00:00,0.09780879596069747
2026-06-07 01:00:00+00:00,0.08365499664735652
2026-06-07 01:15:00+00:00,0.07517499664735652
2026-06-07 01:30:00+00:00,0.07172499664735651
2026-06-07 01:45:00+00:00,0.06280499664735652
2026-06-07 02:00:00+00:00,0.05033628166403557
2026-06-07 02:15:00+00:00,0.04511628166403557
2026-06-07 02:30:00+00:00,0.04051628166403548
2026-06-07 02:45:00+00:00,0.033306281664035584
2026-06-07 03:00:00+00:00,0.06846402138610343
2026-06-07 03:15:00+00:00,0.05564402138610343
2026-06-07 03:30:00+00:00,0.044624021386103434
2026-06-07 03:45:00+00:00,0.01900402138610343
2026-06-07 04:00:00+00:00,0.018584217257817073
2026-06-07 04:15:00+00:00,0.015144217257817071
2026-06-07 04:30:00+00:00,0.014464217257817071
2026-06-07 04:45:00+00:00,0.01213421725781707
2026-06-07 05:00:00+00:00,0.021877078658352842
2026-06-07 05:15:00+00:00,0.02004707865835284
2026-06-07 05:30:00+00:00,0.02003707865835284
2026-06-07 05:45:00+00:00,0.02002707865835284
2026-06-07 06:00:00+00:00,-0.017214607903760278
2026-06-07 06:15:00+00:00,-0.01725460790376028
2026-06-07 06:30:00+00:00,-0.017314607903760278
2026-06-07 06:45:00+00:00,-0.01924460790376028
2026-06-07 07:00:00+00:00,-0.017955384623081754
2026-06-07 07:15:00+00:00,-0.020055384623081755
2026-06-07 07:30:00+00:00,-0.022155384623081753
2026-06-07 07:45:00+00:00,-0.026655384623081757
2026-06-07 08:00:00+00:00,0.003460522237975815
2026-06-07 08:15:00+00:00,0.002990522237975815
2026-06-07 08:30:00+00:00,-0.0014294777620241853
2026-06-07 08:45:00+00:00,-0.003219477762024185
2026-06-07 09:00:00+00:00,-0.014047670958186232
2026-06-07 09:15:00+00:00,-0.015907670958186234
2026-06-07 09:30:00+00:00,-0.015607670958186232
2026-06-07 09:45:00+00:00,-0.01587767095818623
2026-06-07 10:00:00+00:00,-0.04964027440316392
2026-06-07 10:15:00+00:00,-0.05365027440316392
2026-06-07 10:30:00+00:00,-0.05365027440316392
2026-06-07 10:45:00+00:00,-0.054710274403163825
2026-06-07 11:00:00+00:00,-0.016507505884048007
2026-06-07 11:15:00+00:00,-0.023097505884048006
2026-06-07 11:30:00+00:00,-0.033217505884048
2026-06-07 11:45:00+00:00,-0.043357505884048006
2026-06-07 12:00:00+00:00,-0.07806768639432435
2026-06-07 12:15:00+00:00,-0.07946768639432436
2026-06-07 12:30:00+00:00,-0.07848768639432435
2026-06-07 12:45:00+00:00,-0.07907768639432436
2026-06-07 13:00:00+00:00,-0.06743879079529105
2026-06-07 13:15:00+00:00,-0.05752879079529095
2026-06-07 13:30:00+00:00,-0.04914879079529105
2026-06-07 13:45:00+00:00,-0.04123879079529105
2026-06-07 14:00:00+00:00,-0.0032232813963885484
2026-06-07 14:15:00+00:00,0.006886718603611352
2026-06-07 14:30:00+00:00,0.012046718603611353
2026-06-07 14:45:00+00:00,0.019796718603611353
2026-06-07 15:00:00+00:00,0.030111575977115147
2026-06-07 15:15:00+00:00,0.032531575977115146
2026-06-07 15:30:00+00:00,0.03342157597711515
2026-06-07 15:45:00+00:00,0.033521575977115144
2026-06-07 16:00:00+00:00,-0.022287302080696063
2026-06-07 16:15:00+00:00,-0.0010473020806960644
2026-06-07 16:30:00+00:00,0.05485269791930393
2026-06-07 16:45:00+00:00,0.09363269791930394
2026-06-07 17:00:00+00:00,0.07256753446382166
2026-06-07 17:15:00+00:00,0.10137753446382167
2026-06-07 17:30:00+00:00,0.11417753446382167
2026-06-07 17:45:00+00:00,0.11967753446382168
2026-06-07 18:00:00+00:00,0.12389317540889225
2026-06-07 18:15:00+00:00,0.12640317540889226
2026-06-07 18:30:00+00:00,0.13006317540889226
2026-06-07 18:45:00+00:00,0.13584317540889226
2026-06-07 19:00:00+00:00,0.16607948259685548
2026-06-07 19:15:00+00:00,0.16760948259685549
2026-06-07 19:30:00+00:00,0.1721094825968555
2026-06-07 19:45:00+00:00,0.1736694825968555
2026-06-07 20:00:00+00:00,0.13706368864485374
2026-06-07 20:15:00+00:00,0.13419368864485373
2026-06-07 20:30:00+00:00,0.12972368864485373
2026-06-07 20:45:00+00:00,0.12754368864485374
2026-06-07 21:00:00+00:00,0.13996740659266932
2026-06-07 21:15:00+00:00,0.12915740659266933
2026-06-07 21:30:00+00:00,0.12670740659266932
2026-06-07 21:45:00+00:00,0.13048740659266933
2026-06-07 22:00:00+00:00,0.18057734332224457
2026-06-07 22:15:00+00:00,0.16765734332224455
2026-06-07 22:30:00+00:00,0.16477734332224456
2026-06-07 22:45:00+00:00,0.16253734332224457
2026-06-07 23:00:00+00:00,0.13320336761114582
2026-06-07 23:15:00+00:00,0.1273433676111458
2026-06-07 23:30:00+00:00,0.12580336761114583
2026-06-07 23:45:00+00:00,0.12305336761114583
2026-06-08 00:00:00+00:00,0.14779022845827405
2026-06-08 00:15:00+00:00,0.14524022845827406
2026-06-08 00:30:00+00:00,0.14520022845827404
2026-06-08 00:45:00+00:00,0.14569022845827395
2026-06-08 01:00:00+00:00,0.10172796423740581
2026-06-08 01:15:00+00:00,0.1005879642374058
2026-06-08 01:30:00+00:00,0.0991979642374058
2026-06-08 01:45:00+00:00,0.10059796423740579
2026-06-08 02:00:00+00:00,0.1260836523724178
2026-06-08 02:15:00+00:00,0.1258536523724179
2026-06-08 02:30:00+00:00,0.1258536523724179
2026-06-08 02:45:00+00:00,0.13032365237241791
2026-06-08 03:00:00+00:00,0.10140543190386779
2026-06-08 03:15:00+00:00,0.1029954319038678
2026-06-08 03:30:00+00:00,0.1105954319038678
2026-06-08 03:45:00+00:00,0.11727543190386781
2026-06-08 04:00:00+00:00,0.13284673739486724
2026-06-08 04:15:00+00:00,0.13440673739486725
2026-06-08 04:30:00+00:00,0.13267673739486716
2026-06-08 04:45:00+00:00,0.12519673739486725
2026-06-08 05:00:00+00:00,0.18116006002907553
2026-06-08 05:15:00+00:00,0.16330006002907554
2026-06-08 05:30:00+00:00,0.15592006002907555
2026-06-08 05:45:00+00:00,0.14400006002907553
2026-06-08 06:00:00+00:00,0.14400300419010645
2026-06-08 06:15:00+00:00,0.12914300419010646
2026-06-08 06:30:00+00:00,0.11819300419010646
2026-06-08 06:45:00+00:00,0.10449300419010647
2026-06-08 07:00:00+00:00,0.11118653273467763
2026-06-08 07:15:00+00:00,0.10069653273467763
2026-06-08 07:30:00+00:00,0.09206653273467763
2026-06-08 07:45:00+00:00,0.07620653273467753
2026-06-08 08:00:00+00:00,0.08132196198248674
2026-06-08 08:15:00+00:00,0.06923196198248674
2026-06-08 08:30:00+00:00,0.055791961982486746
2026-06-08 08:45:00+00:00,0.042281961982486745
2026-06-08 09:00:00+00:00,0.06432551429848046
2026-06-08 09:15:00+00:00,0.056375514298480464
2026-06-08 09:30:00+00:00,0.04600551429848047
2026-06-08 09:45:00+00:00,0.03964551429848047
2026-06-08 10:00:00+00:00,0.06522285940701954
2026-06-08 10:15:00+00:00,0.06038285940701954
2026-06-08 10:30:00+00:00,0.05775285940701955
2026-06-08 10:45:00+00:00,0.05670285940701954
2026-06-08 11:00:00+00:00,0.07316077506207265
2026-06-08 11:15:00+00:00,0.07273077506207265
2026-06-08 11:30:00+00:00,0.07290077506207264
2026-06-08 11:45:00+00:00,0.07432077506207264
2026-06-08 12:00:00+00:00,0.0039337582382637445
2026-06-08 12:15:00+00:00,0.01427375823826374
2026-06-08 12:30:00+00:00,0.029223758238263745
2026-06-08 12:45:00+00:00,0.034303758238263746
2026-06-08 13:00:00+00:00,0.06000665094647066
2026-06-08 13:15:00+00:00,0.06652665094647066
2026-06-08 13:30:00+00:00,0.07601665094647056
2026-06-08 13:45:00+00:00,0.09172665094647066
2026-06-08 14:00:00+00:00,0.08903334323567637
2026-06-08 14:15:00+00:00,0.10160334323567637
2026-06-08 14:30:00+00:00,0.11043334323567636
2026-06-08 14:45:00+00:00,0.12094334323567636
2026-06-08 15:00:00+00:00,0.1078534214477367
2026-06-08 15:15:00+00:00,0.11790342144773669
2026-06-08 15:30:00+00:00,0.13008342144773669
2026-06-08 15:45:00+00:00,0.1523934214477367
2026-06-08 16:00:00+00:00,0.13659191114132133
2026-06-08 16:15:00+00:00,0.14638191114132135
2026-06-08 16:30:00+00:00,0.16267191114132123
2026-06-08 16:45:00+00:00,0.18932191114132133
2026-06-08 17:00:00+00:00,0.17604596831551705
2026-06-08 17:15:00+00:00,0.19521596831551705
2026-06-08 17:30:00+00:00,0.21347596831551705
2026-06-08 17:45:00+00:00,0.23221596831551705
2026-06-08 18:00:00+00:00,0.2021081492410229
2026-06-08 18:15:00+00:00,0.2017881492410229
2026-06-08 18:30:00+00:00,0.2059381492410229
2026-06-08 18:45:00+00:00,0.2033681492410229
2026-06-08 19:00:00+00:00,0.20817923881109732
2026-06-08 19:15:00+00:00,0.18556923881109733
2026-06-08 19:30:00+00:00,0.16613923881109732
2026-06-08 19:45:00+00:00,0.14438923881109722
2026-06-08 20:00:00+00:00,0.1746289876122018
2026-06-08 20:15:00+00:00,0.1524989876122017
2026-06-08 20:30:00+00:00,0.1349789876122018
2026-06-08 20:45:00+00:00,0.1293189876122018
2026-06-08 21:00:00+00:00,0.15761777810766764
2026-06-08 21:15:00+00:00,0.14911777810766755
2026-06-08 21:30:00+00:00,0.14835777810766765
2026-06-08 21:45:00+00:00,0.14215777810766766
2026-06-08 22:00:00+00:00,0.1294195852719189
2026-06-08 22:15:00+00:00,0.1165395852719189
2026-06-08 22:30:00+00:00,0.11117958527191892
2026-06-08 22:45:00+00:00,0.10510958527191891
2026-06-08 23:00:00+00:00,0.12422594628552094
2026-06-08 23:15:00+00:00,0.12146594628552096
2026-06-08 23:30:00+00:00,0.12002594628552095
2026-06-08 23:45:00+00:00,0.11829594628552095
2026-06-09 00:00:00+00:00,0.12144885531507074
2026-06-09 00:15:00+00:00,0.11835885531507073
2026-06-09 00:30:00+00:00,0.12006885531507074
2026-06-09 00:45:00+00:00,0.11559885531507073
2026-06-09 01:00:00+00:00,0.14287095585268975
2026-06-09 01:15:00+00:00,0.13982095585268975
2026-06-09 01:30:00+00:00,0.13939095585268976
2026-06-09 01:45:00+00:00,0.13747095585268976
2026-06-09 02:00:00+00:00,0.10598193053931512
2026-06-09 02:15:00+00:00,0.10489193053931511
2026-06-09 02:30:00+00:00,0.10447193053931501
2026-06-09 02:45:00+00:00,0.10448193053931512
2026-06-09 03:00:00+00:00,0.131017769682085
2026-06-09 03:15:00+00:00,0.13185776968208499
2026-06-09 03:30:00+00:00,0.13296776968208499
2026-06-09 03:45:00+00:00,0.137997769682085
2026-06-09 04:00:00+00:00,0.14747723269308172
2026-06-09 04:15:00+00:00,0.15372723269308172
2026-06-09 04:30:00+00:00,0.1559872326930817
2026-06-09 04:45:00+00:00,0.1539672326930817
2026-06-09 05:00:00+00:00,0.14051853550315466
2026-06-09 05:15:00+00:00,0.13408853550315464
2026-06-09 05:30:00+00:00,0.13291853550315463
2026-06-09 05:45:00+00:00,0.12631853550315464
2026-06-09 06:00:00+00:00,0.13444810526737097
2026-06-09 06:15:00+00:00,0.12538810526737088
2026-06-09 06:30:00+00:00,0.12123810526737097
2026-06-09 06:45:00+00:00,0.11099810526737097
2026-06-09 07:00:00+00:00,0.12101374263325565
2026-06-09 07:15:00+00:00,0.10353374263325563
2026-06-09 07:30:00+00:00,0.09661374263325564
2026-06-09 07:45:00+00:00,0.08265374263325564
2026-06-09 08:00:00+00:00,0.09530933065213994
2026-06-09 08:15:00+00:00,0.08119933065213994
2026-06-09 08:30:00+00:00,0.07419933065213993
2026-06-09 08:45:00+00:00,0.059829330652139946
2026-06-09 09:00:00+00:00,0.09792638781974308
2026-06-09 09:15:00+00:00,0.08110638781974308
2026-06-09 09:30:00+00:00,0.07150638781974308
2026-06-09 09:45:00+00:00,0.055846387819743076
2026-06-09 10:00:00+00:00,0.054874735419843404
2026-06-09 10:15:00+00:00,0.0326847354198434
2026-06-09 10:30:00+00:00,0.019344735419843405
2026-06-09 10:45:00+00:00,0.010934735419843404
2026-06-09 11:00:00+00:00,0.012423374142984812
2026-06-09 11:15:00+00:00,0.008153374142984813
2026-06-09 11:30:00+00:00,0.006423374142984812
2026-06-09 11:45:00+00:00,0.004423374142984812
2026-06-09 12:00:00+00:00,-0.020575626856007646
2026-06-09 12:15:00+00:00,-0.020375626856007644
2026-06-09 12:30:00+00:00,-0.020585626856007646
2026-06-09 12:45:00+00:00,-0.020585626856007646
2026-06-09 13:00:00+00:00,-0.017687324808959837
2026-06-09 13:15:00+00:00,-0.01739732480895984
2026-06-09 13:30:00+00:00,-0.016667324808959837
2026-06-09 13:45:00+00:00,-0.013277324808959837
2026-06-09 14:00:00+00:00,0.04277515888263247
2026-06-09 14:15:00+00:00,0.05239515888263247
2026-06-09 14:30:00+00:00,0.08004515888263236
2026-06-09 14:45:00+00:00,0.10466515888263248
2026-06-09 15:00:00+00:00,0.026752508423835936
2026-06-09 15:15:00+00:00,0.06858250842383594
2026-06-09 15:30:00+00:00,0.09022250842383595
2026-06-09 15:45:00+00:00,0.10428250842383584
2026-06-09 16:00:00+00:00,0.07964380911766117
2026-06-09 16:15:00+00:00,0.09775380911766117
2026-06-09 16:30:00+00:00,0.11403380911766127
2026-06-09 16:45:00+00:00,0.12581380911766127
2026-06-09 17:00:00+00:00,0.14789599547887164
2026-06-09 17:15:00+00:00,0.16425599547887162
2026-06-09 17:30:00+00:00,0.17030599547887162
2026-06-09 17:45:00+00:00,0.17192599547887163
2026-06-09 18:00:00+00:00,0.1503581431365999
2026-06-09 18:15:00+00:00,0.1553781431365999
2026-06-09 18:30:00+00:00,0.1621981431365999
2026-06-09 18:45:00+00:00,0.1676981431365999
2026-06-09 19:00:00+00:00,0.1682334141179843
2026-06-09 19:15:00+00:00,0.16894341411798428
2026-06-09 19:30:00+00:00,0.16832341411798418
2026-06-09 19:45:00+00:00,0.16209341411798428
2026-06-09 20:00:00+00:00,0.15012342856263222
2026-06-09 20:15:00+00:00,0.14745342856263224
2026-06-09 20:30:00+00:00,0.14141342856263223
2026-06-09 20:45:00+00:00,0.13083342856263222
2026-06-09 21:00:00+00:00,0.13590448254143517
2026-06-09 21:15:00+00:00,0.12623448254143518
2026-06-09 21:30:00+00:00,0.12352448254143517
2026-06-09 21:45:00+00:00,0.11614448254143517
2026-06-09 22:00:00+00:00,0.12678390393084277
2026-06-09 22:15:00+00:00,0.12346390393084278
2026-06-09 22:30:00+00:00,0.12087390393084278
2026-06-09 22:45:00+00:00,0.11606390393084277
2026-06-09 23:00:00+00:00,0.09755262254571756
2026-06-09 23:15:00+00:00,0.09299262254571757
2026-06-09 23:30:00+00:00,0.08988262254571756
2026-06-09 23:45:00+00:00,0.08555262254571747
2026-06-10 00:00:00+00:00,0.11263436160388479
2026-06-10 00:15:00+00:00,0.10865436160388468
2026-06-10 00:30:00+00:00,0.10941436160388479
2026-06-10 00:45:00+00:00,0.10734436160388479
2026-06-10 01:00:00+00:00,0.11624951435559928
2026-06-10 01:15:00+00:00,0.11667951435559917
2026-06-10 01:30:00+00:00,0.11659951435559927
2026-06-10 01:45:00+00:00,0.11745951435559927
2026-06-10 02:00:00+00:00,0.14282167787180314
2026-06-10 02:15:00+00:00,0.14512167787180313
2026-06-10 02:30:00+00:00,0.14903167787180313
2026-06-10 02:45:00+00:00,0.15199167787180312
2026-06-10 03:00:00+00:00,0.11500020567612666
2026-06-10 03:15:00+00:00,0.11883020567612665
2026-06-10 03:30:00+00:00,0.12001020567612665
2026-06-10 03:45:00+00:00,0.12749020567612665
2026-06-10 04:00:00+00:00,0.0851302335710095
2026-06-10 04:15:00+00:00,0.0913702335710095
2026-06-10 04:30:00+00:00,0.0912002335710095
2026-06-10 04:45:00+00:00,0.08831023357100941
2026-06-10 05:00:00+00:00,0.13838304733661383
2026-06-10 05:15:00+00:00,0.13629304733661382
2026-06-10 05:30:00+00:00,0.1336730473366138
2026-06-10 05:45:00+00:00,0.13197304733661372
2026-06-10 06:00:00+00:00,0.1915475237934
2026-06-10 06:15:00+00:00,0.18307752379340003
2026-06-10 06:30:00+00:00,0.17684752379340002
2026-06-10 06:45:00+00:00,0.15648752379340003
2026-06-10 07:00:00+00:00,0.14004920612212257
2026-06-10 07:15:00+00:00,0.12429920612212257
2026-06-10 07:30:00+00:00,0.11091920612212257
2026-06-10 07:45:00+00:00,0.10681920612212256
2026-06-10 08:00:00+00:00,0.08420017159329611
2026-06-10 08:15:00+00:00,0.07336017159329612
2026-06-10 08:30:00+00:00,0.07197017159329612
2026-06-10 08:45:00+00:00,0.057100171593296105
2026-06-10 09:00:00+00:00,0.09311139563542888
2026-06-10 09:15:00+00:00,0.08685139563542887
2026-06-10 09:30:00+00:00,0.08085139563542887
2026-06-10 09:45:00+00:00,0.07486139563542887
2026-06-10 10:00:00+00:00,0.05629573751468297
2026-06-10 10:15:00+00:00,0.05084573751468296
2026-06-10 10:30:00+00:00,0.055585737514682966
2026-06-10 10:45:00+00:00,0.05744573751468297
2026-06-10 11:00:00+00:00,0.04749421412208192
2026-06-10 11:15:00+00:00,0.04719421412208191
2026-06-10 11:30:00+00:00,0.04703421412208192
2026-06-10 11:45:00+00:00,0.04504421412208191
2026-06-10 12:00:00+00:00,0.0636388229042057
2026-06-10 12:15:00+00:00,0.0656388229042057
2026-06-10 12:30:00+00:00,0.07261882290420558
2026-06-10 12:45:00+00:00,0.08379882290420569
2026-06-10 13:00:00+00:00,0.07299176943309953
2026-06-10 13:15:00+00:00,0.08873176943309953
2026-06-10 13:30:00+00:00,0.09046176943309953
2026-06-10 13:45:00+00:00,0.10104176943309953
2026-06-10 14:00:00+00:00,0.05112973353945654
2026-06-10 14:15:00+00:00,0.06190973353945655
2026-06-10 14:30:00+00:00,0.07423973353945654
2026-06-10 14:45:00+00:00,0.08892973353945655
2026-06-10 15:00:00+00:00,0.08441456073827418
2026-06-10 15:15:00+00:00,0.09814456073827418
2026-06-10 15:30:00+00:00,0.11078456073827417
2026-06-10 15:45:00+00:00,0.12379456073827419
2026-06-10 16:00:00+00:00,0.12393991271132694
2026-06-10 16:15:00+00:00,0.13935991271132694
2026-06-10 16:30:00+00:00,0.14784991271132697
2026-06-10 16:45:00+00:00,0.15170991271132694
2026-06-10 17:00:00+00:00,0.13754994672033616
2026-06-10 17:15:00+00:00,0.15117994672033613
2026-06-10 17:30:00+00:00,0.16986994672033615
2026-06-10 17:45:00+00:00,0.19526994672033615
2026-06-10 18:00:00+00:00,0.19383453249551025
2026-06-10 18:15:00+00:00,0.21079453249551025
2026-06-10 18:30:00+00:00,0.23337453249551024
2026-06-10 18:45:00+00:00,0.24693453249551026
2026-06-10 19:00:00+00:00,0.2037408528638322
2026-06-10 19:15:00+00:00,0.18748085286383218
2026-06-10 19:30:00+00:00,0.17403085286383219
2026-06-10 19:45:00+00:00,0.1654608528638322
2026-06-10 20:00:00+00:00,0.20232161473843427
2026-06-10 20:15:00+00:00,0.1893116147384344
2026-06-10 20:30:00+00:00,0.17518161473843438
2026-06-10 20:45:00+00:00,0.16021161473843437
2026-06-10 21:00:00+00:00,0.14804880021395994
2026-06-10 21:15:00+00:00,0.12823880021395995
2026-06-10 21:30:00+00:00,0.12489880021395992
2026-06-10 21:45:00+00:00,0.11880880021395991
2026-06-10 22:00:00+00:00,0.17740472431220478
2026-06-10 22:15:00+00:00,0.17106472431220482
2026-06-10 22:30:00+00:00,0.1716647243122048
2026-06-10 22:45:00+00:00,0.16353472431220478
2026-06-10 23:00:00+00:00,0.10700348305854801
2026-06-10 23:15:00+00:00,0.10342348305854801
2026-06-10 23:30:00+00:00,0.09989348305854792
2026-06-10 23:45:00+00:00,0.09752348305854802
2026-06-11 00:00:00+00:00,0.11012466011773969
2026-06-11 00:15:00+00:00,0.1064246601177398
2026-06-11 00:30:00+00:00,0.10449466011773981
2026-06-11 00:45:00+00:00,0.1034346601177398
2026-06-11 01:00:00+00:00,0.13592905677358738
2026-06-11 01:15:00+00:00,0.13279905677358747
2026-06-11 01:30:00+00:00,0.1333190567735875
2026-06-11 01:45:00+00:00,0.1316590567735875
2026-06-11 02:00:00+00:00,0.1558097607247917
2026-06-11 02:15:00+00:00,0.15607976072479168
2026-06-11 02:30:00+00:00,0.15659976072479168
2026-06-11 02:45:00+00:00,0.15800976072479167
2026-06-11 03:00:00+00:00,0.12977881635358196
2026-06-11 03:15:00+00:00,0.12964881635358197
2026-06-11 03:30:00+00:00,0.13340881635358198
2026-06-11 03:45:00+00:00,0.13696881635358196
2026-06-11 04:00:00+00:00,0.145532336632045
2026-06-11 04:15:00+00:00,0.149872336632045
2026-06-11 04:30:00+00:00,0.15034233663204502
2026-06-11 04:45:00+00:00,0.148942336632045
2026-06-11 05:00:00+00:00,0.15440223503318043
2026-06-11 05:15:00+00:00,0.14025223503318043
2026-06-11 05:30:00+00:00,0.13520223503318043
2026-06-11 05:45:00+00:00,0.12662223503318043
2026-06-11 06:00:00+00:00,0.12356025236132398
2026-06-11 06:15:00+00:00,0.11516025236132399
2026-06-11 06:30:00+00:00,0.10393025236132399
2026-06-11 06:45:00+00:00,0.08847025236132398
2026-06-11 07:00:00+00:00,0.11027386255038654
2026-06-11 07:15:00+00:00,0.09766386255038656
2026-06-11 07:30:00+00:00,0.09030386255038655
2026-06-11 07:45:00+00:00,0.08092386255038655
2026-06-11 08:00:00+00:00,0.08322154140278916
2026-06-11 08:15:00+00:00,0.07090154140278916
2026-06-11 08:30:00+00:00,0.06145154140278916
2026-06-11 08:45:00+00:00,0.05752154140278916
2026-06-11 09:00:00+00:00,0.06619410793328732
2026-06-11 09:15:00+00:00,0.05549410793328721
2026-06-11 09:30:00+00:00,0.050114107933287314
2026-06-11 09:45:00+00:00,0.04210410793328721
2026-06-11 10:00:00+00:00,0.0744120095910149
2026-06-11 10:15:00+00:00,0.0691620095910149
2026-06-11 10:30:00+00:00,0.0660020095910149
2026-06-11 10:45:00+00:00,0.061042009591014905
2026-06-11 11:00:00+00:00,0.038701959080738285
2026-06-11 11:15:00+00:00,0.02871195908073829
2026-06-11 11:30:00+00:00,0.02157195908073829
2026-06-11 11:45:00+00:00,0.00970195908073829
2026-06-11 12:00:00+00:00,0.03979170401471979
2026-06-11 12:15:00+00:00,0.03817170401471969
2026-06-11 12:30:00+00:00,0.03594170401471979
2026-06-11 12:45:00+00:00,0.035901704014719794
2026-06-11 13:00:00+00:00,0.016019417814067398
2026-06-11 13:15:00+00:00,0.022099417814067497
2026-06-11 13:30:00+00:00,0.0278594178140675
2026-06-11 13:45:00+00:00,0.0424394178140675
2026-06-11 14:00:00+00:00,0.058245944449136215
2026-06-11 14:15:00+00:00,0.07741594444913621
2026-06-11 14:30:00+00:00,0.0904659444491362
2026-06-11 14:45:00+00:00,0.10952594444913621
2026-06-11 15:00:00+00:00,0.06889061203511224
2026-06-11 15:15:00+00:00,0.09102061203511225
2026-06-11 15:30:00+00:00,0.09879061203511225
2026-06-11 15:45:00+00:00,0.11177061203511224
2026-06-11 16:00:00+00:00,0.1363861164696137
2026-06-11 16:15:00+00:00,0.1439561164696137
2026-06-11 16:30:00+00:00,0.15912611646961372
2026-06-11 16:45:00+00:00,0.17583611646961372
2026-06-11 17:00:00+00:00,0.13231823253290567
2026-06-11 17:15:00+00:00,0.14528823253290565
2026-06-11 17:30:00+00:00,0.15600823253290566
2026-06-11 17:45:00+00:00,0.17511823253290565
2026-06-11 18:00:00+00:00,0.1821071206163827
2026-06-11 18:15:00+00:00,0.19158712061638272
2026-06-11 18:30:00+00:00,0.2064471206163827
2026-06-11 18:45:00+00:00,0.2101171206163827
2026-06-11 19:00:00+00:00,0.16940523008570912
2026-06-11 19:15:00+00:00,0.15857523008570912
2026-06-11 19:30:00+00:00,0.14731523008570901
2026-06-11 19:45:00+00:00,0.12893523008570912
2026-06-11 20:00:00+00:00,0.1536916161568171
2026-06-11 20:15:00+00:00,0.1440716161568171
2026-06-11 20:30:00+00:00,0.1330116161568171
2026-06-11 20:45:00+00:00,0.12228161615681708
2026-06-11 21:00:00+00:00,0.1100028331239846
2026-06-11 21:15:00+00:00,0.10196283312398459
2026-06-11 21:30:00+00:00,0.09634283312398459
2026-06-11 21:45:00+00:00,0.0838328331239846
2026-06-11 22:00:00+00:00,0.12054013420819347
2026-06-11 22:15:00+00:00,0.11239013420819358
2026-06-11 22:30:00+00:00,0.10620013420819358
2026-06-11 22:45:00+00:00,0.09805013420819357
2026-06-11 23:00:00+00:00,0.10810391763337532
2026-06-11 23:15:00+00:00,0.1022039176333753
2026-06-11 23:30:00+00:00,0.0942939176333753
2026-06-11 23:45:00+00:00,0.0841839176333753
2026-06-12 00:00:00+00:00,0.08814258429294024
2026-06-12 00:15:00+00:00,0.08294258429294024
2026-06-12 00:30:00+00:00,0.08056258429294023
2026-06-12 00:45:00+00:00,0.07302258429294024
2026-06-12 01:00:00+00:00,0.0722555186102353
2026-06-12 01:15:00+00:00,0.0696755186102353
2026-06-12 01:30:00+00:00,0.0683455186102353
2026-06-12 01:45:00+00:00,0.0685955186102353
2026-06-12 02:00:00+00:00,0.06429706531746798
2026-06-12 02:15:00+00:00,0.06587706531746798
2026-06-12 02:30:00+00:00,0.06740706531746787
2026-06-12 02:45:00+00:00,0.07071706531746798
2026-06-12 03:00:00+00:00,0.045547866853863334
2026-06-12 03:15:00+00:00,0.04892786685386334
2026-06-12 03:30:00+00:00,0.054397866853863344
2026-06-12 03:45:00+00:00,0.06346786685386334
2026-06-12 04:00:00+00:00,0.08654996714111654
2026-06-12 04:15:00+00:00,0.09982996714111653
2026-06-12 04:30:00+00:00,0.10195996714111655
2026-06-12 04:45:00+00:00,0.10504996714111653
2026-06-12 05:00:00+00:00,0.13722000229939185
2026-06-12 05:15:00+00:00,0.13706000229939186
2026-06-12 05:30:00+00:00,0.13222000229939188
2026-06-12 05:45:00+00:00,0.13024000229939187
2026-06-12 06:00:00+00:00,0.10511809399829714
2026-06-12 06:15:00+00:00,0.09999809399829715
2026-06-12 06:30:00+00:00,0.09496809399829714
2026-06-12 06:45:00+00:00,0.09178809399829715
2026-06-12 07:00:00+00:00,0.09863117451210751
2026-06-12 07:15:00+00:00,0.0948611745121075
2026-06-12 07:30:00+00:00,0.0894211745121075
2026-06-12 07:45:00+00:00,0.0861511745121075
2026-06-12 08:00:00+00:00,0.14394719599634892
2026-06-12 08:15:00+00:00,0.13708719599634892
2026-06-12 08:30:00+00:00,0.13126719599634892
2026-06-12 08:45:00+00:00,0.1277271959963489
2026-06-12 09:00:00+00:00,0.08378458597728462
2026-06-12 09:15:00+00:00,0.08004458597728463
2026-06-12 09:30:00+00:00,0.07808458597728463
2026-06-12 09:45:00+00:00,0.07334458597728463
2026-06-12 10:00:00+00:00,0.08906911908867053
2026-06-12 10:15:00+00:00,0.08486911908867054
2026-06-12 10:30:00+00:00,0.08833911908867054
2026-06-12 10:45:00+00:00,0.08533911908867053
2026-06-12 11:00:00+00:00,0.08513237483642416
2026-06-12 11:15:00+00:00,0.08393237483642416
2026-06-12 11:30:00+00:00,0.08170237483642416
2026-06-12 11:45:00+00:00,0.07697237483642416
2026-06-12 12:00:00+00:00,0.07151370852577427
2026-06-12 12:15:00+00:00,0.07131370852577426
2026-06-12 12:30:00+00:00,0.07268370852577427
2026-06-12 12:45:00+00:00,0.07466370852577427
2026-06-12 13:00:00+00:00,0.02453795649104607
2026-06-12 13:15:00+00:00,0.02328795649104607
2026-06-12 13:30:00+00:00,0.02996795649104607
2026-06-12 13:45:00+00:00,0.03450795649104607
2026-06-12 14:00:00+00:00,0.04951435130976087
2026-06-12 14:15:00+00:00,0.05923435130976086
2026-06-12 14:30:00+00:00,0.06741435130976087
2026-06-12 14:45:00+00:00,0.07992435130976086
2026-06-12 15:00:00+00:00,0.03155558467349813
2026-06-12 15:15:00+00:00,0.045285584673498136
2026-06-12 15:30:00+00:00,0.053805584673498136
2026-06-12 15:45:00+00:00,0.06590558467349814
2026-06-12 16:00:00+00:00,0.13168031854155243
2026-06-12 16:15:00+00:00,0.14196031854155244
2026-06-12 16:30:00+00:00,0.15787031854155242
2026-06-12 16:45:00+00:00,0.16289031854155245
2026-06-12 17:00:00+00:00,0.08028467040416527
2026-06-12 17:15:00+00:00,0.08631467040416527
2026-06-12 17:30:00+00:00,0.09000467040416527
2026-06-12 17:45:00+00:00,0.08966467040416527
2026-06-12 18:00:00+00:00,0.0949862667014871
2026-06-12 18:15:00+00:00,0.09223626670148702
2026-06-12 18:30:00+00:00,0.08848626670148713
2026-06-12 18:45:00+00:00,0.0899362667014871
2026-06-12 19:00:00+00:00,0.09162928773059247
2026-06-12 19:15:00+00:00,0.09110928773059246
2026-06-12 19:30:00+00:00,0.09099928773059246
2026-06-12 19:45:00+00:00,0.08901928773059246
2026-06-12 20:00:00+00:00,0.0859293361217532
2026-06-12 20:15:00+00:00,0.0850093361217532
2026-06-12 20:30:00+00:00,0.0847493361217532
2026-06-12 20:45:00+00:00,0.0787993361217532
2026-06-12 21:00:00+00:00,0.13291348618106513
2026-06-12 21:15:00+00:00,0.12668348618106512
2026-06-12 21:30:00+00:00,0.12495348618106511
2026-06-12 21:45:00+00:00,0.11845348618106512
2026-06-12 22:00:00+00:00,0.15348171560040919
2026-06-12 22:15:00+00:00,0.13401171560040917
2026-06-12 22:30:00+00:00,0.12322171560040918
2026-06-12 22:45:00+00:00,0.11567171560040918
2026-06-12 23:00:00+00:00,0.07711826009033396
2026-06-12 23:15:00+00:00,0.06858826009033395
2026-06-12 23:30:00+00:00,0.06272826009033396
2026-06-12 23:45:00+00:00,0.05277826009033394
2026-06-13 00:00:00+00:00,0.04688764143358974
2026-06-13 00:15:00+00:00,0.04039764143358973
2026-06-13 00:30:00+00:00,0.04039764143358973
2026-06-13 00:45:00+00:00,0.03867764143358973
2026-06-13 01:00:00+00:00,0.028137199987640013
2026-06-13 01:15:00+00:00,0.023407199987640015
2026-06-13 01:30:00+00:00,0.022267199987640013
2026-06-13 01:45:00+00:00,0.017117199987640018
2026-06-13 02:00:00+00:00,0.0676745793436564
2026-06-13 02:15:00+00:00,0.0631545793436564
2026-06-13 02:30:00+00:00,0.0579445793436564
2026-06-13 02:45:00+00:00,0.055514579343656396
2026-06-13 03:00:00+00:00,0.06686688520183785
2026-06-13 03:15:00+00:00,0.05422688520183786
2026-06-13 03:30:00+00:00,0.03998688520183786
2026-06-13 03:45:00+00:00,0.030846885201837856
2026-06-13 04:00:00+00:00,0.03768263924263373
2026-06-13 04:15:00+00:00,0.02275263924263373
2026-06-13 04:30:00+00:00,0.014822639242633731
2026-06-13 04:45:00+00:00,0.00339263924263373
2026-06-13 05:00:00+00:00,0.03474770042053366
2026-06-13 05:15:00+00:00,0.018907700420533666
2026-06-13 05:30:00+00:00,0.011067700420533665
2026-06-13 05:45:00+00:00,0.006167700420533665
2026-06-13 06:00:00+00:00,0.008661181773220117
2026-06-13 06:15:00+00:00,0.007261181773220117
2026-06-13 06:30:00+00:00,0.007251181773220117
2026-06-13 06:45:00+00:00,0.007181181773220116
2026-06-13 07:00:00+00:00,0.005856552891871584
2026-06-13 07:15:00+00:00,0.005656552891871584
2026-06-13 07:30:00+00:00,0.003936552891871584
2026-06-13 07:45:00+00:00,0.003866552891871584
2026-06-13 08:00:00+00:00,-0.007818694745915126
2026-06-13 08:15:00+00:00,-0.009048694745915225
2026-06-13 08:30:00+00:00,-0.010818694745915226
2026-06-13 08:45:00+00:00,-0.015218694745915225
2026-06-13 09:00:00+00:00,-0.03022195342045536
2026-06-13 09:15:00+00:00,-0.03514195342045536
2026-06-13 09:30:00+00:00,-0.03814195342045536
2026-06-13 09:45:00+00:00,-0.04024195342045536
2026-06-13 10:00:00+00:00,-0.007705526980515879
2026-06-13 10:15:00+00:00,-0.012575526980515879
2026-06-13 10:30:00+00:00,-0.017705526980515883
2026-06-13 10:45:00+00:00,-0.022765526980515885
2026-06-13 11:00:00+00:00,-0.03526006362026859
2026-06-13 11:15:00+00:00,-0.04478006362026859
2026-06-13 11:30:00+00:00,-0.049750063620268584
2026-06-13 11:45:00+00:00,-0.05276006362026859
2026-06-13 12:00:00+00:00,-0.03019671086786338
2026-06-13 12:15:00+00:00,-0.03019671086786338
2026-06-13 12:30:00+00:00,-0.02867671086786338
2026-06-13 12:45:00+00:00,-0.025626710867863382
2026-06-13 13:00:00+00:00,-0.022302611145025887
2026-06-13 13:15:00+00:00,-0.01948261114502589
2026-06-13 13:30:00+00:00,-0.015482611145025886
2026-06-13 13:45:00+00:00,-0.010822611145025888
2026-06-13 14:00:00+00:00,-0.051124429276918126
2026-06-13 14:15:00+00:00,-0.04611442927691802
2026-06-13 14:30:00+00:00,-0.04413442927691812
2026-06-13 14:45:00+00:00,-0.03980442927691812
2026-06-13 15:00:00+00:00,-0.03536338038749569
2026-06-13 15:15:00+00:00,-0.031143380387495687
2026-06-13 15:30:00+00:00,-0.028333380387495687
2026-06-13 15:45:00+00:00,-0.02743338038749569
2026-06-13 16:00:00+00:00,-0.014732822240290561
2026-06-13 16:15:00+00:00,-0.015222822240290562
2026-06-13 16:30:00+00:00,-0.013972822240290561
2026-06-13 16:45:00+00:00,-0.013792822240290561
2026-06-13 17:00:00+00:00,-0.016378543494931494
2026-06-13 17:15:00+00:00,0.0007914565050686044
2026-06-13 17:30:00+00:00,0.029291456505068605
2026-06-13 17:45:00+00:00,0.042301456505068606
2026-06-13 18:00:00+00:00,0.05964751300819139
2026-06-13 18:15:00+00:00,0.08652751300819139
2026-06-13 18:30:00+00:00,0.09613751300819139
2026-06-13 18:45:00+00:00,0.10221751300819139
2026-06-13 19:00:00+00:00,0.08868520441461379
2026-06-13 19:15:00+00:00,0.0923552044146138
2026-06-13 19:30:00+00:00,0.0944652044146138
2026-06-13 19:45:00+00:00,0.09895520441461379
2026-06-13 20:00:00+00:00,0.13068715895727206
2026-06-13 20:15:00+00:00,0.12396715895727217
2026-06-13 20:30:00+00:00,0.12320715895727216
2026-06-13 20:45:00+00:00,0.11286715895727217
2026-06-13 21:00:00+00:00,0.10517532012928434
2026-06-13 21:15:00+00:00,0.09726532012928434
2026-06-13 21:30:00+00:00,0.09307532012928434
2026-06-13 21:45:00+00:00,0.08562532012928434
2026-06-13 22:00:00+00:00,0.0911738702121675
2026-06-13 22:15:00+00:00,0.0797238702121675
2026-06-13 22:30:00+00:00,0.0661438702121675
2026-06-13 22:45:00+00:00,0.04944387021216749
2026-06-13 23:00:00+00:00,0.08247465605065678
2026-06-13 23:15:00+00:00,0.07461465605065677
2026-06-13 23:30:00+00:00,0.06843465605065678
2026-06-13 23:45:00+00:00,0.06041465605065678
2026-06-14 00:00:00+00:00,0.05363109161054465
2026-06-14 00:15:00+00:00,0.04285109161054465
2026-06-14 00:30:00+00:00,0.03677109161054465
2026-06-14 00:45:00+00:00,0.037581091610544654
2026-06-14 01:00:00+00:00,0.030971333708889173
2026-06-14 01:15:00+00:00,0.027551333708889174
2026-06-14 01:30:00+00:00,0.029981333708889172
2026-06-14 01:45:00+00:00,0.028791333708889172
2026-06-14 02:00:00+00:00,0.05294285723239348
2026-06-14 02:15:00+00:00,0.05225285723239348
2026-06-14 02:30:00+00:00,0.05429285723239348
2026-06-14 02:45:00+00:00,0.05561285723239348
2026-06-14 03:00:00+00:00,0.02709641237411456
2026-06-14 03:15:00+00:00,0.02242641237411446
2026-06-14 03:30:00+00:00,0.02373641237411456
2026-06-14 03:45:00+00:00,0.02067641237411456
2026-06-14 04:00:00+00:00,0.0082078374417448
2026-06-14 04:15:00+00:00,0.0043078374417448015
2026-06-14 04:30:00+00:00,-0.00011216255825519973
2026-06-14 04:45:00+00:00,-0.0038121625582551995
2026-06-14 05:00:00+00:00,-0.013514737943151897
2026-06-14 05:15:00+00:00,-0.015394737943151897
2026-06-14 05:30:00+00:00,-0.015404737943151897
2026-06-14 05:45:00+00:00,-0.015424737943151898
2026-06-14 06:00:00+00:00,0.012907870918454014
2026-06-14 06:15:00+00:00,0.012827870918454014
2026-06-14 06:30:00+00:00,0.012727870918454015
2026-06-14 06:45:00+00:00,0.011817870918454014
2026-06-14 07:00:00+00:00,0.021460413263870708
2026-06-14 07:15:00+00:00,0.020720413263870807
2026-06-14 07:30:00+00:00,0.019680413263870808
2026-06-14 07:45:00+00:00,0.017730413263870707
2026-06-14 08:00:00+00:00,-0.004399527534755828
2026-06-14 08:15:00+00:00,-0.005929527534755828
2026-06-14 08:30:00+00:00,-0.007939527534755828
2026-06-14 08:45:00+00:00,-0.010929527534755828
2026-06-14 09:00:00+00:00,0.016732536777769622
2026-06-14 09:15:00+00:00,0.016022536777769623
2026-06-14 09:30:00+00:00,0.014022536777769623
2026-06-14 09:45:00+00:00,0.012202536777769623
2026-06-14 10:00:00+00:00,-0.04806840442901939
2026-06-14 10:15:00+00:00,-0.05029840442901949
2026-06-14 10:30:00+00:00,-0.05119840442901949
2026-06-14 10:45:00+00:00,-0.05519840442901949
2026-06-14 11:00:00+00:00,-0.018028938259695405
2026-06-14 11:15:00+00:00,-0.021038938259695404
2026-06-14 11:30:00+00:00,-0.027718938259695403
2026-06-14 11:45:00+00:00,-0.0309789382596954
2026-06-14 12:00:00+00:00,-0.026816731355014
2026-06-14 12:15:00+00:00,-0.026556731355014
2026-06-14 12:30:00+00:00,-0.024836731355014
2026-06-14 12:45:00+00:00,-0.024736731355014002
2026-06-14 13:00:00+00:00,-0.03533829213632216
2026-06-14 13:15:00+00:00,-0.03335829213632216
2026-06-14 13:30:00+00:00,-0.03327829213632216
2026-06-14 13:45:00+00:00,-0.03145829213632216
2026-06-14 14:00:00+00:00,0.028892694169845856
2026-06-14 14:15:00+00:00,0.033712694169845854
2026-06-14 14:30:00+00:00,0.03633269416984586
2026-06-14 14:45:00+00:00,0.03946269416984585
2026-06-14 15:00:00+00:00,-0.006116268733691512
2026-06-14 15:15:00+00:00,-0.002526268733691512
2026-06-14 15:30:00+00:00,-0.0013362687336915123
2026-06-14 15:45:00+00:00,-0.0018662687336915122
2026-06-14 16:00:00+00:00,-0.008261924238731597
2026-06-14 16:15:00+00:00,-0.007531924238731598
2026-06-14 16:30:00+00:00,-0.0037419242387315976
2026-06-14 16:45:00+00:00,0.010688075761268404
2026-06-14 17:00:00+00:00,0.02182704564008203
2026-06-14 17:15:00+00:00,0.04381704564008202
2026-06-14 17:30:00+00:00,0.08438704564008202
2026-06-14 17:45:00+00:00,0.10020704564008202
2026-06-14 18:00:00+00:00,0.046908929690095524
2026-06-14 18:15:00+00:00,0.053998929690095634
2026-06-14 18:30:00+00:00,0.06320892969009563
2026-06-14 18:45:00+00:00,0.06819892969009562
2026-06-14 19:00:00+00:00,0.08962766670412285
2026-06-14 19:15:00+00:00,0.08997766670412286
2026-06-14 19:30:00+00:00,0.08701766670412285
2026-06-14 19:45:00+00:00,0.08803766670412284
2026-06-14 20:00:00+00:00,0.1381167241047098
2026-06-14 20:15:00+00:00,0.1335467241047098
2026-06-14 20:30:00+00:00,0.1260767241047098
2026-06-14 20:45:00+00:00,0.12364672410470978
2026-06-14 21:00:00+00:00,0.0975933276131782
2026-06-14 21:15:00+00:00,0.0904533276131782
2026-06-14 21:30:00+00:00,0.08958332761317819
2026-06-14 21:45:00+00:00,0.0897233276131782
2026-06-14 22:00:00+00:00,0.09978968049620116
2026-06-14 22:15:00+00:00,0.08946968049620116
2026-06-14 22:30:00+00:00,0.08378968049620115
2026-06-14 22:45:00+00:00,0.07175968049620116
2026-06-14 23:00:00+00:00,0.126242120253609
2026-06-14 23:15:00+00:00,0.1205521202536089
2026-06-14 23:30:00+00:00,0.115222120253609
2026-06-14 23:45:00+00:00,0.105872120253609
2026-06-15 00:00:00+00:00,0.11300675160142004
2026-06-15 00:15:00+00:00,0.10542675160142004
2026-06-15 00:30:00+00:00,0.11221675160142003
2026-06-15 00:45:00+00:00,0.10935675160142003
2026-06-15 01:00:00+00:00,0.0970095367515088
2026-06-15 01:15:00+00:00,0.09437953675150879
2026-06-15 01:30:00+00:00,0.09264953675150879
2026-06-15 01:45:00+00:00,0.0889495367515088
2026-06-15 02:00:00+00:00,0.07243736263286212
2026-06-15 02:15:00+00:00,0.07244736263286213
2026-06-15 02:30:00+00:00,0.07651736263286212
2026-06-15 02:45:00+00:00,0.08269736263286212
2026-06-15 03:00:00+00:00,0.07669979476123408
2026-06-15 03:15:00+00:00,0.08640979476123418
2026-06-15 03:30:00+00:00,0.08787979476123418
2026-06-15 03:45:00+00:00,0.09702979476123419
2026-06-15 04:00:00+00:00,0.08449399826485646
2026-06-15 04:15:00+00:00,0.09167399826485648
2026-06-15 04:30:00+00:00,0.09421399826485646
2026-06-15 04:45:00+00:00,0.09328399826485648
2026-06-15 05:00:00+00:00,0.10345135791183366
2026-06-15 05:15:00+00:00,0.09065135791183365
2026-06-15 05:30:00+00:00,0.08657135791183365
2026-06-15 05:45:00+00:00,0.07578135791183366
2026-06-15 06:00:00+00:00,0.08913917666994206
2026-06-15 06:15:00+00:00,0.08179917666994206
2026-06-15 06:30:00+00:00,0.06917917666994207
2026-06-15 06:45:00+00:00,0.04887917666994196
2026-06-15 07:00:00+00:00,0.08439344534794825
2026-06-15 07:15:00+00:00,0.06558344534794824
2026-06-15 07:30:00+00:00,0.044013445347948155
2026-06-15 07:45:00+00:00,0.015193445347948255
2026-06-15 08:00:00+00:00,0.03327732837864837
2026-06-15 08:15:00+00:00,0.00512732837864837
2026-06-15 08:30:00+00:00,-0.009312671621351631
2026-06-15 08:45:00+00:00,-0.018912671621351632
2026-06-15 09:00:00+00:00,-0.02468258801081548
2026-06-15 09:15:00+00:00,-0.028732588010815477
2026-06-15 09:30:00+00:00,-0.028732588010815477
2026-06-15 09:45:00+00:00,-0.028752588010815476
2026-06-15 10:00:00+00:00,0.004031454808042842
2026-06-15 10:15:00+00:00,0.0040214548080428425
2026-06-15 10:30:00+00:00,0.003991454808042842
2026-06-15 10:45:00+00:00,0.003971454808042842
2026-06-15 11:00:00+00:00,0.003290619754988711
2026-06-15 11:15:00+00:00,0.0032206197549887114
2026-06-15 11:30:00+00:00,0.0025006197549887112
2026-06-15 11:45:00+00:00,0.0023006197549888113
2026-06-15 12:00:00+00:00,0.02860153012559559
2026-06-15 12:15:00+00:00,0.02828153012559559
2026-06-15 12:30:00+00:00,0.02825153012559559
2026-06-15 12:45:00+00:00,0.02826153012559559
2026-06-15 13:00:00+00:00,-0.013380506575080586
2026-06-15 13:15:00+00:00,-0.013300506575080586
2026-06-15 13:30:00+00:00,-0.013140506575080585
2026-06-15 13:45:00+00:00,-0.013030506575080586
2026-06-15 14:00:00+00:00,0.005380754877960204
2026-06-15 14:15:00+00:00,0.005430754877960205
2026-06-15 14:30:00+00:00,0.0054407548779602044
2026-06-15 14:45:00+00:00,0.005450754877960204
2026-06-15 15:00:00+00:00,0.014185994944669243
2026-06-15 15:15:00+00:00,0.03696599494466924
2026-06-15 15:30:00+00:00,0.05572599494466924
2026-06-15 15:45:00+00:00,0.09081599494466913
2026-06-15 16:00:00+00:00,0.04278581493147176
2026-06-15 16:15:00+00:00,0.07283581493147176
2026-06-15 16:30:00+00:00,0.10300581493147176
2026-06-15 16:45:00+00:00,0.12852581493147178
2026-06-15 17:00:00+00:00,0.12118689476394462
2026-06-15 17:15:00+00:00,0.13562689476394463
2026-06-15 17:30:00+00:00,0.15054689476394462
2026-06-15 17:45:00+00:00,0.16367689476394462
2026-06-15 18:00:00+00:00,0.14534459162766783
2026-06-15 18:15:00+00:00,0.15183459162766783
2026-06-15 18:30:00+00:00,0.16816459162766784
2026-06-15 18:45:00+00:00,0.18641459162766782
2026-06-15 19:00:00+00:00,0.1609460755355494
2026-06-15 19:15:00+00:00,0.1636360755355494
2026-06-15 19:30:00+00:00,0.1658960755355494
2026-06-15 19:45:00+00:00,0.1586260755355494
2026-06-15 20:00:00+00:00,0.15800270110569944
2026-06-15 20:15:00+00:00,0.15119270110569955
2026-06-15 20:30:00+00:00,0.15038270110569954
2026-06-15 20:45:00+00:00,0.13680270110569953
2026-06-15 21:00:00+00:00,0.14048049710029062
2026-06-15 21:15:00+00:00,0.12675049710029063
2026-06-15 21:30:00+00:00,0.12479049710029064
2026-06-15 21:45:00+00:00,0.12072049710029062
2026-06-15 22:00:00+00:00,0.10671795380516746
2026-06-15 22:15:00+00:00,0.10185795380516746
2026-06-15 22:30:00+00:00,0.09332795380516745
2026-06-15 22:45:00+00:00,0.08887795380516747
2026-06-15 23:00:00+00:00,0.10589151518466124
2026-06-15 23:15:00+00:00,0.10240151518466123
2026-06-15 23:30:00+00:00,0.10153151518466123
2026-06-15 23:45:00+00:00,0.10021151518466123
2026-06-16 00:00:00+00:00,0.10491080806863043
2026-06-16 00:15:00+00:00,0.10350080806863043
2026-06-16 00:30:00+00:00,0.10200080806863043
2026-06-16 00:45:00+00:00,0.09897080806863043
2026-06-16 01:00:00+00:00,0.09235737361749963
2026-06-16 01:15:00+00:00,0.09199737361749963
2026-06-16 01:30:00+00:00,0.08801737361749964
2026-06-16 01:45:00+00:00,0.08898737361749964
2026-06-16 02:00:00+00:00,0.11848346403745022
2026-06-16 02:15:00+00:00,0.1184134640374502
2026-06-16 02:30:00+00:00,0.1195234640374502
2026-06-16 02:45:00+00:00,0.12087346403745022
2026-06-16 03:00:00+00:00,0.13399765940850572
2026-06-16 03:15:00+00:00,0.13477765940850572
2026-06-16 03:30:00+00:00,0.13877765940850573
2026-06-16 03:45:00+00:00,0.14088765940850573
2026-06-16 04:00:00+00:00,0.108314639411988
2026-06-16 04:15:00+00:00,0.11101463941198801
2026-06-16 04:30:00+00:00,0.112584639411988
2026-06-16 04:45:00+00:00,0.11331463941198801
2026-06-16 05:00:00+00:00,0.14419814692096947
2026-06-16 05:15:00+00:00,0.13851814692096948
2026-06-16 05:30:00+00:00,0.13668814692096937
2026-06-16 05:45:00+00:00,0.12820814692096946
2026-06-16 06:00:00+00:00,0.12076853420113864
2026-06-16 06:15:00+00:00,0.10857853420113864
2026-06-16 06:30:00+00:00,0.10351853420113866
2026-06-16 06:45:00+00:00,0.09638853420113866
2026-06-16 07:00:00+00:00,0.11332715134966052
2026-06-16 07:15:00+00:00,0.10805715134966053
2026-06-16 07:30:00+00:00,0.09981715134966053
2026-06-16 07:45:00+00:00,0.09439715134966054
2026-06-16 08:00:00+00:00,0.08264541186699305
2026-06-16 08:15:00+00:00,0.07800541186699295
2026-06-16 08:30:00+00:00,0.07321541186699305
2026-06-16 08:45:00+00:00,0.059315411866993045
2026-06-16 09:00:00+00:00,0.10530964257060417
2026-06-16 09:15:00+00:00,0.09619964257060416
2026-06-16 09:30:00+00:00,0.08755964257060417
2026-06-16 09:45:00+00:00,0.07731964257060417
2026-06-16 10:00:00+00:00,0.06353748154729344
2026-06-16 10:15:00+00:00,0.05526748154729345
2026-06-16 10:30:00+00:00,0.050877481547293456
2026-06-16 10:45:00+00:00,0.04641748154729345
2026-06-16 11:00:00+00:00,0.08392894079784399
2026-06-16 11:15:00+00:00,0.078588940797844
2026-06-16 11:30:00+00:00,0.069598940797844
2026-06-16 11:45:00+00:00,0.059258940797843995
2026-06-16 12:00:00+00:00,0.04342495833925983
2026-06-16 12:15:00+00:00,0.044114958339259935
2026-06-16 12:30:00+00:00,0.04599495833925993
2026-06-16 12:45:00+00:00,0.051334958339259926
2026-06-16 13:00:00+00:00,0.038553736866529506
2026-06-16 13:15:00+00:00,0.0459537368665295
2026-06-16 13:30:00+00:00,0.049473736866529505
2026-06-16 13:45:00+00:00,0.059153736866529506
2026-06-16 14:00:00+00:00,0.03740091137726752
2026-06-16 14:15:00+00:00,0.050270911377267524
2026-06-16 14:30:00+00:00,0.06750091137726752
2026-06-16 14:45:00+00:00,0.07854091137726751
2026-06-16 15:00:00+00:00,0.09883255295932947
2026-06-16 15:15:00+00:00,0.10889255295932947
2026-06-16 15:30:00+00:00,0.11980255295932947
2026-06-16 15:45:00+00:00,0.12997255295932947
2026-06-16 16:00:00+00:00,0.13045935558875038
2026-06-16 16:15:00+00:00,0.13925935558875038
2026-06-16 16:30:00+00:00,0.14533935558875027
2026-06-16 16:45:00+00:00,0.15917935558875038
2026-06-16 17:00:00+00:00,0.13200219182219536
2026-06-16 17:15:00+00:00,0.14641219182219534
2026-06-16 17:30:00+00:00,0.15913219182219535
2026-06-16 17:45:00+00:00,0.17501219182219535
2026-06-16 18:00:00+00:00,0.19167782524200266
2026-06-16 18:15:00+00:00,0.21050782524200265
2026-06-16 18:30:00+00:00,0.22176782524200267
2026-06-16 18:45:00+00:00,0.23700782524200265
2026-06-16 19:00:00+00:00,0.21263189316432
2026-06-16 19:15:00+00:00,0.21878189316431998
2026-06-16 19:30:00+00:00,0.20843189316431998
2026-06-16 19:45:00+00:00,0.19092189316431998
2026-06-16 20:00:00+00:00,0.18580927438637965
2026-06-16 20:15:00+00:00,0.15713927438637965
2026-06-16 20:30:00+00:00,0.14833927438637964
2026-06-16 20:45:00+00:00,0.14154927438637965
2026-06-16 21:00:00+00:00,0.14668634628079447
2026-06-16 21:15:00+00:00,0.13993634628079446
2026-06-16 21:30:00+00:00,0.13422634628079447
2026-06-16 21:45:00+00:00,0.12820634628079447
2026-06-16 22:00:00+00:00,0.15759052897312098
2026-06-16 22:15:00+00:00,0.15178052897312097
2026-06-16 22:30:00+00:00,0.14763052897312098
2026-06-16 22:45:00+00:00,0.14244052897312098
2026-06-16 23:00:00+00:00,0.12863166205840296
2026-06-16 23:15:00+00:00,0.11895166205840296
2026-06-16 23:30:00+00:00,0.11774166205840286
2026-06-16 23:45:00+00:00,0.11465166205840296
2026-06-17 00:00:00+00:00,0.1532201795242892
2026-06-17 00:15:00+00:00,0.1501701795242892
2026-06-17 00:30:00+00:00,0.15013017952428911
2026-06-17 00:45:00+00:00,0.14952017952428923
2026-06-17 01:00:00+00:00,0.1350642954591766
2026-06-17 01:15:00+00:00,0.1338042954591767
2026-06-17 01:30:00+00:00,0.1344542954591767
2026-06-17 01:45:00+00:00,0.13341429545917668
2026-06-17 02:00:00+00:00,0.13065235154251198
2026-06-17 02:15:00+00:00,0.13175235154251197
2026-06-17 02:30:00+00:00,0.13232235154251198
2026-06-17 02:45:00+00:00,0.13378235154251197
2026-06-17 03:00:00+00:00,0.13881255682642177
2026-06-17 03:15:00+00:00,0.13904255682642178
2026-06-17 03:30:00+00:00,0.14102255682642176
2026-06-17 03:45:00+00:00,0.14379255682642167
2026-06-17 04:00:00+00:00,0.17017645534094256
2026-06-17 04:15:00+00:00,0.17495645534094256
2026-06-17 04:30:00+00:00,0.17541645534094252
2026-06-17 04:45:00+00:00,0.1671364553409425
2026-06-17 05:00:00+00:00,0.15241125063888247
2026-06-17 05:15:00+00:00,0.14141125063888246
2026-06-17 05:30:00+00:00,0.13862125063888245
2026-06-17 05:45:00+00:00,0.12682125063888247
2026-06-17 06:00:00+00:00,0.13101291886345984
2026-06-17 06:15:00+00:00,0.12384291886345984
2026-06-17 06:30:00+00:00,0.11550291886345984
2026-06-17 06:45:00+00:00,0.10835291886345984
2026-06-17 07:00:00+00:00,0.14702224689086363
2026-06-17 07:15:00+00:00,0.13362224689086363
2026-06-17 07:30:00+00:00,0.13051224689086363
2026-06-17 07:45:00+00:00,0.12291224689086364
2026-06-17 08:00:00+00:00,0.12032843351198272
2026-06-17 08:15:00+00:00,0.10980843351198272
2026-06-17 08:30:00+00:00,0.10242843351198272
2026-06-17 08:45:00+00:00,0.09152843351198271
2026-06-17 09:00:00+00:00,0.08487209674179799
2026-06-17 09:15:00+00:00,0.07410209674179799
2026-06-17 09:30:00+00:00,0.06697209674179799
2026-06-17 09:45:00+00:00,0.06441209674179799
2026-06-17 10:00:00+00:00,0.07904529935714331
2026-06-17 10:15:00+00:00,0.07275529935714331
2026-06-17 10:30:00+00:00,0.07056529935714331
2026-06-17 10:45:00+00:00,0.0669352993571433
2026-06-17 11:00:00+00:00,0.07358006266352536
2026-06-17 11:15:00+00:00,0.06881006266352536
2026-06-17 11:30:00+00:00,0.06384006266352536
2026-06-17 11:45:00+00:00,0.059300062663525374
2026-06-17 12:00:00+00:00,0.06864819866037172
2026-06-17 12:15:00+00:00,0.07182819866037173
2026-06-17 12:30:00+00:00,0.07250819866037173
2026-06-17 12:45:00+00:00,0.07863819866037172
2026-06-17 13:00:00+00:00,0.042732905914075206
2026-06-17 13:15:00+00:00,0.04809290591407521
2026-06-17 13:30:00+00:00,0.05404290591407521
2026-06-17 13:45:00+00:00,0.059322905914075214
2026-06-17 14:00:00+00:00,0.046597332176364734
2026-06-17 14:15:00+00:00,0.054137332176364836
2026-06-17 14:30:00+00:00,0.06568733217636484
2026-06-17 14:45:00+00:00,0.07257733217636483
2026-06-17 15:00:00+00:00,0.07128448842703816
2026-06-17 15:15:00+00:00,0.08869448842703816
2026-06-17 15:30:00+00:00,0.09637448842703816
2026-06-17 15:45:00+00:00,0.10412448842703816
2026-06-17 16:00:00+00:00,0.09235323560399562
2026-06-17 16:15:00+00:00,0.09746323560399563
2026-06-17 16:30:00+00:00,0.10723323560399563
2026-06-17 16:45:00+00:00,0.11499323560399563
2026-06-17 17:00:00+00:00,0.11784993694938078
2026-06-17 17:15:00+00:00,0.1245899369493807
2026-06-17 17:30:00+00:00,0.1362999369493808
2026-06-17 17:45:00+00:00,0.1441699369493808
2026-06-17 18:00:00+00:00,0.15848260771867456
2026-06-17 18:15:00+00:00,0.16678260771867456
2026-06-17 18:30:00+00:00,0.18441260771867454
2026-06-17 18:45:00+00:00,0.18653260771867455
2026-06-17 19:00:00+00:00,0.17044598007058043
2026-06-17 19:15:00+00:00,0.16599598007058042
2026-06-17 19:30:00+00:00,0.15809598007058032
2026-06-17 19:45:00+00:00,0.1495059800705804
2026-06-17 20:00:00+00:00,0.17656868888026786
2026-06-17 20:15:00+00:00,0.16361868888026776
2026-06-17 20:30:00+00:00,0.15814868888026776
2026-06-17 20:45:00+00:00,0.15053868888026786
2026-06-17 21:00:00+00:00,0.12952381125966103
2026-06-17 21:15:00+00:00,0.12292381125966104
2026-06-17 21:30:00+00:00,0.11648381125966104
2026-06-17 21:45:00+00:00,0.11203381125966105
2026-06-17 22:00:00+00:00,0.13457747022655359
2026-06-17 22:15:00+00:00,0.1265774702265536
2026-06-17 22:30:00+00:00,0.12566747022655358
2026-06-17 22:45:00+00:00,0.1202774702265535
2026-06-17 23:00:00+00:00,0.14035067418211802
2026-06-17 23:15:00+00:00,0.137340674182118
2026-06-17 23:30:00+00:00,0.135080674182118
2026-06-17 23:45:00+00:00,0.133300674182118
2026-06-18 00:00:00+00:00,0.13426206363789508
2026-06-18 00:15:00+00:00,0.13278206363789508
2026-06-18 00:30:00+00:00,0.1323820636378951
2026-06-18 00:45:00+00:00,0.13175206363789507
2026-06-18 01:00:00+00:00,0.10741618459972888
2026-06-18 01:15:00+00:00,0.10583618459972888
2026-06-18 01:30:00+00:00,0.10601618459972888
2026-06-18 01:45:00+00:00,0.10621618459972887
2026-06-18 02:00:00+00:00,0.12063049532524173
2026-06-18 02:15:00+00:00,0.12158049532524172
2026-06-18 02:30:00+00:00,0.12294049532524172
2026-06-18 02:45:00+00:00,0.12398049532524173
2026-06-18 03:00:00+00:00,0.16466313529921495
2026-06-18 03:15:00+00:00,0.16536313529921495
2026-06-18 03:30:00+00:00,0.16840313529921497
2026-06-18 03:45:00+00:00,0.17154313529921483
2026-06-18 04:00:00+00:00,0.13348664360425141
2026-06-18 04:15:00+00:00,0.1372566436042514
2026-06-18 04:30:00+00:00,0.1356266436042514
2026-06-18 04:45:00+00:00,0.1335366436042514
2026-06-18 05:00:00+00:00,0.13125290865087003
2026-06-18 05:15:00+00:00,0.12472290865087002
2026-06-18 05:30:00+00:00,0.12352290865087001
2026-06-18 05:45:00+00:00,0.11061290865087002
2026-06-18 06:00:00+00:00,0.12780717093900074
2026-06-18 06:15:00+00:00,0.12040717093900075
2026-06-18 06:30:00+00:00,0.11420717093900075
2026-06-18 06:45:00+00:00,0.09973717093900074
2026-06-18 07:00:00+00:00,0.11869372525752467
2026-06-18 07:15:00+00:00,0.10668372525752466
2026-06-18 07:30:00+00:00,0.10050372525752466
2026-06-18 07:45:00+00:00,0.08775372525752466
2026-06-18 08:00:00+00:00,0.09664232871713668
2026-06-18 08:15:00+00:00,0.08067232871713668
2026-06-18 08:30:00+00:00,0.06842232871713669
2026-06-18 08:45:00+00:00,0.04369232871713669
2026-06-18 09:00:00+00:00,0.06458386727135632
2026-06-18 09:15:00+00:00,0.05002386727135631
2026-06-18 09:30:00+00:00,0.03467386727135631
2026-06-18 09:45:00+00:00,0.024523867271356314
2026-06-18 10:00:00+00:00,0.013427120692322523
2026-06-18 10:15:00+00:00,0.002157120692322524
2026-06-18 10:30:00+00:00,-0.0015328793076774781
2026-06-18 10:45:00+00:00,-0.007152879307677478
2026-06-18 11:00:00+00:00,0.008581968849300032
2026-06-18 11:15:00+00:00,0.00420196884930003
2026-06-18 11:30:00+00:00,-0.0021780311506999703
2026-06-18 11:45:00+00:00,-0.006678031150699969
2026-06-18 12:00:00+00:00,0.018386012152553175
2026-06-18 12:15:00+00:00,0.021016012152553176
2026-06-18 12:30:00+00:00,0.023526012152553177
2026-06-18 12:45:00+00:00,0.029696012152553172
2026-06-18 13:00:00+00:00,0.021963253213327996
2026-06-18 13:15:00+00:00,0.038963253213328
2026-06-18 13:30:00+00:00,0.051063253213328
2026-06-18 13:45:00+00:00,0.068253253213328
2026-06-18 14:00:00+00:00,0.03637645077720844
2026-06-18 14:15:00+00:00,0.06455645077720844
2026-06-18 14:30:00+00:00,0.07957645077720844
2026-06-18 14:45:00+00:00,0.09411645077720844
2026-06-18 15:00:00+00:00,0.07758743122553068
2026-06-18 15:15:00+00:00,0.09696743122553068
2026-06-18 15:30:00+00:00,0.11101743122553068
2026-06-18 15:45:00+00:00,0.12347743122553069
2026-06-18 16:00:00+00:00,0.10318112871050084
2026-06-18 16:15:00+00:00,0.12814112871050082
2026-06-18 16:30:00+00:00,0.14563112871050082
2026-06-18 16:45:00+00:00,0.17036112871050083
2026-06-18 17:00:00+00:00,0.164482691543661
2026-06-18 17:15:00+00:00,0.190802691543661
2026-06-18 17:30:00+00:00,0.29386269154366096
2026-06-18 17:45:00+00:00,0.42979269154366095
2026-06-18 18:00:00+00:00,0.3174270156787975
2026-06-18 18:15:00+00:00,0.3801770156787975
2026-06-18 18:30:00+00:00,0.4924470156787975
2026-06-18 18:45:00+00:00,0.5429270156787974
2026-06-18 19:00:00+00:00,0.5373033954309201
2026-06-18 19:15:00+00:00,0.5083733954309201
2026-06-18 19:30:00+00:00,0.39734339543092007
2026-06-18 19:45:00+00:00,0.35397339543092005
2026-06-18 20:00:00+00:00,0.39005826540304955
2026-06-18 20:15:00+00:00,0.2864782654030496
2026-06-18 20:30:00+00:00,0.18689826540304957
2026-06-18 20:45:00+00:00,0.15403826540304957
2026-06-18 21:00:00+00:00,0.19806207835414588
2026-06-18 21:15:00+00:00,0.1736020783541459
2026-06-18 21:30:00+00:00,0.16567207835414588
2026-06-18 21:45:00+00:00,0.1567820783541459
2026-06-18 22:00:00+00:00,0.16116392562923548
2026-06-18 22:15:00+00:00,0.1551139256292356
2026-06-18 22:30:00+00:00,0.1508939256292356
2026-06-18 22:45:00+00:00,0.1470139256292356
2026-06-18 23:00:00+00:00,0.15795911416105224
2026-06-18 23:15:00+00:00,0.15169911416105222
2026-06-18 23:30:00+00:00,0.14433911416105222
2026-06-18 23:45:00+00:00,0.13968911416105223
2026-06-19 00:00:00+00:00,0.1435396108123775
2026-06-19 00:15:00+00:00,0.13723961081237754
2026-06-19 00:30:00+00:00,0.13605961081237752
2026-06-19 00:45:00+00:00,0.13488961081237752
2026-06-19 01:00:00+00:00,0.13259783125151803
2026-06-19 01:15:00+00:00,0.13187783125151803
2026-06-19 01:30:00+00:00,0.13081783125151802
2026-06-19 01:45:00+00:00,0.12981783125151802
2026-06-19 02:00:00+00:00,0.1160216111787812
2026-06-19 02:15:00+00:00,0.1167016111787812
2026-06-19 02:30:00+00:00,0.11664161117878119
2026-06-19 02:45:00+00:00,0.1172716111787812
2026-06-19 03:00:00+00:00,0.1225006809883139
2026-06-19 03:15:00+00:00,0.12374068098831391
2026-06-19 03:30:00+00:00,0.1254306809883139
2026-06-19 03:45:00+00:00,0.1287106809883139
2026-06-19 04:00:00+00:00,0.16209164089166045
2026-06-19 04:15:00+00:00,0.16087164089166045
2026-06-19 04:30:00+00:00,0.15977164089166043
2026-06-19 04:45:00+00:00,0.15030164089166043
2026-06-19 05:00:00+00:00,0.1277483355974201
2026-06-19 05:15:00+00:00,0.12417833559742013
2026-06-19 05:30:00+00:00,0.11113833559742012
2026-06-19 05:45:00+00:00,0.09849833559742012
2026-06-19 06:00:00+00:00,0.11150320540684122
2026-06-19 06:15:00+00:00,0.10316320540684111
2026-06-19 06:30:00+00:00,0.09814320540684121
2026-06-19 06:45:00+00:00,0.08883320540684121
2026-06-19 07:00:00+00:00,0.11573374467328651
2026-06-19 07:15:00+00:00,0.10705374467328652
2026-06-19 07:30:00+00:00,0.09303374467328651
2026-06-19 07:45:00+00:00,0.0790937446732865
2026-06-19 08:00:00+00:00,0.09771063323651011
2026-06-19 08:15:00+00:00,0.08770063323651002
2026-06-19 08:30:00+00:00,0.07270063323651002
2026-06-19 08:45:00+00:00,0.052040633236510106
2026-06-19 09:00:00+00:00,0.038787303183576774
2026-06-19 09:15:00+00:00,0.023457303183576774
2026-06-19 09:30:00+00:00,0.009687303183576672
2026-06-19 09:45:00+00:00,-0.004142696816423229
2026-06-19 10:00:00+00:00,0.020426261494118286
2026-06-19 10:15:00+00:00,0.012636261494118284
2026-06-19 10:30:00+00:00,0.012826261494118186
2026-06-19 10:45:00+00:00,0.008616261494118285
2026-06-19 11:00:00+00:00,0.011242802191788179
2026-06-19 11:15:00+00:00,0.00858280219178818
2026-06-19 11:30:00+00:00,0.010302802191788078
2026-06-19 11:45:00+00:00,0.00790280219178818
2026-06-19 12:00:00+00:00,-0.030265072929279303
2026-06-19 12:15:00+00:00,-0.027115072929279303
2026-06-19 12:30:00+00:00,-0.0246050729292793
2026-06-19 12:45:00+00:00,-0.0156150729292793
2026-06-19 13:00:00+00:00,0.01470502975644044
2026-06-19 13:15:00+00:00,0.028275029756440438
2026-06-19 13:30:00+00:00,0.04544502975644034
2026-06-19 13:45:00+00:00,0.06684502975644044
2026-06-19 14:00:00+00:00,0.04782933447464789
2026-06-19 14:15:00+00:00,0.07547933447464789
2026-06-19 14:30:00+00:00,0.08638933447464789
2026-06-19 14:45:00+00:00,0.1014793344746479
2026-06-19 15:00:00+00:00,0.08762466776788073
2026-06-19 15:15:00+00:00,0.10390466776788074
2026-06-19 15:30:00+00:00,0.11118466776788073
2026-06-19 15:45:00+00:00,0.11879466776788074
2026-06-19 16:00:00+00:00,0.13666697789923726
2026-06-19 16:15:00+00:00,0.14732697789923727
2026-06-19 16:30:00+00:00,0.16138697789923726
2026-06-19 16:45:00+00:00,0.17749697789923727
2026-06-19 17:00:00+00:00,0.12146008999967214
2026-06-19 17:15:00+00:00,0.13151008999967212
2026-06-19 17:30:00+00:00,0.15750008999967213
2026-06-19 17:45:00+00:00,0.18331008999967213
2026-06-19 18:00:00+00:00,0.17136782052455263
2026-06-19 18:15:00+00:00,0.18400782052455264
2026-06-19 18:30:00+00:00,0.19198782052455263
2026-06-19 18:45:00+00:00,0.19746782052455264
2026-06-19 19:00:00+00:00,0.15362172667681806
2026-06-19 19:15:00+00:00,0.14770172667681797
2026-06-19 19:30:00+00:00,0.13588172667681805
2026-06-19 19:45:00+00:00,0.11293172667681806
2026-06-19 20:00:00+00:00,0.1644933080477538
2026-06-19 20:15:00+00:00,0.15356330804775378
2026-06-19 20:30:00+00:00,0.1412333080477538
2026-06-19 20:45:00+00:00,0.1368133080477538
2026-06-19 21:00:00+00:00,0.14124017456742213
2026-06-19 21:15:00+00:00,0.13489017456742214
2026-06-19 21:30:00+00:00,0.12659017456742214
2026-06-19 21:45:00+00:00,0.11933017456742213
2026-06-19 22:00:00+00:00,0.13339933034574777
2026-06-19 22:15:00+00:00,0.12376933034574766
2026-06-19 22:30:00+00:00,0.11456933034574776
2026-06-19 22:45:00+00:00,0.11217933034574777
2026-06-19 23:00:00+00:00,0.14395322150377987
2026-06-19 23:15:00+00:00,0.14051322150377987
2026-06-19 23:30:00+00:00,0.1404732215037799
2026-06-19 23:45:00+00:00,0.14095322150377987
2026-06-20 00:00:00+00:00,0.1363635753416442
2026-06-20 00:15:00+00:00,0.13526357534164418
2026-06-20 00:30:00+00:00,0.13376357534164418
2026-06-20 00:45:00+00:00,0.13226357534164418
2026-06-20 01:00:00+00:00,0.12004059273498334
2026-06-20 01:15:00+00:00,0.11824059273498334
2026-06-20 01:30:00+00:00,0.11805059273498335
2026-06-20 01:45:00+00:00,0.11644059273498335
2026-06-20 02:00:00+00:00,0.10707010211547291
2026-06-20 02:15:00+00:00,0.10814010211547291
2026-06-20 02:30:00+00:00,0.10795010211547292
2026-06-20 02:45:00+00:00,0.10879010211547291
2026-06-20 03:00:00+00:00,0.1351859112616708
2026-06-20 03:15:00+00:00,0.13484591126167078
2026-06-20 03:30:00+00:00,0.13260591126167076
2026-06-20 03:45:00+00:00,0.13075591126167077
2026-06-20 04:00:00+00:00,0.1165969555615653
2026-06-20 04:15:00+00:00,0.1120369555615653
2026-06-20 04:30:00+00:00,0.1091769555615653
2026-06-20 04:45:00+00:00,0.0996469555615653
2026-06-20 05:00:00+00:00,0.0992645463003009
2026-06-20 05:15:00+00:00,0.09338454630030091
2026-06-20 05:30:00+00:00,0.0836345463003009
2026-06-20 05:45:00+00:00,0.0702845463003009
2026-06-20 06:00:00+00:00,0.08346447224000066
2026-06-20 06:15:00+00:00,0.06766447224000065
2026-06-20 06:30:00+00:00,0.05101447224000065
2026-06-20 06:45:00+00:00,0.03166447224000066
2026-06-20 07:00:00+00:00,0.07572098546398581
2026-06-20 07:15:00+00:00,0.045710985463985804
2026-06-20 07:30:00+00:00,0.015350985463985807
2026-06-20 07:45:00+00:00,-0.003879014536014194
2026-06-20 08:00:00+00:00,0.025656338282126562
2026-06-20 08:15:00+00:00,0.01785633828212656
2026-06-20 08:30:00+00:00,0.014576338282126563
2026-06-20 08:45:00+00:00,0.013876338282126562
2026-06-20 09:00:00+00:00,0.041830679890761266
2026-06-20 09:15:00+00:00,0.041830679890761266
2026-06-20 09:30:00+00:00,0.041830679890761266
2026-06-20 09:45:00+00:00,0.04182067989076126
2026-06-20 10:00:00+00:00,0.0011220706655454228
2026-06-20 10:15:00+00:00,0.0011220706655454228
2026-06-20 10:30:00+00:00,0.0011220706655454228
2026-06-20 10:45:00+00:00,0.0011120706655454228
2026-06-20 11:00:00+00:00,-0.014073166025986471
2026-06-20 11:15:00+00:00,-0.014083166025986471
2026-06-20 11:30:00+00:00,-0.014083166025986471
2026-06-20 11:45:00+00:00,-0.014083166025986471
2026-06-20 12:00:00+00:00,-0.021793361699104122
2026-06-20 12:15:00+00:00,-0.021783361699104123
2026-06-20 12:30:00+00:00,-0.021783361699104123
2026-06-20 12:45:00+00:00,-0.021783361699104123
2026-06-20 13:00:00+00:00,0.010141997009561834
2026-06-20 13:15:00+00:00,0.010141997009561834
2026-06-20 13:30:00+00:00,0.010141997009561834
2026-06-20 13:45:00+00:00,0.011141997009561835
2026-06-20 14:00:00+00:00,-0.03227426300789121
2026-06-20 14:15:00+00:00,-0.02731426300789121
2026-06-20 14:30:00+00:00,-0.01624426300789121
2026-06-20 14:45:00+00:00,0.019365736992108792
2026-06-20 15:00:00+00:00,0.024112417536350718
2026-06-20 15:15:00+00:00,0.09298241753635073
2026-06-20 15:30:00+00:00,0.11790241753635072
2026-06-20 15:45:00+00:00,0.14233241753635073
2026-06-20 16:00:00+00:00,0.11631519267590804
2026-06-20 16:15:00+00:00,0.13247519267590802
2026-06-20 16:30:00+00:00,0.140515192675908
2026-06-20 16:45:00+00:00,0.14992519267590804
2026-06-20 17:00:00+00:00,0.13109649725301312
2026-06-20 17:15:00+00:00,0.1501264972530131
2026-06-20 17:30:00+00:00,0.16062649725301312
2026-06-20 17:45:00+00:00,0.17980649725301312
2026-06-20 18:00:00+00:00,0.14671378610856142
2026-06-20 18:15:00+00:00,0.16010378610856132
2026-06-20 18:30:00+00:00,0.17485378610856142
2026-06-20 18:45:00+00:00,0.19013378610856133
2026-06-20 19:00:00+00:00,0.19389060620025628
2026-06-20 19:15:00+00:00,0.19063060620025626
2026-06-20 19:30:00+00:00,0.19821060620025627
2026-06-20 19:45:00+00:00,0.18899060620025626
2026-06-20 20:00:00+00:00,0.18703093861727918
2026-06-20 20:15:00+00:00,0.16796093861727918
2026-06-20 20:30:00+00:00,0.1647009386172792
2026-06-20 20:45:00+00:00,0.15314093861727918
2026-06-20 21:00:00+00:00,0.14298222000014743
2026-06-20 21:15:00+00:00,0.13572222000014741
2026-06-20 21:30:00+00:00,0.12875222000014744
2026-06-20 21:45:00+00:00,0.12258222000014743
2026-06-20 22:00:00+00:00,0.1821707423896341
2026-06-20 22:15:00+00:00,0.17276074238963413
2026-06-20 22:30:00+00:00,0.1680207423896341
2026-06-20 22:45:00+00:00,0.16471074238963412
2026-06-20 23:00:00+00:00,0.12513800239800818
2026-06-20 23:15:00+00:00,0.12291800239800818
2026-06-20 23:30:00+00:00,0.1211880023980082
2026-06-20 23:45:00+00:00,0.11916800239800818
2026-06-21 00:00:00+00:00,0.14343420367494597
2026-06-21 00:15:00+00:00,0.14017420367494599
2026-06-21 00:30:00+00:00,0.139904203674946
2026-06-21 00:45:00+00:00,0.13916420367494597
2026-06-21 01:00:00+00:00,0.08054872592748544
2026-06-21 01:15:00+00:00,0.08050872592748543
2026-06-21 01:30:00+00:00,0.07949872592748541
2026-06-21 01:45:00+00:00,0.07835872592748544
2026-06-21 02:00:00+00:00,0.14624474958662054
2026-06-21 02:15:00+00:00,0.14596474958662053
2026-06-21 02:30:00+00:00,0.14563474958662054
2026-06-21 02:45:00+00:00,0.14570474958662055
2026-06-21 03:00:00+00:00,0.15132807023136197
2026-06-21 03:15:00+00:00,0.14721807023136196
2026-06-21 03:30:00+00:00,0.14664807023136195
2026-06-21 03:45:00+00:00,0.14110807023136196
2026-06-21 04:00:00+00:00,0.12055818642220133
2026-06-21 04:15:00+00:00,0.11399818642220132
2026-06-21 04:30:00+00:00,0.11072818642220132
2026-06-21 04:45:00+00:00,0.10530818642220133
2026-06-21 05:00:00+00:00,0.12836724140191785
2026-06-21 05:15:00+00:00,0.12037724140191786
2026-06-21 05:30:00+00:00,0.10856724140191784
2026-06-21 05:45:00+00:00,0.09317724140191785
2026-06-21 06:00:00+00:00,0.12020254018140382
2026-06-21 06:15:00+00:00,0.09494254018140383
2026-06-21 06:30:00+00:00,0.07026254018140382
2026-06-21 06:45:00+00:00,0.038902540181403815
2026-06-21 07:00:00+00:00,0.041249054785588324
2026-06-21 07:15:00+00:00,0.023439054785588317
2026-06-21 07:30:00+00:00,0.0007290547855882228
2026-06-21 07:45:00+00:00,-0.008730945214411678
2026-06-21 08:00:00+00:00,0.014153199677674502
2026-06-21 08:15:00+00:00,0.011363199677674603
2026-06-21 08:30:00+00:00,0.010093199677674603
2026-06-21 08:45:00+00:00,0.010053199677674603
2026-06-21 09:00:00+00:00,-0.014858329660957204
2026-06-21 09:15:00+00:00,-0.014858329660957204
2026-06-21 09:30:00+00:00,-0.014858329660957204
2026-06-21 09:45:00+00:00,-0.014868329660957203
2026-06-21 10:00:00+00:00,-0.011185716333862571
2026-06-21 10:15:00+00:00,-0.011195716333862571
2026-06-21 10:30:00+00:00,-0.011195716333862571
2026-06-21 10:45:00+00:00,-0.011195716333862571
2026-06-21 11:00:00+00:00,0.02069722456654727
2026-06-21 11:15:00+00:00,0.02069722456654727
2026-06-21 11:30:00+00:00,0.02069722456654727
2026-06-21 11:45:00+00:00,0.02069722456654727
2026-06-21 12:00:00+00:00,0.0178990274415374
2026-06-21 12:15:00+00:00,0.0178990274415374
2026-06-21 12:30:00+00:00,0.017909027441537398
2026-06-21 12:45:00+00:00,0.017909027441537398
2026-06-21 13:00:00+00:00,-0.01297942690251924
2026-06-21 13:15:00+00:00,-0.01297942690251924
2026-06-21 13:30:00+00:00,-0.01297942690251924
2026-06-21 13:45:00+00:00,-0.01294942690251924
2026-06-21 14:00:00+00:00,-0.013369233777742628
2026-06-21 14:15:00+00:00,-0.011429233777742728
2026-06-21 14:30:00+00:00,-0.006629233777742629
2026-06-21 14:45:00+00:00,0.028560766222257374
2026-06-21 15:00:00+00:00,0.008187366195436765
2026-06-21 15:15:00+00:00,0.059947366195436766
2026-06-21 15:30:00+00:00,0.08397736619543676
2026-06-21 15:45:00+00:00,0.11131736619543676
2026-06-21 16:00:00+00:00,0.11353202079538334
2026-06-21 16:15:00+00:00,0.12508202079538344
2026-06-21 16:30:00+00:00,0.13140202079538346
2026-06-21 16:45:00+00:00,0.14629202079538345
2026-06-21 17:00:00+00:00,0.10000559527151799
2026-06-21 17:15:00+00:00,0.11619559527151799
2026-06-21 17:30:00+00:00,0.121645595271518
2026-06-21 17:45:00+00:00,0.124335595271518
2026-06-21 18:00:00+00:00,0.14942448215531817
2026-06-21 18:15:00+00:00,0.15612448215531818
2026-06-21 18:30:00+00:00,0.15968448215531816
2026-06-21 18:45:00+00:00,0.16099448215531817
2026-06-21 19:00:00+00:00,0.16595307442284207
2026-06-21 19:15:00+00:00,0.16464307442284207
2026-06-21 19:30:00+00:00,0.16372307442284206
2026-06-21 19:45:00+00:00,0.16163307442284197
2026-06-21 20:00:00+00:00,0.1486485177032209
2026-06-21 20:15:00+00:00,0.14801851770322091
2026-06-21 20:30:00+00:00,0.14410851770322092
2026-06-21 20:45:00+00:00,0.1371385177032209
2026-06-21 21:00:00+00:00,0.1630196016298391
2026-06-21 21:15:00+00:00,0.15477960162983911
2026-06-21 21:30:00+00:00,0.1511696016298391
2026-06-21 21:45:00+00:00,0.14123960162983912
2026-06-21 22:00:00+00:00,0.13256839668313053
2026-06-21 22:15:00+00:00,0.12373839668313054
2026-06-21 22:30:00+00:00,0.11867839668313054
2026-06-21 22:45:00+00:00,0.11615839668313054
2026-06-21 23:00:00+00:00,0.11884047082963557
2026-06-21 23:15:00+00:00,0.11726047082963557
2026-06-21 23:30:00+00:00,0.11504047082963557
2026-06-21 23:45:00+00:00,0.11363047082963557
2026-06-22 00:00:00+00:00,0.10146340894503571
2026-06-22 00:15:00+00:00,0.09702340894503571
2026-06-22 00:30:00+00:00,0.09519340894503571
2026-06-22 00:45:00+00:00,0.0943434089450357
2026-06-22 01:00:00+00:00,0.13333031271723048
2026-06-22 01:15:00+00:00,0.13349031271723047
2026-06-22 01:30:00+00:00,0.13370031271723049
2026-06-22 01:45:00+00:00,0.13514031271723048
2026-06-22 02:00:00+00:00,0.1003154287187925
2026-06-22 02:15:00+00:00,0.1021454287187925
2026-06-22 02:30:00+00:00,0.10373542871879249
2026-06-22 02:45:00+00:00,0.10598542871879249
2026-06-22 03:00:00+00:00,0.12503694675423455
2026-06-22 03:15:00+00:00,0.12778694675423455
2026-06-22 03:30:00+00:00,0.12949694675423457
2026-06-22 03:45:00+00:00,0.13894694675423455
2026-06-22 04:00:00+00:00,0.13485958977560272
2026-06-22 04:15:00+00:00,0.13959958977560283
2026-06-22 04:30:00+00:00,0.14077958977560281
2026-06-22 04:45:00+00:00,0.1408895897756028
2026-06-22 05:00:00+00:00,0.1342154434986221
2026-06-22 05:15:00+00:00,0.1294054434986221
2026-06-22 05:30:00+00:00,0.1274954434986221
2026-06-22 05:45:00+00:00,0.11565544349862213
2026-06-22 06:00:00+00:00,0.13613792197964206
2026-06-22 06:15:00+00:00,0.12310792197964207
2026-06-22 06:30:00+00:00,0.11411792197964207
2026-06-22 06:45:00+00:00,0.09715792197964207
2026-06-22 07:00:00+00:00,0.14860984092510338
2026-06-22 07:15:00+00:00,0.13892984092510338
2026-06-22 07:30:00+00:00,0.12662984092510338
2026-06-22 07:45:00+00:00,0.11611984092510338
2026-06-22 08:00:00+00:00,0.10865539369800631
2026-06-22 08:15:00+00:00,0.0918353936980063
2026-06-22 08:30:00+00:00,0.0842153936980063
2026-06-22 08:45:00+00:00,0.06870539369800631
2026-06-22 09:00:00+00:00,0.052467180989161574
2026-06-22 09:15:00+00:00,0.04265718098916156
2026-06-22 09:30:00+00:00,0.03245718098916156
2026-06-22 09:45:00+00:00,0.027457180989161566
2026-06-22 10:00:00+00:00,0.055270310911184506
2026-06-22 10:15:00+00:00,0.04611031091118461
2026-06-22 10:30:00+00:00,0.043510310911184506
2026-06-22 10:45:00+00:00,0.0356203109111846
2026-06-22 11:00:00+00:00,0.03299520078650335
2026-06-22 11:15:00+00:00,0.03050520078650334
2026-06-22 11:30:00+00:00,0.027555200786503344
2026-06-22 11:45:00+00:00,0.027565200786503343
2026-06-22 12:00:00+00:00,0.09317701246228796
2026-06-22 12:15:00+00:00,0.10307701246228795
2026-06-22 12:30:00+00:00,0.10840701246228795
2026-06-22 12:45:00+00:00,0.11642701246228795
2026-06-22 13:00:00+00:00,0.05361906059281891
2026-06-22 13:15:00+00:00,0.06429906059281891
2026-06-22 13:30:00+00:00,0.07074906059281891
2026-06-22 13:45:00+00:00,0.0863590605928189
2026-06-22 14:00:00+00:00,0.06530613856938289
2026-06-22 14:15:00+00:00,0.07733613856938289
2026-06-22 14:30:00+00:00,0.08704613856938288
2026-06-22 14:45:00+00:00,0.10592613856938289
2026-06-22 15:00:00+00:00,0.11874256479485466
2026-06-22 15:15:00+00:00,0.13800256479485468
2026-06-22 15:30:00+00:00,0.14620256479485466
2026-06-22 15:45:00+00:00,0.15770256479485467
2026-06-22 16:00:00+00:00,0.08611154150066408
2026-06-22 16:15:00+00:00,0.09772154150066406
2026-06-22 16:30:00+00:00,0.11540154150066406
2026-06-22 16:45:00+00:00,0.14779154150066406
2026-06-22 17:00:00+00:00,0.15179310310382474
2026-06-22 17:15:00+00:00,0.16762310310382464
2026-06-22 17:30:00+00:00,0.21042310310382473
2026-06-22 17:45:00+00:00,0.27112310310382476
2026-06-22 18:00:00+00:00,0.25902699410083874
2026-06-22 18:15:00+00:00,0.3003169941008388
2026-06-22 18:30:00+00:00,0.32964699410083875
2026-06-22 18:45:00+00:00,0.34470699410083877
2026-06-22 19:00:00+00:00,0.284984874825139
2026-06-22 19:15:00+00:00,0.26796487482513903
2026-06-22 19:30:00+00:00,0.23973487482513905
2026-06-22 19:45:00+00:00,0.20059487482513905
2026-06-22 20:00:00+00:00,0.19745114037550227
2026-06-22 20:15:00+00:00,0.17307114037550225
2026-06-22 20:30:00+00:00,0.13875114037550226
2026-06-22 20:45:00+00:00,0.12161114037550227
2026-06-22 21:00:00+00:00,0.1567251323650531
2026-06-22 21:15:00+00:00,0.15258513236505308
2026-06-22 21:30:00+00:00,0.14621513236505307
2026-06-22 21:45:00+00:00,0.1393851323650531
2026-06-22 22:00:00+00:00,0.1808563099222382
2026-06-22 22:15:00+00:00,0.1753063099222382
2026-06-22 22:30:00+00:00,0.1698163099222382
2026-06-22 22:45:00+00:00,0.1651663099222382
2026-06-22 23:00:00+00:00,0.150620160135912
2026-06-22 23:15:00+00:00,0.146030160135912
2026-06-22 23:30:00+00:00,0.144730160135912
2026-06-22 23:45:00+00:00,0.142760160135912
2026-06-23 00:00:00+00:00,0.12126628375058708
2026-06-23 00:15:00+00:00,0.11959628375058708
2026-06-23 00:30:00+00:00,0.11841628375058709
2026-06-23 00:45:00+00:00,0.11910628375058709
2026-06-23 01:00:00+00:00,0.12230887969696425
2026-06-23 01:15:00+00:00,0.12375887969696425
2026-06-23 01:30:00+00:00,0.12287887969696426
2026-06-23 01:45:00+00:00,0.12397887969696425
2026-06-23 02:00:00+00:00,0.1262056841722997
2026-06-23 02:15:00+00:00,0.12583568417229968
2026-06-23 02:30:00+00:00,0.12714568417229968
2026-06-23 02:45:00+00:00,0.13191568417229968
2026-06-23 03:00:00+00:00,0.14217689711687503
2026-06-23 03:15:00+00:00,0.14329689711687504
2026-06-23 03:30:00+00:00,0.14986689711687504
2026-06-23 03:45:00+00:00,0.16040689711687503
2026-06-23 04:00:00+00:00,0.17753893157631612
2026-06-23 04:15:00+00:00,0.18788893157631611
2026-06-23 04:30:00+00:00,0.1925689315763161
2026-06-23 04:45:00+00:00,0.1972389315763161
2026-06-23 05:00:00+00:00,0.20123794069052628
2026-06-23 05:15:00+00:00,0.18703794069052626
2026-06-23 05:30:00+00:00,0.17346794069052626
2026-06-23 05:45:00+00:00,0.15613794069052628
2026-06-23 06:00:00+00:00,0.16644907991799732
2026-06-23 06:15:00+00:00,0.14988907991799733
2026-06-23 06:30:00+00:00,0.13137907991799733
2026-06-23 06:45:00+00:00,0.12094907991799725
2026-06-23 07:00:00+00:00,0.09960144783260674
2026-06-23 07:15:00+00:00,0.09133144783260674
2026-06-23 07:30:00+00:00,0.08354144783260674
2026-06-23 07:45:00+00:00,0.07612144783260674
2026-06-23 08:00:00+00:00,0.08869965918236053
2026-06-23 08:15:00+00:00,0.07546965918236063
2026-06-23 08:30:00+00:00,0.06554965918236064
2026-06-23 08:45:00+00:00,0.057929659182360635
2026-06-23 09:00:00+00:00,0.09636833758282022
2026-06-23 09:15:00+00:00,0.08927833758282022
2026-06-23 09:30:00+00:00,0.08068833758282022
2026-06-23 09:45:00+00:00,0.07893833758282022
2026-06-23 10:00:00+00:00,0.05199739323806615
2026-06-23 10:15:00+00:00,0.04290739323806615
2026-06-23 10:30:00+00:00,0.03894739323806616
2026-06-23 10:45:00+00:00,0.03583739323806616
2026-06-23 11:00:00+00:00,0.058565277182165025
2026-06-23 11:15:00+00:00,0.057995277182165024
2026-06-23 11:30:00+00:00,0.055055277182165026
2026-06-23 11:45:00+00:00,0.05318527718216502
2026-06-23 12:00:00+00:00,0.062978668451578
2026-06-23 12:15:00+00:00,0.069048668451578
2026-06-23 12:30:00+00:00,0.077288668451578
2026-06-23 12:45:00+00:00,0.083648668451578
2026-06-23 13:00:00+00:00,0.04749706938685082
2026-06-23 13:15:00+00:00,0.054417069386850814
2026-06-23 13:30:00+00:00,0.06782706938685082
2026-06-23 13:45:00+00:00,0.07205706938685082
2026-06-23 14:00:00+00:00,0.062139502887636394
2026-06-23 14:15:00+00:00,0.0769695028876365
2026-06-23 14:30:00+00:00,0.0886895028876365
2026-06-23 14:45:00+00:00,0.1011795028876365
2026-06-23 15:00:00+00:00,0.10157055514540617
2026-06-23 15:15:00+00:00,0.11560055514540617
2026-06-23 15:30:00+00:00,0.12234055514540616
2026-06-23 15:45:00+00:00,0.14040055514540617
2026-06-23 16:00:00+00:00,0.1291244150692809
2026-06-23 16:15:00+00:00,0.1564844150692809
2026-06-23 16:30:00+00:00,0.18777441506928091
2026-06-23 16:45:00+00:00,0.24236441506928091
2026-06-23 17:00:00+00:00,0.2004750723658575
2026-06-23 17:15:00+00:00,0.2633750723658575
2026-06-23 17:30:00+00:00,0.44287507236585755
2026-06-23 17:45:00+00:00,0.5341150723658575
2026-06-23 18:00:00+00:00,0.46985441526345006
2026-06-23 18:15:00+00:00,0.5407644152634501
2026-06-23 18:30:00+00:00,0.5898444152634501
2026-06-23 18:45:00+00:00,0.6261744152634501
2026-06-23 19:00:00+00:00,0.5670934166852136
2026-06-23 19:15:00+00:00,0.5566334166852136
2026-06-23 19:30:00+00:00,0.5480634166852136
2026-06-23 19:45:00+00:00,0.4485734166852136
2026-06-23 20:00:00+00:00,0.44883890692014766
2026-06-23 20:15:00+00:00,0.40599890692014756
2026-06-23 20:30:00+00:00,0.2519689069201477
2026-06-23 20:45:00+00:00,0.17881890692014765
2026-06-23 21:00:00+00:00,0.1987924219549988
2026-06-23 21:15:00+00:00,0.2027924219549988
2026-06-23 21:30:00+00:00,0.1676224219549988
2026-06-23 21:45:00+00:00,0.1496724219549988
2026-06-23 22:00:00+00:00,0.20513279474687518
2026-06-23 22:15:00+00:00,0.1703927947468752
2026-06-23 22:30:00+00:00,0.1556127947468752
2026-06-23 22:45:00+00:00,0.14652279474687518
2026-06-23 23:00:00+00:00,0.1871624369886267
2026-06-23 23:15:00+00:00,0.17179243698862667
2026-06-23 23:30:00+00:00,0.16425243698862668
2026-06-23 23:45:00+00:00,0.1575424369886267
2026-06-24 00:00:00+00:00,0.1579253543628534
2026-06-24 00:15:00+00:00,0.15426535436285338
2026-06-24 00:30:00+00:00,0.15357535436285338
2026-06-24 00:45:00+00:00,0.15099535436285338
2026-06-24 01:00:00+00:00,0.10591496379116164
2026-06-24 01:15:00+00:00,0.10539496379116164
2026-06-24 01:30:00+00:00,0.10534496379116165
2026-06-24 01:45:00+00:00,0.10520496379116165
2026-06-24 02:00:00+00:00,0.1295834325838852
2026-06-24 02:15:00+00:00,0.1301134325838852
2026-06-24 02:30:00+00:00,0.12974343258388518
2026-06-24 02:45:00+00:00,0.13065343258388518
2026-06-24 03:00:00+00:00,0.16729244608961785
2026-06-24 03:15:00+00:00,0.17094244608961784
2026-06-24 03:30:00+00:00,0.17675244608961788
2026-06-24 03:45:00+00:00,0.18001244608961786
2026-06-24 04:00:00+00:00,0.1709655515012536
2026-06-24 04:15:00+00:00,0.17123555150125358
2026-06-24 04:30:00+00:00,0.1823355515012536
2026-06-24 04:45:00+00:00,0.1939555515012536
2026-06-24 05:00:00+00:00,0.18470290846334655
2026-06-24 05:15:00+00:00,0.15274290846334654
2026-06-24 05:30:00+00:00,0.13377290846334655
2026-06-24 05:45:00+00:00,0.11507290846334656
2026-06-24 06:00:00+00:00,0.23404747065883844
2026-06-24 06:15:00+00:00,0.19419747065883852
2026-06-24 06:30:00+00:00,0.18403747065883852
2026-06-24 06:45:00+00:00,0.15825747065883855
2026-06-24 07:00:00+00:00,0.1383682048034132
2026-06-24 07:15:00+00:00,0.1242882048034132
2026-06-24 07:30:00+00:00,0.1098582048034132
2026-06-24 07:45:00+00:00,0.10260820480341319
2026-06-24 08:00:00+00:00,0.12797201519747275
2026-06-24 08:15:00+00:00,0.11657201519747276
2026-06-24 08:30:00+00:00,0.10722201519747276
2026-06-24 08:45:00+00:00,0.08613201519747277
2026-06-24 09:00:00+00:00,0.10765114129284258
2026-06-24 09:15:00+00:00,0.09733114129284258
2026-06-24 09:30:00+00:00,0.08633114129284247
2026-06-24 09:45:00+00:00,0.07613114129284258
2026-06-24 10:00:00+00:00,0.07928554933115234
2026-06-24 10:15:00+00:00,0.06591554933115233
2026-06-24 10:30:00+00:00,0.06432554933115234
2026-06-24 10:45:00+00:00,0.057495549331152335
2026-06-24 11:00:00+00:00,0.06169106323603851
2026-06-24 11:15:00+00:00,0.05715106323603851
2026-06-24 11:30:00+00:00,0.05669106323603851
2026-06-24 11:45:00+00:00,0.054921063236038514
2026-06-24 12:00:00+00:00,0.10586510819965099
2026-06-24 12:15:00+00:00,0.11216510819965099
2026-06-24 12:30:00+00:00,0.113265108199651
2026-06-24 12:45:00+00:00,0.122705108199651
2026-06-24 13:00:00+00:00,0.08390359121866513
2026-06-24 13:15:00+00:00,0.10437359121866513
2026-06-24 13:30:00+00:00,0.11597359121866513
2026-06-24 13:45:00+00:00,0.12687359121866512
2026-06-24 14:00:00+00:00,0.11135283664750102
2026-06-24 14:15:00+00:00,0.12217283664750102
2026-06-24 14:30:00+00:00,0.12599283664750102
2026-06-24 14:45:00+00:00,0.13839283664750102
2026-06-24 15:00:00+00:00,0.12001913200728792
2026-06-24 15:15:00+00:00,0.1313591320072879
2026-06-24 15:30:00+00:00,0.14758913200728793
2026-06-24 15:45:00+00:00,0.1620291320072879
2026-06-24 16:00:00+00:00,0.11950435962286368
2026-06-24 16:15:00+00:00,0.13628435962286367
2026-06-24 16:30:00+00:00,0.18682435962286367
2026-06-24 16:45:00+00:00,0.2707843596228637
2026-06-24 17:00:00+00:00,0.26347421405440546
2026-06-24 17:15:00+00:00,0.33846421405440547
2026-06-24 17:30:00+00:00,0.5890342140544055
2026-06-24 17:45:00+00:00,0.7234742140544056
2026-06-24 18:00:00+00:00,0.5506877035216938
2026-06-24 18:15:00+00:00,0.6345177035216938
2026-06-24 18:30:00+00:00,0.6844977035216938
2026-06-24 18:45:00+00:00,0.7316077035216938
2026-06-24 19:00:00+00:00,0.6986753055039872
2026-06-24 19:15:00+00:00,0.6871553055039872
2026-06-24 19:30:00+00:00,0.6552153055039871
2026-06-24 19:45:00+00:00,0.6204053055039872
2026-06-24 20:00:00+00:00,0.6001267279174168
2026-06-24 20:15:00+00:00,0.4789867279174169
2026-06-24 20:30:00+00:00,0.37834672791741686
2026-06-24 20:45:00+00:00,0.27505672791741687
2026-06-24 21:00:00+00:00,0.31483986276279907
2026-06-24 21:15:00+00:00,0.24586986276279912
2026-06-24 21:30:00+00:00,0.19585986276279913
2026-06-24 21:45:00+00:00,0.14786986276279912
2026-06-24 22:00:00+00:00,0.20594850038849993
2026-06-24 22:15:00+00:00,0.17684850038849995
2026-06-24 22:30:00+00:00,0.15987850038849993
2026-06-24 22:45:00+00:00,0.15898850038849993
2026-06-24 23:00:00+00:00,0.15030305633620802
2026-06-24 23:15:00+00:00,0.14285305633620812
2026-06-24 23:30:00+00:00,0.13703305633620813
2026-06-24 23:45:00+00:00,0.13008305633620812
2026-06-25 00:00:00+00:00,0.11744967370586638
2026-06-25 00:15:00+00:00,0.10776967370586639
2026-06-25 00:30:00+00:00,0.10594967370586637
2026-06-25 00:45:00+00:00,0.1041696737058664
2026-06-25 01:00:00+00:00,0.15637352898747414
2026-06-25 01:15:00+00:00,0.15297352898747413
2026-06-25 01:30:00+00:00,0.15114352898747413
2026-06-25 01:45:00+00:00,0.15113352898747412
2026-06-25 02:00:00+00:00,0.17850581502029433
2026-06-25 02:15:00+00:00,0.18252581502029436
2026-06-25 02:30:00+00:00,0.18185581502029435
2026-06-25 02:45:00+00:00,0.18056581502029434
2026-06-25 03:00:00+00:00,0.167552731173241
2026-06-25 03:15:00+00:00,0.166752731173241
2026-06-25 03:30:00+00:00,0.17049273117324099
2026-06-25 03:45:00+00:00,0.17562273117324098
2026-06-25 04:00:00+00:00,0.15661186507386954
2026-06-25 04:15:00+00:00,0.16446186507386953
2026-06-25 04:30:00+00:00,0.15667186507386952
2026-06-25 04:45:00+00:00,0.14866186507386953
2026-06-25 05:00:00+00:00,0.17816252971876784
2026-06-25 05:15:00+00:00,0.15750252971876785
2026-06-25 05:30:00+00:00,0.14156252971876784
2026-06-25 05:45:00+00:00,0.11709252971876785
2026-06-25 06:00:00+00:00,0.15747132228725996
2026-06-25 06:15:00+00:00,0.14110132228725997
2026-06-25 06:30:00+00:00,0.12881132228725997
2026-06-25 06:45:00+00:00,0.11425132228725997
2026-06-25 07:00:00+00:00,0.1418787481942548
2026-06-25 07:15:00+00:00,0.13286874819425482
2026-06-25 07:30:00+00:00,0.12438874819425481
2026-06-25 07:45:00+00:00,0.10336874819425482
2026-06-25 08:00:00+00:00,0.10005763959459676
2026-06-25 08:15:00+00:00,0.08928763959459665
2026-06-25 08:30:00+00:00,0.07369763959459676
2026-06-25 08:45:00+00:00,0.05068763959459677
2026-06-25 09:00:00+00:00,0.09345800473914152
2026-06-25 09:15:00+00:00,0.07272800473914152
2026-06-25 09:30:00+00:00,0.057108004739141426
2026-06-25 09:45:00+00:00,0.04758800473914153
2026-06-25 10:00:00+00:00,0.059263702193136994
2026-06-25 10:15:00+00:00,0.05087370219313699
2026-06-25 10:30:00+00:00,0.04658370219313699
2026-06-25 10:45:00+00:00,0.036173702193136995
2026-06-25 11:00:00+00:00,0.05517730256862302
2026-06-25 11:15:00+00:00,0.04633730256862302
2026-06-25 11:30:00+00:00,0.038847302568623024
2026-06-25 11:45:00+00:00,0.03618730256862302
2026-06-25 12:00:00+00:00,0.020944762380123653
2026-06-25 12:15:00+00:00,0.023694762380123652
2026-06-25 12:30:00+00:00,0.041974762380123654
2026-06-25 12:45:00+00:00,0.05266476238012365
2026-06-25 13:00:00+00:00,0.0393134715236127
2026-06-25 13:15:00+00:00,0.059523471523612696
2026-06-25 13:30:00+00:00,0.07481347152361259
2026-06-25 13:45:00+00:00,0.0887534715236127
2026-06-25 14:00:00+00:00,0.09049398355143425
2026-06-25 14:15:00+00:00,0.10589398355143424
2026-06-25 14:30:00+00:00,0.11975398355143424
2026-06-25 14:45:00+00:00,0.13844398355143422
2026-06-25 15:00:00+00:00,0.10069456115397349
2026-06-25 15:15:00+00:00,0.1293545611539735
2026-06-25 15:30:00+00:00,0.1380245611539735
2026-06-25 15:45:00+00:00,0.1472245611539735
2026-06-25 16:00:00+00:00,0.10016226860479051
2026-06-25 16:15:00+00:00,0.1236522686047905
2026-06-25 16:30:00+00:00,0.15122226860479052
2026-06-25 16:45:00+00:00,0.20097226860479042
2026-06-25 17:00:00+00:00,0.1695980865700843
2026-06-25 17:15:00+00:00,0.2028480865700843
2026-06-25 17:30:00+00:00,0.24183808657008432
2026-06-25 17:45:00+00:00,0.32532808657008433
2026-06-25 18:00:00+00:00,0.23123918109053576
2026-06-25 18:15:00+00:00,0.27939918109053574
2026-06-25 18:30:00+00:00,0.30095918109053577
2026-06-25 18:45:00+00:00,0.3030891810905358
2026-06-25 19:00:00+00:00,0.3928216248696596
2026-06-25 19:15:00+00:00,0.3309016248696596
2026-06-25 19:30:00+00:00,0.2778216248696596
2026-06-25 19:45:00+00:00,0.2242016248696596
2026-06-25 20:00:00+00:00,0.22707855004422733
2026-06-25 20:15:00+00:00,0.20721855004422735
2026-06-25 20:30:00+00:00,0.18271855004422732
2026-06-25 20:45:00+00:00,0.16940855004422734
2026-06-25 21:00:00+00:00,0.23216407258228444
2026-06-25 21:15:00+00:00,0.21991407258228446
2026-06-25 21:30:00+00:00,0.20638407258228447
2026-06-25 21:45:00+00:00,0.20493407258228447
2026-06-25 22:00:00+00:00,0.13084852097094488
2026-06-25 22:15:00+00:00,0.12832852097094488
2026-06-25 22:30:00+00:00,0.12062852097094488
2026-06-25 22:45:00+00:00,0.11134852097094487
2026-06-25 23:00:00+00:00,0.1253234985642141
2026-06-25 23:15:00+00:00,0.11940349856421409
2026-06-25 23:30:00+00:00,0.11722349856421399
2026-06-25 23:45:00+00:00,0.1102834985642141
2026-06-26 00:00:00+00:00,0.13350527791065972
2026-06-26 00:15:00+00:00,0.1297452779106597
2026-06-26 00:30:00+00:00,0.12875527791065972
2026-06-26 00:45:00+00:00,0.12870527791065972
2026-06-26 01:00:00+00:00,0.1319690503470024
2026-06-26 01:15:00+00:00,0.1272890503470024
2026-06-26 01:30:00+00:00,0.1262290503470024
2026-06-26 01:45:00+00:00,0.12743905034700242
2026-06-26 02:00:00+00:00,0.15927318832410975
2026-06-26 02:15:00+00:00,0.15892318832410976
2026-06-26 02:30:00+00:00,0.15615318832410974
2026-06-26 02:45:00+00:00,0.15940318832410974
2026-06-26 03:00:00+00:00,0.11502882614927
2026-06-26 03:15:00+00:00,0.11359882614926999
2026-06-26 03:30:00+00:00,0.11777882614927
2026-06-26 03:45:00+00:00,0.12265882614927
2026-06-26 04:00:00+00:00,0.16099759216725767
2026-06-26 04:15:00+00:00,0.1668375921672577
2026-06-26 04:30:00+00:00,0.16602759216725768
2026-06-26 04:45:00+00:00,0.15676759216725766
2026-06-26 05:00:00+00:00,0.17940989081014241
2026-06-26 05:15:00+00:00,0.16887989081014243
2026-06-26 05:30:00+00:00,0.1484698908101424
2026-06-26 05:45:00+00:00,0.14055989081014242
2026-06-26 06:00:00+00:00,0.15064768151348953
2026-06-26 06:15:00+00:00,0.13511768151348955
2026-06-26 06:30:00+00:00,0.12710768151348953
2026-06-26 06:45:00+00:00,0.11813768151348954
2026-06-26 07:00:00+00:00,0.10052199553037382
2026-06-26 07:15:00+00:00,0.09834199553037383
2026-06-26 07:30:00+00:00,0.08632199553037383
2026-06-26 07:45:00+00:00,0.07727199553037382
2026-06-26 08:00:00+00:00,0.13761712372448537
2026-06-26 08:15:00+00:00,0.12973712372448537
2026-06-26 08:30:00+00:00,0.11353712372448536
2026-06-26 08:45:00+00:00,0.09554712372448537
2026-06-26 09:00:00+00:00,0.11208845760882194
2026-06-26 09:15:00+00:00,0.09627845760882195
2026-06-26 09:30:00+00:00,0.08288845760882195
2026-06-26 09:45:00+00:00,0.06991845760882194
2026-06-26 10:00:00+00:00,0.07273717630805604
2026-06-26 10:15:00+00:00,0.06121717630805605
2026-06-26 10:30:00+00:00,0.05907717630805605
2026-06-26 10:45:00+00:00,0.04899717630805605
2026-06-26 11:00:00+00:00,0.04710482425548884
2026-06-26 11:15:00+00:00,0.04299482425548884
2026-06-26 11:30:00+00:00,0.03975482425548884
2026-06-26 11:45:00+00:00,0.03916482425548884
2026-06-26 12:00:00+00:00,0.032694663319515746
2026-06-26 12:15:00+00:00,0.03555466331951575
2026-06-26 12:30:00+00:00,0.04736466331951575
2026-06-26 12:45:00+00:00,0.06100466331951575
2026-06-26 13:00:00+00:00,0.04337325466848449
2026-06-26 13:15:00+00:00,0.05857325466848449
2026-06-26 13:30:00+00:00,0.07806325466848449
2026-06-26 13:45:00+00:00,0.09013325466848449
2026-06-26 14:00:00+00:00,0.08072422459490926
2026-06-26 14:15:00+00:00,0.09507422459490926
2026-06-26 14:30:00+00:00,0.11231422459490926
2026-06-26 14:45:00+00:00,0.13146422459490925
2026-06-26 15:00:00+00:00,0.0860720930959661
2026-06-26 15:15:00+00:00,0.10904209309596609
2026-06-26 15:30:00+00:00,0.11748209309596609
2026-06-26 15:45:00+00:00,0.1336620930959661
2026-06-26 16:00:00+00:00,0.07805862139249814
2026-06-26 16:15:00+00:00,0.11943862139249815
2026-06-26 16:30:00+00:00,0.14489862139249815
2026-06-26 16:45:00+00:00,0.19661862139249817
2026-06-26 17:00:00+00:00,0.1406124594866809
2026-06-26 17:15:00+00:00,0.17376245948668093
2026-06-26 17:30:00+00:00,0.22991245948668093
2026-06-26 17:45:00+00:00,0.3528224594866809
2026-06-26 18:00:00+00:00,0.24482157119961348
2026-06-26 18:15:00+00:00,0.3232215711996135
2026-06-26 18:30:00+00:00,0.38617157119961354
2026-06-26 18:45:00+00:00,0.3923515711996135
2026-06-26 19:00:00+00:00,0.4091716098466431
2026-06-26 19:15:00+00:00,0.3391216098466431
2026-06-26 19:30:00+00:00,0.2523216098466431
2026-06-26 19:45:00+00:00,0.1988216098466431
2026-06-26 20:00:00+00:00,0.2579246950134042
2026-06-26 20:15:00+00:00,0.20537469501340425
2026-06-26 20:30:00+00:00,0.18451469501340426
2026-06-26 20:45:00+00:00,0.16082469501340424
2026-06-26 21:00:00+00:00,0.18043687423407326
2026-06-26 21:15:00+00:00,0.16142687423407326
2026-06-26 21:30:00+00:00,0.14982687423407326
2026-06-26 21:45:00+00:00,0.14357687423407325
2026-06-26 22:00:00+00:00,0.15471228326040928
2026-06-26 22:15:00+00:00,0.14287228326040918
2026-06-26 22:30:00+00:00,0.1367322832604093
2026-06-26 22:45:00+00:00,0.13067228326040928
2026-06-26 23:00:00+00:00,0.11897317598363696
2026-06-26 23:15:00+00:00,0.11440317598363695
2026-06-26 23:30:00+00:00,0.11100317598363696
2026-06-26 23:45:00+00:00,0.10751317598363697
2026-06-27 00:00:00+00:00,0.14700104299624206
2026-06-27 00:15:00+00:00,0.14595104299624206
2026-06-27 00:30:00+00:00,0.14324104299624207
2026-06-27 00:45:00+00:00,0.14351104299624207
2026-06-27 01:00:00+00:00,0.11297089804888778
2026-06-27 01:15:00+00:00,0.10940089804888768
2026-06-27 01:30:00+00:00,0.11119089804888779
2026-06-27 01:45:00+00:00,0.1100808980488878
2026-06-27 02:00:00+00:00,0.10680591595447383
2026-06-27 02:15:00+00:00,0.10814591595447384
2026-06-27 02:30:00+00:00,0.10813591595447383
2026-06-27 02:45:00+00:00,0.10635591595447373
2026-06-27 03:00:00+00:00,0.1242636948584487
2026-06-27 03:15:00+00:00,0.12271369485844859
2026-06-27 03:30:00+00:00,0.12270369485844869
2026-06-27 03:45:00+00:00,0.12177369485844869
2026-06-27 04:00:00+00:00,0.08126470467752629
2026-06-27 04:15:00+00:00,0.07916470467752629
2026-06-27 04:30:00+00:00,0.07826470467752629
2026-06-27 04:45:00+00:00,0.07722470467752629
2026-06-27 05:00:00+00:00,0.1008041789977593
2026-06-27 05:15:00+00:00,0.0993141789977593
2026-06-27 05:30:00+00:00,0.0983841789977593
2026-06-27 05:45:00+00:00,0.0804841789977593
2026-06-27 06:00:00+00:00,0.1368769030261234
2026-06-27 06:15:00+00:00,0.1306369030261234
2026-06-27 06:30:00+00:00,0.11792690302612341
2026-06-27 06:45:00+00:00,0.0981369030261234
2026-06-27 07:00:00+00:00,0.07794542042504327
2026-06-27 07:15:00+00:00,0.052565420425043266
2026-06-27 07:30:00+00:00,0.035205420425043266
2026-06-27 07:45:00+00:00,0.000855420425043267
2026-06-27 08:00:00+00:00,0.08495507313572963
2026-06-27 08:15:00+00:00,0.06335507313572962
2026-06-27 08:30:00+00:00,0.04296507313572963
2026-06-27 08:45:00+00:00,0.03496507313572963
2026-06-27 09:00:00+00:00,0.047296657456315824
2026-06-27 09:15:00+00:00,0.039046657456315824
2026-06-27 09:30:00+00:00,0.03244665745631582
2026-06-27 09:45:00+00:00,0.03094665745631582
2026-06-27 10:00:00+00:00,-0.004678625223646022
2026-06-27 10:15:00+00:00,-0.006788625223646022
2026-06-27 10:30:00+00:00,-0.006788625223646022
2026-06-27 10:45:00+00:00,-0.006798625223646022
2026-06-27 11:00:00+00:00,0.0054619674984294165
2026-06-27 11:15:00+00:00,0.005371967498429416
2026-06-27 11:30:00+00:00,0.005361967498429416
2026-06-27 11:45:00+00:00,0.005361967498429416
2026-06-27 12:00:00+00:00,0.0206628719737172
2026-06-27 12:15:00+00:00,0.0219628719737172
2026-06-27 12:30:00+00:00,0.0246428719737172
2026-06-27 12:45:00+00:00,0.0285528719737172
2026-06-27 13:00:00+00:00,-0.006437104000563156
2026-06-27 13:15:00+00:00,-0.004577104000563156
2026-06-27 13:30:00+00:00,0.004282895999436844
2026-06-27 13:45:00+00:00,0.023492895999436846
2026-06-27 14:00:00+00:00,0.025045101299137115
2026-06-27 14:15:00+00:00,0.05094510129913712
2026-06-27 14:30:00+00:00,0.08201510129913703
2026-06-27 14:45:00+00:00,0.10977510129913712
2026-06-27 15:00:00+00:00,0.04963785271994831
2026-06-27 15:15:00+00:00,0.08663785271994832
2026-06-27 15:30:00+00:00,0.09974785271994832
2026-06-27 15:45:00+00:00,0.11706785271994831
2026-06-27 16:00:00+00:00,0.0990642086026118
2026-06-27 16:15:00+00:00,0.10841420860261179
2026-06-27 16:30:00+00:00,0.1252742086026118
2026-06-27 16:45:00+00:00,0.1406742086026118
2026-06-27 17:00:00+00:00,0.11922244475757107
2026-06-27 17:15:00+00:00,0.13526244475757107
2026-06-27 17:30:00+00:00,0.16735244475757108
2026-06-27 17:45:00+00:00,0.20643244475757108
2026-06-27 18:00:00+00:00,0.2049260341376234
2026-06-27 18:15:00+00:00,0.21343603413762338
2026-06-27 18:30:00+00:00,0.2331860341376233
2026-06-27 18:45:00+00:00,0.2586360341376234
2026-06-27 19:00:00+00:00,0.24499731585840057
2026-06-27 19:15:00+00:00,0.23374731585840056
2026-06-27 19:30:00+00:00,0.23157731585840055
2026-06-27 19:45:00+00:00,0.23201731585840057
2026-06-27 20:00:00+00:00,0.20153698298275427
2026-06-27 20:15:00+00:00,0.16986698298275427
2026-06-27 20:30:00+00:00,0.16425698298275418
2026-06-27 20:45:00+00:00,0.1507969829827543
2026-06-27 21:00:00+00:00,0.13463119792298905
2026-06-27 21:15:00+00:00,0.12187119792298905
2026-06-27 21:30:00+00:00,0.11572119792298906
2026-06-27 21:45:00+00:00,0.11272119792298906
2026-06-27 22:00:00+00:00,0.12523560386842664
2026-06-27 22:15:00+00:00,0.12100560386842664
2026-06-27 22:30:00+00:00,0.11529560386842665
2026-06-27 22:45:00+00:00,0.10472560386842664
2026-06-27 23:00:00+00:00,0.13772063982274932
2026-06-27 23:15:00+00:00,0.13580063982274931
2026-06-27 23:30:00+00:00,0.1317206398227493
2026-06-27 23:45:00+00:00,0.12788063982274933
2026-06-28 00:00:00+00:00,0.1566750570492509
2026-06-28 00:15:00+00:00,0.15450505704925088
2026-06-28 00:30:00+00:00,0.1527050570492509
2026-06-28 00:45:00+00:00,0.1503850570492509
2026-06-28 01:00:00+00:00,0.12341457259345605
2026-06-28 01:15:00+00:00,0.12282457259345604
2026-06-28 01:30:00+00:00,0.12321457259345604
2026-06-28 01:45:00+00:00,0.12223457259345605
2026-06-28 02:00:00+00:00,0.10749089799550893
2026-06-28 02:15:00+00:00,0.10746089799550883
2026-06-28 02:30:00+00:00,0.10789089799550894
2026-06-28 02:45:00+00:00,0.10766089799550893
2026-06-28 03:00:00+00:00,0.12961838856504584
2026-06-28 03:15:00+00:00,0.12916838856504584
2026-06-28 03:30:00+00:00,0.12907838856504583
2026-06-28 03:45:00+00:00,0.12893838856504583
2026-06-28 04:00:00+00:00,0.11159928816254207
2026-06-28 04:15:00+00:00,0.11059928816254207
2026-06-28 04:30:00+00:00,0.10628928816254206
2026-06-28 04:45:00+00:00,0.10215928816254206
2026-06-28 05:00:00+00:00,0.10764912852671742
2026-06-28 05:15:00+00:00,0.10540912852671742
2026-06-28 05:30:00+00:00,0.09790912852671742
2026-06-28 05:45:00+00:00,0.07894912852671743
2026-06-28 06:00:00+00:00,0.09085861644527082
2026-06-28 06:15:00+00:00,0.06537861644527082
2026-06-28 06:30:00+00:00,0.05282861644527082
2026-06-28 06:45:00+00:00,0.027228616445270817
2026-06-28 07:00:00+00:00,0.0934298029731736
2026-06-28 07:15:00+00:00,0.0638398029731736
2026-06-28 07:30:00+00:00,0.043959802973173596
2026-06-28 07:45:00+00:00,0.0335398029731736
2026-06-28 08:00:00+00:00,-0.03222714404975291
2026-06-28 08:15:00+00:00,-0.041667144049752906
2026-06-28 08:30:00+00:00,-0.04581714404975291
2026-06-28 08:45:00+00:00,-0.046307144049752905
2026-06-28 09:00:00+00:00,0.015200410981848671
2026-06-28 09:15:00+00:00,0.01467041098184867
2026-06-28 09:30:00+00:00,0.01466041098184867
2026-06-28 09:45:00+00:00,0.01459041098184867
2026-06-28 10:00:00+00:00,-0.008521166863130786
2026-06-28 10:15:00+00:00,-0.008521166863130786
2026-06-28 10:30:00+00:00,-0.008541166863130785
2026-06-28 10:45:00+00:00,-0.008591166863130786
2026-06-28 11:00:00+00:00,-0.008459881427158302
2026-06-28 11:15:00+00:00,-0.008449881427158303
2026-06-28 11:30:00+00:00,-0.008439881427158303
2026-06-28 11:45:00+00:00,-0.008429881427158302
2026-06-28 12:00:00+00:00,0.030995756858872386
2026-06-28 12:15:00+00:00,0.031085756858872386
2026-06-28 12:30:00+00:00,0.031095756858872385
2026-06-28 12:45:00+00:00,0.031095756858872385
2026-06-28 13:00:00+00:00,-0.013121933422469359
2026-06-28 13:15:00+00:00,-0.013111933422469359
2026-06-28 13:30:00+00:00,-0.012131933422469359
2026-06-28 13:45:00+00:00,-0.007641933422469359
2026-06-28 14:00:00+00:00,-0.012046056059320836
2026-06-28 14:15:00+00:00,-0.004066056059320837
2026-06-28 14:30:00+00:00,0.017243943940679164
2026-06-28 14:45:00+00:00,0.05954394394067917
2026-06-28 15:00:00+00:00,0.025334047015367418
2026-06-28 15:15:00+00:00,0.07585404701536741
2026-06-28 15:30:00+00:00,0.10473404701536741
2026-06-28 15:45:00+00:00,0.1230640470153674
2026-06-28 16:00:00+00:00,0.11286431509425153
2026-06-28 16:15:00+00:00,0.11918431509425152
2026-06-28 16:30:00+00:00,0.12339431509425153
2026-06-28 16:45:00+00:00,0.13301431509425152
2026-06-28 17:00:00+00:00,0.10718103946053095
2026-06-28 17:15:00+00:00,0.12853103946053096
2026-06-28 17:30:00+00:00,0.13490103946053095
2026-06-28 17:45:00+00:00,0.14886103946053086
2026-06-28 18:00:00+00:00,0.11869083889860182
2026-06-28 18:15:00+00:00,0.12347083889860183
2026-06-28 18:30:00+00:00,0.12706083889860173
2026-06-28 18:45:00+00:00,0.12781083889860173
2026-06-28 19:00:00+00:00,0.14599306916117136
2026-06-28 19:15:00+00:00,0.14374306916117136
2026-06-28 19:30:00+00:00,0.13998306916117137
2026-06-28 19:45:00+00:00,0.15081306916117138
2026-06-28 20:00:00+00:00,0.18521410519318662
2026-06-28 20:15:00+00:00,0.18515410519318673
2026-06-28 20:30:00+00:00,0.17788410519318673
2026-06-28 20:45:00+00:00,0.17510410519318673
2026-06-28 21:00:00+00:00,0.1534539998990372
2026-06-28 21:15:00+00:00,0.1463739998990372
2026-06-28 21:30:00+00:00,0.14434399989903723
2026-06-28 21:45:00+00:00,0.13778399989903722
2026-06-28 22:00:00+00:00,0.14103858646421455
2026-06-28 22:15:00+00:00,0.13417858646421454
2026-06-28 22:30:00+00:00,0.12811858646421456
2026-06-28 22:45:00+00:00,0.12228858646421456
2026-06-28 23:00:00+00:00,0.11118646782892738
2026-06-28 23:15:00+00:00,0.10843646782892738
2026-06-28 23:30:00+00:00,0.10919646782892739
2026-06-28 23:45:00+00:00,0.10662646782892739
2026-06-29 00:00:00+00:00,0.10338193798592747
2026-06-29 00:15:00+00:00,0.10188193798592747
2026-06-29 00:30:00+00:00,0.09985193798592747
2026-06-29 00:45:00+00:00,0.09851193798592736
2026-06-29 01:00:00+00:00,0.14082480916076281
2026-06-29 01:15:00+00:00,0.14063480916076282
2026-06-29 01:30:00+00:00,0.14041480916076282
2026-06-29 01:45:00+00:00,0.14046480916076282
2026-06-29 02:00:00+00:00,0.108042034024499
2026-06-29 02:15:00+00:00,0.108082034024499
2026-06-29 02:30:00+00:00,0.112482034024499
2026-06-29 02:45:00+00:00,0.11704203402449899
2026-06-29 03:00:00+00:00,0.11058321840173646
2026-06-29 03:15:00+00:00,0.11700321840173647
2026-06-29 03:30:00+00:00,0.12238321840173647
2026-06-29 03:45:00+00:00,0.12681321840173645
2026-06-29 04:00:00+00:00,0.1690712700132562
2026-06-29 04:15:00+00:00,0.1725912700132562
2026-06-29 04:30:00+00:00,0.17041127001325618
2026-06-29 04:45:00+00:00,0.16744127001325618
2026-06-29 05:00:00+00:00,0.14651685639987005
2026-06-29 05:15:00+00:00,0.14082685639987005
2026-06-29 05:30:00+00:00,0.13885685639987005
2026-06-29 05:45:00+00:00,0.12935685639987007
2026-06-29 06:00:00+00:00,0.15038207276820503
2026-06-29 06:15:00+00:00,0.13933207276820503
2026-06-29 06:30:00+00:00,0.12867207276820503
2026-06-29 06:45:00+00:00,0.11107207276820502
2026-06-29 07:00:00+00:00,0.13218827958471405
2026-06-29 07:15:00+00:00,0.12488827958471406
2026-06-29 07:30:00+00:00,0.11724827958471405
2026-06-29 07:45:00+00:00,0.11021827958471406
2026-06-29 08:00:00+00:00,0.11705496307736905
2026-06-29 08:15:00+00:00,0.10898496307736905
2026-06-29 08:30:00+00:00,0.10421496307736905
2026-06-29 08:45:00+00:00,0.09746496307736895
2026-06-29 09:00:00+00:00,0.11340027657822412
2026-06-29 09:15:00+00:00,0.10463027657822412
2026-06-29 09:30:00+00:00,0.1022202765782241
2026-06-29 09:45:00+00:00,0.09523027657822411
2026-06-29 10:00:00+00:00,0.13143375933727863
2026-06-29 10:15:00+00:00,0.13065375933727863
2026-06-29 10:30:00+00:00,0.12843375933727863
2026-06-29 10:45:00+00:00,0.12124375933727861
2026-06-29 11:00:00+00:00,0.09517845539880494
2026-06-29 11:15:00+00:00,0.08894845539880494
2026-06-29 11:30:00+00:00,0.08525845539880494
2026-06-29 11:45:00+00:00,0.08343845539880494
2026-06-29 12:00:00+00:00,0.03730400900467447
2026-06-29 12:15:00+00:00,0.04129400900467446
2026-06-29 12:30:00+00:00,0.04430400900467446
2026-06-29 12:45:00+00:00,0.04785400900467436
2026-06-29 13:00:00+00:00,0.094795640097871
2026-06-29 13:15:00+00:00,0.098595640097871
2026-06-29 13:30:00+00:00,0.104875640097871
2026-06-29 13:45:00+00:00,0.112835640097871
2026-06-29 14:00:00+00:00,0.09419603294292188
2026-06-29 14:15:00+00:00,0.10258603294292187
2026-06-29 14:30:00+00:00,0.10774603294292188
2026-06-29 14:45:00+00:00,0.11318603294292177
2026-06-29 15:00:00+00:00,0.09040838048360003
2026-06-29 15:15:00+00:00,0.10772838048360003
2026-06-29 15:30:00+00:00,0.12654838048360004
2026-06-29 15:45:00+00:00,0.13880838048360003
2026-06-29 16:00:00+00:00,0.10436920418335174
2026-06-29 16:15:00+00:00,0.12491920418335174
2026-06-29 16:30:00+00:00,0.14309920418335176
2026-06-29 16:45:00+00:00,0.18532920418335175
2026-06-29 17:00:00+00:00,0.1444630455155232
2026-06-29 17:15:00+00:00,0.17089304551552317
2026-06-29 17:30:00+00:00,0.2024430455155232
2026-06-29 17:45:00+00:00,0.2706930455155232
2026-06-29 18:00:00+00:00,0.21055326939573138
2026-06-29 18:15:00+00:00,0.26485326939573134
2026-06-29 18:30:00+00:00,0.3172232693957313
2026-06-29 18:45:00+00:00,0.34083326939573133
2026-06-29 19:00:00+00:00,0.33033449386324876
2026-06-29 19:15:00+00:00,0.3214644938632487
2026-06-29 19:30:00+00:00,0.3173544938632487
2026-06-29 19:45:00+00:00,0.28136449386324874
2026-06-29 20:00:00+00:00,0.2831094364451048
2026-06-29 20:15:00+00:00,0.24202943644510477
2026-06-29 20:30:00+00:00,0.1982494364451048
2026-06-29 20:45:00+00:00,0.16032943644510478
2026-06-29 21:00:00+00:00,0.18318656269490977
2026-06-29 21:15:00+00:00,0.14349656269490976
2026-06-29 21:30:00+00:00,0.14902656269490977
2026-06-29 21:45:00+00:00,0.13463656269490976
2026-06-29 22:00:00+00:00,0.23195102981480833
2026-06-29 22:15:00+00:00,0.21665102981480835
2026-06-29 22:30:00+00:00,0.21187102981480835
2026-06-29 22:45:00+00:00,0.20871102981480835
2026-06-29 23:00:00+00:00,0.14350634541210391
2026-06-29 23:15:00+00:00,0.13501634541210392
2026-06-29 23:30:00+00:00,0.1266863454121039
2026-06-29 23:45:00+00:00,0.12365634541210391
2026-06-30 00:00:00+00:00,0.14407009440897608
2026-06-30 00:15:00+00:00,0.1412800944089761
2026-06-30 00:30:00+00:00,0.1418000944089761
2026-06-30 00:45:00+00:00,0.1410300944089761
2026-06-30 01:00:00+00:00,0.11750771495600626
2026-06-30 01:15:00+00:00,0.11298771495600626
2026-06-30 01:30:00+00:00,0.11154771495600624
2026-06-30 01:45:00+00:00,0.11091771495600625
2026-06-30 02:00:00+00:00,0.1453600703663763
2026-06-30 02:15:00+00:00,0.14158007036637632
2026-06-30 02:30:00+00:00,0.1427600703663763
2026-06-30 02:45:00+00:00,0.14433007036637632
2026-06-30 03:00:00+00:00,0.12462227505419646
2026-06-30 03:15:00+00:00,0.13196227505419644
2026-06-30 03:30:00+00:00,0.13456227505419646
2026-06-30 03:45:00+00:00,0.14628227505419644
2026-06-30 04:00:00+00:00,0.165089699330084
2026-06-30 04:15:00+00:00,0.18021969933008397
2026-06-30 04:30:00+00:00,0.181289699330084
2026-06-30 04:45:00+00:00,0.18749969933008398
2026-06-30 05:00:00+00:00,0.2310427333863547
2026-06-30 05:15:00+00:00,0.2142227333863547
2026-06-30 05:30:00+00:00,0.20444273338635469
2026-06-30 05:45:00+00:00,0.1843427333863546
2026-06-30 06:00:00+00:00,0.20579302684153475
2026-06-30 06:15:00+00:00,0.17678302684153477
2026-06-30 06:30:00+00:00,0.15011302684153477
2026-06-30 06:45:00+00:00,0.12607302684153476
2026-06-30 07:00:00+00:00,0.1628443456105379
2026-06-30 07:15:00+00:00,0.1323143456105379
2026-06-30 07:30:00+00:00,0.12145434561053789
2026-06-30 07:45:00+00:00,0.11554434561053789
2026-06-30 08:00:00+00:00,0.08555467012879633
2026-06-30 08:15:00+00:00,0.07702467012879635
2026-06-30 08:30:00+00:00,0.07525467012879625
2026-06-30 08:45:00+00:00,0.06745467012879636
2026-06-30 09:00:00+00:00,0.144232368977935
2026-06-30 09:15:00+00:00,0.139702368977935
2026-06-30 09:30:00+00:00,0.133152368977935
2026-06-30 09:45:00+00:00,0.125102368977935
2026-06-30 10:00:00+00:00,0.07780955709744734
2026-06-30 10:15:00+00:00,0.07699955709744735
2026-06-30 10:30:00+00:00,0.07737955709744734
2026-06-30 10:45:00+00:00,0.07650955709744735
2026-06-30 11:00:00+00:00,0.12551682251261068
2026-06-30 11:15:00+00:00,0.12849682251261066
2026-06-30 11:30:00+00:00,0.12859682251261068
2026-06-30 11:45:00+00:00,0.12741682251261066
2026-06-30 12:00:00+00:00,0.11232054611394227
2026-06-30 12:15:00+00:00,0.12075054611394227
2026-06-30 12:30:00+00:00,0.12403054611394228
2026-06-30 12:45:00+00:00,0.12954054611394228
2026-06-30 13:00:00+00:00,0.11795830691039015
2026-06-30 13:15:00+00:00,0.12636830691039014
2026-06-30 13:30:00+00:00,0.13197830691039014
2026-06-30 13:45:00+00:00,0.13054830691039016
2026-06-30 14:00:00+00:00,0.09933992450427923
2026-06-30 14:15:00+00:00,0.10449992450427922
2026-06-30 14:30:00+00:00,0.11210992450427923
2026-06-30 14:45:00+00:00,0.13080992450427925
2026-06-30 15:00:00+00:00,0.12137541555320912
2026-06-30 15:15:00+00:00,0.13101541555320903
2026-06-30 15:30:00+00:00,0.15578541555320913
2026-06-30 15:45:00+00:00,0.20789541555320912
2026-06-30 16:00:00+00:00,0.14661696771336466
2026-06-30 16:15:00+00:00,0.17297696771336457
2026-06-30 16:30:00+00:00,0.2553569677133647
2026-06-30 16:45:00+00:00,0.3723469677133647
2026-06-30 17:00:00+00:00,0.3592935929608324
2026-06-30 17:15:00+00:00,0.44472359296083236
2026-06-30 17:30:00+00:00,0.4717235929608324
2026-06-30 17:45:00+00:00,0.5327135929608323
2026-06-30 18:00:00+00:00,0.4603986761049129
2026-06-30 18:15:00+00:00,0.4825186761049129
2026-06-30 18:30:00+00:00,0.5256586761049129
2026-06-30 18:45:00+00:00,0.532128676104913
2026-06-30 19:00:00+00:00,0.42785117537554856
2026-06-30 19:15:00+00:00,0.3895711753755485
2026-06-30 19:30:00+00:00,0.3521111753755486
2026-06-30 19:45:00+00:00,0.26360117537554856
2026-06-30 20:00:00+00:00,0.36976242971266327
2026-06-30 20:15:00+00:00,0.30562242971266335
2026-06-30 20:30:00+00:00,0.2542024297126634
2026-06-30 20:45:00+00:00,0.24699242971266336
2026-06-30 21:00:00+00:00,0.20129968159774736
2026-06-30 21:15:00+00:00,0.18535968159774735
2026-06-30 21:30:00+00:00,0.17803968159774736
2026-06-30 21:45:00+00:00,0.15925968159774737
