"time","price"
"2025-09-30 22:00:00+00:00","0.10756714153011232"
"2025-09-30 22:15:00+00:00","0.090857356988288063"
"2025-09-30 22:30:00+00:00","0.092506885381006917"
"2025-09-30 22:45:00+00:00","0.10062029856408025"
"2025-09-30 23:00:00+00:00","0.087648466252766635"
"2025-09-30 23:15:00+00:00","0.083688630430508185"
"2025-09-30 23:30:00+00:00","0.10082212815507391"
"2025-09-30 23:45:00+00:00","0.091764347291529089"
"2025-10-01 00:00:00+00:00","0.080715256140650476"
"2025-10-01 00:15:00+00:00","0.090425600435859649"
"2025-10-01 00:30:00+00:00","0.079905823071875381"
"2025-10-01 00:45:00+00:00","0.079882702464297434"
"2025-10-01 01:00:00+00:00","0.089809622715660342"
"2025-10-01 01:15:00+00:00","0.06822719755342202"
"2025-10-01 01:30:00+00:00","0.07131082167486967"
"2025-10-01 01:45:00+00:00","0.08436712470759028"
"2025-10-01 02:00:00+00:00","0.12618168879665576"
"2025-10-01 02:15:00+00:00","0.092202473325952744"
"2025-10-01 02:30:00+00:00","0.077339759244787892"
"2025-10-01 02:45:00+00:00","0.074706962986646974"
"2025-10-01 03:00:00+00:00","0.098916487689215543"
"2025-10-01 03:15:00+00:00","0.088502236995134639"
"2025-10-01 03:30:00+00:00","0.098225282046879234"
"2025-10-01 03:45:00+00:00","0.094492518137865342"
"2025-10-01 04:00:00+00:00","0.091586172754748174"
"2025-10-01 04:15:00+00:00","0.11859922589709866"
"2025-10-01 04:30:00+00:00","0.12172006422577696"
"2025-10-01 04:45:00+00:00","0.15584698018345672"
"2025-10-01 05:00:00+00:00","0.15494361310081184"
"2025-10-01 05:15:00+00:00","0.17856306250206724"
"2025-10-01 05:30:00+00:00","0.17421293387770603"
"2025-10-01 05:45:00+00:00","0.18906278184508937"
"2025-10-01 06:00:00+00:00","0.20011502775262066"
"2025-10-01 06:15:00+00:00","0.13277289071044102"
"2025-10-01 06:30:00+00:00","0.1257254491210319"
"2025-10-01 06:45:00+00:00","0.083041563500289781"
"2025-10-01 07:00:00+00:00","0.14156863595004754"
"2025-10-01 07:15:00+00:00","0.085413298761202253"
"2025-10-01 07:30:00+00:00","0.080378139511015689"
"2025-10-01 07:45:00+00:00","0.084818612358691231"
"2025-10-01 08:00:00+00:00","0.110604665799954"
"2025-10-01 08:15:00+00:00","0.094773682811899712"
"2025-10-01 08:30:00+00:00","0.080053517176117486"
"2025-10-01 08:45:00+00:00","0.063638963044107114"
"2025-10-01 09:00:00+00:00","0.068714780096325728"
"2025-10-01 09:15:00+00:00","0.06488155791605292"
"2025-10-01 09:30:00+00:00","0.060713612290402029"
"2025-10-01 09:45:00+00:00","0.071941222262189047"
"2025-10-01 10:00:00+00:00","0.071646182895684515"
"2025-10-01 10:15:00+00:00","0.047589598446372658"
"2025-10-01 10:30:00+00:00","0.068690839693947944"
"2025-10-01 10:45:00+00:00","0.061369177195836837"
"2025-10-01 11:00:00+00:00","0.058830779996940308"
"2025-10-01 11:15:00+00:00","0.07383676288840868"
"2025-10-01 11:30:00+00:00","0.079749995224959513"
"2025-10-01 11:45:00+00:00","0.080152801191161985"
"2025-10-01 12:00:00+00:00","0.056097824767773509"
"2025-10-01 12:15:00+00:00","0.067157876241487863"
"2025-10-01 12:30:00+00:00","0.077942634314035641"
"2025-10-01 12:45:00+00:00","0.090895451271223601"
"2025-10-01 13:00:00+00:00","0.060508257621547094"
"2025-10-01 13:15:00+00:00","0.072773410233361827"
"2025-10-01 13:30:00+00:00","0.076956650259939724"
"2025-10-01 13:45:00+00:00","0.086977933759193299"
"2025-10-01 14:00:00+00:00","0.070275258223941983"
"2025-10-01 14:15:00+00:00","0.10309240028570824"
"2025-10-01 14:30:00+00:00","0.10235989878419667"
"2025-10-01 14:45:00+00:00","0.12675532897892025"
"2025-10-01 15:00:00+00:00","0.089106360250476344"
"2025-10-01 15:15:00+00:00","0.10941880245394876"
"2025-10-01 15:30:00+00:00","0.14859395605508413"
"2025-10-01 15:45:00+00:00","0.21064036566465968"
"2025-10-01 16:00:00+00:00","0.14659173960890048"
"2025-10-01 16:15:00+00:00","0.21564643655814009"
"2025-10-01 16:30:00+00:00","0.25880254895910254"
"2025-10-01 16:45:00+00:00","0.38921902504375222"
"2025-10-01 17:00:00+00:00","0.40937047068238169"
"2025-10-01 17:15:00+00:00","0.37339992649534132"
"2025-10-01 17:30:00+00:00","0.32285760776535505"
"2025-10-01 17:45:00+00:00","0.23326431085399105"
"2025-10-01 18:00:00+00:00","0.21582328112162488"
"2025-10-01 18:15:00+00:00","0.15882112571511747"
"2025-10-01 18:30:00+00:00","0.14159894044741514"
"2025-10-01 18:45:00+00:00","0.10281729781726352"
"2025-10-01 19:00:00+00:00","0.12259506397106812"
"2025-10-01 19:15:00+00:00","0.11638242956415462"
"2025-10-01 19:30:00+00:00","0.11213402117702075"
"2025-10-01 19:45:00+00:00","0.10036751109659685"
"2025-10-01 20:00:00+00:00","0.10354239796232961"
"2025-10-01 20:15:00+00:00","0.10664267433113356"
"2025-10-01 20:30:00+00:00","0.096330775493480403"
"2025-10-01 20:45:00+00:00","0.09801644990532879"
"2025-10-01 21:00:00+00:00","0.087549469061226376"
"2025-10-01 21:15:00+00:00","0.088273378534022215"
"2025-10-01 21:30:00+00:00","0.08718891846867842"
"2025-10-01 21:45:00+00:00","0.070724850518678814"
"2025-10-01 22:00:00+00:00","0.10254120277064577"
"2025-10-01 22:15:00+00:00","0.093710552721798887"
"2025-10-01 22:30:00+00:00","0.08614113456642461"
"2025-10-01 22:45:00+00:00","0.084104128666248529"
"2025-10-01 23:00:00+00:00","0.080296292579495859"
"2025-10-01 23:15:00+00:00","0.086213546772346411"
"2025-10-01 23:30:00+00:00","0.081162854834732304"
"2025-10-01 23:45:00+00:00","0.074517227307783818"
"2025-10-02 00:00:00+00:00","0.084847142883339902"
"2025-10-02 00:15:00+00:00","0.08884050856814539"
"2025-10-02 00:30:00+00:00","0.10507185901210529"
"2025-10-02 00:45:00+00:00","0.090375778128318388"
"2025-10-02 01:00:00+00:00","0.092245503907227647"
"2025-10-02 01:15:00+00:00","0.087895540842338318"
"2025-10-02 01:30:00+00:00","0.069452287847009575"
"2025-10-02 01:45:00+00:00","0.087024861245507831"
"2025-10-02 02:00:00+00:00","0.088682302099410165"
"2025-10-02 02:15:00+00:00","0.11521242112485286"
"2025-10-02 02:30:00+00:00","0.090206390352188678"
"2025-10-02 02:45:00+00:00","0.095455473423336115"
"2025-10-02 03:00:00+00:00","0.085072882302947558"
"2025-10-02 03:15:00+00:00","0.078143219623804674"
"2025-10-02 03:30:00+00:00","0.10799822814515012"
"2025-10-02 03:45:00+00:00","0.11958933032686765"
"2025-10-02 04:00:00+00:00","0.10206031947043047"
"2025-10-02 04:15:00+00:00","0.10868612545205261"
"2025-10-02 04:30:00+00:00","0.14805794310936099"
"2025-10-02 04:45:00+00:00","0.15490148937207718"
"2025-10-02 05:00:00+00:00","0.17976857093800269"
"2025-10-02 05:15:00+00:00","0.22050455625809978"
"2025-10-02 05:30:00+00:00","0.17785463674869301"
"2025-10-02 05:45:00+00:00","0.1584270227039723"
"2025-10-02 06:00:00+00:00","0.1898865136508763"
"2025-10-02 06:15:00+00:00","0.14685524345883799"
"2025-10-02 06:30:00+00:00","0.099793365689338678"
"2025-10-02 06:45:00+00:00","0.091315629748060276"
"2025-10-02 07:00:00+00:00","0.11265696286273895"
"2025-10-02 07:15:00+00:00","0.11753592430635182"
"2025-10-02 07:30:00+00:00","0.08281575765766197"
"2025-10-02 07:45:00+00:00","0.089429344050175386"
"2025-10-02 08:00:00+00:00","0.094117467076637623"
"2025-10-02 08:15:00+00:00","0.09674938483794325"
"2025-10-02 08:30:00+00:00","0.094215172173696696"
"2025-10-02 08:45:00+00:00","0.065611356835660453"
"2025-10-02 09:00:00+00:00","0.094024599346041293"
"2025-10-02 09:15:00+00:00","0.096381427542824277"
"2025-10-02 09:30:00+00:00","0.056005167654387733"
"2025-10-02 09:45:00+00:00","0.067846338585323046"
"2025-10-02 10:00:00+00:00","0.072848827942484248"
"2025-10-02 10:15:00+00:00","0.072168228717772995"
"2025-10-02 10:30:00+00:00","0.10207049289121918"
"2025-10-02 10:45:00+00:00","0.050835433869157239"
"2025-10-02 11:00:00+00:00","0.063169415656168973"
"2025-10-02 11:15:00+00:00","0.063369846732331758"
"2025-10-02 11:30:00+00:00","0.063774928503458769"
"2025-10-02 11:45:00+00:00","0.06584448209496975"
"2025-10-02 12:00:00+00:00","0.054899752784215092"
"2025-10-02 12:15:00+00:00","0.068662536971610039"
"2025-10-02 12:30:00+00:00","0.077560724732986808"
"2025-10-02 12:45:00+00:00","0.075346485819736311"
"2025-10-02 13:00:00+00:00","0.08077774511144746"
"2025-10-02 13:15:00+00:00","0.079588329209117875"
"2025-10-02 13:30:00+00:00","0.074896965027973508"
"2025-10-02 13:45:00+00:00","0.15543553608633831"
"2025-10-02 14:00:00+00:00","0.062193183297726787"
"2025-10-02 14:15:00+00:00","0.091370846037424527"
"2025-10-02 14:30:00+00:00","0.11002595579007404"
"2025-10-02 14:45:00+00:00","0.10369317681648289"
"2025-10-02 15:00:00+00:00","0.08209376129244321"
"2025-10-02 15:15:00+00:00","0.093647809269364987"
"2025-10-02 15:30:00+00:00","0.12552060159994491"
"2025-10-02 15:45:00+00:00","0.19296792982653946"
"2025-10-02 16:00:00+00:00","0.11586611883997129"
"2025-10-02 16:15:00+00:00","0.1350126383564251"
"2025-10-02 16:30:00+00:00","0.16973485570374466"
"2025-10-02 16:45:00+00:00","0.22404189715034561"
"2025-10-02 17:00:00+00:00","0.21861898290585885"
"2025-10-02 17:15:00+00:00","0.20544151974816643"
"2025-10-02 17:30:00+00:00","0.16568690799330008"
"2025-10-02 17:45:00+00:00","0.13128183249036024"
"2025-10-02 18:00:00+00:00","0.13622001891877905"
"2025-10-02 18:15:00+00:00","0.12488534077157308"
"2025-10-02 18:30:00+00:00","0.095783431667620447"
"2025-10-02 18:45:00+00:00","0.17201169166589619"
"2025-10-02 19:00:00+00:00","0.10472667347765006"
"2025-10-02 19:15:00+00:00","0.084648424435837172"
"2025-10-02 19:30:00+00:00","0.073381075019388869"
"2025-10-02 19:45:00+00:00","0.092464724152431843"
"2025-10-02 20:00:00+00:00","0.15301537214674149"
"2025-10-02 20:15:00+00:00","0.11010000494092091"
"2025-10-02 20:30:00+00:00","0.10016237624573544"
"2025-10-02 20:45:00+00:00","0.08226171087343126"
"2025-10-02 21:00:00+00:00","0.096642062819315949"
"2025-10-02 21:15:00+00:00","0.07824152775314136"
"2025-10-02 21:30:00+00:00","0.070474850479329679"
"2025-10-02 21:45:00+00:00","0.063493987943234728"
"2025-10-02 22:00:00+00:00","0.099200937441302039"
"2025-10-02 22:15:00+00:00","0.076832612212880111"
"2025-10-02 22:30:00+00:00","0.084611809258511819"
"2025-10-02 22:45:00+00:00","0.078353173797288359"
"2025-10-02 23:00:00+00:00","0.12822142563798866"
"2025-10-02 23:15:00+00:00","0.083507251059455279"
"2025-10-02 23:30:00+00:00","0.12546208718446"
"2025-10-02 23:45:00+00:00","0.053220297021693772"
"2025-10-03 00:00:00+00:00","0.086337873603482829"
"2025-10-03 00:15:00+00:00","0.072877845263682337"
"2025-10-03 00:30:00+00:00","0.080010512431752778"
"2025-10-03 00:45:00+00:00","0.07832802052034904"
"2025-10-03 01:00:00+00:00","0.048273306320428984"
"2025-10-03 01:15:00+00:00","0.068411749600848767"
"2025-10-03 01:30:00+00:00","0.085030352672086487"
"2025-10-03 01:45:00+00:00","0.081047859509121981"
"2025-10-03 02:00:00+00:00","0.07672047686306048"
"2025-10-03 02:15:00+00:00","0.1108573149065471"
"2025-10-03 02:30:00+00:00","0.085558905106931565"
"2025-10-03 02:45:00+00:00","0.092755656401805997"
"2025-10-03 03:00:00+00:00","0.078330017634932025"
"2025-10-03 03:15:00+00:00","0.080383912513057987"
"2025-10-03 03:30:00+00:00","0.079137307553596548"
"2025-10-03 03:45:00+00:00","0.094559692204932683"
"2025-10-03 04:00:00+00:00","0.080951747854624279"
"2025-10-03 04:15:00+00:00","0.088701813932599904"
"2025-10-03 04:30:00+00:00","0.10067636452170896"
"2025-10-03 04:45:00+00:00","0.090658741393863235"
"2025-10-03 05:00:00+00:00","0.11945658566673509"
"2025-10-03 05:15:00+00:00","0.085337348074082525"
"2025-10-03 05:30:00+00:00","0.10373260190374513"
"2025-10-03 05:45:00+00:00","0.088352841288103487"
"2025-10-03 06:00:00+00:00","0.11831068134210566"
"2025-10-03 06:15:00+00:00","0.12512950596967365"
"2025-10-03 06:30:00+00:00","0.10361280019095452"
"2025-10-03 06:45:00+00:00","0.063702552220706948"
"2025-10-03 07:00:00+00:00","0.10137696290740032"
"2025-10-03 07:15:00+00:00","0.10224597748934675"
"2025-10-03 07:30:00+00:00","0.070256333682828631"
"2025-10-03 07:45:00+00:00","0.056234585895819748"
"2025-10-03 08:00:00+00:00","0.09045571839903814"
"2025-10-03 08:15:00+00:00","0.057633996523941827"
"2025-10-03 08:30:00+00:00","0.066559440893253261"
"2025-10-03 08:45:00+00:00","0.047059190223180114"
"2025-10-03 09:00:00+00:00","0.026658574133423832"
"2025-10-03 09:15:00+00:00","0.044754543147694274"
"2025-10-03 09:30:00+00:00","0.033892135352316118"
"2025-10-03 09:45:00+00:00","0.040224333347962236"
"2025-10-03 10:00:00+00:00","0.024544792615672995"
"2025-10-03 10:15:00+00:00","0.026102635585331008"
"2025-10-03 10:30:00+00:00","0.029669872789804572"
"2025-10-03 10:45:00+00:00","0.029727551941701215"
"2025-10-03 11:00:00+00:00","0.0063070359294422375"
"2025-10-03 11:15:00+00:00","0.010894987641590515"
"2025-10-03 11:30:00+00:00","0.0099305468883904395"
"2025-10-03 11:45:00+00:00","0.012246707674262882"
"2025-10-03 12:00:00+00:00","0.028184542402810972"
"2025-10-03 12:15:00+00:00","0.027759817109609553"
"2025-10-03 12:30:00+00:00","0.018021160456649449"
"2025-10-03 12:45:00+00:00","0.049118619470547659"
"2025-10-03 13:00:00+00:00","0.053991561970126334"
"2025-10-03 13:15:00+00:00","0.050324652605511472"
"2025-10-03 13:30:00+00:00","0.043766300340459863"
"2025-10-03 13:45:00+00:00","0.062957659271337479"
"2025-10-03 14:00:00+00:00","0.052219111491866123"
"2025-10-03 14:15:00+00:00","0.041663305343812192"
"2025-10-03 14:30:00+00:00","0.078718194281462289"
"2025-10-03 14:45:00+00:00","0.098746340534293361"
"2025-10-03 15:00:00+00:00","0.040620695284219167"
"2025-10-03 15:15:00+00:00","0.077894746439381893"
"2025-10-03 15:30:00+00:00","0.070187326599309263"
"2025-10-03 15:45:00+00:00","0.11837612358665711"
"2025-10-03 16:00:00+00:00","0.1107943184860683"
"2025-10-03 16:15:00+00:00","0.10578216818035151"
"2025-10-03 16:30:00+00:00","0.14482411303931636"
"2025-10-03 16:45:00+00:00","0.10865858622039368"
"2025-10-03 17:00:00+00:00","0.11981955513303016"
"2025-10-03 17:15:00+00:00","0.11629740577286091"
"2025-10-03 17:30:00+00:00","0.11432273289066115"
"2025-10-03 17:45:00+00:00","0.082561378488205606"
"2025-10-03 18:00:00+00:00","0.1184116375215496"
"2025-10-03 18:15:00+00:00","0.08201233061019586"
"2025-10-03 18:30:00+00:00","0.046864913489520488"
"2025-10-03 18:45:00+00:00","0.059411034742632707"
"2025-10-03 19:00:00+00:00","0.0744705969557347"
"2025-10-03 19:15:00+00:00","0.041227831228411949"
"2025-10-03 19:30:00+00:00","0.038288020849900191"
"2025-10-03 19:45:00+00:00","0.012616864031382397"
"2025-10-03 20:00:00+00:00","0.03890517345251248"
"2025-10-03 20:15:00+00:00","0.027961306745210468"
"2025-10-03 20:30:00+00:00","0.037700168161453523"
"2025-10-03 20:45:00+00:00","0.0082818450117315111"
"2025-10-03 21:00:00+00:00","0.045910333746562566"
"2025-10-03 21:15:00+00:00","0"
"2025-10-03 21:30:00+00:00","0.0059721490496441668"
"2025-10-03 21:45:00+00:00","0.0084731720648457652"
"2025-10-03 22:00:00+00:00","0.005739918677350327"
"2025-10-03 22:15:00+00:00","0.043873004801794069"
"2025-10-03 22:30:00+00:00","0"
"2025-10-03 22:45:00+00:00","0"
"2025-10-03 23:00:00+00:00","0"
"2025-10-03 23:15:00+00:00","0.0084860209702102476"
"2025-10-03 23:30:00+00:00","0.0035601548596504735"
"2025-10-03 23:45:00+00:00","0"
"2025-10-04 00:00:00+00:00","0.0089859987543325082"
"2025-10-04 00:15:00+00:00","0.0030629952087660932"
"2025-10-04 00:30:00+00:00","0.0080886211883896015"
"2025-10-04 00:45:00+00:00","0.0061862884192361222"
"2025-10-04 01:00:00+00:00","0"
"2025-10-04 01:15:00+00:00","0"
"2025-10-04 01:30:00+00:00","0.007372936051232618"
"2025-10-04 01:45:00+00:00","0.005973702654334649"
"2025-10-04 02:00:00+00:00","0"
"2025-10-04 02:15:00+00:00","0.00020327383308791996"
"2025-10-04 02:30:00+00:00","0.01174664895788425"
"2025-10-04 02:45:00+00:00","0"
"2025-10-04 03:00:00+00:00","0.0039509738117003788"
"2025-10-04 03:15:00+00:00","0"
"2025-10-04 03:30:00+00:00","0"
"2025-10-04 03:45:00+00:00","0.0089277685198719016"
"2025-10-04 04:00:00+00:00","0.0061041634898802979"
"2025-10-04 04:15:00+00:00","0.0061150963600063854"
"2025-10-04 04:30:00+00:00","0.011574788071543291"
"2025-10-04 04:45:00+00:00","0"
"2025-10-04 05:00:00+00:00","0.0065695297129496387"
"2025-10-04 05:15:00+00:00","0"
"2025-10-04 05:30:00+00:00","0.0022416635248844212"
"2025-10-04 05:45:00+00:00","0"
"2025-10-04 06:00:00+00:00","0.00026995964992718191"
"2025-10-04 06:15:00+00:00","0.0058615702543691368"
"2025-10-04 06:30:00+00:00","0"
"2025-10-04 06:45:00+00:00","0.020593872756854602"
"2025-10-04 07:00:00+00:00","0"
"2025-10-04 07:15:00+00:00","0"
"2025-10-04 07:30:00+00:00","0.011531108735000678"
"2025-10-04 07:45:00+00:00","0.0078466269396293576"
"2025-10-04 08:00:00+00:00","0.006231198170521552"
"2025-10-04 08:15:00+00:00","0.0061834550926427988"
"2025-10-04 08:30:00+00:00","0.049737532271530854"
"2025-10-04 08:45:00+00:00","0"
"2025-10-04 09:00:00+00:00","0.00074804558193726338"
"2025-10-04 09:15:00+00:00","0.042968382884878885"
"2025-10-04 09:30:00+00:00","0.0096711973341775115"
"2025-10-04 09:45:00+00:00","0"
"2025-10-04 10:00:00+00:00","0"
"2025-10-04 10:15:00+00:00","0"
"2025-10-04 10:30:00+00:00","0.0040993145427562433"
"2025-10-04 10:45:00+00:00","0"
"2025-10-04 11:00:00+00:00","0"
"2025-10-04 11:15:00+00:00","0.0022068721149191227"
"2025-10-04 11:30:00+00:00","0.0020496657110872277"
"2025-10-04 11:45:00+00:00","0"
"2025-10-04 12:00:00+00:00","0"
"2025-10-04 12:15:00+00:00","0.0013004993735763631"
"2025-10-04 12:30:00+00:00","0"
"2025-10-04 12:45:00+00:00","0"
"2025-10-04 13:00:00+00:00","0"
"2025-10-04 13:15:00+00:00","0"
"2025-10-04 13:30:00+00:00","0.0005990756559801462"
"2025-10-04 13:45:00+00:00","0.01368356216949552"
"2025-10-04 14:00:00+00:00","0.0083265962320201933"
"2025-10-04 14:15:00+00:00","0"
"2025-10-04 14:30:00+00:00","0"
"2025-10-04 14:45:00+00:00","0"
"2025-10-04 15:00:00+00:00","0"
"2025-10-04 15:15:00+00:00","0"
"2025-10-04 15:30:00+00:00","0.0032271856033808948"
"2025-10-04 15:45:00+00:00","0"
"2025-10-04 16:00:00+00:00","0.0051634651424117229"
"2025-10-04 16:15:00+00:00","0.015327389130025777"
"2025-10-04 16:30:00+00:00","0.0011123985154314242"
"2025-10-04 16:45:00+00:00","0.05626711722098942"
"2025-10-04 17:00:00+00:00","0.0093414399171111249"
"2025-10-04 17:15:00+00:00","0"
"2025-10-04 17:30:00+00:00","0.0062609248181040682"
"2025-10-04 17:45:00+00:00","0.0038459240078179487"
"2025-10-04 18:00:00+00:00","0.0022767609854883169"
"2025-10-04 18:15:00+00:00","0.042269902161445341"
"2025-10-04 18:30:00+00:00","0.00024510174258942713"
"2025-10-04 18:45:00+00:00","0.0049699829124544978"
"2025-10-04 19:00:00+00:00","0.014611436077950417"
"2025-10-04 19:15:00+00:00","0.0095927082608520692"
"2025-10-04 19:30:00+00:00","0.021521824575115565"
"2025-10-04 19:45:00+00:00","0"
"2025-10-04 20:00:00+00:00","0.008663206367206782"
"2025-10-04 20:15:00+00:00","0.0017534200573835175"
"2025-10-04 20:30:00+00:00","0.021888029332176723"
"2025-10-04 20:45:00+00:00","0"
"2025-10-04 21:00:00+00:00","0"
"2025-10-04 21:15:00+00:00","0"
"2025-10-04 21:30:00+00:00","0"
"2025-10-04 21:45:00+00:00","0"
"2025-10-04 22:00:00+00:00","0"
"2025-10-04 22:15:00+00:00","0.051243937864762078"
"2025-10-04 22:30:00+00:00","0.0019675597577715944"
"2025-10-04 22:45:00+00:00","0.017551708392158864"
"2025-10-04 23:00:00+00:00","0.0084142383818605025"
"2025-10-04 23:15:00+00:00","0.042220963443376072"
"2025-10-04 23:30:00+00:00","0"
"2025-10-04 23:45:00+00:00","0.0038891917150650573"
"2025-10-05 00:00:00+00:00","0"
"2025-10-05 00:15:00+00:00","0.01412458765854354"
"2025-10-05 00:30:00+00:00","0.0076144012072128699"
"2025-10-05 00:45:00+00:00","0"
"2025-10-05 01:00:00+00:00","0"
"2025-10-05 01:15:00+00:00","0.0094287237416541304"
"2025-10-05 01:30:00+00:00","0"
"2025-10-05 01:45:00+00:00","0.0072881631197346175"
"2025-10-05 02:00:00+00:00","0"
"2025-10-05 02:15:00+00:00","0"
"2025-10-05 02:30:00+00:00","0"
"2025-10-05 02:45:00+00:00","0"
"2025-10-05 03:00:00+00:00","0"
"2025-10-05 03:15:00+00:00","0.0014084993234749878"
"2025-10-05 03:30:00+00:00","0"
"2025-10-05 03:45:00+00:00","0"
"2025-10-05 04:00:00+00:00","0"
"2025-10-05 04:15:00+00:00","0.0010943883405874905"
"2025-10-05 04:30:00+00:00","0.0033161487808888979"
"2025-10-05 04:45:00+00:00","0"
"2025-10-05 05:00:00+00:00","0"
"2025-10-05 05:15:00+00:00","0.010996768218985091"
"2025-10-05 05:30:00+00:00","0.0019031401197960166"
"2025-10-05 05:45:00+00:00","0"
"2025-10-05 06:00:00+00:00","0.01541151975522523"
"2025-10-05 06:15:00+00:00","0.0010667463429285867"
"2025-10-05 06:30:00+00:00","0.011742971840638265"
"2025-10-05 06:45:00+00:00","0.00056518481410108953"
"2025-10-05 07:00:00+00:00","0.020597479248819873"
"2025-10-05 07:15:00+00:00","0.017473408424432044"
"2025-10-05 07:30:00+00:00","0"
"2025-10-05 07:45:00+00:00","0.0062457095095435544"
"2025-10-05 08:00:00+00:00","0.0049737594958514757"
"2025-10-05 08:15:00+00:00","0.010786315575323488"
"2025-10-05 08:30:00+00:00","0"
"2025-10-05 08:45:00+00:00","0.0019805145999843938"
"2025-10-05 09:00:00+00:00","0.008564244868495878"
"2025-10-05 09:15:00+00:00","0"
"2025-10-05 09:30:00+00:00","0.036157414873342356"
"2025-10-05 09:45:00+00:00","0"
"2025-10-05 10:00:00+00:00","0"
"2025-10-05 10:15:00+00:00","0.0041354225579596235"
"2025-10-05 10:30:00+00:00","0.012013570520960382"
"2025-10-05 10:45:00+00:00","0"
"2025-10-05 11:00:00+00:00","0.012906155455713018"
"2025-10-05 11:15:00+00:00","0"
"2025-10-05 11:30:00+00:00","0"
"2025-10-05 11:45:00+00:00","0"
"2025-10-05 12:00:00+00:00","0.00074065448939307282"
"2025-10-05 12:15:00+00:00","0"
"2025-10-05 12:30:00+00:00","0"
"2025-10-05 12:45:00+00:00","0"
"2025-10-05 13:00:00+00:00","0"
"2025-10-05 13:15:00+00:00","0.0045667254883003851"
"2025-10-05 13:30:00+00:00","0.0016459824609684828"
"2025-10-05 13:45:00+00:00","0"
"2025-10-05 14:00:00+00:00","0"
"2025-10-05 14:15:00+00:00","0"
"2025-10-05 14:30:00+00:00","0"
"2025-10-05 14:45:00+00:00","0.0095114232050123836"
"2025-10-05 15:00:00+00:00","0"
"2025-10-05 15:15:00+00:00","0.0049804651551784438"
"2025-10-05 15:30:00+00:00","0"
"2025-10-05 15:45:00+00:00","0"
"2025-10-05 16:00:00+00:00","0.0042996964004544218"
"2025-10-05 16:15:00+00:00","0.00064757677580625818"
"2025-10-05 16:30:00+00:00","0.01437350694652818"
"2025-10-05 16:45:00+00:00","0.016071221074111512"
"2025-10-05 17:00:00+00:00","0.040897251329163893"
"2025-10-05 17:15:00+00:00","0.027042635519717285"
"2025-10-05 17:30:00+00:00","0.035842744920074145"
"2025-10-05 17:45:00+00:00","0.051549799107342122"
"2025-10-05 18:00:00+00:00","0.032876719503091706"
"2025-10-05 18:15:00+00:00","0.02237030400466767"
"2025-10-05 18:30:00+00:00","0.019801667000434252"
"2025-10-05 18:45:00+00:00","0.014655077100473052"
"2025-10-05 19:00:00+00:00","0.052534988523894724"
"2025-10-05 19:15:00+00:00","0"
"2025-10-05 19:30:00+00:00","0.0019994830284835595"
"2025-10-05 19:45:00+00:00","0"
"2025-10-05 20:00:00+00:00","0"
"2025-10-05 20:15:00+00:00","0.018528742674445247"
"2025-10-05 20:30:00+00:00","0.022409677135012837"
"2025-10-05 20:45:00+00:00","0.0017496396044362167"
"2025-10-05 21:00:00+00:00","0.010645569630557664"
"2025-10-05 21:15:00+00:00","0.0072125015454352608"
"2025-10-05 21:30:00+00:00","0.034748808084552378"
"2025-10-05 21:45:00+00:00","0.014555749114345668"
"2025-10-05 22:00:00+00:00","0.029700824085192336"
"2025-10-05 22:15:00+00:00","0.014974595593995742"
"2025-10-05 22:30:00+00:00","0"
"2025-10-05 22:45:00+00:00","0.01413463635867223"
"2025-10-05 23:00:00+00:00","0.0062864925471569659"
"2025-10-05 23:15:00+00:00","0"
"2025-10-05 23:30:00+00:00","0.0026442711575747346"
"2025-10-05 23:45:00+00:00","0"
"2025-10-06 00:00:00+00:00","0.023871416350725646"
"2025-10-06 00:15:00+00:00","0.017516397569494503"
"2025-10-06 00:30:00+00:00","0.010500273586833827"
"2025-10-06 00:45:00+00:00","0.024929441388900259"
"2025-10-06 01:00:00+00:00","0.011303683076476183"
"2025-10-06 01:15:00+00:00","0.0019071579867173637"
"2025-10-06 01:30:00+00:00","0.026261240772696572"
"2025-10-06 01:45:00+00:00","0.016239100436846586"
"2025-10-06 02:00:00+00:00","0.00064753845673543552"
"2025-10-06 02:15:00+00:00","0.016216613219163917"
"2025-10-06 02:30:00+00:00","0.0091038174661524293"
"2025-10-06 02:45:00+00:00","0.006372002690356638"
"2025-10-06 03:00:00+00:00","0.017071775475316315"
"2025-10-06 03:15:00+00:00","0.028994166404701309"
"2025-10-06 03:30:00+00:00","0.0088143242618085888"
"2025-10-06 03:45:00+00:00","0.055529692366905706"
"2025-10-06 04:00:00+00:00","0.01188357430878173"
"2025-10-06 04:15:00+00:00","0.071728746162352947"
"2025-10-06 04:30:00+00:00","0.0722660607576113"
"2025-10-06 04:45:00+00:00","0.092520092303201837"
"2025-10-06 05:00:00+00:00","0.090455216279448261"
"2025-10-06 05:15:00+00:00","0.097010498835889622"
"2025-10-06 05:30:00+00:00","0.11163456825779838"
"2025-10-06 05:45:00+00:00","0.11548761890550863"
"2025-10-06 06:00:00+00:00","0.12419051953133591"
"2025-10-06 06:15:00+00:00","0.11883436337958402"
"2025-10-06 06:30:00+00:00","0.11503228669431656"
"2025-10-06 06:45:00+00:00","0.11933391225825757"
"2025-10-06 07:00:00+00:00","0.1407391718762438"
"2025-10-06 07:15:00+00:00","0.11164444755201448"
"2025-10-06 07:30:00+00:00","0.12059332305429225"
"2025-10-06 07:45:00+00:00","0.11523387123371789"
"2025-10-06 08:00:00+00:00","0.097995947188786278"
"2025-10-06 08:15:00+00:00","0.11023360192379925"
"2025-10-06 08:30:00+00:00","0.088603762410541534"
"2025-10-06 08:45:00+00:00","0.093095986685931595"
"2025-10-06 09:00:00+00:00","0.090917408434574826"
"2025-10-06 09:15:00+00:00","0.074701178993354808"
"2025-10-06 09:30:00+00:00","0.068614575621168364"
"2025-10-06 09:45:00+00:00","0.081500849466613817"
"2025-10-06 10:00:00+00:00","0.085167225017214715"
"2025-10-06 10:15:00+00:00","0.077626833748955903"
"2025-10-06 10:30:00+00:00","0.092505924587773736"
"2025-10-06 10:45:00+00:00","0.077324799377310405"
"2025-10-06 11:00:00+00:00","0.083399202013526824"
"2025-10-06 11:15:00+00:00","0.075939838002375443"
"2025-10-06 11:30:00+00:00","0.077361638921978407"
"2025-10-06 11:45:00+00:00","0.082873986713164136"
"2025-10-06 12:00:00+00:00","0.074175866347160488"
"2025-10-06 12:15:00+00:00","0.085744444557701749"
"2025-10-06 12:30:00+00:00","0.1110229280921444"
"2025-10-06 12:45:00+00:00","0.090211081304768514"
"2025-10-06 13:00:00+00:00","0.097826921120651417"
"2025-10-06 13:15:00+00:00","0.08073293145342382"
"2025-10-06 13:30:00+00:00","0.10098804177915283"
"2025-10-06 13:45:00+00:00","0.11541568620657901"
"2025-10-06 14:00:00+00:00","0.061733554998727104"
"2025-10-06 14:15:00+00:00","0.089901047445295229"
"2025-10-06 14:30:00+00:00","0.1164607212718054"
"2025-10-06 14:45:00+00:00","0.12204954613957007"
"2025-10-06 15:00:00+00:00","0.097621458733713085"
"2025-10-06 15:15:00+00:00","0.10691014813284179"
"2025-10-06 15:30:00+00:00","0.12270589787472901"
"2025-10-06 15:45:00+00:00","0.15090322764607922"
"2025-10-06 16:00:00+00:00","0.12103782061659807"
"2025-10-06 16:15:00+00:00","0.12095420843301213"
"2025-10-06 16:30:00+00:00","0.151176026620752"
"2025-10-06 16:45:00+00:00","0.18666123033877532"
"2025-10-06 17:00:00+00:00","0.16402393775927507"
"2025-10-06 17:15:00+00:00","0.17104441812180379"
"2025-10-06 17:30:00+00:00","0.17294452142378297"
"2025-10-06 17:45:00+00:00","0.15578015519179736"
"2025-10-06 18:00:00+00:00","0.20982774856896413"
"2025-10-06 18:15:00+00:00","0.15185400798645438"
"2025-10-06 18:30:00+00:00","0.13458124703431693"
"2025-10-06 18:45:00+00:00","0.11754976467832159"
"2025-10-06 19:00:00+00:00","0.14001213922163946"
"2025-10-06 19:15:00+00:00","0.11984924626978448"
"2025-10-06 19:30:00+00:00","0.09526875464822146"
"2025-10-06 19:45:00+00:00","0.10314913689082596"
"2025-10-06 20:00:00+00:00","0.11655208078974144"
"2025-10-06 20:15:00+00:00","0.11106486515958691"
"2025-10-06 20:30:00+00:00","0.11538418379189551"
"2025-10-06 20:45:00+00:00","0.12638437312275283"
"2025-10-06 21:00:00+00:00","0.11559927373764163"
"2025-10-06 21:15:00+00:00","0.10284899471191135"
"2025-10-06 21:30:00+00:00","0.11196405581183488"
"2025-10-06 21:45:00+00:00","0.078848646909921147"
"2025-10-06 22:00:00+00:00","0.10786614558108566"
"2025-10-06 22:15:00+00:00","0.11030865193886967"
"2025-10-06 22:30:00+00:00","0.084264137542201578"
"2025-10-06 22:45:00+00:00","0.10532754043206929"
"2025-10-06 23:00:00+00:00","0.10338496407494414"
"2025-10-06 23:15:00+00:00","0.090667120860991893"
"2025-10-06 23:30:00+00:00","0.099007818661062841"
"2025-10-06 23:45:00+00:00","0.11115692857804396"
"2025-10-07 00:00:00+00:00","0.093048662550584957"
"2025-10-07 00:15:00+00:00","0.091842205863003359"
"2025-10-07 00:30:00+00:00","0.084856391004597562"
"2025-10-07 00:45:00+00:00","0.080731556305352087"
"2025-10-07 01:00:00+00:00","0.096963358165442465"
"2025-10-07 01:15:00+00:00","0.080029161740911334"
"2025-10-07 01:30:00+00:00","0.090185662372193914"
"2025-10-07 01:45:00+00:00","0.086703425532348832"
"2025-10-07 02:00:00+00:00","0.09170979825746392"
"2025-10-07 02:15:00+00:00","0.092136621052869488"
"2025-10-07 02:30:00+00:00","0.105405399442579"
"2025-10-07 02:45:00+00:00","0.096049836011452533"
"2025-10-07 03:00:00+00:00","0.084241250647066307"
"2025-10-07 03:15:00+00:00","0.083322362842176922"
"2025-10-07 03:30:00+00:00","0.094607067399238881"
"2025-10-07 03:45:00+00:00","0.11163300493044852"
"2025-10-07 04:00:00+00:00","0.11433988616645342"
"2025-10-07 04:15:00+00:00","0.11584834675822372"
"2025-10-07 04:30:00+00:00","0.14987605920105659"
"2025-10-07 04:45:00+00:00","0.18007637858804951"
"2025-10-07 05:00:00+00:00","0.152164349032237"
"2025-10-07 05:15:00+00:00","0.22669795812558066"
"2025-10-07 05:30:00+00:00","0.26235210800896425"
"2025-10-07 05:45:00+00:00","0.27572345296688583"
"2025-10-07 06:00:00+00:00","0.29012279751095721"
"2025-10-07 06:15:00+00:00","0.31500044311489178"
"2025-10-07 06:30:00+00:00","0.29469365656354046"
"2025-10-07 06:45:00+00:00","0.25402415329089545"
"2025-10-07 07:00:00+00:00","0.29640968626319819"
"2025-10-07 07:15:00+00:00","0.23838510952701614"
"2025-10-07 07:30:00+00:00","0.19235751979616825"
"2025-10-07 07:45:00+00:00","0.13887221181975229"
"2025-10-07 08:00:00+00:00","0.19847394794604892"
"2025-10-07 08:15:00+00:00","0.17133766623898691"
"2025-10-07 08:30:00+00:00","0.14282009231736711"
"2025-10-07 08:45:00+00:00","0.1214088402427913"
"2025-10-07 09:00:00+00:00","0.1457452554455469"
"2025-10-07 09:15:00+00:00","0.14053468357135995"
"2025-10-07 09:30:00+00:00","0.13763024496475035"
"2025-10-07 09:45:00+00:00","0.12480420046154966"
"2025-10-07 10:00:00+00:00","0.13894186626639396"
"2025-10-07 10:15:00+00:00","0.10426784323568804"
"2025-10-07 10:30:00+00:00","0.096013951797414079"
"2025-10-07 10:45:00+00:00","0.10420213079900352"
"2025-10-07 11:00:00+00:00","0.11278724912288694"
"2025-10-07 11:15:00+00:00","0.11667191518470948"
"2025-10-07 11:30:00+00:00","0.087835353702851809"
"2025-10-07 11:45:00+00:00","0.11730550319460614"
"2025-10-07 12:00:00+00:00","0.10149992101421011"
"2025-10-07 12:15:00+00:00","0.10049118930052581"
"2025-10-07 12:30:00+00:00","0.095788956247398221"
"2025-10-07 12:45:00+00:00","0.091111433281342205"
"2025-10-07 13:00:00+00:00","0.10943170583961914"
"2025-10-07 13:15:00+00:00","0.10641317967188403"
"2025-10-07 13:30:00+00:00","0.10327039100258946"
"2025-10-07 13:45:00+00:00","0.11663921227936384"
"2025-10-07 14:00:00+00:00","0.10055215300709872"
"2025-10-07 14:15:00+00:00","0.12728021525289393"
"2025-10-07 14:30:00+00:00","0.12455408648636397"
"2025-10-07 14:45:00+00:00","0.13173857046881896"
"2025-10-07 15:00:00+00:00","0.11258256935914056"
"2025-10-07 15:15:00+00:00","0.1762627643025233"
"2025-10-07 15:30:00+00:00","0.12885113357058428"
"2025-10-07 15:45:00+00:00","0.20696705133482188"
"2025-10-07 16:00:00+00:00","0.14498065469791321"
"2025-10-07 16:15:00+00:00","0.16129206364813417"
"2025-10-07 16:30:00+00:00","0.23909956094945345"
"2025-10-07 16:45:00+00:00","0.34870565029547751"
"2025-10-07 17:00:00+00:00","0.2507011130944517"
"2025-10-07 17:15:00+00:00","0.21044474091258319"
"2025-10-07 17:30:00+00:00","0.22314359803249861"
"2025-10-07 17:45:00+00:00","0.18140218434014488"
"2025-10-07 18:00:00+00:00","0.17859929291912946"
"2025-10-07 18:15:00+00:00","0.15864874912889987"
"2025-10-07 18:30:00+00:00","0.13299084760767854"
"2025-10-07 18:45:00+00:00","0.11555639588076058"
"2025-10-07 19:00:00+00:00","0.14148337993119764"
"2025-10-07 19:15:00+00:00","0.12354141058759598"
"2025-10-07 19:30:00+00:00","0.11246246729784001"
"2025-10-07 19:45:00+00:00","0.098515752288662356"
"2025-10-07 20:00:00+00:00","0.10922154217322835"
"2025-10-07 20:15:00+00:00","0.11293430227691896"
"2025-10-07 20:30:00+00:00","0.10355022782579144"
"2025-10-07 20:45:00+00:00","0.11040992988582689"
"2025-10-07 21:00:00+00:00","0.081310301916069874"
"2025-10-07 21:15:00+00:00","0.10934506851922463"
"2025-10-07 21:30:00+00:00","0.10603085192497619"
"2025-10-07 21:45:00+00:00","0.069376097675918499"
"2025-10-07 22:00:00+00:00","0.098313124059196511"
"2025-10-07 22:15:00+00:00","0.087685591340042085"
"2025-10-07 22:30:00+00:00","0.077394883052821786"
"2025-10-07 22:45:00+00:00","0.08142183312409125"
"2025-10-07 23:00:00+00:00","0.080744241545341711"
"2025-10-07 23:15:00+00:00","0.10659270443423623"
"2025-10-07 23:30:00+00:00","0.096686783931474618"
"2025-10-07 23:45:00+00:00","0.098215550949941596"
"2025-10-08 00:00:00+00:00","0.096426720640432353"
"2025-10-08 00:15:00+00:00","0.076849482287827703"
"2025-10-08 00:30:00+00:00","0.08174479733720226"
"2025-10-08 00:45:00+00:00","0.090793745612279181"
"2025-10-08 01:00:00+00:00","0.074748721911080548"
"2025-10-08 01:15:00+00:00","0.094039984301723889"
"2025-10-08 01:30:00+00:00","0.08457674601841865"
"2025-10-08 01:45:00+00:00","0.083291791924504033"
"2025-10-08 02:00:00+00:00","0.092769599682034909"
"2025-10-08 02:15:00+00:00","0.092182633114860399"
"2025-10-08 02:30:00+00:00","0.087570338341809204"
"2025-10-08 02:45:00+00:00","0.10570329803364248"
"2025-10-08 03:00:00+00:00","0.076169366724001028"
"2025-10-08 03:15:00+00:00","0.099439356069442639"
"2025-10-08 03:30:00+00:00","0.10584101257968384"
"2025-10-08 03:45:00+00:00","0.10631453560686009"
"2025-10-08 04:00:00+00:00","0.096251330222421091"
"2025-10-08 04:15:00+00:00","0.10139886423614697"
"2025-10-08 04:30:00+00:00","0.13223027019206893"
"2025-10-08 04:45:00+00:00","0.13669097863557012"
"2025-10-08 05:00:00+00:00","0.12524276979480961"
"2025-10-08 05:15:00+00:00","0.16208009225836889"
"2025-10-08 05:30:00+00:00","0.16185656309457241"
"2025-10-08 05:45:00+00:00","0.15727538703636443"
"2025-10-08 06:00:00+00:00","0.18805370826476095"
"2025-10-08 06:15:00+00:00","0.1814000995134564"
"2025-10-08 06:30:00+00:00","0.13843570647503717"
"2025-10-08 06:45:00+00:00","0.15292794181984365"
"2025-10-08 07:00:00+00:00","0.15338070592116276"
"2025-10-08 07:15:00+00:00","0.15788456368290038"
"2025-10-08 07:30:00+00:00","0.12178017467202618"
"2025-10-08 07:45:00+00:00","0.10494286888129598"
"2025-10-08 08:00:00+00:00","0.1372908091319105"
"2025-10-08 08:15:00+00:00","0.12573136114352071"
"2025-10-08 08:30:00+00:00","0.10699365297575152"
"2025-10-08 08:45:00+00:00","0.11296301882016523"
"2025-10-08 09:00:00+00:00","0.12415227648662039"
"2025-10-08 09:15:00+00:00","0.10596301761461878"
"2025-10-08 09:30:00+00:00","0.093943877877861445"
"2025-10-08 09:45:00+00:00","0.087680543762789317"
"2025-10-08 10:00:00+00:00","0.14795801768892047"
"2025-10-08 10:15:00+00:00","0.073928316073433739"
"2025-10-08 10:30:00+00:00","0.075298145778942865"
"2025-10-08 10:45:00+00:00","0.096032640940227149"
"2025-10-08 11:00:00+00:00","0.09249865438127941"
"2025-10-08 11:15:00+00:00","0.088260166636473208"
"2025-10-08 11:30:00+00:00","0.089354339330653926"
"2025-10-08 11:45:00+00:00","0.090755817053616711"
"2025-10-08 12:00:00+00:00","0.080042403196906392"
"2025-10-08 12:15:00+00:00","0.079936952745976772"
"2025-10-08 12:30:00+00:00","0.091958452550976816"
"2025-10-08 12:45:00+00:00","0.088826272223849687"
"2025-10-08 13:00:00+00:00","0.09318252755714472"
"2025-10-08 13:15:00+00:00","0.076694163957621589"
"2025-10-08 13:30:00+00:00","0.11163155637325643"
"2025-10-08 13:45:00+00:00","0.11827597482413042"
"2025-10-08 14:00:00+00:00","0.095710297343138753"
"2025-10-08 14:15:00+00:00","0.16202690983945514"
"2025-10-08 14:30:00+00:00","0.14409474444462578"
"2025-10-08 14:45:00+00:00","0.15721370065018131"
"2025-10-08 15:00:00+00:00","0.084421257686683543"
"2025-10-08 15:15:00+00:00","0.16044423033264288"
"2025-10-08 15:30:00+00:00","0.1490818142230432"
"2025-10-08 15:45:00+00:00","0.21678091050210832"
"2025-10-08 16:00:00+00:00","0.14071659020469121"
"2025-10-08 16:15:00+00:00","0.14034256186846525"
"2025-10-08 16:30:00+00:00","0.20639766764477077"
"2025-10-08 16:45:00+00:00","0.24000617067646679"
"2025-10-08 17:00:00+00:00","0.22981482197008052"
"2025-10-08 17:15:00+00:00","0.19055338903151778"
"2025-10-08 17:30:00+00:00","0.17122766753889096"
"2025-10-08 17:45:00+00:00","0.16148315394383667"
"2025-10-08 18:00:00+00:00","0.16072126747022666"
"2025-10-08 18:15:00+00:00","0.21049641796607843"
"2025-10-08 18:30:00+00:00","0.11859601111168058"
"2025-10-08 18:45:00+00:00","0.1445738206483739"
"2025-10-08 19:00:00+00:00","0.13381317900880887"
"2025-10-08 19:15:00+00:00","0.11978836123694875"
"2025-10-08 19:30:00+00:00","0.10070642219818786"
"2025-10-08 19:45:00+00:00","0.10985309879408992"
"2025-10-08 20:00:00+00:00","0.10885362173762227"
"2025-10-08 20:15:00+00:00","0.11515009814645362"
"2025-10-08 20:30:00+00:00","0.13209084538268795"
"2025-10-08 20:45:00+00:00","0.096969401002753502"
"2025-10-08 21:00:00+00:00","0.11755273326285676"
"2025-10-08 21:15:00+00:00","0.092758235748741133"
"2025-10-08 21:30:00+00:00","0.095130115095030374"
"2025-10-08 21:45:00+00:00","0.10770800635635509"
"2025-10-08 22:00:00+00:00","0.10295032942212232"
"2025-10-08 22:15:00+00:00","0.11813448557996929"
"2025-10-08 22:30:00+00:00","0.097957519354554656"
"2025-10-08 22:45:00+00:00","0.083125332241057323"
"2025-10-08 23:00:00+00:00","0.098024077390555214"
"2025-10-08 23:15:00+00:00","0.10305554449626729"
"2025-10-08 23:30:00+00:00","0.098538099622171971"
"2025-10-08 23:45:00+00:00","0.077277752801095431"
"2025-10-09 00:00:00+00:00","0.088778628241751312"
"2025-10-09 00:15:00+00:00","0.089844813644484947"
"2025-10-09 00:30:00+00:00","0.091535665708999542"
"2025-10-09 00:45:00+00:00","0.098606720975506781"
"2025-10-09 01:00:00+00:00","0.14513701000933255"
"2025-10-09 01:15:00+00:00","0.076546556412898981"
"2025-10-09 01:30:00+00:00","0.093771978510059625"
"2025-10-09 01:45:00+00:00","0.096145857452838226"
"2025-10-09 02:00:00+00:00","0.092537904479310401"
"2025-10-09 02:15:00+00:00","0.14983780725554624"
"2025-10-09 02:30:00+00:00","0.10082922154548894"
"2025-10-09 02:45:00+00:00","0.10693180079228437"
"2025-10-09 03:00:00+00:00","0.086708342885413528"
"2025-10-09 03:15:00+00:00","0.075200390664840092"
"2025-10-09 03:30:00+00:00","0.10859618219132586"
"2025-10-09 03:45:00+00:00","0.12316687687163111"
"2025-10-09 04:00:00+00:00","0.10506578837195373"
"2025-10-09 04:15:00+00:00","0.10865251424179691"
"2025-10-09 04:30:00+00:00","0.12153943459591737"
"2025-10-09 04:45:00+00:00","0.15673152853332903"
"2025-10-09 05:00:00+00:00","0.12495444846143344"
"2025-10-09 05:15:00+00:00","0.15316500697372626"
"2025-10-09 05:30:00+00:00","0.15639318376130462"
"2025-10-09 05:45:00+00:00","0.15248756139495745"
"2025-10-09 06:00:00+00:00","0.18163283805975997"
"2025-10-09 06:15:00+00:00","0.14781955271782615"
"2025-10-09 06:30:00+00:00","0.14476120776940984"
"2025-10-09 06:45:00+00:00","0.12594724711294958"
"2025-10-09 07:00:00+00:00","0.16211503772567684"
"2025-10-09 07:15:00+00:00","0.1313182787653136"
"2025-10-09 07:30:00+00:00","0.12521133771633702"
"2025-10-09 07:45:00+00:00","0.10130251378336523"
"2025-10-09 08:00:00+00:00","0.14410756125573521"
"2025-10-09 08:15:00+00:00","0.10491392697780497"
"2025-10-09 08:30:00+00:00","0.10043128355838642"
"2025-10-09 08:45:00+00:00","0.086642689417258251"
"2025-10-09 09:00:00+00:00","0.12098977884353723"
"2025-10-09 09:15:00+00:00","0.10409554776511575"
"2025-10-09 09:30:00+00:00","0.10195844539468635"
"2025-10-09 09:45:00+00:00","0.072704396269630281"
"2025-10-09 10:00:00+00:00","0.10300050265869259"
"2025-10-09 10:15:00+00:00","0.10109630795623438"
"2025-10-09 10:30:00+00:00","0.088752839892754232"
"2025-10-09 10:45:00+00:00","0.094284803750653512"
"2025-10-09 11:00:00+00:00","0.083837115498996279"
"2025-10-09 11:15:00+00:00","0.10231347440185569"
"2025-10-09 11:30:00+00:00","0.1076389812361925"
"2025-10-09 11:45:00+00:00","0.06790161439560341"
"2025-10-09 12:00:00+00:00","0.073314974785992179"
"2025-10-09 12:15:00+00:00","0.098303844771177012"
"2025-10-09 12:30:00+00:00","0.099945721457307124"
"2025-10-09 12:45:00+00:00","0.081881399728467211"
"2025-10-09 13:00:00+00:00","0.075408131829041422"
"2025-10-09 13:15:00+00:00","0.08131215391139493"
"2025-10-09 13:30:00+00:00","0.075775494889657222"
"2025-10-09 13:45:00+00:00","0.093163480535158008"
"2025-10-09 14:00:00+00:00","0.077468592332479325"
"2025-10-09 14:15:00+00:00","0.080692024348958724"
"2025-10-09 14:30:00+00:00","0.091763151126132189"
"2025-10-09 14:45:00+00:00","0.10265214732536521"
"2025-10-09 15:00:00+00:00","0.10303500492814077"
"2025-10-09 15:15:00+00:00","0.10058645959261199"
"2025-10-09 15:30:00+00:00","0.12184322398476584"
"2025-10-09 15:45:00+00:00","0.1278001115577449"
"2025-10-09 16:00:00+00:00","0.11498536290347566"
"2025-10-09 16:15:00+00:00","0.13100819492166604"
"2025-10-09 16:30:00+00:00","0.11533277978437702"
"2025-10-09 16:45:00+00:00","0.12915409746184051"
"2025-10-09 17:00:00+00:00","0.12737452208213054"
"2025-10-09 17:15:00+00:00","0.13135451264008147"
"2025-10-09 17:30:00+00:00","0.12547168643907819"
"2025-10-09 17:45:00+00:00","0.14228300139910893"
"2025-10-09 18:00:00+00:00","0.11334260015748683"
"2025-10-09 18:15:00+00:00","0.10945003044998182"
"2025-10-09 18:30:00+00:00","0.10390859473575235"
"2025-10-09 18:45:00+00:00","0.099275228808397342"
"2025-10-09 19:00:00+00:00","0.10077612872693482"
"2025-10-09 19:15:00+00:00","0.11358016531107552"
"2025-10-09 19:30:00+00:00","0.11059504247989856"
"2025-10-09 19:45:00+00:00","0.081432537062505236"
"2025-10-09 20:00:00+00:00","0.10489644426895771"
"2025-10-09 20:15:00+00:00","0.10014415556386404"
"2025-10-09 20:30:00+00:00","0.085407769557190288"
"2025-10-09 20:45:00+00:00","0.094079318177555105"
"2025-10-09 21:00:00+00:00","0.10100923020851299"
"2025-10-09 21:15:00+00:00","0.075392558850027575"
"2025-10-09 21:30:00+00:00","0.10312505201330062"
"2025-10-09 21:45:00+00:00","0.095578776730955217"
"2025-10-09 22:00:00+00:00","0.089592113095156134"
"2025-10-09 22:15:00+00:00","0.08526298440064016"
"2025-10-09 22:30:00+00:00","0.089308653907249055"
"2025-10-09 22:45:00+00:00","0.084074567899870251"
"2025-10-09 23:00:00+00:00","0.097425442726728304"
"2025-10-09 23:15:00+00:00","0.1044620453876635"
"2025-10-09 23:30:00+00:00","0.08173052772505951"
"2025-10-09 23:45:00+00:00","0.073187027554615466"
"2025-10-10 00:00:00+00:00","0.069396807719854722"
"2025-10-10 00:15:00+00:00","0.072680699600580698"
"2025-10-10 00:30:00+00:00","0.078578730271262026"
"2025-10-10 00:45:00+00:00","0.096205578635177869"
"2025-10-10 01:00:00+00:00","0.074593887009638274"
"2025-10-10 01:15:00+00:00","0.080937879516388991"
"2025-10-10 01:30:00+00:00","0.077235771039272483"
"2025-10-10 01:45:00+00:00","0.089153932734480731"
"2025-10-10 02:00:00+00:00","0.1040393242587361"
"2025-10-10 02:15:00+00:00","0.074751312270796802"
"2025-10-10 02:30:00+00:00","0.071915605574817784"
"2025-10-10 02:45:00+00:00","0.091641608770690719"
"2025-10-10 03:00:00+00:00","0.083638914896263114"
"2025-10-10 03:15:00+00:00","0.099747073257360347"
"2025-10-10 03:30:00+00:00","0.090629281853259649"
"2025-10-10 03:45:00+00:00","0.097807079092129406"
"2025-10-10 04:00:00+00:00","0.089436548306923089"
"2025-10-10 04:15:00+00:00","0.11628703580582908"
"2025-10-10 04:30:00+00:00","0.10753482181197364"
"2025-10-10 04:45:00+00:00","0.12756274031107298"
"2025-10-10 05:00:00+00:00","0.11278674689589155"
"2025-10-10 05:15:00+00:00","0.12536295590445673"
"2025-10-10 05:30:00+00:00","0.13911158991037528"
"2025-10-10 05:45:00+00:00","0.14270709887589644"
"2025-10-10 06:00:00+00:00","0.14997881919683145"
"2025-10-10 06:15:00+00:00","0.13485713686433312"
"2025-10-10 06:30:00+00:00","0.12146508966508357"
"2025-10-10 06:45:00+00:00","0.08784064329012764"
"2025-10-10 07:00:00+00:00","0.14751673308872904"
"2025-10-10 07:15:00+00:00","0.1081366118767263"
"2025-10-10 07:30:00+00:00","0.097017448229348172"
"2025-10-10 07:45:00+00:00","0.091214518626072993"
"2025-10-10 08:00:00+00:00","0.12491099068019904"
"2025-10-10 08:15:00+00:00","0.093634365481561496"
"2025-10-10 08:30:00+00:00","0.07095143859020081"
"2025-10-10 08:45:00+00:00","0.078772535660272203"
"2025-10-10 09:00:00+00:00","0.10271484181141075"
"2025-10-10 09:15:00+00:00","0.1009225472330546"
"2025-10-10 09:30:00+00:00","0.075962217650469996"
"2025-10-10 09:45:00+00:00","0.076071503276639391"
"2025-10-10 10:00:00+00:00","0.090373836837107549"
"2025-10-10 10:15:00+00:00","0.095614532797634738"
"2025-10-10 10:30:00+00:00","0.07371704467613048"
"2025-10-10 10:45:00+00:00","0.070530215257703394"
"2025-10-10 11:00:00+00:00","0.082148965097165391"
"2025-10-10 11:15:00+00:00","0.08071609123156348"
"2025-10-10 11:30:00+00:00","0.072795663854494708"
"2025-10-10 11:45:00+00:00","0.072520899928983085"
"2025-10-10 12:00:00+00:00","0.070686317498597717"
"2025-10-10 12:15:00+00:00","0.1171248470058894"
"2025-10-10 12:30:00+00:00","0.081399696741468672"
"2025-10-10 12:45:00+00:00","0.084618791850608263"
"2025-10-10 13:00:00+00:00","0.08843046628924843"
"2025-10-10 13:15:00+00:00","0.069858130952162256"
"2025-10-10 13:30:00+00:00","0.085970781527284115"
"2025-10-10 13:45:00+00:00","0.1062221187506452"
"2025-10-10 14:00:00+00:00","0.092715240292343404"
"2025-10-10 14:15:00+00:00","0.090872497389270127"
"2025-10-10 14:30:00+00:00","0.094288004733068018"
"2025-10-10 14:45:00+00:00","0.14181157069440589"
"2025-10-10 15:00:00+00:00","0.083259860995837556"
"2025-10-10 15:15:00+00:00","0.089911940433799187"
"2025-10-10 15:30:00+00:00","0.12779014450053333"
"2025-10-10 15:45:00+00:00","0.1347494577564739"
"2025-10-10 16:00:00+00:00","0.09696767182869287"
"2025-10-10 16:15:00+00:00","0.12458356447299353"
"2025-10-10 16:30:00+00:00","0.12385800713771199"
"2025-10-10 16:45:00+00:00","0.13067921369263272"
"2025-10-10 17:00:00+00:00","0.11200695601329105"
"2025-10-10 17:15:00+00:00","0.13256457328280144"
"2025-10-10 17:30:00+00:00","0.1303720117795866"
"2025-10-10 17:45:00+00:00","0.11964824136220617"
"2025-10-10 18:00:00+00:00","0.15035636996047655"
"2025-10-10 18:15:00+00:00","0.10861915233673847"
"2025-10-10 18:30:00+00:00","0.094744748290752606"
"2025-10-10 18:45:00+00:00","0.093430919301187548"
"2025-10-10 19:00:00+00:00","0.11507413983644502"
"2025-10-10 19:15:00+00:00","0.11338339449322692"
"2025-10-10 19:30:00+00:00","0.098627639421436708"
"2025-10-10 19:45:00+00:00","0.091660553965142971"
"2025-10-10 20:00:00+00:00","0.092014605758095558"
"2025-10-10 20:15:00+00:00","0.11689764604073259"
"2025-10-10 20:30:00+00:00","0.097118488216074314"
"2025-10-10 20:45:00+00:00","0.097192958315881275"
"2025-10-10 21:00:00+00:00","0.098007253463777033"
"2025-10-10 21:15:00+00:00","0.097537532191537837"
"2025-10-10 21:30:00+00:00","0.10231767280232204"
"2025-10-10 21:45:00+00:00","0.14370708560017315"
"2025-10-10 22:00:00+00:00","0.10920722759867543"
"2025-10-10 22:15:00+00:00","0.11095152530132431"
"2025-10-10 22:30:00+00:00","0.090045211697014599"
"2025-10-10 22:45:00+00:00","0.090440037575885118"
"2025-10-10 23:00:00+00:00","0.090352643057127729"
"2025-10-10 23:15:00+00:00","0.10392117215449473"
"2025-10-10 23:30:00+00:00","0.080636076979407306"
"2025-10-10 23:45:00+00:00","0.10517940432910816"
"2025-10-11 00:00:00+00:00","0.087128420493556569"
"2025-10-11 00:15:00+00:00","0.074322248978819519"
"2025-10-11 00:30:00+00:00","0.088491044149107884"
"2025-10-11 00:45:00+00:00","0.0793694834252512"
"2025-10-11 01:00:00+00:00","0.094666435489887249"
"2025-10-11 01:15:00+00:00","0.077973760206976092"
"2025-10-11 01:30:00+00:00","0.079168165667852203"
"2025-10-11 01:45:00+00:00","0.063414592690544683"
"2025-10-11 02:00:00+00:00","0.078336936807509236"
"2025-10-11 02:15:00+00:00","0.058391206733710427"
"2025-10-11 02:30:00+00:00","0.064950971765142765"
"2025-10-11 02:45:00+00:00","0.089434146561442968"
"2025-10-11 03:00:00+00:00","0.090068001586508212"
"2025-10-11 03:15:00+00:00","0.088804575617849643"
"2025-10-11 03:30:00+00:00","0.075460238568707871"
"2025-10-11 03:45:00+00:00","0.086652886438580198"
"2025-10-11 04:00:00+00:00","0.087833974609094326"
"2025-10-11 04:15:00+00:00","0.077386353108074568"
"2025-10-11 04:30:00+00:00","0.10623398301767151"
"2025-10-11 04:45:00+00:00","0.10179362290575661"
"2025-10-11 05:00:00+00:00","0.094500358261703249"
"2025-10-11 05:15:00+00:00","0.095328858389945315"
"2025-10-11 05:30:00+00:00","0.14970382807947552"
"2025-10-11 05:45:00+00:00","0.077202651315757098"
"2025-10-11 06:00:00+00:00","0.10148822617479403"
"2025-10-11 06:15:00+00:00","0.096400157520021915"
"2025-10-11 06:30:00+00:00","0.091353799901050844"
"2025-10-11 06:45:00+00:00","0.090238997071140442"
"2025-10-11 07:00:00+00:00","0.12608686526849522"
"2025-10-11 07:15:00+00:00","0.1064284286126701"
"2025-10-11 07:30:00+00:00","0.083398210102172021"
"2025-10-11 07:45:00+00:00","0.080325827813561582"
"2025-10-11 08:00:00+00:00","0.11135355436586003"
"2025-10-11 08:15:00+00:00","0.095086336829127691"
"2025-10-11 08:30:00+00:00","0.07385630369920175"
"2025-10-11 08:45:00+00:00","0.066800632222944259"
"2025-10-11 09:00:00+00:00","0.14427223313613591"
"2025-10-11 09:15:00+00:00","0.080794853854217488"
"2025-10-11 09:30:00+00:00","0.080341932200277313"
"2025-10-11 09:45:00+00:00","0.066891718016819687"
"2025-10-11 10:00:00+00:00","0.073935527153193348"
"2025-10-11 10:15:00+00:00","0.054747647884394318"
"2025-10-11 10:30:00+00:00","0.11438394065634326"
"2025-10-11 10:45:00+00:00","0.048895996046924003"
"2025-10-11 11:00:00+00:00","0.072422608726252655"
"2025-10-11 11:15:00+00:00","0.040238121819104321"
"2025-10-11 11:30:00+00:00","0.060529638031652497"
"2025-10-11 11:45:00+00:00","0.04709910783462648"
"2025-10-11 12:00:00+00:00","0.035245819963855514"
"2025-10-11 12:15:00+00:00","0.043701141659456787"
"2025-10-11 12:30:00+00:00","0.049536526918056802"
"2025-10-11 12:45:00+00:00","0.065321659464019063"
"2025-10-11 13:00:00+00:00","0.059778354880354892"
"2025-10-11 13:15:00+00:00","0.069362999960614208"
"2025-10-11 13:30:00+00:00","0.089356454077390166"
"2025-10-11 13:45:00+00:00","0.10994270358611864"
"2025-10-11 14:00:00+00:00","0.0801154317010071"
"2025-10-11 14:15:00+00:00","0.080533236696740326"
"2025-10-11 14:30:00+00:00","0.089990034781681993"
"2025-10-11 14:45:00+00:00","0.10718031326718262"
"2025-10-11 15:00:00+00:00","0.090025179727304172"
"2025-10-11 15:15:00+00:00","0.088992074348015954"
"2025-10-11 15:30:00+00:00","0.12351623462576655"
"2025-10-11 15:45:00+00:00","0.13013415926122412"
"2025-10-11 16:00:00+00:00","0.11480223122605279"
"2025-10-11 16:15:00+00:00","0.12861195939702741"
"2025-10-11 16:30:00+00:00","0.12506813537700626"
"2025-10-11 16:45:00+00:00","0.15863986763290033"
"2025-10-11 17:00:00+00:00","0.1183323433699766"
"2025-10-11 17:15:00+00:00","0.1245662511979018"
"2025-10-11 17:30:00+00:00","0.13255451818559974"
"2025-10-11 17:45:00+00:00","0.13105098302612145"
"2025-10-11 18:00:00+00:00","0.16247927691457867"
"2025-10-11 18:15:00+00:00","0.12375115737131061"
"2025-10-11 18:30:00+00:00","0.11928680833431296"
"2025-10-11 18:45:00+00:00","0.099674915304992923"
"2025-10-11 19:00:00+00:00","0.1240737270005918"
"2025-10-11 19:15:00+00:00","0.12288659937486672"
"2025-10-11 19:30:00+00:00","0.1702132287841342"
"2025-10-11 19:45:00+00:00","0.080876078430157511"
"2025-10-11 20:00:00+00:00","0.13726540349725896"
"2025-10-11 20:15:00+00:00","0.12420091354147451"
"2025-10-11 20:30:00+00:00","0.095314372984904694"
"2025-10-11 20:45:00+00:00","0.097118035334373992"
"2025-10-11 21:00:00+00:00","0.10964030186282739"
"2025-10-11 21:15:00+00:00","0.098016737658239067"
"2025-10-11 21:30:00+00:00","0.087676948461545792"
"2025-10-11 21:45:00+00:00","0.080383766320619485"
"2025-10-11 22:00:00+00:00","0.10847445929008553"
"2025-10-11 22:15:00+00:00","0.11754729019259365"
"2025-10-11 22:30:00+00:00","0.09323600154594433"
"2025-10-11 22:45:00+00:00","0.078653856679138948"
"2025-10-11 23:00:00+00:00","0.10881698710648344"
"2025-10-11 23:15:00+00:00","0.068364573793699146"
"2025-10-11 23:30:00+00:00","0.097687657003721035"
"2025-10-11 23:45:00+00:00","0.067122862212218998"
"2025-10-12 00:00:00+00:00","0.094035590585968679"
"2025-10-12 00:15:00+00:00","0.076653301053738562"
"2025-10-12 00:30:00+00:00","0.071763185242790933"
"2025-10-12 00:45:00+00:00","0.096828267873785193"
"2025-10-12 01:00:00+00:00","0.085552987986881088"
"2025-10-12 01:15:00+00:00","0.08929503881730716"
"2025-10-12 01:30:00+00:00","0.084330794211208163"
"2025-10-12 01:45:00+00:00","0.084430408272231208"
"2025-10-12 02:00:00+00:00","0.080168218910602551"
"2025-10-12 02:15:00+00:00","0.069370077758114296"
"2025-10-12 02:30:00+00:00","0.1021826681944714"
"2025-10-12 02:45:00+00:00","0.086892434168386865"
"2025-10-12 03:00:00+00:00","0.067684181013402497"
"2025-10-12 03:15:00+00:00","0.075548848390340873"
"2025-10-12 03:30:00+00:00","0.107667597906343"
"2025-10-12 03:45:00+00:00","0.099392217421134924"
"2025-10-12 04:00:00+00:00","0.082073478655921406"
"2025-10-12 04:15:00+00:00","0.084457422956815714"
"2025-10-12 04:30:00+00:00","0.087273649487826177"
"2025-10-12 04:45:00+00:00","0.10996747983560841"
"2025-10-12 05:00:00+00:00","0.10145935452231554"
"2025-10-12 05:15:00+00:00","0.090340416471910698"
"2025-10-12 05:30:00+00:00","0.096952834540318431"
"2025-10-12 05:45:00+00:00","0.088747891590265138"
"2025-10-12 06:00:00+00:00","0.10026957854179296"
"2025-10-12 06:15:00+00:00","0.086506501509150208"
"2025-10-12 06:30:00+00:00","0.085723987405859361"
"2025-10-12 06:45:00+00:00","0.076497777634901579"
"2025-10-12 07:00:00+00:00","0.1066262954363698"
"2025-10-12 07:15:00+00:00","0.086329458858072985"
"2025-10-12 07:30:00+00:00","0.078906400772155799"
"2025-10-12 07:45:00+00:00","0.074702834198914173"
"2025-10-12 08:00:00+00:00","0.087526351903160909"
"2025-10-12 08:15:00+00:00","0.057127993154678924"
"2025-10-12 08:30:00+00:00","0.079893276747024816"
"2025-10-12 08:45:00+00:00","0.073704884758979919"
"2025-10-12 09:00:00+00:00","0.085430101098596528"
"2025-10-12 09:15:00+00:00","0.042227446218063111"
"2025-10-12 09:30:00+00:00","0.09215374704780728"
"2025-10-12 09:45:00+00:00","0.068294103718448268"
"2025-10-12 10:00:00+00:00","0.080021828167375172"
"2025-10-12 10:15:00+00:00","0.057210940728744691"
"2025-10-12 10:30:00+00:00","0.072727739050625587"
"2025-10-12 10:45:00+00:00","0.053865844368263437"
"2025-10-12 11:00:00+00:00","0.04960231039304195"
"2025-10-12 11:15:00+00:00","0.072440313538667866"
"2025-10-12 11:30:00+00:00","0.048743175992366536"
"2025-10-12 11:45:00+00:00","0.051024328731797228"
"2025-10-12 12:00:00+00:00","0.062300677306887542"
"2025-10-12 12:15:00+00:00","0.062016818879726043"
"2025-10-12 12:30:00+00:00","0.067244189051435657"
"2025-10-12 12:45:00+00:00","0.077149610024662252"
"2025-10-12 13:00:00+00:00","0.094244155852382744"
"2025-10-12 13:15:00+00:00","0.071943812029664142"
"2025-10-12 13:30:00+00:00","0.086940990467149676"
"2025-10-12 13:45:00+00:00","0.10278654396007612"
"2025-10-12 14:00:00+00:00","0.083815259329579839"
"2025-10-12 14:15:00+00:00","0.095610303055603793"
"2025-10-12 14:30:00+00:00","0.14932730222029184"
"2025-10-12 14:45:00+00:00","0.091139950872695163"
"2025-10-12 15:00:00+00:00","0.10322431532301096"
"2025-10-12 15:15:00+00:00","0.091246546069813111"
"2025-10-12 15:30:00+00:00","0.11625635465239033"
"2025-10-12 15:45:00+00:00","0.11182724149980643"
"2025-10-12 16:00:00+00:00","0.096108616534070074"
"2025-10-12 16:15:00+00:00","0.1092576241030348"
"2025-10-12 16:30:00+00:00","0.11522357215450273"
"2025-10-12 16:45:00+00:00","0.12508920754235286"
"2025-10-12 17:00:00+00:00","0.13076711269058647"
"2025-10-12 17:15:00+00:00","0.11992534301513981"
"2025-10-12 17:30:00+00:00","0.16847843364709353"
"2025-10-12 17:45:00+00:00","0.12526087168288358"
"2025-10-12 18:00:00+00:00","0.1312847048892464"
"2025-10-12 18:15:00+00:00","0.10663392184863008"
"2025-10-12 18:30:00+00:00","0.11861400069849859"
"2025-10-12 18:45:00+00:00","0.11818172742310899"
"2025-10-12 19:00:00+00:00","0.11499436496640009"
"2025-10-12 19:15:00+00:00","0.12867706813311619"
"2025-10-12 19:30:00+00:00","0.10512944412967463"
"2025-10-12 19:45:00+00:00","0.10352576453471542"
"2025-10-12 20:00:00+00:00","0.1171892817571613"
"2025-10-12 20:15:00+00:00","0.11153579047581458"
"2025-10-12 20:30:00+00:00","0.092687249131047991"
"2025-10-12 20:45:00+00:00","0.082809491174056948"
"2025-10-12 21:00:00+00:00","0.11878505063224973"
"2025-10-12 21:15:00+00:00","0.085120386516816721"
"2025-10-12 21:30:00+00:00","0.081916076505436919"
"2025-10-12 21:45:00+00:00","0.063986098863962851"
"2025-10-12 22:00:00+00:00","0.09766038252310498"
"2025-10-12 22:15:00+00:00","0.079849102065925007"
"2025-10-12 22:30:00+00:00","0.10661015160136358"
"2025-10-12 22:45:00+00:00","0.096588170893426334"
"2025-10-12 23:00:00+00:00","0.084428496548222765"
"2025-10-12 23:15:00+00:00","0.1101043580534431"
"2025-10-12 23:30:00+00:00","0.10142765486991594"
"2025-10-12 23:45:00+00:00","0.08729168616491377"
"2025-10-13 00:00:00+00:00","0.068675942851264271"
"2025-10-13 00:15:00+00:00","0.11482942572590742"
"2025-10-13 00:30:00+00:00","0.075374275332364044"
"2025-10-13 00:45:00+00:00","0.072016012530431078"
"2025-10-13 01:00:00+00:00","0.099895704320096396"
"2025-10-13 01:15:00+00:00","0.11339752406339272"
"2025-10-13 01:30:00+00:00","0.10156272818510508"
"2025-10-13 01:45:00+00:00","0.095739091200523596"
"2025-10-13 02:00:00+00:00","0.098947543416652864"
"2025-10-13 02:15:00+00:00","0.097104155587803068"
"2025-10-13 02:30:00+00:00","0.10098928589786765"
"2025-10-13 02:45:00+00:00","0.10165191423969376"
"2025-10-13 03:00:00+00:00","0.090102011039518759"
"2025-10-13 03:15:00+00:00","0.093084068721004679"
"2025-10-13 03:30:00+00:00","0.089250354111333238"
"2025-10-13 03:45:00+00:00","0.11001324923133217"
"2025-10-13 04:00:00+00:00","0.067780431858046136"
"2025-10-13 04:15:00+00:00","0.1132266037320524"
"2025-10-13 04:30:00+00:00","0.13307408892849082"
"2025-10-13 04:45:00+00:00","0.17272410682784217"
"2025-10-13 05:00:00+00:00","0.14615894151153477"
"2025-10-13 05:15:00+00:00","0.22782002286344599"
"2025-10-13 05:30:00+00:00","0.26171316606002309"
"2025-10-13 05:45:00+00:00","0.24805499396376823"
"2025-10-13 06:00:00+00:00","0.24671371863429664"
"2025-10-13 06:15:00+00:00","0.23835771187988214"
"2025-10-13 06:30:00+00:00","0.16585512606461691"
"2025-10-13 06:45:00+00:00","0.13474366850002975"
"2025-10-13 07:00:00+00:00","0.20786052099024552"
"2025-10-13 07:15:00+00:00","0.14375655545136365"
"2025-10-13 07:30:00+00:00","0.1370137550614596"
"2025-10-13 07:45:00+00:00","0.095639745050817945"
"2025-10-13 08:00:00+00:00","0.13545632356048787"
"2025-10-13 08:15:00+00:00","0.13560781934142538"
"2025-10-13 08:30:00+00:00","0.10226006266468331"
"2025-10-13 08:45:00+00:00","0.11272474737960399"
"2025-10-13 09:00:00+00:00","0.1268936220107332"
"2025-10-13 09:15:00+00:00","0.11667489954417147"
"2025-10-13 09:30:00+00:00","0.1057091413406465"
"2025-10-13 09:45:00+00:00","0.11193140429973844"
"2025-10-13 10:00:00+00:00","0.10481224502647907"
"2025-10-13 10:15:00+00:00","0.091535944588747475"
"2025-10-13 10:30:00+00:00","0.093662975030322837"
"2025-10-13 10:45:00+00:00","0.094002980290363872"
"2025-10-13 11:00:00+00:00","0.095538600703257037"
"2025-10-13 11:15:00+00:00","0.09260591691203883"
"2025-10-13 11:30:00+00:00","0.080550083121932445"
"2025-10-13 11:45:00+00:00","0.077980990824490518"
"2025-10-13 12:00:00+00:00","0.068723947282003067"
"2025-10-13 12:15:00+00:00","0.10524576743186939"
"2025-10-13 12:30:00+00:00","0.083431367646087148"
"2025-10-13 12:45:00+00:00","0.095090948022040933"
"2025-10-13 13:00:00+00:00","0.13111592734430805"
"2025-10-13 13:15:00+00:00","0.1040792437694443"
"2025-10-13 13:30:00+00:00","0.10193050321707972"
"2025-10-13 13:45:00+00:00","0.13153742072673733"
"2025-10-13 14:00:00+00:00","0.085465093757561325"
"2025-10-13 14:15:00+00:00","0.11024994162223802"
"2025-10-13 14:30:00+00:00","0.11493652946740242"
"2025-10-13 14:45:00+00:00","0.17011149127773387"
"2025-10-13 15:00:00+00:00","0.094904015809704867"
"2025-10-13 15:15:00+00:00","0.13398820710227016"
"2025-10-13 15:30:00+00:00","0.20476776880932099"
"2025-10-13 15:45:00+00:00","0.290437990974515"
"2025-10-13 16:00:00+00:00","0.19336712341122292"
"2025-10-13 16:15:00+00:00","0.25948179300266566"
"2025-10-13 16:30:00+00:00","0.36242811471979108"
"2025-10-13 16:45:00+00:00","0.40349997998371512"
"2025-10-13 17:00:00+00:00","0.40655879116794907"
"2025-10-13 17:15:00+00:00","0.36653523001591354"
"2025-10-13 17:30:00+00:00","0.26507508214992165"
"2025-10-13 17:45:00+00:00","0.20060197020420922"
"2025-10-13 18:00:00+00:00","0.27254717951648744"
"2025-10-13 18:15:00+00:00","0.22774709337654317"
"2025-10-13 18:30:00+00:00","0.13535325432030268"
"2025-10-13 18:45:00+00:00","0.14543116805444067"
"2025-10-13 19:00:00+00:00","0.19297700814076441"
"2025-10-13 19:15:00+00:00","0.13382411758292007"
"2025-10-13 19:30:00+00:00","0.12464983079185275"
"2025-10-13 19:45:00+00:00","0.13046396623128539"
"2025-10-13 20:00:00+00:00","0.13119872259012513"
"2025-10-13 20:15:00+00:00","0.12613419639897627"
"2025-10-13 20:30:00+00:00","0.11148319086051356"
"2025-10-13 20:45:00+00:00","0.097342432693071232"
"2025-10-13 21:00:00+00:00","0.11659722454933993"
"2025-10-13 21:15:00+00:00","0.097450597332377431"
"2025-10-13 21:30:00+00:00","0.10776083468259226"
"2025-10-13 21:45:00+00:00","0.097200267689413575"
"2025-10-13 22:00:00+00:00","0.11726785911790748"
"2025-10-13 22:15:00+00:00","0.10097104353796373"
"2025-10-13 22:30:00+00:00","0.10881880232214458"
"2025-10-13 22:45:00+00:00","0.10809528961608925"
"2025-10-13 23:00:00+00:00","0.087362643574285345"
"2025-10-13 23:15:00+00:00","0.10845056569847572"
"2025-10-13 23:30:00+00:00","0.11492668992473293"
"2025-10-13 23:45:00+00:00","0.085303589813087943"
"2025-10-14 00:00:00+00:00","0.12157572386837703"
"2025-10-14 00:15:00+00:00","0.10455019009366046"
"2025-10-14 00:30:00+00:00","0.090989881442415918"
"2025-10-14 00:45:00+00:00","0.094272309223422932"
"2025-10-14 01:00:00+00:00","0.10645326912521723"
"2025-10-14 01:15:00+00:00","0.099850053914124118"
"2025-10-14 01:30:00+00:00","0.10281755992446369"
"2025-10-14 01:45:00+00:00","0.088873264069206342"
"2025-10-14 02:00:00+00:00","0.099573608240360781"
"2025-10-14 02:15:00+00:00","0.085062855030950194"
"2025-10-14 02:30:00+00:00","0.097597739386512894"
"2025-10-14 02:45:00+00:00","0.095360923585352114"
"2025-10-14 03:00:00+00:00","0.089914700574102335"
"2025-10-14 03:15:00+00:00","0.11518093175210437"
"2025-10-14 03:30:00+00:00","0.11290310120594269"
"2025-10-14 03:45:00+00:00","0.10980138120907176"
"2025-10-14 04:00:00+00:00","0.081666872353274217"
"2025-10-14 04:15:00+00:00","0.11870591550305198"
"2025-10-14 04:30:00+00:00","0.15514097699979185"
"2025-10-14 04:45:00+00:00","0.13711716913639904"
"2025-10-14 05:00:00+00:00","0.15413329539981693"
"2025-10-14 05:15:00+00:00","0.14694317839394372"
"2025-10-14 05:30:00+00:00","0.18095049116490031"
"2025-10-14 05:45:00+00:00","0.18470883535797497"
"2025-10-14 06:00:00+00:00","0.23241540904782282"
"2025-10-14 06:15:00+00:00","0.22247530163619456"
"2025-10-14 06:30:00+00:00","0.1742910867668859"
"2025-10-14 06:45:00+00:00","0.15055702316794584"
"2025-10-14 07:00:00+00:00","0.20785010539492052"
"2025-10-14 07:15:00+00:00","0.14051767046442221"
"2025-10-14 07:30:00+00:00","0.11574794626896703"
"2025-10-14 07:45:00+00:00","0.12720991326912534"
"2025-10-14 08:00:00+00:00","0.16977633393826125"
"2025-10-14 08:15:00+00:00","0.11140109407047516"
"2025-10-14 08:30:00+00:00","0.12039578604530965"
"2025-10-14 08:45:00+00:00","0.13357999517432789"
"2025-10-14 09:00:00+00:00","0.13496929088460108"
"2025-10-14 09:15:00+00:00","0.12931490774451643"
"2025-10-14 09:30:00+00:00","0.11683829358547565"
"2025-10-14 09:45:00+00:00","0.10641110346808857"
"2025-10-14 10:00:00+00:00","0.12209076482987768"
"2025-10-14 10:15:00+00:00","0.10878725455811349"
"2025-10-14 10:30:00+00:00","0.11005392314071893"
"2025-10-14 10:45:00+00:00","0.10183697806196014"
"2025-10-14 11:00:00+00:00","0.098159095463569518"
"2025-10-14 11:15:00+00:00","0.11241042349536523"
"2025-10-14 11:30:00+00:00","0.10174040243304591"
"2025-10-14 11:45:00+00:00","0.14361254840507154"
"2025-10-14 12:00:00+00:00","0.091545098435704048"
"2025-10-14 12:15:00+00:00","0.091825320182089623"
"2025-10-14 12:30:00+00:00","0.10892181157369128"
"2025-10-14 12:45:00+00:00","0.12533881003355798"
"2025-10-14 13:00:00+00:00","0.11272895565831578"
"2025-10-14 13:15:00+00:00","0.11764698232879953"
"2025-10-14 13:30:00+00:00","0.11788973041254855"
"2025-10-14 13:45:00+00:00","0.16436766299200287"
"2025-10-14 14:00:00+00:00","0.10494207549017313"
"2025-10-14 14:15:00+00:00","0.12166810306351862"
"2025-10-14 14:30:00+00:00","0.15505352619843371"
"2025-10-14 14:45:00+00:00","0.21120163767649841"
"2025-10-14 15:00:00+00:00","0.10328886336924628"
"2025-10-14 15:15:00+00:00","0.14204775295645333"
"2025-10-14 15:30:00+00:00","0.23286487797840719"
"2025-10-14 15:45:00+00:00","0.37691028697014545"
"2025-10-14 16:00:00+00:00","0.27537649924897106"
"2025-10-14 16:15:00+00:00","0.3671369275435673"
"2025-10-14 16:30:00+00:00","0.47409501221940908"
"2025-10-14 16:45:00+00:00","0.51324501643826193"
"2025-10-14 17:00:00+00:00","0.49458474414810122"
"2025-10-14 17:15:00+00:00","0.42887533433646124"
"2025-10-14 17:30:00+00:00","0.37058664606181246"
"2025-10-14 17:45:00+00:00","0.30482912444278382"
"2025-10-14 18:00:00+00:00","0.32010305257158894"
"2025-10-14 18:15:00+00:00","0.24882928729996204"
"2025-10-14 18:30:00+00:00","0.19700750832343697"
"2025-10-14 18:45:00+00:00","0.15737761851697307"
"2025-10-14 19:00:00+00:00","0.21206557129069792"
"2025-10-14 19:15:00+00:00","0.17997726136849951"
"2025-10-14 19:30:00+00:00","0.14839667457202102"
"2025-10-14 19:45:00+00:00","0.12260914028881961"
"2025-10-14 20:00:00+00:00","0.1407659733645906"
"2025-10-14 20:15:00+00:00","0.12954530313511872"
"2025-10-14 20:30:00+00:00","0.11920823181458771"
"2025-10-14 20:45:00+00:00","0.11857416222375487"
"2025-10-14 21:00:00+00:00","0.12555573981049864"
"2025-10-14 21:15:00+00:00","0.11804046020153415"
"2025-10-14 21:30:00+00:00","0.11499938169746339"
"2025-10-14 21:45:00+00:00","0.12075646274786332"
"2025-10-14 22:00:00+00:00","0.12975554135441325"
"2025-10-14 22:15:00+00:00","0.10124102031550096"
"2025-10-14 22:30:00+00:00","0.08799078865098045"
"2025-10-14 22:45:00+00:00","0.12131319911239274"
"2025-10-14 23:00:00+00:00","0.1034912130158458"
"2025-10-14 23:15:00+00:00","0.11020234598107316"
"2025-10-14 23:30:00+00:00","0.098458869739406402"
"2025-10-14 23:45:00+00:00","0.089670195624199797"
"2025-10-15 00:00:00+00:00","0.11556462728204787"
"2025-10-15 00:15:00+00:00","0.11597155160302636"
"2025-10-15 00:30:00+00:00","0.1005248959927328"
"2025-10-15 00:45:00+00:00","0.079989577078550894"
"2025-10-15 01:00:00+00:00","0.10051755551747518"
"2025-10-15 01:15:00+00:00","0.10885804005402536"
"2025-10-15 01:30:00+00:00","0.08664088431225872"
"2025-10-15 01:45:00+00:00","0.10395359919779155"
"2025-10-15 02:00:00+00:00","0.10190690150827005"
"2025-10-15 02:15:00+00:00","0.11055291499601089"
"2025-10-15 02:30:00+00:00","0.10840580368414153"
"2025-10-15 02:45:00+00:00","0.10215931059118445"
"2025-10-15 03:00:00+00:00","0.12081571501664481"
"2025-10-15 03:15:00+00:00","0.11115470426973019"
"2025-10-15 03:30:00+00:00","0.11632695460490068"
"2025-10-15 03:45:00+00:00","0.16006732040926805"
"2025-10-15 04:00:00+00:00","0.11268717748808491"
"2025-10-15 04:15:00+00:00","0.12248197285973099"
"2025-10-15 04:30:00+00:00","0.16262053940076576"
"2025-10-15 04:45:00+00:00","0.21215708480142342"
"2025-10-15 05:00:00+00:00","0.19803098857068643"
"2025-10-15 05:15:00+00:00","0.25396438602123261"
"2025-10-15 05:30:00+00:00","0.33429170327493607"
"2025-10-15 05:45:00+00:00","0.31143676322848129"
"2025-10-15 06:00:00+00:00","0.34791927261340083"
"2025-10-15 06:15:00+00:00","0.31516904687396075"
"2025-10-15 06:30:00+00:00","0.24107384460263134"
"2025-10-15 06:45:00+00:00","0.21654009713546937"
"2025-10-15 07:00:00+00:00","0.25888925871339269"
"2025-10-15 07:15:00+00:00","0.19279088591854288"
"2025-10-15 07:30:00+00:00","0.16500308213265505"
"2025-10-15 07:45:00+00:00","0.12494285076996663"
"2025-10-15 08:00:00+00:00","0.19186095372009307"
"2025-10-15 08:15:00+00:00","0.14400292580406493"
"2025-10-15 08:30:00+00:00","0.14489741289398797"
"2025-10-15 08:45:00+00:00","0.12771511196726842"
"2025-10-15 09:00:00+00:00","0.14609004149065768"
"2025-10-15 09:15:00+00:00","0.12288582129653806"
"2025-10-15 09:30:00+00:00","0.12181972142939117"
"2025-10-15 09:45:00+00:00","0.10423284630247893"
"2025-10-15 10:00:00+00:00","0.14804387247526624"
"2025-10-15 10:15:00+00:00","0.12540535331082736"
"2025-10-15 10:30:00+00:00","0.11226678448687891"
"2025-10-15 10:45:00+00:00","0.11167680305864908"
"2025-10-15 11:00:00+00:00","0.10453873710470304"
"2025-10-15 11:15:00+00:00","0.10610385961489338"
"2025-10-15 11:30:00+00:00","0.12300413907944426"
"2025-10-15 11:45:00+00:00","0.10011105721028604"
"2025-10-15 12:00:00+00:00","0.0970408901731806"
"2025-10-15 12:15:00+00:00","0.11504652752527286"
"2025-10-15 12:30:00+00:00","0.12883704154662998"
"2025-10-15 12:45:00+00:00","0.13458953310665067"
"2025-10-15 13:00:00+00:00","0.11366047685805816"
"2025-10-15 13:15:00+00:00","0.10007204911430539"
"2025-10-15 13:30:00+00:00","0.16071189333258157"
"2025-10-15 13:45:00+00:00","0.16931333651955485"
"2025-10-15 14:00:00+00:00","0.098283201611578649"
"2025-10-15 14:15:00+00:00","0.11620166983544952"
"2025-10-15 14:30:00+00:00","0.16126194141849057"
"2025-10-15 14:45:00+00:00","0.1801323000940066"
"2025-10-15 15:00:00+00:00","0.10957887772081608"
"2025-10-15 15:15:00+00:00","0.15195002344901085"
"2025-10-15 15:30:00+00:00","0.17673481769619856"
"2025-10-15 15:45:00+00:00","0.27078840128081227"
"2025-10-15 16:00:00+00:00","0.15733013124897074"
"2025-10-15 16:15:00+00:00","0.19230592278863257"
"2025-10-15 16:30:00+00:00","0.26212468426412533"
"2025-10-15 16:45:00+00:00","0.29936835756289626"
"2025-10-15 17:00:00+00:00","0.29895296079049632"
"2025-10-15 17:15:00+00:00","0.25363507337309799"
"2025-10-15 17:30:00+00:00","0.17928047270457115"
"2025-10-15 17:45:00+00:00","0.15219790332660996"
"2025-10-15 18:00:00+00:00","0.20306190805978955"
"2025-10-15 18:15:00+00:00","0.13834643410623987"
"2025-10-15 18:30:00+00:00","0.14551207129940322"
"2025-10-15 18:45:00+00:00","0.10387791634278316"
"2025-10-15 19:00:00+00:00","0.15106746376414229"
"2025-10-15 19:15:00+00:00","0.1286418670011108"
"2025-10-15 19:30:00+00:00","0.12124406697809101"
"2025-10-15 19:45:00+00:00","0.10266737212539297"
"2025-10-15 20:00:00+00:00","0.12332473488359745"
"2025-10-15 20:15:00+00:00","0.095479225614310617"
"2025-10-15 20:30:00+00:00","0.093678782862135782"
"2025-10-15 20:45:00+00:00","0.084285799504882894"
"2025-10-15 21:00:00+00:00","0.092903088738164538"
"2025-10-15 21:15:00+00:00","0.10324345576019993"
"2025-10-15 21:30:00+00:00","0.092009749516382508"
"2025-10-15 21:45:00+00:00","0.09036877786049817"
"2025-10-15 22:00:00+00:00","0.096848812686674127"
"2025-10-15 22:15:00+00:00","0.10336473857485315"
"2025-10-15 22:30:00+00:00","0.090740215587037071"
"2025-10-15 22:45:00+00:00","0.068911680520441526"
"2025-10-15 23:00:00+00:00","0.09466687951752642"
"2025-10-15 23:15:00+00:00","0.080626431062081699"
"2025-10-15 23:30:00+00:00","0.079803833182502434"
"2025-10-15 23:45:00+00:00","0.086193640187550935"
"2025-10-16 00:00:00+00:00","0.10279283071433624"
"2025-10-16 00:15:00+00:00","0.088912715767360623"
"2025-10-16 00:30:00+00:00","0.090998330125989638"
"2025-10-16 00:45:00+00:00","0.10200214944635239"
"2025-10-16 01:00:00+00:00","0.092417531794885696"
"2025-10-16 01:15:00+00:00","0.11470683114180384"
"2025-10-16 01:30:00+00:00","0.094345096456315336"
"2025-10-16 01:45:00+00:00","0.061622372408441817"
"2025-10-16 02:00:00+00:00","0.093663416211045319"
"2025-10-16 02:15:00+00:00","0.091861583848827782"
"2025-10-16 02:30:00+00:00","0.10138752754082746"
"2025-10-16 02:45:00+00:00","0.097401813512699581"
"2025-10-16 03:00:00+00:00","0.07885544016016216"
"2025-10-16 03:15:00+00:00","0.069007017637106344"
"2025-10-16 03:30:00+00:00","0.083009767427139738"
"2025-10-16 03:45:00+00:00","0.085084795457907009"
"2025-10-16 04:00:00+00:00","0.073384765501952776"
"2025-10-16 04:15:00+00:00","0.095875784044206103"
"2025-10-16 04:30:00+00:00","0.11496904504351406"
"2025-10-16 04:45:00+00:00","0.1212667152982298"
"2025-10-16 05:00:00+00:00","0.089921169379648155"
"2025-10-16 05:15:00+00:00","0.17049602668220143"
"2025-10-16 05:30:00+00:00","0.13302631486645652"
"2025-10-16 05:45:00+00:00","0.11940217095680618"
"2025-10-16 06:00:00+00:00","0.14704982833327082"
"2025-10-16 06:15:00+00:00","0.14626688194729198"
"2025-10-16 06:30:00+00:00","0.1248910168691776"
"2025-10-16 06:45:00+00:00","0.11030280433843859"
"2025-10-16 07:00:00+00:00","0.14629051851392216"
"2025-10-16 07:15:00+00:00","0.13690532443907028"
"2025-10-16 07:30:00+00:00","0.097505078221979"
"2025-10-16 07:45:00+00:00","0.088755416996765785"
"2025-10-16 08:00:00+00:00","0.12522381357827772"
"2025-10-16 08:15:00+00:00","0.090001668479082322"
"2025-10-16 08:30:00+00:00","0.098479638512333947"
"2025-10-16 08:45:00+00:00","0.072013638143853975"
"2025-10-16 09:00:00+00:00","0.10462684725751886"
"2025-10-16 09:15:00+00:00","0.096035908318730892"
"2025-10-16 09:30:00+00:00","0.071296342670669685"
"2025-10-16 09:45:00+00:00","0.061051911880192239"
"2025-10-16 10:00:00+00:00","0.073753436854299054"
"2025-10-16 10:15:00+00:00","0.09538584103427182"
"2025-10-16 10:30:00+00:00","0.077921418541075538"
"2025-10-16 10:45:00+00:00","0.10398199285668253"
"2025-10-16 11:00:00+00:00","0.078637524013426108"
"2025-10-16 11:15:00+00:00","0.084385513031970366"
"2025-10-16 11:30:00+00:00","0.09610109952567876"
"2025-10-16 11:45:00+00:00","0.09846092888159122"
"2025-10-16 12:00:00+00:00","0.097575035766363977"
"2025-10-16 12:15:00+00:00","0.091333662305931429"
"2025-10-16 12:30:00+00:00","0.091800625258114624"
"2025-10-16 12:45:00+00:00","0.10007526949201183"
"2025-10-16 13:00:00+00:00","0.079883610761666377"
"2025-10-16 13:15:00+00:00","0.076908142836714655"
"2025-10-16 13:30:00+00:00","0.076908011165776932"
"2025-10-16 13:45:00+00:00","0.092466255425890473"
"2025-10-16 14:00:00+00:00","0.066418153774750716"
"2025-10-16 14:15:00+00:00","0.074947719506727239"
"2025-10-16 14:30:00+00:00","0.099373874474567053"
"2025-10-16 14:45:00+00:00","0.1256530520857051"
"2025-10-16 15:00:00+00:00","0.079284068862918472"
"2025-10-16 15:15:00+00:00","0.13083530081055261"
"2025-10-16 15:30:00+00:00","0.12109310885866494"
"2025-10-16 15:45:00+00:00","0.15475340540720281"
"2025-10-16 16:00:00+00:00","0.10243177679397186"
"2025-10-16 16:15:00+00:00","0.1100346338292693"
"2025-10-16 16:30:00+00:00","0.13508319314157302"
"2025-10-16 16:45:00+00:00","0.14457252491616718"
"2025-10-16 17:00:00+00:00","0.15236449743242131"
"2025-10-16 17:15:00+00:00","0.15059811684554777"
"2025-10-16 17:30:00+00:00","0.13440813175670796"
"2025-10-16 17:45:00+00:00","0.1547309256633419"
"2025-10-16 18:00:00+00:00","0.15725033695525353"
"2025-10-16 18:15:00+00:00","0.12920097703468605"
"2025-10-16 18:30:00+00:00","0.12573515901150167"
"2025-10-16 18:45:00+00:00","0.096365607632765193"
"2025-10-16 19:00:00+00:00","0.12080793223928947"
"2025-10-16 19:15:00+00:00","0.11706748619704185"
"2025-10-16 19:30:00+00:00","0.10931586305934608"
"2025-10-16 19:45:00+00:00","0.15318243528272191"
"2025-10-16 20:00:00+00:00","0.091611505782137267"
"2025-10-16 20:15:00+00:00","0.089033825667109892"
"2025-10-16 20:30:00+00:00","0.10739886246911204"
"2025-10-16 20:45:00+00:00","0.079015606344371478"
"2025-10-16 21:00:00+00:00","0.10410167714184781"
"2025-10-16 21:15:00+00:00","0.14399397413701331"
"2025-10-16 21:30:00+00:00","0.088539634981317589"
"2025-10-16 21:45:00+00:00","0.11796296932733205"
"2025-10-16 22:00:00+00:00","0.096536001065697166"
"2025-10-16 22:15:00+00:00","0.082782991603380873"
"2025-10-16 22:30:00+00:00","0.075540831642897113"
"2025-10-16 22:45:00+00:00","0.057117377867183503"
"2025-10-16 23:00:00+00:00","0.086794850949493629"
"2025-10-16 23:15:00+00:00","0.10524251596669744"
"2025-10-16 23:30:00+00:00","0.10499259214547871"
"2025-10-16 23:45:00+00:00","0.085709037434137283"
"2025-10-17 00:00:00+00:00","0.085377879396382195"
"2025-10-17 00:15:00+00:00","0.092887742560750233"
"2025-10-17 00:30:00+00:00","0.078416145608117091"
"2025-10-17 00:45:00+00:00","0.091247918998194663"
"2025-10-17 01:00:00+00:00","0.097370802783846896"
"2025-10-17 01:15:00+00:00","0.10009933223884297"
"2025-10-17 01:30:00+00:00","0.087758459235200481"
"2025-10-17 01:45:00+00:00","0.085493262498230332"
"2025-10-17 02:00:00+00:00","0.078490174132434393"
"2025-10-17 02:15:00+00:00","0.07919119645960139"
"2025-10-17 02:30:00+00:00","0.089135211080984725"
"2025-10-17 02:45:00+00:00","0.09989365506816178"
"2025-10-17 03:00:00+00:00","0.099125846262332493"
"2025-10-17 03:15:00+00:00","0.082098210493196558"
"2025-10-17 03:30:00+00:00","0.11319688568959521"
"2025-10-17 03:45:00+00:00","0.096938763989574309"
"2025-10-17 04:00:00+00:00","0.085556327056515641"
"2025-10-17 04:15:00+00:00","0.08845788320852177"
"2025-10-17 04:30:00+00:00","0.095057597397270585"
"2025-10-17 04:45:00+00:00","0.13948045396361039"
"2025-10-17 05:00:00+00:00","0.12693843897092433"
"2025-10-17 05:15:00+00:00","0.11496672442881786"
"2025-10-17 05:30:00+00:00","0.1336799071722487"
"2025-10-17 05:45:00+00:00","0.15273939217704099"
"2025-10-17 06:00:00+00:00","0.14319454143113455"
"2025-10-17 06:15:00+00:00","0.15469947322653704"
"2025-10-17 06:30:00+00:00","0.14875264679621827"
"2025-10-17 06:45:00+00:00","0.1071771057683075"
"2025-10-17 07:00:00+00:00","0.16395557932166629"
"2025-10-17 07:15:00+00:00","0.16943418195376597"
"2025-10-17 07:30:00+00:00","0.12466429982433526"
"2025-10-17 07:45:00+00:00","0.10170358517702516"
"2025-10-17 08:00:00+00:00","0.11293868184094491"
"2025-10-17 08:15:00+00:00","0.13526739354457171"
"2025-10-17 08:30:00+00:00","0.10526408423201951"
"2025-10-17 08:45:00+00:00","0.095297475629856201"
"2025-10-17 09:00:00+00:00","0.16700569197230944"
"2025-10-17 09:15:00+00:00","0.11504637349428715"
"2025-10-17 09:30:00+00:00","0.081691781810216024"
"2025-10-17 09:45:00+00:00","0.086356798498479714"
"2025-10-17 10:00:00+00:00","0.098118165003305724"
"2025-10-17 10:15:00+00:00","0.094851056072631446"
"2025-10-17 10:30:00+00:00","0.088504415552772248"
"2025-10-17 10:45:00+00:00","0.080399721609166669"
"2025-10-17 11:00:00+00:00","0.080124097793512816"
"2025-10-17 11:15:00+00:00","0.088271438830463747"
"2025-10-17 11:30:00+00:00","0.076678609880143939"
"2025-10-17 11:45:00+00:00","0.054446495165053926"
"2025-10-17 12:00:00+00:00","0.087095598041576683"
"2025-10-17 12:15:00+00:00","0.096129348410861959"
"2025-10-17 12:30:00+00:00","0.066050675644581613"
"2025-10-17 12:45:00+00:00","0.081622692952900616"
"2025-10-17 13:00:00+00:00","0.090091542610051978"
"2025-10-17 13:15:00+00:00","0.10797495469711699"
"2025-10-17 13:30:00+00:00","0.091307937076754081"
"2025-10-17 13:45:00+00:00","0.084889970587708655"
"2025-10-17 14:00:00+00:00","0.082221035588951594"
"2025-10-17 14:15:00+00:00","0.10106876419148184"
"2025-10-17 14:30:00+00:00","0.087300358208754647"
"2025-10-17 14:45:00+00:00","0.10687807993349746"
"2025-10-17 15:00:00+00:00","0.083422564778179664"
"2025-10-17 15:15:00+00:00","0.098696713917412887"
"2025-10-17 15:30:00+00:00","0.12336670315994795"
"2025-10-17 15:45:00+00:00","0.1662967845846956"
"2025-10-17 16:00:00+00:00","0.12963079273116029"
"2025-10-17 16:15:00+00:00","0.12679646497873712"
"2025-10-17 16:30:00+00:00","0.12241188731084456"
"2025-10-17 16:45:00+00:00","0.12055809191303343"
"2025-10-17 17:00:00+00:00","0.13669109777147159"
"2025-10-17 17:15:00+00:00","0.12876162802987196"
"2025-10-17 17:30:00+00:00","0.13464520086409373"
"2025-10-17 17:45:00+00:00","0.1608410756784486"
"2025-10-17 18:00:00+00:00","0.13441752908365687"
"2025-10-17 18:15:00+00:00","0.15363208949904816"
"2025-10-17 18:30:00+00:00","0.11517642403794458"
"2025-10-17 18:45:00+00:00","0.11741445709196754"
"2025-10-17 19:00:00+00:00","0.11583270410537765"
"2025-10-17 19:15:00+00:00","0.087057220216826339"
"2025-10-17 19:30:00+00:00","0.11064228934575203"
"2025-10-17 19:45:00+00:00","0.091948559144610059"
"2025-10-17 20:00:00+00:00","0.12685297776217544"
"2025-10-17 20:15:00+00:00","0.11361048065714649"
"2025-10-17 20:30:00+00:00","0.097506781043412483"
"2025-10-17 20:45:00+00:00","0.10863016361735103"
"2025-10-17 21:00:00+00:00","0.10612855510527404"
"2025-10-17 21:15:00+00:00","0.10382773675122219"
"2025-10-17 21:30:00+00:00","0.092697328172944751"
"2025-10-17 21:45:00+00:00","0.072926433450091269"
"2025-10-17 22:00:00+00:00","0.087174501676825375"
"2025-10-17 22:15:00+00:00","0.11391960817581162"
"2025-10-17 22:30:00+00:00","0.090052246678934592"
"2025-10-17 22:45:00+00:00","0.083793515367579924"
"2025-10-17 23:00:00+00:00","0.086798774206506363"
"2025-10-17 23:15:00+00:00","0.093945990655934605"
"2025-10-17 23:30:00+00:00","0.10744524919243145"
"2025-10-17 23:45:00+00:00","0.075884670857457273"
"2025-10-18 00:00:00+00:00","0.097442194566727577"
"2025-10-18 00:15:00+00:00","0.10392220555415418"
"2025-10-18 00:30:00+00:00","0.086073586087542855"
"2025-10-18 00:45:00+00:00","0.08990371796249734"
"2025-10-18 01:00:00+00:00","0.07588606471853121"
"2025-10-18 01:15:00+00:00","0.091113070972076493"
"2025-10-18 01:30:00+00:00","0.087748557349954515"
"2025-10-18 01:45:00+00:00","0.10023729995679863"
"2025-10-18 02:00:00+00:00","0.097283860515647511"
"2025-10-18 02:15:00+00:00","0.11196563642018613"
"2025-10-18 02:30:00+00:00","0.095086331732135751"
"2025-10-18 02:45:00+00:00","0.095887963165821571"
"2025-10-18 03:00:00+00:00","0.084303843015773358"
"2025-10-18 03:15:00+00:00","0.081528337071893109"
"2025-10-18 03:30:00+00:00","0.096794838434616809"
"2025-10-18 03:45:00+00:00","0.089475985898609708"
"2025-10-18 04:00:00+00:00","0.081904609762696146"
"2025-10-18 04:15:00+00:00","0.098575975356079606"
"2025-10-18 04:30:00+00:00","0.085634574347203576"
"2025-10-18 04:45:00+00:00","0.11789878561129045"
"2025-10-18 05:00:00+00:00","0.10636115067339864"
"2025-10-18 05:15:00+00:00","0.10755931473008912"
"2025-10-18 05:30:00+00:00","0.094651451009914053"
"2025-10-18 05:45:00+00:00","0.11401178012905568"
"2025-10-18 06:00:00+00:00","0.134159945465611"
"2025-10-18 06:15:00+00:00","0.11729131937701118"
"2025-10-18 06:30:00+00:00","0.1065069776770509"
"2025-10-18 06:45:00+00:00","0.097922250787717727"
"2025-10-18 07:00:00+00:00","0.13339620026504545"
"2025-10-18 07:15:00+00:00","0.12113733568201379"
"2025-10-18 07:30:00+00:00","0.090480679008303047"
"2025-10-18 07:45:00+00:00","0.071771755881853111"
"2025-10-18 08:00:00+00:00","0.11099241850956178"
"2025-10-18 08:15:00+00:00","0.082465898155014969"
"2025-10-18 08:30:00+00:00","0.099033756894694416"
"2025-10-18 08:45:00+00:00","0.073166795307886598"
"2025-10-18 09:00:00+00:00","0.10016158520825497"
"2025-10-18 09:15:00+00:00","0.097823160519224517"
"2025-10-18 09:30:00+00:00","0.08977310898147961"
"2025-10-18 09:45:00+00:00","0.068443796872819526"
"2025-10-18 10:00:00+00:00","0.082477300903366094"
"2025-10-18 10:15:00+00:00","0.075608043936090844"
"2025-10-18 10:30:00+00:00","0.064742981392698712"
"2025-10-18 10:45:00+00:00","0.070933592817216035"
"2025-10-18 11:00:00+00:00","0.056879602088401968"
"2025-10-18 11:15:00+00:00","0.077476793884615536"
"2025-10-18 11:30:00+00:00","0.062883827027016073"
"2025-10-18 11:45:00+00:00","0.070341596558728389"
"2025-10-18 12:00:00+00:00","0.067242878715461418"
"2025-10-18 12:15:00+00:00","0.067810950262959233"
"2025-10-18 12:30:00+00:00","0.081006938014752741"
"2025-10-18 12:45:00+00:00","0.074490963433774648"
"2025-10-18 13:00:00+00:00","0.079932972974572442"
"2025-10-18 13:15:00+00:00","0.064950203197532502"
"2025-10-18 13:30:00+00:00","0.087533795795464123"
"2025-10-18 13:45:00+00:00","0.11748928999058275"
"2025-10-18 14:00:00+00:00","0.056896686753944256"
"2025-10-18 14:15:00+00:00","0.077872550294751486"
"2025-10-18 14:30:00+00:00","0.11128907849658914"
"2025-10-18 14:45:00+00:00","0.13029581781939598"
"2025-10-18 15:00:00+00:00","0.090786300992735589"
"2025-10-18 15:15:00+00:00","0.11583187130147664"
"2025-10-18 15:30:00+00:00","0.1285772146856177"
"2025-10-18 15:45:00+00:00","0.17320699841956225"
"2025-10-18 16:00:00+00:00","0.13027818656928511"
"2025-10-18 16:15:00+00:00","0.12960742345381457"
"2025-10-18 16:30:00+00:00","0.14524573701202731"
"2025-10-18 16:45:00+00:00","0.15521881934895215"
"2025-10-18 17:00:00+00:00","0.18706366253617418"
"2025-10-18 17:15:00+00:00","0.11747470695329358"
"2025-10-18 17:30:00+00:00","0.12913080669286972"
"2025-10-18 17:45:00+00:00","0.11441618836046402"
"2025-10-18 18:00:00+00:00","0.11127330453985965"
"2025-10-18 18:15:00+00:00","0.12385421677150421"
"2025-10-18 18:30:00+00:00","0.10062671814046077"
"2025-10-18 18:45:00+00:00","0.096714667176958397"
"2025-10-18 19:00:00+00:00","0.10247980330569015"
"2025-10-18 19:15:00+00:00","0.098924996797790654"
"2025-10-18 19:30:00+00:00","0.096234518171390393"
"2025-10-18 19:45:00+00:00","0.080535136294301563"
"2025-10-18 20:00:00+00:00","0.10929105798176084"
"2025-10-18 20:15:00+00:00","0.093264533224160825"
"2025-10-18 20:30:00+00:00","0.10426810480887502"
"2025-10-18 20:45:00+00:00","0.091563674840130532"
"2025-10-18 21:00:00+00:00","0.09651561297955405"
"2025-10-18 21:15:00+00:00","0.10720982116175022"
"2025-10-18 21:30:00+00:00","0.083950365548859526"
"2025-10-18 21:45:00+00:00","0.093970577982811443"
"2025-10-18 22:00:00+00:00","0.1068928731340133"
"2025-10-18 22:15:00+00:00","0.11038183676795123"
"2025-10-18 22:30:00+00:00","0.085345340176281481"
"2025-10-18 22:45:00+00:00","0.083076832038818021"
"2025-10-18 23:00:00+00:00","0.095455803941122672"
"2025-10-18 23:15:00+00:00","0.086398202171657237"
"2025-10-18 23:30:00+00:00","0.092919419019420496"
"2025-10-18 23:45:00+00:00","0.064176893915634109"
"2025-10-19 00:00:00+00:00","0.075893175808536467"
"2025-10-19 00:15:00+00:00","0.070821970784208071"
"2025-10-19 00:30:00+00:00","0.09122307591973576"
"2025-10-19 00:45:00+00:00","0.096626133725819241"
"2025-10-19 01:00:00+00:00","0.082025507814625184"
"2025-10-19 01:15:00+00:00","0.078891782768099897"
"2025-10-19 01:30:00+00:00","0.082220521631131804"
"2025-10-19 01:45:00+00:00","0.095008783026081914"
"2025-10-19 02:00:00+00:00","0.074316468658094256"
"2025-10-19 02:15:00+00:00","0.084733689827347747"
"2025-10-19 02:30:00+00:00","0.093841976297824301"
"2025-10-19 02:45:00+00:00","0.087830941699398341"
"2025-10-19 03:00:00+00:00","0.084265816165987439"
"2025-10-19 03:15:00+00:00","0.091300460925671414"
"2025-10-19 03:30:00+00:00","0.058587677070007629"
"2025-10-19 03:45:00+00:00","0.091488753195309067"
"2025-10-19 04:00:00+00:00","0.075959243168725765"
"2025-10-19 04:15:00+00:00","0.064033671031435424"
"2025-10-19 04:30:00+00:00","0.090252025995249799"
"2025-10-19 04:45:00+00:00","0.10475658545162948"
"2025-10-19 05:00:00+00:00","0.084175514853723085"
"2025-10-19 05:15:00+00:00","0.097298745472029394"
"2025-10-19 05:30:00+00:00","0.099612782579886455"
"2025-10-19 05:45:00+00:00","0.097359144535840464"
"2025-10-19 06:00:00+00:00","0.11512964529371393"
"2025-10-19 06:15:00+00:00","0.10298127491071893"
"2025-10-19 06:30:00+00:00","0.082624336389015923"
"2025-10-19 06:45:00+00:00","0.05645034188102821"
"2025-10-19 07:00:00+00:00","0.094399375118700515"
"2025-10-19 07:15:00+00:00","0.074387534046837983"
"2025-10-19 07:30:00+00:00","0.096139427174978143"
"2025-10-19 07:45:00+00:00","0.057861141875676633"
"2025-10-19 08:00:00+00:00","0.082742048067844853"
"2025-10-19 08:15:00+00:00","0.075474853760404664"
"2025-10-19 08:30:00+00:00","0.06815602446372454"
"2025-10-19 08:45:00+00:00","0.076310510404307433"
"2025-10-19 09:00:00+00:00","0.067823506382655371"
"2025-10-19 09:15:00+00:00","0.068146074552372427"
"2025-10-19 09:30:00+00:00","0.052605294143019517"
"2025-10-19 09:45:00+00:00","0.027719774887792939"
"2025-10-19 10:00:00+00:00","0.048242309090947143"
"2025-10-19 10:15:00+00:00","0.039679632029515778"
"2025-10-19 10:30:00+00:00","0.023706977754827399"
"2025-10-19 10:45:00+00:00","0.0089357902012614388"
"2025-10-19 11:00:00+00:00","0.010016825363281561"
"2025-10-19 11:15:00+00:00","0.020418944273713054"
"2025-10-19 11:30:00+00:00","0.004732796259689977"
"2025-10-19 11:45:00+00:00","0.023670559636896026"
"2025-10-19 12:00:00+00:00","0.012504397529345032"
"2025-10-19 12:15:00+00:00","0.0080944850053506941"
"2025-10-19 12:30:00+00:00","0.041617909229501364"
"2025-10-19 12:45:00+00:00","0.058288435944094164"
"2025-10-19 13:00:00+00:00","0.043251745104191802"
"2025-10-19 13:15:00+00:00","0.082294504460231455"
"2025-10-19 13:30:00+00:00","0.054348275303542554"
"2025-10-19 13:45:00+00:00","0.086190260791474183"
"2025-10-19 14:00:00+00:00","0.057458672044333595"
"2025-10-19 14:15:00+00:00","0.086103400764504665"
"2025-10-19 14:30:00+00:00","0.10272196628237688"
"2025-10-19 14:45:00+00:00","0.1131603066826118"
"2025-10-19 15:00:00+00:00","0.082879460643333819"
"2025-10-19 15:15:00+00:00","0.092049741431965107"
"2025-10-19 15:30:00+00:00","0.12437007138598599"
"2025-10-19 15:45:00+00:00","0.17481311648671932"
"2025-10-19 16:00:00+00:00","0.14006190685752998"
"2025-10-19 16:15:00+00:00","0.11753339186185378"
"2025-10-19 16:30:00+00:00","0.092485932330895262"
"2025-10-19 16:45:00+00:00","0.076852856073871628"
"2025-10-19 17:00:00+00:00","0.084038603237440543"
"2025-10-19 17:15:00+00:00","0.071648640569945105"
"2025-10-19 17:30:00+00:00","0.085671266510114835"
"2025-10-19 17:45:00+00:00","0.07500725023229933"
"2025-10-19 18:00:00+00:00","0.071268092979678677"
"2025-10-19 18:15:00+00:00","0.081010383140761158"
"2025-10-19 18:30:00+00:00","0.069159389483165606"
"2025-10-19 18:45:00+00:00","0.07034793011985549"
"2025-10-19 19:00:00+00:00","0.10293220628255424"
"2025-10-19 19:15:00+00:00","0.080628393158655318"
"2025-10-19 19:30:00+00:00","0.066794693520941681"
"2025-10-19 19:45:00+00:00","0.055738077745847124"
"2025-10-19 20:00:00+00:00","0.073481845986706956"
"2025-10-19 20:15:00+00:00","0.070768466807575703"
"2025-10-19 20:30:00+00:00","0.066638697611723058"
"2025-10-19 20:45:00+00:00","0.047388204728488162"
"2025-10-19 21:00:00+00:00","0.070117430329076941"
"2025-10-19 21:15:00+00:00","0.059548518829587678"
"2025-10-19 21:30:00+00:00","0.057281440181919212"
"2025-10-19 21:45:00+00:00","0.047179974191765402"
"2025-10-19 22:00:00+00:00","0.084636546719667277"
"2025-10-19 22:15:00+00:00","0.073449406495694092"
"2025-10-19 22:30:00+00:00","0.059136009225571544"
"2025-10-19 22:45:00+00:00","0.072239323797462701"
"2025-10-19 23:00:00+00:00","0.06931411867715738"
"2025-10-19 23:15:00+00:00","0.066668496229448468"
"2025-10-19 23:30:00+00:00","0.067602144232565567"
"2025-10-19 23:45:00+00:00","0.060932161312635014"
"2025-10-20 00:00:00+00:00","0.075841366339132438"
"2025-10-20 00:15:00+00:00","0.06294124165201824"
"2025-10-20 00:30:00+00:00","0.053765626253595621"
"2025-10-20 00:45:00+00:00","0.061265035252061013"
"2025-10-20 01:00:00+00:00","0.050432737926793279"
"2025-10-20 01:15:00+00:00","0.06045559705776523"
"2025-10-20 01:30:00+00:00","0.058317700093555393"
"2025-10-20 01:45:00+00:00","0.058038831427274604"
"2025-10-20 02:00:00+00:00","0.054574624885610691"
"2025-10-20 02:15:00+00:00","0.039791509545023612"
"2025-10-20 02:30:00+00:00","0.05353275092259039"
"2025-10-20 02:45:00+00:00","0.069848449011411143"
"2025-10-20 03:00:00+00:00","0.058788563919974002"
"2025-10-20 03:15:00+00:00","0.065013248590740411"
"2025-10-20 03:30:00+00:00","0.093187078408647012"
"2025-10-20 03:45:00+00:00","0.077568251517854986"
"2025-10-20 04:00:00+00:00","0.064834572005267377"
"2025-10-20 04:15:00+00:00","0.090701943618716863"
"2025-10-20 04:30:00+00:00","0.082217726901561969"
"2025-10-20 04:45:00+00:00","0.092513108926095114"
"2025-10-20 05:00:00+00:00","0.068023631682435109"
"2025-10-20 05:15:00+00:00","0.094531541736100011"
"2025-10-20 05:30:00+00:00","0.10469582318042978"
"2025-10-20 05:45:00+00:00","0.10077379790923356"
"2025-10-20 06:00:00+00:00","0.1644546530006433"
"2025-10-20 06:15:00+00:00","0.13631953485401047"
"2025-10-20 06:30:00+00:00","0.11870693629279847"
"2025-10-20 06:45:00+00:00","0.097823218387712213"
"2025-10-20 07:00:00+00:00","0.11662691258529453"
"2025-10-20 07:15:00+00:00","0.10986808273159783"
"2025-10-20 07:30:00+00:00","0.085974887205522127"
"2025-10-20 07:45:00+00:00","0.053484680267618198"
"2025-10-20 08:00:00+00:00","0.099443402428781524"
"2025-10-20 08:15:00+00:00","0.060725080119643157"
"2025-10-20 08:30:00+00:00","0.076795462043416571"
"2025-10-20 08:45:00+00:00","0.073647051368275832"
"2025-10-20 09:00:00+00:00","0.066280335697848011"
"2025-10-20 09:15:00+00:00","0.066201857120454149"
"2025-10-20 09:30:00+00:00","0.058862953315140638"
"2025-10-20 09:45:00+00:00","0.060170789697112648"
"2025-10-20 10:00:00+00:00","0.1095496571581426"
"2025-10-20 10:15:00+00:00","0.067886605322693402"
"2025-10-20 10:30:00+00:00","0.071053087461196082"
"2025-10-20 10:45:00+00:00","0.074436838107899556"
"2025-10-20 11:00:00+00:00","0.054558319734216973"
"2025-10-20 11:15:00+00:00","0.059817781262554721"
"2025-10-20 11:30:00+00:00","0.0518256180777905"
"2025-10-20 11:45:00+00:00","0.062281299335038114"
"2025-10-20 12:00:00+00:00","0.12535851633097447"
"2025-10-20 12:15:00+00:00","0.088195828235482332"
"2025-10-20 12:30:00+00:00","0.063336511281200769"
"2025-10-20 12:45:00+00:00","0.084985357408470949"
"2025-10-20 13:00:00+00:00","0.074505942430410629"
"2025-10-20 13:15:00+00:00","0.088191611588196064"
"2025-10-20 13:30:00+00:00","0.098883964800783541"
"2025-10-20 13:45:00+00:00","0.12566061044464089"
"2025-10-20 14:00:00+00:00","0.081891606529290839"
"2025-10-20 14:15:00+00:00","0.10486547729121722"
"2025-10-20 14:30:00+00:00","0.13557284248003701"
"2025-10-20 14:45:00+00:00","0.15635422269810928"
"2025-10-20 15:00:00+00:00","0.10458614109473433"
"2025-10-20 15:15:00+00:00","0.12909390196074169"
"2025-10-20 15:30:00+00:00","0.13740637040794665"
"2025-10-20 15:45:00+00:00","0.14335988970117872"
"2025-10-20 16:00:00+00:00","0.12745203937332897"
"2025-10-20 16:15:00+00:00","0.14646647170504706"
"2025-10-20 16:30:00+00:00","0.13399919447941228"
"2025-10-20 16:45:00+00:00","0.10849519681970839"
"2025-10-20 17:00:00+00:00","0.13396954404510736"
"2025-10-20 17:15:00+00:00","0.1026218051024399"
"2025-10-20 17:30:00+00:00","0.1065712463758664"
"2025-10-20 17:45:00+00:00","0.087896421921980938"
"2025-10-20 18:00:00+00:00","0.10401697855995772"
"2025-10-20 18:15:00+00:00","0.084987169258102777"
"2025-10-20 18:30:00+00:00","0.056521238479315006"
"2025-10-20 18:45:00+00:00","0.06006232531090195"
"2025-10-20 19:00:00+00:00","0.074340749936009448"
"2025-10-20 19:15:00+00:00","0.096499430947636966"
"2025-10-20 19:30:00+00:00","0.086645149994850817"
"2025-10-20 19:45:00+00:00","0.076653001461926329"
"2025-10-20 20:00:00+00:00","0.09275051101440758"
"2025-10-20 20:15:00+00:00","0.077688444749444557"
"2025-10-20 20:30:00+00:00","0.044609422658472606"
"2025-10-20 20:45:00+00:00","0.046413262002659779"
"2025-10-20 21:00:00+00:00","0.045472162480917615"
"2025-10-20 21:15:00+00:00","0.050601524017488839"
"2025-10-20 21:30:00+00:00","0.052518561814152105"
"2025-10-20 21:45:00+00:00","0.034919094223028725"
"2025-10-20 22:00:00+00:00","0.061107001896242123"
"2025-10-20 22:15:00+00:00","0.073179102561175338"
"2025-10-20 22:30:00+00:00","0.042922569742601835"
"2025-10-20 22:45:00+00:00","0.048062468641111494"
"2025-10-20 23:00:00+00:00","0.076270826697499738"
"2025-10-20 23:15:00+00:00","0.040656154084135768"
"2025-10-20 23:30:00+00:00","0.0172671247725367"
"2025-10-20 23:45:00+00:00","0.024519957781198792"
"2025-10-21 00:00:00+00:00","0.05750959634998571"
"2025-10-21 00:15:00+00:00","0.054343474542205936"
"2025-10-21 00:30:00+00:00","0.01875450405547583"
"2025-10-21 00:45:00+00:00","0.024946992232365219"
"2025-10-21 01:00:00+00:00","0.027526895432199466"
"2025-10-21 01:15:00+00:00","0.021340516456958641"
"2025-10-21 01:30:00+00:00","0.043943433470170351"
"2025-10-21 01:45:00+00:00","0.0020002967160484674"
"2025-10-21 02:00:00+00:00","0.022807396614945734"
"2025-10-21 02:15:00+00:00","0.025636931717654333"
"2025-10-21 02:30:00+00:00","0.041477863249393475"
"2025-10-21 02:45:00+00:00","0.032779831534708953"
"2025-10-21 03:00:00+00:00","0.029130505395041022"
"2025-10-21 03:15:00+00:00","0.042303514325782082"
"2025-10-21 03:30:00+00:00","0.055561269412451077"
"2025-10-21 03:45:00+00:00","0.061268077245025886"
"2025-10-21 04:00:00+00:00","0.046075718898560505"
"2025-10-21 04:15:00+00:00","0.073813896639563656"
"2025-10-21 04:30:00+00:00","0.094781003939021863"
"2025-10-21 04:45:00+00:00","0.091707371863150214"
"2025-10-21 05:00:00+00:00","0.081540502507721671"
"2025-10-21 05:15:00+00:00","0.094486062764115142"
"2025-10-21 05:30:00+00:00","0.082309675317931194"
"2025-10-21 05:45:00+00:00","0.099789215007139914"
"2025-10-21 06:00:00+00:00","0.080012676991373807"
"2025-10-21 06:15:00+00:00","0.084862336613511793"
"2025-10-21 06:30:00+00:00","0.088893387059564982"
"2025-10-21 06:45:00+00:00","0.10475438093170816"
"2025-10-21 07:00:00+00:00","0.079673257860213037"
"2025-10-21 07:15:00+00:00","0.11759748533659994"
"2025-10-21 07:30:00+00:00","0.092770568090660407"
"2025-10-21 07:45:00+00:00","0.07164238914129159"
"2025-10-21 08:00:00+00:00","0.091451059993837139"
"2025-10-21 08:15:00+00:00","0.086915540748576561"
"2025-10-21 08:30:00+00:00","0.071561224283793273"
"2025-10-21 08:45:00+00:00","0.061122155859500572"
"2025-10-21 09:00:00+00:00","0.090556044660034488"
"2025-10-21 09:15:00+00:00","0.073805806812552485"
"2025-10-21 09:30:00+00:00","0.056426615796926739"
"2025-10-21 09:45:00+00:00","0.042627267163464884"
"2025-10-21 10:00:00+00:00","0.055700917196473188"
"2025-10-21 10:15:00+00:00","0.063657700968670641"
"2025-10-21 10:30:00+00:00","0.055765567222808621"
"2025-10-21 10:45:00+00:00","0.00061611365335709906"
"2025-10-21 11:00:00+00:00","0.050779007765297507"
"2025-10-21 11:15:00+00:00","0.038257361947187749"
"2025-10-21 11:30:00+00:00","0.025022912435541025"
"2025-10-21 11:45:00+00:00","0.016704815469111144"
"2025-10-21 12:00:00+00:00","0.027731127199860036"
"2025-10-21 12:15:00+00:00","0.037655264621228576"
"2025-10-21 12:30:00+00:00","0.027751223321763906"
"2025-10-21 12:45:00+00:00","0.056160522871245351"
"2025-10-21 13:00:00+00:00","0.013673432654587141"
"2025-10-21 13:15:00+00:00","0.033893818352110597"
"2025-10-21 13:30:00+00:00","0.072562827754100348"
"2025-10-21 13:45:00+00:00","0.099633934723827589"
"2025-10-21 14:00:00+00:00","0.044971250453760866"
"2025-10-21 14:15:00+00:00","0.058550854200972932"
"2025-10-21 14:30:00+00:00","0.092940957868479973"
"2025-10-21 14:45:00+00:00","0.10342178287114959"
"2025-10-21 15:00:00+00:00","0.045555184047770481"
"2025-10-21 15:15:00+00:00","0.0945392254467394"
"2025-10-21 15:30:00+00:00","0.12826409525227683"
"2025-10-21 15:45:00+00:00","0.14509291329813576"
"2025-10-21 16:00:00+00:00","0.098999133714746321"
"2025-10-21 16:15:00+00:00","0.11983303847201064"
"2025-10-21 16:30:00+00:00","0.14763448207541582"
"2025-10-21 16:45:00+00:00","0.15392150238316427"
"2025-10-21 17:00:00+00:00","0.1220347874075093"
"2025-10-21 17:15:00+00:00","0.11953125348772281"
"2025-10-21 17:30:00+00:00","0.10968933036056226"
"2025-10-21 17:45:00+00:00","0.092120973551935409"
"2025-10-21 18:00:00+00:00","0.10761821725025618"
"2025-10-21 18:15:00+00:00","0.10030481329284481"
"2025-10-21 18:30:00+00:00","0.087075800790000393"
"2025-10-21 18:45:00+00:00","0.084490384703609589"
"2025-10-21 19:00:00+00:00","0.069793853330462147"
"2025-10-21 19:15:00+00:00","0.081572937073729382"
"2025-10-21 19:30:00+00:00","0.085802054753622251"
"2025-10-21 19:45:00+00:00","0.062089113689318097"
"2025-10-21 20:00:00+00:00","0.14938245668432404"
"2025-10-21 20:15:00+00:00","0.091755701376265583"
"2025-10-21 20:30:00+00:00","0.063514401356310257"
"2025-10-21 20:45:00+00:00","0.06433275221433786"
"2025-10-21 21:00:00+00:00","0.076088576502127012"
"2025-10-21 21:15:00+00:00","0.06750096898891135"
"2025-10-21 21:30:00+00:00","0.08224474841931749"
"2025-10-21 21:45:00+00:00","0.060751738612271962"
"2025-10-21 22:00:00+00:00","0.0894448515868939"
"2025-10-21 22:15:00+00:00","0.071601376355932472"
"2025-10-21 22:30:00+00:00","0.14129418030209229"
"2025-10-21 22:45:00+00:00","0.070287416051465282"
"2025-10-21 23:00:00+00:00","0.089469326302663285"
"2025-10-21 23:15:00+00:00","0.091153769379581917"
"2025-10-21 23:30:00+00:00","0.10170658595838651"
"2025-10-21 23:45:00+00:00","0.071531796008808879"
"2025-10-22 00:00:00+00:00","0.053434878441791747"
"2025-10-22 00:15:00+00:00","0.085458495447536947"
"2025-10-22 00:30:00+00:00","0.10463511181510854"
"2025-10-22 00:45:00+00:00","0.10012946352939438"
"2025-10-22 01:00:00+00:00","0.091376594152746252"
"2025-10-22 01:15:00+00:00","0.08534363814367954"
"2025-10-22 01:30:00+00:00","0.098631225966373109"
"2025-10-22 01:45:00+00:00","0.077554538002955323"
"2025-10-22 02:00:00+00:00","0.090073577693562196"
"2025-10-22 02:15:00+00:00","0.092784701591666269"
"2025-10-22 02:30:00+00:00","0.10275209907498879"
"2025-10-22 02:45:00+00:00","0.12041660038911078"
"2025-10-22 03:00:00+00:00","0.085164159671787559"
"2025-10-22 03:15:00+00:00","0.081710363742925007"
"2025-10-22 03:30:00+00:00","0.095084256878080045"
"2025-10-22 03:45:00+00:00","0.079629240951108723"
"2025-10-22 04:00:00+00:00","0.084702868689109409"
"2025-10-22 04:15:00+00:00","0.092157175618868964"
"2025-10-22 04:30:00+00:00","0.091379116020654072"
"2025-10-22 04:45:00+00:00","0.11457354872033722"
"2025-10-22 05:00:00+00:00","0.088785800676178001"
"2025-10-22 05:15:00+00:00","0.11128030667324461"
"2025-10-22 05:30:00+00:00","0.09856207064918196"
"2025-10-22 05:45:00+00:00","0.10499699678861386"
"2025-10-22 06:00:00+00:00","0.090911052834870817"
"2025-10-22 06:15:00+00:00","0.12455190683858978"
"2025-10-22 06:30:00+00:00","0.13638098264667634"
"2025-10-22 06:45:00+00:00","0.10103869784289091"
"2025-10-22 07:00:00+00:00","0.14141883510924744"
"2025-10-22 07:15:00+00:00","0.13549273971223333"
"2025-10-22 07:30:00+00:00","0.10218129076526786"
"2025-10-22 07:45:00+00:00","0.09250742140278502"
"2025-10-22 08:00:00+00:00","0.12577779126455341"
"2025-10-22 08:15:00+00:00","0.11473389180712727"
"2025-10-22 08:30:00+00:00","0.09919561329001915"
"2025-10-22 08:45:00+00:00","0.09174589911367545"
"2025-10-22 09:00:00+00:00","0.10690897962167972"
"2025-10-22 09:15:00+00:00","0.093506282116005923"
"2025-10-22 09:30:00+00:00","0.093524648499288904"
"2025-10-22 09:45:00+00:00","0.080927782470674933"
"2025-10-22 10:00:00+00:00","0.097083623493996282"
"2025-10-22 10:15:00+00:00","0.078002413423884184"
"2025-10-22 10:30:00+00:00","0.060151828417235709"
"2025-10-22 10:45:00+00:00","0.084257208378136952"
"2025-10-22 11:00:00+00:00","0.1069574813609994"
"2025-10-22 11:15:00+00:00","0.097062154022415928"
"2025-10-22 11:30:00+00:00","0.093413974845911713"
"2025-10-22 11:45:00+00:00","0.092071307218062087"
"2025-10-22 12:00:00+00:00","0.081666575909614375"
"2025-10-22 12:15:00+00:00","0.094143157074055961"
"2025-10-22 12:30:00+00:00","0.089693481045656498"
"2025-10-22 12:45:00+00:00","0.1018592714397295"
"2025-10-22 13:00:00+00:00","0.089557711497711412"
"2025-10-22 13:15:00+00:00","0.16080884437168816"
"2025-10-22 13:30:00+00:00","0.12160553724319001"
"2025-10-22 13:45:00+00:00","0.13294810735148588"
"2025-10-22 14:00:00+00:00","0.080165279588565966"
"2025-10-22 14:15:00+00:00","0.11410206748929115"
"2025-10-22 14:30:00+00:00","0.12979145183866458"
"2025-10-22 14:45:00+00:00","0.18455819046862762"
"2025-10-22 15:00:00+00:00","0.12720463150508415"
"2025-10-22 15:15:00+00:00","0.14961287574085841"
"2025-10-22 15:30:00+00:00","0.21494859802352689"
"2025-10-22 15:45:00+00:00","0.2761721968118252"
"2025-10-22 16:00:00+00:00","0.21734751590976986"
"2025-10-22 16:15:00+00:00","0.28461467534470747"
"2025-10-22 16:30:00+00:00","0.34396744764602322"
"2025-10-22 16:45:00+00:00","0.40626474359610831"
"2025-10-22 17:00:00+00:00","0.38654207144043401"
"2025-10-22 17:15:00+00:00","0.29363166882219222"
"2025-10-22 17:30:00+00:00","0.26873111787420256"
"2025-10-22 17:45:00+00:00","0.22460235713464541"
"2025-10-22 18:00:00+00:00","0.31590480617241212"
"2025-10-22 18:15:00+00:00","0.18413142766959845"
"2025-10-22 18:30:00+00:00","0.13503241233983926"
"2025-10-22 18:45:00+00:00","0.14479889658025027"
"2025-10-22 19:00:00+00:00","0.17973409526097514"
"2025-10-22 19:15:00+00:00","0.1303394844564249"
"2025-10-22 19:30:00+00:00","0.10916336918725295"
"2025-10-22 19:45:00+00:00","0.11385434784414769"
"2025-10-22 20:00:00+00:00","0.12943588107132672"
"2025-10-22 20:15:00+00:00","0.14343672953255965"
"2025-10-22 20:30:00+00:00","0.10462379265352131"
"2025-10-22 20:45:00+00:00","0.11267391925608383"
"2025-10-22 21:00:00+00:00","0.11121381524251016"
"2025-10-22 21:15:00+00:00","0.11739187431082343"
"2025-10-22 21:30:00+00:00","0.10196885997885796"
"2025-10-22 21:45:00+00:00","0.097472070939277053"
"2025-10-22 22:00:00+00:00","0.11057919175395721"
"2025-10-22 22:15:00+00:00","0.095528125442185169"
"2025-10-22 22:30:00+00:00","0.10460824345420125"
"2025-10-22 22:45:00+00:00","0.087447864335284148"
"2025-10-22 23:00:00+00:00","0.10381400084659981"
"2025-10-22 23:15:00+00:00","0.093906506253914876"
"2025-10-22 23:30:00+00:00","0.068826663412046907"
"2025-10-22 23:45:00+00:00","0.088669722373998297"
"2025-10-23 00:00:00+00:00","0.13120615421612916"
"2025-10-23 00:15:00+00:00","0.10624604287898023"
"2025-10-23 00:30:00+00:00","0.088877396202656056"
"2025-10-23 00:45:00+00:00","0.083091091707917328"
"2025-10-23 01:00:00+00:00","0.093404658928120457"
"2025-10-23 01:15:00+00:00","0.092601191151752096"
"2025-10-23 01:30:00+00:00","0.062571871846911556"
"2025-10-23 01:45:00+00:00","0.076143216946688727"
"2025-10-23 02:00:00+00:00","0.082423813154412343"
"2025-10-23 02:15:00+00:00","0.077951857257079343"
"2025-10-23 02:30:00+00:00","0.074194757388097277"
"2025-10-23 02:45:00+00:00","0.068336166576939902"
"2025-10-23 03:00:00+00:00","0.074038612359668188"
"2025-10-23 03:15:00+00:00","0.073228141337413774"
"2025-10-23 03:30:00+00:00","0.064009592890589759"
"2025-10-23 03:45:00+00:00","0.062173982271030992"
"2025-10-23 04:00:00+00:00","0.065558562952619873"
"2025-10-23 04:15:00+00:00","0.08951020151495187"
"2025-10-23 04:30:00+00:00","0.059688929243460996"
"2025-10-23 04:45:00+00:00","0.063684747342475603"
"2025-10-23 05:00:00+00:00","0.080617608412365163"
"2025-10-23 05:15:00+00:00","0.084888877018560183"
"2025-10-23 05:30:00+00:00","0.088623416643704073"
"2025-10-23 05:45:00+00:00","0.081329531979085004"
"2025-10-23 06:00:00+00:00","0.097867977453651944"
"2025-10-23 06:15:00+00:00","0.11490863438602082"
"2025-10-23 06:30:00+00:00","0.069000960215234844"
"2025-10-23 06:45:00+00:00","0.06659502975219754"
"2025-10-23 07:00:00+00:00","0.090947452398509529"
"2025-10-23 07:15:00+00:00","0.071098111888458326"
"2025-10-23 07:30:00+00:00","0.081221455955679284"
"2025-10-23 07:45:00+00:00","0.086194701657280187"
"2025-10-23 08:00:00+00:00","0.095548864882959605"
"2025-10-23 08:15:00+00:00","0.087207009057186841"
"2025-10-23 08:30:00+00:00","0.0600483523482742"
"2025-10-23 08:45:00+00:00","0.059756385919605234"
"2025-10-23 09:00:00+00:00","0.06932803619676052"
"2025-10-23 09:15:00+00:00","0.067102849032437656"
"2025-10-23 09:30:00+00:00","0.081196437950037684"
"2025-10-23 09:45:00+00:00","0.072236910607251237"
"2025-10-23 10:00:00+00:00","0.056935420430629678"
"2025-10-23 10:15:00+00:00","0.06858504778432005"
"2025-10-23 10:30:00+00:00","0.070662217484967857"
"2025-10-23 10:45:00+00:00","0.075941490385212668"
"2025-10-23 11:00:00+00:00","0.08173540686568373"
"2025-10-23 11:15:00+00:00","0.053839058081721319"
"2025-10-23 11:30:00+00:00","0.055451424887896623"
"2025-10-23 11:45:00+00:00","0.050364221410853831"
"2025-10-23 12:00:00+00:00","0.056439801408930186"
"2025-10-23 12:15:00+00:00","0.067683583744463358"
"2025-10-23 12:30:00+00:00","0.074913345165891015"
"2025-10-23 12:45:00+00:00","0.066540489763574767"
"2025-10-23 13:00:00+00:00","0.061361524767451568"
"2025-10-23 13:15:00+00:00","0.070247579922487396"
"2025-10-23 13:30:00+00:00","0.072348570983699761"
"2025-10-23 13:45:00+00:00","0.10932538721694773"
"2025-10-23 14:00:00+00:00","0.10471338972881943"
"2025-10-23 14:15:00+00:00","0.078297405788957247"
"2025-10-23 14:30:00+00:00","0.1152360621922964"
"2025-10-23 14:45:00+00:00","0.099817998445599979"
"2025-10-23 15:00:00+00:00","0.077249609649985049"
"2025-10-23 15:15:00+00:00","0.14534554577189573"
"2025-10-23 15:30:00+00:00","0.10413608318237581"
"2025-10-23 15:45:00+00:00","0.12218848474676521"
"2025-10-23 16:00:00+00:00","0.08482138088670492"
"2025-10-23 16:15:00+00:00","0.12987433701296325"
"2025-10-23 16:30:00+00:00","0.11265042847549855"
"2025-10-23 16:45:00+00:00","0.10868347670765574"
"2025-10-23 17:00:00+00:00","0.12487755579701328"
"2025-10-23 17:15:00+00:00","0.1149455326977072"
"2025-10-23 17:30:00+00:00","0.084968756481162519"
"2025-10-23 17:45:00+00:00","0.09709172666081943"
"2025-10-23 18:00:00+00:00","0.11724309623286852"
"2025-10-23 18:15:00+00:00","0.075858259954071888"
"2025-10-23 18:30:00+00:00","0.088747061676103953"
"2025-10-23 18:45:00+00:00","0.070890178222033903"
"2025-10-23 19:00:00+00:00","0.096568872061930364"
"2025-10-23 19:15:00+00:00","0.085751477774157522"
"2025-10-23 19:30:00+00:00","0.073225130909556901"
"2025-10-23 19:45:00+00:00","0.078618722848710743"
"2025-10-23 20:00:00+00:00","0.11602348109786743"
"2025-10-23 20:15:00+00:00","0.074780962082727012"
"2025-10-23 20:30:00+00:00","0.080557579421481812"
"2025-10-23 20:45:00+00:00","0.049657270421288369"
"2025-10-23 21:00:00+00:00","0.05877563623181991"
"2025-10-23 21:15:00+00:00","0.06608406277880377"
"2025-10-23 21:30:00+00:00","0.073671160285359652"
"2025-10-23 21:45:00+00:00","0.055336133487856598"
"2025-10-23 22:00:00+00:00","0.012829419694768454"
"2025-10-23 22:15:00+00:00","0.019392914054233441"
"2025-10-23 22:30:00+00:00","0.00042592266030282502"
"2025-10-23 22:45:00+00:00","0.015095153263553669"
"2025-10-23 23:00:00+00:00","0.022803330623234093"
"2025-10-23 23:15:00+00:00","0.0054990966716691953"
"2025-10-23 23:30:00+00:00","0.0042895785224049852"
"2025-10-23 23:45:00+00:00","0.059008782296520484"
"2025-10-24 00:00:00+00:00","0.0056628026395939453"
"2025-10-24 00:15:00+00:00","0.0062186738537417753"
"2025-10-24 00:30:00+00:00","0.026057217891665055"
"2025-10-24 00:45:00+00:00","0.051659742992540038"
"2025-10-24 01:00:00+00:00","0.00021659847978777779"
"2025-10-24 01:15:00+00:00","0"
"2025-10-24 01:30:00+00:00","0.0075419197149993681"
"2025-10-24 01:45:00+00:00","0"
"2025-10-24 02:00:00+00:00","0.046026269616785742"
"2025-10-24 02:15:00+00:00","0.01455304032273012"
"2025-10-24 02:30:00+00:00","0.016526030045136371"
"2025-10-24 02:45:00+00:00","0"
"2025-10-24 03:00:00+00:00","0"
"2025-10-24 03:15:00+00:00","0.014735136898369222"
"2025-10-24 03:30:00+00:00","0.00050370174239995971"
"2025-10-24 03:45:00+00:00","0.021866255991627687"
"2025-10-24 04:00:00+00:00","0"
"2025-10-24 04:15:00+00:00","0.026005973382992993"
"2025-10-24 04:30:00+00:00","0.016068280707192188"
"2025-10-24 04:45:00+00:00","0.047847641190665244"
"2025-10-24 05:00:00+00:00","0.050742730678364344"
"2025-10-24 05:15:00+00:00","0.049070605806033556"
"2025-10-24 05:30:00+00:00","0.068629636870732202"
"2025-10-24 05:45:00+00:00","0.084893184569567015"
"2025-10-24 06:00:00+00:00","0.086758944531152335"
"2025-10-24 06:15:00+00:00","0.094804129804724843"
"2025-10-24 06:30:00+00:00","0.10563440584515485"
"2025-10-24 06:45:00+00:00","0.063307583882889484"
"2025-10-24 07:00:00+00:00","0.10454212574968624"
"2025-10-24 07:15:00+00:00","0.082193559375232123"
"2025-10-24 07:30:00+00:00","0.062872159516768708"
"2025-10-24 07:45:00+00:00","0.051506863742610112"
"2025-10-24 08:00:00+00:00","0.073908796092229556"
"2025-10-24 08:15:00+00:00","0.072486501119244595"
"2025-10-24 08:30:00+00:00","0.051694508796224559"
"2025-10-24 08:45:00+00:00","0.056281549302473477"
"2025-10-24 09:00:00+00:00","0.041568243099484412"
"2025-10-24 09:15:00+00:00","0.044159110521539452"
"2025-10-24 09:30:00+00:00","0.014056065555868809"
"2025-10-24 09:45:00+00:00","0.0086963188262495789"
"2025-10-24 10:00:00+00:00","0.013888873900972903"
"2025-10-24 10:15:00+00:00","0"
"2025-10-24 10:30:00+00:00","0"
"2025-10-24 10:45:00+00:00","0.0019794814679649454"
"2025-10-24 11:00:00+00:00","0.0043673855173350954"
"2025-10-24 11:15:00+00:00","0.0040329475496169772"
"2025-10-24 11:30:00+00:00","0.012347821918221542"
"2025-10-24 11:45:00+00:00","0"
"2025-10-24 12:00:00+00:00","0.0067821610545044939"
"2025-10-24 12:15:00+00:00","0.01191507512477975"
"2025-10-24 12:30:00+00:00","0"
"2025-10-24 12:45:00+00:00","0.0031965182591897723"
"2025-10-24 13:00:00+00:00","0"
"2025-10-24 13:15:00+00:00","0"
"2025-10-24 13:30:00+00:00","0.0057167648353833632"
"2025-10-24 13:45:00+00:00","0.00013771435886447692"
"2025-10-24 14:00:00+00:00","0"
"2025-10-24 14:15:00+00:00","0.027011524174880244"
"2025-10-24 14:30:00+00:00","0.039347540611371974"
"2025-10-24 14:45:00+00:00","0.056501748711148145"
"2025-10-24 15:00:00+00:00","0.056613732829565035"
"2025-10-24 15:15:00+00:00","0.050762059648413439"
"2025-10-24 15:30:00+00:00","0.076843125009092128"
"2025-10-24 15:45:00+00:00","0.087415912928539508"
"2025-10-24 16:00:00+00:00","0.051251932712094037"
"2025-10-24 16:15:00+00:00","0.06410435347664345"
"2025-10-24 16:30:00+00:00","0.090381094030473716"
"2025-10-24 16:45:00+00:00","0.070798344688603188"
"2025-10-24 17:00:00+00:00","0.080505957376906134"
"2025-10-24 17:15:00+00:00","0.077350608932518966"
"2025-10-24 17:30:00+00:00","0.078393905092825955"
"2025-10-24 17:45:00+00:00","0.067494611139555044"
"2025-10-24 18:00:00+00:00","0.064034898053083586"
"2025-10-24 18:15:00+00:00","0.076603698616985072"
"2025-10-24 18:30:00+00:00","0.066398996637975785"
"2025-10-24 18:45:00+00:00","0.05658858050781785"
"2025-10-24 19:00:00+00:00","0.061373181425650236"
"2025-10-24 19:15:00+00:00","0.043417342783590732"
"2025-10-24 19:30:00+00:00","0.028385555934434349"
"2025-10-24 19:45:00+00:00","0.022545141052657574"
"2025-10-24 20:00:00+00:00","0.040593982208886839"
"2025-10-24 20:15:00+00:00","0.042465985929464295"
"2025-10-24 20:30:00+00:00","0.037324500925361395"
"2025-10-24 20:45:00+00:00","0.0049791969824018196"
"2025-10-24 21:00:00+00:00","0.033709476177229185"
"2025-10-24 21:15:00+00:00","0"
"2025-10-24 21:30:00+00:00","0.0014302872804763836"
"2025-10-24 21:45:00+00:00","0.0063920020625169447"
"2025-10-24 22:00:00+00:00","0.023216674897839643"
"2025-10-24 22:15:00+00:00","0.035309185560053608"
"2025-10-24 22:30:00+00:00","0.0099072305913617265"
"2025-10-24 22:45:00+00:00","0.00095803381279612127"
"2025-10-24 23:00:00+00:00","0.007685056484805503"
"2025-10-24 23:15:00+00:00","0.01098655425873836"
"2025-10-24 23:30:00+00:00","0"
"2025-10-24 23:45:00+00:00","0.018002113559123224"
"2025-10-25 00:00:00+00:00","0.0045807075919140211"
"2025-10-25 00:15:00+00:00","0.006297430890913943"
"2025-10-25 00:30:00+00:00","0.0067592425205446139"
"2025-10-25 00:45:00+00:00","0.0042158661061445571"
"2025-10-25 01:00:00+00:00","0.0083894050046961228"
"2025-10-25 01:15:00+00:00","0"
"2025-10-25 01:30:00+00:00","0"
"2025-10-25 01:45:00+00:00","0"
"2025-10-25 02:00:00+00:00","0.0043850123062022647"
"2025-10-25 02:15:00+00:00","0.0077793650351211411"
"2025-10-25 02:30:00+00:00","0.0045777286615188576"
"2025-10-25 02:45:00+00:00","0.066734924333475373"
"2025-10-25 03:00:00+00:00","0"
"2025-10-25 03:15:00+00:00","0.006687416555925127"
"2025-10-25 03:30:00+00:00","0"
"2025-10-25 03:45:00+00:00","0"
"2025-10-25 04:00:00+00:00","0.0069453775756577758"
"2025-10-25 04:15:00+00:00","0.0084910211074314401"
"2025-10-25 04:30:00+00:00","0"
"2025-10-25 04:45:00+00:00","0.00086400748141933178"
"2025-10-25 05:00:00+00:00","0"
"2025-10-25 05:15:00+00:00","0"
"2025-10-25 05:30:00+00:00","0.009353831635197863"
"2025-10-25 05:45:00+00:00","0.0057320501610656624"
"2025-10-25 06:00:00+00:00","0.0088766572138120961"
"2025-10-25 06:15:00+00:00","0.0037277368718096008"
"2025-10-25 06:30:00+00:00","0.0043106315862817641"
"2025-10-25 06:45:00+00:00","0"
"2025-10-25 07:00:00+00:00","0.015448284202025347"
"2025-10-25 07:15:00+00:00","0.011529729443893898"
"2025-10-25 07:30:00+00:00","0.012000188479927993"
"2025-10-25 07:45:00+00:00","0.0022096515733241963"
"2025-10-25 08:00:00+00:00","0"
"2025-10-25 08:15:00+00:00","0.018421527117536959"
"2025-10-25 08:30:00+00:00","0.0014516254399159585"
"2025-10-25 08:45:00+00:00","0"
"2025-10-25 09:00:00+00:00","0.012384789119139938"
"2025-10-25 09:15:00+00:00","0"
"2025-10-25 09:30:00+00:00","0.015649363840466217"
"2025-10-25 09:45:00+00:00","0.011150059495766976"
"2025-10-25 10:00:00+00:00","0.011865693232004777"
"2025-10-25 10:15:00+00:00","0"
"2025-10-25 10:30:00+00:00","0.019599439853864004"
"2025-10-25 10:45:00+00:00","0.0086125053123385607"
"2025-10-25 11:00:00+00:00","0.051397228607537968"
"2025-10-25 11:15:00+00:00","0.005503884673422511"
"2025-10-25 11:30:00+00:00","0"
"2025-10-25 11:45:00+00:00","0.0086365281148067085"
"2025-10-25 12:00:00+00:00","0"
"2025-10-25 12:15:00+00:00","0"
"2025-10-25 12:30:00+00:00","0"
"2025-10-25 12:45:00+00:00","0.018086883749899252"
"2025-10-25 13:00:00+00:00","0"
"2025-10-25 13:15:00+00:00","0.020297277099164991"
"2025-10-25 13:30:00+00:00","0"
"2025-10-25 13:45:00+00:00","0"
"2025-10-25 14:00:00+00:00","0.042714755600513313"
"2025-10-25 14:15:00+00:00","0.017408116200069386"
"2025-10-25 14:30:00+00:00","0.0029010182206332244"
"2025-10-25 14:45:00+00:00","0.0033571270350939916"
"2025-10-25 15:00:00+00:00","0.011690182258527877"
"2025-10-25 15:15:00+00:00","0.028787827361675448"
"2025-10-25 15:30:00+00:00","0.04272398815902461"
"2025-10-25 15:45:00+00:00","0.050304992298929263"
"2025-10-25 16:00:00+00:00","0.045152313542109142"
"2025-10-25 16:15:00+00:00","0.038989523139179617"
"2025-10-25 16:30:00+00:00","0.055865348388767236"
"2025-10-25 16:45:00+00:00","0.062612805065828864"
"2025-10-25 17:00:00+00:00","0.056552410737893889"
"2025-10-25 17:15:00+00:00","0.054838490851049568"
"2025-10-25 17:30:00+00:00","0.063437878815498852"
"2025-10-25 17:45:00+00:00","0.053973476484295492"
"2025-10-25 18:00:00+00:00","0.05841796995411587"
"2025-10-25 18:15:00+00:00","0.031575046652999206"
"2025-10-25 18:30:00+00:00","0.028565992857942327"
"2025-10-25 18:45:00+00:00","0"
"2025-10-25 19:00:00+00:00","0.04143198411124787"
"2025-10-25 19:15:00+00:00","0.026412493347237428"
"2025-10-25 19:30:00+00:00","0"
"2025-10-25 19:45:00+00:00","0"
"2025-10-25 20:00:00+00:00","0.0068647074490992086"
"2025-10-25 20:15:00+00:00","0.0065197606559310181"
"2025-10-25 20:30:00+00:00","0.016815620302096389"
"2025-10-25 20:45:00+00:00","0"
"2025-10-25 21:00:00+00:00","0.0039814018687468686"
"2025-10-25 21:15:00+00:00","0"
"2025-10-25 21:30:00+00:00","0.0090826732939894399"
"2025-10-25 21:45:00+00:00","0.0049834433703625051"
"2025-10-25 22:00:00+00:00","0"
"2025-10-25 22:15:00+00:00","0.0083382087213939807"
"2025-10-25 22:30:00+00:00","0"
"2025-10-25 22:45:00+00:00","0.0015434488967394672"
"2025-10-25 23:00:00+00:00","0.020744520902985369"
"2025-10-25 23:15:00+00:00","0.017164610517903481"
"2025-10-25 23:30:00+00:00","0"
"2025-10-25 23:45:00+00:00","0.011567324178791746"
"2025-10-26 00:00:00+00:00","0.011320284330583321"
"2025-10-26 00:15:00+00:00","0.011073244482374896"
"2025-10-26 00:30:00+00:00","0.01082620463416647"
"2025-10-26 00:45:00+00:00","0.010579164785958045"
"2025-10-26 01:00:00+00:00","0.010332124937749621"
"2025-10-26 01:15:00+00:00","0.010085085089541196"
"2025-10-26 01:30:00+00:00","0.0098380452413327699"
"2025-10-26 01:45:00+00:00","0.0095910053931243452"
"2025-10-26 02:00:00+00:00","0.0093439655449159206"
"2025-10-26 02:15:00+00:00","0"
"2025-10-26 02:30:00+00:00","0.0082877764375486052"
"2025-10-26 02:45:00+00:00","0.015379319184125528"
"2025-10-26 03:00:00+00:00","0"
"2025-10-26 03:15:00+00:00","0"
"2025-10-26 03:30:00+00:00","0.010276614668435024"
"2025-10-26 03:45:00+00:00","0.0027249531082564797"
"2025-10-26 04:00:00+00:00","0.0056347627523951321"
"2025-10-26 04:15:00+00:00","0.0035058921640049676"
"2025-10-26 04:30:00+00:00","0.054006959209281447"
"2025-10-26 04:45:00+00:00","0"
"2025-10-26 05:00:00+00:00","0.010473177066214484"
"2025-10-26 05:15:00+00:00","0.011725899924277736"
"2025-10-26 05:30:00+00:00","0"
"2025-10-26 05:45:00+00:00","0"
"2025-10-26 06:00:00+00:00","0"
"2025-10-26 06:15:00+00:00","0.0052425475601783492"
"2025-10-26 06:30:00+00:00","0.0057205744171414412"
"2025-10-26 06:45:00+00:00","0"
"2025-10-26 07:00:00+00:00","0.011253533598705026"
"2025-10-26 07:15:00+00:00","0"
"2025-10-26 07:30:00+00:00","0.0056360592589360034"
"2025-10-26 07:45:00+00:00","0"
"2025-10-26 08:00:00+00:00","0"
"2025-10-26 08:15:00+00:00","0"
"2025-10-26 08:30:00+00:00","0.002163079220409416"
"2025-10-26 08:45:00+00:00","0"
"2025-10-26 09:00:00+00:00","0"
"2025-10-26 09:15:00+00:00","0.0081904717144150631"
"2025-10-26 09:30:00+00:00","0"
"2025-10-26 09:45:00+00:00","0"
"2025-10-26 10:00:00+00:00","0.017405839042054207"
"2025-10-26 10:15:00+00:00","0.013734540786904866"
"2025-10-26 10:30:00+00:00","0"
"2025-10-26 10:45:00+00:00","0.0068170780524519437"
"2025-10-26 11:00:00+00:00","0"
"2025-10-26 11:15:00+00:00","0.0025648721533105957"
"2025-10-26 11:30:00+00:00","0.0028922412901349372"
"2025-10-26 11:45:00+00:00","0"
"2025-10-26 12:00:00+00:00","0"
"2025-10-26 12:15:00+00:00","0"
"2025-10-26 12:30:00+00:00","0"
"2025-10-26 12:45:00+00:00","0"
"2025-10-26 13:00:00+00:00","0"
"2025-10-26 13:15:00+00:00","0"
"2025-10-26 13:30:00+00:00","0.0057805206571261989"
"2025-10-26 13:45:00+00:00","0.014332461553359273"
"2025-10-26 14:00:00+00:00","0"
"2025-10-26 14:15:00+00:00","0.0023240450053537707"
"2025-10-26 14:30:00+00:00","0.0049968511030293386"
"2025-10-26 14:45:00+00:00","0.0057700227091927432"
"2025-10-26 15:00:00+00:00","0.00071955267916087406"
"2025-10-26 15:15:00+00:00","0.0075268241835972239"
"2025-10-26 15:30:00+00:00","0.0048224895268065724"
"2025-10-26 15:45:00+00:00","0"
"2025-10-26 16:00:00+00:00","0.012521560643892732"
"2025-10-26 16:15:00+00:00","0.036382908372667423"
"2025-10-26 16:30:00+00:00","0.034557138958214183"
"2025-10-26 16:45:00+00:00","0.046859378354475921"
"2025-10-26 17:00:00+00:00","0.054653289928110693"
"2025-10-26 17:15:00+00:00","0.04176686180420628"
"2025-10-26 17:30:00+00:00","0.060069780477660123"
"2025-10-26 17:45:00+00:00","0.050708724946193606"
"2025-10-26 18:00:00+00:00","0.033540139673650174"
"2025-10-26 18:15:00+00:00","0.025889553968462251"
"2025-10-26 18:30:00+00:00","0.033038185956048759"
"2025-10-26 18:45:00+00:00","0.035035625051261433"
"2025-10-26 19:00:00+00:00","0.041181336261552313"
"2025-10-26 19:15:00+00:00","0.032442606633210344"
"2025-10-26 19:30:00+00:00","0"
"2025-10-26 19:45:00+00:00","0.0095291862303161119"
"2025-10-26 20:00:00+00:00","0"
"2025-10-26 20:15:00+00:00","0.019853779062072967"
"2025-10-26 20:30:00+00:00","0.023095153531681182"
"2025-10-26 20:45:00+00:00","0"
"2025-10-26 21:00:00+00:00","0.0085644286409141991"
"2025-10-26 21:15:00+00:00","0.020025878869798019"
"2025-10-26 21:30:00+00:00","0.018758693502104754"
"2025-10-26 21:45:00+00:00","0.061055887820677619"
"2025-10-26 22:00:00+00:00","0.0028138842054241022"
"2025-10-26 22:15:00+00:00","0"
"2025-10-26 22:30:00+00:00","0.0052516225390576276"
"2025-10-26 22:45:00+00:00","0"
"2025-10-26 23:00:00+00:00","0"
"2025-10-26 23:15:00+00:00","0.016986320034688043"
"2025-10-26 23:30:00+00:00","0"
"2025-10-26 23:45:00+00:00","0.0081320518674797733"
"2025-10-27 00:00:00+00:00","4.0370696681914925E-05"
"2025-10-27 00:15:00+00:00","0"
"2025-10-27 00:30:00+00:00","0.009093718960517012"
"2025-10-27 00:45:00+00:00","0.0041905129456889043"
"2025-10-27 01:00:00+00:00","0.0085161299721953094"
"2025-10-27 01:15:00+00:00","0.01106184660532861"
"2025-10-27 01:30:00+00:00","0"
"2025-10-27 01:45:00+00:00","0"
"2025-10-27 02:00:00+00:00","0"
"2025-10-27 02:15:00+00:00","0"
"2025-10-27 02:30:00+00:00","0.029490944253087254"
"2025-10-27 02:45:00+00:00","0.012436795807367867"
"2025-10-27 03:00:00+00:00","0"
"2025-10-27 03:15:00+00:00","0"
"2025-10-27 03:30:00+00:00","0.0058886606171849147"
"2025-10-27 03:45:00+00:00","0.0097326479737796685"
"2025-10-27 04:00:00+00:00","0.0093088383531736447"
"2025-10-27 04:15:00+00:00","0.0017204420644629211"
"2025-10-27 04:30:00+00:00","0.0095154573999709988"
"2025-10-27 04:45:00+00:00","0.027548795241593572"
"2025-10-27 05:00:00+00:00","0.016358930062933305"
"2025-10-27 05:15:00+00:00","0.014006996272524653"
"2025-10-27 05:30:00+00:00","0.065972003694248063"
"2025-10-27 05:45:00+00:00","0.091515935657396852"
"2025-10-27 06:00:00+00:00","0.075852114189085121"
"2025-10-27 06:15:00+00:00","0.1195325900260341"
"2025-10-27 06:30:00+00:00","0.093664816654743049"
"2025-10-27 06:45:00+00:00","0.087354703138276021"
"2025-10-27 07:00:00+00:00","0.11119801501977253"
"2025-10-27 07:15:00+00:00","0.10652687887209213"
"2025-10-27 07:30:00+00:00","0.10607094490451842"
"2025-10-27 07:45:00+00:00","0.10110850593215671"
"2025-10-27 08:00:00+00:00","0.12991543564829533"
"2025-10-27 08:15:00+00:00","0.093701115646740857"
"2025-10-27 08:30:00+00:00","0.10570632076811455"
"2025-10-27 08:45:00+00:00","0.08284618870018462"
"2025-10-27 09:00:00+00:00","0.11055512646342248"
"2025-10-27 09:15:00+00:00","0.090443134885139054"
"2025-10-27 09:30:00+00:00","0.090836331863949155"
"2025-10-27 09:45:00+00:00","0.084359100857620939"
"2025-10-27 10:00:00+00:00","0.10896816719344699"
"2025-10-27 10:15:00+00:00","0.10671454443942414"
"2025-10-27 10:30:00+00:00","0.080552826235536154"
"2025-10-27 10:45:00+00:00","0.089329341109998489"
"2025-10-27 11:00:00+00:00","0.080954201452508284"
"2025-10-27 11:15:00+00:00","0.067464950893246653"
"2025-10-27 11:30:00+00:00","0.078979829495756299"
"2025-10-27 11:45:00+00:00","0.078455172115441799"
"2025-10-27 12:00:00+00:00","0.10681716486345522"
"2025-10-27 12:15:00+00:00","0.086499598253606966"
"2025-10-27 12:30:00+00:00","0.067563824992457625"
"2025-10-27 12:45:00+00:00","0.072782259958290574"
"2025-10-27 13:00:00+00:00","0.085553832954293987"
"2025-10-27 13:15:00+00:00","0.10127442772869925"
"2025-10-27 13:30:00+00:00","0.068860166877620421"
"2025-10-27 13:45:00+00:00","0.074140756148609543"
"2025-10-27 14:00:00+00:00","0.092629651753717818"
"2025-10-27 14:15:00+00:00","0.12788614177370905"
"2025-10-27 14:30:00+00:00","0.078617072681236341"
"2025-10-27 14:45:00+00:00","0.10479629086122436"
"2025-10-27 15:00:00+00:00","0.060942522609831226"
"2025-10-27 15:15:00+00:00","0.094763755065971608"
"2025-10-27 15:30:00+00:00","0.10716821172843084"
"2025-10-27 15:45:00+00:00","0.1202527013953783"
"2025-10-27 16:00:00+00:00","0.090381040477074626"
"2025-10-27 16:15:00+00:00","0.10753687161403359"
"2025-10-27 16:30:00+00:00","0.10380575373940412"
"2025-10-27 16:45:00+00:00","0.12513383755674318"
"2025-10-27 17:00:00+00:00","0.10531653677636976"
"2025-10-27 17:15:00+00:00","0.11555899160839779"
"2025-10-27 17:30:00+00:00","0.12647184605209771"
"2025-10-27 17:45:00+00:00","0.14232136241823656"
"2025-10-27 18:00:00+00:00","0.14535451116656667"
"2025-10-27 18:15:00+00:00","0.12153379430042577"
"2025-10-27 18:30:00+00:00","0.10331237994960028"
"2025-10-27 18:45:00+00:00","0.075924085853664447"
"2025-10-27 19:00:00+00:00","0.10198323351993213"
"2025-10-27 19:15:00+00:00","0.10741795382958255"
"2025-10-27 19:30:00+00:00","0.11888793091029976"
"2025-10-27 19:45:00+00:00","0.06344032974225837"
"2025-10-27 20:00:00+00:00","0.10354177238752438"
"2025-10-27 20:15:00+00:00","0.09729858773465809"
"2025-10-27 20:30:00+00:00","0.075326364044901367"
"2025-10-27 20:45:00+00:00","0.080596204841951333"
"2025-10-27 21:00:00+00:00","0.087651054726068628"
"2025-10-27 21:15:00+00:00","0.079941591956679187"
"2025-10-27 21:30:00+00:00","0.075658793469824542"
"2025-10-27 21:45:00+00:00","0.073985688824186269"
"2025-10-27 22:00:00+00:00","0.14096469233810882"
"2025-10-27 22:15:00+00:00","0.061763227125037873"
"2025-10-27 22:30:00+00:00","0.042417528054012325"
"2025-10-27 22:45:00+00:00","0.044040193626043431"
"2025-10-27 23:00:00+00:00","0.046939614356023437"
"2025-10-27 23:15:00+00:00","0.051014754253846453"
"2025-10-27 23:30:00+00:00","0.05349438134684139"
"2025-10-27 23:45:00+00:00","0.024156983449132099"
"2025-10-28 00:00:00+00:00","0.039511766186884151"
"2025-10-28 00:15:00+00:00","0.029070227348083854"
"2025-10-28 00:30:00+00:00","0.035214308822052849"
"2025-10-28 00:45:00+00:00","0"
"2025-10-28 01:00:00+00:00","0.015722997052347032"
"2025-10-28 01:15:00+00:00","0.020182836922794725"
"2025-10-28 01:30:00+00:00","0.029400789564268611"
"2025-10-28 01:45:00+00:00","0.01199097552493795"
"2025-10-28 02:00:00+00:00","0"
"2025-10-28 02:15:00+00:00","0.016227114459661261"
"2025-10-28 02:30:00+00:00","0.002496376111743707"
"2025-10-28 02:45:00+00:00","0"
"2025-10-28 03:00:00+00:00","0"
"2025-10-28 03:15:00+00:00","0.0045847464234415047"
"2025-10-28 03:30:00+00:00","0.006282553354617873"
"2025-10-28 03:45:00+00:00","0"
"2025-10-28 04:00:00+00:00","0.021870661968871323"
"2025-10-28 04:15:00+00:00","0.028238750412787221"
"2025-10-28 04:30:00+00:00","0.046445219913395057"
"2025-10-28 04:45:00+00:00","0.041933143295751839"
"2025-10-28 05:00:00+00:00","0.021615084660524721"
"2025-10-28 05:15:00+00:00","0.055984786847705317"
"2025-10-28 05:30:00+00:00","0.080507943895619105"
"2025-10-28 05:45:00+00:00","0.090573404887180811"
"2025-10-28 06:00:00+00:00","0.12858826201221507"
"2025-10-28 06:15:00+00:00","0.084599955564135604"
"2025-10-28 06:30:00+00:00","0.081642804046152415"
"2025-10-28 06:45:00+00:00","0.08930822322146767"
"2025-10-28 07:00:00+00:00","0.10663506539824723"
"2025-10-28 07:15:00+00:00","0.098520566873755197"
"2025-10-28 07:30:00+00:00","0.085598266279293608"
"2025-10-28 07:45:00+00:00","0.09670459145203493"
"2025-10-28 08:00:00+00:00","0.10257762795959498"
"2025-10-28 08:15:00+00:00","0.081299120898264202"
"2025-10-28 08:30:00+00:00","0.098203699701251895"
"2025-10-28 08:45:00+00:00","0.083879032725390268"
"2025-10-28 09:00:00+00:00","0.088479559788715079"
"2025-10-28 09:15:00+00:00","0.07690507032600756"
"2025-10-28 09:30:00+00:00","0.080545755451407616"
"2025-10-28 09:45:00+00:00","0.076451847952675844"
"2025-10-28 10:00:00+00:00","0.080582922656312062"
"2025-10-28 10:15:00+00:00","0.078323086734428851"
"2025-10-28 10:30:00+00:00","0.091039573745763797"
"2025-10-28 10:45:00+00:00","0.08451543152234875"
"2025-10-28 11:00:00+00:00","0.075246355912650248"
"2025-10-28 11:15:00+00:00","0.077453105807674838"
"2025-10-28 11:30:00+00:00","0.0554847609647246"
"2025-10-28 11:45:00+00:00","0.06702927049946808"
"2025-10-28 12:00:00+00:00","0.083263063497331105"
"2025-10-28 12:15:00+00:00","0.060569541046076258"
"2025-10-28 12:30:00+00:00","0.052773660713809151"
"2025-10-28 12:45:00+00:00","0.05351911111406929"
"2025-10-28 13:00:00+00:00","0.045903669626576014"
"2025-10-28 13:15:00+00:00","0.054022380918722863"
"2025-10-28 13:30:00+00:00","0.064694919014099711"
"2025-10-28 13:45:00+00:00","0.056554329808213587"
"2025-10-28 14:00:00+00:00","0.046216183339496029"
"2025-10-28 14:15:00+00:00","0.088732771737866381"
"2025-10-28 14:30:00+00:00","0.075862438198530793"
"2025-10-28 14:45:00+00:00","0.096872839236417693"
"2025-10-28 15:00:00+00:00","0.073227920885275952"
"2025-10-28 15:15:00+00:00","0.094515805856240559"
"2025-10-28 15:30:00+00:00","0.072641654461478633"
"2025-10-28 15:45:00+00:00","0.097285252270666159"
"2025-10-28 16:00:00+00:00","0.070470660996046874"
"2025-10-28 16:15:00+00:00","0.098972475008365091"
"2025-10-28 16:30:00+00:00","0.10155839339793531"
"2025-10-28 16:45:00+00:00","0.10956251219984783"
"2025-10-28 17:00:00+00:00","0.094804053943751493"
"2025-10-28 17:15:00+00:00","0.098789301577233854"
"2025-10-28 17:30:00+00:00","0.12132228218253384"
"2025-10-28 17:45:00+00:00","0.10178651995775799"
"2025-10-28 18:00:00+00:00","0.11742206292099124"
"2025-10-28 18:15:00+00:00","0.095338621935397536"
"2025-10-28 18:30:00+00:00","0.11321174212666668"
"2025-10-28 18:45:00+00:00","0.08879476685231491"
"2025-10-28 19:00:00+00:00","0.10582299937679523"
"2025-10-28 19:15:00+00:00","0.099226309336460011"
"2025-10-28 19:30:00+00:00","0.080942281815704259"
"2025-10-28 19:45:00+00:00","0.092340265670847271"
"2025-10-28 20:00:00+00:00","0.092274422633335559"
"2025-10-28 20:15:00+00:00","0.080491581438072612"
"2025-10-28 20:30:00+00:00","0.068274453159237913"
"2025-10-28 20:45:00+00:00","0.099813743083274217"
"2025-10-28 21:00:00+00:00","0.090856500472996926"
"2025-10-28 21:15:00+00:00","0.061621972286379341"
"2025-10-28 21:30:00+00:00","0.077993441994413076"
"2025-10-28 21:45:00+00:00","0.074015517839177508"
"2025-10-28 22:00:00+00:00","0.084801427754381944"
"2025-10-28 22:15:00+00:00","0.070439545005101356"
"2025-10-28 22:30:00+00:00","0.071295522136529094"
"2025-10-28 22:45:00+00:00","0.074148707042882955"
"2025-10-28 23:00:00+00:00","0.069180580290841176"
"2025-10-28 23:15:00+00:00","0.06526155957182779"
"2025-10-28 23:30:00+00:00","0.060592675898085258"
"2025-10-28 23:45:00+00:00","0.036024278767928943"
"2025-10-29 00:00:00+00:00","0.065527886799869817"
"2025-10-29 00:15:00+00:00","0.059784687940136021"
"2025-10-29 00:30:00+00:00","0.042853168714235029"
"2025-10-29 00:45:00+00:00","0.049059195263257985"
"2025-10-29 01:00:00+00:00","0.052816927123723691"
"2025-10-29 01:15:00+00:00","0.051245032155982674"
"2025-10-29 01:30:00+00:00","0.058878599665685344"
"2025-10-29 01:45:00+00:00","0.069593667818311833"
"2025-10-29 02:00:00+00:00","0.06816766727672828"
"2025-10-29 02:15:00+00:00","0.044477808065685936"
"2025-10-29 02:30:00+00:00","0.062400699903060491"
"2025-10-29 02:45:00+00:00","0.067549333195354"
"2025-10-29 03:00:00+00:00","0.052508085206892027"
"2025-10-29 03:15:00+00:00","0.063969804251859677"
"2025-10-29 03:30:00+00:00","0.076462704457007646"
"2025-10-29 03:45:00+00:00","0.071097095461069806"
"2025-10-29 04:00:00+00:00","0.054163085956417292"
"2025-10-29 04:15:00+00:00","0.069220884740847533"
"2025-10-29 04:30:00+00:00","0.0747388783309689"
"2025-10-29 04:45:00+00:00","0.082979030432849543"
"2025-10-29 05:00:00+00:00","0.060835857642862569"
"2025-10-29 05:15:00+00:00","0.10274413358832098"
"2025-10-29 05:30:00+00:00","0.091575713340579984"
"2025-10-29 05:45:00+00:00","0.14583367724678115"
"2025-10-29 06:00:00+00:00","0.10980864123740372"
"2025-10-29 06:15:00+00:00","0.096956938251980582"
"2025-10-29 06:30:00+00:00","0.11408649292991421"
"2025-10-29 06:45:00+00:00","0.082959734923483755"
"2025-10-29 07:00:00+00:00","0.12659508016831036"
"2025-10-29 07:15:00+00:00","0.1674223148298899"
"2025-10-29 07:30:00+00:00","0.091226440443479467"
"2025-10-29 07:45:00+00:00","0.07623547695955582"
"2025-10-29 08:00:00+00:00","0.12763157433750286"
"2025-10-29 08:15:00+00:00","0.086192532957380635"
"2025-10-29 08:30:00+00:00","0.064510924129433989"
"2025-10-29 08:45:00+00:00","0.083596634024625985"
"2025-10-29 09:00:00+00:00","0.10175587190530794"
"2025-10-29 09:15:00+00:00","0.071706956718478473"
"2025-10-29 09:30:00+00:00","0.078684630354083462"
"2025-10-29 09:45:00+00:00","0.078854759155308804"
"2025-10-29 10:00:00+00:00","0.063515157674616157"
"2025-10-29 10:15:00+00:00","0.064656941646321325"
"2025-10-29 10:30:00+00:00","0.082358745131547353"
"2025-10-29 10:45:00+00:00","0.13720014278708509"
"2025-10-29 11:00:00+00:00","0.070328808601743537"
"2025-10-29 11:15:00+00:00","0.06010185646497946"
"2025-10-29 11:30:00+00:00","0.091440611116994405"
"2025-10-29 11:45:00+00:00","0.072870291021880348"
"2025-10-29 12:00:00+00:00","0.066718622188285476"
"2025-10-29 12:15:00+00:00","0.12830337834489622"
"2025-10-29 12:30:00+00:00","0.091181604207147743"
"2025-10-29 12:45:00+00:00","0.09639975976552223"
"2025-10-29 13:00:00+00:00","0.064178655003619106"
"2025-10-29 13:15:00+00:00","0.084632885301181071"
"2025-10-29 13:30:00+00:00","0.10063514668643465"
"2025-10-29 13:45:00+00:00","0.12076139514518507"
"2025-10-29 14:00:00+00:00","0.069514399223056966"
"2025-10-29 14:15:00+00:00","0.10358392540930191"
"2025-10-29 14:30:00+00:00","0.1274732193491678"
"2025-10-29 14:45:00+00:00","0.12749985916380494"
"2025-10-29 15:00:00+00:00","0.1194132331781156"
"2025-10-29 15:15:00+00:00","0.12053528779013878"
"2025-10-29 15:30:00+00:00","0.14246475698315489"
"2025-10-29 15:45:00+00:00","0.15762019725214854"
"2025-10-29 16:00:00+00:00","0.12417194430881837"
"2025-10-29 16:15:00+00:00","0.12039162288433304"
"2025-10-29 16:30:00+00:00","0.12771052434391597"
"2025-10-29 16:45:00+00:00","0.12420340523840377"
"2025-10-29 17:00:00+00:00","0.12463024984028126"
"2025-10-29 17:15:00+00:00","0.11696717931112409"
"2025-10-29 17:30:00+00:00","0.12114384665062464"
"2025-10-29 17:45:00+00:00","0.14151711223900268"
"2025-10-29 18:00:00+00:00","0.18453529584221812"
"2025-10-29 18:15:00+00:00","0.10687684240340006"
"2025-10-29 18:30:00+00:00","0.12050355430762599"
"2025-10-29 18:45:00+00:00","0.093144222708346575"
"2025-10-29 19:00:00+00:00","0.11062165238037981"
"2025-10-29 19:15:00+00:00","0.11077344012612456"
"2025-10-29 19:30:00+00:00","0.10066387435296288"
"2025-10-29 19:45:00+00:00","0.15348740912141134"
"2025-10-29 20:00:00+00:00","0.096795703561124283"
"2025-10-29 20:15:00+00:00","0.099955334165719029"
"2025-10-29 20:30:00+00:00","0.096261405691196483"
"2025-10-29 20:45:00+00:00","0.076344216534597609"
"2025-10-29 21:00:00+00:00","0.10366225836884217"
"2025-10-29 21:15:00+00:00","0.086673817011362536"
"2025-10-29 21:30:00+00:00","0.084728462528578949"
"2025-10-29 21:45:00+00:00","0.077611245066303194"
"2025-10-29 22:00:00+00:00","0.092078202475046195"
"2025-10-29 22:15:00+00:00","0.084945025541292199"
"2025-10-29 22:30:00+00:00","0.08451235800139871"
"2025-10-29 22:45:00+00:00","0.086234415180860641"
"2025-10-29 23:00:00+00:00","0.098745170741325217"
"2025-10-29 23:15:00+00:00","0.070502347731517326"
"2025-10-29 23:30:00+00:00","0.06008799144610856"
"2025-10-29 23:45:00+00:00","0.051439555877568967"
"2025-10-30 00:00:00+00:00","0.073907970788050725"
"2025-10-30 00:15:00+00:00","0.064490786821834914"
"2025-10-30 00:30:00+00:00","0.060680039338025425"
"2025-10-30 00:45:00+00:00","0.10228883335750105"
"2025-10-30 01:00:00+00:00","0.062888791725258117"
"2025-10-30 01:15:00+00:00","0.066044266201139706"
"2025-10-30 01:30:00+00:00","0.072740294658355645"
"2025-10-30 01:45:00+00:00","0.058055769468916794"
"2025-10-30 02:00:00+00:00","0.062940021778565558"
"2025-10-30 02:15:00+00:00","0.055203016911526889"
"2025-10-30 02:30:00+00:00","0.059045608296252133"
"2025-10-30 02:45:00+00:00","0.042285713658091854"
"2025-10-30 03:00:00+00:00","0.068791278132412009"
"2025-10-30 03:15:00+00:00","0.037941335080658785"
"2025-10-30 03:30:00+00:00","0.051053703275475371"
"2025-10-30 03:45:00+00:00","0.058111073391917421"
"2025-10-30 04:00:00+00:00","0.055008345163225045"
"2025-10-30 04:15:00+00:00","0.086030336639804972"
"2025-10-30 04:30:00+00:00","0.065148000245678975"
"2025-10-30 04:45:00+00:00","0.056089454031579888"
"2025-10-30 05:00:00+00:00","0.059645357529109273"
"2025-10-30 05:15:00+00:00","0.099797536665335473"
"2025-10-30 05:30:00+00:00","0.071544002507032384"
"2025-10-30 05:45:00+00:00","0.06786943942999242"
"2025-10-30 06:00:00+00:00","0.079543902755601609"
"2025-10-30 06:15:00+00:00","0.076074597254044557"
"2025-10-30 06:30:00+00:00","0.084032340842047526"
"2025-10-30 06:45:00+00:00","0.076234421585955961"
"2025-10-30 07:00:00+00:00","0.11622851351853331"
"2025-10-30 07:15:00+00:00","0.083137572338820881"
"2025-10-30 07:30:00+00:00","0.10665557043479192"
"2025-10-30 07:45:00+00:00","0.075811517621182656"
"2025-10-30 08:00:00+00:00","0.092640667273353849"
"2025-10-30 08:15:00+00:00","0.078287331473175195"
"2025-10-30 08:30:00+00:00","0.06265797298216251"
"2025-10-30 08:45:00+00:00","0.026473274206543898"
"2025-10-30 09:00:00+00:00","0.074781166058492429"
"2025-10-30 09:15:00+00:00","0.06730157971184321"
"2025-10-30 09:30:00+00:00","0.029661028165258944"
"2025-10-30 09:45:00+00:00","0"
"2025-10-30 10:00:00+00:00","0.013075955494225305"
"2025-10-30 10:15:00+00:00","0.030431055162554912"
"2025-10-30 10:30:00+00:00","0.013808917155347194"
"2025-10-30 10:45:00+00:00","0"
"2025-10-30 11:00:00+00:00","0.0095144927705808659"
"2025-10-30 11:15:00+00:00","0"
"2025-10-30 11:30:00+00:00","0"
"2025-10-30 11:45:00+00:00","0"
"2025-10-30 12:00:00+00:00","0.015588887685081978"
"2025-10-30 12:15:00+00:00","0"
"2025-10-30 12:30:00+00:00","0"
"2025-10-30 12:45:00+00:00","0"
"2025-10-30 13:00:00+00:00","0.01914136589573007"
"2025-10-30 13:15:00+00:00","0.032329589153620636"
"2025-10-30 13:30:00+00:00","0.069317802334481343"
"2025-10-30 13:45:00+00:00","0.060279547895999382"
"2025-10-30 14:00:00+00:00","0.023136244887470951"
"2025-10-30 14:15:00+00:00","0.037283574505792089"
"2025-10-30 14:30:00+00:00","0.10335934426118275"
"2025-10-30 14:45:00+00:00","0.10630220448732065"
"2025-10-30 15:00:00+00:00","0.045927755637626293"
"2025-10-30 15:15:00+00:00","0.061496974723671452"
"2025-10-30 15:30:00+00:00","0.09187133173261304"
"2025-10-30 15:45:00+00:00","0.118817375689503"
"2025-10-30 16:00:00+00:00","0.099501247393241815"
"2025-10-30 16:15:00+00:00","0.10738877296851022"
"2025-10-30 16:30:00+00:00","0.11552731205074923"
"2025-10-30 16:45:00+00:00","0.14068333911780306"
"2025-10-30 17:00:00+00:00","0.1052413720693748"
"2025-10-30 17:15:00+00:00","0.11906541427013867"
"2025-10-30 17:30:00+00:00","0.13091959152305557"
"2025-10-30 17:45:00+00:00","0.11376803635486604"
"2025-10-30 18:00:00+00:00","0.11409081109252399"
"2025-10-30 18:15:00+00:00","0.11619475374819749"
"2025-10-30 18:30:00+00:00","0.13026725208360701"
"2025-10-30 18:45:00+00:00","0.11439107630953357"
"2025-10-30 19:00:00+00:00","0.11299785705392401"
"2025-10-30 19:15:00+00:00","0.11154876651188039"
"2025-10-30 19:30:00+00:00","0.094167078501635665"
"2025-10-30 19:45:00+00:00","0.097753595104429478"
"2025-10-30 20:00:00+00:00","0.11212607307701768"
"2025-10-30 20:15:00+00:00","0.10063191528861115"
"2025-10-30 20:30:00+00:00","0.089584142015527696"
"2025-10-30 20:45:00+00:00","0.07355319077716542"
"2025-10-30 21:00:00+00:00","0.112258173363459"
"2025-10-30 21:15:00+00:00","0.11244980502489062"
"2025-10-30 21:30:00+00:00","0.094166922529712052"
"2025-10-30 21:45:00+00:00","0.090733867035514851"
"2025-10-30 22:00:00+00:00","0.084159729813979317"
"2025-10-30 22:15:00+00:00","0.085633822693428008"
"2025-10-30 22:30:00+00:00","0.079439410671290983"
"2025-10-30 22:45:00+00:00","0.053973165830181663"
"2025-10-30 23:00:00+00:00","0.093444936252104038"
"2025-10-30 23:15:00+00:00","0.083082204435311141"
"2025-10-30 23:30:00+00:00","0.084581927283263733"
"2025-10-30 23:45:00+00:00","0.074856709815936257"
"2025-10-31 00:00:00+00:00","0.065107687666750277"
"2025-10-31 00:15:00+00:00","0.060842998473649337"
"2025-10-31 00:30:00+00:00","0.067931348221428239"
"2025-10-31 00:45:00+00:00","0.073666865860535516"
"2025-10-31 01:00:00+00:00","0.053454951572747655"
"2025-10-31 01:15:00+00:00","0.068072698238483692"
"2025-10-31 01:30:00+00:00","0.067737521434825781"
"2025-10-31 01:45:00+00:00","0.085843377782084479"
"2025-10-31 02:00:00+00:00","0.067199781882871359"
"2025-10-31 02:15:00+00:00","0.076529889847409285"
"2025-10-31 02:30:00+00:00","0.079562571400874624"
"2025-10-31 02:45:00+00:00","0.059494335201927991"
"2025-10-31 03:00:00+00:00","0.079942072166317379"
"2025-10-31 03:15:00+00:00","0.076973965054562873"
"2025-10-31 03:30:00+00:00","0.092442686396745882"
"2025-10-31 03:45:00+00:00","0.12387237706436327"
"2025-10-31 04:00:00+00:00","0.062308870605014118"
"2025-10-31 04:15:00+00:00","0.10236696649761109"
"2025-10-31 04:30:00+00:00","0.095185524805996444"
"2025-10-31 04:45:00+00:00","0.10384328904403009"
"2025-10-31 05:00:00+00:00","0.10077487754698758"
"2025-10-31 05:15:00+00:00","0.11667763666601956"
"2025-10-31 05:30:00+00:00","0.12360167071761241"
"2025-10-31 05:45:00+00:00","0.1333850873557301"
"2025-10-31 06:00:00+00:00","0.1091282630332832"
"2025-10-31 06:15:00+00:00","0.13712579167521766"
"2025-10-31 06:30:00+00:00","0.11333805595114746"
"2025-10-31 06:45:00+00:00","0.095569306609596422"
"2025-10-31 07:00:00+00:00","0.13148987142004187"
"2025-10-31 07:15:00+00:00","0.12962149216862573"
"2025-10-31 07:30:00+00:00","0.093016649129837772"
"2025-10-31 07:45:00+00:00","0.087234536182096201"
"2025-10-31 08:00:00+00:00","0.10090043724284527"
"2025-10-31 08:15:00+00:00","0.093849218499236192"
"2025-10-31 08:30:00+00:00","0.078275077387902042"
"2025-10-31 08:45:00+00:00","0.084636088332964113"
"2025-10-31 09:00:00+00:00","0.077694360545007848"
"2025-10-31 09:15:00+00:00","0.082946548047579061"
"2025-10-31 09:30:00+00:00","0.07600067539538935"
"2025-10-31 09:45:00+00:00","0.13490871781863015"
"2025-10-31 10:00:00+00:00","0.067891676123912698"
"2025-10-31 10:15:00+00:00","0.081320053128772815"
"2025-10-31 10:30:00+00:00","0.071053027038833177"
"2025-10-31 10:45:00+00:00","0.073758118228915009"
"2025-10-31 11:00:00+00:00","0.072387524844483728"
"2025-10-31 11:15:00+00:00","0.074412403964266766"
"2025-10-31 11:30:00+00:00","0.07775770956878042"
"2025-10-31 11:45:00+00:00","0.083827131831705259"
"2025-10-31 12:00:00+00:00","0.090981180575621851"
"2025-10-31 12:15:00+00:00","0.089844496856152076"
"2025-10-31 12:30:00+00:00","0.094041545924968967"
"2025-10-31 12:45:00+00:00","0.091734604739761291"
"2025-10-31 13:00:00+00:00","0.070597591717716651"
"2025-10-31 13:15:00+00:00","0.10930300558237753"
"2025-10-31 13:30:00+00:00","0.12434046792529795"
"2025-10-31 13:45:00+00:00","0.1467067067575098"
"2025-10-31 14:00:00+00:00","0.10121019374030771"
"2025-10-31 14:15:00+00:00","0.12087451344639653"
"2025-10-31 14:30:00+00:00","0.12254515837474567"
"2025-10-31 14:45:00+00:00","0.13502528893939125"
"2025-10-31 15:00:00+00:00","0.14386570510579447"
"2025-10-31 15:15:00+00:00","0.12805504620771802"
"2025-10-31 15:30:00+00:00","0.14030479795200823"
"2025-10-31 15:45:00+00:00","0.1257649689400219"
"2025-10-31 16:00:00+00:00","0.13773057028221561"
"2025-10-31 16:15:00+00:00","0.11503308610184333"
"2025-10-31 16:30:00+00:00","0.12349209449633901"
"2025-10-31 16:45:00+00:00","0.075148640290992774"
"2025-10-31 17:00:00+00:00","0.12514103841838017"
"2025-10-31 17:15:00+00:00","0.1002052675628486"
"2025-10-31 17:30:00+00:00","0.11303994516546816"
"2025-10-31 17:45:00+00:00","0.092394073527645115"
"2025-10-31 18:00:00+00:00","0.10191670981966082"
"2025-10-31 18:15:00+00:00","0.099860062271593802"
"2025-10-31 18:30:00+00:00","0.084140834791751523"
"2025-10-31 18:45:00+00:00","0.10196363197915558"
"2025-10-31 19:00:00+00:00","0.10873191564260384"
"2025-10-31 19:15:00+00:00","0.088874447127810535"
"2025-10-31 19:30:00+00:00","0.09223620147182944"
"2025-10-31 19:45:00+00:00","0.061597064875883664"
"2025-10-31 20:00:00+00:00","0.089564858384723264"
"2025-10-31 20:15:00+00:00","0.084064102767602983"
"2025-10-31 20:30:00+00:00","0.080580222919359845"
"2025-10-31 20:45:00+00:00","0.06546442357239747"
"2025-10-31 21:00:00+00:00","0.10714083067095324"
"2025-10-31 21:15:00+00:00","0.081571455996301681"
"2025-10-31 21:30:00+00:00","0.083305049683568805"
"2025-10-31 21:45:00+00:00","0.062826486335863185"
"2025-10-31 22:00:00+00:00","0.078953966994514818"
"2025-10-31 22:15:00+00:00","0.077930573583914226"
"2025-10-31 22:30:00+00:00","0.036527450245802229"
"2025-10-31 22:45:00+00:00","0.091683659539145312"
