time,price
2025-10-01 00:00:00+02:00,0.1026
2025-10-01 00:15:00+02:00,0.09223999999999999
2025-10-01 00:30:00+02:00,0.08603
2025-10-01 00:45:00+02:00,0.08539
2025-10-01 01:00:00+02:00,0.08999
2025-10-01 01:15:00+02:00,0.08603
2025-10-01 01:30:00+02:00,0.08503
2025-10-01 01:45:00+02:00,0.08409
2025-10-01 02:00:00+02:00,0.08541
2025-10-01 02:15:00+02:00,0.085
2025-10-01 02:30:00+02:00,0.08454
2025-10-01 02:45:00+02:00,0.08454
2025-10-01 03:00:00+02:00,0.08739
2025-10-01 03:15:00+02:00,0.08736
2025-10-01 03:30:00+02:00,0.08856
2025-10-01 03:45:00+02:00,0.08999
2025-10-01 04:00:00+02:00,0.08631
2025-10-01 04:15:00+02:00,0.08906
2025-10-01 04:30:00+02:00,0.08642
2025-10-01 04:45:00+02:00,0.08882999999999999
2025-10-01 05:00:00+02:00,0.08426
2025-10-01 05:15:00+02:00,0.09076000000000001
2025-10-01 05:30:00+02:00,0.09755
2025-10-01 05:45:00+02:00,0.10873999999999999
2025-10-01 06:00:00+02:00,0.09703
2025-10-01 06:15:00+02:00,0.11749
2025-10-01 06:30:00+02:00,0.13323
2025-10-01 06:45:00+02:00,0.15209
2025-10-01 07:00:00+02:00,0.16094999999999998
2025-10-01 07:15:00+02:00,0.18148
2025-10-01 07:30:00+02:00,0.18023
2025-10-01 07:45:00+02:00,0.17054
2025-10-01 08:00:00+02:00,0.20025
2025-10-01 08:15:00+02:00,0.14335
2025-10-01 08:30:00+02:00,0.1175
2025-10-01 08:45:00+02:00,0.09525
2025-10-01 09:00:00+02:00,0.13948
2025-10-01 09:15:00+02:00,0.10501
2025-10-01 09:30:00+02:00,0.09366
2025-10-01 09:45:00+02:00,0.08285
2025-10-01 10:00:00+02:00,0.10321999999999999
2025-10-01 10:15:00+02:00,0.09306
2025-10-01 10:30:00+02:00,0.08120999999999999
2025-10-01 10:45:00+02:00,0.06665
2025-10-01 11:00:00+02:00,0.0835
2025-10-01 11:15:00+02:00,0.07208
2025-10-01 11:30:00+02:00,0.06531999999999999
2025-10-01 11:45:00+02:00,0.061369999999999994
2025-10-01 12:00:00+02:00,0.06820999999999999
2025-10-01 12:15:00+02:00,0.06522
2025-10-01 12:30:00+02:00,0.06545000000000001
2025-10-01 12:45:00+02:00,0.06522
2025-10-01 13:00:00+02:00,0.06559999999999999
2025-10-01 13:15:00+02:00,0.06772
2025-10-01 13:30:00+02:00,0.06944
2025-10-01 13:45:00+02:00,0.07084
2025-10-01 14:00:00+02:00,0.06448999999999999
2025-10-01 14:15:00+02:00,0.07025
2025-10-01 14:30:00+02:00,0.07463
2025-10-01 14:45:00+02:00,0.08114
2025-10-01 15:00:00+02:00,0.0653
2025-10-01 15:15:00+02:00,0.07463
2025-10-01 15:30:00+02:00,0.08802
2025-10-01 15:45:00+02:00,0.09894
2025-10-01 16:00:00+02:00,0.06215
2025-10-01 16:15:00+02:00,0.08953
2025-10-01 16:30:00+02:00,0.10308
2025-10-01 16:45:00+02:00,0.11672
2025-10-01 17:00:00+02:00,0.08549
2025-10-01 17:15:00+02:00,0.11587
2025-10-01 17:30:00+02:00,0.14498
2025-10-01 17:45:00+02:00,0.19526
2025-10-01 18:00:00+02:00,0.14695
2025-10-01 18:15:00+02:00,0.2
2025-10-01 18:30:00+02:00,0.285
2025-10-01 18:45:00+02:00,0.381
2025-10-01 19:00:00+02:00,0.4085
2025-10-01 19:15:00+02:00,0.37639
2025-10-01 19:30:00+02:00,0.32194
2025-10-01 19:45:00+02:00,0.25314
2025-10-01 20:00:00+02:00,0.21802000000000002
2025-10-01 20:15:00+02:00,0.15525
2025-10-01 20:30:00+02:00,0.12682
2025-10-01 20:45:00+02:00,0.108
2025-10-01 21:00:00+02:00,0.13068000000000002
2025-10-01 21:15:00+02:00,0.12140000000000001
2025-10-01 21:30:00+02:00,0.10298
2025-10-01 21:45:00+02:00,0.09708
2025-10-01 22:00:00+02:00,0.10884
2025-10-01 22:15:00+02:00,0.10151
2025-10-01 22:30:00+02:00,0.09536
2025-10-01 22:45:00+02:00,0.08832999999999999
2025-10-01 23:00:00+02:00,0.09456999999999999
2025-10-01 23:15:00+02:00,0.09154999999999999
2025-10-01 23:30:00+02:00,0.09111
2025-10-01 23:45:00+02:00,0.08536
2025-10-02 00:00:00+02:00,0.09958
2025-10-02 00:15:00+02:00,0.0911
2025-10-02 00:30:00+02:00,0.08609
2025-10-02 00:45:00+02:00,0.08645
2025-10-02 01:00:00+02:00,0.09445
2025-10-02 01:15:00+02:00,0.09042
2025-10-02 01:30:00+02:00,0.08459
2025-10-02 01:45:00+02:00,0.08254
2025-10-02 02:00:00+02:00,0.08646
2025-10-02 02:15:00+02:00,0.0848
2025-10-02 02:30:00+02:00,0.08621
2025-10-02 02:45:00+02:00,0.08863
2025-10-02 03:00:00+02:00,0.08967
2025-10-02 03:15:00+02:00,0.08864
2025-10-02 03:30:00+02:00,0.08864
2025-10-02 03:45:00+02:00,0.08729
2025-10-02 04:00:00+02:00,0.08807999999999999
2025-10-02 04:15:00+02:00,0.09058
2025-10-02 04:30:00+02:00,0.09212999999999999
2025-10-02 04:45:00+02:00,0.09244
2025-10-02 05:00:00+02:00,0.08542
2025-10-02 05:15:00+02:00,0.08983
2025-10-02 05:30:00+02:00,0.09656999999999999
2025-10-02 05:45:00+02:00,0.11206999999999999
2025-10-02 06:00:00+02:00,0.09415000000000001
2025-10-02 06:15:00+02:00,0.11778
2025-10-02 06:30:00+02:00,0.13403
2025-10-02 06:45:00+02:00,0.16892
2025-10-02 07:00:00+02:00,0.1739
2025-10-02 07:15:00+02:00,0.1986
2025-10-02 07:30:00+02:00,0.18775999999999998
2025-10-02 07:45:00+02:00,0.16409
2025-10-02 08:00:00+02:00,0.18888999999999997
2025-10-02 08:15:00+02:00,0.15189
2025-10-02 08:30:00+02:00,0.1153
2025-10-02 08:45:00+02:00,0.09063
2025-10-02 09:00:00+02:00,0.12328
2025-10-02 09:15:00+02:00,0.1128
2025-10-02 09:30:00+02:00,0.09201000000000001
2025-10-02 09:45:00+02:00,0.07393000000000001
2025-10-02 10:00:00+02:00,0.10195
2025-10-02 10:15:00+02:00,0.09997
2025-10-02 10:30:00+02:00,0.08608
2025-10-02 10:45:00+02:00,0.07792
2025-10-02 11:00:00+02:00,0.09175
2025-10-02 11:15:00+02:00,0.08331000000000001
2025-10-02 11:30:00+02:00,0.07208
2025-10-02 11:45:00+02:00,0.066
2025-10-02 12:00:00+02:00,0.07025
2025-10-02 12:15:00+02:00,0.06434999999999999
2025-10-02 12:30:00+02:00,0.06444
2025-10-02 12:45:00+02:00,0.06404
2025-10-02 13:00:00+02:00,0.05795
2025-10-02 13:15:00+02:00,0.060399999999999995
2025-10-02 13:30:00+02:00,0.061270000000000005
2025-10-02 13:45:00+02:00,0.062380000000000005
2025-10-02 14:00:00+02:00,0.061700000000000005
2025-10-02 14:15:00+02:00,0.06634000000000001
2025-10-02 14:30:00+02:00,0.07463
2025-10-02 14:45:00+02:00,0.08249
2025-10-02 15:00:00+02:00,0.062119999999999995
2025-10-02 15:15:00+02:00,0.07485
2025-10-02 15:30:00+02:00,0.08681
2025-10-02 15:45:00+02:00,0.09887
2025-10-02 16:00:00+02:00,0.07194
2025-10-02 16:15:00+02:00,0.0835
2025-10-02 16:30:00+02:00,0.09844
2025-10-02 16:45:00+02:00,0.1119
2025-10-02 17:00:00+02:00,0.07246
2025-10-02 17:15:00+02:00,0.08952
2025-10-02 17:30:00+02:00,0.1173
2025-10-02 17:45:00+02:00,0.174
2025-10-02 18:00:00+02:00,0.11832
2025-10-02 18:15:00+02:00,0.14255
2025-10-02 18:30:00+02:00,0.17862999999999998
2025-10-02 18:45:00+02:00,0.2322
2025-10-02 19:00:00+02:00,0.21938999999999997
2025-10-02 19:15:00+02:00,0.20203
2025-10-02 19:30:00+02:00,0.16291999999999998
2025-10-02 19:45:00+02:00,0.12301000000000001
2025-10-02 20:00:00+02:00,0.13609000000000002
2025-10-02 20:15:00+02:00,0.11034999999999999
2025-10-02 20:30:00+02:00,0.09843
2025-10-02 20:45:00+02:00,0.09481
2025-10-02 21:00:00+02:00,0.09847
2025-10-02 21:15:00+02:00,0.09322
2025-10-02 21:30:00+02:00,0.08409
2025-10-02 21:45:00+02:00,0.08764
2025-10-02 22:00:00+02:00,0.10525
2025-10-02 22:15:00+02:00,0.10296
2025-10-02 22:30:00+02:00,0.09543
2025-10-02 22:45:00+02:00,0.08299
2025-10-02 23:00:00+02:00,0.10511
2025-10-02 23:15:00+02:00,0.09339
2025-10-02 23:30:00+02:00,0.07493999999999999
2025-10-02 23:45:00+02:00,0.05493
2025-10-03 00:00:00+02:00,0.09706000000000001
2025-10-03 00:15:00+02:00,0.08929000000000001
2025-10-03 00:30:00+02:00,0.08288
2025-10-03 00:45:00+02:00,0.0745
2025-10-03 01:00:00+02:00,0.08706
2025-10-03 01:15:00+02:00,0.08197
2025-10-03 01:30:00+02:00,0.07488
2025-10-03 01:45:00+02:00,0.06465
2025-10-03 02:00:00+02:00,0.08276
2025-10-03 02:15:00+02:00,0.06727
2025-10-03 02:30:00+02:00,0.06918
2025-10-03 02:45:00+02:00,0.06779
2025-10-03 03:00:00+02:00,0.062049999999999994
2025-10-03 03:15:00+02:00,0.07779000000000001
2025-10-03 03:30:00+02:00,0.07987999999999999
2025-10-03 03:45:00+02:00,0.07590999999999999
2025-10-03 04:00:00+02:00,0.07157
2025-10-03 04:15:00+02:00,0.07232999999999999
2025-10-03 04:30:00+02:00,0.07984999999999999
2025-10-03 04:45:00+02:00,0.0814
2025-10-03 05:00:00+02:00,0.06879
2025-10-03 05:15:00+02:00,0.07387
2025-10-03 05:30:00+02:00,0.08229
2025-10-03 05:45:00+02:00,0.08697
2025-10-03 06:00:00+02:00,0.08868000000000001
2025-10-03 06:15:00+02:00,0.09107
2025-10-03 06:30:00+02:00,0.10553
2025-10-03 06:45:00+02:00,0.08984
2025-10-03 07:00:00+02:00,0.09631
2025-10-03 07:15:00+02:00,0.10401
2025-10-03 07:30:00+02:00,0.09687
2025-10-03 07:45:00+02:00,0.10448
2025-10-03 08:00:00+02:00,0.12303
2025-10-03 08:15:00+02:00,0.11424
2025-10-03 08:30:00+02:00,0.10296999999999999
2025-10-03 08:45:00+02:00,0.07448
2025-10-03 09:00:00+02:00,0.10853
2025-10-03 09:15:00+02:00,0.09545000000000001
2025-10-03 09:30:00+02:00,0.07756
2025-10-03 09:45:00+02:00,0.05407
2025-10-03 10:00:00+02:00,0.09
2025-10-03 10:15:00+02:00,0.06415000000000001
2025-10-03 10:30:00+02:00,0.04512
2025-10-03 10:45:00+02:00,0.04072
2025-10-03 11:00:00+02:00,0.04690999999999999
2025-10-03 11:15:00+02:00,0.04289
2025-10-03 11:30:00+02:00,0.04051
2025-10-03 11:45:00+02:00,0.0317
2025-10-03 12:00:00+02:00,0.03247
2025-10-03 12:15:00+02:00,0.02725
2025-10-03 12:30:00+02:00,0.02462
2025-10-03 12:45:00+02:00,0.021070000000000002
2025-10-03 13:00:00+02:00,0.01831
2025-10-03 13:15:00+02:00,0.014240000000000001
2025-10-03 13:30:00+02:00,0.01468
2025-10-03 13:45:00+02:00,0.01878
2025-10-03 14:00:00+02:00,0.01053
2025-10-03 14:15:00+02:00,0.023710000000000002
2025-10-03 14:30:00+02:00,0.030629999999999998
2025-10-03 14:45:00+02:00,0.039939999999999996
2025-10-03 15:00:00+02:00,0.03277
2025-10-03 15:15:00+02:00,0.04
2025-10-03 15:30:00+02:00,0.05896
2025-10-03 15:45:00+02:00,0.0678
2025-10-03 16:00:00+02:00,0.039549999999999995
2025-10-03 16:15:00+02:00,0.04874
2025-10-03 16:30:00+02:00,0.07428
2025-10-03 16:45:00+02:00,0.091
2025-10-03 17:00:00+02:00,0.049890000000000004
2025-10-03 17:15:00+02:00,0.07848999999999999
2025-10-03 17:30:00+02:00,0.1026
2025-10-03 17:45:00+02:00,0.12862
2025-10-03 18:00:00+02:00,0.11331999999999999
2025-10-03 18:15:00+02:00,0.11826
2025-10-03 18:30:00+02:00,0.1285
2025-10-03 18:45:00+02:00,0.12296
2025-10-03 19:00:00+02:00,0.12422
2025-10-03 19:15:00+02:00,0.11499
2025-10-03 19:30:00+02:00,0.09991
2025-10-03 19:45:00+02:00,0.09692
2025-10-03 20:00:00+02:00,0.10678
2025-10-03 20:15:00+02:00,0.08191
2025-10-03 20:30:00+02:00,0.05668
2025-10-03 20:45:00+02:00,0.05479
2025-10-03 21:00:00+02:00,0.07248
2025-10-03 21:15:00+02:00,0.047229999999999994
2025-10-03 21:30:00+02:00,0.037590000000000005
2025-10-03 21:45:00+02:00,0.01647
2025-10-03 22:00:00+02:00,0.037770000000000005
2025-10-03 22:15:00+02:00,0.02134
2025-10-03 22:30:00+02:00,0.02184
2025-10-03 22:45:00+02:00,0.02066
2025-10-03 23:00:00+02:00,0.024579999999999998
2025-10-03 23:15:00+02:00,0.00977
2025-10-03 23:30:00+02:00,0.00749
2025-10-03 23:45:00+02:00,0.00259
2025-10-04 00:00:00+02:00,0.0029300000000000003
2025-10-04 00:15:00+02:00,0.0001
2025-10-04 00:30:00+02:00,-5e-05
2025-10-04 00:45:00+02:00,-8e-05
2025-10-04 01:00:00+02:00,0.0
2025-10-04 01:15:00+02:00,-1e-05
2025-10-04 01:30:00+02:00,-1e-05
2025-10-04 01:45:00+02:00,-2e-05
2025-10-04 02:00:00+02:00,-1e-05
2025-10-04 02:15:00+02:00,-1e-05
2025-10-04 02:30:00+02:00,-4e-05
2025-10-04 02:45:00+02:00,-0.00011
2025-10-04 03:00:00+02:00,-7.000000000000001e-05
2025-10-04 03:15:00+02:00,-8.999999999999999e-05
2025-10-04 03:30:00+02:00,-0.0001
2025-10-04 03:45:00+02:00,-0.00013000000000000002
2025-10-04 04:00:00+02:00,-0.00093
2025-10-04 04:15:00+02:00,-0.0009699999999999999
2025-10-04 04:30:00+02:00,-0.00103
2025-10-04 04:45:00+02:00,-0.00158
2025-10-04 05:00:00+02:00,-0.00152
2025-10-04 05:15:00+02:00,-0.00202
2025-10-04 05:30:00+02:00,-0.00202
2025-10-04 05:45:00+02:00,-0.00206
2025-10-04 06:00:00+02:00,-0.00215
2025-10-04 06:15:00+02:00,-0.00202
2025-10-04 06:30:00+02:00,-0.00148
2025-10-04 06:45:00+02:00,-0.0020099999999999996
2025-10-04 07:00:00+02:00,-0.00025
2025-10-04 07:15:00+02:00,-0.0008100000000000001
2025-10-04 07:30:00+02:00,-0.001
2025-10-04 07:45:00+02:00,-0.0010400000000000001
2025-10-04 08:00:00+02:00,-0.0007
2025-10-04 08:15:00+02:00,-8.999999999999999e-05
2025-10-04 08:30:00+02:00,-8e-05
2025-10-04 08:45:00+02:00,-0.00033
2025-10-04 09:00:00+02:00,-0.0001
2025-10-04 09:15:00+02:00,-0.00043
2025-10-04 09:30:00+02:00,-5e-05
2025-10-04 09:45:00+02:00,-7.000000000000001e-05
2025-10-04 10:00:00+02:00,-1e-05
2025-10-04 10:15:00+02:00,-0.0001
2025-10-04 10:30:00+02:00,-0.00014000000000000001
2025-10-04 10:45:00+02:00,-0.00011
2025-10-04 11:00:00+02:00,-1e-05
2025-10-04 11:15:00+02:00,-0.00026000000000000003
2025-10-04 11:30:00+02:00,-8e-05
2025-10-04 11:45:00+02:00,-4e-05
2025-10-04 12:00:00+02:00,-0.00019
2025-10-04 12:15:00+02:00,-5.9999999999999995e-05
2025-10-04 12:30:00+02:00,-2.9999999999999997e-05
2025-10-04 12:45:00+02:00,-4e-05
2025-10-04 13:00:00+02:00,-0.00023999999999999998
2025-10-04 13:15:00+02:00,-0.00023
2025-10-04 13:30:00+02:00,-0.0004
2025-10-04 13:45:00+02:00,-0.0008900000000000001
2025-10-04 14:00:00+02:00,-0.00013000000000000002
2025-10-04 14:15:00+02:00,-0.00102
2025-10-04 14:30:00+02:00,-0.00202
2025-10-04 14:45:00+02:00,-0.00501
2025-10-04 15:00:00+02:00,-0.00182
2025-10-04 15:15:00+02:00,-0.005019999999999999
2025-10-04 15:30:00+02:00,-0.0025099999999999996
2025-10-04 15:45:00+02:00,-0.00107
2025-10-04 16:00:00+02:00,-0.00025
2025-10-04 16:15:00+02:00,-1e-05
2025-10-04 16:30:00+02:00,-4e-05
2025-10-04 16:45:00+02:00,-8e-05
2025-10-04 17:00:00+02:00,-0.00108
2025-10-04 17:15:00+02:00,-1e-05
2025-10-04 17:30:00+02:00,0.0
2025-10-04 17:45:00+02:00,0.0007199999999999999
2025-10-04 18:00:00+02:00,-2.9999999999999997e-05
2025-10-04 18:15:00+02:00,0.0
2025-10-04 18:30:00+02:00,0.0022
2025-10-04 18:45:00+02:00,0.00225
2025-10-04 19:00:00+02:00,0.00244
2025-10-04 19:15:00+02:00,0.0027400000000000002
2025-10-04 19:30:00+02:00,0.004019999999999999
2025-10-04 19:45:00+02:00,0.00372
2025-10-04 20:00:00+02:00,0.0013
2025-10-04 20:15:00+02:00,0.0
2025-10-04 20:30:00+02:00,0.0
2025-10-04 20:45:00+02:00,-1e-05
2025-10-04 21:00:00+02:00,0.0001
2025-10-04 21:15:00+02:00,0.0
2025-10-04 21:30:00+02:00,-1e-05
2025-10-04 21:45:00+02:00,-0.00047
2025-10-04 22:00:00+02:00,-5.9999999999999995e-05
2025-10-04 22:15:00+02:00,-8e-05
2025-10-04 22:30:00+02:00,-1e-05
2025-10-04 22:45:00+02:00,-5.9999999999999995e-05
2025-10-04 23:00:00+02:00,-1e-05
2025-10-04 23:15:00+02:00,-2.9999999999999997e-05
2025-10-04 23:30:00+02:00,-8e-05
2025-10-04 23:45:00+02:00,-0.00125
2025-10-05 00:00:00+02:00,-7.000000000000001e-05
2025-10-05 00:15:00+02:00,-0.00026000000000000003
2025-10-05 00:30:00+02:00,-0.00145
2025-10-05 00:45:00+02:00,-0.00121
2025-10-05 01:00:00+02:00,-0.00109
2025-10-05 01:15:00+02:00,-0.0020099999999999996
2025-10-05 01:30:00+02:00,-0.00148
2025-10-05 01:45:00+02:00,-0.00103
2025-10-05 02:00:00+02:00,-0.004200000000000001
2025-10-05 02:15:00+02:00,-0.00419
2025-10-05 02:30:00+02:00,-0.00418
2025-10-05 02:45:00+02:00,-0.00419
2025-10-05 03:00:00+02:00,-0.004200000000000001
2025-10-05 03:15:00+02:00,-0.00411
2025-10-05 03:30:00+02:00,-0.00411
2025-10-05 03:45:00+02:00,-0.00509
2025-10-05 04:00:00+02:00,-0.0048200000000000005
2025-10-05 04:15:00+02:00,-0.005030000000000001
2025-10-05 04:30:00+02:00,-0.00505
2025-10-05 04:45:00+02:00,-0.005019999999999999
2025-10-05 05:00:00+02:00,-0.0049900000000000005
2025-10-05 05:15:00+02:00,-0.0048200000000000005
2025-10-05 05:30:00+02:00,-0.00401
2025-10-05 05:45:00+02:00,-0.00401
2025-10-05 06:00:00+02:00,-0.00411
2025-10-05 06:15:00+02:00,-0.00405
2025-10-05 06:30:00+02:00,-0.0038
2025-10-05 06:45:00+02:00,-0.0030800000000000003
2025-10-05 07:00:00+02:00,-0.00202
2025-10-05 07:15:00+02:00,-0.0017800000000000001
2025-10-05 07:30:00+02:00,-0.0014199999999999998
2025-10-05 07:45:00+02:00,-0.0008
2025-10-05 08:00:00+02:00,-0.0001
2025-10-05 08:15:00+02:00,-8.999999999999999e-05
2025-10-05 08:30:00+02:00,-5e-05
2025-10-05 08:45:00+02:00,-0.00011
2025-10-05 09:00:00+02:00,-1e-05
2025-10-05 09:15:00+02:00,-8e-05
2025-10-05 09:30:00+02:00,-0.0020099999999999996
2025-10-05 09:45:00+02:00,-0.00347
2025-10-05 10:00:00+02:00,-0.00148
2025-10-05 10:15:00+02:00,-0.0029
2025-10-05 10:30:00+02:00,-0.004059999999999999
2025-10-05 10:45:00+02:00,-0.00488
2025-10-05 11:00:00+02:00,-0.00202
2025-10-05 11:15:00+02:00,-0.00202
2025-10-05 11:30:00+02:00,-0.0020099999999999996
2025-10-05 11:45:00+02:00,-0.00202
2025-10-05 12:00:00+02:00,-0.00404
2025-10-05 12:15:00+02:00,-0.00304
2025-10-05 12:30:00+02:00,-0.0030099999999999997
2025-10-05 12:45:00+02:00,-0.00357
2025-10-05 13:00:00+02:00,-0.0033799999999999998
2025-10-05 13:15:00+02:00,-0.00354
2025-10-05 13:30:00+02:00,-0.00317
2025-10-05 13:45:00+02:00,-0.00346
2025-10-05 14:00:00+02:00,-0.0031
2025-10-05 14:15:00+02:00,-0.00302
2025-10-05 14:30:00+02:00,-0.00302
2025-10-05 14:45:00+02:00,-0.00263
2025-10-05 15:00:00+02:00,-0.0024
2025-10-05 15:15:00+02:00,-0.00213
2025-10-05 15:30:00+02:00,-0.00202
2025-10-05 15:45:00+02:00,-0.00302
2025-10-05 16:00:00+02:00,-0.00159
2025-10-05 16:15:00+02:00,-0.00102
2025-10-05 16:30:00+02:00,-0.0001
2025-10-05 16:45:00+02:00,-4e-05
2025-10-05 17:00:00+02:00,-0.00316
2025-10-05 17:15:00+02:00,-5.9999999999999995e-05
2025-10-05 17:30:00+02:00,0.0001
2025-10-05 17:45:00+02:00,0.00653
2025-10-05 18:00:00+02:00,0.00537
2025-10-05 18:15:00+02:00,0.011
2025-10-05 18:30:00+02:00,0.01991
2025-10-05 18:45:00+02:00,0.028050000000000002
2025-10-05 19:00:00+02:00,0.02125
2025-10-05 19:15:00+02:00,0.026690000000000002
2025-10-05 19:30:00+02:00,0.04284
2025-10-05 19:45:00+02:00,0.049409999999999996
2025-10-05 20:00:00+02:00,0.034
2025-10-05 20:15:00+02:00,0.024579999999999998
2025-10-05 20:30:00+02:00,0.01366
2025-10-05 20:45:00+02:00,0.00708
2025-10-05 21:00:00+02:00,0.00784
2025-10-05 21:15:00+02:00,0.00515
2025-10-05 21:30:00+02:00,0.00475
2025-10-05 21:45:00+02:00,0.00417
2025-10-05 22:00:00+02:00,0.00575
2025-10-05 22:15:00+02:00,0.004860000000000001
2025-10-05 22:30:00+02:00,0.00596
2025-10-05 22:45:00+02:00,0.00424
2025-10-05 23:00:00+02:00,0.00488
2025-10-05 23:15:00+02:00,0.0040999999999999995
2025-10-05 23:30:00+02:00,0.00396
2025-10-05 23:45:00+02:00,0.0033599999999999997
2025-10-06 00:00:00+02:00,0.03098
2025-10-06 00:15:00+02:00,0.02453
2025-10-06 00:30:00+02:00,0.01577
2025-10-06 00:45:00+02:00,0.0121
2025-10-06 01:00:00+02:00,0.01385
2025-10-06 01:15:00+02:00,0.01057
2025-10-06 01:30:00+02:00,0.00911
2025-10-06 01:45:00+02:00,0.00666
2025-10-06 02:00:00+02:00,0.007
2025-10-06 02:15:00+02:00,0.0087
2025-10-06 02:30:00+02:00,0.01058
2025-10-06 02:45:00+02:00,0.01013
2025-10-06 03:00:00+02:00,0.01053
2025-10-06 03:15:00+02:00,0.01052
2025-10-06 03:30:00+02:00,0.01103
2025-10-06 03:45:00+02:00,0.01085
2025-10-06 04:00:00+02:00,0.01102
2025-10-06 04:15:00+02:00,0.01812
2025-10-06 04:30:00+02:00,0.01786
2025-10-06 04:45:00+02:00,0.0202
2025-10-06 05:00:00+02:00,0.007809999999999999
2025-10-06 05:15:00+02:00,0.0099
2025-10-06 05:30:00+02:00,0.0228
2025-10-06 05:45:00+02:00,0.0499
2025-10-06 06:00:00+02:00,0.01839
2025-10-06 06:15:00+02:00,0.07659999999999999
2025-10-06 06:30:00+02:00,0.07819
2025-10-06 06:45:00+02:00,0.10116
2025-10-06 07:00:00+02:00,0.08997
2025-10-06 07:15:00+02:00,0.10532
2025-10-06 07:30:00+02:00,0.10893000000000001
2025-10-06 07:45:00+02:00,0.11599
2025-10-06 08:00:00+02:00,0.12658
2025-10-06 08:15:00+02:00,0.12791
2025-10-06 08:30:00+02:00,0.12079999999999999
2025-10-06 08:45:00+02:00,0.11178
2025-10-06 09:00:00+02:00,0.13573
2025-10-06 09:15:00+02:00,0.12142
2025-10-06 09:30:00+02:00,0.1196
2025-10-06 09:45:00+02:00,0.10772
2025-10-06 10:00:00+02:00,0.11469
2025-10-06 10:15:00+02:00,0.10479999999999999
2025-10-06 10:30:00+02:00,0.09523000000000001
2025-10-06 10:45:00+02:00,0.08739
2025-10-06 11:00:00+02:00,0.09855
2025-10-06 11:15:00+02:00,0.09275
2025-10-06 11:30:00+02:00,0.08489000000000001
2025-10-06 11:45:00+02:00,0.08102
2025-10-06 12:00:00+02:00,0.08256999999999999
2025-10-06 12:15:00+02:00,0.08667
2025-10-06 12:30:00+02:00,0.08612
2025-10-06 12:45:00+02:00,0.09394
2025-10-06 13:00:00+02:00,0.08406
2025-10-06 13:15:00+02:00,0.08805
2025-10-06 13:30:00+02:00,0.08388
2025-10-06 13:45:00+02:00,0.0824
2025-10-06 14:00:00+02:00,0.08278
2025-10-06 14:15:00+02:00,0.08959
2025-10-06 14:30:00+02:00,0.10096
2025-10-06 14:45:00+02:00,0.09598000000000001
2025-10-06 15:00:00+02:00,0.08947
2025-10-06 15:15:00+02:00,0.09203
2025-10-06 15:30:00+02:00,0.09569
2025-10-06 15:45:00+02:00,0.101
2025-10-06 16:00:00+02:00,0.08645
2025-10-06 16:15:00+02:00,0.09787
2025-10-06 16:30:00+02:00,0.11069
2025-10-06 16:45:00+02:00,0.12408
2025-10-06 17:00:00+02:00,0.09391
2025-10-06 17:15:00+02:00,0.11295000000000001
2025-10-06 17:30:00+02:00,0.12184
2025-10-06 17:45:00+02:00,0.15246
2025-10-06 18:00:00+02:00,0.10936
2025-10-06 18:15:00+02:00,0.11841
2025-10-06 18:30:00+02:00,0.14780000000000001
2025-10-06 18:45:00+02:00,0.19078
2025-10-06 19:00:00+02:00,0.1689
2025-10-06 19:15:00+02:00,0.17537
2025-10-06 19:30:00+02:00,0.169
2025-10-06 19:45:00+02:00,0.15999000000000002
2025-10-06 20:00:00+02:00,0.15693000000000001
2025-10-06 20:15:00+02:00,0.1311
2025-10-06 20:30:00+02:00,0.12587
2025-10-06 20:45:00+02:00,0.12081
2025-10-06 21:00:00+02:00,0.128
2025-10-06 21:15:00+02:00,0.12393000000000001
2025-10-06 21:30:00+02:00,0.11565
2025-10-06 21:45:00+02:00,0.11323
2025-10-06 22:00:00+02:00,0.13526
2025-10-06 22:15:00+02:00,0.11458
2025-10-06 22:30:00+02:00,0.1152
2025-10-06 22:45:00+02:00,0.10962000000000001
2025-10-06 23:00:00+02:00,0.11233
2025-10-06 23:15:00+02:00,0.10504000000000001
2025-10-06 23:30:00+02:00,0.10367
2025-10-06 23:45:00+02:00,0.10096
2025-10-07 00:00:00+02:00,0.10551
2025-10-07 00:15:00+02:00,0.1026
2025-10-07 00:30:00+02:00,0.09905
2025-10-07 00:45:00+02:00,0.09389
2025-10-07 01:00:00+02:00,0.1
2025-10-07 01:15:00+02:00,0.09481999999999999
2025-10-07 01:30:00+02:00,0.09268000000000001
2025-10-07 01:45:00+02:00,0.08845
2025-10-07 02:00:00+02:00,0.09123
2025-10-07 02:15:00+02:00,0.08936
2025-10-07 02:30:00+02:00,0.08945
2025-10-07 02:45:00+02:00,0.08923
2025-10-07 03:00:00+02:00,0.08866
2025-10-07 03:15:00+02:00,0.08859
2025-10-07 03:30:00+02:00,0.08947
2025-10-07 03:45:00+02:00,0.09148
2025-10-07 04:00:00+02:00,0.08692
2025-10-07 04:15:00+02:00,0.0888
2025-10-07 04:30:00+02:00,0.09503
2025-10-07 04:45:00+02:00,0.10115
2025-10-07 05:00:00+02:00,0.08694
2025-10-07 05:15:00+02:00,0.09311
2025-10-07 05:30:00+02:00,0.09905
2025-10-07 05:45:00+02:00,0.10786
2025-10-07 06:00:00+02:00,0.10676999999999999
2025-10-07 06:15:00+02:00,0.12507
2025-10-07 06:30:00+02:00,0.14118
2025-10-07 06:45:00+02:00,0.16652
2025-10-07 07:00:00+02:00,0.14803
2025-10-07 07:15:00+02:00,0.20793
2025-10-07 07:30:00+02:00,0.27009
2025-10-07 07:45:00+02:00,0.28817000000000004
2025-10-07 08:00:00+02:00,0.30791
2025-10-07 08:15:00+02:00,0.30004000000000003
2025-10-07 08:30:00+02:00,0.28814999999999996
2025-10-07 08:45:00+02:00,0.25458000000000003
2025-10-07 09:00:00+02:00,0.29361000000000004
2025-10-07 09:15:00+02:00,0.24963999999999997
2025-10-07 09:30:00+02:00,0.1679
2025-10-07 09:45:00+02:00,0.13758
2025-10-07 10:00:00+02:00,0.19738
2025-10-07 10:15:00+02:00,0.16408
2025-10-07 10:30:00+02:00,0.13801
2025-10-07 10:45:00+02:00,0.11917
2025-10-07 11:00:00+02:00,0.15365
2025-10-07 11:15:00+02:00,0.13582
2025-10-07 11:30:00+02:00,0.11881
2025-10-07 11:45:00+02:00,0.11134999999999999
2025-10-07 12:00:00+02:00,0.12301000000000001
2025-10-07 12:15:00+02:00,0.10937999999999999
2025-10-07 12:30:00+02:00,0.10590999999999999
2025-10-07 12:45:00+02:00,0.10546
2025-10-07 13:00:00+02:00,0.11223000000000001
2025-10-07 13:15:00+02:00,0.10573
2025-10-07 13:30:00+02:00,0.10476
2025-10-07 13:45:00+02:00,0.10201
2025-10-07 14:00:00+02:00,0.10308
2025-10-07 14:15:00+02:00,0.10476
2025-10-07 14:30:00+02:00,0.10590999999999999
2025-10-07 14:45:00+02:00,0.10765999999999999
2025-10-07 15:00:00+02:00,0.1012
2025-10-07 15:15:00+02:00,0.10568000000000001
2025-10-07 15:30:00+02:00,0.11617
2025-10-07 15:45:00+02:00,0.12959
2025-10-07 16:00:00+02:00,0.10391
2025-10-07 16:15:00+02:00,0.11059000000000001
2025-10-07 16:30:00+02:00,0.12715
2025-10-07 16:45:00+02:00,0.14677
2025-10-07 17:00:00+02:00,0.11504
2025-10-07 17:15:00+02:00,0.12899000000000002
2025-10-07 17:30:00+02:00,0.15582
2025-10-07 17:45:00+02:00,0.20751
2025-10-07 18:00:00+02:00,0.14729
2025-10-07 18:15:00+02:00,0.15433000000000002
2025-10-07 18:30:00+02:00,0.22061
2025-10-07 18:45:00+02:00,0.28744
2025-10-07 19:00:00+02:00,0.25339
2025-10-07 19:15:00+02:00,0.22150999999999998
2025-10-07 19:30:00+02:00,0.19741
2025-10-07 19:45:00+02:00,0.18081
2025-10-07 20:00:00+02:00,0.17846
2025-10-07 20:15:00+02:00,0.15888999999999998
2025-10-07 20:30:00+02:00,0.13101
2025-10-07 20:45:00+02:00,0.117
2025-10-07 21:00:00+02:00,0.14722
2025-10-07 21:15:00+02:00,0.12900999999999999
2025-10-07 21:30:00+02:00,0.11279
2025-10-07 21:45:00+02:00,0.10395
2025-10-07 22:00:00+02:00,0.11635
2025-10-07 22:15:00+02:00,0.11187000000000001
2025-10-07 22:30:00+02:00,0.1061
2025-10-07 22:45:00+02:00,0.09537000000000001
2025-10-07 23:00:00+02:00,0.10782
2025-10-07 23:15:00+02:00,0.09843
2025-10-07 23:30:00+02:00,0.09356999999999999
2025-10-07 23:45:00+02:00,0.09011
2025-10-08 00:00:00+02:00,0.10174
2025-10-08 00:15:00+02:00,0.09140000000000001
2025-10-08 00:30:00+02:00,0.09147
2025-10-08 00:45:00+02:00,0.0892
2025-10-08 01:00:00+02:00,0.09185
2025-10-08 01:15:00+02:00,0.08907
2025-10-08 01:30:00+02:00,0.08733
2025-10-08 01:45:00+02:00,0.0855
2025-10-08 02:00:00+02:00,0.08921
2025-10-08 02:15:00+02:00,0.08814
2025-10-08 02:30:00+02:00,0.08699
2025-10-08 02:45:00+02:00,0.0859
2025-10-08 03:00:00+02:00,0.08697
2025-10-08 03:15:00+02:00,0.08691
2025-10-08 03:30:00+02:00,0.08698
2025-10-08 03:45:00+02:00,0.08704
2025-10-08 04:00:00+02:00,0.08566
2025-10-08 04:15:00+02:00,0.08774
2025-10-08 04:30:00+02:00,0.09118000000000001
2025-10-08 04:45:00+02:00,0.09411
2025-10-08 05:00:00+02:00,0.08698
2025-10-08 05:15:00+02:00,0.09328
2025-10-08 05:30:00+02:00,0.09991
2025-10-08 05:45:00+02:00,0.10941
2025-10-08 06:00:00+02:00,0.09298999999999999
2025-10-08 06:15:00+02:00,0.11391
2025-10-08 06:30:00+02:00,0.12298999999999999
2025-10-08 06:45:00+02:00,0.13854
2025-10-08 07:00:00+02:00,0.13047
2025-10-08 07:15:00+02:00,0.15159
2025-10-08 07:30:00+02:00,0.1689
2025-10-08 07:45:00+02:00,0.17136
2025-10-08 08:00:00+02:00,0.20362
2025-10-08 08:15:00+02:00,0.17534
2025-10-08 08:30:00+02:00,0.15124
2025-10-08 08:45:00+02:00,0.13538
2025-10-08 09:00:00+02:00,0.1742
2025-10-08 09:15:00+02:00,0.14092
2025-10-08 09:30:00+02:00,0.11967
2025-10-08 09:45:00+02:00,0.10590999999999999
2025-10-08 10:00:00+02:00,0.14274
2025-10-08 10:15:00+02:00,0.12174
2025-10-08 10:30:00+02:00,0.10737000000000001
2025-10-08 10:45:00+02:00,0.10193
2025-10-08 11:00:00+02:00,0.12301000000000001
2025-10-08 11:15:00+02:00,0.10446
2025-10-08 11:30:00+02:00,0.09758
2025-10-08 11:45:00+02:00,0.08825
2025-10-08 12:00:00+02:00,0.09487999999999999
2025-10-08 12:15:00+02:00,0.09103
2025-10-08 12:30:00+02:00,0.08878
2025-10-08 12:45:00+02:00,0.0886
2025-10-08 13:00:00+02:00,0.09079000000000001
2025-10-08 13:15:00+02:00,0.0901
2025-10-08 13:30:00+02:00,0.08917
2025-10-08 13:45:00+02:00,0.08728
2025-10-08 14:00:00+02:00,0.08544
2025-10-08 14:15:00+02:00,0.08771999999999999
2025-10-08 14:30:00+02:00,0.09
2025-10-08 14:45:00+02:00,0.09861
2025-10-08 15:00:00+02:00,0.0891
2025-10-08 15:15:00+02:00,0.09372
2025-10-08 15:30:00+02:00,0.10134
2025-10-08 15:45:00+02:00,0.11355
2025-10-08 16:00:00+02:00,0.09315000000000001
2025-10-08 16:15:00+02:00,0.1022
2025-10-08 16:30:00+02:00,0.12744
2025-10-08 16:45:00+02:00,0.14707
2025-10-08 17:00:00+02:00,0.10283
2025-10-08 17:15:00+02:00,0.12323999999999999
2025-10-08 17:30:00+02:00,0.15533000000000002
2025-10-08 17:45:00+02:00,0.21652000000000002
2025-10-08 18:00:00+02:00,0.13554
2025-10-08 18:15:00+02:00,0.14759999999999998
2025-10-08 18:30:00+02:00,0.20453
2025-10-08 18:45:00+02:00,0.24756
2025-10-08 19:00:00+02:00,0.23593
2025-10-08 19:15:00+02:00,0.20462
2025-10-08 19:30:00+02:00,0.18046
2025-10-08 19:45:00+02:00,0.175
2025-10-08 20:00:00+02:00,0.17048
2025-10-08 20:15:00+02:00,0.14996
2025-10-08 20:30:00+02:00,0.12809
2025-10-08 20:45:00+02:00,0.11825
2025-10-08 21:00:00+02:00,0.12888
2025-10-08 21:15:00+02:00,0.11794
2025-10-08 21:30:00+02:00,0.10929000000000001
2025-10-08 21:45:00+02:00,0.10285
2025-10-08 22:00:00+02:00,0.11461
2025-10-08 22:15:00+02:00,0.11393
2025-10-08 22:30:00+02:00,0.10649
2025-10-08 22:45:00+02:00,0.09793
2025-10-08 23:00:00+02:00,0.10606
2025-10-08 23:15:00+02:00,0.09979
2025-10-08 23:30:00+02:00,0.09548000000000001
2025-10-08 23:45:00+02:00,0.09
2025-10-09 00:00:00+02:00,0.10922
2025-10-09 00:15:00+02:00,0.10001
2025-10-09 00:30:00+02:00,0.09087999999999999
2025-10-09 00:45:00+02:00,0.08875
2025-10-09 01:00:00+02:00,0.0917
2025-10-09 01:15:00+02:00,0.09333
2025-10-09 01:30:00+02:00,0.09232
2025-10-09 01:45:00+02:00,0.09298000000000001
2025-10-09 02:00:00+02:00,0.09605
2025-10-09 02:15:00+02:00,0.09232
2025-10-09 02:30:00+02:00,0.09228
2025-10-09 02:45:00+02:00,0.09240000000000001
2025-10-09 03:00:00+02:00,0.09336
2025-10-09 03:15:00+02:00,0.08990000000000001
2025-10-09 03:30:00+02:00,0.08997
2025-10-09 03:45:00+02:00,0.09004000000000001
2025-10-09 04:00:00+02:00,0.08694
2025-10-09 04:15:00+02:00,0.08903
2025-10-09 04:30:00+02:00,0.09248999999999999
2025-10-09 04:45:00+02:00,0.10234
2025-10-09 05:00:00+02:00,0.08741
2025-10-09 05:15:00+02:00,0.09181
2025-10-09 05:30:00+02:00,0.1043
2025-10-09 05:45:00+02:00,0.12109
2025-10-09 06:00:00+02:00,0.10235
2025-10-09 06:15:00+02:00,0.12142
2025-10-09 06:30:00+02:00,0.13235
2025-10-09 06:45:00+02:00,0.1462
2025-10-09 07:00:00+02:00,0.12535
2025-10-09 07:15:00+02:00,0.14635
2025-10-09 07:30:00+02:00,0.15611000000000003
2025-10-09 07:45:00+02:00,0.15219
2025-10-09 08:00:00+02:00,0.17225
2025-10-09 08:15:00+02:00,0.15297999999999998
2025-10-09 08:30:00+02:00,0.1438
2025-10-09 08:45:00+02:00,0.13057
2025-10-09 09:00:00+02:00,0.16646
2025-10-09 09:15:00+02:00,0.13441
2025-10-09 09:30:00+02:00,0.12298999999999999
2025-10-09 09:45:00+02:00,0.10609
2025-10-09 10:00:00+02:00,0.13155
2025-10-09 10:15:00+02:00,0.11386
2025-10-09 10:30:00+02:00,0.1023
2025-10-09 10:45:00+02:00,0.09104000000000001
2025-10-09 11:00:00+02:00,0.10651999999999999
2025-10-09 11:15:00+02:00,0.10213
2025-10-09 11:30:00+02:00,0.09164
2025-10-09 11:45:00+02:00,0.08756
2025-10-09 12:00:00+02:00,0.10033
2025-10-09 12:15:00+02:00,0.0922
2025-10-09 12:30:00+02:00,0.08793000000000001
2025-10-09 12:45:00+02:00,0.08363
2025-10-09 13:00:00+02:00,0.08901
2025-10-09 13:15:00+02:00,0.08821999999999999
2025-10-09 13:30:00+02:00,0.08465
2025-10-09 13:45:00+02:00,0.07153
2025-10-09 14:00:00+02:00,0.07776999999999999
2025-10-09 14:15:00+02:00,0.08377
2025-10-09 14:30:00+02:00,0.08415
2025-10-09 14:45:00+02:00,0.08710999999999999
2025-10-09 15:00:00+02:00,0.07961
2025-10-09 15:15:00+02:00,0.08413
2025-10-09 15:30:00+02:00,0.08922
2025-10-09 15:45:00+02:00,0.10235
2025-10-09 16:00:00+02:00,0.08751
2025-10-09 16:15:00+02:00,0.08837
2025-10-09 16:30:00+02:00,0.09211
2025-10-09 16:45:00+02:00,0.10031
2025-10-09 17:00:00+02:00,0.08753
2025-10-09 17:15:00+02:00,0.11056999999999999
2025-10-09 17:30:00+02:00,0.112
2025-10-09 17:45:00+02:00,0.12994
2025-10-09 18:00:00+02:00,0.11548
2025-10-09 18:15:00+02:00,0.12426000000000001
2025-10-09 18:30:00+02:00,0.12656
2025-10-09 18:45:00+02:00,0.12533
2025-10-09 19:00:00+02:00,0.12571
2025-10-09 19:15:00+02:00,0.12643000000000001
2025-10-09 19:30:00+02:00,0.12258
2025-10-09 19:45:00+02:00,0.11773
2025-10-09 20:00:00+02:00,0.11972
2025-10-09 20:15:00+02:00,0.11476
2025-10-09 20:30:00+02:00,0.11014
2025-10-09 20:45:00+02:00,0.10482999999999999
2025-10-09 21:00:00+02:00,0.10715000000000001
2025-10-09 21:15:00+02:00,0.10169
2025-10-09 21:30:00+02:00,0.09639
2025-10-09 21:45:00+02:00,0.08714
2025-10-09 22:00:00+02:00,0.11322
2025-10-09 22:15:00+02:00,0.09543
2025-10-09 22:30:00+02:00,0.09093000000000001
2025-10-09 22:45:00+02:00,0.08775
2025-10-09 23:00:00+02:00,0.09898
2025-10-09 23:15:00+02:00,0.09054999999999999
2025-10-09 23:30:00+02:00,0.08765
2025-10-09 23:45:00+02:00,0.07762000000000001
2025-10-10 00:00:00+02:00,0.09572
2025-10-10 00:15:00+02:00,0.08914
2025-10-10 00:30:00+02:00,0.08645
2025-10-10 00:45:00+02:00,0.08073000000000001
2025-10-10 01:00:00+02:00,0.09084
2025-10-10 01:15:00+02:00,0.08436
2025-10-10 01:30:00+02:00,0.0835
2025-10-10 01:45:00+02:00,0.08117
2025-10-10 02:00:00+02:00,0.08319
2025-10-10 02:15:00+02:00,0.07998999999999999
2025-10-10 02:30:00+02:00,0.07891
2025-10-10 02:45:00+02:00,0.07826000000000001
2025-10-10 03:00:00+02:00,0.07977
2025-10-10 03:15:00+02:00,0.0787
2025-10-10 03:30:00+02:00,0.07740000000000001
2025-10-10 03:45:00+02:00,0.07726999999999999
2025-10-10 04:00:00+02:00,0.07876999999999999
2025-10-10 04:15:00+02:00,0.08006
2025-10-10 04:30:00+02:00,0.07681
2025-10-10 04:45:00+02:00,0.08120000000000001
2025-10-10 05:00:00+02:00,0.07682
2025-10-10 05:15:00+02:00,0.08128
2025-10-10 05:30:00+02:00,0.08479
2025-10-10 05:45:00+02:00,0.1014
2025-10-10 06:00:00+02:00,0.08353000000000001
2025-10-10 06:15:00+02:00,0.1052
2025-10-10 06:30:00+02:00,0.09933
2025-10-10 06:45:00+02:00,0.12249
2025-10-10 07:00:00+02:00,0.10212
2025-10-10 07:15:00+02:00,0.11367000000000001
2025-10-10 07:30:00+02:00,0.12529
2025-10-10 07:45:00+02:00,0.13622
2025-10-10 08:00:00+02:00,0.15165
2025-10-10 08:15:00+02:00,0.13338999999999998
2025-10-10 08:30:00+02:00,0.10940000000000001
2025-10-10 08:45:00+02:00,0.09601000000000001
2025-10-10 09:00:00+02:00,0.14383
2025-10-10 09:15:00+02:00,0.11206999999999999
2025-10-10 09:30:00+02:00,0.09673000000000001
2025-10-10 09:45:00+02:00,0.07843000000000001
2025-10-10 10:00:00+02:00,0.123
2025-10-10 10:15:00+02:00,0.09317
2025-10-10 10:30:00+02:00,0.08455
2025-10-10 10:45:00+02:00,0.07131
2025-10-10 11:00:00+02:00,0.09626
2025-10-10 11:15:00+02:00,0.07929
2025-10-10 11:30:00+02:00,0.07904000000000001
2025-10-10 11:45:00+02:00,0.07388
2025-10-10 12:00:00+02:00,0.08788
2025-10-10 12:15:00+02:00,0.07984000000000001
2025-10-10 12:30:00+02:00,0.07467
2025-10-10 12:45:00+02:00,0.06774
2025-10-10 13:00:00+02:00,0.07607
2025-10-10 13:15:00+02:00,0.07884999999999999
2025-10-10 13:30:00+02:00,0.07726000000000001
2025-10-10 13:45:00+02:00,0.07058
2025-10-10 14:00:00+02:00,0.05995
2025-10-10 14:15:00+02:00,0.07739
2025-10-10 14:30:00+02:00,0.08006999999999999
2025-10-10 14:45:00+02:00,0.09162000000000001
2025-10-10 15:00:00+02:00,0.07648
2025-10-10 15:15:00+02:00,0.08509
2025-10-10 15:30:00+02:00,0.09156
2025-10-10 15:45:00+02:00,0.10245
2025-10-10 16:00:00+02:00,0.07706
2025-10-10 16:15:00+02:00,0.09153
2025-10-10 16:30:00+02:00,0.09984
2025-10-10 16:45:00+02:00,0.123
2025-10-10 17:00:00+02:00,0.09774
2025-10-10 17:15:00+02:00,0.1119
2025-10-10 17:30:00+02:00,0.12339
2025-10-10 17:45:00+02:00,0.13977
2025-10-10 18:00:00+02:00,0.10718000000000001
2025-10-10 18:15:00+02:00,0.1175
2025-10-10 18:30:00+02:00,0.12142
2025-10-10 18:45:00+02:00,0.13632
2025-10-10 19:00:00+02:00,0.12481
2025-10-10 19:15:00+02:00,0.12384
2025-10-10 19:30:00+02:00,0.12387000000000001
2025-10-10 19:45:00+02:00,0.12064
2025-10-10 20:00:00+02:00,0.13188999999999998
2025-10-10 20:15:00+02:00,0.11932
2025-10-10 20:30:00+02:00,0.11
2025-10-10 20:45:00+02:00,0.10035
2025-10-10 21:00:00+02:00,0.11553000000000001
2025-10-10 21:15:00+02:00,0.11095000000000001
2025-10-10 21:30:00+02:00,0.10104
2025-10-10 21:45:00+02:00,0.08814
2025-10-10 22:00:00+02:00,0.10453
2025-10-10 22:15:00+02:00,0.10246
2025-10-10 22:30:00+02:00,0.09794
2025-10-10 22:45:00+02:00,0.08602
2025-10-10 23:00:00+02:00,0.09458
2025-10-10 23:15:00+02:00,0.09297
2025-10-10 23:30:00+02:00,0.09662000000000001
2025-10-10 23:45:00+02:00,0.08923
2025-10-11 00:00:00+02:00,0.10278
2025-10-11 00:15:00+02:00,0.09766
2025-10-11 00:30:00+02:00,0.08807999999999999
2025-10-11 00:45:00+02:00,0.08335
2025-10-11 01:00:00+02:00,0.09125
2025-10-11 01:15:00+02:00,0.08952
2025-10-11 01:30:00+02:00,0.0874
2025-10-11 01:45:00+02:00,0.08717
2025-10-11 02:00:00+02:00,0.08753
2025-10-11 02:15:00+02:00,0.08863
2025-10-11 02:30:00+02:00,0.08721
2025-10-11 02:45:00+02:00,0.08618
2025-10-11 03:00:00+02:00,0.08626
2025-10-11 03:15:00+02:00,0.0845
2025-10-11 03:30:00+02:00,0.08363
2025-10-11 03:45:00+02:00,0.08231000000000001
2025-10-11 04:00:00+02:00,0.08286
2025-10-11 04:15:00+02:00,0.08263
2025-10-11 04:30:00+02:00,0.08079
2025-10-11 04:45:00+02:00,0.08183
2025-10-11 05:00:00+02:00,0.08220999999999999
2025-10-11 05:15:00+02:00,0.08455
2025-10-11 05:30:00+02:00,0.08513
2025-10-11 05:45:00+02:00,0.08713
2025-10-11 06:00:00+02:00,0.08787
2025-10-11 06:15:00+02:00,0.08897
2025-10-11 06:30:00+02:00,0.0912
2025-10-11 06:45:00+02:00,0.09301999999999999
2025-10-11 07:00:00+02:00,0.09670999999999999
2025-10-11 07:15:00+02:00,0.09506
2025-10-11 07:30:00+02:00,0.09762
2025-10-11 07:45:00+02:00,0.09762
2025-10-11 08:00:00+02:00,0.10396
2025-10-11 08:15:00+02:00,0.10321999999999999
2025-10-11 08:30:00+02:00,0.10137
2025-10-11 08:45:00+02:00,0.09305
2025-10-11 09:00:00+02:00,0.10811
2025-10-11 09:15:00+02:00,0.10002
2025-10-11 09:30:00+02:00,0.08911
2025-10-11 09:45:00+02:00,0.0746
2025-10-11 10:00:00+02:00,0.09736
2025-10-11 10:15:00+02:00,0.08584
2025-10-11 10:30:00+02:00,0.07326
2025-10-11 10:45:00+02:00,0.07327
2025-10-11 11:00:00+02:00,0.08729
2025-10-11 11:15:00+02:00,0.07686
2025-10-11 11:30:00+02:00,0.07139
2025-10-11 11:45:00+02:00,0.06054
2025-10-11 12:00:00+02:00,0.06344
2025-10-11 12:15:00+02:00,0.0601
2025-10-11 12:30:00+02:00,0.05121
2025-10-11 12:45:00+02:00,0.04692
2025-10-11 13:00:00+02:00,0.05167
2025-10-11 13:15:00+02:00,0.047130000000000005
2025-10-11 13:30:00+02:00,0.04317
2025-10-11 13:45:00+02:00,0.04512
2025-10-11 14:00:00+02:00,0.04176
2025-10-11 14:15:00+02:00,0.04854
2025-10-11 14:30:00+02:00,0.05274
2025-10-11 14:45:00+02:00,0.061079999999999995
2025-10-11 15:00:00+02:00,0.054549999999999994
2025-10-11 15:15:00+02:00,0.0751
2025-10-11 15:30:00+02:00,0.0896
2025-10-11 15:45:00+02:00,0.08852
2025-10-11 16:00:00+02:00,0.06284000000000001
2025-10-11 16:15:00+02:00,0.07617
2025-10-11 16:30:00+02:00,0.08961
2025-10-11 16:45:00+02:00,0.10598
2025-10-11 17:00:00+02:00,0.08389
2025-10-11 17:15:00+02:00,0.09922
2025-10-11 17:30:00+02:00,0.12609
2025-10-11 17:45:00+02:00,0.14682
2025-10-11 18:00:00+02:00,0.11081
2025-10-11 18:15:00+02:00,0.12214
2025-10-11 18:30:00+02:00,0.12990000000000002
2025-10-11 18:45:00+02:00,0.1429
2025-10-11 19:00:00+02:00,0.13059
2025-10-11 19:15:00+02:00,0.13921
2025-10-11 19:30:00+02:00,0.13031
2025-10-11 19:45:00+02:00,0.12057999999999999
2025-10-11 20:00:00+02:00,0.14564
2025-10-11 20:15:00+02:00,0.12834
2025-10-11 20:30:00+02:00,0.1085
2025-10-11 20:45:00+02:00,0.10006
2025-10-11 21:00:00+02:00,0.1258
2025-10-11 21:15:00+02:00,0.11405
2025-10-11 21:30:00+02:00,0.11369
2025-10-11 21:45:00+02:00,0.09664
2025-10-11 22:00:00+02:00,0.1225
2025-10-11 22:15:00+02:00,0.11040000000000001
2025-10-11 22:30:00+02:00,0.10157
2025-10-11 22:45:00+02:00,0.09315999999999999
2025-10-11 23:00:00+02:00,0.1047
2025-10-11 23:15:00+02:00,0.09541
2025-10-11 23:30:00+02:00,0.09318000000000001
2025-10-11 23:45:00+02:00,0.0871
2025-10-12 00:00:00+02:00,0.10873000000000001
2025-10-12 00:15:00+02:00,0.10582
2025-10-12 00:30:00+02:00,0.0878
2025-10-12 00:45:00+02:00,0.08236
2025-10-12 01:00:00+02:00,0.1011
2025-10-12 01:15:00+02:00,0.09684999999999999
2025-10-12 01:30:00+02:00,0.0862
2025-10-12 01:45:00+02:00,0.08452
2025-10-12 02:00:00+02:00,0.09766
2025-10-12 02:15:00+02:00,0.08785
2025-10-12 02:30:00+02:00,0.08471
2025-10-12 02:45:00+02:00,0.08522
2025-10-12 03:00:00+02:00,0.09023
2025-10-12 03:15:00+02:00,0.08583
2025-10-12 03:30:00+02:00,0.0848
2025-10-12 03:45:00+02:00,0.07966
2025-10-12 04:00:00+02:00,0.07940000000000001
2025-10-12 04:15:00+02:00,0.08220000000000001
2025-10-12 04:30:00+02:00,0.09222
2025-10-12 04:45:00+02:00,0.09183
2025-10-12 05:00:00+02:00,0.08325
2025-10-12 05:15:00+02:00,0.07983
2025-10-12 05:30:00+02:00,0.09265999999999999
2025-10-12 05:45:00+02:00,0.09089
2025-10-12 06:00:00+02:00,0.08556
2025-10-12 06:15:00+02:00,0.08795
2025-10-12 06:30:00+02:00,0.09049
2025-10-12 06:45:00+02:00,0.0892
2025-10-12 07:00:00+02:00,0.09764
2025-10-12 07:15:00+02:00,0.08604
2025-10-12 07:30:00+02:00,0.08665
2025-10-12 07:45:00+02:00,0.08636
2025-10-12 08:00:00+02:00,0.10286
2025-10-12 08:15:00+02:00,0.08847
2025-10-12 08:30:00+02:00,0.08644
2025-10-12 08:45:00+02:00,0.07687000000000001
2025-10-12 09:00:00+02:00,0.09935
2025-10-12 09:15:00+02:00,0.08581
2025-10-12 09:30:00+02:00,0.07158
2025-10-12 09:45:00+02:00,0.07551000000000001
2025-10-12 10:00:00+02:00,0.08674
2025-10-12 10:15:00+02:00,0.07711
2025-10-12 10:30:00+02:00,0.07073
2025-10-12 10:45:00+02:00,0.07024
2025-10-12 11:00:00+02:00,0.07545
2025-10-12 11:15:00+02:00,0.07119
2025-10-12 11:30:00+02:00,0.07127
2025-10-12 11:45:00+02:00,0.06969
2025-10-12 12:00:00+02:00,0.06894
2025-10-12 12:15:00+02:00,0.06761
2025-10-12 12:30:00+02:00,0.06659999999999999
2025-10-12 12:45:00+02:00,0.0644
2025-10-12 13:00:00+02:00,0.05584
2025-10-12 13:15:00+02:00,0.0533
2025-10-12 13:30:00+02:00,0.05065
2025-10-12 13:45:00+02:00,0.048850000000000005
2025-10-12 14:00:00+02:00,0.0536
2025-10-12 14:15:00+02:00,0.05706
2025-10-12 14:30:00+02:00,0.06573999999999999
2025-10-12 14:45:00+02:00,0.0735
2025-10-12 15:00:00+02:00,0.07021
2025-10-12 15:15:00+02:00,0.07252
2025-10-12 15:30:00+02:00,0.08493
2025-10-12 15:45:00+02:00,0.09228
2025-10-12 16:00:00+02:00,0.07276
2025-10-12 16:15:00+02:00,0.08374
2025-10-12 16:30:00+02:00,0.09294
2025-10-12 16:45:00+02:00,0.10257
2025-10-12 17:00:00+02:00,0.08689
2025-10-12 17:15:00+02:00,0.10271
2025-10-12 17:30:00+02:00,0.11323
2025-10-12 17:45:00+02:00,0.11937
2025-10-12 18:00:00+02:00,0.09675
2025-10-12 18:15:00+02:00,0.10597
2025-10-12 18:30:00+02:00,0.11201
2025-10-12 18:45:00+02:00,0.12087
2025-10-12 19:00:00+02:00,0.11463
2025-10-12 19:15:00+02:00,0.11539
2025-10-12 19:30:00+02:00,0.12092
2025-10-12 19:45:00+02:00,0.11562
2025-10-12 20:00:00+02:00,0.11939
2025-10-12 20:15:00+02:00,0.11891
2025-10-12 20:30:00+02:00,0.11264
2025-10-12 20:45:00+02:00,0.11117
2025-10-12 21:00:00+02:00,0.11797
2025-10-12 21:15:00+02:00,0.11492000000000001
2025-10-12 21:30:00+02:00,0.10662999999999999
2025-10-12 21:45:00+02:00,0.10227
2025-10-12 22:00:00+02:00,0.11892
2025-10-12 22:15:00+02:00,0.11137999999999999
2025-10-12 22:30:00+02:00,0.10365
2025-10-12 22:45:00+02:00,0.09720999999999999
2025-10-12 23:00:00+02:00,0.10284
2025-10-12 23:15:00+02:00,0.09359
2025-10-12 23:30:00+02:00,0.09183
2025-10-12 23:45:00+02:00,0.08552
2025-10-13 00:00:00+02:00,0.10405
2025-10-13 00:15:00+02:00,0.09308
2025-10-13 00:30:00+02:00,0.09018999999999999
2025-10-13 00:45:00+02:00,0.08649
2025-10-13 01:00:00+02:00,0.09131
2025-10-13 01:15:00+02:00,0.08758
2025-10-13 01:30:00+02:00,0.09161
2025-10-13 01:45:00+02:00,0.09054000000000001
2025-10-13 02:00:00+02:00,0.09367
2025-10-13 02:15:00+02:00,0.09192
2025-10-13 02:30:00+02:00,0.08927
2025-10-13 02:45:00+02:00,0.08847
2025-10-13 03:00:00+02:00,0.08967
2025-10-13 03:15:00+02:00,0.089
2025-10-13 03:30:00+02:00,0.08771999999999999
2025-10-13 03:45:00+02:00,0.0901
2025-10-13 04:00:00+02:00,0.093
2025-10-13 04:15:00+02:00,0.08857
2025-10-13 04:30:00+02:00,0.09340000000000001
2025-10-13 04:45:00+02:00,0.09884
2025-10-13 05:00:00+02:00,0.08906
2025-10-13 05:15:00+02:00,0.09370999999999999
2025-10-13 05:30:00+02:00,0.09679
2025-10-13 05:45:00+02:00,0.11281999999999999
2025-10-13 06:00:00+02:00,0.08471
2025-10-13 06:15:00+02:00,0.11420999999999999
2025-10-13 06:30:00+02:00,0.14296
2025-10-13 06:45:00+02:00,0.18375999999999998
2025-10-13 07:00:00+02:00,0.14436000000000002
2025-10-13 07:15:00+02:00,0.2139
2025-10-13 07:30:00+02:00,0.25253
2025-10-13 07:45:00+02:00,0.26376
2025-10-13 08:00:00+02:00,0.25661
2025-10-13 08:15:00+02:00,0.22895
2025-10-13 08:30:00+02:00,0.17568
2025-10-13 08:45:00+02:00,0.13699
2025-10-13 09:00:00+02:00,0.20236
2025-10-13 09:15:00+02:00,0.15344
2025-10-13 09:30:00+02:00,0.13596
2025-10-13 09:45:00+02:00,0.10898000000000001
2025-10-13 10:00:00+02:00,0.14147
2025-10-13 10:15:00+02:00,0.13241
2025-10-13 10:30:00+02:00,0.11819
2025-10-13 10:45:00+02:00,0.10832
2025-10-13 11:00:00+02:00,0.12709
2025-10-13 11:15:00+02:00,0.11115
2025-10-13 11:30:00+02:00,0.10346999999999999
2025-10-13 11:45:00+02:00,0.09829
2025-10-13 12:00:00+02:00,0.10356
2025-10-13 12:15:00+02:00,0.09583
2025-10-13 12:30:00+02:00,0.09244
2025-10-13 12:45:00+02:00,0.08857
2025-10-13 13:00:00+02:00,0.09505
2025-10-13 13:15:00+02:00,0.0922
2025-10-13 13:30:00+02:00,0.08757
2025-10-13 13:45:00+02:00,0.08461
2025-10-13 14:00:00+02:00,0.08275
2025-10-13 14:15:00+02:00,0.08775
2025-10-13 14:30:00+02:00,0.09587000000000001
2025-10-13 14:45:00+02:00,0.10202
2025-10-13 15:00:00+02:00,0.0883
2025-10-13 15:15:00+02:00,0.09512999999999999
2025-10-13 15:30:00+02:00,0.10488
2025-10-13 15:45:00+02:00,0.11906
2025-10-13 16:00:00+02:00,0.0922
2025-10-13 16:15:00+02:00,0.10746
2025-10-13 16:30:00+02:00,0.12329000000000001
2025-10-13 16:45:00+02:00,0.14866
2025-10-13 17:00:00+02:00,0.10678
2025-10-13 17:15:00+02:00,0.13088999999999998
2025-10-13 17:30:00+02:00,0.19843
2025-10-13 17:45:00+02:00,0.2863
2025-10-13 18:00:00+02:00,0.19522
2025-10-13 18:15:00+02:00,0.26077999999999996
2025-10-13 18:30:00+02:00,0.36199000000000003
2025-10-13 18:45:00+02:00,0.40497000000000005
2025-10-13 19:00:00+02:00,0.39692
2025-10-13 19:15:00+02:00,0.34443
2025-10-13 19:30:00+02:00,0.27065
2025-10-13 19:45:00+02:00,0.21430000000000002
2025-10-13 20:00:00+02:00,0.27343
2025-10-13 20:15:00+02:00,0.20195
2025-10-13 20:30:00+02:00,0.14339
2025-10-13 20:45:00+02:00,0.12904
2025-10-13 21:00:00+02:00,0.1762
2025-10-13 21:15:00+02:00,0.13936
2025-10-13 21:30:00+02:00,0.11896
2025-10-13 21:45:00+02:00,0.11418
2025-10-13 22:00:00+02:00,0.13499
2025-10-13 22:15:00+02:00,0.12816999999999998
2025-10-13 22:30:00+02:00,0.1173
2025-10-13 22:45:00+02:00,0.10748999999999999
2025-10-13 23:00:00+02:00,0.12309
2025-10-13 23:15:00+02:00,0.10969
2025-10-13 23:30:00+02:00,0.10742
2025-10-13 23:45:00+02:00,0.10490000000000001
2025-10-14 00:00:00+02:00,0.11493
2025-10-14 00:15:00+02:00,0.11653
2025-10-14 00:30:00+02:00,0.10551
2025-10-14 00:45:00+02:00,0.09976
2025-10-14 01:00:00+02:00,0.10729999999999999
2025-10-14 01:15:00+02:00,0.10471
2025-10-14 01:30:00+02:00,0.10265
2025-10-14 01:45:00+02:00,0.0974
2025-10-14 02:00:00+02:00,0.10485
2025-10-14 02:15:00+02:00,0.10036
2025-10-14 02:30:00+02:00,0.09804
2025-10-14 02:45:00+02:00,0.09483
2025-10-14 03:00:00+02:00,0.10087
2025-10-14 03:15:00+02:00,0.09909
2025-10-14 03:30:00+02:00,0.09743
2025-10-14 03:45:00+02:00,0.09808
2025-10-14 04:00:00+02:00,0.09788
2025-10-14 04:15:00+02:00,0.0992
2025-10-14 04:30:00+02:00,0.09870999999999999
2025-10-14 04:45:00+02:00,0.1044
2025-10-14 05:00:00+02:00,0.09727
2025-10-14 05:15:00+02:00,0.10282
2025-10-14 05:30:00+02:00,0.10199
2025-10-14 05:45:00+02:00,0.10371
2025-10-14 06:00:00+02:00,0.09259
2025-10-14 06:15:00+02:00,0.12187
2025-10-14 06:30:00+02:00,0.14301
2025-10-14 06:45:00+02:00,0.1357
2025-10-14 07:00:00+02:00,0.13094
2025-10-14 07:15:00+02:00,0.14301
2025-10-14 07:30:00+02:00,0.17903
2025-10-14 07:45:00+02:00,0.18780000000000002
2025-10-14 08:00:00+02:00,0.23108
2025-10-14 08:15:00+02:00,0.224
2025-10-14 08:30:00+02:00,0.16721
2025-10-14 08:45:00+02:00,0.14099
2025-10-14 09:00:00+02:00,0.21571
2025-10-14 09:15:00+02:00,0.15383000000000002
2025-10-14 09:30:00+02:00,0.13411
2025-10-14 09:45:00+02:00,0.12212999999999999
2025-10-14 10:00:00+02:00,0.18081
2025-10-14 10:15:00+02:00,0.13293000000000002
2025-10-14 10:30:00+02:00,0.11651
2025-10-14 10:45:00+02:00,0.10865000000000001
2025-10-14 11:00:00+02:00,0.13503
2025-10-14 11:15:00+02:00,0.12093000000000001
2025-10-14 11:30:00+02:00,0.11602
2025-10-14 11:45:00+02:00,0.10740000000000001
2025-10-14 12:00:00+02:00,0.1129
2025-10-14 12:15:00+02:00,0.11169
2025-10-14 12:30:00+02:00,0.10737999999999999
2025-10-14 12:45:00+02:00,0.09862
2025-10-14 13:00:00+02:00,0.10484
2025-10-14 13:15:00+02:00,0.10249
2025-10-14 13:30:00+02:00,0.10349
2025-10-14 13:45:00+02:00,0.10117
2025-10-14 14:00:00+02:00,0.08618
2025-10-14 14:15:00+02:00,0.10081
2025-10-14 14:30:00+02:00,0.10864
2025-10-14 14:45:00+02:00,0.12543
2025-10-14 15:00:00+02:00,0.10187
2025-10-14 15:15:00+02:00,0.1129
2025-10-14 15:30:00+02:00,0.11814
2025-10-14 15:45:00+02:00,0.15619
2025-10-14 16:00:00+02:00,0.09104000000000001
2025-10-14 16:15:00+02:00,0.11609
2025-10-14 16:30:00+02:00,0.15494999999999998
2025-10-14 16:45:00+02:00,0.22432
2025-10-14 17:00:00+02:00,0.11394
2025-10-14 17:15:00+02:00,0.1451
2025-10-14 17:30:00+02:00,0.23896
2025-10-14 17:45:00+02:00,0.37877999999999995
2025-10-14 18:00:00+02:00,0.27481
2025-10-14 18:15:00+02:00,0.36184
2025-10-14 18:30:00+02:00,0.4748
2025-10-14 18:45:00+02:00,0.5083799999999999
2025-10-14 19:00:00+02:00,0.49394
2025-10-14 19:15:00+02:00,0.44863
2025-10-14 19:30:00+02:00,0.37998000000000004
2025-10-14 19:45:00+02:00,0.30627
2025-10-14 20:00:00+02:00,0.3322
2025-10-14 20:15:00+02:00,0.24283000000000002
2025-10-14 20:30:00+02:00,0.1817
2025-10-14 20:45:00+02:00,0.14518999999999999
2025-10-14 21:00:00+02:00,0.2142
2025-10-14 21:15:00+02:00,0.16507
2025-10-14 21:30:00+02:00,0.14690999999999999
2025-10-14 21:45:00+02:00,0.12598
2025-10-14 22:00:00+02:00,0.1469
2025-10-14 22:15:00+02:00,0.13257
2025-10-14 22:30:00+02:00,0.12309
2025-10-14 22:45:00+02:00,0.11687
2025-10-14 23:00:00+02:00,0.12395
2025-10-14 23:15:00+02:00,0.11801
2025-10-14 23:30:00+02:00,0.11062999999999999
2025-10-14 23:45:00+02:00,0.10884999999999999
2025-10-15 00:00:00+02:00,0.12026
2025-10-15 00:15:00+02:00,0.11609
2025-10-15 00:30:00+02:00,0.11353
2025-10-15 00:45:00+02:00,0.11197
2025-10-15 01:00:00+02:00,0.11716
2025-10-15 01:15:00+02:00,0.11245000000000001
2025-10-15 01:30:00+02:00,0.11016
2025-10-15 01:45:00+02:00,0.10769
2025-10-15 02:00:00+02:00,0.11015000000000001
2025-10-15 02:15:00+02:00,0.10837999999999999
2025-10-15 02:30:00+02:00,0.10629000000000001
2025-10-15 02:45:00+02:00,0.10590000000000001
2025-10-15 03:00:00+02:00,0.10598
2025-10-15 03:15:00+02:00,0.10493999999999999
2025-10-15 03:30:00+02:00,0.10143
2025-10-15 03:45:00+02:00,0.10212
2025-10-15 04:00:00+02:00,0.10206
2025-10-15 04:15:00+02:00,0.10476
2025-10-15 04:30:00+02:00,0.10721
2025-10-15 04:45:00+02:00,0.11189
2025-10-15 05:00:00+02:00,0.10884999999999999
2025-10-15 05:15:00+02:00,0.11273999999999999
2025-10-15 05:30:00+02:00,0.1166
2025-10-15 05:45:00+02:00,0.1194
2025-10-15 06:00:00+02:00,0.11712
2025-10-15 06:15:00+02:00,0.13133
2025-10-15 06:30:00+02:00,0.16435
2025-10-15 06:45:00+02:00,0.19504
2025-10-15 07:00:00+02:00,0.21175
2025-10-15 07:15:00+02:00,0.2701
2025-10-15 07:30:00+02:00,0.31958
2025-10-15 07:45:00+02:00,0.31353
2025-10-15 08:00:00+02:00,0.35461000000000004
2025-10-15 08:15:00+02:00,0.30477
2025-10-15 08:30:00+02:00,0.24713
2025-10-15 08:45:00+02:00,0.19828
2025-10-15 09:00:00+02:00,0.25211
2025-10-15 09:15:00+02:00,0.19766999999999998
2025-10-15 09:30:00+02:00,0.14343
2025-10-15 09:45:00+02:00,0.131
2025-10-15 10:00:00+02:00,0.18444
2025-10-15 10:15:00+02:00,0.14101
2025-10-15 10:30:00+02:00,0.13188
2025-10-15 10:45:00+02:00,0.11209999999999999
2025-10-15 11:00:00+02:00,0.14577
2025-10-15 11:15:00+02:00,0.13041999999999998
2025-10-15 11:30:00+02:00,0.11722
2025-10-15 11:45:00+02:00,0.11101000000000001
2025-10-15 12:00:00+02:00,0.12791
2025-10-15 12:15:00+02:00,0.12404000000000001
2025-10-15 12:30:00+02:00,0.11592
2025-10-15 12:45:00+02:00,0.10983
2025-10-15 13:00:00+02:00,0.11801
2025-10-15 13:15:00+02:00,0.11581999999999999
2025-10-15 13:30:00+02:00,0.111
2025-10-15 13:45:00+02:00,0.10668000000000001
2025-10-15 14:00:00+02:00,0.10751000000000001
2025-10-15 14:15:00+02:00,0.10968000000000001
2025-10-15 14:30:00+02:00,0.11698
2025-10-15 14:45:00+02:00,0.1274
2025-10-15 15:00:00+02:00,0.1037
2025-10-15 15:15:00+02:00,0.10764
2025-10-15 15:30:00+02:00,0.12493000000000001
2025-10-15 15:45:00+02:00,0.15430000000000002
2025-10-15 16:00:00+02:00,0.10151
2025-10-15 16:15:00+02:00,0.11871
2025-10-15 16:30:00+02:00,0.14798
2025-10-15 16:45:00+02:00,0.17457
2025-10-15 17:00:00+02:00,0.10502
2025-10-15 17:15:00+02:00,0.1303
2025-10-15 17:30:00+02:00,0.18317
2025-10-15 17:45:00+02:00,0.26150999999999996
2025-10-15 18:00:00+02:00,0.15675999999999998
2025-10-15 18:15:00+02:00,0.18962
2025-10-15 18:30:00+02:00,0.24684
2025-10-15 18:45:00+02:00,0.29429
2025-10-15 19:00:00+02:00,0.29357
2025-10-15 19:15:00+02:00,0.24291
2025-10-15 19:30:00+02:00,0.18293
2025-10-15 19:45:00+02:00,0.16059
2025-10-15 20:00:00+02:00,0.21350999999999998
2025-10-15 20:15:00+02:00,0.15800999999999998
2025-10-15 20:30:00+02:00,0.12495
2025-10-15 20:45:00+02:00,0.11491
2025-10-15 21:00:00+02:00,0.15328
2025-10-15 21:15:00+02:00,0.13141
2025-10-15 21:30:00+02:00,0.11817
2025-10-15 21:45:00+02:00,0.09451000000000001
2025-10-15 22:00:00+02:00,0.11472
2025-10-15 22:15:00+02:00,0.10131
2025-10-15 22:30:00+02:00,0.09534999999999999
2025-10-15 22:45:00+02:00,0.08145999999999999
2025-10-15 23:00:00+02:00,0.09539
2025-10-15 23:15:00+02:00,0.08717
2025-10-15 23:30:00+02:00,0.0871
2025-10-15 23:45:00+02:00,0.08302
2025-10-16 00:00:00+02:00,0.09022
2025-10-16 00:15:00+02:00,0.09162999999999999
2025-10-16 00:30:00+02:00,0.08893000000000001
2025-10-16 00:45:00+02:00,0.08188
2025-10-16 01:00:00+02:00,0.09067
2025-10-16 01:15:00+02:00,0.08714
2025-10-16 01:30:00+02:00,0.08509
2025-10-16 01:45:00+02:00,0.08033
2025-10-16 02:00:00+02:00,0.09040999999999999
2025-10-16 02:15:00+02:00,0.0887
2025-10-16 02:30:00+02:00,0.08791
2025-10-16 02:45:00+02:00,0.08498
2025-10-16 03:00:00+02:00,0.09001
2025-10-16 03:15:00+02:00,0.08868999999999999
2025-10-16 03:30:00+02:00,0.08868999999999999
2025-10-16 03:45:00+02:00,0.07923000000000001
2025-10-16 04:00:00+02:00,0.08613
2025-10-16 04:15:00+02:00,0.08805
2025-10-16 04:30:00+02:00,0.08849
2025-10-16 04:45:00+02:00,0.09067
2025-10-16 05:00:00+02:00,0.08023999999999999
2025-10-16 05:15:00+02:00,0.08125
2025-10-16 05:30:00+02:00,0.0851
2025-10-16 05:45:00+02:00,0.09359
2025-10-16 06:00:00+02:00,0.07919
2025-10-16 06:15:00+02:00,0.08999
2025-10-16 06:30:00+02:00,0.09827
2025-10-16 06:45:00+02:00,0.11732
2025-10-16 07:00:00+02:00,0.10188
2025-10-16 07:15:00+02:00,0.11605
2025-10-16 07:30:00+02:00,0.12106
2025-10-16 07:45:00+02:00,0.1255
2025-10-16 08:00:00+02:00,0.14839
2025-10-16 08:15:00+02:00,0.14612
2025-10-16 08:30:00+02:00,0.13274
2025-10-16 08:45:00+02:00,0.10382
2025-10-16 09:00:00+02:00,0.1475
2025-10-16 09:15:00+02:00,0.13271
2025-10-16 09:30:00+02:00,0.10638
2025-10-16 09:45:00+02:00,0.09312999999999999
2025-10-16 10:00:00+02:00,0.118
2025-10-16 10:15:00+02:00,0.09373000000000001
2025-10-16 10:30:00+02:00,0.08120999999999999
2025-10-16 10:45:00+02:00,0.07601000000000001
2025-10-16 11:00:00+02:00,0.10238
2025-10-16 11:15:00+02:00,0.08671
2025-10-16 11:30:00+02:00,0.08548
2025-10-16 11:45:00+02:00,0.07866
2025-10-16 12:00:00+02:00,0.08901
2025-10-16 12:15:00+02:00,0.08276
2025-10-16 12:30:00+02:00,0.08344
2025-10-16 12:45:00+02:00,0.07840000000000001
2025-10-16 13:00:00+02:00,0.08428000000000001
2025-10-16 13:15:00+02:00,0.08254
2025-10-16 13:30:00+02:00,0.08068
2025-10-16 13:45:00+02:00,0.07840000000000001
2025-10-16 14:00:00+02:00,0.07696
2025-10-16 14:15:00+02:00,0.07925
2025-10-16 14:30:00+02:00,0.08156000000000001
2025-10-16 14:45:00+02:00,0.09415000000000001
2025-10-16 15:00:00+02:00,0.0721
2025-10-16 15:15:00+02:00,0.08242000000000001
2025-10-16 15:30:00+02:00,0.08509
2025-10-16 15:45:00+02:00,0.0925
2025-10-16 16:00:00+02:00,0.06812
2025-10-16 16:15:00+02:00,0.07948000000000001
2025-10-16 16:30:00+02:00,0.09240999999999999
2025-10-16 16:45:00+02:00,0.1161
2025-10-16 17:00:00+02:00,0.07840000000000001
2025-10-16 17:15:00+02:00,0.11606
2025-10-16 17:30:00+02:00,0.13251
2025-10-16 17:45:00+02:00,0.15669
2025-10-16 18:00:00+02:00,0.10959999999999999
2025-10-16 18:15:00+02:00,0.12869999999999998
2025-10-16 18:30:00+02:00,0.13591
2025-10-16 18:45:00+02:00,0.14579
2025-10-16 19:00:00+02:00,0.13723
2025-10-16 19:15:00+02:00,0.14429
2025-10-16 19:30:00+02:00,0.14465
2025-10-16 19:45:00+02:00,0.13619
2025-10-16 20:00:00+02:00,0.14504
2025-10-16 20:15:00+02:00,0.12337999999999999
2025-10-16 20:30:00+02:00,0.128
2025-10-16 20:45:00+02:00,0.10596
2025-10-16 21:00:00+02:00,0.12453
2025-10-16 21:15:00+02:00,0.10618000000000001
2025-10-16 21:30:00+02:00,0.09047
2025-10-16 21:45:00+02:00,0.08775
2025-10-16 22:00:00+02:00,0.0965
2025-10-16 22:15:00+02:00,0.10023
2025-10-16 22:30:00+02:00,0.10599
2025-10-16 22:45:00+02:00,0.09670000000000001
2025-10-16 23:00:00+02:00,0.10087
2025-10-16 23:15:00+02:00,0.09547
2025-10-16 23:30:00+02:00,0.0932
2025-10-16 23:45:00+02:00,0.08391
2025-10-17 00:00:00+02:00,0.09140000000000001
2025-10-17 00:15:00+02:00,0.08811
2025-10-17 00:30:00+02:00,0.08724
2025-10-17 00:45:00+02:00,0.08584
2025-10-17 01:00:00+02:00,0.08707
2025-10-17 01:15:00+02:00,0.08752
2025-10-17 01:30:00+02:00,0.08838
2025-10-17 01:45:00+02:00,0.09028
2025-10-17 02:00:00+02:00,0.09140000000000001
2025-10-17 02:15:00+02:00,0.0882
2025-10-17 02:30:00+02:00,0.0884
2025-10-17 02:45:00+02:00,0.08823
2025-10-17 03:00:00+02:00,0.08971
2025-10-17 03:15:00+02:00,0.08782999999999999
2025-10-17 03:30:00+02:00,0.08876
2025-10-17 03:45:00+02:00,0.08753
2025-10-17 04:00:00+02:00,0.08727
2025-10-17 04:15:00+02:00,0.08746
2025-10-17 04:30:00+02:00,0.09140000000000001
2025-10-17 04:45:00+02:00,0.09622
2025-10-17 05:00:00+02:00,0.08999
2025-10-17 05:15:00+02:00,0.09013
2025-10-17 05:30:00+02:00,0.09827
2025-10-17 05:45:00+02:00,0.09965
2025-10-17 06:00:00+02:00,0.08577
2025-10-17 06:15:00+02:00,0.09593
2025-10-17 06:30:00+02:00,0.1193
2025-10-17 06:45:00+02:00,0.13063999999999998
2025-10-17 07:00:00+02:00,0.11957
2025-10-17 07:15:00+02:00,0.11778
2025-10-17 07:30:00+02:00,0.13301
2025-10-17 07:45:00+02:00,0.14758000000000002
2025-10-17 08:00:00+02:00,0.15882
2025-10-17 08:15:00+02:00,0.15999000000000002
2025-10-17 08:30:00+02:00,0.14081
2025-10-17 08:45:00+02:00,0.11972
2025-10-17 09:00:00+02:00,0.16102
2025-10-17 09:15:00+02:00,0.133
2025-10-17 09:30:00+02:00,0.12
2025-10-17 09:45:00+02:00,0.10206
2025-10-17 10:00:00+02:00,0.12909
2025-10-17 10:15:00+02:00,0.12362000000000001
2025-10-17 10:30:00+02:00,0.11261
2025-10-17 10:45:00+02:00,0.1034
2025-10-17 11:00:00+02:00,0.115
2025-10-17 11:15:00+02:00,0.10356
2025-10-17 11:30:00+02:00,0.09185
2025-10-17 11:45:00+02:00,0.08574
2025-10-17 12:00:00+02:00,0.09383
2025-10-17 12:15:00+02:00,0.08792
2025-10-17 12:30:00+02:00,0.08674
2025-10-17 12:45:00+02:00,0.08406999999999999
2025-10-17 13:00:00+02:00,0.0884
2025-10-17 13:15:00+02:00,0.08741
2025-10-17 13:30:00+02:00,0.0874
2025-10-17 13:45:00+02:00,0.08366
2025-10-17 14:00:00+02:00,0.08273
2025-10-17 14:15:00+02:00,0.08709
2025-10-17 14:30:00+02:00,0.08968000000000001
2025-10-17 14:45:00+02:00,0.09172
2025-10-17 15:00:00+02:00,0.0839
2025-10-17 15:15:00+02:00,0.0874
2025-10-17 15:30:00+02:00,0.0911
2025-10-17 15:45:00+02:00,0.09217
2025-10-17 16:00:00+02:00,0.08405
2025-10-17 16:15:00+02:00,0.08732
2025-10-17 16:30:00+02:00,0.09376000000000001
2025-10-17 16:45:00+02:00,0.11487
2025-10-17 17:00:00+02:00,0.08825
2025-10-17 17:15:00+02:00,0.10823
2025-10-17 17:30:00+02:00,0.12214
2025-10-17 17:45:00+02:00,0.15005000000000002
2025-10-17 18:00:00+02:00,0.1264
2025-10-17 18:15:00+02:00,0.12932
2025-10-17 18:30:00+02:00,0.12533
2025-10-17 18:45:00+02:00,0.13619
2025-10-17 19:00:00+02:00,0.12786
2025-10-17 19:15:00+02:00,0.12954
2025-10-17 19:30:00+02:00,0.13645
2025-10-17 19:45:00+02:00,0.12891
2025-10-17 20:00:00+02:00,0.13143000000000002
2025-10-17 20:15:00+02:00,0.11115
2025-10-17 20:30:00+02:00,0.11944
2025-10-17 20:45:00+02:00,0.10593000000000001
2025-10-17 21:00:00+02:00,0.1147
2025-10-17 21:15:00+02:00,0.10144
2025-10-17 21:30:00+02:00,0.10145
2025-10-17 21:45:00+02:00,0.09863
2025-10-17 22:00:00+02:00,0.10812000000000001
2025-10-17 22:15:00+02:00,0.10281
2025-10-17 22:30:00+02:00,0.10198
2025-10-17 22:45:00+02:00,0.09581999999999999
2025-10-17 23:00:00+02:00,0.10545
2025-10-17 23:15:00+02:00,0.0953
2025-10-17 23:30:00+02:00,0.08785
2025-10-17 23:45:00+02:00,0.08139
2025-10-18 00:00:00+02:00,0.09361
2025-10-18 00:15:00+02:00,0.10362
2025-10-18 00:30:00+02:00,0.09340000000000001
2025-10-18 00:45:00+02:00,0.08782999999999999
2025-10-18 01:00:00+02:00,0.09634999999999999
2025-10-18 01:15:00+02:00,0.08971
2025-10-18 01:30:00+02:00,0.08682
2025-10-18 01:45:00+02:00,0.08656
2025-10-18 02:00:00+02:00,0.09720000000000001
2025-10-18 02:15:00+02:00,0.08979999999999999
2025-10-18 02:30:00+02:00,0.08687
2025-10-18 02:45:00+02:00,0.08538
2025-10-18 03:00:00+02:00,0.08651
2025-10-18 03:15:00+02:00,0.08683
2025-10-18 03:30:00+02:00,0.08962
2025-10-18 03:45:00+02:00,0.09038
2025-10-18 04:00:00+02:00,0.08541
2025-10-18 04:15:00+02:00,0.08607
2025-10-18 04:30:00+02:00,0.08929000000000001
2025-10-18 04:45:00+02:00,0.09262999999999999
2025-10-18 05:00:00+02:00,0.08236
2025-10-18 05:15:00+02:00,0.08506
2025-10-18 05:30:00+02:00,0.09340999999999999
2025-10-18 05:45:00+02:00,0.09243000000000001
2025-10-18 06:00:00+02:00,0.08022
2025-10-18 06:15:00+02:00,0.0854
2025-10-18 06:30:00+02:00,0.09570000000000001
2025-10-18 06:45:00+02:00,0.1065
2025-10-18 07:00:00+02:00,0.09319
2025-10-18 07:15:00+02:00,0.10873999999999999
2025-10-18 07:30:00+02:00,0.11587
2025-10-18 07:45:00+02:00,0.12009
2025-10-18 08:00:00+02:00,0.12118999999999999
2025-10-18 08:15:00+02:00,0.11752
2025-10-18 08:30:00+02:00,0.1165
2025-10-18 08:45:00+02:00,0.10296999999999999
2025-10-18 09:00:00+02:00,0.12498999999999999
2025-10-18 09:15:00+02:00,0.11567
2025-10-18 09:30:00+02:00,0.09287000000000001
2025-10-18 09:45:00+02:00,0.07544
2025-10-18 10:00:00+02:00,0.11491
2025-10-18 10:15:00+02:00,0.09169
2025-10-18 10:30:00+02:00,0.08288
2025-10-18 10:45:00+02:00,0.07639
2025-10-18 11:00:00+02:00,0.08799
2025-10-18 11:15:00+02:00,0.08261
2025-10-18 11:30:00+02:00,0.07979
2025-10-18 11:45:00+02:00,0.07276
2025-10-18 12:00:00+02:00,0.07844
2025-10-18 12:15:00+02:00,0.07585
2025-10-18 12:30:00+02:00,0.07378
2025-10-18 12:45:00+02:00,0.06769
2025-10-18 13:00:00+02:00,0.06867
2025-10-18 13:15:00+02:00,0.06559999999999999
2025-10-18 13:30:00+02:00,0.06753
2025-10-18 13:45:00+02:00,0.06833
2025-10-18 14:00:00+02:00,0.06441
2025-10-18 14:15:00+02:00,0.0704
2025-10-18 14:30:00+02:00,0.07514
2025-10-18 14:45:00+02:00,0.07923999999999999
2025-10-18 15:00:00+02:00,0.07122
2025-10-18 15:15:00+02:00,0.07841
2025-10-18 15:30:00+02:00,0.08627
2025-10-18 15:45:00+02:00,0.09809999999999999
2025-10-18 16:00:00+02:00,0.0669
2025-10-18 16:15:00+02:00,0.08465
2025-10-18 16:30:00+02:00,0.10615000000000001
2025-10-18 16:45:00+02:00,0.1285
2025-10-18 17:00:00+02:00,0.08728
2025-10-18 17:15:00+02:00,0.11094
2025-10-18 17:30:00+02:00,0.12223
2025-10-18 17:45:00+02:00,0.16211
2025-10-18 18:00:00+02:00,0.12618000000000001
2025-10-18 18:15:00+02:00,0.13202
2025-10-18 18:30:00+02:00,0.13852
2025-10-18 18:45:00+02:00,0.13622
2025-10-18 19:00:00+02:00,0.13838999999999999
2025-10-18 19:15:00+02:00,0.12722
2025-10-18 19:30:00+02:00,0.11806
2025-10-18 19:45:00+02:00,0.11562
2025-10-18 20:00:00+02:00,0.133
2025-10-18 20:15:00+02:00,0.11538
2025-10-18 20:30:00+02:00,0.10598
2025-10-18 20:45:00+02:00,0.09762
2025-10-18 21:00:00+02:00,0.09916
2025-10-18 21:15:00+02:00,0.09702
2025-10-18 21:30:00+02:00,0.08914
2025-10-18 21:45:00+02:00,0.08489000000000001
2025-10-18 22:00:00+02:00,0.10416
2025-10-18 22:15:00+02:00,0.09586
2025-10-18 22:30:00+02:00,0.09688
2025-10-18 22:45:00+02:00,0.08541
2025-10-18 23:00:00+02:00,0.10587
2025-10-18 23:15:00+02:00,0.09634999999999999
2025-10-18 23:30:00+02:00,0.08931
2025-10-18 23:45:00+02:00,0.08589
2025-10-19 00:00:00+02:00,0.10321999999999999
2025-10-19 00:15:00+02:00,0.092
2025-10-19 00:30:00+02:00,0.08758
2025-10-19 00:45:00+02:00,0.08657
2025-10-19 01:00:00+02:00,0.09565
2025-10-19 01:15:00+02:00,0.08943000000000001
2025-10-19 01:30:00+02:00,0.08492
2025-10-19 01:45:00+02:00,0.08034000000000001
2025-10-19 02:00:00+02:00,0.08643
2025-10-19 02:15:00+02:00,0.0815
2025-10-19 02:30:00+02:00,0.08172
2025-10-19 02:45:00+02:00,0.07952
2025-10-19 03:00:00+02:00,0.08306999999999999
2025-10-19 03:15:00+02:00,0.08058
2025-10-19 03:30:00+02:00,0.08152
2025-10-19 03:45:00+02:00,0.08339
2025-10-19 04:00:00+02:00,0.08359
2025-10-19 04:15:00+02:00,0.08234999999999999
2025-10-19 04:30:00+02:00,0.08409
2025-10-19 04:45:00+02:00,0.08281999999999999
2025-10-19 05:00:00+02:00,0.08237
2025-10-19 05:15:00+02:00,0.08129
2025-10-19 05:30:00+02:00,0.08562
2025-10-19 05:45:00+02:00,0.08471
2025-10-19 06:00:00+02:00,0.0825
2025-10-19 06:15:00+02:00,0.08234
2025-10-19 06:30:00+02:00,0.08514000000000001
2025-10-19 06:45:00+02:00,0.09101999999999999
2025-10-19 07:00:00+02:00,0.08555
2025-10-19 07:15:00+02:00,0.08777
2025-10-19 07:30:00+02:00,0.08349
2025-10-19 07:45:00+02:00,0.08421
2025-10-19 08:00:00+02:00,0.09873
2025-10-19 08:15:00+02:00,0.09556
2025-10-19 08:30:00+02:00,0.08187
2025-10-19 08:45:00+02:00,0.07246999999999999
2025-10-19 09:00:00+02:00,0.09686
2025-10-19 09:15:00+02:00,0.08281999999999999
2025-10-19 09:30:00+02:00,0.07443000000000001
2025-10-19 09:45:00+02:00,0.05962
2025-10-19 10:00:00+02:00,0.08151
2025-10-19 10:15:00+02:00,0.06996
2025-10-19 10:30:00+02:00,0.06772
2025-10-19 10:45:00+02:00,0.059359999999999996
2025-10-19 11:00:00+02:00,0.07404999999999999
2025-10-19 11:15:00+02:00,0.06620000000000001
2025-10-19 11:30:00+02:00,0.06003
2025-10-19 11:45:00+02:00,0.040920000000000005
2025-10-19 12:00:00+02:00,0.05436
2025-10-19 12:15:00+02:00,0.040049999999999995
2025-10-19 12:30:00+02:00,0.028
2025-10-19 12:45:00+02:00,0.01586
2025-10-19 13:00:00+02:00,0.024079999999999997
2025-10-19 13:15:00+02:00,0.02125
2025-10-19 13:30:00+02:00,0.019780000000000002
2025-10-19 13:45:00+02:00,0.01607
2025-10-19 14:00:00+02:00,0.01168
2025-10-19 14:15:00+02:00,0.022670000000000003
2025-10-19 14:30:00+02:00,0.04471
2025-10-19 14:45:00+02:00,0.06581000000000001
2025-10-19 15:00:00+02:00,0.040060000000000005
2025-10-19 15:15:00+02:00,0.06889
2025-10-19 15:30:00+02:00,0.0731
2025-10-19 15:45:00+02:00,0.08504
2025-10-19 16:00:00+02:00,0.05906
2025-10-19 16:15:00+02:00,0.07939
2025-10-19 16:30:00+02:00,0.10059
2025-10-19 16:45:00+02:00,0.12068000000000001
2025-10-19 17:00:00+02:00,0.08607
2025-10-19 17:15:00+02:00,0.10001
2025-10-19 17:30:00+02:00,0.11361
2025-10-19 17:45:00+02:00,0.12459999999999999
2025-10-19 18:00:00+02:00,0.12104999999999999
2025-10-19 18:15:00+02:00,0.11814
2025-10-19 18:30:00+02:00,0.09956999999999999
2025-10-19 18:45:00+02:00,0.09198999999999999
2025-10-19 19:00:00+02:00,0.10207
2025-10-19 19:15:00+02:00,0.08749
2025-10-19 19:30:00+02:00,0.083
2025-10-19 19:45:00+02:00,0.06992
2025-10-19 20:00:00+02:00,0.08708
2025-10-19 20:15:00+02:00,0.07206
2025-10-19 20:30:00+02:00,0.07399
2025-10-19 20:45:00+02:00,0.06888
2025-10-19 21:00:00+02:00,0.08681
2025-10-19 21:15:00+02:00,0.07166
2025-10-19 21:30:00+02:00,0.06948
2025-10-19 21:45:00+02:00,0.06465
2025-10-19 22:00:00+02:00,0.095
2025-10-19 22:15:00+02:00,0.07795999999999999
2025-10-19 22:30:00+02:00,0.06875
2025-10-19 22:45:00+02:00,0.05726
2025-10-19 23:00:00+02:00,0.07143000000000001
2025-10-19 23:15:00+02:00,0.05878
2025-10-19 23:30:00+02:00,0.05953
2025-10-19 23:45:00+02:00,0.05368
2025-10-20 00:00:00+02:00,0.08295
2025-10-20 00:15:00+02:00,0.06903000000000001
2025-10-20 00:30:00+02:00,0.07004
2025-10-20 00:45:00+02:00,0.05813
2025-10-20 01:00:00+02:00,0.0703
2025-10-20 01:15:00+02:00,0.06648
2025-10-20 01:30:00+02:00,0.060520000000000004
2025-10-20 01:45:00+02:00,0.0586
2025-10-20 02:00:00+02:00,0.06631000000000001
2025-10-20 02:15:00+02:00,0.06007
2025-10-20 02:30:00+02:00,0.05989
2025-10-20 02:45:00+02:00,0.05765
2025-10-20 03:00:00+02:00,0.061869999999999994
2025-10-20 03:15:00+02:00,0.05937
2025-10-20 03:30:00+02:00,0.05865
2025-10-20 03:45:00+02:00,0.06012
2025-10-20 04:00:00+02:00,0.05586
2025-10-20 04:15:00+02:00,0.05861
2025-10-20 04:30:00+02:00,0.05902
2025-10-20 04:45:00+02:00,0.06892
2025-10-20 05:00:00+02:00,0.05719
2025-10-20 05:15:00+02:00,0.07529000000000001
2025-10-20 05:30:00+02:00,0.08053
2025-10-20 05:45:00+02:00,0.08623
2025-10-20 06:00:00+02:00,0.05514
2025-10-20 06:15:00+02:00,0.08643
2025-10-20 06:30:00+02:00,0.08868000000000001
2025-10-20 06:45:00+02:00,0.07476000000000001
2025-10-20 07:00:00+02:00,0.07995999999999999
2025-10-20 07:15:00+02:00,0.08534
2025-10-20 07:30:00+02:00,0.09469
2025-10-20 07:45:00+02:00,0.10748
2025-10-20 08:00:00+02:00,0.15053
2025-10-20 08:15:00+02:00,0.13882
2025-10-20 08:30:00+02:00,0.11581999999999999
2025-10-20 08:45:00+02:00,0.09522
2025-10-20 09:00:00+02:00,0.11797
2025-10-20 09:15:00+02:00,0.10176
2025-10-20 09:30:00+02:00,0.07804000000000001
2025-10-20 09:45:00+02:00,0.07097
2025-10-20 10:00:00+02:00,0.0864
2025-10-20 10:15:00+02:00,0.07734999999999999
2025-10-20 10:30:00+02:00,0.06647
2025-10-20 10:45:00+02:00,0.062380000000000005
2025-10-20 11:00:00+02:00,0.07719
2025-10-20 11:15:00+02:00,0.07031
2025-10-20 11:30:00+02:00,0.06992
2025-10-20 11:45:00+02:00,0.06232
2025-10-20 12:00:00+02:00,0.06263
2025-10-20 12:15:00+02:00,0.060090000000000005
2025-10-20 12:30:00+02:00,0.05795
2025-10-20 12:45:00+02:00,0.06048
2025-10-20 13:00:00+02:00,0.06018
2025-10-20 13:15:00+02:00,0.06191
2025-10-20 13:30:00+02:00,0.06866
2025-10-20 13:45:00+02:00,0.07034
2025-10-20 14:00:00+02:00,0.06570999999999999
2025-10-20 14:15:00+02:00,0.07204
2025-10-20 14:30:00+02:00,0.07568000000000001
2025-10-20 14:45:00+02:00,0.09090999999999999
2025-10-20 15:00:00+02:00,0.07476999999999999
2025-10-20 15:15:00+02:00,0.08539
2025-10-20 15:30:00+02:00,0.10698
2025-10-20 15:45:00+02:00,0.12142
2025-10-20 16:00:00+02:00,0.08663
2025-10-20 16:15:00+02:00,0.10501
2025-10-20 16:30:00+02:00,0.13011
2025-10-20 16:45:00+02:00,0.15628999999999998
2025-10-20 17:00:00+02:00,0.10895
2025-10-20 17:15:00+02:00,0.13019
2025-10-20 17:30:00+02:00,0.13829
2025-10-20 17:45:00+02:00,0.14706
2025-10-20 18:00:00+02:00,0.13004
2025-10-20 18:15:00+02:00,0.13047999999999998
2025-10-20 18:30:00+02:00,0.12838999999999998
2025-10-20 18:45:00+02:00,0.11145000000000001
2025-10-20 19:00:00+02:00,0.127
2025-10-20 19:15:00+02:00,0.10596
2025-10-20 19:30:00+02:00,0.09484000000000001
2025-10-20 19:45:00+02:00,0.0842
2025-10-20 20:00:00+02:00,0.10509
2025-10-20 20:15:00+02:00,0.08051
2025-10-20 20:30:00+02:00,0.07223
2025-10-20 20:45:00+02:00,0.07133
2025-10-20 21:00:00+02:00,0.08628
2025-10-20 21:15:00+02:00,0.09506999999999999
2025-10-20 21:30:00+02:00,0.06931999999999999
2025-10-20 21:45:00+02:00,0.054340000000000006
2025-10-20 22:00:00+02:00,0.08637
2025-10-20 22:15:00+02:00,0.07268000000000001
2025-10-20 22:30:00+02:00,0.06262
2025-10-20 22:45:00+02:00,0.051840000000000004
2025-10-20 23:00:00+02:00,0.05335
2025-10-20 23:15:00+02:00,0.05681
2025-10-20 23:30:00+02:00,0.054200000000000005
2025-10-20 23:45:00+02:00,0.03964
2025-10-21 00:00:00+02:00,0.0809
2025-10-21 00:15:00+02:00,0.06570000000000001
2025-10-21 00:30:00+02:00,0.053649999999999996
2025-10-21 00:45:00+02:00,0.04567
2025-10-21 01:00:00+02:00,0.05553
2025-10-21 01:15:00+02:00,0.04985
2025-10-21 01:30:00+02:00,0.042570000000000004
2025-10-21 01:45:00+02:00,0.027379999999999998
2025-10-21 02:00:00+02:00,0.0465
2025-10-21 02:15:00+02:00,0.03476
2025-10-21 02:30:00+02:00,0.03105
2025-10-21 02:45:00+02:00,0.01998
2025-10-21 03:00:00+02:00,0.03218
2025-10-21 03:15:00+02:00,0.0224
2025-10-21 03:30:00+02:00,0.0175
2025-10-21 03:45:00+02:00,0.01703
2025-10-21 04:00:00+02:00,0.02027
2025-10-21 04:15:00+02:00,0.02096
2025-10-21 04:30:00+02:00,0.03062
2025-10-21 04:45:00+02:00,0.0318
2025-10-21 05:00:00+02:00,0.02605
2025-10-21 05:15:00+02:00,0.04622
2025-10-21 05:30:00+02:00,0.05287
2025-10-21 05:45:00+02:00,0.06470000000000001
2025-10-21 06:00:00+02:00,0.03986
2025-10-21 06:15:00+02:00,0.07751000000000001
2025-10-21 06:30:00+02:00,0.09101000000000001
2025-10-21 06:45:00+02:00,0.092
2025-10-21 07:00:00+02:00,0.07028
2025-10-21 07:15:00+02:00,0.095
2025-10-21 07:30:00+02:00,0.10004
2025-10-21 07:45:00+02:00,0.08717
2025-10-21 08:00:00+02:00,0.08907
2025-10-21 08:15:00+02:00,0.09140000000000001
2025-10-21 08:30:00+02:00,0.09484999999999999
2025-10-21 08:45:00+02:00,0.09101000000000001
2025-10-21 09:00:00+02:00,0.10103
2025-10-21 09:15:00+02:00,0.08622
2025-10-21 09:30:00+02:00,0.08220999999999999
2025-10-21 09:45:00+02:00,0.06941
2025-10-21 10:00:00+02:00,0.092
2025-10-21 10:15:00+02:00,0.08406
2025-10-21 10:30:00+02:00,0.06634999999999999
2025-10-21 10:45:00+02:00,0.05467
2025-10-21 11:00:00+02:00,0.085
2025-10-21 11:15:00+02:00,0.07291
2025-10-21 11:30:00+02:00,0.0584
2025-10-21 11:45:00+02:00,0.04414
2025-10-21 12:00:00+02:00,0.05765
2025-10-21 12:15:00+02:00,0.05232
2025-10-21 12:30:00+02:00,0.04983
2025-10-21 12:45:00+02:00,0.030019999999999998
2025-10-21 13:00:00+02:00,0.044219999999999995
2025-10-21 13:15:00+02:00,0.03631
2025-10-21 13:30:00+02:00,0.02521
2025-10-21 13:45:00+02:00,0.02059
2025-10-21 14:00:00+02:00,0.016489999999999998
2025-10-21 14:15:00+02:00,0.02818
2025-10-21 14:30:00+02:00,0.03548
2025-10-21 14:45:00+02:00,0.052090000000000004
2025-10-21 15:00:00+02:00,0.02339
2025-10-21 15:15:00+02:00,0.047689999999999996
2025-10-21 15:30:00+02:00,0.07883
2025-10-21 15:45:00+02:00,0.09101000000000001
2025-10-21 16:00:00+02:00,0.03544
2025-10-21 16:15:00+02:00,0.05342
2025-10-21 16:30:00+02:00,0.08569
2025-10-21 16:45:00+02:00,0.09826
2025-10-21 17:00:00+02:00,0.05197
2025-10-21 17:15:00+02:00,0.09022
2025-10-21 17:30:00+02:00,0.12026
2025-10-21 17:45:00+02:00,0.13755
2025-10-21 18:00:00+02:00,0.08710999999999999
2025-10-21 18:15:00+02:00,0.11275
2025-10-21 18:30:00+02:00,0.14412
2025-10-21 18:45:00+02:00,0.14322
2025-10-21 19:00:00+02:00,0.12229999999999999
2025-10-21 19:15:00+02:00,0.12835
2025-10-21 19:30:00+02:00,0.11131999999999999
2025-10-21 19:45:00+02:00,0.09956999999999999
2025-10-21 20:00:00+02:00,0.11437
2025-10-21 20:15:00+02:00,0.10175
2025-10-21 20:30:00+02:00,0.095
2025-10-21 20:45:00+02:00,0.08757
2025-10-21 21:00:00+02:00,0.08873
2025-10-21 21:15:00+02:00,0.07944
2025-10-21 21:30:00+02:00,0.08579
2025-10-21 21:45:00+02:00,0.07026
2025-10-21 22:00:00+02:00,0.09279000000000001
2025-10-21 22:15:00+02:00,0.08238
2025-10-21 22:30:00+02:00,0.07959000000000001
2025-10-21 22:45:00+02:00,0.07196
2025-10-21 23:00:00+02:00,0.08378000000000001
2025-10-21 23:15:00+02:00,0.07690000000000001
2025-10-21 23:30:00+02:00,0.07395
2025-10-21 23:45:00+02:00,0.06269
2025-10-22 00:00:00+02:00,0.09209
2025-10-22 00:15:00+02:00,0.09164
2025-10-22 00:30:00+02:00,0.08494
2025-10-22 00:45:00+02:00,0.08268
2025-10-22 01:00:00+02:00,0.08887
2025-10-22 01:15:00+02:00,0.08838
2025-10-22 01:30:00+02:00,0.0881
2025-10-22 01:45:00+02:00,0.08462
2025-10-22 02:00:00+02:00,0.08363
2025-10-22 02:15:00+02:00,0.08362
2025-10-22 02:30:00+02:00,0.08663
2025-10-22 02:45:00+02:00,0.08774
2025-10-22 03:00:00+02:00,0.08928
2025-10-22 03:15:00+02:00,0.09026
2025-10-22 03:30:00+02:00,0.09056
2025-10-22 03:45:00+02:00,0.08729
2025-10-22 04:00:00+02:00,0.08531
2025-10-22 04:15:00+02:00,0.08773
2025-10-22 04:30:00+02:00,0.09215000000000001
2025-10-22 04:45:00+02:00,0.09282
2025-10-22 05:00:00+02:00,0.08123999999999999
2025-10-22 05:15:00+02:00,0.0868
2025-10-22 05:30:00+02:00,0.09534000000000001
2025-10-22 05:45:00+02:00,0.09731999999999999
2025-10-22 06:00:00+02:00,0.09165000000000001
2025-10-22 06:15:00+02:00,0.09625
2025-10-22 06:30:00+02:00,0.09662000000000001
2025-10-22 06:45:00+02:00,0.11305
2025-10-22 07:00:00+02:00,0.09701
2025-10-22 07:15:00+02:00,0.10006999999999999
2025-10-22 07:30:00+02:00,0.09856000000000001
2025-10-22 07:45:00+02:00,0.10509
2025-10-22 08:00:00+02:00,0.09419
2025-10-22 08:15:00+02:00,0.123
2025-10-22 08:30:00+02:00,0.12813
2025-10-22 08:45:00+02:00,0.10970999999999999
2025-10-22 09:00:00+02:00,0.148
2025-10-22 09:15:00+02:00,0.13853000000000001
2025-10-22 09:30:00+02:00,0.11564
2025-10-22 09:45:00+02:00,0.1007
2025-10-22 10:00:00+02:00,0.13054
2025-10-22 10:15:00+02:00,0.10599
2025-10-22 10:30:00+02:00,0.09656999999999999
2025-10-22 10:45:00+02:00,0.08981
2025-10-22 11:00:00+02:00,0.0984
2025-10-22 11:15:00+02:00,0.09487999999999999
2025-10-22 11:30:00+02:00,0.08962
2025-10-22 11:45:00+02:00,0.08195999999999999
2025-10-22 12:00:00+02:00,0.09443
2025-10-22 12:15:00+02:00,0.08383
2025-10-22 12:30:00+02:00,0.08454
2025-10-22 12:45:00+02:00,0.0856
2025-10-22 13:00:00+02:00,0.09273
2025-10-22 13:15:00+02:00,0.0878
2025-10-22 13:30:00+02:00,0.08376
2025-10-22 13:45:00+02:00,0.07970999999999999
2025-10-22 14:00:00+02:00,0.08078
2025-10-22 14:15:00+02:00,0.09217
2025-10-22 14:30:00+02:00,0.09587000000000001
2025-10-22 14:45:00+02:00,0.10502
2025-10-22 15:00:00+02:00,0.0834
2025-10-22 15:15:00+02:00,0.09877
2025-10-22 15:30:00+02:00,0.123
2025-10-22 15:45:00+02:00,0.13745
2025-10-22 16:00:00+02:00,0.08016
2025-10-22 16:15:00+02:00,0.10809
2025-10-22 16:30:00+02:00,0.14423
2025-10-22 16:45:00+02:00,0.20752
2025-10-22 17:00:00+02:00,0.13271
2025-10-22 17:15:00+02:00,0.16182
2025-10-22 17:30:00+02:00,0.22003
2025-10-22 17:45:00+02:00,0.27764999999999995
2025-10-22 18:00:00+02:00,0.22188
2025-10-22 18:15:00+02:00,0.27009
2025-10-22 18:30:00+02:00,0.3407
2025-10-22 18:45:00+02:00,0.35326
2025-10-22 19:00:00+02:00,0.33032
2025-10-22 19:15:00+02:00,0.30501999999999996
2025-10-22 19:30:00+02:00,0.25833999999999996
2025-10-22 19:45:00+02:00,0.22536
2025-10-22 20:00:00+02:00,0.2592
2025-10-22 20:15:00+02:00,0.19485
2025-10-22 20:30:00+02:00,0.15056999999999998
2025-10-22 20:45:00+02:00,0.13662
2025-10-22 21:00:00+02:00,0.17597
2025-10-22 21:15:00+02:00,0.13936
2025-10-22 21:30:00+02:00,0.11785999999999999
2025-10-22 21:45:00+02:00,0.1026
2025-10-22 22:00:00+02:00,0.14133
2025-10-22 22:15:00+02:00,0.12701
2025-10-22 22:30:00+02:00,0.11363
2025-10-22 22:45:00+02:00,0.10629000000000001
2025-10-22 23:00:00+02:00,0.1145
2025-10-22 23:15:00+02:00,0.11136
2025-10-22 23:30:00+02:00,0.10740999999999999
2025-10-22 23:45:00+02:00,0.0991
2025-10-23 00:00:00+02:00,0.11017
2025-10-23 00:15:00+02:00,0.10554999999999999
2025-10-23 00:30:00+02:00,0.09720000000000001
2025-10-23 00:45:00+02:00,0.09258
2025-10-23 01:00:00+02:00,0.1061
2025-10-23 01:15:00+02:00,0.10385
2025-10-23 01:30:00+02:00,0.09445
2025-10-23 01:45:00+02:00,0.09058
2025-10-23 02:00:00+02:00,0.10708
2025-10-23 02:15:00+02:00,0.0984
2025-10-23 02:30:00+02:00,0.08907
2025-10-23 02:45:00+02:00,0.08572
2025-10-23 03:00:00+02:00,0.09318000000000001
2025-10-23 03:15:00+02:00,0.08713
2025-10-23 03:30:00+02:00,0.07438
2025-10-23 03:45:00+02:00,0.065
2025-10-23 04:00:00+02:00,0.07526999999999999
2025-10-23 04:15:00+02:00,0.07077
2025-10-23 04:30:00+02:00,0.06981
2025-10-23 04:45:00+02:00,0.06814
2025-10-23 05:00:00+02:00,0.06731000000000001
2025-10-23 05:15:00+02:00,0.06731000000000001
2025-10-23 05:30:00+02:00,0.06755
2025-10-23 05:45:00+02:00,0.06791
2025-10-23 06:00:00+02:00,0.06454
2025-10-23 06:15:00+02:00,0.07402
2025-10-23 06:30:00+02:00,0.07208
2025-10-23 06:45:00+02:00,0.07836
2025-10-23 07:00:00+02:00,0.07897
2025-10-23 07:15:00+02:00,0.08438
2025-10-23 07:30:00+02:00,0.08689
2025-10-23 07:45:00+02:00,0.07889
2025-10-23 08:00:00+02:00,0.1001
2025-10-23 08:15:00+02:00,0.10001
2025-10-23 08:30:00+02:00,0.08501
2025-10-23 08:45:00+02:00,0.07488
2025-10-23 09:00:00+02:00,0.09198
2025-10-23 09:15:00+02:00,0.08753
2025-10-23 09:30:00+02:00,0.08298
2025-10-23 09:45:00+02:00,0.06958
2025-10-23 10:00:00+02:00,0.09534000000000001
2025-10-23 10:15:00+02:00,0.0849
2025-10-23 10:30:00+02:00,0.07265
2025-10-23 10:45:00+02:00,0.06592
2025-10-23 11:00:00+02:00,0.07307999999999999
2025-10-23 11:15:00+02:00,0.07028
2025-10-23 11:30:00+02:00,0.06838
2025-10-23 11:45:00+02:00,0.06666
2025-10-23 12:00:00+02:00,0.06805
2025-10-23 12:15:00+02:00,0.06612
2025-10-23 12:30:00+02:00,0.06568
2025-10-23 12:45:00+02:00,0.06454
2025-10-23 13:00:00+02:00,0.06593
2025-10-23 13:15:00+02:00,0.06399
2025-10-23 13:30:00+02:00,0.06356
2025-10-23 13:45:00+02:00,0.06294
2025-10-23 14:00:00+02:00,0.05878
2025-10-23 14:15:00+02:00,0.06302
2025-10-23 14:30:00+02:00,0.06504
2025-10-23 14:45:00+02:00,0.0673
2025-10-23 15:00:00+02:00,0.06456
2025-10-23 15:15:00+02:00,0.06873
2025-10-23 15:30:00+02:00,0.08070000000000001
2025-10-23 15:45:00+02:00,0.08843000000000001
2025-10-23 16:00:00+02:00,0.07079
2025-10-23 16:15:00+02:00,0.07645
2025-10-23 16:30:00+02:00,0.095
2025-10-23 16:45:00+02:00,0.09975
2025-10-23 17:00:00+02:00,0.07915000000000001
2025-10-23 17:15:00+02:00,0.09892000000000001
2025-10-23 17:30:00+02:00,0.10593999999999999
2025-10-23 17:45:00+02:00,0.10845999999999999
2025-10-23 18:00:00+02:00,0.10694
2025-10-23 18:15:00+02:00,0.11454
2025-10-23 18:30:00+02:00,0.12689
2025-10-23 18:45:00+02:00,0.11134999999999999
2025-10-23 19:00:00+02:00,0.12916999999999998
2025-10-23 19:15:00+02:00,0.10906
2025-10-23 19:30:00+02:00,0.10095
2025-10-23 19:45:00+02:00,0.09247
2025-10-23 20:00:00+02:00,0.097
2025-10-23 20:15:00+02:00,0.08949
2025-10-23 20:30:00+02:00,0.08685
2025-10-23 20:45:00+02:00,0.07751000000000001
2025-10-23 21:00:00+02:00,0.09231
2025-10-23 21:15:00+02:00,0.08556
2025-10-23 21:30:00+02:00,0.07964
2025-10-23 21:45:00+02:00,0.07374
2025-10-23 22:00:00+02:00,0.09798
2025-10-23 22:15:00+02:00,0.07669
2025-10-23 22:30:00+02:00,0.07336
2025-10-23 22:45:00+02:00,0.06259
2025-10-23 23:00:00+02:00,0.06834
2025-10-23 23:15:00+02:00,0.06136
2025-10-23 23:30:00+02:00,0.05883
2025-10-23 23:45:00+02:00,0.05178
2025-10-24 00:00:00+02:00,0.015960000000000002
2025-10-24 00:15:00+02:00,0.019399999999999997
2025-10-24 00:30:00+02:00,0.01293
2025-10-24 00:45:00+02:00,0.00905
2025-10-24 01:00:00+02:00,0.013980000000000001
2025-10-24 01:15:00+02:00,0.01002
2025-10-24 01:30:00+02:00,0.00899
2025-10-24 01:45:00+02:00,0.00635
2025-10-24 02:00:00+02:00,0.010029999999999999
2025-10-24 02:15:00+02:00,0.00688
2025-10-24 02:30:00+02:00,0.005059999999999999
2025-10-24 02:45:00+02:00,0.00413
2025-10-24 03:00:00+02:00,0.0038
2025-10-24 03:15:00+02:00,0.0001
2025-10-24 03:30:00+02:00,0.0001
2025-10-24 03:45:00+02:00,0.0001
2025-10-24 04:00:00+02:00,0.00252
2025-10-24 04:15:00+02:00,0.00134
2025-10-24 04:30:00+02:00,0.00233
2025-10-24 04:45:00+02:00,0.00257
2025-10-24 05:00:00+02:00,0.00413
2025-10-24 05:15:00+02:00,0.00466
2025-10-24 05:30:00+02:00,0.00735
2025-10-24 05:45:00+02:00,0.01396
2025-10-24 06:00:00+02:00,0.00731
2025-10-24 06:15:00+02:00,0.017079999999999998
2025-10-24 06:30:00+02:00,0.02818
2025-10-24 06:45:00+02:00,0.04054
2025-10-24 07:00:00+02:00,0.0506
2025-10-24 07:15:00+02:00,0.05861
2025-10-24 07:30:00+02:00,0.0727
2025-10-24 07:45:00+02:00,0.07803
2025-10-24 08:00:00+02:00,0.0857
2025-10-24 08:15:00+02:00,0.08896
2025-10-24 08:30:00+02:00,0.08587
2025-10-24 08:45:00+02:00,0.07895
2025-10-24 09:00:00+02:00,0.08837
2025-10-24 09:15:00+02:00,0.08115
2025-10-24 09:30:00+02:00,0.07186
2025-10-24 09:45:00+02:00,0.06481
2025-10-24 10:00:00+02:00,0.07579999999999999
2025-10-24 10:15:00+02:00,0.06327
2025-10-24 10:30:00+02:00,0.052969999999999996
2025-10-24 10:45:00+02:00,0.04117
2025-10-24 11:00:00+02:00,0.05608
2025-10-24 11:15:00+02:00,0.04428
2025-10-24 11:30:00+02:00,0.02658
2025-10-24 11:45:00+02:00,0.005059999999999999
2025-10-24 12:00:00+02:00,0.005019999999999999
2025-10-24 12:15:00+02:00,0.0
2025-10-24 12:30:00+02:00,0.0
2025-10-24 12:45:00+02:00,-1e-05
2025-10-24 13:00:00+02:00,0.0
2025-10-24 13:15:00+02:00,-1e-05
2025-10-24 13:30:00+02:00,-1e-05
2025-10-24 13:45:00+02:00,-2e-05
2025-10-24 14:00:00+02:00,-2e-05
2025-10-24 14:15:00+02:00,-1e-05
2025-10-24 14:30:00+02:00,-1e-05
2025-10-24 14:45:00+02:00,0.0
2025-10-24 15:00:00+02:00,-1e-05
2025-10-24 15:15:00+02:00,0.0
2025-10-24 15:30:00+02:00,0.0022400000000000002
2025-10-24 15:45:00+02:00,0.00501
2025-10-24 16:00:00+02:00,0.005030000000000001
2025-10-24 16:15:00+02:00,0.026670000000000003
2025-10-24 16:30:00+02:00,0.05022
2025-10-24 16:45:00+02:00,0.06736
2025-10-24 17:00:00+02:00,0.04982
2025-10-24 17:15:00+02:00,0.06225
2025-10-24 17:30:00+02:00,0.07018
2025-10-24 17:45:00+02:00,0.08279
2025-10-24 18:00:00+02:00,0.06851
2025-10-24 18:15:00+02:00,0.07088
2025-10-24 18:30:00+02:00,0.07844
2025-10-24 18:45:00+02:00,0.08061
2025-10-24 19:00:00+02:00,0.08515
2025-10-24 19:15:00+02:00,0.07273
2025-10-24 19:30:00+02:00,0.07056
2025-10-24 19:45:00+02:00,0.07001
2025-10-24 20:00:00+02:00,0.07001
2025-10-24 20:15:00+02:00,0.062380000000000005
2025-10-24 20:30:00+02:00,0.04901
2025-10-24 20:45:00+02:00,0.046799999999999994
2025-10-24 21:00:00+02:00,0.060520000000000004
2025-10-24 21:15:00+02:00,0.0515
2025-10-24 21:30:00+02:00,0.03669
2025-10-24 21:45:00+02:00,0.01732
2025-10-24 22:00:00+02:00,0.03641
2025-10-24 22:15:00+02:00,0.02845
2025-10-24 22:30:00+02:00,0.03082
2025-10-24 22:45:00+02:00,0.02001
2025-10-24 23:00:00+02:00,0.023190000000000002
2025-10-24 23:15:00+02:00,0.00752
2025-10-24 23:30:00+02:00,0.0052699999999999995
2025-10-24 23:45:00+02:00,0.0038900000000000002
2025-10-25 00:00:00+02:00,0.00326
2025-10-25 00:15:00+02:00,0.00421
2025-10-25 00:30:00+02:00,0.0038399999999999997
2025-10-25 00:45:00+02:00,0.00279
2025-10-25 01:00:00+02:00,0.00234
2025-10-25 01:15:00+02:00,0.00211
2025-10-25 01:30:00+02:00,0.00078
2025-10-25 01:45:00+02:00,5e-05
2025-10-25 02:00:00+02:00,0.00228
2025-10-25 02:15:00+02:00,0.00132
2025-10-25 02:30:00+02:00,0.0001
2025-10-25 02:45:00+02:00,0.0
2025-10-25 03:00:00+02:00,0.0
2025-10-25 03:15:00+02:00,0.0
2025-10-25 03:30:00+02:00,0.0
2025-10-25 03:45:00+02:00,-1e-05
2025-10-25 04:00:00+02:00,-1e-05
2025-10-25 04:15:00+02:00,-1e-05
2025-10-25 04:30:00+02:00,0.0
2025-10-25 04:45:00+02:00,-1e-05
2025-10-25 05:00:00+02:00,0.0
2025-10-25 05:15:00+02:00,0.0
2025-10-25 05:30:00+02:00,0.00037
2025-10-25 05:45:00+02:00,0.00029
2025-10-25 06:00:00+02:00,-1e-05
2025-10-25 06:15:00+02:00,0.0
2025-10-25 06:30:00+02:00,0.0005200000000000001
2025-10-25 06:45:00+02:00,0.00158
2025-10-25 07:00:00+02:00,0.0016
2025-10-25 07:15:00+02:00,0.0019299999999999999
2025-10-25 07:30:00+02:00,0.00045
2025-10-25 07:45:00+02:00,-2e-05
2025-10-25 08:00:00+02:00,0.00387
2025-10-25 08:15:00+02:00,0.00323
2025-10-25 08:30:00+02:00,0.00424
2025-10-25 08:45:00+02:00,0.00464
2025-10-25 09:00:00+02:00,0.00846
2025-10-25 09:15:00+02:00,0.00732
2025-10-25 09:30:00+02:00,0.00708
2025-10-25 09:45:00+02:00,0.00747
2025-10-25 10:00:00+02:00,0.00779
2025-10-25 10:15:00+02:00,0.00745
2025-10-25 10:30:00+02:00,0.00624
2025-10-25 10:45:00+02:00,0.00543
2025-10-25 11:00:00+02:00,0.00545
2025-10-25 11:15:00+02:00,0.0035800000000000003
2025-10-25 11:30:00+02:00,0.00505
2025-10-25 11:45:00+02:00,0.00498
2025-10-25 12:00:00+02:00,0.005030000000000001
2025-10-25 12:15:00+02:00,0.00587
2025-10-25 12:30:00+02:00,0.0074800000000000005
2025-10-25 12:45:00+02:00,0.006
2025-10-25 13:00:00+02:00,0.00509
2025-10-25 13:15:00+02:00,0.004070000000000001
2025-10-25 13:30:00+02:00,0.00377
2025-10-25 13:45:00+02:00,0.00455
2025-10-25 14:00:00+02:00,0.0016200000000000001
2025-10-25 14:15:00+02:00,0.0025
2025-10-25 14:30:00+02:00,0.00504
2025-10-25 14:45:00+02:00,0.00696
2025-10-25 15:00:00+02:00,0.00139
2025-10-25 15:15:00+02:00,0.00496
2025-10-25 15:30:00+02:00,0.005059999999999999
2025-10-25 15:45:00+02:00,0.00437
2025-10-25 16:00:00+02:00,0.0038799999999999998
2025-10-25 16:15:00+02:00,0.00505
2025-10-25 16:30:00+02:00,0.0044599999999999996
2025-10-25 16:45:00+02:00,0.00884
2025-10-25 17:00:00+02:00,0.01009
2025-10-25 17:15:00+02:00,0.02377
2025-10-25 17:30:00+02:00,0.03155
2025-10-25 17:45:00+02:00,0.03582
2025-10-25 18:00:00+02:00,0.04875
2025-10-25 18:15:00+02:00,0.05225
2025-10-25 18:30:00+02:00,0.06
2025-10-25 18:45:00+02:00,0.06001
2025-10-25 19:00:00+02:00,0.06619
2025-10-25 19:15:00+02:00,0.06441
2025-10-25 19:30:00+02:00,0.06
2025-10-25 19:45:00+02:00,0.05446
2025-10-25 20:00:00+02:00,0.05809
2025-10-25 20:15:00+02:00,0.03915999999999999
2025-10-25 20:30:00+02:00,0.03087
2025-10-25 20:45:00+02:00,0.00786
2025-10-25 21:00:00+02:00,0.03253
2025-10-25 21:15:00+02:00,0.016059999999999998
2025-10-25 21:30:00+02:00,0.00507
2025-10-25 21:45:00+02:00,0.00277
2025-10-25 22:00:00+02:00,0.02183
2025-10-25 22:15:00+02:00,0.01302
2025-10-25 22:30:00+02:00,0.01765
2025-10-25 22:45:00+02:00,0.01423
2025-10-25 23:00:00+02:00,0.0132
2025-10-25 23:15:00+02:00,0.00818
2025-10-25 23:30:00+02:00,0.00701
2025-10-25 23:45:00+02:00,0.00429
2025-10-26 00:00:00+02:00,0.00717
2025-10-26 00:15:00+02:00,0.00657
2025-10-26 00:30:00+02:00,0.00429
2025-10-26 00:45:00+02:00,0.00426
2025-10-26 01:00:00+02:00,0.00401
2025-10-26 01:15:00+02:00,0.00376
2025-10-26 01:30:00+02:00,0.00375
2025-10-26 01:45:00+02:00,0.00327
2025-10-26 03:00:00+01:00,0.00123
2025-10-26 03:15:00+01:00,4e-05
2025-10-26 03:30:00+01:00,0.0001
2025-10-26 03:45:00+01:00,0.0
2025-10-26 04:00:00+01:00,0.0002
2025-10-26 04:15:00+01:00,0.0001
2025-10-26 04:30:00+01:00,0.0001
2025-10-26 04:45:00+01:00,1e-05
2025-10-26 05:00:00+01:00,0.00011999999999999999
2025-10-26 05:15:00+01:00,0.0001
2025-10-26 05:30:00+01:00,0.0001
2025-10-26 05:45:00+01:00,0.0001
2025-10-26 06:00:00+01:00,0.0
2025-10-26 06:15:00+01:00,2.9999999999999997e-05
2025-10-26 06:30:00+01:00,0.0003
2025-10-26 06:45:00+01:00,0.0001
2025-10-26 07:00:00+01:00,0.00032
2025-10-26 07:15:00+01:00,0.0001
2025-10-26 07:30:00+01:00,0.0
2025-10-26 07:45:00+01:00,-1e-05
2025-10-26 08:00:00+01:00,1e-05
2025-10-26 08:15:00+01:00,0.0
2025-10-26 08:30:00+01:00,-1e-05
2025-10-26 08:45:00+01:00,-4e-05
2025-10-26 09:00:00+01:00,-4e-05
2025-10-26 09:15:00+01:00,-7.000000000000001e-05
2025-10-26 09:30:00+01:00,-8.999999999999999e-05
2025-10-26 09:45:00+01:00,-0.0010500000000000002
2025-10-26 10:00:00+01:00,-7.000000000000001e-05
2025-10-26 10:15:00+01:00,-7.000000000000001e-05
2025-10-26 10:30:00+01:00,-5.9999999999999995e-05
2025-10-26 10:45:00+01:00,-5.9999999999999995e-05
2025-10-26 11:00:00+01:00,-8.999999999999999e-05
2025-10-26 11:15:00+01:00,-8e-05
2025-10-26 11:30:00+01:00,-7.000000000000001e-05
2025-10-26 11:45:00+01:00,-8e-05
2025-10-26 12:00:00+01:00,-8e-05
2025-10-26 12:15:00+01:00,-7.000000000000001e-05
2025-10-26 12:30:00+01:00,-5e-05
2025-10-26 12:45:00+01:00,-5.9999999999999995e-05
2025-10-26 13:00:00+01:00,-5.9999999999999995e-05
2025-10-26 13:15:00+01:00,-7.000000000000001e-05
2025-10-26 13:30:00+01:00,-0.001
2025-10-26 13:45:00+01:00,-0.0010500000000000002
2025-10-26 14:00:00+01:00,-0.00032
2025-10-26 14:15:00+01:00,-0.00103
2025-10-26 14:30:00+01:00,-0.0010400000000000001
2025-10-26 14:45:00+01:00,-0.00054
2025-10-26 15:00:00+01:00,-0.00102
2025-10-26 15:15:00+01:00,-7.000000000000001e-05
2025-10-26 15:30:00+01:00,0.0
2025-10-26 15:45:00+01:00,0.0010500000000000002
2025-10-26 16:00:00+01:00,-4e-05
2025-10-26 16:15:00+01:00,0.0001
2025-10-26 16:30:00+01:00,0.0
2025-10-26 16:45:00+01:00,0.01209
2025-10-26 17:00:00+01:00,0.00383
2025-10-26 17:15:00+01:00,0.027510000000000003
2025-10-26 17:30:00+01:00,0.04219
2025-10-26 17:45:00+01:00,0.046479999999999994
2025-10-26 18:00:00+01:00,0.04782
2025-10-26 18:15:00+01:00,0.043859999999999996
2025-10-26 18:30:00+01:00,0.04934
2025-10-26 18:45:00+01:00,0.02707
2025-10-26 19:00:00+01:00,0.0414
2025-10-26 19:15:00+01:00,0.039700000000000006
2025-10-26 19:30:00+01:00,0.03
2025-10-26 19:45:00+01:00,0.02782
2025-10-26 20:00:00+01:00,0.04349
2025-10-26 20:15:00+01:00,0.01791
2025-10-26 20:30:00+01:00,0.00257
2025-10-26 20:45:00+01:00,0.0026
2025-10-26 21:00:00+01:00,0.0038799999999999998
2025-10-26 21:15:00+01:00,0.00266
2025-10-26 21:30:00+01:00,0.00317
2025-10-26 21:45:00+01:00,0.0025499999999999997
2025-10-26 22:00:00+01:00,0.014060000000000001
2025-10-26 22:15:00+01:00,0.01143
2025-10-26 22:30:00+01:00,0.022629999999999997
2025-10-26 22:45:00+01:00,0.01151
2025-10-26 23:00:00+01:00,0.00256
2025-10-26 23:15:00+01:00,0.009130000000000001
2025-10-26 23:30:00+01:00,0.00539
2025-10-26 23:45:00+01:00,0.00316
2025-10-27 00:00:00+01:00,0.00282
2025-10-27 00:15:00+01:00,0.0025499999999999997
2025-10-27 00:30:00+01:00,0.0
2025-10-27 00:45:00+01:00,0.0
2025-10-27 01:00:00+01:00,0.00283
2025-10-27 01:15:00+01:00,0.00249
2025-10-27 01:30:00+01:00,0.0011899999999999999
2025-10-27 01:45:00+01:00,0.00079
2025-10-27 02:00:00+01:00,0.00281
2025-10-27 02:15:00+01:00,0.00138
2025-10-27 02:30:00+01:00,0.0007199999999999999
2025-10-27 02:45:00+01:00,8.999999999999999e-05
2025-10-27 03:00:00+01:00,0.0
2025-10-27 03:15:00+01:00,0.0
2025-10-27 03:30:00+01:00,0.0
2025-10-27 03:45:00+01:00,-1e-05
2025-10-27 04:00:00+01:00,-0.0001
2025-10-27 04:15:00+01:00,0.0
2025-10-27 04:30:00+01:00,0.00107
2025-10-27 04:45:00+01:00,0.00426
2025-10-27 05:00:00+01:00,0.00382
2025-10-27 05:15:00+01:00,0.0042699999999999995
2025-10-27 05:30:00+01:00,0.01077
2025-10-27 05:45:00+01:00,0.02427
2025-10-27 06:00:00+01:00,0.0155
2025-10-27 06:15:00+01:00,0.0362
2025-10-27 06:30:00+01:00,0.06827
2025-10-27 06:45:00+01:00,0.10003000000000001
2025-10-27 07:00:00+01:00,0.0741
2025-10-27 07:15:00+01:00,0.08968000000000001
2025-10-27 07:30:00+01:00,0.08999
2025-10-27 07:45:00+01:00,0.09049
2025-10-27 08:00:00+01:00,0.10198
2025-10-27 08:15:00+01:00,0.1017
2025-10-27 08:30:00+01:00,0.10187
2025-10-27 08:45:00+01:00,0.09504
2025-10-27 09:00:00+01:00,0.10934999999999999
2025-10-27 09:15:00+01:00,0.10501
2025-10-27 09:30:00+01:00,0.10097
2025-10-27 09:45:00+01:00,0.09211
2025-10-27 10:00:00+01:00,0.105
2025-10-27 10:15:00+01:00,0.09963
2025-10-27 10:30:00+01:00,0.09501000000000001
2025-10-27 10:45:00+01:00,0.08731
2025-10-27 11:00:00+01:00,0.09920999999999999
2025-10-27 11:15:00+01:00,0.09753
2025-10-27 11:30:00+01:00,0.09301000000000001
2025-10-27 11:45:00+01:00,0.08878
2025-10-27 12:00:00+01:00,0.08805
2025-10-27 12:15:00+01:00,0.08005
2025-10-27 12:30:00+01:00,0.08115
2025-10-27 12:45:00+01:00,0.08154
2025-10-27 13:00:00+01:00,0.08255
2025-10-27 13:15:00+01:00,0.08217
2025-10-27 13:30:00+01:00,0.08134000000000001
2025-10-27 13:45:00+01:00,0.07843000000000001
2025-10-27 14:00:00+01:00,0.07534
2025-10-27 14:15:00+01:00,0.08039
2025-10-27 14:30:00+01:00,0.08472
2025-10-27 14:45:00+01:00,0.09294
2025-10-27 15:00:00+01:00,0.07392
2025-10-27 15:15:00+01:00,0.07399
2025-10-27 15:30:00+01:00,0.0873
2025-10-27 15:45:00+01:00,0.09945
2025-10-27 16:00:00+01:00,0.0873
2025-10-27 16:15:00+01:00,0.09473000000000001
2025-10-27 16:30:00+01:00,0.10389
2025-10-27 16:45:00+01:00,0.11101000000000001
2025-10-27 17:00:00+01:00,0.10052
2025-10-27 17:15:00+01:00,0.10668000000000001
2025-10-27 17:30:00+01:00,0.11306000000000001
2025-10-27 17:45:00+01:00,0.12258
2025-10-27 18:00:00+01:00,0.11427
2025-10-27 18:15:00+01:00,0.11964
2025-10-27 18:30:00+01:00,0.13643
2025-10-27 18:45:00+01:00,0.13581000000000001
2025-10-27 19:00:00+01:00,0.13677
2025-10-27 19:15:00+01:00,0.12387999999999999
2025-10-27 19:30:00+01:00,0.10293000000000001
2025-10-27 19:45:00+01:00,0.09040999999999999
2025-10-27 20:00:00+01:00,0.10498
2025-10-27 20:15:00+01:00,0.10792
2025-10-27 20:30:00+01:00,0.09268000000000001
2025-10-27 20:45:00+01:00,0.07456
2025-10-27 21:00:00+01:00,0.0889
2025-10-27 21:15:00+01:00,0.08733
2025-10-27 21:30:00+01:00,0.07252
2025-10-27 21:45:00+01:00,0.06301
2025-10-27 22:00:00+01:00,0.08393
2025-10-27 22:15:00+01:00,0.07604999999999999
2025-10-27 22:30:00+01:00,0.07619
2025-10-27 22:45:00+01:00,0.06175
2025-10-27 23:00:00+01:00,0.08
2025-10-27 23:15:00+01:00,0.06802
2025-10-27 23:30:00+01:00,0.05561
2025-10-27 23:45:00+01:00,0.04607
2025-10-28 00:00:00+01:00,0.054939999999999996
2025-10-28 00:15:00+01:00,0.05165
2025-10-28 00:30:00+01:00,0.04112
2025-10-28 00:45:00+01:00,0.028730000000000002
2025-10-28 01:00:00+01:00,0.039939999999999996
2025-10-28 01:15:00+01:00,0.028489999999999998
2025-10-28 01:30:00+01:00,0.02673
2025-10-28 01:45:00+01:00,0.020370000000000003
2025-10-28 02:00:00+01:00,0.02179
2025-10-28 02:15:00+01:00,0.01807
2025-10-28 02:30:00+01:00,0.0174
2025-10-28 02:45:00+01:00,0.01691
2025-10-28 03:00:00+01:00,0.01319
2025-10-28 03:15:00+01:00,0.010029999999999999
2025-10-28 03:30:00+01:00,0.00885
2025-10-28 03:45:00+01:00,0.00882
2025-10-28 04:00:00+01:00,0.005019999999999999
2025-10-28 04:15:00+01:00,0.00643
2025-10-28 04:30:00+01:00,0.01233
2025-10-28 04:45:00+01:00,0.020030000000000003
2025-10-28 05:00:00+01:00,0.0129
2025-10-28 05:15:00+01:00,0.01549
2025-10-28 05:30:00+01:00,0.03993
2025-10-28 05:45:00+01:00,0.05331
2025-10-28 06:00:00+01:00,0.023629999999999998
2025-10-28 06:15:00+01:00,0.056049999999999996
2025-10-28 06:30:00+01:00,0.07452
2025-10-28 06:45:00+01:00,0.08389
2025-10-28 07:00:00+01:00,0.08593
2025-10-28 07:15:00+01:00,0.08378000000000001
2025-10-28 07:30:00+01:00,0.07707
2025-10-28 07:45:00+01:00,0.07475
2025-10-28 08:00:00+01:00,0.09959
2025-10-28 08:15:00+01:00,0.09063
2025-10-28 08:30:00+01:00,0.08476
2025-10-28 08:45:00+01:00,0.08259999999999999
2025-10-28 09:00:00+01:00,0.09848
2025-10-28 09:15:00+01:00,0.08990999999999999
2025-10-28 09:30:00+01:00,0.08417
2025-10-28 09:45:00+01:00,0.07690000000000001
2025-10-28 10:00:00+01:00,0.09290999999999999
2025-10-28 10:15:00+01:00,0.08170000000000001
2025-10-28 10:30:00+01:00,0.07758
2025-10-28 10:45:00+01:00,0.07182
2025-10-28 11:00:00+01:00,0.07861
2025-10-28 11:15:00+01:00,0.07521
2025-10-28 11:30:00+01:00,0.07404000000000001
2025-10-28 11:45:00+01:00,0.07379999999999999
2025-10-28 12:00:00+01:00,0.07334
2025-10-28 12:15:00+01:00,0.06804
2025-10-28 12:30:00+01:00,0.06581000000000001
2025-10-28 12:45:00+01:00,0.06305
2025-10-28 13:00:00+01:00,0.06517
2025-10-28 13:15:00+01:00,0.06275
2025-10-28 13:30:00+01:00,0.06125
2025-10-28 13:45:00+01:00,0.060039999999999996
2025-10-28 14:00:00+01:00,0.056799999999999996
2025-10-28 14:15:00+01:00,0.061869999999999994
2025-10-28 14:30:00+01:00,0.0684
2025-10-28 14:45:00+01:00,0.07061
2025-10-28 15:00:00+01:00,0.046060000000000004
2025-10-28 15:15:00+01:00,0.07970999999999999
2025-10-28 15:30:00+01:00,0.08494
2025-10-28 15:45:00+01:00,0.08168
2025-10-28 16:00:00+01:00,0.06812
2025-10-28 16:15:00+01:00,0.08421
2025-10-28 16:30:00+01:00,0.07922
2025-10-28 16:45:00+01:00,0.08874
2025-10-28 17:00:00+01:00,0.08139
2025-10-28 17:15:00+01:00,0.09007
2025-10-28 17:30:00+01:00,0.09984
2025-10-28 17:45:00+01:00,0.10403
2025-10-28 18:00:00+01:00,0.10656
2025-10-28 18:15:00+01:00,0.10773999999999999
2025-10-28 18:30:00+01:00,0.11535
2025-10-28 18:45:00+01:00,0.11127
2025-10-28 19:00:00+01:00,0.11279
2025-10-28 19:15:00+01:00,0.10901000000000001
2025-10-28 19:30:00+01:00,0.10473
2025-10-28 19:45:00+01:00,0.10112
2025-10-28 20:00:00+01:00,0.1003
2025-10-28 20:15:00+01:00,0.09297
2025-10-28 20:30:00+01:00,0.08791
2025-10-28 20:45:00+01:00,0.08652
2025-10-28 21:00:00+01:00,0.08967
2025-10-28 21:15:00+01:00,0.08588
2025-10-28 21:30:00+01:00,0.07836
2025-10-28 21:45:00+01:00,0.06944
2025-10-28 22:00:00+01:00,0.08736
2025-10-28 22:15:00+01:00,0.07726999999999999
2025-10-28 22:30:00+01:00,0.07704000000000001
2025-10-28 22:45:00+01:00,0.07665000000000001
2025-10-28 23:00:00+01:00,0.07801000000000001
2025-10-28 23:15:00+01:00,0.07346
2025-10-28 23:30:00+01:00,0.07459
2025-10-28 23:45:00+01:00,0.06683
2025-10-29 00:00:00+01:00,0.06583
2025-10-29 00:15:00+01:00,0.0621
2025-10-29 00:30:00+01:00,0.0559
2025-10-29 00:45:00+01:00,0.05138
2025-10-29 01:00:00+01:00,0.05796
2025-10-29 01:15:00+01:00,0.05366
2025-10-29 01:30:00+01:00,0.053020000000000005
2025-10-29 01:45:00+01:00,0.0515
2025-10-29 02:00:00+01:00,0.05321
2025-10-29 02:15:00+01:00,0.052590000000000005
2025-10-29 02:30:00+01:00,0.05554
2025-10-29 02:45:00+01:00,0.05528
2025-10-29 03:00:00+01:00,0.05735
2025-10-29 03:15:00+01:00,0.0576
2025-10-29 03:30:00+01:00,0.05618
2025-10-29 03:45:00+01:00,0.054259999999999996
2025-10-29 04:00:00+01:00,0.04864
2025-10-29 04:15:00+01:00,0.05306
2025-10-29 04:30:00+01:00,0.05634
2025-10-29 04:45:00+01:00,0.06086
2025-10-29 05:00:00+01:00,0.05167
2025-10-29 05:15:00+01:00,0.05877
2025-10-29 05:30:00+01:00,0.07329000000000001
2025-10-29 05:45:00+01:00,0.08274
2025-10-29 06:00:00+01:00,0.06434999999999999
2025-10-29 06:15:00+01:00,0.08710999999999999
2025-10-29 06:30:00+01:00,0.09976
2025-10-29 06:45:00+01:00,0.13051
2025-10-29 07:00:00+01:00,0.10481
2025-10-29 07:15:00+01:00,0.11095000000000001
2025-10-29 07:30:00+01:00,0.11041
2025-10-29 07:45:00+01:00,0.10396
2025-10-29 08:00:00+01:00,0.12034
2025-10-29 08:15:00+01:00,0.10857
2025-10-29 08:30:00+01:00,0.09715
2025-10-29 08:45:00+01:00,0.075
2025-10-29 09:00:00+01:00,0.10809
2025-10-29 09:15:00+01:00,0.09125
2025-10-29 09:30:00+01:00,0.0751
2025-10-29 09:45:00+01:00,0.06878000000000001
2025-10-29 10:00:00+01:00,0.08213
2025-10-29 10:15:00+01:00,0.07167
2025-10-29 10:30:00+01:00,0.06856999999999999
2025-10-29 10:45:00+01:00,0.06544
2025-10-29 11:00:00+01:00,0.07094
2025-10-29 11:15:00+01:00,0.06951
2025-10-29 11:30:00+01:00,0.07005
2025-10-29 11:45:00+01:00,0.07035
2025-10-29 12:00:00+01:00,0.06470000000000001
2025-10-29 12:15:00+01:00,0.0689
2025-10-29 12:30:00+01:00,0.07157
2025-10-29 12:45:00+01:00,0.07818000000000001
2025-10-29 13:00:00+01:00,0.07007
2025-10-29 13:15:00+01:00,0.07488
2025-10-29 13:30:00+01:00,0.07564
2025-10-29 13:45:00+01:00,0.08786
2025-10-29 14:00:00+01:00,0.06003
2025-10-29 14:15:00+01:00,0.08
2025-10-29 14:30:00+01:00,0.1002
2025-10-29 14:45:00+01:00,0.11518
2025-10-29 15:00:00+01:00,0.09481
2025-10-29 15:15:00+01:00,0.10654999999999999
2025-10-29 15:30:00+01:00,0.12506
2025-10-29 15:45:00+01:00,0.13901
2025-10-29 16:00:00+01:00,0.11555
2025-10-29 16:15:00+01:00,0.12258
2025-10-29 16:30:00+01:00,0.12491
2025-10-29 16:45:00+01:00,0.14189
2025-10-29 17:00:00+01:00,0.12883
2025-10-29 17:15:00+01:00,0.12190000000000001
2025-10-29 17:30:00+01:00,0.12844999999999998
2025-10-29 17:45:00+01:00,0.12872
2025-10-29 18:00:00+01:00,0.12268000000000001
2025-10-29 18:15:00+01:00,0.12455
2025-10-29 18:30:00+01:00,0.13244999999999998
2025-10-29 18:45:00+01:00,0.13529
2025-10-29 19:00:00+01:00,0.12824000000000002
2025-10-29 19:15:00+01:00,0.11492000000000001
2025-10-29 19:30:00+01:00,0.11155
2025-10-29 19:45:00+01:00,0.09945999999999999
2025-10-29 20:00:00+01:00,0.10809
2025-10-29 20:15:00+01:00,0.10257
2025-10-29 20:30:00+01:00,0.101
2025-10-29 20:45:00+01:00,0.09894
2025-10-29 21:00:00+01:00,0.10196
2025-10-29 21:15:00+01:00,0.10192
2025-10-29 21:30:00+01:00,0.09831999999999999
2025-10-29 21:45:00+01:00,0.08381
2025-10-29 22:00:00+01:00,0.10543000000000001
2025-10-29 22:15:00+01:00,0.10216
2025-10-29 22:30:00+01:00,0.08964
2025-10-29 22:45:00+01:00,0.08045999999999999
2025-10-29 23:00:00+01:00,0.09464
2025-10-29 23:15:00+01:00,0.08736
2025-10-29 23:30:00+01:00,0.08513
2025-10-29 23:45:00+01:00,0.08144
2025-10-30 00:00:00+01:00,0.09
2025-10-30 00:15:00+01:00,0.077
2025-10-30 00:30:00+01:00,0.07212
2025-10-30 00:45:00+01:00,0.06186
2025-10-30 01:00:00+01:00,0.07878
2025-10-30 01:15:00+01:00,0.06801
2025-10-30 01:30:00+01:00,0.06838
2025-10-30 01:45:00+01:00,0.06525
2025-10-30 02:00:00+01:00,0.06745
2025-10-30 02:15:00+01:00,0.06423000000000001
2025-10-30 02:30:00+01:00,0.06679
2025-10-30 02:45:00+01:00,0.06363
2025-10-30 03:00:00+01:00,0.06706999999999999
2025-10-30 03:15:00+01:00,0.06447
2025-10-30 03:30:00+01:00,0.059359999999999996
2025-10-30 03:45:00+01:00,0.05077
2025-10-30 04:00:00+01:00,0.06306
2025-10-30 04:15:00+01:00,0.055799999999999995
2025-10-30 04:30:00+01:00,0.05465
2025-10-30 04:45:00+01:00,0.0551
2025-10-30 05:00:00+01:00,0.05317
2025-10-30 05:15:00+01:00,0.0591
2025-10-30 05:30:00+01:00,0.061649999999999996
2025-10-30 05:45:00+01:00,0.06613
2025-10-30 06:00:00+01:00,0.0606
2025-10-30 06:15:00+01:00,0.06756000000000001
2025-10-30 06:30:00+01:00,0.07235
2025-10-30 06:45:00+01:00,0.0762
2025-10-30 07:00:00+01:00,0.07039
2025-10-30 07:15:00+01:00,0.08156999999999999
2025-10-30 07:30:00+01:00,0.0852
2025-10-30 07:45:00+01:00,0.08259
2025-10-30 08:00:00+01:00,0.09884
2025-10-30 08:15:00+01:00,0.08635
2025-10-30 08:30:00+01:00,0.08832999999999999
2025-10-30 08:45:00+01:00,0.06767000000000001
2025-10-30 09:00:00+01:00,0.08782
2025-10-30 09:15:00+01:00,0.0746
2025-10-30 09:30:00+01:00,0.05872
2025-10-30 09:45:00+01:00,0.04575
2025-10-30 10:00:00+01:00,0.07757
2025-10-30 10:15:00+01:00,0.05885
2025-10-30 10:30:00+01:00,0.03015
2025-10-30 10:45:00+01:00,0.00504
2025-10-30 11:00:00+01:00,0.0136
2025-10-30 11:15:00+01:00,0.01339
2025-10-30 11:30:00+01:00,0.00134
2025-10-30 11:45:00+01:00,0.0
2025-10-30 12:00:00+01:00,0.0
2025-10-30 12:15:00+01:00,0.0
2025-10-30 12:30:00+01:00,-1e-05
2025-10-30 12:45:00+01:00,0.0
2025-10-30 13:00:00+01:00,-4e-05
2025-10-30 13:15:00+01:00,-2.9999999999999997e-05
2025-10-30 13:30:00+01:00,-1e-05
2025-10-30 13:45:00+01:00,8.999999999999999e-05
2025-10-30 14:00:00+01:00,0.0001
2025-10-30 14:15:00+01:00,0.01607
2025-10-30 14:30:00+01:00,0.047130000000000005
2025-10-30 14:45:00+01:00,0.061869999999999994
2025-10-30 15:00:00+01:00,0.02018
2025-10-30 15:15:00+01:00,0.052450000000000004
2025-10-30 15:30:00+01:00,0.08859
2025-10-30 15:45:00+01:00,0.11798
2025-10-30 16:00:00+01:00,0.04376
2025-10-30 16:15:00+01:00,0.07246999999999999
2025-10-30 16:30:00+01:00,0.09776
2025-10-30 16:45:00+01:00,0.12719
2025-10-30 17:00:00+01:00,0.10558
2025-10-30 17:15:00+01:00,0.11278
2025-10-30 17:30:00+01:00,0.12101
2025-10-30 17:45:00+01:00,0.13235
2025-10-30 18:00:00+01:00,0.11629
2025-10-30 18:15:00+01:00,0.11686
2025-10-30 18:30:00+01:00,0.11874
2025-10-30 18:45:00+01:00,0.1189
2025-10-30 19:00:00+01:00,0.12127
2025-10-30 19:15:00+01:00,0.1185
2025-10-30 19:30:00+01:00,0.11846999999999999
2025-10-30 19:45:00+01:00,0.11245000000000001
2025-10-30 20:00:00+01:00,0.11831
2025-10-30 20:15:00+01:00,0.10671
2025-10-30 20:30:00+01:00,0.10518999999999999
2025-10-30 20:45:00+01:00,0.09094
2025-10-30 21:00:00+01:00,0.10804000000000001
2025-10-30 21:15:00+01:00,0.10371
2025-10-30 21:30:00+01:00,0.09797
2025-10-30 21:45:00+01:00,0.08242000000000001
2025-10-30 22:00:00+01:00,0.10690999999999999
2025-10-30 22:15:00+01:00,0.10016
2025-10-30 22:30:00+01:00,0.10054
2025-10-30 22:45:00+01:00,0.08615
2025-10-30 23:00:00+01:00,0.10503
2025-10-30 23:15:00+01:00,0.09148
2025-10-30 23:30:00+01:00,0.07975
2025-10-30 23:45:00+01:00,0.06307
2025-10-31 00:00:00+01:00,0.10281
2025-10-31 00:15:00+01:00,0.08976
2025-10-31 00:30:00+01:00,0.08166
2025-10-31 00:45:00+01:00,0.07673
2025-10-31 01:00:00+01:00,0.08749
2025-10-31 01:15:00+01:00,0.08205
2025-10-31 01:30:00+01:00,0.074
2025-10-31 01:45:00+01:00,0.06909
2025-10-31 02:00:00+01:00,0.08093
2025-10-31 02:15:00+01:00,0.07307
2025-10-31 02:30:00+01:00,0.073
2025-10-31 02:45:00+01:00,0.07196
2025-10-31 03:00:00+01:00,0.07105
2025-10-31 03:15:00+01:00,0.0727
2025-10-31 03:30:00+01:00,0.07815000000000001
2025-10-31 03:45:00+01:00,0.0808
2025-10-31 04:00:00+01:00,0.07226
2025-10-31 04:15:00+01:00,0.07482
2025-10-31 04:30:00+01:00,0.08736
2025-10-31 04:45:00+01:00,0.08461
2025-10-31 05:00:00+01:00,0.08315
2025-10-31 05:15:00+01:00,0.08512
2025-10-31 05:30:00+01:00,0.09806000000000001
2025-10-31 05:45:00+01:00,0.10097
2025-10-31 06:00:00+01:00,0.10123
2025-10-31 06:15:00+01:00,0.12092
2025-10-31 06:30:00+01:00,0.1293
2025-10-31 06:45:00+01:00,0.13009
2025-10-31 07:00:00+01:00,0.1243
2025-10-31 07:15:00+01:00,0.12962
2025-10-31 07:30:00+01:00,0.1175
2025-10-31 07:45:00+01:00,0.10687
2025-10-31 08:00:00+01:00,0.13599
2025-10-31 08:15:00+01:00,0.11705
2025-10-31 08:30:00+01:00,0.09837
2025-10-31 08:45:00+01:00,0.08365
2025-10-31 09:00:00+01:00,0.10821
2025-10-31 09:15:00+01:00,0.08627
2025-10-31 09:30:00+01:00,0.07142
2025-10-31 09:45:00+01:00,0.06615
2025-10-31 10:00:00+01:00,0.07945
2025-10-31 10:15:00+01:00,0.07626000000000001
2025-10-31 10:30:00+01:00,0.07501999999999999
2025-10-31 10:45:00+01:00,0.07195
2025-10-31 11:00:00+01:00,0.07508
2025-10-31 11:15:00+01:00,0.07387
2025-10-31 11:30:00+01:00,0.073
2025-10-31 11:45:00+01:00,0.07440000000000001
2025-10-31 12:00:00+01:00,0.07147
2025-10-31 12:15:00+01:00,0.07189
2025-10-31 12:30:00+01:00,0.07892
2025-10-31 12:45:00+01:00,0.08168
2025-10-31 13:00:00+01:00,0.0752
2025-10-31 13:15:00+01:00,0.07998999999999999
2025-10-31 13:30:00+01:00,0.08535
2025-10-31 13:45:00+01:00,0.09629
2025-10-31 14:00:00+01:00,0.07948999999999999
2025-10-31 14:15:00+01:00,0.09975
2025-10-31 14:30:00+01:00,0.11558
2025-10-31 14:45:00+01:00,0.13198
2025-10-31 15:00:00+01:00,0.10725
2025-10-31 15:15:00+01:00,0.12317
2025-10-31 15:30:00+01:00,0.13894
2025-10-31 15:45:00+01:00,0.13895
2025-10-31 16:00:00+01:00,0.13390000000000002
2025-10-31 16:15:00+01:00,0.13272
2025-10-31 16:30:00+01:00,0.13390000000000002
2025-10-31 16:45:00+01:00,0.12767
2025-10-31 17:00:00+01:00,0.13449
2025-10-31 17:15:00+01:00,0.12651
2025-10-31 17:30:00+01:00,0.12264
2025-10-31 17:45:00+01:00,0.10506
2025-10-31 18:00:00+01:00,0.12701
2025-10-31 18:15:00+01:00,0.11651
2025-10-31 18:30:00+01:00,0.10098
2025-10-31 18:45:00+01:00,0.08462
2025-10-31 19:00:00+01:00,0.09725
2025-10-31 19:15:00+01:00,0.08465
2025-10-31 19:30:00+01:00,0.09362999999999999
2025-10-31 19:45:00+01:00,0.08449
2025-10-31 20:00:00+01:00,0.09941
2025-10-31 20:15:00+01:00,0.09124
2025-10-31 20:30:00+01:00,0.08088
2025-10-31 20:45:00+01:00,0.07266
2025-10-31 21:00:00+01:00,0.09781000000000001
2025-10-31 21:15:00+01:00,0.09015000000000001
2025-10-31 21:30:00+01:00,0.08587
2025-10-31 21:45:00+01:00,0.07603
2025-10-31 22:00:00+01:00,0.09491
2025-10-31 22:15:00+01:00,0.08416
2025-10-31 22:30:00+01:00,0.07978
2025-10-31 22:45:00+01:00,0.06853000000000001
2025-10-31 23:00:00+01:00,0.09716
2025-10-31 23:15:00+01:00,0.07523
2025-10-31 23:30:00+01:00,0.05565
2025-10-31 23:45:00+01:00,0.04237
