time,price
2025-10-01 00:00:00+02:00,0.13358
2025-10-01 00:15:00+02:00,0.13226
2025-10-01 00:30:00+02:00,0.13365000000000002
2025-10-01 00:45:00+02:00,0.13253
2025-10-01 01:00:00+02:00,0.10723999999999999
2025-10-01 01:15:00+02:00,0.10224
2025-10-01 01:30:00+02:00,0.1183
2025-10-01 01:45:00+02:00,0.08521
2025-10-01 02:00:00+02:00,0.08735
2025-10-01 02:15:00+02:00,0.10257
2025-10-01 02:30:00+02:00,0.10507
2025-10-01 02:45:00+02:00,0.11339
2025-10-01 03:00:00+02:00,0.14715
2025-10-01 03:15:00+02:00,0.14862
2025-10-01 03:30:00+02:00,0.15194
2025-10-01 03:45:00+02:00,0.11556999999999999
2025-10-01 04:00:00+02:00,0.12481
2025-10-01 04:15:00+02:00,0.11892
2025-10-01 04:30:00+02:00,0.107
2025-10-01 04:45:00+02:00,0.12537
2025-10-01 05:00:00+02:00,0.11898
2025-10-01 05:15:00+02:00,0.11622
2025-10-01 05:30:00+02:00,0.15365
2025-10-01 05:45:00+02:00,0.1574
2025-10-01 06:00:00+02:00,0.15711000000000003
2025-10-01 06:15:00+02:00,0.15134
2025-10-01 06:30:00+02:00,0.20843
2025-10-01 06:45:00+02:00,0.22965
2025-10-01 07:00:00+02:00,0.24187999999999998
2025-10-01 07:15:00+02:00,0.34761000000000003
2025-10-01 07:30:00+02:00,0.09976
2025-10-01 07:45:00+02:00,0.24452000000000002
2025-10-01 08:00:00+02:00,0.10524
2025-10-01 08:15:00+02:00,0.10945
2025-10-01 08:30:00+02:00,0.054520000000000006
2025-10-01 08:45:00+02:00,0.04412
2025-10-01 09:00:00+02:00,0.12479000000000001
2025-10-01 09:15:00+02:00,0.122
2025-10-01 09:30:00+02:00,0.10904000000000001
2025-10-01 09:45:00+02:00,0.10379000000000001
2025-10-01 10:00:00+02:00,0.13888
2025-10-01 10:15:00+02:00,0.14011
2025-10-01 10:30:00+02:00,0.09909
2025-10-01 10:45:00+02:00,0.04129
2025-10-01 11:00:00+02:00,0.01797
2025-10-01 11:15:00+02:00,0.056
2025-10-01 11:30:00+02:00,0.05398
2025-10-01 11:45:00+02:00,0.0035099999999999997
2025-10-01 12:00:00+02:00,0.02932
2025-10-01 12:15:00+02:00,-0.00066
2025-10-01 12:30:00+02:00,0.01422
2025-10-01 12:45:00+02:00,0.01226
2025-10-01 13:00:00+02:00,-0.00326
2025-10-01 13:15:00+02:00,0.00432
2025-10-01 13:30:00+02:00,0.0551
2025-10-01 13:45:00+02:00,0.08397
2025-10-01 14:00:00+02:00,0.09229000000000001
2025-10-01 14:15:00+02:00,0.09237999999999999
2025-10-01 14:30:00+02:00,0.11087999999999999
2025-10-01 14:45:00+02:00,0.11137999999999999
2025-10-01 15:00:00+02:00,0.04714
2025-10-01 15:15:00+02:00,0.05788
2025-10-01 15:30:00+02:00,0.06704
2025-10-01 15:45:00+02:00,0.10161
2025-10-01 16:00:00+02:00,0.10184
2025-10-01 16:15:00+02:00,0.12732
2025-10-01 16:30:00+02:00,0.08765
2025-10-01 16:45:00+02:00,0.08743000000000001
2025-10-01 17:00:00+02:00,0.14619
2025-10-01 17:15:00+02:00,0.05981
2025-10-01 17:30:00+02:00,0.09281
2025-10-01 17:45:00+02:00,0.12297
2025-10-01 18:00:00+02:00,0.07273
2025-10-01 18:15:00+02:00,0.13366
2025-10-01 18:30:00+02:00,0.17215
2025-10-01 18:45:00+02:00,0.13616
2025-10-01 19:00:00+02:00,0.12455
2025-10-01 19:15:00+02:00,0.14227
2025-10-01 19:30:00+02:00,0.12994
2025-10-01 19:45:00+02:00,0.11383
2025-10-01 20:00:00+02:00,0.13898
2025-10-01 20:15:00+02:00,0.0992
2025-10-01 20:30:00+02:00,0.06765
2025-10-01 20:45:00+02:00,0.07187
2025-10-01 21:00:00+02:00,0.11997
2025-10-01 21:15:00+02:00,0.09603
2025-10-01 21:30:00+02:00,0.07282
2025-10-01 21:45:00+02:00,0.07701000000000001
2025-10-01 22:00:00+02:00,0.07218000000000001
2025-10-01 22:15:00+02:00,0.053630000000000004
2025-10-01 22:30:00+02:00,0.06368
2025-10-01 22:45:00+02:00,0.06803000000000001
2025-10-01 23:00:00+02:00,0.0883
2025-10-01 23:15:00+02:00,0.09540000000000001
2025-10-01 23:30:00+02:00,0.09433
2025-10-01 23:45:00+02:00,0.08402
2025-10-02 00:00:00+02:00,0.06589
2025-10-02 00:15:00+02:00,0.07046
2025-10-02 00:30:00+02:00,0.07687999999999999
2025-10-02 00:45:00+02:00,0.08554
2025-10-02 01:00:00+02:00,0.08799
2025-10-02 01:15:00+02:00,0.08222
2025-10-02 01:30:00+02:00,0.09603
2025-10-02 01:45:00+02:00,0.09090000000000001
2025-10-02 02:00:00+02:00,0.07585
2025-10-02 02:15:00+02:00,0.061799999999999994
2025-10-02 02:30:00+02:00,0.06296
2025-10-02 02:45:00+02:00,0.06804
2025-10-02 03:00:00+02:00,0.07171
2025-10-02 03:15:00+02:00,0.07116
2025-10-02 03:30:00+02:00,0.06116
2025-10-02 03:45:00+02:00,0.060219999999999996
2025-10-02 04:00:00+02:00,0.07601999999999999
2025-10-02 04:15:00+02:00,0.05737
2025-10-02 04:30:00+02:00,0.06835
2025-10-02 04:45:00+02:00,0.06764
2025-10-02 05:00:00+02:00,0.06461
2025-10-02 05:15:00+02:00,0.07161
2025-10-02 05:30:00+02:00,0.08386
2025-10-02 05:45:00+02:00,0.10617
2025-10-02 06:00:00+02:00,0.0305
2025-10-02 06:15:00+02:00,0.10143
2025-10-02 06:30:00+02:00,0.1225
2025-10-02 06:45:00+02:00,0.12714
2025-10-02 07:00:00+02:00,0.14522
2025-10-02 07:15:00+02:00,0.14415
2025-10-02 07:30:00+02:00,0.14458000000000001
2025-10-02 07:45:00+02:00,0.15865
2025-10-02 08:00:00+02:00,0.17875
2025-10-02 08:15:00+02:00,0.17676
2025-10-02 08:30:00+02:00,0.20131
2025-10-02 08:45:00+02:00,0.23478
2025-10-02 09:00:00+02:00,0.21338
2025-10-02 09:15:00+02:00,0.11065000000000001
2025-10-02 09:30:00+02:00,0.14195
2025-10-02 09:45:00+02:00,0.19759000000000002
2025-10-02 10:00:00+02:00,0.20395
2025-10-02 10:15:00+02:00,0.16951
2025-10-02 10:30:00+02:00,-0.07081
2025-10-02 10:45:00+02:00,0.13198
2025-10-02 11:00:00+02:00,0.00619
2025-10-02 11:15:00+02:00,-0.03517
2025-10-02 11:30:00+02:00,-0.02056
2025-10-02 11:45:00+02:00,-0.02976
2025-10-02 12:00:00+02:00,-0.01306
2025-10-02 12:15:00+02:00,-0.019170000000000003
2025-10-02 12:30:00+02:00,-0.019170000000000003
2025-10-02 12:45:00+02:00,-0.02457
2025-10-02 13:00:00+02:00,-0.018269999999999998
2025-10-02 13:15:00+02:00,-0.02979
2025-10-02 13:30:00+02:00,-0.03171
2025-10-02 13:45:00+02:00,-0.02937
2025-10-02 14:00:00+02:00,0.0
2025-10-02 14:15:00+02:00,-0.0074800000000000005
2025-10-02 14:30:00+02:00,0.00889
2025-10-02 14:45:00+02:00,-0.00611
2025-10-02 15:00:00+02:00,0.024050000000000002
2025-10-02 15:15:00+02:00,0.09541
2025-10-02 15:30:00+02:00,0.0875
2025-10-02 15:45:00+02:00,0.07314
2025-10-02 16:00:00+02:00,0.04514
2025-10-02 16:15:00+02:00,0.040420000000000005
2025-10-02 16:30:00+02:00,0.052539999999999996
2025-10-02 16:45:00+02:00,0.046799999999999994
2025-10-02 17:00:00+02:00,0.0198
2025-10-02 17:15:00+02:00,0.16678
2025-10-02 17:30:00+02:00,0.10773999999999999
2025-10-02 17:45:00+02:00,0.14903
2025-10-02 18:00:00+02:00,0.08229
2025-10-02 18:15:00+02:00,0.14415
2025-10-02 18:30:00+02:00,0.10658
2025-10-02 18:45:00+02:00,0.07196999999999999
2025-10-02 19:00:00+02:00,0.10195
2025-10-02 19:15:00+02:00,0.08613
2025-10-02 19:30:00+02:00,0.10056999999999999
2025-10-02 19:45:00+02:00,0.10256
2025-10-02 20:00:00+02:00,0.08675
2025-10-02 20:15:00+02:00,0.0613
2025-10-02 20:30:00+02:00,0.051840000000000004
2025-10-02 20:45:00+02:00,0.05031
2025-10-02 21:00:00+02:00,0.0732
2025-10-02 21:15:00+02:00,0.07468000000000001
2025-10-02 21:30:00+02:00,0.11807
2025-10-02 21:45:00+02:00,0.06993
2025-10-02 22:00:00+02:00,0.11445
2025-10-02 22:15:00+02:00,0.0788
2025-10-02 22:30:00+02:00,0.10298
2025-10-02 22:45:00+02:00,0.12412999999999999
2025-10-02 23:00:00+02:00,0.12782
2025-10-02 23:15:00+02:00,0.15753999999999999
2025-10-02 23:30:00+02:00,0.12373
2025-10-02 23:45:00+02:00,0.10401
2025-10-03 00:00:00+02:00,0.09289
2025-10-03 00:15:00+02:00,0.11598
2025-10-03 00:30:00+02:00,0.08272
2025-10-03 00:45:00+02:00,0.08728
2025-10-03 01:00:00+02:00,0.06668
2025-10-03 01:15:00+02:00,0.10685
2025-10-03 01:30:00+02:00,0.060719999999999996
2025-10-03 01:45:00+02:00,0.10775
2025-10-03 02:00:00+02:00,0.06806
2025-10-03 02:15:00+02:00,0.09678
2025-10-03 02:30:00+02:00,0.1169
2025-10-03 02:45:00+02:00,0.09891
2025-10-03 03:00:00+02:00,0.08799
2025-10-03 03:15:00+02:00,0.0644
2025-10-03 03:30:00+02:00,0.05347
2025-10-03 03:45:00+02:00,0.06303
2025-10-03 04:00:00+02:00,0.10973999999999999
2025-10-03 04:15:00+02:00,0.10128
2025-10-03 04:30:00+02:00,0.07762000000000001
2025-10-03 04:45:00+02:00,0.08334
2025-10-03 05:00:00+02:00,0.12013
2025-10-03 05:15:00+02:00,0.12209
2025-10-03 05:30:00+02:00,0.10964
2025-10-03 05:45:00+02:00,0.12841
2025-10-03 06:00:00+02:00,0.11547
2025-10-03 06:15:00+02:00,0.13585
2025-10-03 06:30:00+02:00,0.14051
2025-10-03 06:45:00+02:00,0.1475
2025-10-03 07:00:00+02:00,0.17673
2025-10-03 07:15:00+02:00,0.19405
2025-10-03 07:30:00+02:00,0.16772
2025-10-03 07:45:00+02:00,0.14633000000000002
2025-10-03 08:00:00+02:00,0.13524
2025-10-03 08:15:00+02:00,0.07826000000000001
2025-10-03 08:30:00+02:00,0.01871
2025-10-03 08:45:00+02:00,0.00099
2025-10-03 09:00:00+02:00,0.00509
2025-10-03 09:15:00+02:00,0.06157
2025-10-03 09:30:00+02:00,0.05039
2025-10-03 09:45:00+02:00,0.05751
2025-10-03 10:00:00+02:00,0.09819
2025-10-03 10:15:00+02:00,0.0947
2025-10-03 10:30:00+02:00,0.10148
2025-10-03 10:45:00+02:00,0.06578
2025-10-03 11:00:00+02:00,0.07585
2025-10-03 11:15:00+02:00,0.10101
2025-10-03 11:30:00+02:00,0.06448000000000001
2025-10-03 11:45:00+02:00,-0.00634
2025-10-03 12:00:00+02:00,-0.01681
2025-10-03 12:15:00+02:00,-0.01105
2025-10-03 12:30:00+02:00,-0.0005200000000000001
2025-10-03 12:45:00+02:00,-0.01661
2025-10-03 13:00:00+02:00,0.0074199999999999995
2025-10-03 13:15:00+02:00,-0.03889
2025-10-03 13:30:00+02:00,0.0
2025-10-03 13:45:00+02:00,0.0
2025-10-03 14:00:00+02:00,0.0
2025-10-03 14:15:00+02:00,0.00175
2025-10-03 14:30:00+02:00,0.04376
2025-10-03 14:45:00+02:00,0.04461
2025-10-03 15:00:00+02:00,0.0038799999999999998
2025-10-03 15:15:00+02:00,0.05056
2025-10-03 15:30:00+02:00,0.10407
2025-10-03 15:45:00+02:00,0.05068
2025-10-03 16:00:00+02:00,-0.06071
2025-10-03 16:15:00+02:00,-0.04567
2025-10-03 16:30:00+02:00,-0.0583
2025-10-03 16:45:00+02:00,-0.0015400000000000001
2025-10-03 17:00:00+02:00,0.02028
2025-10-03 17:15:00+02:00,0.07245
2025-10-03 17:30:00+02:00,0.13247
2025-10-03 17:45:00+02:00,0.17427
2025-10-03 18:00:00+02:00,0.17999
2025-10-03 18:15:00+02:00,1.2704300000000002
2025-10-03 18:30:00+02:00,1.97025
2025-10-03 18:45:00+02:00,0.74634
2025-10-03 19:00:00+02:00,0.07628
2025-10-03 19:15:00+02:00,0.01984
2025-10-03 19:30:00+02:00,0.03686
2025-10-03 19:45:00+02:00,-0.00753
2025-10-03 20:00:00+02:00,-0.031030000000000002
2025-10-03 20:15:00+02:00,-0.05978
2025-10-03 20:30:00+02:00,-0.07472
2025-10-03 20:45:00+02:00,-0.10302
2025-10-03 21:00:00+02:00,-0.040170000000000004
2025-10-03 21:15:00+02:00,-0.00289
2025-10-03 21:30:00+02:00,0.07078
2025-10-03 21:45:00+02:00,-0.097
2025-10-03 22:00:00+02:00,0.09747
2025-10-03 22:15:00+02:00,-0.00419
2025-10-03 22:30:00+02:00,0.07931
2025-10-03 22:45:00+02:00,-0.00376
2025-10-03 23:00:00+02:00,-0.00237
2025-10-03 23:15:00+02:00,0.08184999999999999
2025-10-03 23:30:00+02:00,0.06204
2025-10-03 23:45:00+02:00,0.01231
2025-10-04 00:00:00+02:00,-1.75546
2025-10-04 00:15:00+02:00,-0.05508
2025-10-04 00:30:00+02:00,-0.04236
2025-10-04 00:45:00+02:00,-0.03847
2025-10-04 01:00:00+02:00,-0.0551
2025-10-04 01:15:00+02:00,-0.04779
2025-10-04 01:30:00+02:00,-0.00543
2025-10-04 01:45:00+02:00,-0.01217
2025-10-04 02:00:00+02:00,-0.02653
2025-10-04 02:15:00+02:00,-0.01082
2025-10-04 02:30:00+02:00,-0.01385
2025-10-04 02:45:00+02:00,-0.010289999999999999
2025-10-04 03:00:00+02:00,-0.0064800000000000005
2025-10-04 03:15:00+02:00,-0.02127
2025-10-04 03:30:00+02:00,-0.02281
2025-10-04 03:45:00+02:00,-0.09173
2025-10-04 04:00:00+02:00,-0.011529999999999999
2025-10-04 04:15:00+02:00,-0.00799
2025-10-04 04:30:00+02:00,0.02585
2025-10-04 04:45:00+02:00,-0.01122
2025-10-04 05:00:00+02:00,-0.03121
2025-10-04 05:15:00+02:00,-0.00252
2025-10-04 05:30:00+02:00,-0.018
2025-10-04 05:45:00+02:00,-0.00106
2025-10-04 06:00:00+02:00,-0.04315
2025-10-04 06:15:00+02:00,0.00791
2025-10-04 06:30:00+02:00,0.01782
2025-10-04 06:45:00+02:00,-0.006889999999999999
2025-10-04 07:00:00+02:00,0.014839999999999999
2025-10-04 07:15:00+02:00,0.01024
2025-10-04 07:30:00+02:00,0.02785
2025-10-04 07:45:00+02:00,0.04995
2025-10-04 08:00:00+02:00,0.038119999999999994
2025-10-04 08:15:00+02:00,0.053899999999999997
2025-10-04 08:30:00+02:00,0.0493
2025-10-04 08:45:00+02:00,0.08534
2025-10-04 09:00:00+02:00,0.06529
2025-10-04 09:15:00+02:00,0.06906999999999999
2025-10-04 09:30:00+02:00,0.08838
2025-10-04 09:45:00+02:00,0.0737
2025-10-04 10:00:00+02:00,0.09128
2025-10-04 10:15:00+02:00,0.08901
2025-10-04 10:30:00+02:00,0.014039999999999999
2025-10-04 10:45:00+02:00,-0.0015400000000000001
2025-10-04 11:00:00+02:00,-0.00762
2025-10-04 11:15:00+02:00,0.00749
2025-10-04 11:30:00+02:00,-0.0028399999999999996
2025-10-04 11:45:00+02:00,-0.00123
2025-10-04 12:00:00+02:00,-0.02729
2025-10-04 12:15:00+02:00,-0.00501
2025-10-04 12:30:00+02:00,0.0054
2025-10-04 12:45:00+02:00,-0.01295
2025-10-04 13:00:00+02:00,-0.015
2025-10-04 13:15:00+02:00,0.01131
2025-10-04 13:30:00+02:00,0.00609
2025-10-04 13:45:00+02:00,0.010490000000000001
2025-10-04 14:00:00+02:00,0.0034500000000000004
2025-10-04 14:15:00+02:00,-0.00109
2025-10-04 14:30:00+02:00,-0.00519
2025-10-04 14:45:00+02:00,0.032409999999999994
2025-10-04 15:00:00+02:00,0.0115
2025-10-04 15:15:00+02:00,0.04218
2025-10-04 15:30:00+02:00,0.03667
2025-10-04 15:45:00+02:00,0.06062
2025-10-04 16:00:00+02:00,0.06594
2025-10-04 16:15:00+02:00,0.030010000000000002
2025-10-04 16:30:00+02:00,0.060829999999999995
2025-10-04 16:45:00+02:00,0.05718
2025-10-04 17:00:00+02:00,0.023170000000000003
2025-10-04 17:15:00+02:00,-0.00173
2025-10-04 17:30:00+02:00,0.04235
2025-10-04 17:45:00+02:00,0.05132
2025-10-04 18:00:00+02:00,0.036469999999999995
2025-10-04 18:15:00+02:00,-0.062060000000000004
2025-10-04 18:30:00+02:00,-0.0565
2025-10-04 18:45:00+02:00,0.00088
2025-10-04 19:00:00+02:00,0.03624
2025-10-04 19:15:00+02:00,0.013
2025-10-04 19:30:00+02:00,0.0101
2025-10-04 19:45:00+02:00,-0.00095
2025-10-04 20:00:00+02:00,0.00497
2025-10-04 20:15:00+02:00,0.01022
2025-10-04 20:30:00+02:00,0.0104
2025-10-04 20:45:00+02:00,0.00622
2025-10-04 21:00:00+02:00,0.0155
2025-10-04 21:15:00+02:00,0.00864
2025-10-04 21:30:00+02:00,0.01053
2025-10-04 21:45:00+02:00,0.00317
2025-10-04 22:00:00+02:00,0.03544
2025-10-04 22:15:00+02:00,-0.009130000000000001
2025-10-04 22:30:00+02:00,0.00967
2025-10-04 22:45:00+02:00,0.00457
2025-10-04 23:00:00+02:00,-0.06564
2025-10-04 23:15:00+02:00,0.00497
2025-10-04 23:30:00+02:00,0.016730000000000002
2025-10-04 23:45:00+02:00,0.00463
2025-10-05 00:00:00+02:00,-0.03603
2025-10-05 00:15:00+02:00,-0.03111
2025-10-05 00:30:00+02:00,-0.0363
2025-10-05 00:45:00+02:00,-0.09137999999999999
2025-10-05 01:00:00+02:00,-0.02503
2025-10-05 01:15:00+02:00,-5e-05
2025-10-05 01:30:00+02:00,-0.0025800000000000003
2025-10-05 01:45:00+02:00,-0.03332
2025-10-05 02:00:00+02:00,-0.00851
2025-10-05 02:15:00+02:00,0.001
2025-10-05 02:30:00+02:00,0.00337
2025-10-05 02:45:00+02:00,-0.0035800000000000003
2025-10-05 03:00:00+02:00,0.011789999999999998
2025-10-05 03:15:00+02:00,-0.005059999999999999
2025-10-05 03:30:00+02:00,0.0076500000000000005
2025-10-05 03:45:00+02:00,-0.01025
2025-10-05 04:00:00+02:00,-0.00802
2025-10-05 04:15:00+02:00,-0.02085
2025-10-05 04:30:00+02:00,-0.014039999999999999
2025-10-05 04:45:00+02:00,-0.01333
2025-10-05 05:00:00+02:00,-0.02176
2025-10-05 05:15:00+02:00,-0.022609999999999998
2025-10-05 05:30:00+02:00,-0.02856
2025-10-05 05:45:00+02:00,-0.00359
2025-10-05 06:00:00+02:00,-0.04747
2025-10-05 06:15:00+02:00,-0.04209
2025-10-05 06:30:00+02:00,-0.02709
2025-10-05 06:45:00+02:00,-0.01141
2025-10-05 07:00:00+02:00,-0.00049
2025-10-05 07:15:00+02:00,-0.01581
2025-10-05 07:30:00+02:00,-0.01758
2025-10-05 07:45:00+02:00,-0.00842
2025-10-05 08:00:00+02:00,0.00285
2025-10-05 08:15:00+02:00,0.02204
2025-10-05 08:30:00+02:00,-0.01834
2025-10-05 08:45:00+02:00,0.00209
2025-10-05 09:00:00+02:00,-0.00069
2025-10-05 09:15:00+02:00,0.01283
2025-10-05 09:30:00+02:00,-0.0037400000000000003
2025-10-05 09:45:00+02:00,-0.01763
2025-10-05 10:00:00+02:00,0.0076500000000000005
2025-10-05 10:15:00+02:00,0.03832
2025-10-05 10:30:00+02:00,0.01785
2025-10-05 10:45:00+02:00,0.01825
2025-10-05 11:00:00+02:00,-0.00831
2025-10-05 11:15:00+02:00,0.041409999999999995
2025-10-05 11:30:00+02:00,0.009640000000000001
2025-10-05 11:45:00+02:00,0.06062
2025-10-05 12:00:00+02:00,0.02818
2025-10-05 12:15:00+02:00,0.01575
2025-10-05 12:30:00+02:00,0.012240000000000001
2025-10-05 12:45:00+02:00,0.01145
2025-10-05 13:00:00+02:00,-0.01679
2025-10-05 13:15:00+02:00,0.03458
2025-10-05 13:30:00+02:00,0.00735
2025-10-05 13:45:00+02:00,0.00999
2025-10-05 14:00:00+02:00,0.0076100000000000004
2025-10-05 14:15:00+02:00,-5e-05
2025-10-05 14:30:00+02:00,0.00639
2025-10-05 14:45:00+02:00,-0.00061
2025-10-05 15:00:00+02:00,0.012960000000000001
2025-10-05 15:15:00+02:00,0.00186
2025-10-05 15:30:00+02:00,0.01263
2025-10-05 15:45:00+02:00,0.0493
2025-10-05 16:00:00+02:00,0.05005
2025-10-05 16:15:00+02:00,0.02135
2025-10-05 16:30:00+02:00,0.061090000000000005
2025-10-05 16:45:00+02:00,0.05223
2025-10-05 17:00:00+02:00,0.09056
2025-10-05 17:15:00+02:00,0.06689
2025-10-05 17:30:00+02:00,0.09645999999999999
2025-10-05 17:45:00+02:00,0.10834999999999999
2025-10-05 18:00:00+02:00,0.08381
2025-10-05 18:15:00+02:00,-0.02104
2025-10-05 18:30:00+02:00,-0.02528
2025-10-05 18:45:00+02:00,-0.0342
2025-10-05 19:00:00+02:00,0.09614
2025-10-05 19:15:00+02:00,-0.01092
2025-10-05 19:30:00+02:00,-0.023530000000000002
2025-10-05 19:45:00+02:00,0.044840000000000005
2025-10-05 20:00:00+02:00,0.04912
2025-10-05 20:15:00+02:00,0.04524
2025-10-05 20:30:00+02:00,0.04095
2025-10-05 20:45:00+02:00,0.02985
2025-10-05 21:00:00+02:00,0.0344
2025-10-05 21:15:00+02:00,0.01995
2025-10-05 21:30:00+02:00,-0.00607
2025-10-05 21:45:00+02:00,0.01167
2025-10-05 22:00:00+02:00,0.01989
2025-10-05 22:15:00+02:00,0.04448
2025-10-05 22:30:00+02:00,0.04188
2025-10-05 22:45:00+02:00,0.04536
2025-10-05 23:00:00+02:00,0.05828
2025-10-05 23:15:00+02:00,0.10131
2025-10-05 23:30:00+02:00,0.07705
2025-10-05 23:45:00+02:00,0.09919
2025-10-06 00:00:00+02:00,0.09501000000000001
2025-10-06 00:15:00+02:00,0.09068000000000001
2025-10-06 00:30:00+02:00,0.07772
2025-10-06 00:45:00+02:00,0.07376
2025-10-06 01:00:00+02:00,0.00204
2025-10-06 01:15:00+02:00,0.00134
2025-10-06 01:30:00+02:00,0.00588
2025-10-06 01:45:00+02:00,0.00487
2025-10-06 02:00:00+02:00,0.00598
2025-10-06 02:15:00+02:00,0.0033799999999999998
2025-10-06 02:30:00+02:00,0.00474
2025-10-06 02:45:00+02:00,0.01275
2025-10-06 03:00:00+02:00,0.021079999999999998
2025-10-06 03:15:00+02:00,0.0207
2025-10-06 03:30:00+02:00,0.05178
2025-10-06 03:45:00+02:00,0.046770000000000006
2025-10-06 04:00:00+02:00,0.10196
2025-10-06 04:15:00+02:00,0.11344
2025-10-06 04:30:00+02:00,0.10572
2025-10-06 04:45:00+02:00,0.11525
2025-10-06 05:00:00+02:00,0.0022400000000000002
2025-10-06 05:15:00+02:00,-0.01595
2025-10-06 05:30:00+02:00,0.0293
2025-10-06 05:45:00+02:00,0.08156999999999999
2025-10-06 06:00:00+02:00,0.10379000000000001
2025-10-06 06:15:00+02:00,0.08978
2025-10-06 06:30:00+02:00,0.1146
2025-10-06 06:45:00+02:00,0.11806
2025-10-06 07:00:00+02:00,0.12308
2025-10-06 07:15:00+02:00,0.18116
2025-10-06 07:30:00+02:00,0.19448
2025-10-06 07:45:00+02:00,0.31665
2025-10-06 08:00:00+02:00,0.11066
2025-10-06 08:15:00+02:00,0.12947999999999998
2025-10-06 08:30:00+02:00,0.06896
2025-10-06 08:45:00+02:00,0.02113
2025-10-06 09:00:00+02:00,0.07006
2025-10-06 09:15:00+02:00,0.05276
2025-10-06 09:30:00+02:00,0.12786
2025-10-06 09:45:00+02:00,0.12557
2025-10-06 10:00:00+02:00,0.15958
2025-10-06 10:15:00+02:00,0.19369999999999998
2025-10-06 10:30:00+02:00,0.19729
2025-10-06 10:45:00+02:00,0.32780000000000004
2025-10-06 11:00:00+02:00,0.16566
2025-10-06 11:15:00+02:00,0.25795
2025-10-06 11:30:00+02:00,0.17690999999999998
2025-10-06 11:45:00+02:00,0.18672999999999998
2025-10-06 12:00:00+02:00,0.4193
2025-10-06 12:15:00+02:00,0.609
2025-10-06 12:30:00+02:00,0.15587
2025-10-06 12:45:00+02:00,0.12835
2025-10-06 13:00:00+02:00,0.13621
2025-10-06 13:15:00+02:00,0.17893
2025-10-06 13:30:00+02:00,0.17903
2025-10-06 13:45:00+02:00,0.14793
2025-10-06 14:00:00+02:00,0.16947
2025-10-06 14:15:00+02:00,0.18822999999999998
2025-10-06 14:30:00+02:00,0.18750999999999998
2025-10-06 14:45:00+02:00,0.19241
2025-10-06 15:00:00+02:00,0.17663
2025-10-06 15:15:00+02:00,0.20768
2025-10-06 15:30:00+02:00,0.19288999999999998
2025-10-06 15:45:00+02:00,0.2083
2025-10-06 16:00:00+02:00,0.17736000000000002
2025-10-06 16:15:00+02:00,0.09817000000000001
2025-10-06 16:30:00+02:00,0.0595
2025-10-06 16:45:00+02:00,0.0086
2025-10-06 17:00:00+02:00,0.21768
2025-10-06 17:15:00+02:00,0.18299
2025-10-06 17:30:00+02:00,0.19263999999999998
2025-10-06 17:45:00+02:00,0.22059
2025-10-06 18:00:00+02:00,0.16313999999999998
2025-10-06 18:15:00+02:00,0.14859
2025-10-06 18:30:00+02:00,0.15678999999999998
2025-10-06 18:45:00+02:00,0.19804
2025-10-06 19:00:00+02:00,0.16131
2025-10-06 19:15:00+02:00,0.15205000000000002
2025-10-06 19:30:00+02:00,0.15793000000000001
2025-10-06 19:45:00+02:00,0.15347
2025-10-06 20:00:00+02:00,0.17862999999999998
2025-10-06 20:15:00+02:00,0.21855000000000002
2025-10-06 20:30:00+02:00,0.19109
2025-10-06 20:45:00+02:00,0.18341
2025-10-06 21:00:00+02:00,0.27523000000000003
2025-10-06 21:15:00+02:00,0.2391
2025-10-06 21:30:00+02:00,0.18534
2025-10-06 21:45:00+02:00,0.19568000000000002
2025-10-06 22:00:00+02:00,0.17568999999999999
2025-10-06 22:15:00+02:00,0.17735
2025-10-06 22:30:00+02:00,0.17017
2025-10-06 22:45:00+02:00,0.14283
2025-10-06 23:00:00+02:00,0.17269
2025-10-06 23:15:00+02:00,0.12022
2025-10-06 23:30:00+02:00,0.09914
2025-10-06 23:45:00+02:00,0.07387
2025-10-07 00:00:00+02:00,0.10887999999999999
2025-10-07 00:15:00+02:00,0.10995
2025-10-07 00:30:00+02:00,0.11527
2025-10-07 00:45:00+02:00,0.10311
2025-10-07 01:00:00+02:00,0.13903000000000001
2025-10-07 01:15:00+02:00,0.13875
2025-10-07 01:30:00+02:00,0.16431
2025-10-07 01:45:00+02:00,0.17973
2025-10-07 02:00:00+02:00,0.15412
2025-10-07 02:15:00+02:00,0.13137000000000001
2025-10-07 02:30:00+02:00,0.13908
2025-10-07 02:45:00+02:00,0.12322
2025-10-07 03:00:00+02:00,0.09508
2025-10-07 03:15:00+02:00,0.09729
2025-10-07 03:30:00+02:00,0.13632
2025-10-07 03:45:00+02:00,0.13136
2025-10-07 04:00:00+02:00,0.13726
2025-10-07 04:15:00+02:00,0.12039
2025-10-07 04:30:00+02:00,0.11788
2025-10-07 04:45:00+02:00,0.13225
2025-10-07 05:00:00+02:00,0.13459000000000002
2025-10-07 05:15:00+02:00,0.13061
2025-10-07 05:30:00+02:00,0.12562
2025-10-07 05:45:00+02:00,0.13922
2025-10-07 06:00:00+02:00,0.16663999999999998
2025-10-07 06:15:00+02:00,0.18719
2025-10-07 06:30:00+02:00,0.19777
2025-10-07 06:45:00+02:00,0.21658000000000002
2025-10-07 07:00:00+02:00,0.14995
2025-10-07 07:15:00+02:00,0.16744
2025-10-07 07:30:00+02:00,0.22847
2025-10-07 07:45:00+02:00,0.14002
2025-10-07 08:00:00+02:00,0.13856
2025-10-07 08:15:00+02:00,0.11442000000000001
2025-10-07 08:30:00+02:00,0.11234000000000001
2025-10-07 08:45:00+02:00,0.11564
2025-10-07 09:00:00+02:00,0.14122
2025-10-07 09:15:00+02:00,0.10936
2025-10-07 09:30:00+02:00,0.08162
2025-10-07 09:45:00+02:00,0.060469999999999996
2025-10-07 10:00:00+02:00,0.08174
2025-10-07 10:15:00+02:00,0.08694
2025-10-07 10:30:00+02:00,0.08197
2025-10-07 10:45:00+02:00,0.0687
2025-10-07 11:00:00+02:00,0.05708
2025-10-07 11:15:00+02:00,0.03692
2025-10-07 11:30:00+02:00,0.08368
2025-10-07 11:45:00+02:00,0.09944
2025-10-07 12:00:00+02:00,0.17840999999999999
2025-10-07 12:15:00+02:00,0.12838999999999998
2025-10-07 12:30:00+02:00,0.04993
2025-10-07 12:45:00+02:00,0.07793000000000001
2025-10-07 13:00:00+02:00,0.10973999999999999
2025-10-07 13:15:00+02:00,0.1384
2025-10-07 13:30:00+02:00,0.12795
2025-10-07 13:45:00+02:00,0.11136
2025-10-07 14:00:00+02:00,0.1028
2025-10-07 14:15:00+02:00,0.10756
2025-10-07 14:30:00+02:00,0.12793000000000002
2025-10-07 14:45:00+02:00,0.15336000000000002
2025-10-07 15:00:00+02:00,0.13212000000000002
2025-10-07 15:15:00+02:00,0.13484000000000002
2025-10-07 15:30:00+02:00,0.1789
2025-10-07 15:45:00+02:00,0.1727
2025-10-07 16:00:00+02:00,0.15878
2025-10-07 16:15:00+02:00,0.16013
2025-10-07 16:30:00+02:00,0.18095
2025-10-07 16:45:00+02:00,0.15278
2025-10-07 17:00:00+02:00,0.17218
2025-10-07 17:15:00+02:00,0.19516
2025-10-07 17:30:00+02:00,0.27159
2025-10-07 17:45:00+02:00,0.11315
2025-10-07 18:00:00+02:00,0.15441999999999997
2025-10-07 18:15:00+02:00,0.16429
2025-10-07 18:30:00+02:00,0.14661000000000002
2025-10-07 18:45:00+02:00,0.17173
2025-10-07 19:00:00+02:00,0.17486000000000002
2025-10-07 19:15:00+02:00,0.3362
2025-10-07 19:30:00+02:00,0.49486
2025-10-07 19:45:00+02:00,0.47278
2025-10-07 20:00:00+02:00,0.68899
2025-10-07 20:15:00+02:00,0.22147999999999998
2025-10-07 20:30:00+02:00,0.13144999999999998
2025-10-07 20:45:00+02:00,0.13163999999999998
2025-10-07 21:00:00+02:00,0.12042
2025-10-07 21:15:00+02:00,0.13671
2025-10-07 21:30:00+02:00,0.11056
2025-10-07 21:45:00+02:00,0.1067
2025-10-07 22:00:00+02:00,0.12921000000000002
2025-10-07 22:15:00+02:00,0.14058
2025-10-07 22:30:00+02:00,0.15214
2025-10-07 22:45:00+02:00,0.12532
2025-10-07 23:00:00+02:00,0.15928
2025-10-07 23:15:00+02:00,0.12745
2025-10-07 23:30:00+02:00,0.13371
2025-10-07 23:45:00+02:00,0.13846
2025-10-08 00:00:00+02:00,0.13681000000000001
2025-10-08 00:15:00+02:00,0.11356000000000001
2025-10-08 00:30:00+02:00,0.08654
2025-10-08 00:45:00+02:00,0.08704
2025-10-08 01:00:00+02:00,0.08546
2025-10-08 01:15:00+02:00,0.08465
2025-10-08 01:30:00+02:00,0.08331999999999999
2025-10-08 01:45:00+02:00,0.07586
2025-10-08 02:00:00+02:00,0.09411
2025-10-08 02:15:00+02:00,0.09552
2025-10-08 02:30:00+02:00,0.08744
2025-10-08 02:45:00+02:00,0.08739
2025-10-08 03:00:00+02:00,0.0818
2025-10-08 03:15:00+02:00,0.07781999999999999
2025-10-08 03:30:00+02:00,0.09517
2025-10-08 03:45:00+02:00,0.12390999999999999
2025-10-08 04:00:00+02:00,0.13873
2025-10-08 04:15:00+02:00,0.09741
2025-10-08 04:30:00+02:00,0.13294999999999998
2025-10-08 04:45:00+02:00,0.10784
2025-10-08 05:00:00+02:00,0.08409
2025-10-08 05:15:00+02:00,0.08143
2025-10-08 05:30:00+02:00,0.06976
2025-10-08 05:45:00+02:00,0.071
2025-10-08 06:00:00+02:00,0.2457
2025-10-08 06:15:00+02:00,0.15803999999999999
2025-10-08 06:30:00+02:00,0.16537000000000002
2025-10-08 06:45:00+02:00,0.17215
2025-10-08 07:00:00+02:00,0.15574000000000002
2025-10-08 07:15:00+02:00,0.10314
2025-10-08 07:30:00+02:00,0.10012
2025-10-08 07:45:00+02:00,0.07377
2025-10-08 08:00:00+02:00,0.09653
2025-10-08 08:15:00+02:00,0.12231
2025-10-08 08:30:00+02:00,0.09684999999999999
2025-10-08 08:45:00+02:00,0.08713
2025-10-08 09:00:00+02:00,0.09337000000000001
2025-10-08 09:15:00+02:00,0.08671
2025-10-08 09:30:00+02:00,0.07795
2025-10-08 09:45:00+02:00,0.10346
2025-10-08 10:00:00+02:00,0.13259
2025-10-08 10:15:00+02:00,0.12512
2025-10-08 10:30:00+02:00,0.13803
2025-10-08 10:45:00+02:00,0.1155
2025-10-08 11:00:00+02:00,0.13438999999999998
2025-10-08 11:15:00+02:00,0.10759
2025-10-08 11:30:00+02:00,0.118
2025-10-08 11:45:00+02:00,0.15981
2025-10-08 12:00:00+02:00,0.06503
2025-10-08 12:15:00+02:00,0.06883
2025-10-08 12:30:00+02:00,0.07869
2025-10-08 12:45:00+02:00,0.06477
2025-10-08 13:00:00+02:00,0.09689
2025-10-08 13:15:00+02:00,0.09459999999999999
2025-10-08 13:30:00+02:00,0.09791
2025-10-08 13:45:00+02:00,0.05882
2025-10-08 14:00:00+02:00,0.09254000000000001
2025-10-08 14:15:00+02:00,0.05969
2025-10-08 14:30:00+02:00,0.10181
2025-10-08 14:45:00+02:00,0.05784
2025-10-08 15:00:00+02:00,0.07025
2025-10-08 15:15:00+02:00,0.05732
2025-10-08 15:30:00+02:00,0.11474
2025-10-08 15:45:00+02:00,0.11445999999999999
2025-10-08 16:00:00+02:00,0.11903
2025-10-08 16:15:00+02:00,0.1844
2025-10-08 16:30:00+02:00,0.17406
2025-10-08 16:45:00+02:00,0.18806
2025-10-08 17:00:00+02:00,0.15763
2025-10-08 17:15:00+02:00,0.16711
2025-10-08 17:30:00+02:00,0.23025
2025-10-08 17:45:00+02:00,0.26815
2025-10-08 18:00:00+02:00,0.22247999999999998
2025-10-08 18:15:00+02:00,0.21364
2025-10-08 18:30:00+02:00,0.32950999999999997
2025-10-08 18:45:00+02:00,0.53211
2025-10-08 19:00:00+02:00,0.45988999999999997
2025-10-08 19:15:00+02:00,0.4758
2025-10-08 19:30:00+02:00,0.47246
2025-10-08 19:45:00+02:00,0.35863
2025-10-08 20:00:00+02:00,0.20792
2025-10-08 20:15:00+02:00,0.07712000000000001
2025-10-08 20:30:00+02:00,0.08484
2025-10-08 20:45:00+02:00,0.1247
2025-10-08 21:00:00+02:00,0.16704
2025-10-08 21:15:00+02:00,0.17715
2025-10-08 21:30:00+02:00,0.19209
2025-10-08 21:45:00+02:00,0.1278
2025-10-08 22:00:00+02:00,0.18713
2025-10-08 22:15:00+02:00,0.17097
2025-10-08 22:30:00+02:00,0.07492
2025-10-08 22:45:00+02:00,0.09516
2025-10-08 23:00:00+02:00,0.14844
2025-10-08 23:15:00+02:00,0.15525
2025-10-08 23:30:00+02:00,0.14802
2025-10-08 23:45:00+02:00,0.08015
2025-10-09 00:00:00+02:00,0.11498
2025-10-09 00:15:00+02:00,0.08929999999999999
2025-10-09 00:30:00+02:00,0.10529999999999999
2025-10-09 00:45:00+02:00,0.10859
2025-10-09 01:00:00+02:00,0.13901
2025-10-09 01:15:00+02:00,0.13847
2025-10-09 01:30:00+02:00,0.13319
2025-10-09 01:45:00+02:00,0.12135
2025-10-09 02:00:00+02:00,0.1187
2025-10-09 02:15:00+02:00,0.1232
2025-10-09 02:30:00+02:00,0.12968000000000002
2025-10-09 02:45:00+02:00,0.12821000000000002
2025-10-09 03:00:00+02:00,0.11479
2025-10-09 03:15:00+02:00,0.12068000000000001
2025-10-09 03:30:00+02:00,0.10225
2025-10-09 03:45:00+02:00,0.11254
2025-10-09 04:00:00+02:00,0.15812
2025-10-09 04:15:00+02:00,0.12369
2025-10-09 04:30:00+02:00,0.12444
2025-10-09 04:45:00+02:00,0.10512
2025-10-09 05:00:00+02:00,0.10876000000000001
2025-10-09 05:15:00+02:00,0.11653
2025-10-09 05:30:00+02:00,0.11810999999999999
2025-10-09 05:45:00+02:00,0.13825
2025-10-09 06:00:00+02:00,0.16927
2025-10-09 06:15:00+02:00,0.17656
2025-10-09 06:30:00+02:00,0.18759
2025-10-09 06:45:00+02:00,0.21396
2025-10-09 07:00:00+02:00,0.14806
2025-10-09 07:15:00+02:00,0.27486
2025-10-09 07:30:00+02:00,0.26424000000000003
2025-10-09 07:45:00+02:00,0.15818000000000002
2025-10-09 08:00:00+02:00,0.12741
2025-10-09 08:15:00+02:00,0.13813999999999999
2025-10-09 08:30:00+02:00,0.21877000000000002
2025-10-09 08:45:00+02:00,0.17862999999999998
2025-10-09 09:00:00+02:00,0.20884
2025-10-09 09:15:00+02:00,0.10311
2025-10-09 09:30:00+02:00,0.09157
2025-10-09 09:45:00+02:00,0.07429999999999999
2025-10-09 10:00:00+02:00,0.055009999999999996
2025-10-09 10:15:00+02:00,0.08143
2025-10-09 10:30:00+02:00,0.08431999999999999
2025-10-09 10:45:00+02:00,0.09681000000000001
2025-10-09 11:00:00+02:00,0.18025
2025-10-09 11:15:00+02:00,0.15974000000000002
2025-10-09 11:30:00+02:00,0.12518
2025-10-09 11:45:00+02:00,0.11697
2025-10-09 12:00:00+02:00,0.24237
2025-10-09 12:15:00+02:00,0.30419999999999997
2025-10-09 12:30:00+02:00,0.36586
2025-10-09 12:45:00+02:00,0.25969
2025-10-09 13:00:00+02:00,0.24978
2025-10-09 13:15:00+02:00,0.35189
2025-10-09 13:30:00+02:00,0.38744
2025-10-09 13:45:00+02:00,0.29195
2025-10-09 14:00:00+02:00,0.27456
2025-10-09 14:15:00+02:00,0.3
2025-10-09 14:30:00+02:00,0.17016
2025-10-09 14:45:00+02:00,0.21653
2025-10-09 15:00:00+02:00,0.15041
2025-10-09 15:15:00+02:00,0.18469999999999998
2025-10-09 15:30:00+02:00,0.23473
2025-10-09 15:45:00+02:00,0.23031000000000001
2025-10-09 16:00:00+02:00,0.22568000000000002
2025-10-09 16:15:00+02:00,0.23686000000000001
2025-10-09 16:30:00+02:00,0.21944999999999998
2025-10-09 16:45:00+02:00,0.07708
2025-10-09 17:00:00+02:00,0.08765
2025-10-09 17:15:00+02:00,0.03452
2025-10-09 17:30:00+02:00,0.024149999999999998
2025-10-09 17:45:00+02:00,0.04852
2025-10-09 18:00:00+02:00,0.06569
2025-10-09 18:15:00+02:00,0.06074
2025-10-09 18:30:00+02:00,0.06678
2025-10-09 18:45:00+02:00,0.10345
2025-10-09 19:00:00+02:00,0.12317
2025-10-09 19:15:00+02:00,0.13893
2025-10-09 19:30:00+02:00,0.15672999999999998
2025-10-09 19:45:00+02:00,0.13731000000000002
2025-10-09 20:00:00+02:00,0.13991
2025-10-09 20:15:00+02:00,0.10418000000000001
2025-10-09 20:30:00+02:00,0.12763
2025-10-09 20:45:00+02:00,0.10737999999999999
2025-10-09 21:00:00+02:00,0.11927
2025-10-09 21:15:00+02:00,0.11529
2025-10-09 21:30:00+02:00,0.12883
2025-10-09 21:45:00+02:00,0.14509
2025-10-09 22:00:00+02:00,0.12904
2025-10-09 22:15:00+02:00,0.09298000000000001
2025-10-09 22:30:00+02:00,0.05219
2025-10-09 22:45:00+02:00,0.08872
2025-10-09 23:00:00+02:00,0.10648
2025-10-09 23:15:00+02:00,0.11388
2025-10-09 23:30:00+02:00,0.11996
2025-10-09 23:45:00+02:00,0.12018999999999999
2025-10-10 00:00:00+02:00,0.11873
2025-10-10 00:15:00+02:00,0.01408
2025-10-10 00:30:00+02:00,0.05657
2025-10-10 00:45:00+02:00,0.09661
2025-10-10 01:00:00+02:00,0.12278
2025-10-10 01:15:00+02:00,0.11231000000000001
2025-10-10 01:30:00+02:00,0.10536
2025-10-10 01:45:00+02:00,0.12332
2025-10-10 02:00:00+02:00,0.12759
2025-10-10 02:15:00+02:00,0.12436
2025-10-10 02:30:00+02:00,0.13518
2025-10-10 02:45:00+02:00,0.10488
2025-10-10 03:00:00+02:00,0.07826000000000001
2025-10-10 03:15:00+02:00,0.07257999999999999
2025-10-10 03:30:00+02:00,0.07266
2025-10-10 03:45:00+02:00,0.06801
2025-10-10 04:00:00+02:00,0.07521
2025-10-10 04:15:00+02:00,0.07361
2025-10-10 04:30:00+02:00,0.06631999999999999
2025-10-10 04:45:00+02:00,0.07561
2025-10-10 05:00:00+02:00,0.09593
2025-10-10 05:15:00+02:00,0.08012000000000001
2025-10-10 05:30:00+02:00,0.06318
2025-10-10 05:45:00+02:00,0.07208
2025-10-10 06:00:00+02:00,0.14486000000000002
2025-10-10 06:15:00+02:00,0.09870999999999999
2025-10-10 06:30:00+02:00,0.11613
2025-10-10 06:45:00+02:00,0.15325
2025-10-10 07:00:00+02:00,0.15494
2025-10-10 07:15:00+02:00,0.14201
2025-10-10 07:30:00+02:00,0.15016
2025-10-10 07:45:00+02:00,0.1056
2025-10-10 08:00:00+02:00,0.13076
2025-10-10 08:15:00+02:00,0.13892
2025-10-10 08:30:00+02:00,0.15552000000000002
2025-10-10 08:45:00+02:00,0.15986
2025-10-10 09:00:00+02:00,0.21586000000000002
2025-10-10 09:15:00+02:00,0.23906
2025-10-10 09:30:00+02:00,0.21434
2025-10-10 09:45:00+02:00,0.20128000000000001
2025-10-10 10:00:00+02:00,0.21678
2025-10-10 10:15:00+02:00,0.25304
2025-10-10 10:30:00+02:00,0.25045
2025-10-10 10:45:00+02:00,0.27335000000000004
2025-10-10 11:00:00+02:00,0.22235
2025-10-10 11:15:00+02:00,0.25683999999999996
2025-10-10 11:30:00+02:00,0.33724
2025-10-10 11:45:00+02:00,0.50103
2025-10-10 12:00:00+02:00,0.56668
2025-10-10 12:15:00+02:00,0.74291
2025-10-10 12:30:00+02:00,1.1143299999999998
2025-10-10 12:45:00+02:00,0.33253
2025-10-10 13:00:00+02:00,0.11083
2025-10-10 13:15:00+02:00,0.09536
2025-10-10 13:30:00+02:00,0.09419
2025-10-10 13:45:00+02:00,0.08465
2025-10-10 14:00:00+02:00,0.14736000000000002
2025-10-10 14:15:00+02:00,0.15775
2025-10-10 14:30:00+02:00,0.16394999999999998
2025-10-10 14:45:00+02:00,0.18686000000000003
2025-10-10 15:00:00+02:00,0.18009999999999998
2025-10-10 15:15:00+02:00,0.16987
2025-10-10 15:30:00+02:00,0.12742
2025-10-10 15:45:00+02:00,0.12237
2025-10-10 16:00:00+02:00,0.12830000000000003
2025-10-10 16:15:00+02:00,0.14798
2025-10-10 16:30:00+02:00,0.07745999999999999
2025-10-10 16:45:00+02:00,0.07364
2025-10-10 17:00:00+02:00,0.09644
2025-10-10 17:15:00+02:00,0.08234
2025-10-10 17:30:00+02:00,0.08043
2025-10-10 17:45:00+02:00,0.06722
2025-10-10 18:00:00+02:00,0.10997
2025-10-10 18:15:00+02:00,0.08608
2025-10-10 18:30:00+02:00,0.09936
2025-10-10 18:45:00+02:00,0.191
2025-10-10 19:00:00+02:00,0.16152
2025-10-10 19:15:00+02:00,0.15569
2025-10-10 19:30:00+02:00,0.11719
2025-10-10 19:45:00+02:00,0.11818000000000001
2025-10-10 20:00:00+02:00,0.08148999999999999
2025-10-10 20:15:00+02:00,0.07204
2025-10-10 20:30:00+02:00,0.07773000000000001
2025-10-10 20:45:00+02:00,0.09973
2025-10-10 21:00:00+02:00,0.0994
2025-10-10 21:15:00+02:00,0.10134
2025-10-10 21:30:00+02:00,0.09148999999999999
2025-10-10 21:45:00+02:00,0.05375
2025-10-10 22:00:00+02:00,0.12257
2025-10-10 22:15:00+02:00,0.12526
2025-10-10 22:30:00+02:00,0.13939
2025-10-10 22:45:00+02:00,0.15775
2025-10-10 23:00:00+02:00,0.12704000000000001
2025-10-10 23:15:00+02:00,0.1024
2025-10-10 23:30:00+02:00,0.13433
2025-10-10 23:45:00+02:00,0.1245
2025-10-11 00:00:00+02:00,0.10181
2025-10-11 00:15:00+02:00,0.07343999999999999
2025-10-11 00:30:00+02:00,0.05812
2025-10-11 00:45:00+02:00,0.03805
2025-10-11 01:00:00+02:00,0.055229999999999994
2025-10-11 01:15:00+02:00,0.06786
2025-10-11 01:30:00+02:00,0.07306
2025-10-11 01:45:00+02:00,0.07536
2025-10-11 02:00:00+02:00,0.06063
2025-10-11 02:15:00+02:00,0.05966
2025-10-11 02:30:00+02:00,0.05629
2025-10-11 02:45:00+02:00,0.07266
2025-10-11 03:00:00+02:00,0.07714
2025-10-11 03:15:00+02:00,0.08899
2025-10-11 03:30:00+02:00,0.0819
2025-10-11 03:45:00+02:00,0.054689999999999996
2025-10-11 04:00:00+02:00,0.05838
2025-10-11 04:15:00+02:00,0.047659999999999994
2025-10-11 04:30:00+02:00,0.054020000000000006
2025-10-11 04:45:00+02:00,0.05479
2025-10-11 05:00:00+02:00,0.06906999999999999
2025-10-11 05:15:00+02:00,0.06749
2025-10-11 05:30:00+02:00,0.08218
2025-10-11 05:45:00+02:00,0.06527
2025-10-11 06:00:00+02:00,0.05846
2025-10-11 06:15:00+02:00,0.05656
2025-10-11 06:30:00+02:00,0.055009999999999996
2025-10-11 06:45:00+02:00,0.06819
2025-10-11 07:00:00+02:00,0.07640999999999999
2025-10-11 07:15:00+02:00,0.10479999999999999
2025-10-11 07:30:00+02:00,0.11739
2025-10-11 07:45:00+02:00,0.09720000000000001
2025-10-11 08:00:00+02:00,0.07844
2025-10-11 08:15:00+02:00,0.0974
2025-10-11 08:30:00+02:00,0.08295
2025-10-11 08:45:00+02:00,0.062060000000000004
2025-10-11 09:00:00+02:00,0.06593
2025-10-11 09:15:00+02:00,0.04371
2025-10-11 09:30:00+02:00,0.04247
2025-10-11 09:45:00+02:00,0.048060000000000005
2025-10-11 10:00:00+02:00,0.05554
2025-10-11 10:15:00+02:00,0.13052
2025-10-11 10:30:00+02:00,0.13885
2025-10-11 10:45:00+02:00,0.12559
2025-10-11 11:00:00+02:00,0.08083
2025-10-11 11:15:00+02:00,0.07678
2025-10-11 11:30:00+02:00,0.11923
2025-10-11 11:45:00+02:00,0.11216
2025-10-11 12:00:00+02:00,0.05915
2025-10-11 12:15:00+02:00,0.03929
2025-10-11 12:30:00+02:00,0.06141
2025-10-11 12:45:00+02:00,0.05743
2025-10-11 13:00:00+02:00,0.07152
2025-10-11 13:15:00+02:00,0.07228
2025-10-11 13:30:00+02:00,0.07725
2025-10-11 13:45:00+02:00,0.05005
2025-10-11 14:00:00+02:00,0.04319
2025-10-11 14:15:00+02:00,0.03785
2025-10-11 14:30:00+02:00,0.03399
2025-10-11 14:45:00+02:00,0.11112999999999999
2025-10-11 15:00:00+02:00,0.14003
2025-10-11 15:15:00+02:00,0.14143
2025-10-11 15:30:00+02:00,0.15381
2025-10-11 15:45:00+02:00,0.15375
2025-10-11 16:00:00+02:00,0.13713
2025-10-11 16:15:00+02:00,0.1024
2025-10-11 16:30:00+02:00,0.06271
2025-10-11 16:45:00+02:00,0.07745999999999999
2025-10-11 17:00:00+02:00,0.10198
2025-10-11 17:15:00+02:00,0.12052
2025-10-11 17:30:00+02:00,0.13287000000000002
2025-10-11 17:45:00+02:00,0.1328
2025-10-11 18:00:00+02:00,0.13136
2025-10-11 18:15:00+02:00,0.11425
2025-10-11 18:30:00+02:00,0.12969
2025-10-11 18:45:00+02:00,0.14625
2025-10-11 19:00:00+02:00,0.13616999999999999
2025-10-11 19:15:00+02:00,0.12588
2025-10-11 19:30:00+02:00,0.1157
2025-10-11 19:45:00+02:00,0.1028
2025-10-11 20:00:00+02:00,0.10349
2025-10-11 20:15:00+02:00,0.07357
2025-10-11 20:30:00+02:00,0.10331
2025-10-11 20:45:00+02:00,0.09162000000000001
2025-10-11 21:00:00+02:00,0.12701
2025-10-11 21:15:00+02:00,0.14612
2025-10-11 21:30:00+02:00,0.11869
2025-10-11 21:45:00+02:00,0.12566
2025-10-11 22:00:00+02:00,0.11352
2025-10-11 22:15:00+02:00,0.10376
2025-10-11 22:30:00+02:00,0.09392
2025-10-11 22:45:00+02:00,0.08385
2025-10-11 23:00:00+02:00,0.09439
2025-10-11 23:15:00+02:00,0.08836
2025-10-11 23:30:00+02:00,0.10790000000000001
2025-10-11 23:45:00+02:00,0.13641
2025-10-12 00:00:00+02:00,0.1072
2025-10-12 00:15:00+02:00,0.11478000000000001
2025-10-12 00:30:00+02:00,0.08914
2025-10-12 00:45:00+02:00,0.08253
2025-10-12 01:00:00+02:00,0.06966
2025-10-12 01:15:00+02:00,0.06637
2025-10-12 01:30:00+02:00,0.06761
2025-10-12 01:45:00+02:00,0.06543
2025-10-12 02:00:00+02:00,0.0768
2025-10-12 02:15:00+02:00,0.09186
2025-10-12 02:30:00+02:00,0.08929000000000001
2025-10-12 02:45:00+02:00,0.08824
2025-10-12 03:00:00+02:00,0.07643000000000001
2025-10-12 03:15:00+02:00,0.06517
2025-10-12 03:30:00+02:00,0.05923
2025-10-12 03:45:00+02:00,0.0979
2025-10-12 04:00:00+02:00,0.09217
2025-10-12 04:15:00+02:00,0.0815
2025-10-12 04:30:00+02:00,0.09755
2025-10-12 04:45:00+02:00,0.12632
2025-10-12 05:00:00+02:00,0.11463
2025-10-12 05:15:00+02:00,0.13513999999999998
2025-10-12 05:30:00+02:00,0.16204
2025-10-12 05:45:00+02:00,0.14094
2025-10-12 06:00:00+02:00,0.10912000000000001
2025-10-12 06:15:00+02:00,0.0767
2025-10-12 06:30:00+02:00,0.07573
2025-10-12 06:45:00+02:00,0.08398
2025-10-12 07:00:00+02:00,0.07339
2025-10-12 07:15:00+02:00,0.09101000000000001
2025-10-12 07:30:00+02:00,0.0854
2025-10-12 07:45:00+02:00,0.09340999999999999
2025-10-12 08:00:00+02:00,0.12312000000000001
2025-10-12 08:15:00+02:00,0.14607
2025-10-12 08:30:00+02:00,0.15369999999999998
2025-10-12 08:45:00+02:00,0.07993
2025-10-12 09:00:00+02:00,0.08184999999999999
2025-10-12 09:15:00+02:00,0.06264
2025-10-12 09:30:00+02:00,0.055549999999999995
2025-10-12 09:45:00+02:00,0.09902
2025-10-12 10:00:00+02:00,0.11044
2025-10-12 10:15:00+02:00,0.09115999999999999
2025-10-12 10:30:00+02:00,0.10704999999999999
2025-10-12 10:45:00+02:00,0.09778
2025-10-12 11:00:00+02:00,0.09038
2025-10-12 11:15:00+02:00,0.10217
2025-10-12 11:30:00+02:00,0.10954000000000001
2025-10-12 11:45:00+02:00,0.08384
2025-10-12 12:00:00+02:00,0.08145999999999999
2025-10-12 12:15:00+02:00,0.06078
2025-10-12 12:30:00+02:00,0.055189999999999996
2025-10-12 12:45:00+02:00,0.07714
2025-10-12 13:00:00+02:00,0.10516
2025-10-12 13:15:00+02:00,0.12284
2025-10-12 13:30:00+02:00,0.12171
2025-10-12 13:45:00+02:00,0.11494
2025-10-12 14:00:00+02:00,0.08433
2025-10-12 14:15:00+02:00,0.08045000000000001
2025-10-12 14:30:00+02:00,0.08191
2025-10-12 14:45:00+02:00,0.06228
2025-10-12 15:00:00+02:00,0.055479999999999995
2025-10-12 15:15:00+02:00,0.07911
2025-10-12 15:30:00+02:00,0.06431999999999999
2025-10-12 15:45:00+02:00,0.06455
2025-10-12 16:00:00+02:00,0.09129999999999999
2025-10-12 16:15:00+02:00,0.13401
2025-10-12 16:30:00+02:00,0.09476000000000001
2025-10-12 16:45:00+02:00,0.09121
2025-10-12 17:00:00+02:00,0.10246
2025-10-12 17:15:00+02:00,0.1451
2025-10-12 17:30:00+02:00,0.14422
2025-10-12 17:45:00+02:00,0.15934
2025-10-12 18:00:00+02:00,0.17561000000000002
2025-10-12 18:15:00+02:00,0.18191
2025-10-12 18:30:00+02:00,0.16923
2025-10-12 18:45:00+02:00,0.1794
2025-10-12 19:00:00+02:00,0.16705
2025-10-12 19:15:00+02:00,0.15952000000000002
2025-10-12 19:30:00+02:00,0.16706000000000001
2025-10-12 19:45:00+02:00,0.14887999999999998
2025-10-12 20:00:00+02:00,0.16275
2025-10-12 20:15:00+02:00,0.16776
2025-10-12 20:30:00+02:00,0.16658
2025-10-12 20:45:00+02:00,0.19158
2025-10-12 21:00:00+02:00,0.15281999999999998
2025-10-12 21:15:00+02:00,0.14656
2025-10-12 21:30:00+02:00,0.15145
2025-10-12 21:45:00+02:00,0.12581
2025-10-12 22:00:00+02:00,0.1464
2025-10-12 22:15:00+02:00,0.11031
2025-10-12 22:30:00+02:00,0.11609
2025-10-12 22:45:00+02:00,0.10502
2025-10-12 23:00:00+02:00,0.11961
2025-10-12 23:15:00+02:00,0.10329
2025-10-12 23:30:00+02:00,0.09578
2025-10-12 23:45:00+02:00,0.08102
2025-10-13 00:00:00+02:00,0.10136
2025-10-13 00:15:00+02:00,0.09855
2025-10-13 00:30:00+02:00,0.08733
2025-10-13 00:45:00+02:00,0.09544
2025-10-13 01:00:00+02:00,0.09589
2025-10-13 01:15:00+02:00,0.10072
2025-10-13 01:30:00+02:00,0.12095
2025-10-13 01:45:00+02:00,0.11048999999999999
2025-10-13 02:00:00+02:00,0.15631
2025-10-13 02:15:00+02:00,0.13411
2025-10-13 02:30:00+02:00,0.12425
2025-10-13 02:45:00+02:00,0.12003
2025-10-13 03:00:00+02:00,0.09225
2025-10-13 03:15:00+02:00,0.1025
2025-10-13 03:30:00+02:00,0.08153
2025-10-13 03:45:00+02:00,0.0895
2025-10-13 04:00:00+02:00,0.10671
2025-10-13 04:15:00+02:00,0.13742
2025-10-13 04:30:00+02:00,0.12124
2025-10-13 04:45:00+02:00,0.11445
2025-10-13 05:00:00+02:00,0.1352
2025-10-13 05:15:00+02:00,0.12359999999999999
2025-10-13 05:30:00+02:00,0.1605
2025-10-13 05:45:00+02:00,0.18294
2025-10-13 06:00:00+02:00,0.11331000000000001
2025-10-13 06:15:00+02:00,0.10001
2025-10-13 06:30:00+02:00,0.07984999999999999
2025-10-13 06:45:00+02:00,0.15497
2025-10-13 07:00:00+02:00,0.11426
2025-10-13 07:15:00+02:00,0.16288
2025-10-13 07:30:00+02:00,0.10998999999999999
2025-10-13 07:45:00+02:00,0.12123
2025-10-13 08:00:00+02:00,0.125
2025-10-13 08:15:00+02:00,0.12087
2025-10-13 08:30:00+02:00,0.116
2025-10-13 08:45:00+02:00,0.08696
2025-10-13 09:00:00+02:00,0.09778
2025-10-13 09:15:00+02:00,0.10492
2025-10-13 09:30:00+02:00,0.11799
2025-10-13 09:45:00+02:00,0.12355
2025-10-13 10:00:00+02:00,0.073
2025-10-13 10:15:00+02:00,0.12009
2025-10-13 10:30:00+02:00,0.11444
2025-10-13 10:45:00+02:00,0.17353
2025-10-13 11:00:00+02:00,0.19432
2025-10-13 11:15:00+02:00,0.18246
2025-10-13 11:30:00+02:00,0.20531
2025-10-13 11:45:00+02:00,0.16401
2025-10-13 12:00:00+02:00,0.10501
2025-10-13 12:15:00+02:00,0.10669
2025-10-13 12:30:00+02:00,0.14447
2025-10-13 12:45:00+02:00,0.13527
2025-10-13 13:00:00+02:00,0.20706
2025-10-13 13:15:00+02:00,0.18708000000000002
2025-10-13 13:30:00+02:00,0.17815
2025-10-13 13:45:00+02:00,0.137
2025-10-13 14:00:00+02:00,0.15963999999999998
2025-10-13 14:15:00+02:00,0.17923
2025-10-13 14:30:00+02:00,0.17487
2025-10-13 14:45:00+02:00,0.17576
2025-10-13 15:00:00+02:00,0.18022
2025-10-13 15:15:00+02:00,0.12473000000000001
2025-10-13 15:30:00+02:00,0.08055
2025-10-13 15:45:00+02:00,0.19448
2025-10-13 16:00:00+02:00,0.20516
2025-10-13 16:15:00+02:00,0.08509
2025-10-13 16:30:00+02:00,0.1589
2025-10-13 16:45:00+02:00,0.07403
2025-10-13 17:00:00+02:00,0.08603
2025-10-13 17:15:00+02:00,0.09981
2025-10-13 17:30:00+02:00,0.09636
2025-10-13 17:45:00+02:00,0.28331
2025-10-13 18:00:00+02:00,0.22836
2025-10-13 18:15:00+02:00,0.23562
2025-10-13 18:30:00+02:00,0.29041
2025-10-13 18:45:00+02:00,0.30818
2025-10-13 19:00:00+02:00,0.2812
2025-10-13 19:15:00+02:00,0.22199000000000002
2025-10-13 19:30:00+02:00,0.13579
2025-10-13 19:45:00+02:00,0.11733
2025-10-13 20:00:00+02:00,0.14576
2025-10-13 20:15:00+02:00,0.15078
2025-10-13 20:30:00+02:00,0.11116
2025-10-13 20:45:00+02:00,0.09753
2025-10-13 21:00:00+02:00,0.10446
2025-10-13 21:15:00+02:00,0.1026
2025-10-13 21:30:00+02:00,0.14980000000000002
2025-10-13 21:45:00+02:00,0.1288
2025-10-13 22:00:00+02:00,0.15811
2025-10-13 22:15:00+02:00,0.13179
2025-10-13 22:30:00+02:00,0.16801
2025-10-13 22:45:00+02:00,0.13579
2025-10-13 23:00:00+02:00,0.111
2025-10-13 23:15:00+02:00,0.09726
2025-10-13 23:30:00+02:00,0.09704
2025-10-13 23:45:00+02:00,0.09147
2025-10-14 00:00:00+02:00,0.13643
2025-10-14 00:15:00+02:00,0.08977
2025-10-14 00:30:00+02:00,0.16125
2025-10-14 00:45:00+02:00,0.15883
2025-10-14 01:00:00+02:00,0.09838
2025-10-14 01:15:00+02:00,0.10321
2025-10-14 01:30:00+02:00,0.12554
2025-10-14 01:45:00+02:00,0.12315999999999999
2025-10-14 02:00:00+02:00,0.09605
2025-10-14 02:15:00+02:00,0.12027
2025-10-14 02:30:00+02:00,0.13607
2025-10-14 02:45:00+02:00,0.13454
2025-10-14 03:00:00+02:00,0.12971000000000002
2025-10-14 03:15:00+02:00,0.13078
2025-10-14 03:30:00+02:00,0.14108
2025-10-14 03:45:00+02:00,0.12931
2025-10-14 04:00:00+02:00,0.11875
2025-10-14 04:15:00+02:00,0.09089
2025-10-14 04:30:00+02:00,0.10685
2025-10-14 04:45:00+02:00,0.10151
2025-10-14 05:00:00+02:00,0.12707
2025-10-14 05:15:00+02:00,0.10887999999999999
2025-10-14 05:30:00+02:00,0.11762
2025-10-14 05:45:00+02:00,0.10751000000000001
2025-10-14 06:00:00+02:00,0.06951
2025-10-14 06:15:00+02:00,0.07251
2025-10-14 06:30:00+02:00,0.09190999999999999
2025-10-14 06:45:00+02:00,0.12473000000000001
2025-10-14 07:00:00+02:00,0.18566
2025-10-14 07:15:00+02:00,0.18237
2025-10-14 07:30:00+02:00,0.19734000000000002
2025-10-14 07:45:00+02:00,0.11352
2025-10-14 08:00:00+02:00,0.09057
2025-10-14 08:15:00+02:00,0.1149
2025-10-14 08:30:00+02:00,0.13072999999999999
2025-10-14 08:45:00+02:00,0.07995000000000001
2025-10-14 09:00:00+02:00,0.09579
2025-10-14 09:15:00+02:00,0.08579
2025-10-14 09:30:00+02:00,0.07812000000000001
2025-10-14 09:45:00+02:00,0.08509
2025-10-14 10:00:00+02:00,0.055810000000000005
2025-10-14 10:15:00+02:00,0.05354
2025-10-14 10:30:00+02:00,0.05018
2025-10-14 10:45:00+02:00,0.05321
2025-10-14 11:00:00+02:00,0.06863
2025-10-14 11:15:00+02:00,0.05353
2025-10-14 11:30:00+02:00,0.05596
2025-10-14 11:45:00+02:00,0.05115
2025-10-14 12:00:00+02:00,0.12794
2025-10-14 12:15:00+02:00,0.08012000000000001
2025-10-14 12:30:00+02:00,0.05859
2025-10-14 12:45:00+02:00,0.020329999999999997
2025-10-14 13:00:00+02:00,0.07446
2025-10-14 13:15:00+02:00,0.06693
2025-10-14 13:30:00+02:00,0.07398
2025-10-14 13:45:00+02:00,0.05914
2025-10-14 14:00:00+02:00,0.06973
2025-10-14 14:15:00+02:00,0.08496
2025-10-14 14:30:00+02:00,0.08058
2025-10-14 14:45:00+02:00,0.10886
2025-10-14 15:00:00+02:00,0.07693000000000001
2025-10-14 15:15:00+02:00,0.09186
2025-10-14 15:30:00+02:00,0.06645999999999999
2025-10-14 15:45:00+02:00,0.08787
2025-10-14 16:00:00+02:00,0.07478
2025-10-14 16:15:00+02:00,0.07740000000000001
2025-10-14 16:30:00+02:00,0.17355
2025-10-14 16:45:00+02:00,0.12345
2025-10-14 17:00:00+02:00,0.061009999999999995
2025-10-14 17:15:00+02:00,0.05289
2025-10-14 17:30:00+02:00,0.19207
2025-10-14 17:45:00+02:00,0.24034
2025-10-14 18:00:00+02:00,0.13803
2025-10-14 18:15:00+02:00,0.15859
2025-10-14 18:30:00+02:00,0.29279
2025-10-14 18:45:00+02:00,0.365
2025-10-14 19:00:00+02:00,0.43351
2025-10-14 19:15:00+02:00,0.39106
2025-10-14 19:30:00+02:00,0.48473
2025-10-14 19:45:00+02:00,0.1103
2025-10-14 20:00:00+02:00,0.12332
2025-10-14 20:15:00+02:00,0.08979000000000001
2025-10-14 20:30:00+02:00,0.18142
2025-10-14 20:45:00+02:00,0.0861
2025-10-14 21:00:00+02:00,0.09362000000000001
2025-10-14 21:15:00+02:00,0.08806
2025-10-14 21:30:00+02:00,0.12838
2025-10-14 21:45:00+02:00,0.14577
2025-10-14 22:00:00+02:00,0.16891
2025-10-14 22:15:00+02:00,0.14082
2025-10-14 22:30:00+02:00,0.16243000000000002
2025-10-14 22:45:00+02:00,0.09641
2025-10-14 23:00:00+02:00,0.09154000000000001
2025-10-14 23:15:00+02:00,0.09417
2025-10-14 23:30:00+02:00,0.10313
2025-10-14 23:45:00+02:00,0.14846
2025-10-15 00:00:00+02:00,0.14044
2025-10-15 00:15:00+02:00,0.14515
2025-10-15 00:30:00+02:00,0.13584000000000002
2025-10-15 00:45:00+02:00,0.13368
2025-10-15 01:00:00+02:00,0.13772
2025-10-15 01:15:00+02:00,0.23535
2025-10-15 01:30:00+02:00,0.17288
2025-10-15 01:45:00+02:00,0.1439
2025-10-15 02:00:00+02:00,0.13121000000000002
2025-10-15 02:15:00+02:00,0.10628
2025-10-15 02:30:00+02:00,0.09095
2025-10-15 02:45:00+02:00,0.10391
2025-10-15 03:00:00+02:00,0.10385
2025-10-15 03:15:00+02:00,0.10017
2025-10-15 03:30:00+02:00,0.08713
2025-10-15 03:45:00+02:00,0.0768
2025-10-15 04:00:00+02:00,0.11354
2025-10-15 04:15:00+02:00,0.10593999999999999
2025-10-15 04:30:00+02:00,0.11563
2025-10-15 04:45:00+02:00,0.12268000000000001
2025-10-15 05:00:00+02:00,0.103
2025-10-15 05:15:00+02:00,0.11668
2025-10-15 05:30:00+02:00,0.07878
2025-10-15 05:45:00+02:00,0.07443000000000001
2025-10-15 06:00:00+02:00,0.09237000000000001
2025-10-15 06:15:00+02:00,0.15602000000000002
2025-10-15 06:30:00+02:00,0.08889
2025-10-15 06:45:00+02:00,0.08025
2025-10-15 07:00:00+02:00,0.14640999999999998
2025-10-15 07:15:00+02:00,0.12097
2025-10-15 07:30:00+02:00,0.12824000000000002
2025-10-15 07:45:00+02:00,0.11921
2025-10-15 08:00:00+02:00,0.10923000000000001
2025-10-15 08:15:00+02:00,0.14487
2025-10-15 08:30:00+02:00,0.14254
2025-10-15 08:45:00+02:00,0.12326000000000001
2025-10-15 09:00:00+02:00,0.10516
2025-10-15 09:15:00+02:00,0.10533
2025-10-15 09:30:00+02:00,0.07293000000000001
2025-10-15 09:45:00+02:00,0.06802
2025-10-15 10:00:00+02:00,0.14984999999999998
2025-10-15 10:15:00+02:00,0.15375999999999998
2025-10-15 10:30:00+02:00,0.14014
2025-10-15 10:45:00+02:00,0.13976
2025-10-15 11:00:00+02:00,0.16113999999999998
2025-10-15 11:15:00+02:00,0.14343
2025-10-15 11:30:00+02:00,0.16377
2025-10-15 11:45:00+02:00,0.14679
2025-10-15 12:00:00+02:00,0.13435
2025-10-15 12:15:00+02:00,0.12807
2025-10-15 12:30:00+02:00,0.15241
2025-10-15 12:45:00+02:00,0.16137
2025-10-15 13:00:00+02:00,0.18594999999999998
2025-10-15 13:15:00+02:00,0.19097999999999998
2025-10-15 13:30:00+02:00,0.19806
2025-10-15 13:45:00+02:00,0.18191
2025-10-15 14:00:00+02:00,0.15894
2025-10-15 14:15:00+02:00,0.14381
2025-10-15 14:30:00+02:00,0.16595
2025-10-15 14:45:00+02:00,0.17108
2025-10-15 15:00:00+02:00,0.16433
2025-10-15 15:15:00+02:00,0.15800999999999998
2025-10-15 15:30:00+02:00,0.19862
2025-10-15 15:45:00+02:00,0.12422
2025-10-15 16:00:00+02:00,0.14256
2025-10-15 16:15:00+02:00,0.12212
2025-10-15 16:30:00+02:00,0.10826000000000001
2025-10-15 16:45:00+02:00,0.08763
2025-10-15 17:00:00+02:00,0.12692
2025-10-15 17:15:00+02:00,0.12816
2025-10-15 17:30:00+02:00,0.16661
2025-10-15 17:45:00+02:00,0.08372
2025-10-15 18:00:00+02:00,0.1044
2025-10-15 18:15:00+02:00,0.09608
2025-10-15 18:30:00+02:00,0.09898
2025-10-15 18:45:00+02:00,0.09409999999999999
2025-10-15 19:00:00+02:00,0.11173000000000001
2025-10-15 19:15:00+02:00,0.13037
2025-10-15 19:30:00+02:00,0.11815
2025-10-15 19:45:00+02:00,0.14628
2025-10-15 20:00:00+02:00,0.17275
2025-10-15 20:15:00+02:00,0.17296
2025-10-15 20:30:00+02:00,0.12108
2025-10-15 20:45:00+02:00,0.16868
2025-10-15 21:00:00+02:00,0.09547
2025-10-15 21:15:00+02:00,0.09879
2025-10-15 21:30:00+02:00,0.13262000000000002
2025-10-15 21:45:00+02:00,0.14334
2025-10-15 22:00:00+02:00,0.15683000000000002
2025-10-15 22:15:00+02:00,0.17047
2025-10-15 22:30:00+02:00,0.08621
2025-10-15 22:45:00+02:00,0.0825
2025-10-15 23:00:00+02:00,0.0719
2025-10-15 23:15:00+02:00,0.06431
2025-10-15 23:30:00+02:00,0.08031
2025-10-15 23:45:00+02:00,0.07257999999999999
2025-10-16 00:00:00+02:00,0.10518000000000001
2025-10-16 00:15:00+02:00,0.14318999999999998
2025-10-16 00:30:00+02:00,0.14764
2025-10-16 00:45:00+02:00,0.08401
2025-10-16 01:00:00+02:00,0.06785
2025-10-16 01:15:00+02:00,0.06203
2025-10-16 01:30:00+02:00,0.05815
2025-10-16 01:45:00+02:00,0.12642
2025-10-16 02:00:00+02:00,0.13796
2025-10-16 02:15:00+02:00,0.15284
2025-10-16 02:30:00+02:00,0.149
2025-10-16 02:45:00+02:00,0.16562000000000002
2025-10-16 03:00:00+02:00,0.15167
2025-10-16 03:15:00+02:00,0.08872
2025-10-16 03:30:00+02:00,0.09132
2025-10-16 03:45:00+02:00,0.08566
2025-10-16 04:00:00+02:00,0.11336
2025-10-16 04:15:00+02:00,0.08112
2025-10-16 04:30:00+02:00,0.05052
2025-10-16 04:45:00+02:00,0.08292000000000001
2025-10-16 05:00:00+02:00,0.04734
2025-10-16 05:15:00+02:00,0.15538
2025-10-16 05:30:00+02:00,0.18709
2025-10-16 05:45:00+02:00,0.15184
2025-10-16 06:00:00+02:00,0.16823
2025-10-16 06:15:00+02:00,0.09751
2025-10-16 06:30:00+02:00,0.09470999999999999
2025-10-16 06:45:00+02:00,0.10435
2025-10-16 07:00:00+02:00,0.06591
2025-10-16 07:15:00+02:00,0.10378
2025-10-16 07:30:00+02:00,0.14324
2025-10-16 07:45:00+02:00,0.14455
2025-10-16 08:00:00+02:00,0.18030000000000002
2025-10-16 08:15:00+02:00,0.12668000000000001
2025-10-16 08:30:00+02:00,0.13801
2025-10-16 08:45:00+02:00,0.14273
2025-10-16 09:00:00+02:00,0.11774
2025-10-16 09:15:00+02:00,0.09827
2025-10-16 09:30:00+02:00,0.10781
2025-10-16 09:45:00+02:00,0.12589
2025-10-16 10:00:00+02:00,0.09107
2025-10-16 10:15:00+02:00,0.09567
2025-10-16 10:30:00+02:00,0.12333
2025-10-16 10:45:00+02:00,0.11008
2025-10-16 11:00:00+02:00,0.12655
2025-10-16 11:15:00+02:00,0.14612999999999998
2025-10-16 11:30:00+02:00,0.19996
2025-10-16 11:45:00+02:00,0.1885
2025-10-16 12:00:00+02:00,0.22544
2025-10-16 12:15:00+02:00,0.18987
2025-10-16 12:30:00+02:00,0.03694
2025-10-16 12:45:00+02:00,0.0426
2025-10-16 13:00:00+02:00,0.16016999999999998
2025-10-16 13:15:00+02:00,0.15180000000000002
2025-10-16 13:30:00+02:00,0.15098
2025-10-16 13:45:00+02:00,0.15212
2025-10-16 14:00:00+02:00,0.17739
2025-10-16 14:15:00+02:00,0.23108
2025-10-16 14:30:00+02:00,0.2528
2025-10-16 14:45:00+02:00,0.19862
2025-10-16 15:00:00+02:00,0.12222
2025-10-16 15:15:00+02:00,0.09401999999999999
2025-10-16 15:30:00+02:00,0.1366
2025-10-16 15:45:00+02:00,0.14211000000000001
2025-10-16 16:00:00+02:00,0.16261
2025-10-16 16:15:00+02:00,0.22752
2025-10-16 16:30:00+02:00,0.14568
2025-10-16 16:45:00+02:00,0.14028
2025-10-16 17:00:00+02:00,0.11331999999999999
2025-10-16 17:15:00+02:00,0.15488
2025-10-16 17:30:00+02:00,0.18196
2025-10-16 17:45:00+02:00,0.16661
2025-10-16 18:00:00+02:00,0.18731
2025-10-16 18:15:00+02:00,0.19562000000000002
2025-10-16 18:30:00+02:00,0.20753
2025-10-16 18:45:00+02:00,0.19957
2025-10-16 19:00:00+02:00,0.13705
2025-10-16 19:15:00+02:00,0.12977
2025-10-16 19:30:00+02:00,0.12414
2025-10-16 19:45:00+02:00,0.08959
2025-10-16 20:00:00+02:00,0.17728
2025-10-16 20:15:00+02:00,0.16658
2025-10-16 20:30:00+02:00,0.10934999999999999
2025-10-16 20:45:00+02:00,0.13425
2025-10-16 21:00:00+02:00,0.17772
2025-10-16 21:15:00+02:00,0.20247
2025-10-16 21:30:00+02:00,0.08216
2025-10-16 21:45:00+02:00,0.08023999999999999
2025-10-16 22:00:00+02:00,0.11253
2025-10-16 22:15:00+02:00,0.1564
2025-10-16 22:30:00+02:00,0.14119
2025-10-16 22:45:00+02:00,0.12509
2025-10-16 23:00:00+02:00,0.07167
2025-10-16 23:15:00+02:00,0.07287
2025-10-16 23:30:00+02:00,0.13097
2025-10-16 23:45:00+02:00,0.11711
2025-10-17 00:00:00+02:00,0.10577
2025-10-17 00:15:00+02:00,0.08708
2025-10-17 00:30:00+02:00,0.07166
2025-10-17 00:45:00+02:00,0.08048999999999999
2025-10-17 01:00:00+02:00,0.09045
2025-10-17 01:15:00+02:00,0.10308
2025-10-17 01:30:00+02:00,0.08345
2025-10-17 01:45:00+02:00,0.07795
2025-10-17 02:00:00+02:00,0.07722
2025-10-17 02:15:00+02:00,0.07993
2025-10-17 02:30:00+02:00,0.07544
2025-10-17 02:45:00+02:00,0.07643000000000001
2025-10-17 03:00:00+02:00,0.08073000000000001
2025-10-17 03:15:00+02:00,0.08118
2025-10-17 03:30:00+02:00,0.07612999999999999
2025-10-17 03:45:00+02:00,0.07461
2025-10-17 04:00:00+02:00,0.06798
2025-10-17 04:15:00+02:00,0.07227
2025-10-17 04:30:00+02:00,0.06478
2025-10-17 04:45:00+02:00,0.07207
2025-10-17 05:00:00+02:00,0.11856
2025-10-17 05:15:00+02:00,0.10986
2025-10-17 05:30:00+02:00,0.13319
2025-10-17 05:45:00+02:00,0.09774
2025-10-17 06:00:00+02:00,0.14676
2025-10-17 06:15:00+02:00,0.08713
2025-10-17 06:30:00+02:00,0.1376
2025-10-17 06:45:00+02:00,0.09972
2025-10-17 07:00:00+02:00,0.08838
2025-10-17 07:15:00+02:00,0.13219999999999998
2025-10-17 07:30:00+02:00,0.12519
2025-10-17 07:45:00+02:00,0.13488999999999998
2025-10-17 08:00:00+02:00,0.14293
2025-10-17 08:15:00+02:00,0.146
2025-10-17 08:30:00+02:00,0.16038
2025-10-17 08:45:00+02:00,0.16061
2025-10-17 09:00:00+02:00,0.22913999999999998
2025-10-17 09:15:00+02:00,0.16994
2025-10-17 09:30:00+02:00,0.10272
2025-10-17 09:45:00+02:00,0.1268
2025-10-17 10:00:00+02:00,0.09531999999999999
2025-10-17 10:15:00+02:00,0.08126
2025-10-17 10:30:00+02:00,0.15852000000000002
2025-10-17 10:45:00+02:00,0.17374
2025-10-17 11:00:00+02:00,0.19384
2025-10-17 11:15:00+02:00,0.16321000000000002
2025-10-17 11:30:00+02:00,0.13668
2025-10-17 11:45:00+02:00,0.12023
2025-10-17 12:00:00+02:00,0.09106
2025-10-17 12:15:00+02:00,0.12805000000000002
2025-10-17 12:30:00+02:00,0.11924
2025-10-17 12:45:00+02:00,0.13613
2025-10-17 13:00:00+02:00,0.13294
2025-10-17 13:15:00+02:00,0.08273
2025-10-17 13:30:00+02:00,0.08352
2025-10-17 13:45:00+02:00,0.06586
2025-10-17 14:00:00+02:00,0.06513
2025-10-17 14:15:00+02:00,0.14342
2025-10-17 14:30:00+02:00,0.14008
2025-10-17 14:45:00+02:00,0.14259
2025-10-17 15:00:00+02:00,0.17541
2025-10-17 15:15:00+02:00,0.18578
2025-10-17 15:30:00+02:00,0.18446
2025-10-17 15:45:00+02:00,0.23213999999999999
2025-10-17 16:00:00+02:00,0.08011
2025-10-17 16:15:00+02:00,0.10837000000000001
2025-10-17 16:30:00+02:00,0.17605
2025-10-17 16:45:00+02:00,0.2082
2025-10-17 17:00:00+02:00,0.14426
2025-10-17 17:15:00+02:00,0.21961000000000003
2025-10-17 17:30:00+02:00,0.07357
2025-10-17 17:45:00+02:00,0.08604
2025-10-17 18:00:00+02:00,0.10484
2025-10-17 18:15:00+02:00,0.11663
2025-10-17 18:30:00+02:00,0.12084
2025-10-17 18:45:00+02:00,0.10076
2025-10-17 19:00:00+02:00,0.09169
2025-10-17 19:15:00+02:00,0.09071
2025-10-17 19:30:00+02:00,0.07653
2025-10-17 19:45:00+02:00,0.06762
2025-10-17 20:00:00+02:00,0.11009999999999999
2025-10-17 20:15:00+02:00,0.08855
2025-10-17 20:30:00+02:00,0.07418000000000001
2025-10-17 20:45:00+02:00,0.06927
2025-10-17 21:00:00+02:00,0.07368999999999999
2025-10-17 21:15:00+02:00,0.07039
2025-10-17 21:30:00+02:00,0.07598999999999999
2025-10-17 21:45:00+02:00,0.07047
2025-10-17 22:00:00+02:00,0.07551000000000001
2025-10-17 22:15:00+02:00,0.06288
2025-10-17 22:30:00+02:00,0.05705
2025-10-17 22:45:00+02:00,0.06773
2025-10-17 23:00:00+02:00,0.06479
2025-10-17 23:15:00+02:00,0.0728
2025-10-17 23:30:00+02:00,0.07488
2025-10-17 23:45:00+02:00,0.060090000000000005
2025-10-18 00:00:00+02:00,0.08048000000000001
2025-10-18 00:15:00+02:00,0.09074
2025-10-18 00:30:00+02:00,0.12043000000000001
2025-10-18 00:45:00+02:00,0.10321
2025-10-18 01:00:00+02:00,0.11003
2025-10-18 01:15:00+02:00,0.08647
2025-10-18 01:30:00+02:00,0.09156
2025-10-18 01:45:00+02:00,0.06423000000000001
2025-10-18 02:00:00+02:00,0.07375
2025-10-18 02:15:00+02:00,0.0626
2025-10-18 02:30:00+02:00,0.060579999999999995
2025-10-18 02:45:00+02:00,0.05896
2025-10-18 03:00:00+02:00,0.05822
2025-10-18 03:15:00+02:00,0.0541
2025-10-18 03:30:00+02:00,0.05335
2025-10-18 03:45:00+02:00,0.052700000000000004
2025-10-18 04:00:00+02:00,0.049280000000000004
2025-10-18 04:15:00+02:00,0.07021
2025-10-18 04:30:00+02:00,0.06928
2025-10-18 04:45:00+02:00,0.07415000000000001
2025-10-18 05:00:00+02:00,0.07476000000000001
2025-10-18 05:15:00+02:00,0.07339
2025-10-18 05:30:00+02:00,0.07286
2025-10-18 05:45:00+02:00,0.06398
2025-10-18 06:00:00+02:00,0.05878
2025-10-18 06:15:00+02:00,0.06939000000000001
2025-10-18 06:30:00+02:00,0.06388
2025-10-18 06:45:00+02:00,0.08314
2025-10-18 07:00:00+02:00,0.07668000000000001
2025-10-18 07:15:00+02:00,0.07872
2025-10-18 07:30:00+02:00,0.10418999999999999
2025-10-18 07:45:00+02:00,0.1145
2025-10-18 08:00:00+02:00,0.12544
2025-10-18 08:15:00+02:00,0.1255
2025-10-18 08:30:00+02:00,0.13324
2025-10-18 08:45:00+02:00,0.09290000000000001
2025-10-18 09:00:00+02:00,0.08285
2025-10-18 09:15:00+02:00,0.07421
2025-10-18 09:30:00+02:00,0.06409999999999999
2025-10-18 09:45:00+02:00,0.07035
2025-10-18 10:00:00+02:00,0.0711
2025-10-18 10:15:00+02:00,0.06445999999999999
2025-10-18 10:30:00+02:00,0.05887
2025-10-18 10:45:00+02:00,0.06274
2025-10-18 11:00:00+02:00,0.046509999999999996
2025-10-18 11:15:00+02:00,0.04097
2025-10-18 11:30:00+02:00,0.04786
2025-10-18 11:45:00+02:00,0.03359
2025-10-18 12:00:00+02:00,0.06420999999999999
2025-10-18 12:15:00+02:00,0.06348
2025-10-18 12:30:00+02:00,0.052469999999999996
2025-10-18 12:45:00+02:00,0.09040000000000001
2025-10-18 13:00:00+02:00,0.02533
2025-10-18 13:15:00+02:00,0.03879
2025-10-18 13:30:00+02:00,0.04956
2025-10-18 13:45:00+02:00,0.016460000000000002
2025-10-18 14:00:00+02:00,0.023850000000000003
2025-10-18 14:15:00+02:00,0.022940000000000002
2025-10-18 14:30:00+02:00,0.03429
2025-10-18 14:45:00+02:00,0.05106
2025-10-18 15:00:00+02:00,0.04668
2025-10-18 15:15:00+02:00,0.04168
2025-10-18 15:30:00+02:00,0.04693
2025-10-18 15:45:00+02:00,0.04265
2025-10-18 16:00:00+02:00,0.06836
2025-10-18 16:15:00+02:00,0.05679
2025-10-18 16:30:00+02:00,0.08932
2025-10-18 16:45:00+02:00,0.09458
2025-10-18 17:00:00+02:00,0.09897
2025-10-18 17:15:00+02:00,0.16262000000000001
2025-10-18 17:30:00+02:00,0.14665
2025-10-18 17:45:00+02:00,0.1437
2025-10-18 18:00:00+02:00,0.08015
2025-10-18 18:15:00+02:00,0.08909
2025-10-18 18:30:00+02:00,0.07781
2025-10-18 18:45:00+02:00,0.06784
2025-10-18 19:00:00+02:00,0.08231999999999999
2025-10-18 19:15:00+02:00,0.0584
2025-10-18 19:30:00+02:00,0.05586
2025-10-18 19:45:00+02:00,0.05288
2025-10-18 20:00:00+02:00,0.08339
2025-10-18 20:15:00+02:00,0.07357
2025-10-18 20:30:00+02:00,0.09618
2025-10-18 20:45:00+02:00,0.10135
2025-10-18 21:00:00+02:00,0.10103
2025-10-18 21:15:00+02:00,0.06467
2025-10-18 21:30:00+02:00,0.05266
2025-10-18 21:45:00+02:00,0.06431999999999999
2025-10-18 22:00:00+02:00,0.10017
2025-10-18 22:15:00+02:00,0.09502
2025-10-18 22:30:00+02:00,0.07662999999999999
2025-10-18 22:45:00+02:00,0.06846
2025-10-18 23:00:00+02:00,0.06749
2025-10-18 23:15:00+02:00,0.07073
2025-10-18 23:30:00+02:00,0.07069
2025-10-18 23:45:00+02:00,0.06778
2025-10-19 00:00:00+02:00,0.059590000000000004
2025-10-19 00:15:00+02:00,0.04653
2025-10-19 00:30:00+02:00,0.04776
2025-10-19 00:45:00+02:00,0.05924
2025-10-19 01:00:00+02:00,0.06411
2025-10-19 01:15:00+02:00,0.06193
2025-10-19 01:30:00+02:00,0.056159999999999995
2025-10-19 01:45:00+02:00,0.04617
2025-10-19 02:00:00+02:00,0.054880000000000005
2025-10-19 02:15:00+02:00,0.1138
2025-10-19 02:30:00+02:00,0.1215
2025-10-19 02:45:00+02:00,0.062340000000000007
2025-10-19 03:00:00+02:00,0.05679
2025-10-19 03:15:00+02:00,0.060829999999999995
2025-10-19 03:30:00+02:00,0.05803
2025-10-19 03:45:00+02:00,0.06451000000000001
2025-10-19 04:00:00+02:00,0.04963
2025-10-19 04:15:00+02:00,0.056909999999999995
2025-10-19 04:30:00+02:00,0.048659999999999995
2025-10-19 04:45:00+02:00,0.0544
2025-10-19 05:00:00+02:00,0.06149
2025-10-19 05:15:00+02:00,0.06914000000000001
2025-10-19 05:30:00+02:00,0.04295
2025-10-19 05:45:00+02:00,0.03811
2025-10-19 06:00:00+02:00,0.04045
2025-10-19 06:15:00+02:00,0.06775
2025-10-19 06:30:00+02:00,0.05553
2025-10-19 06:45:00+02:00,0.09694
2025-10-19 07:00:00+02:00,0.06652
2025-10-19 07:15:00+02:00,0.08063
2025-10-19 07:30:00+02:00,0.10228
2025-10-19 07:45:00+02:00,0.10919
2025-10-19 08:00:00+02:00,0.00919
2025-10-19 08:15:00+02:00,-0.00941
2025-10-19 08:30:00+02:00,0.07756
2025-10-19 08:45:00+02:00,0.07255
2025-10-19 09:00:00+02:00,0.08663
2025-10-19 09:15:00+02:00,0.004070000000000001
2025-10-19 09:30:00+02:00,-0.010119999999999999
2025-10-19 09:45:00+02:00,0.01714
2025-10-19 10:00:00+02:00,0.07533
2025-10-19 10:15:00+02:00,0.08619
2025-10-19 10:30:00+02:00,0.0869
2025-10-19 10:45:00+02:00,0.02243
2025-10-19 11:00:00+02:00,0.01416
2025-10-19 11:15:00+02:00,0.0756
2025-10-19 11:30:00+02:00,-0.00064
2025-10-19 11:45:00+02:00,-0.005849999999999999
2025-10-19 12:00:00+02:00,-0.01159
2025-10-19 12:15:00+02:00,-0.01671
2025-10-19 12:30:00+02:00,-0.02336
2025-10-19 12:45:00+02:00,-0.03281
2025-10-19 13:00:00+02:00,-0.027870000000000002
2025-10-19 13:15:00+02:00,-0.03333
2025-10-19 13:30:00+02:00,-0.03332
2025-10-19 13:45:00+02:00,-0.024640000000000002
2025-10-19 14:00:00+02:00,-0.00636
2025-10-19 14:15:00+02:00,-0.01918
2025-10-19 14:30:00+02:00,0.00653
2025-10-19 14:45:00+02:00,0.0008900000000000001
2025-10-19 15:00:00+02:00,0.01266
2025-10-19 15:15:00+02:00,0.06541
2025-10-19 15:30:00+02:00,0.10737000000000001
2025-10-19 15:45:00+02:00,0.09856000000000001
2025-10-19 16:00:00+02:00,-0.045630000000000004
2025-10-19 16:15:00+02:00,-0.052340000000000005
2025-10-19 16:30:00+02:00,0.10139
2025-10-19 16:45:00+02:00,0.11143
2025-10-19 17:00:00+02:00,0.11874
2025-10-19 17:15:00+02:00,0.15188
2025-10-19 17:30:00+02:00,0.01304
2025-10-19 17:45:00+02:00,-0.01202
2025-10-19 18:00:00+02:00,-0.00067
2025-10-19 18:15:00+02:00,-0.00037
2025-10-19 18:30:00+02:00,0.09619
2025-10-19 18:45:00+02:00,0.09481999999999999
2025-10-19 19:00:00+02:00,0.11436
2025-10-19 19:15:00+02:00,0.11264
2025-10-19 19:30:00+02:00,0.03639
2025-10-19 19:45:00+02:00,0.09552
2025-10-19 20:00:00+02:00,0.10981999999999999
2025-10-19 20:15:00+02:00,0.09351000000000001
2025-10-19 20:30:00+02:00,0.11533
2025-10-19 20:45:00+02:00,0.13583
2025-10-19 21:00:00+02:00,0.12543
2025-10-19 21:15:00+02:00,0.10156
2025-10-19 21:30:00+02:00,0.10943000000000001
2025-10-19 21:45:00+02:00,0.10513
2025-10-19 22:00:00+02:00,0.02543
2025-10-19 22:15:00+02:00,0.041409999999999995
2025-10-19 22:30:00+02:00,0.07129
2025-10-19 22:45:00+02:00,0.07789
2025-10-19 23:00:00+02:00,0.07865000000000001
2025-10-19 23:15:00+02:00,0.07778
2025-10-19 23:30:00+02:00,0.07959000000000001
2025-10-19 23:45:00+02:00,0.07854000000000001
2025-10-20 00:00:00+02:00,0.14837999999999998
2025-10-20 00:15:00+02:00,0.09176000000000001
2025-10-20 00:30:00+02:00,0.11736
2025-10-20 00:45:00+02:00,0.12307
2025-10-20 01:00:00+02:00,0.021929999999999998
2025-10-20 01:15:00+02:00,0.007940000000000001
2025-10-20 01:30:00+02:00,-0.015710000000000002
2025-10-20 01:45:00+02:00,0.03518
2025-10-20 02:00:00+02:00,0.14923
2025-10-20 02:15:00+02:00,0.12576
2025-10-20 02:30:00+02:00,0.12337000000000001
2025-10-20 02:45:00+02:00,0.11338
2025-10-20 03:00:00+02:00,0.06342
2025-10-20 03:15:00+02:00,0.0973
2025-10-20 03:30:00+02:00,0.10579000000000001
2025-10-20 03:45:00+02:00,0.11736
2025-10-20 04:00:00+02:00,0.10564
2025-10-20 04:15:00+02:00,0.09444
2025-10-20 04:30:00+02:00,0.08463
2025-10-20 04:45:00+02:00,0.03141
2025-10-20 05:00:00+02:00,0.02218
2025-10-20 05:15:00+02:00,0.03841
2025-10-20 05:30:00+02:00,-0.00275
2025-10-20 05:45:00+02:00,0.06553
2025-10-20 06:00:00+02:00,0.0182
2025-10-20 06:15:00+02:00,0.11784
2025-10-20 06:30:00+02:00,0.12776
2025-10-20 06:45:00+02:00,0.12875
2025-10-20 07:00:00+02:00,0.1222
2025-10-20 07:15:00+02:00,0.12298
2025-10-20 07:30:00+02:00,0.15241
2025-10-20 07:45:00+02:00,0.15997999999999998
2025-10-20 08:00:00+02:00,0.20639
2025-10-20 08:15:00+02:00,0.26848
2025-10-20 08:30:00+02:00,0.26394
2025-10-20 08:45:00+02:00,0.23016
2025-10-20 09:00:00+02:00,0.18733000000000002
2025-10-20 09:15:00+02:00,0.20801
2025-10-20 09:30:00+02:00,0.28269
2025-10-20 09:45:00+02:00,0.25794
2025-10-20 10:00:00+02:00,0.25102
2025-10-20 10:15:00+02:00,0.04232
2025-10-20 10:30:00+02:00,0.04009
2025-10-20 10:45:00+02:00,0.039310000000000005
2025-10-20 11:00:00+02:00,0.1522
2025-10-20 11:15:00+02:00,0.14454
2025-10-20 11:30:00+02:00,0.15246
2025-10-20 11:45:00+02:00,0.13372
2025-10-20 12:00:00+02:00,0.0631
2025-10-20 12:15:00+02:00,0.11542
2025-10-20 12:30:00+02:00,0.08968000000000001
2025-10-20 12:45:00+02:00,0.05674
2025-10-20 13:00:00+02:00,0.05263
2025-10-20 13:15:00+02:00,0.10934
2025-10-20 13:30:00+02:00,0.05243
2025-10-20 13:45:00+02:00,-0.00156
2025-10-20 14:00:00+02:00,0.01009
2025-10-20 14:15:00+02:00,0.02444
2025-10-20 14:30:00+02:00,0.11906
2025-10-20 14:45:00+02:00,0.12047
2025-10-20 15:00:00+02:00,0.08252
2025-10-20 15:15:00+02:00,0.12217
2025-10-20 15:30:00+02:00,0.08937
2025-10-20 15:45:00+02:00,0.13019999999999998
2025-10-20 16:00:00+02:00,0.13744
2025-10-20 16:15:00+02:00,0.11817
2025-10-20 16:30:00+02:00,0.057390000000000004
2025-10-20 16:45:00+02:00,0.07672
2025-10-20 17:00:00+02:00,0.06203
2025-10-20 17:15:00+02:00,0.07887999999999999
2025-10-20 17:30:00+02:00,0.07786
2025-10-20 17:45:00+02:00,0.07257999999999999
2025-10-20 18:00:00+02:00,0.12047
2025-10-20 18:15:00+02:00,0.13959
2025-10-20 18:30:00+02:00,0.14016
2025-10-20 18:45:00+02:00,0.12721
2025-10-20 19:00:00+02:00,0.14456
2025-10-20 19:15:00+02:00,0.15025
2025-10-20 19:30:00+02:00,0.14209
2025-10-20 19:45:00+02:00,0.11986
2025-10-20 20:00:00+02:00,0.14328
2025-10-20 20:15:00+02:00,0.12024
2025-10-20 20:30:00+02:00,0.12766
2025-10-20 20:45:00+02:00,0.1211
2025-10-20 21:00:00+02:00,0.14904
2025-10-20 21:15:00+02:00,0.16000999999999999
2025-10-20 21:30:00+02:00,0.00148
2025-10-20 21:45:00+02:00,-0.00441
2025-10-20 22:00:00+02:00,0.1351
2025-10-20 22:15:00+02:00,0.0862
2025-10-20 22:30:00+02:00,0.06866
2025-10-20 22:45:00+02:00,0.10258
2025-10-20 23:00:00+02:00,0.12472
2025-10-20 23:15:00+02:00,0.16466
2025-10-20 23:30:00+02:00,0.15819999999999998
2025-10-20 23:45:00+02:00,0.11559
2025-10-21 00:00:00+02:00,0.11553000000000001
2025-10-21 00:15:00+02:00,0.10595
2025-10-21 00:30:00+02:00,0.1301
2025-10-21 00:45:00+02:00,0.09505
2025-10-21 01:00:00+02:00,0.041
2025-10-21 01:15:00+02:00,0.07110999999999999
2025-10-21 01:30:00+02:00,0.07057
2025-10-21 01:45:00+02:00,0.044270000000000004
2025-10-21 02:00:00+02:00,-0.00736
2025-10-21 02:15:00+02:00,0.06509999999999999
2025-10-21 02:30:00+02:00,0.06452
2025-10-21 02:45:00+02:00,0.07013
2025-10-21 03:00:00+02:00,0.06774
2025-10-21 03:15:00+02:00,0.08045999999999999
2025-10-21 03:30:00+02:00,0.07959999999999999
2025-10-21 03:45:00+02:00,0.06854
2025-10-21 04:00:00+02:00,0.06492
2025-10-21 04:15:00+02:00,0.07539
2025-10-21 04:30:00+02:00,0.06545999999999999
2025-10-21 04:45:00+02:00,0.061369999999999994
2025-10-21 05:00:00+02:00,0.01855
2025-10-21 05:15:00+02:00,0.02767
2025-10-21 05:30:00+02:00,-0.023329999999999997
2025-10-21 05:45:00+02:00,0.03742
2025-10-21 06:00:00+02:00,0.19332
2025-10-21 06:15:00+02:00,0.049280000000000004
2025-10-21 06:30:00+02:00,0.06718
2025-10-21 06:45:00+02:00,0.05129
2025-10-21 07:00:00+02:00,-0.08103
2025-10-21 07:15:00+02:00,0.11613
2025-10-21 07:30:00+02:00,0.15491999999999997
2025-10-21 07:45:00+02:00,0.13437000000000002
2025-10-21 08:00:00+02:00,0.02271
2025-10-21 08:15:00+02:00,0.10582
2025-10-21 08:30:00+02:00,0.09841
2025-10-21 08:45:00+02:00,0.10912000000000001
2025-10-21 09:00:00+02:00,0.11438
2025-10-21 09:15:00+02:00,-0.047270000000000006
2025-10-21 09:30:00+02:00,-0.03413
2025-10-21 09:45:00+02:00,0.00022
2025-10-21 10:00:00+02:00,0.060090000000000005
2025-10-21 10:15:00+02:00,0.09576000000000001
2025-10-21 10:30:00+02:00,0.08572
2025-10-21 10:45:00+02:00,0.09395999999999999
2025-10-21 11:00:00+02:00,0.14789
2025-10-21 11:15:00+02:00,0.12717
2025-10-21 11:30:00+02:00,0.12298
2025-10-21 11:45:00+02:00,0.11244
2025-10-21 12:00:00+02:00,0.10027
2025-10-21 12:15:00+02:00,0.08089
2025-10-21 12:30:00+02:00,0.08335
2025-10-21 12:45:00+02:00,0.14459
2025-10-21 13:00:00+02:00,-0.0013
2025-10-21 13:15:00+02:00,-0.019710000000000002
2025-10-21 13:30:00+02:00,0.02506
2025-10-21 13:45:00+02:00,0.019760000000000003
2025-10-21 14:00:00+02:00,0.03116
2025-10-21 14:15:00+02:00,0.008960000000000001
2025-10-21 14:30:00+02:00,0.00344
2025-10-21 14:45:00+02:00,-0.03865
2025-10-21 15:00:00+02:00,-0.0293
2025-10-21 15:15:00+02:00,-0.08175
2025-10-21 15:30:00+02:00,-0.01979
2025-10-21 15:45:00+02:00,-0.11993999999999999
2025-10-21 16:00:00+02:00,0.05392
2025-10-21 16:15:00+02:00,0.01832
2025-10-21 16:30:00+02:00,-0.0089
2025-10-21 16:45:00+02:00,0.01324
2025-10-21 17:00:00+02:00,0.12913999999999998
2025-10-21 17:15:00+02:00,0.15830000000000002
2025-10-21 17:30:00+02:00,0.15856
2025-10-21 17:45:00+02:00,0.18669999999999998
2025-10-21 18:00:00+02:00,0.13382
2025-10-21 18:15:00+02:00,0.15581
2025-10-21 18:30:00+02:00,0.1664
2025-10-21 18:45:00+02:00,0.17314
2025-10-21 19:00:00+02:00,0.16818
2025-10-21 19:15:00+02:00,0.09891
2025-10-21 19:30:00+02:00,0.08554
2025-10-21 19:45:00+02:00,0.08475
2025-10-21 20:00:00+02:00,0.16099000000000002
2025-10-21 20:15:00+02:00,0.14678
2025-10-21 20:30:00+02:00,0.16009
2025-10-21 20:45:00+02:00,0.13703
2025-10-21 21:00:00+02:00,0.15221
2025-10-21 21:15:00+02:00,0.18394
2025-10-21 21:30:00+02:00,0.12609
2025-10-21 21:45:00+02:00,0.11292
2025-10-21 22:00:00+02:00,0.13866
2025-10-21 22:15:00+02:00,0.14084
2025-10-21 22:30:00+02:00,0.12256
2025-10-21 22:45:00+02:00,0.13038999999999998
2025-10-21 23:00:00+02:00,0.13013
2025-10-21 23:15:00+02:00,0.17226
2025-10-21 23:30:00+02:00,0.09074
2025-10-21 23:45:00+02:00,0.07986
2025-10-22 00:00:00+02:00,0.14093
2025-10-22 00:15:00+02:00,0.12957
2025-10-22 00:30:00+02:00,0.11295000000000001
2025-10-22 00:45:00+02:00,0.10285
2025-10-22 01:00:00+02:00,0.10882
2025-10-22 01:15:00+02:00,0.0973
2025-10-22 01:30:00+02:00,0.09823
2025-10-22 01:45:00+02:00,0.11161
2025-10-22 02:00:00+02:00,0.10672
2025-10-22 02:15:00+02:00,0.11012000000000001
2025-10-22 02:30:00+02:00,0.13058
2025-10-22 02:45:00+02:00,0.11009999999999999
2025-10-22 03:00:00+02:00,0.10515000000000001
2025-10-22 03:15:00+02:00,0.11164
2025-10-22 03:30:00+02:00,0.10833
2025-10-22 03:45:00+02:00,0.11341
2025-10-22 04:00:00+02:00,0.09441
2025-10-22 04:15:00+02:00,0.11052
2025-10-22 04:30:00+02:00,0.07337
2025-10-22 04:45:00+02:00,0.05668
2025-10-22 05:00:00+02:00,0.12086
2025-10-22 05:15:00+02:00,0.08414
2025-10-22 05:30:00+02:00,0.046130000000000004
2025-10-22 05:45:00+02:00,0.13354
2025-10-22 06:00:00+02:00,0.05925
2025-10-22 06:15:00+02:00,0.13696
2025-10-22 06:30:00+02:00,0.15028999999999998
2025-10-22 06:45:00+02:00,0.1388
2025-10-22 07:00:00+02:00,0.15613
2025-10-22 07:15:00+02:00,0.15519
2025-10-22 07:30:00+02:00,0.16373
2025-10-22 07:45:00+02:00,0.14138
2025-10-22 08:00:00+02:00,0.17475
2025-10-22 08:15:00+02:00,0.18346
2025-10-22 08:30:00+02:00,0.15784
2025-10-22 08:45:00+02:00,0.08745
2025-10-22 09:00:00+02:00,0.10991
2025-10-22 09:15:00+02:00,0.08125
2025-10-22 09:30:00+02:00,0.07328
2025-10-22 09:45:00+02:00,0.06536
2025-10-22 10:00:00+02:00,0.14878
2025-10-22 10:15:00+02:00,0.08412
2025-10-22 10:30:00+02:00,0.07318000000000001
2025-10-22 10:45:00+02:00,0.09923
2025-10-22 11:00:00+02:00,0.12479000000000001
2025-10-22 11:15:00+02:00,0.12808
2025-10-22 11:30:00+02:00,0.13569
2025-10-22 11:45:00+02:00,0.15263
2025-10-22 12:00:00+02:00,0.09473999999999999
2025-10-22 12:15:00+02:00,0.07035
2025-10-22 12:30:00+02:00,0.08945
2025-10-22 12:45:00+02:00,0.0595
2025-10-22 13:00:00+02:00,0.06323
2025-10-22 13:15:00+02:00,0.08952
2025-10-22 13:30:00+02:00,0.08219
2025-10-22 13:45:00+02:00,0.08345
2025-10-22 14:00:00+02:00,0.07134
2025-10-22 14:15:00+02:00,0.08689
2025-10-22 14:30:00+02:00,0.14327
2025-10-22 14:45:00+02:00,0.12548
2025-10-22 15:00:00+02:00,0.08229
2025-10-22 15:15:00+02:00,0.14372
2025-10-22 15:30:00+02:00,0.1499
2025-10-22 15:45:00+02:00,0.17762999999999998
2025-10-22 16:00:00+02:00,0.14633000000000002
2025-10-22 16:15:00+02:00,0.17193
2025-10-22 16:30:00+02:00,0.18417
2025-10-22 16:45:00+02:00,0.2322
2025-10-22 17:00:00+02:00,0.09215000000000001
2025-10-22 17:15:00+02:00,0.06841
2025-10-22 17:30:00+02:00,0.18259999999999998
2025-10-22 17:45:00+02:00,0.24131
2025-10-22 18:00:00+02:00,0.24231
2025-10-22 18:15:00+02:00,0.38883
2025-10-22 18:30:00+02:00,0.45624000000000003
2025-10-22 18:45:00+02:00,0.46779000000000004
2025-10-22 19:00:00+02:00,0.35005000000000003
2025-10-22 19:15:00+02:00,0.15855000000000002
2025-10-22 19:30:00+02:00,0.16791999999999999
2025-10-22 19:45:00+02:00,0.13448
2025-10-22 20:00:00+02:00,0.13058
2025-10-22 20:15:00+02:00,0.09569
2025-10-22 20:30:00+02:00,0.06941
2025-10-22 20:45:00+02:00,0.07221
2025-10-22 21:00:00+02:00,0.13595
2025-10-22 21:15:00+02:00,0.15731
2025-10-22 21:30:00+02:00,0.15719999999999998
2025-10-22 21:45:00+02:00,0.10171
2025-10-22 22:00:00+02:00,0.14845
2025-10-22 22:15:00+02:00,0.15042
2025-10-22 22:30:00+02:00,0.12189
2025-10-22 22:45:00+02:00,0.10345
2025-10-22 23:00:00+02:00,0.18225
2025-10-22 23:15:00+02:00,0.14966
2025-10-22 23:30:00+02:00,0.11693
2025-10-22 23:45:00+02:00,0.08195000000000001
2025-10-23 00:00:00+02:00,0.06864
2025-10-23 00:15:00+02:00,0.09079999999999999
2025-10-23 00:30:00+02:00,0.08554
2025-10-23 00:45:00+02:00,0.10832
2025-10-23 01:00:00+02:00,0.12954
2025-10-23 01:15:00+02:00,0.13106
2025-10-23 01:30:00+02:00,0.12362999999999999
2025-10-23 01:45:00+02:00,0.04299
2025-10-23 02:00:00+02:00,0.07327
2025-10-23 02:15:00+02:00,0.054450000000000005
2025-10-23 02:30:00+02:00,0.06033
2025-10-23 02:45:00+02:00,0.05478
2025-10-23 03:00:00+02:00,0.05842
2025-10-23 03:15:00+02:00,0.09788
2025-10-23 03:30:00+02:00,0.09197
2025-10-23 03:45:00+02:00,0.07779000000000001
2025-10-23 04:00:00+02:00,0.08181000000000001
2025-10-23 04:15:00+02:00,0.08206999999999999
2025-10-23 04:30:00+02:00,0.06659000000000001
2025-10-23 04:45:00+02:00,0.07484
2025-10-23 05:00:00+02:00,0.01982
2025-10-23 05:15:00+02:00,0.03768
2025-10-23 05:30:00+02:00,0.07108
2025-10-23 05:45:00+02:00,0.09212000000000001
2025-10-23 06:00:00+02:00,0.17731
2025-10-23 06:15:00+02:00,0.12583
2025-10-23 06:30:00+02:00,0.12359
2025-10-23 06:45:00+02:00,0.03564
2025-10-23 07:00:00+02:00,0.04322
2025-10-23 07:15:00+02:00,0.03772
2025-10-23 07:30:00+02:00,0.0722
2025-10-23 07:45:00+02:00,0.08849
2025-10-23 08:00:00+02:00,0.08245000000000001
2025-10-23 08:15:00+02:00,0.10754000000000001
2025-10-23 08:30:00+02:00,0.10382
2025-10-23 08:45:00+02:00,0.09981999999999999
2025-10-23 09:00:00+02:00,0.10834999999999999
2025-10-23 09:15:00+02:00,0.11148000000000001
2025-10-23 09:30:00+02:00,0.11794
2025-10-23 09:45:00+02:00,0.13627
2025-10-23 10:00:00+02:00,0.15044
2025-10-23 10:15:00+02:00,0.05285
2025-10-23 10:30:00+02:00,0.12038
2025-10-23 10:45:00+02:00,0.08464
2025-10-23 11:00:00+02:00,0.00234
2025-10-23 11:15:00+02:00,0.22191999999999998
2025-10-23 11:30:00+02:00,0.18650999999999998
2025-10-23 11:45:00+02:00,0.16541999999999998
2025-10-23 12:00:00+02:00,0.15093
2025-10-23 12:15:00+02:00,0.12117
2025-10-23 12:30:00+02:00,0.03603
2025-10-23 12:45:00+02:00,-0.00158
2025-10-23 13:00:00+02:00,0.04029
2025-10-23 13:15:00+02:00,-0.040060000000000005
2025-10-23 13:30:00+02:00,0.03517
2025-10-23 13:45:00+02:00,0.01182
2025-10-23 14:00:00+02:00,0.10856
2025-10-23 14:15:00+02:00,0.12568000000000001
2025-10-23 14:30:00+02:00,0.11834
2025-10-23 14:45:00+02:00,-0.24208000000000002
2025-10-23 15:00:00+02:00,0.14922
2025-10-23 15:15:00+02:00,0.12909
2025-10-23 15:30:00+02:00,-0.047240000000000004
2025-10-23 15:45:00+02:00,0.11177
2025-10-23 16:00:00+02:00,0.13012
2025-10-23 16:15:00+02:00,0.13553
2025-10-23 16:30:00+02:00,0.12148
2025-10-23 16:45:00+02:00,0.00383
2025-10-23 17:00:00+02:00,0.07007
2025-10-23 17:15:00+02:00,0.0516
2025-10-23 17:30:00+02:00,0.03665
2025-10-23 17:45:00+02:00,0.13357
2025-10-23 18:00:00+02:00,0.09709999999999999
2025-10-23 18:15:00+02:00,0.07521
2025-10-23 18:30:00+02:00,0.05863
2025-10-23 18:45:00+02:00,0.05947
2025-10-23 19:00:00+02:00,0.10601999999999999
2025-10-23 19:15:00+02:00,0.1276
2025-10-23 19:30:00+02:00,0.09040999999999999
2025-10-23 19:45:00+02:00,0.11529
2025-10-23 20:00:00+02:00,-0.03921
2025-10-23 20:15:00+02:00,-0.18888999999999997
2025-10-23 20:30:00+02:00,0.10837000000000001
2025-10-23 20:45:00+02:00,0.01425
2025-10-23 21:00:00+02:00,0.0598
2025-10-23 21:15:00+02:00,0.12546
2025-10-23 21:30:00+02:00,0.1286
2025-10-23 21:45:00+02:00,0.04708
2025-10-23 22:00:00+02:00,0.18437
2025-10-23 22:15:00+02:00,0.12429000000000001
2025-10-23 22:30:00+02:00,0.13361
2025-10-23 22:45:00+02:00,0.12167
2025-10-23 23:00:00+02:00,0.03343
2025-10-23 23:15:00+02:00,0.06913
2025-10-23 23:30:00+02:00,0.10826000000000001
2025-10-23 23:45:00+02:00,0.10612
2025-10-24 00:00:00+02:00,-0.06506
2025-10-24 00:15:00+02:00,-0.12806
2025-10-24 00:30:00+02:00,0.05608
2025-10-24 00:45:00+02:00,0.03233
2025-10-24 01:00:00+02:00,0.02604
2025-10-24 01:15:00+02:00,-0.013730000000000001
2025-10-24 01:30:00+02:00,0.05946
2025-10-24 01:45:00+02:00,0.019399999999999997
2025-10-24 02:00:00+02:00,0.0155
2025-10-24 02:15:00+02:00,-0.03178
2025-10-24 02:30:00+02:00,-0.023260000000000003
2025-10-24 02:45:00+02:00,0.00584
2025-10-24 03:00:00+02:00,-0.06747
2025-10-24 03:15:00+02:00,0.00438
2025-10-24 03:30:00+02:00,-0.0033399999999999997
2025-10-24 03:45:00+02:00,-0.061689999999999995
2025-10-24 04:00:00+02:00,-0.07436
2025-10-24 04:15:00+02:00,-0.005690000000000001
2025-10-24 04:30:00+02:00,-0.00933
2025-10-24 04:45:00+02:00,0.023399999999999997
2025-10-24 05:00:00+02:00,-0.00663
2025-10-24 05:15:00+02:00,0.01292
2025-10-24 05:30:00+02:00,0.01205
2025-10-24 05:45:00+02:00,-0.12282
2025-10-24 06:00:00+02:00,3.78182
2025-10-24 06:15:00+02:00,0.01815
2025-10-24 06:30:00+02:00,-1.8446300000000002
2025-10-24 06:45:00+02:00,-0.18041
2025-10-24 07:00:00+02:00,0.01778
2025-10-24 07:15:00+02:00,0.06564
2025-10-24 07:30:00+02:00,0.010119999999999999
2025-10-24 07:45:00+02:00,-0.01227
2025-10-24 08:00:00+02:00,0.08153
2025-10-24 08:15:00+02:00,0.04463
2025-10-24 08:30:00+02:00,0.0442
2025-10-24 08:45:00+02:00,0.054299999999999994
2025-10-24 09:00:00+02:00,0.09466
2025-10-24 09:15:00+02:00,-0.045630000000000004
2025-10-24 09:30:00+02:00,0.07175
2025-10-24 09:45:00+02:00,0.00023
2025-10-24 10:00:00+02:00,0.0020800000000000003
2025-10-24 10:15:00+02:00,0.012320000000000001
2025-10-24 10:30:00+02:00,0.03163
2025-10-24 10:45:00+02:00,-0.04942
2025-10-24 11:00:00+02:00,0.00983
2025-10-24 11:15:00+02:00,-0.0066500000000000005
2025-10-24 11:30:00+02:00,0.01001
2025-10-24 11:45:00+02:00,0.0038599999999999997
2025-10-24 12:00:00+02:00,0.017410000000000002
2025-10-24 12:15:00+02:00,0.0051600000000000005
2025-10-24 12:30:00+02:00,0.01392
2025-10-24 12:45:00+02:00,0.03982
2025-10-24 13:00:00+02:00,0.10439
2025-10-24 13:15:00+02:00,-0.14227
2025-10-24 13:30:00+02:00,0.02036
2025-10-24 13:45:00+02:00,0.00575
2025-10-24 14:00:00+02:00,0.00451
2025-10-24 14:15:00+02:00,0.01132
2025-10-24 14:30:00+02:00,-0.00133
2025-10-24 14:45:00+02:00,-0.00897
2025-10-24 15:00:00+02:00,-0.04664
2025-10-24 15:15:00+02:00,-0.00317
2025-10-24 15:30:00+02:00,0.06768
2025-10-24 15:45:00+02:00,-0.03885
2025-10-24 16:00:00+02:00,0.011529999999999999
2025-10-24 16:15:00+02:00,0.02048
2025-10-24 16:30:00+02:00,-0.02145
2025-10-24 16:45:00+02:00,0.01859
2025-10-24 17:00:00+02:00,0.01105
2025-10-24 17:15:00+02:00,0.03721
2025-10-24 17:30:00+02:00,0.053130000000000004
2025-10-24 17:45:00+02:00,-0.03595
2025-10-24 18:00:00+02:00,-0.05607
2025-10-24 18:15:00+02:00,-0.0332
2025-10-24 18:30:00+02:00,0.04403
2025-10-24 18:45:00+02:00,0.05342
2025-10-24 19:00:00+02:00,0.03129
2025-10-24 19:15:00+02:00,0.02178
2025-10-24 19:30:00+02:00,0.04039
2025-10-24 19:45:00+02:00,-0.01723
2025-10-24 20:00:00+02:00,-0.05643
2025-10-24 20:15:00+02:00,-0.04622
2025-10-24 20:30:00+02:00,-0.00372
2025-10-24 20:45:00+02:00,-0.01607
2025-10-24 21:00:00+02:00,0.0128
2025-10-24 21:15:00+02:00,-0.0055899999999999995
2025-10-24 21:30:00+02:00,-0.06655
2025-10-24 21:45:00+02:00,-0.005030000000000001
2025-10-24 22:00:00+02:00,0.17163
2025-10-24 22:15:00+02:00,0.00774
2025-10-24 22:30:00+02:00,0.01503
2025-10-24 22:45:00+02:00,-0.02438
2025-10-24 23:00:00+02:00,-0.0427
2025-10-24 23:15:00+02:00,-0.047729999999999995
2025-10-24 23:30:00+02:00,0.0035800000000000003
2025-10-24 23:45:00+02:00,0.081
2025-10-25 00:00:00+02:00,0.17022
2025-10-25 00:15:00+02:00,0.02327
2025-10-25 00:30:00+02:00,0.1367
2025-10-25 00:45:00+02:00,0.0523
2025-10-25 01:00:00+02:00,0.009529999999999999
2025-10-25 01:15:00+02:00,0.02637
2025-10-25 01:30:00+02:00,0.01242
2025-10-25 01:45:00+02:00,0.0063
2025-10-25 02:00:00+02:00,0.018420000000000002
2025-10-25 02:15:00+02:00,0.01068
2025-10-25 02:30:00+02:00,-0.00413
2025-10-25 02:45:00+02:00,-0.00563
2025-10-25 03:00:00+02:00,0.01201
2025-10-25 03:15:00+02:00,-0.01088
2025-10-25 03:30:00+02:00,-0.01315
2025-10-25 03:45:00+02:00,5e-05
2025-10-25 04:00:00+02:00,0.01059
2025-10-25 04:15:00+02:00,-0.00102
2025-10-25 04:30:00+02:00,-0.030199999999999998
2025-10-25 04:45:00+02:00,-0.024390000000000002
2025-10-25 05:00:00+02:00,0.019370000000000002
2025-10-25 05:15:00+02:00,-0.0070999999999999995
2025-10-25 05:30:00+02:00,-0.01193
2025-10-25 05:45:00+02:00,0.0030299999999999997
2025-10-25 06:00:00+02:00,-0.3277
2025-10-25 06:15:00+02:00,-0.006690000000000001
2025-10-25 06:30:00+02:00,-0.0016899999999999999
2025-10-25 06:45:00+02:00,0.00881
2025-10-25 07:00:00+02:00,0.0
2025-10-25 07:15:00+02:00,0.0056
2025-10-25 07:30:00+02:00,0.01019
2025-10-25 07:45:00+02:00,0.011529999999999999
2025-10-25 08:00:00+02:00,0.01709
2025-10-25 08:15:00+02:00,-0.00267
2025-10-25 08:30:00+02:00,0.00212
2025-10-25 08:45:00+02:00,0.013810000000000001
2025-10-25 09:00:00+02:00,0.044219999999999995
2025-10-25 09:15:00+02:00,0.04311
2025-10-25 09:30:00+02:00,-0.04996
2025-10-25 09:45:00+02:00,-0.08756
2025-10-25 10:00:00+02:00,-0.09198999999999999
2025-10-25 10:15:00+02:00,0.0043
2025-10-25 10:30:00+02:00,0.00333
2025-10-25 10:45:00+02:00,-0.028140000000000002
2025-10-25 11:00:00+02:00,0.009779999999999999
2025-10-25 11:15:00+02:00,0.008039999999999999
2025-10-25 11:30:00+02:00,0.00373
2025-10-25 11:45:00+02:00,0.03736
2025-10-25 12:00:00+02:00,0.037469999999999996
2025-10-25 12:15:00+02:00,0.03261
2025-10-25 12:30:00+02:00,0.02942
2025-10-25 12:45:00+02:00,0.0422
2025-10-25 13:00:00+02:00,0.03527
2025-10-25 13:15:00+02:00,0.01798
2025-10-25 13:30:00+02:00,0.018269999999999998
2025-10-25 13:45:00+02:00,0.02253
2025-10-25 14:00:00+02:00,0.038329999999999996
2025-10-25 14:15:00+02:00,0.01449
2025-10-25 14:30:00+02:00,0.00718
2025-10-25 14:45:00+02:00,0.019399999999999997
2025-10-25 15:00:00+02:00,0.00983
2025-10-25 15:15:00+02:00,0.01419
2025-10-25 15:30:00+02:00,0.01393
2025-10-25 15:45:00+02:00,0.01839
2025-10-25 16:00:00+02:00,0.022629999999999997
2025-10-25 16:15:00+02:00,0.03342
2025-10-25 16:30:00+02:00,0.01644
2025-10-25 16:45:00+02:00,0.016649999999999998
2025-10-25 17:00:00+02:00,0.024329999999999997
2025-10-25 17:15:00+02:00,0.01317
2025-10-25 17:30:00+02:00,0.0197
2025-10-25 17:45:00+02:00,-0.06179
2025-10-25 18:00:00+02:00,0.04615
2025-10-25 18:15:00+02:00,0.0581
2025-10-25 18:30:00+02:00,0.09409000000000001
2025-10-25 18:45:00+02:00,0.09254000000000001
2025-10-25 19:00:00+02:00,0.24418
2025-10-25 19:15:00+02:00,0.32649
2025-10-25 19:30:00+02:00,0.00658
2025-10-25 19:45:00+02:00,0.07440000000000001
2025-10-25 20:00:00+02:00,0.0268
2025-10-25 20:15:00+02:00,0.01797
2025-10-25 20:30:00+02:00,0.01103
2025-10-25 20:45:00+02:00,0.02373
2025-10-25 21:00:00+02:00,0.027649999999999997
2025-10-25 21:15:00+02:00,0.04054
2025-10-25 21:30:00+02:00,0.11220000000000001
2025-10-25 21:45:00+02:00,0.0719
2025-10-25 22:00:00+02:00,0.2319
2025-10-25 22:15:00+02:00,-0.013519999999999999
2025-10-25 22:30:00+02:00,-0.00335
2025-10-25 22:45:00+02:00,-0.00246
2025-10-25 23:00:00+02:00,0.00471
2025-10-25 23:15:00+02:00,0.0016
2025-10-25 23:30:00+02:00,0.01641
2025-10-25 23:45:00+02:00,0.00982
2025-10-26 00:00:00+02:00,0.06261
2025-10-26 00:15:00+02:00,0.07158
2025-10-26 00:30:00+02:00,0.09666
2025-10-26 00:45:00+02:00,0.07870999999999999
2025-10-26 01:00:00+02:00,0.0888
2025-10-26 01:15:00+02:00,-0.10449
2025-10-26 01:30:00+02:00,0.028640000000000002
2025-10-26 01:45:00+02:00,0.01593
2025-10-26 03:00:00+01:00,-0.00541
2025-10-26 03:15:00+01:00,0.00496
2025-10-26 03:30:00+01:00,0.00563
2025-10-26 03:45:00+01:00,0.00666
2025-10-26 04:00:00+01:00,0.01058
2025-10-26 04:15:00+01:00,0.0060999999999999995
2025-10-26 04:30:00+01:00,-0.01402
2025-10-26 04:45:00+01:00,-0.032130000000000006
2025-10-26 05:00:00+01:00,-0.048229999999999995
2025-10-26 05:15:00+01:00,-0.01711
2025-10-26 05:30:00+01:00,0.00103
2025-10-26 05:45:00+01:00,0.02173
2025-10-26 06:00:00+01:00,0.04436
2025-10-26 06:15:00+01:00,-0.07293000000000001
2025-10-26 06:30:00+01:00,0.01474
2025-10-26 06:45:00+01:00,0.01898
2025-10-26 07:00:00+01:00,0.07456
2025-10-26 07:15:00+01:00,0.09709000000000001
2025-10-26 07:30:00+01:00,0.11147
2025-10-26 07:45:00+01:00,0.10715000000000001
2025-10-26 08:00:00+01:00,0.05054
2025-10-26 08:15:00+01:00,0.016239999999999997
2025-10-26 08:30:00+01:00,0.01384
2025-10-26 08:45:00+01:00,-0.06475
2025-10-26 09:00:00+01:00,0.00368
2025-10-26 09:15:00+01:00,-0.22797
2025-10-26 09:30:00+01:00,0.03793
2025-10-26 09:45:00+01:00,0.01413
2025-10-26 10:00:00+01:00,0.01091
2025-10-26 10:15:00+01:00,0.00373
2025-10-26 10:30:00+01:00,-0.10386
2025-10-26 10:45:00+01:00,0.01604
2025-10-26 11:00:00+01:00,0.06046
2025-10-26 11:15:00+01:00,0.00542
2025-10-26 11:30:00+01:00,0.04038
2025-10-26 11:45:00+01:00,-0.06007
2025-10-26 12:00:00+01:00,-0.018539999999999997
2025-10-26 12:15:00+01:00,0.00413
2025-10-26 12:30:00+01:00,0.0037400000000000003
2025-10-26 12:45:00+01:00,0.00796
2025-10-26 13:00:00+01:00,0.00484
2025-10-26 13:15:00+01:00,0.00488
2025-10-26 13:30:00+01:00,0.0071600000000000006
2025-10-26 13:45:00+01:00,0.012199999999999999
2025-10-26 14:00:00+01:00,0.01217
2025-10-26 14:15:00+01:00,0.00725
2025-10-26 14:30:00+01:00,0.024640000000000002
2025-10-26 14:45:00+01:00,0.04179
2025-10-26 15:00:00+01:00,0.01132
2025-10-26 15:15:00+01:00,0.052590000000000005
2025-10-26 15:30:00+01:00,0.049909999999999996
2025-10-26 15:45:00+01:00,0.09652
2025-10-26 16:00:00+01:00,0.08968999999999999
2025-10-26 16:15:00+01:00,0.04843
2025-10-26 16:30:00+01:00,0.04158
2025-10-26 16:45:00+01:00,0.06458
2025-10-26 17:00:00+01:00,0.07232999999999999
2025-10-26 17:15:00+01:00,0.03389
2025-10-26 17:30:00+01:00,0.03706
2025-10-26 17:45:00+01:00,0.07415000000000001
2025-10-26 18:00:00+01:00,0.037689999999999994
2025-10-26 18:15:00+01:00,0.037270000000000005
2025-10-26 18:30:00+01:00,0.03816
2025-10-26 18:45:00+01:00,-0.01989
2025-10-26 19:00:00+01:00,0.02528
2025-10-26 19:15:00+01:00,0.02346
2025-10-26 19:30:00+01:00,0.01434
2025-10-26 19:45:00+01:00,0.02662
2025-10-26 20:00:00+01:00,0.022670000000000003
2025-10-26 20:15:00+01:00,-0.05705
2025-10-26 20:30:00+01:00,0.01695
2025-10-26 20:45:00+01:00,0.00714
2025-10-26 21:00:00+01:00,0.06846
2025-10-26 21:15:00+01:00,0.00261
2025-10-26 21:30:00+01:00,-0.04022
2025-10-26 21:45:00+01:00,-0.023190000000000002
2025-10-26 22:00:00+01:00,0.06598000000000001
2025-10-26 22:15:00+01:00,0.00643
2025-10-26 22:30:00+01:00,0.04056
2025-10-26 22:45:00+01:00,-0.16207
2025-10-26 23:00:00+01:00,0.05861
2025-10-26 23:15:00+01:00,-0.03381
2025-10-26 23:30:00+01:00,0.00577
2025-10-26 23:45:00+01:00,-0.08227
2025-10-27 00:00:00+01:00,0.01686
2025-10-27 00:15:00+01:00,0.04168
2025-10-27 00:30:00+01:00,-0.00614
2025-10-27 00:45:00+01:00,-0.01623
2025-10-27 01:00:00+01:00,-0.00495
2025-10-27 01:15:00+01:00,0.01822
2025-10-27 01:30:00+01:00,-0.00533
2025-10-27 01:45:00+01:00,0.01537
2025-10-27 02:00:00+01:00,-0.015359999999999999
2025-10-27 02:15:00+01:00,-0.01367
2025-10-27 02:30:00+01:00,-0.0010400000000000001
2025-10-27 02:45:00+01:00,0.0
2025-10-27 03:00:00+01:00,0.0047599999999999995
2025-10-27 03:15:00+01:00,0.00314
2025-10-27 03:30:00+01:00,0.00789
2025-10-27 03:45:00+01:00,0.01276
2025-10-27 04:00:00+01:00,0.07398
2025-10-27 04:15:00+01:00,0.02625
2025-10-27 04:30:00+01:00,-0.00504
2025-10-27 04:45:00+01:00,-0.01034
2025-10-27 05:00:00+01:00,0.04381
2025-10-27 05:15:00+01:00,-0.01052
2025-10-27 05:30:00+01:00,-0.00438
2025-10-27 05:45:00+01:00,0.02553
2025-10-27 06:00:00+01:00,-0.05025
2025-10-27 06:15:00+01:00,-0.0014199999999999998
2025-10-27 06:30:00+01:00,0.06846
2025-10-27 06:45:00+01:00,0.07726000000000001
2025-10-27 07:00:00+01:00,0.10359
2025-10-27 07:15:00+01:00,0.09336
2025-10-27 07:30:00+01:00,0.09844
2025-10-27 07:45:00+01:00,0.12531
2025-10-27 08:00:00+01:00,0.12007
2025-10-27 08:15:00+01:00,0.21418
2025-10-27 08:30:00+01:00,0.25058
2025-10-27 08:45:00+01:00,0.14724
2025-10-27 09:00:00+01:00,0.05442
2025-10-27 09:15:00+01:00,0.05048
2025-10-27 09:30:00+01:00,0.1018
2025-10-27 09:45:00+01:00,0.07562999999999999
2025-10-27 10:00:00+01:00,0.11325
2025-10-27 10:15:00+01:00,0.13777
2025-10-27 10:30:00+01:00,0.03381
2025-10-27 10:45:00+01:00,0.08951
2025-10-27 11:00:00+01:00,0.10147
2025-10-27 11:15:00+01:00,0.06296
2025-10-27 11:30:00+01:00,-0.00924
2025-10-27 11:45:00+01:00,-0.01569
2025-10-27 12:00:00+01:00,0.102
2025-10-27 12:15:00+01:00,0.06848
2025-10-27 12:30:00+01:00,0.0351
2025-10-27 12:45:00+01:00,0.08377
2025-10-27 13:00:00+01:00,0.10031999999999999
2025-10-27 13:15:00+01:00,0.09611
2025-10-27 13:30:00+01:00,0.09775
2025-10-27 13:45:00+01:00,0.10621
2025-10-27 14:00:00+01:00,0.10391
2025-10-27 14:15:00+01:00,0.08979999999999999
2025-10-27 14:30:00+01:00,0.09949
2025-10-27 14:45:00+01:00,0.1013
2025-10-27 15:00:00+01:00,0.05972
2025-10-27 15:15:00+01:00,0.06007
2025-10-27 15:30:00+01:00,0.005679999999999999
2025-10-27 15:45:00+01:00,-0.035840000000000004
2025-10-27 16:00:00+01:00,0.10796
2025-10-27 16:15:00+01:00,0.11444
2025-10-27 16:30:00+01:00,0.11195000000000001
2025-10-27 16:45:00+01:00,0.06423999999999999
2025-10-27 17:00:00+01:00,0.09622
2025-10-27 17:15:00+01:00,0.11194
2025-10-27 17:30:00+01:00,0.11804
2025-10-27 17:45:00+01:00,0.12026
2025-10-27 18:00:00+01:00,0.14328
2025-10-27 18:15:00+01:00,0.14605
2025-10-27 18:30:00+01:00,0.14951
2025-10-27 18:45:00+01:00,0.00643
2025-10-27 19:00:00+01:00,0.023940000000000003
2025-10-27 19:15:00+01:00,0.054630000000000005
2025-10-27 19:30:00+01:00,0.0205
2025-10-27 19:45:00+01:00,0.03512
2025-10-27 20:00:00+01:00,0.020739999999999998
2025-10-27 20:15:00+01:00,0.06285
2025-10-27 20:30:00+01:00,0.05335
2025-10-27 20:45:00+01:00,0.04945
2025-10-27 21:00:00+01:00,0.012369999999999999
2025-10-27 21:15:00+01:00,-0.06518
2025-10-27 21:30:00+01:00,-0.05754
2025-10-27 21:45:00+01:00,-0.08283
2025-10-27 22:00:00+01:00,0.04909
2025-10-27 22:15:00+01:00,0.0029
2025-10-27 22:30:00+01:00,0.03333
2025-10-27 22:45:00+01:00,-0.04364
2025-10-27 23:00:00+01:00,0.02682
2025-10-27 23:15:00+01:00,0.011699999999999999
2025-10-27 23:30:00+01:00,0.02979
2025-10-27 23:45:00+01:00,-0.11417000000000001
2025-10-28 00:00:00+01:00,0.022449999999999998
2025-10-28 00:15:00+01:00,-0.00435
2025-10-28 00:30:00+01:00,0.00368
2025-10-28 00:45:00+01:00,-0.00721
2025-10-28 01:00:00+01:00,0.00875
2025-10-28 01:15:00+01:00,-0.00453
2025-10-28 01:30:00+01:00,-0.01193
2025-10-28 01:45:00+01:00,0.00553
2025-10-28 02:00:00+01:00,-0.00537
2025-10-28 02:15:00+01:00,-0.00271
2025-10-28 02:30:00+01:00,0.01463
2025-10-28 02:45:00+01:00,0.0173
2025-10-28 03:00:00+01:00,0.005019999999999999
2025-10-28 03:15:00+01:00,0.00789
2025-10-28 03:30:00+01:00,0.00328
2025-10-28 03:45:00+01:00,0.00342
2025-10-28 04:00:00+01:00,0.011130000000000001
2025-10-28 04:15:00+01:00,-0.00357
2025-10-28 04:30:00+01:00,0.005019999999999999
2025-10-28 04:45:00+01:00,0.00583
2025-10-28 05:00:00+01:00,-0.00704
2025-10-28 05:15:00+01:00,-0.00158
2025-10-28 05:30:00+01:00,0.06651
2025-10-28 05:45:00+01:00,0.03872
2025-10-28 06:00:00+01:00,0.12454000000000001
2025-10-28 06:15:00+01:00,0.09643
2025-10-28 06:30:00+01:00,0.11657
2025-10-28 06:45:00+01:00,0.09973
2025-10-28 07:00:00+01:00,0.12763
2025-10-28 07:15:00+01:00,0.01491
2025-10-28 07:30:00+01:00,0.024579999999999998
2025-10-28 07:45:00+01:00,0.03796
2025-10-28 08:00:00+01:00,0.03921
2025-10-28 08:15:00+01:00,0.01259
2025-10-28 08:30:00+01:00,0.00387
2025-10-28 08:45:00+01:00,0.02841
2025-10-28 09:00:00+01:00,0.09098
2025-10-28 09:15:00+01:00,0.12206
2025-10-28 09:30:00+01:00,0.07636
2025-10-28 09:45:00+01:00,0.052039999999999996
2025-10-28 10:00:00+01:00,0.062090000000000006
2025-10-28 10:15:00+01:00,0.08771999999999999
2025-10-28 10:30:00+01:00,0.10604000000000001
2025-10-28 10:45:00+01:00,0.11638
2025-10-28 11:00:00+01:00,0.04112
2025-10-28 11:15:00+01:00,0.02038
2025-10-28 11:30:00+01:00,0.01089
2025-10-28 11:45:00+01:00,-0.007980000000000001
2025-10-28 12:00:00+01:00,0.081
2025-10-28 12:15:00+01:00,0.0866
2025-10-28 12:30:00+01:00,0.02834
2025-10-28 12:45:00+01:00,0.06419
2025-10-28 13:00:00+01:00,0.09423999999999999
2025-10-28 13:15:00+01:00,0.12287999999999999
2025-10-28 13:30:00+01:00,0.13866
2025-10-28 13:45:00+01:00,0.1688
2025-10-28 14:00:00+01:00,0.11070999999999999
2025-10-28 14:15:00+01:00,0.13708
2025-10-28 14:30:00+01:00,0.12656
2025-10-28 14:45:00+01:00,0.12678
2025-10-28 15:00:00+01:00,0.13868
2025-10-28 15:15:00+01:00,0.12358
2025-10-28 15:30:00+01:00,0.20944
2025-10-28 15:45:00+01:00,0.07772
2025-10-28 16:00:00+01:00,0.11899
2025-10-28 16:15:00+01:00,0.12963
2025-10-28 16:30:00+01:00,-0.02729
2025-10-28 16:45:00+01:00,-0.0277
2025-10-28 17:00:00+01:00,0.0819
2025-10-28 17:15:00+01:00,0.10101
2025-10-28 17:30:00+01:00,0.11343
2025-10-28 17:45:00+01:00,0.10662999999999999
2025-10-28 18:00:00+01:00,0.10728
2025-10-28 18:15:00+01:00,0.19653
2025-10-28 18:30:00+01:00,0.11373
2025-10-28 18:45:00+01:00,0.16025999999999999
2025-10-28 19:00:00+01:00,0.11442000000000001
2025-10-28 19:15:00+01:00,0.11087999999999999
2025-10-28 19:30:00+01:00,0.08002
2025-10-28 19:45:00+01:00,0.09481999999999999
2025-10-28 20:00:00+01:00,0.09724
2025-10-28 20:15:00+01:00,0.14969
2025-10-28 20:30:00+01:00,0.04468
2025-10-28 20:45:00+01:00,0.08792
2025-10-28 21:00:00+01:00,0.054329999999999996
2025-10-28 21:15:00+01:00,0.061759999999999995
2025-10-28 21:30:00+01:00,0.07215
2025-10-28 21:45:00+01:00,-0.03804
2025-10-28 22:00:00+01:00,-0.01713
2025-10-28 22:15:00+01:00,0.05811
2025-10-28 22:30:00+01:00,-0.022420000000000002
2025-10-28 22:45:00+01:00,0.011619999999999998
2025-10-28 23:00:00+01:00,0.06124
2025-10-28 23:15:00+01:00,0.05743
2025-10-28 23:30:00+01:00,0.06896
2025-10-28 23:45:00+01:00,0.03061
2025-10-29 00:00:00+01:00,0.08496
2025-10-29 00:15:00+01:00,0.06892
2025-10-29 00:30:00+01:00,0.055409999999999994
2025-10-29 00:45:00+01:00,0.09494
2025-10-29 01:00:00+01:00,-0.00801
2025-10-29 01:15:00+01:00,0.0008
2025-10-29 01:30:00+01:00,0.0211
2025-10-29 01:45:00+01:00,0.00807
2025-10-29 02:00:00+01:00,0.05291
2025-10-29 02:15:00+01:00,0.01686
2025-10-29 02:30:00+01:00,0.060520000000000004
2025-10-29 02:45:00+01:00,0.05374
2025-10-29 03:00:00+01:00,0.05533
2025-10-29 03:15:00+01:00,0.03712
2025-10-29 03:30:00+01:00,0.06442
2025-10-29 03:45:00+01:00,0.0546
2025-10-29 04:00:00+01:00,0.10536
2025-10-29 04:15:00+01:00,0.00904
2025-10-29 04:30:00+01:00,0.06688
2025-10-29 04:45:00+01:00,0.06276
2025-10-29 05:00:00+01:00,0.05844
2025-10-29 05:15:00+01:00,0.08729
2025-10-29 05:30:00+01:00,0.11484
2025-10-29 05:45:00+01:00,0.10671
2025-10-29 06:00:00+01:00,0.12074
2025-10-29 06:15:00+01:00,0.11566
2025-10-29 06:30:00+01:00,0.1273
2025-10-29 06:45:00+01:00,0.055049999999999995
2025-10-29 07:00:00+01:00,0.12853
2025-10-29 07:15:00+01:00,0.12577
2025-10-29 07:30:00+01:00,0.12364
2025-10-29 07:45:00+01:00,0.10374
2025-10-29 08:00:00+01:00,0.12562
2025-10-29 08:15:00+01:00,0.09061
2025-10-29 08:30:00+01:00,0.10145
2025-10-29 08:45:00+01:00,0.11909
2025-10-29 09:00:00+01:00,0.12136
2025-10-29 09:15:00+01:00,0.09786
2025-10-29 09:30:00+01:00,0.06548999999999999
2025-10-29 09:45:00+01:00,0.02475
2025-10-29 10:00:00+01:00,0.06812
2025-10-29 10:15:00+01:00,0.11045
2025-10-29 10:30:00+01:00,0.11186
2025-10-29 10:45:00+01:00,0.09078
2025-10-29 11:00:00+01:00,0.10572
2025-10-29 11:15:00+01:00,0.13134
2025-10-29 11:30:00+01:00,0.14925
2025-10-29 11:45:00+01:00,0.14443999999999999
2025-10-29 12:00:00+01:00,0.08718000000000001
2025-10-29 12:15:00+01:00,0.07897
2025-10-29 12:30:00+01:00,0.11846999999999999
2025-10-29 12:45:00+01:00,0.09487000000000001
2025-10-29 13:00:00+01:00,0.11645
2025-10-29 13:15:00+01:00,0.11118
2025-10-29 13:30:00+01:00,0.11087999999999999
2025-10-29 13:45:00+01:00,0.02934
2025-10-29 14:00:00+01:00,0.10697
2025-10-29 14:15:00+01:00,0.11129
2025-10-29 14:30:00+01:00,0.12729000000000001
2025-10-29 14:45:00+01:00,0.10807
2025-10-29 15:00:00+01:00,0.11583
2025-10-29 15:15:00+01:00,0.14332
2025-10-29 15:30:00+01:00,0.23698
2025-10-29 15:45:00+01:00,0.24488
2025-10-29 16:00:00+01:00,0.07143000000000001
2025-10-29 16:15:00+01:00,0.05846
2025-10-29 16:30:00+01:00,0.03227
2025-10-29 16:45:00+01:00,0.17311
2025-10-29 17:00:00+01:00,0.17649
2025-10-29 17:15:00+01:00,0.1673
2025-10-29 17:30:00+01:00,0.19531
2025-10-29 17:45:00+01:00,0.19703
2025-10-29 18:00:00+01:00,0.16949
2025-10-29 18:15:00+01:00,0.08939
2025-10-29 18:30:00+01:00,0.06106
2025-10-29 18:45:00+01:00,0.054700000000000006
2025-10-29 19:00:00+01:00,0.13834
2025-10-29 19:15:00+01:00,0.13854
2025-10-29 19:30:00+01:00,0.14032
2025-10-29 19:45:00+01:00,0.18669999999999998
2025-10-29 20:00:00+01:00,0.30806
2025-10-29 20:15:00+01:00,0.41864999999999997
2025-10-29 20:30:00+01:00,0.06968
2025-10-29 20:45:00+01:00,0.07289
2025-10-29 21:00:00+01:00,0.09451000000000001
2025-10-29 21:15:00+01:00,0.08851
2025-10-29 21:30:00+01:00,0.11822
2025-10-29 21:45:00+01:00,0.12006
2025-10-29 22:00:00+01:00,0.12581
2025-10-29 22:15:00+01:00,0.10659
2025-10-29 22:30:00+01:00,0.12369
2025-10-29 22:45:00+01:00,0.0958
2025-10-29 23:00:00+01:00,0.04243
2025-10-29 23:15:00+01:00,0.01507
2025-10-29 23:30:00+01:00,0.02066
2025-10-29 23:45:00+01:00,0.031170000000000003
2025-10-30 00:00:00+01:00,0.07168000000000001
2025-10-30 00:15:00+01:00,0.10068
2025-10-30 00:30:00+01:00,0.11839
2025-10-30 00:45:00+01:00,0.11322
2025-10-30 01:00:00+01:00,0.13504
2025-10-30 01:15:00+01:00,0.06987
2025-10-30 01:30:00+01:00,0.05731
2025-10-30 01:45:00+01:00,0.09268000000000001
2025-10-30 02:00:00+01:00,0.05142
2025-10-30 02:15:00+01:00,0.05864
2025-10-30 02:30:00+01:00,0.04226
2025-10-30 02:45:00+01:00,0.030019999999999998
2025-10-30 03:00:00+01:00,0.03506
2025-10-30 03:15:00+01:00,0.03468
2025-10-30 03:30:00+01:00,0.03148
2025-10-30 03:45:00+01:00,0.04029
2025-10-30 04:00:00+01:00,0.05652
2025-10-30 04:15:00+01:00,0.06269
2025-10-30 04:30:00+01:00,0.024149999999999998
2025-10-30 04:45:00+01:00,0.09043999999999999
2025-10-30 05:00:00+01:00,0.03521
2025-10-30 05:15:00+01:00,0.033530000000000004
2025-10-30 05:30:00+01:00,0.030989999999999997
2025-10-30 05:45:00+01:00,0.01591
2025-10-30 06:00:00+01:00,-3.52884
2025-10-30 06:15:00+01:00,0.04807
2025-10-30 06:30:00+01:00,-0.009210000000000001
2025-10-30 06:45:00+01:00,-0.02969
2025-10-30 07:00:00+01:00,0.01097
2025-10-30 07:15:00+01:00,-0.01806
2025-10-30 07:30:00+01:00,0.009859999999999999
2025-10-30 07:45:00+01:00,0.02757
2025-10-30 08:00:00+01:00,0.10302
2025-10-30 08:15:00+01:00,0.18738
2025-10-30 08:30:00+01:00,0.16981
2025-10-30 08:45:00+01:00,-0.05343
2025-10-30 09:00:00+01:00,0.09936
2025-10-30 09:15:00+01:00,0.06938
2025-10-30 09:30:00+01:00,0.07981999999999999
2025-10-30 09:45:00+01:00,0.04028
2025-10-30 10:00:00+01:00,-0.01066
2025-10-30 10:15:00+01:00,0.00022
2025-10-30 10:30:00+01:00,0.0198
2025-10-30 10:45:00+01:00,0.0071200000000000005
2025-10-30 11:00:00+01:00,-0.19988999999999998
2025-10-30 11:15:00+01:00,1e-05
2025-10-30 11:30:00+01:00,-0.0011799999999999998
2025-10-30 11:45:00+01:00,-0.00076
2025-10-30 12:00:00+01:00,-0.00662
2025-10-30 12:15:00+01:00,0.00331
2025-10-30 12:30:00+01:00,-0.01661
2025-10-30 12:45:00+01:00,-0.00762
2025-10-30 13:00:00+01:00,-0.02488
2025-10-30 13:15:00+01:00,0.03796
2025-10-30 13:30:00+01:00,0.05015
2025-10-30 13:45:00+01:00,0.038079999999999996
2025-10-30 14:00:00+01:00,0.02856
2025-10-30 14:15:00+01:00,-0.039189999999999996
2025-10-30 14:30:00+01:00,0.0916
2025-10-30 14:45:00+01:00,0.06814
2025-10-30 15:00:00+01:00,0.07876000000000001
2025-10-30 15:15:00+01:00,-0.04256
2025-10-30 15:30:00+01:00,0.13219
2025-10-30 15:45:00+01:00,0.17301
2025-10-30 16:00:00+01:00,0.14873
2025-10-30 16:15:00+01:00,-0.00318
2025-10-30 16:30:00+01:00,0.03587
2025-10-30 16:45:00+01:00,0.07628
2025-10-30 17:00:00+01:00,0.05973
2025-10-30 17:15:00+01:00,0.11119
2025-10-30 17:30:00+01:00,0.0723
2025-10-30 17:45:00+01:00,0.0659
2025-10-30 18:00:00+01:00,0.0885
2025-10-30 18:15:00+01:00,0.09844
2025-10-30 18:30:00+01:00,0.08769
2025-10-30 18:45:00+01:00,0.10638
2025-10-30 19:00:00+01:00,0.09334999999999999
2025-10-30 19:15:00+01:00,0.09559999999999999
2025-10-30 19:30:00+01:00,0.07537999999999999
2025-10-30 19:45:00+01:00,0.08681
2025-10-30 20:00:00+01:00,0.10406
2025-10-30 20:15:00+01:00,0.12193000000000001
2025-10-30 20:30:00+01:00,0.13186
2025-10-30 20:45:00+01:00,0.13577
2025-10-30 21:00:00+01:00,0.11387
2025-10-30 21:15:00+01:00,0.12062
2025-10-30 21:30:00+01:00,0.07890000000000001
2025-10-30 21:45:00+01:00,0.08120999999999999
2025-10-30 22:00:00+01:00,0.08699
2025-10-30 22:15:00+01:00,0.05583
2025-10-30 22:30:00+01:00,0.05534
2025-10-30 22:45:00+01:00,0.0484
2025-10-30 23:00:00+01:00,0.11749
2025-10-30 23:15:00+01:00,0.10165
2025-10-30 23:30:00+01:00,0.11097
2025-10-30 23:45:00+01:00,0.06655
2025-10-31 00:00:00+01:00,0.06852
2025-10-31 00:15:00+01:00,0.06713
2025-10-31 00:30:00+01:00,0.10253
2025-10-31 00:45:00+01:00,0.08326
2025-10-31 01:00:00+01:00,0.13603
2025-10-31 01:15:00+01:00,0.11654
2025-10-31 01:30:00+01:00,0.11324
2025-10-31 01:45:00+01:00,0.04014
2025-10-31 02:00:00+01:00,0.06229
2025-10-31 02:15:00+01:00,0.12834
2025-10-31 02:30:00+01:00,0.12838
2025-10-31 02:45:00+01:00,0.12165999999999999
2025-10-31 03:00:00+01:00,0.11801
2025-10-31 03:15:00+01:00,0.12603
2025-10-31 03:30:00+01:00,0.12993000000000002
2025-10-31 03:45:00+01:00,0.14728
2025-10-31 04:00:00+01:00,0.11831
2025-10-31 04:15:00+01:00,0.14111
2025-10-31 04:30:00+01:00,0.11608
2025-10-31 04:45:00+01:00,0.11467000000000001
2025-10-31 05:00:00+01:00,0.118
2025-10-31 05:15:00+01:00,0.1092
2025-10-31 05:30:00+01:00,0.12451000000000001
2025-10-31 05:45:00+01:00,0.1262
2025-10-31 06:00:00+01:00,0.14422
2025-10-31 06:15:00+01:00,0.14327
2025-10-31 06:30:00+01:00,0.12454000000000001
2025-10-31 06:45:00+01:00,0.09012
2025-10-31 07:00:00+01:00,0.13065000000000002
2025-10-31 07:15:00+01:00,0.0991
2025-10-31 07:30:00+01:00,0.09708
2025-10-31 07:45:00+01:00,0.1281
2025-10-31 08:00:00+01:00,0.14353
2025-10-31 08:15:00+01:00,0.15486000000000003
2025-10-31 08:30:00+01:00,0.13269999999999998
2025-10-31 08:45:00+01:00,0.1191
2025-10-31 09:00:00+01:00,0.14604
2025-10-31 09:15:00+01:00,0.14615999999999998
2025-10-31 09:30:00+01:00,0.15403999999999998
2025-10-31 09:45:00+01:00,0.12098
2025-10-31 10:00:00+01:00,0.15672999999999998
2025-10-31 10:15:00+01:00,0.14318999999999998
2025-10-31 10:30:00+01:00,0.14108
2025-10-31 10:45:00+01:00,0.07433
2025-10-31 11:00:00+01:00,0.06838
2025-10-31 11:15:00+01:00,0.07679000000000001
2025-10-31 11:30:00+01:00,0.10719
2025-10-31 11:45:00+01:00,0.11333
2025-10-31 12:00:00+01:00,0.13688999999999998
2025-10-31 12:15:00+01:00,0.18151
2025-10-31 12:30:00+01:00,0.14203
2025-10-31 12:45:00+01:00,0.07786
2025-10-31 13:00:00+01:00,0.03507
2025-10-31 13:15:00+01:00,0.06575
2025-10-31 13:30:00+01:00,0.09
2025-10-31 13:45:00+01:00,0.09867000000000001
2025-10-31 14:00:00+01:00,0.11025
2025-10-31 14:15:00+01:00,0.1435
2025-10-31 14:30:00+01:00,0.13928000000000001
2025-10-31 14:45:00+01:00,0.1024
2025-10-31 15:00:00+01:00,0.10635
2025-10-31 15:15:00+01:00,0.10729000000000001
2025-10-31 15:30:00+01:00,0.11186
2025-10-31 15:45:00+01:00,0.07956
2025-10-31 16:00:00+01:00,0.08965000000000001
2025-10-31 16:15:00+01:00,0.06893
2025-10-31 16:30:00+01:00,0.12066
2025-10-31 16:45:00+01:00,0.13143000000000002
2025-10-31 17:00:00+01:00,0.13116999999999998
2025-10-31 17:15:00+01:00,0.13613
2025-10-31 17:30:00+01:00,0.15444999999999998
2025-10-31 17:45:00+01:00,0.09765
2025-10-31 18:00:00+01:00,0.0869
2025-10-31 18:15:00+01:00,0.07277
2025-10-31 18:30:00+01:00,0.028050000000000002
2025-10-31 18:45:00+01:00,0.024300000000000002
2025-10-31 19:00:00+01:00,0.04572
2025-10-31 19:15:00+01:00,0.04692
2025-10-31 19:30:00+01:00,0.09426999999999999
2025-10-31 19:45:00+01:00,0.10667
2025-10-31 20:00:00+01:00,0.10422
2025-10-31 20:15:00+01:00,0.10578
2025-10-31 20:30:00+01:00,0.036340000000000004
2025-10-31 20:45:00+01:00,0.02195
2025-10-31 21:00:00+01:00,0.026269999999999998
2025-10-31 21:15:00+01:00,0.027329999999999997
2025-10-31 21:30:00+01:00,0.01739
2025-10-31 21:45:00+01:00,-0.01645
2025-10-31 22:00:00+01:00,0.01579
2025-10-31 22:15:00+01:00,0.01748
2025-10-31 22:30:00+01:00,0.02133
2025-10-31 22:45:00+01:00,0.05639
2025-10-31 23:00:00+01:00,0.08918000000000001
2025-10-31 23:15:00+01:00,0.10374
2025-10-31 23:30:00+01:00,0.07418999999999999
2025-10-31 23:45:00+01:00,0.10482999999999999
