time,price
2025-12-31 23:00:00+00:00,0.06364
2025-12-31 23:15:00+00:00,0.06148
2025-12-31 23:30:00+00:00,0.058
2025-12-31 23:45:00+00:00,0.04999
2026-01-01 00:00:00+00:00,0.06001
2026-01-01 00:15:00+00:00,0.0489
2026-01-01 00:30:00+00:00,0.03674
2026-01-01 00:45:00+00:00,0.02393
2026-01-01 01:00:00+00:00,0.03601
2026-01-01 01:15:00+00:00,0.01992
2026-01-01 01:30:00+00:00,0.01499
2026-01-01 01:45:00+00:00,0.00736
2026-01-01 02:00:00+00:00,0.01008
2026-01-01 02:15:00+00:00,0.00669
2026-01-01 02:30:00+00:00,0.0045
2026-01-01 02:45:00+00:00,0.00387
2026-01-01 03:00:00+00:00,0.0045
2026-01-01 03:15:00+00:00,0.00429
2026-01-01 03:30:00+00:00,0.00348
2026-01-01 03:45:00+00:00,0.0001
2026-01-01 04:00:00+00:00,0.00305
2026-01-01 04:15:00+00:00,0.0001
2026-01-01 04:30:00+00:00,0.0001
2026-01-01 04:45:00+00:00,7e-05
2026-01-01 05:00:00+00:00,1e-05
2026-01-01 05:15:00+00:00,0.0001
2026-01-01 05:30:00+00:00,0.0001
2026-01-01 05:45:00+00:00,0.0
2026-01-01 06:00:00+00:00,9e-05
2026-01-01 06:15:00+00:00,1e-05
2026-01-01 06:30:00+00:00,0.0
2026-01-01 06:45:00+00:00,0.0
2026-01-01 07:00:00+00:00,4e-05
2026-01-01 07:15:00+00:00,0.0001
2026-01-01 07:30:00+00:00,9e-05
2026-01-01 07:45:00+00:00,0.0
2026-01-01 08:00:00+00:00,0.0
2026-01-01 08:15:00+00:00,0.0
2026-01-01 08:30:00+00:00,0.0
2026-01-01 08:45:00+00:00,0.0
2026-01-01 09:00:00+00:00,0.0
2026-01-01 09:15:00+00:00,0.0
2026-01-01 09:30:00+00:00,0.0
2026-01-01 09:45:00+00:00,-1e-05
2026-01-01 10:00:00+00:00,0.0
2026-01-01 10:15:00+00:00,0.0
2026-01-01 10:30:00+00:00,0.0
2026-01-01 10:45:00+00:00,-1e-05
2026-01-01 11:00:00+00:00,-1e-05
2026-01-01 11:15:00+00:00,-1e-05
2026-01-01 11:30:00+00:00,-1e-05
2026-01-01 11:45:00+00:00,-1e-05
2026-01-01 12:00:00+00:00,-1e-05
2026-01-01 12:15:00+00:00,-1e-05
2026-01-01 12:30:00+00:00,-1e-05
2026-01-01 12:45:00+00:00,0.0
2026-01-01 13:00:00+00:00,-1e-05
2026-01-01 13:15:00+00:00,0.0
2026-01-01 13:30:00+00:00,0.0
2026-01-01 13:45:00+00:00,8e-05
2026-01-01 14:00:00+00:00,0.0001
2026-01-01 14:15:00+00:00,0.0001
2026-01-01 14:30:00+00:00,0.00385
2026-01-01 14:45:00+00:00,0.00999
2026-01-01 15:00:00+00:00,0.00451
2026-01-01 15:15:00+00:00,0.01
2026-01-01 15:30:00+00:00,0.01242
2026-01-01 15:45:00+00:00,0.01445
2026-01-01 16:00:00+00:00,0.02008
2026-01-01 16:15:00+00:00,0.01499
2026-01-01 16:30:00+00:00,0.03208
2026-01-01 16:45:00+00:00,0.02003
2026-01-01 17:00:00+00:00,0.02776
2026-01-01 17:15:00+00:00,0.03
2026-01-01 17:30:00+00:00,0.02217
2026-01-01 17:45:00+00:00,0.01258
2026-01-01 18:00:00+00:00,0.02896
2026-01-01 18:15:00+00:00,0.01827
2026-01-01 18:30:00+00:00,0.01258
2026-01-01 18:45:00+00:00,0.01256
2026-01-01 19:00:00+00:00,0.01253
2026-01-01 19:15:00+00:00,0.01005
2026-01-01 19:30:00+00:00,0.01008
2026-01-01 19:45:00+00:00,0.00751
2026-01-01 20:00:00+00:00,0.01001
2026-01-01 20:15:00+00:00,0.0101
2026-01-01 20:30:00+00:00,0.00986
2026-01-01 20:45:00+00:00,0.00583
2026-01-01 21:00:00+00:00,0.01528
2026-01-01 21:15:00+00:00,0.00961
2026-01-01 21:30:00+00:00,0.0045
2026-01-01 21:45:00+00:00,0.0001
2026-01-01 22:00:00+00:00,0.00114
2026-01-01 22:15:00+00:00,0.0
2026-01-01 22:30:00+00:00,0.0
2026-01-01 22:45:00+00:00,0.0
2026-01-01 23:00:00+00:00,0.01375
2026-01-01 23:15:00+00:00,0.01187
2026-01-01 23:30:00+00:00,0.01058
2026-01-01 23:45:00+00:00,0.00252
2026-01-02 00:00:00+00:00,0.00664
2026-01-02 00:15:00+00:00,0.00392
2026-01-02 00:30:00+00:00,0.00138
2026-01-02 00:45:00+00:00,0.0001
2026-01-02 01:00:00+00:00,0.00451
2026-01-02 01:15:00+00:00,0.00258
2026-01-02 01:30:00+00:00,0.0001
2026-01-02 01:45:00+00:00,4e-05
2026-01-02 02:00:00+00:00,0.00083
2026-01-02 02:15:00+00:00,0.0001
2026-01-02 02:30:00+00:00,5e-05
2026-01-02 02:45:00+00:00,0.0
2026-01-02 03:00:00+00:00,0.0001
2026-01-02 03:15:00+00:00,0.0001
2026-01-02 03:30:00+00:00,0.00206
2026-01-02 03:45:00+00:00,0.00464
2026-01-02 04:00:00+00:00,0.00499
2026-01-02 04:15:00+00:00,0.0098
2026-01-02 04:30:00+00:00,0.01141
2026-01-02 04:45:00+00:00,0.02179
2026-01-02 05:00:00+00:00,0.00554
2026-01-02 05:15:00+00:00,0.01716
2026-01-02 05:30:00+00:00,0.02572
2026-01-02 05:45:00+00:00,0.03876
2026-01-02 06:00:00+00:00,0.03293
2026-01-02 06:15:00+00:00,0.04426
2026-01-02 06:30:00+00:00,0.05999
2026-01-02 06:45:00+00:00,0.06668
2026-01-02 07:00:00+00:00,0.06633
2026-01-02 07:15:00+00:00,0.06858
2026-01-02 07:30:00+00:00,0.06993
2026-01-02 07:45:00+00:00,0.07063
2026-01-02 08:00:00+00:00,0.07051
2026-01-02 08:15:00+00:00,0.0705
2026-01-02 08:30:00+00:00,0.07163
2026-01-02 08:45:00+00:00,0.07215
2026-01-02 09:00:00+00:00,0.06259
2026-01-02 09:15:00+00:00,0.05853
2026-01-02 09:30:00+00:00,0.05535
2026-01-02 09:45:00+00:00,0.05508
2026-01-02 10:00:00+00:00,0.05387
2026-01-02 10:15:00+00:00,0.05771
2026-01-02 10:30:00+00:00,0.05735
2026-01-02 10:45:00+00:00,0.05478
2026-01-02 11:00:00+00:00,0.05482
2026-01-02 11:15:00+00:00,0.0575
2026-01-02 11:30:00+00:00,0.06
2026-01-02 11:45:00+00:00,0.05969
2026-01-02 12:00:00+00:00,0.0686
2026-01-02 12:15:00+00:00,0.06584
2026-01-02 12:30:00+00:00,0.06471
2026-01-02 12:45:00+00:00,0.06864
2026-01-02 13:00:00+00:00,0.06551
2026-01-02 13:15:00+00:00,0.07101
2026-01-02 13:30:00+00:00,0.07001
2026-01-02 13:45:00+00:00,0.07395
2026-01-02 14:00:00+00:00,0.06963
2026-01-02 14:15:00+00:00,0.07693
2026-01-02 14:30:00+00:00,0.08104
2026-01-02 14:45:00+00:00,0.08238
2026-01-02 15:00:00+00:00,0.07428
2026-01-02 15:15:00+00:00,0.08185
2026-01-02 15:30:00+00:00,0.08579
2026-01-02 15:45:00+00:00,0.0879
2026-01-02 16:00:00+00:00,0.08384
2026-01-02 16:15:00+00:00,0.08594
2026-01-02 16:30:00+00:00,0.08598
2026-01-02 16:45:00+00:00,0.08598
2026-01-02 17:00:00+00:00,0.08798
2026-01-02 17:15:00+00:00,0.08796
2026-01-02 17:30:00+00:00,0.08944
2026-01-02 17:45:00+00:00,0.08799
2026-01-02 18:00:00+00:00,0.08995
2026-01-02 18:15:00+00:00,0.0899
2026-01-02 18:30:00+00:00,0.08801
2026-01-02 18:45:00+00:00,0.08643
2026-01-02 19:00:00+00:00,0.09495
2026-01-02 19:15:00+00:00,0.08983
2026-01-02 19:30:00+00:00,0.08665
2026-01-02 19:45:00+00:00,0.08518
2026-01-02 20:00:00+00:00,0.08484
2026-01-02 20:15:00+00:00,0.08441
2026-01-02 20:30:00+00:00,0.08413
2026-01-02 20:45:00+00:00,0.08069
2026-01-02 21:00:00+00:00,0.08725
2026-01-02 21:15:00+00:00,0.08419
2026-01-02 21:30:00+00:00,0.08652
2026-01-02 21:45:00+00:00,0.08441
2026-01-02 22:00:00+00:00,0.08365
2026-01-02 22:15:00+00:00,0.08299
2026-01-02 22:30:00+00:00,0.08172
2026-01-02 22:45:00+00:00,0.07897
2026-01-02 23:00:00+00:00,0.08434
2026-01-02 23:15:00+00:00,0.08279
2026-01-02 23:30:00+00:00,0.07869
2026-01-02 23:45:00+00:00,0.07484
2026-01-03 00:00:00+00:00,0.0809
2026-01-03 00:15:00+00:00,0.07799
2026-01-03 00:30:00+00:00,0.07754
2026-01-03 00:45:00+00:00,0.07689
2026-01-03 01:00:00+00:00,0.07796
2026-01-03 01:15:00+00:00,0.07639
2026-01-03 01:30:00+00:00,0.07524
2026-01-03 01:45:00+00:00,0.07369
2026-01-03 02:00:00+00:00,0.07649
2026-01-03 02:15:00+00:00,0.07516
2026-01-03 02:30:00+00:00,0.07401
2026-01-03 02:45:00+00:00,0.07362
2026-01-03 03:00:00+00:00,0.07318
2026-01-03 03:15:00+00:00,0.07293
2026-01-03 03:30:00+00:00,0.07306
2026-01-03 03:45:00+00:00,0.07292
2026-01-03 04:00:00+00:00,0.07395
2026-01-03 04:15:00+00:00,0.07382
2026-01-03 04:30:00+00:00,0.0753
2026-01-03 04:45:00+00:00,0.07689
2026-01-03 05:00:00+00:00,0.07255
2026-01-03 05:15:00+00:00,0.0745
2026-01-03 05:30:00+00:00,0.07703
2026-01-03 05:45:00+00:00,0.07956
2026-01-03 06:00:00+00:00,0.07856
2026-01-03 06:15:00+00:00,0.07683
2026-01-03 06:30:00+00:00,0.07959
2026-01-03 06:45:00+00:00,0.08227
2026-01-03 07:00:00+00:00,0.08785
2026-01-03 07:15:00+00:00,0.09035
2026-01-03 07:30:00+00:00,0.09191
2026-01-03 07:45:00+00:00,0.09265
2026-01-03 08:00:00+00:00,0.09535
2026-01-03 08:15:00+00:00,0.09563
2026-01-03 08:30:00+00:00,0.09434
2026-01-03 08:45:00+00:00,0.09104
2026-01-03 09:00:00+00:00,0.09894
2026-01-03 09:15:00+00:00,0.095
2026-01-03 09:30:00+00:00,0.09145
2026-01-03 09:45:00+00:00,0.08785
2026-01-03 10:00:00+00:00,0.09195
2026-01-03 10:15:00+00:00,0.089
2026-01-03 10:30:00+00:00,0.08785
2026-01-03 10:45:00+00:00,0.08603
2026-01-03 11:00:00+00:00,0.08785
2026-01-03 11:15:00+00:00,0.08706
2026-01-03 11:30:00+00:00,0.08716
2026-01-03 11:45:00+00:00,0.08758
2026-01-03 12:00:00+00:00,0.08585
2026-01-03 12:15:00+00:00,0.08555
2026-01-03 12:30:00+00:00,0.08603
2026-01-03 12:45:00+00:00,0.08899
2026-01-03 13:00:00+00:00,0.08511
2026-01-03 13:15:00+00:00,0.08815
2026-01-03 13:30:00+00:00,0.0907
2026-01-03 13:45:00+00:00,0.09477
2026-01-03 14:00:00+00:00,0.09
2026-01-03 14:15:00+00:00,0.09401
2026-01-03 14:30:00+00:00,0.09668
2026-01-03 14:45:00+00:00,0.09771
2026-01-03 15:00:00+00:00,0.09478
2026-01-03 15:15:00+00:00,0.09939
2026-01-03 15:30:00+00:00,0.10098
2026-01-03 15:45:00+00:00,0.10437
2026-01-03 16:00:00+00:00,0.10595
2026-01-03 16:15:00+00:00,0.10999
2026-01-03 16:30:00+00:00,0.11101
2026-01-03 16:45:00+00:00,0.11191
2026-01-03 17:00:00+00:00,0.1128
2026-01-03 17:15:00+00:00,0.11101
2026-01-03 17:30:00+00:00,0.11
2026-01-03 17:45:00+00:00,0.10949
2026-01-03 18:00:00+00:00,0.11101
2026-01-03 18:15:00+00:00,0.10592
2026-01-03 18:30:00+00:00,0.10253
2026-01-03 18:45:00+00:00,0.09958
2026-01-03 19:00:00+00:00,0.09928
2026-01-03 19:15:00+00:00,0.09903
2026-01-03 19:30:00+00:00,0.09784
2026-01-03 19:45:00+00:00,0.09435
2026-01-03 20:00:00+00:00,0.09579
2026-01-03 20:15:00+00:00,0.09202
2026-01-03 20:30:00+00:00,0.09118
2026-01-03 20:45:00+00:00,0.08548
2026-01-03 21:00:00+00:00,0.09404
2026-01-03 21:15:00+00:00,0.09099
2026-01-03 21:30:00+00:00,0.09083
2026-01-03 21:45:00+00:00,0.08699
2026-01-03 22:00:00+00:00,0.09144
2026-01-03 22:15:00+00:00,0.08648
2026-01-03 22:30:00+00:00,0.0848
2026-01-03 22:45:00+00:00,0.08134
2026-01-03 23:00:00+00:00,0.09401
2026-01-03 23:15:00+00:00,0.08942
2026-01-03 23:30:00+00:00,0.08778
2026-01-03 23:45:00+00:00,0.08408
2026-01-04 00:00:00+00:00,0.08772
2026-01-04 00:15:00+00:00,0.08543
2026-01-04 00:30:00+00:00,0.08424
2026-01-04 00:45:00+00:00,0.08393
2026-01-04 01:00:00+00:00,0.08713
2026-01-04 01:15:00+00:00,0.08485
2026-01-04 01:30:00+00:00,0.08418
2026-01-04 01:45:00+00:00,0.08401
2026-01-04 02:00:00+00:00,0.0846
2026-01-04 02:15:00+00:00,0.08387
2026-01-04 02:30:00+00:00,0.08343
2026-01-04 02:45:00+00:00,0.08305
2026-01-04 03:00:00+00:00,0.0826
2026-01-04 03:15:00+00:00,0.08219
2026-01-04 03:30:00+00:00,0.08241
2026-01-04 03:45:00+00:00,0.08303
2026-01-04 04:00:00+00:00,0.08251
2026-01-04 04:15:00+00:00,0.08318
2026-01-04 04:30:00+00:00,0.08401
2026-01-04 04:45:00+00:00,0.08393
2026-01-04 05:00:00+00:00,0.08271
2026-01-04 05:15:00+00:00,0.08399
2026-01-04 05:30:00+00:00,0.08369
2026-01-04 05:45:00+00:00,0.08479
2026-01-04 06:00:00+00:00,0.08446
2026-01-04 06:15:00+00:00,0.08447
2026-01-04 06:30:00+00:00,0.0869
2026-01-04 06:45:00+00:00,0.0901
2026-01-04 07:00:00+00:00,0.08651
2026-01-04 07:15:00+00:00,0.08754
2026-01-04 07:30:00+00:00,0.08885
2026-01-04 07:45:00+00:00,0.08959
2026-01-04 08:00:00+00:00,0.09402
2026-01-04 08:15:00+00:00,0.096
2026-01-04 08:30:00+00:00,0.09599
2026-01-04 08:45:00+00:00,0.09119
2026-01-04 09:00:00+00:00,0.10394
2026-01-04 09:15:00+00:00,0.09719
2026-01-04 09:30:00+00:00,0.09092
2026-01-04 09:45:00+00:00,0.08697
2026-01-04 10:00:00+00:00,0.09385
2026-01-04 10:15:00+00:00,0.08999
2026-01-04 10:30:00+00:00,0.08996
2026-01-04 10:45:00+00:00,0.08971
2026-01-04 11:00:00+00:00,0.0913
2026-01-04 11:15:00+00:00,0.0897
2026-01-04 11:30:00+00:00,0.08994
2026-01-04 11:45:00+00:00,0.08723
2026-01-04 12:00:00+00:00,0.0862
2026-01-04 12:15:00+00:00,0.08527
2026-01-04 12:30:00+00:00,0.08619
2026-01-04 12:45:00+00:00,0.08945
2026-01-04 13:00:00+00:00,0.0835
2026-01-04 13:15:00+00:00,0.08951
2026-01-04 13:30:00+00:00,0.0958
2026-01-04 13:45:00+00:00,0.10189
2026-01-04 14:00:00+00:00,0.08371
2026-01-04 14:15:00+00:00,0.09062
2026-01-04 14:30:00+00:00,0.09588
2026-01-04 14:45:00+00:00,0.10258
2026-01-04 15:00:00+00:00,0.08761
2026-01-04 15:15:00+00:00,0.09908
2026-01-04 15:30:00+00:00,0.10339
2026-01-04 15:45:00+00:00,0.11229
2026-01-04 16:00:00+00:00,0.11399
2026-01-04 16:15:00+00:00,0.11902
2026-01-04 16:30:00+00:00,0.1175
2026-01-04 16:45:00+00:00,0.12319
2026-01-04 17:00:00+00:00,0.121
2026-01-04 17:15:00+00:00,0.12093
2026-01-04 17:30:00+00:00,0.11949
2026-01-04 17:45:00+00:00,0.1233
2026-01-04 18:00:00+00:00,0.1235
2026-01-04 18:15:00+00:00,0.12092
2026-01-04 18:30:00+00:00,0.11938
2026-01-04 18:45:00+00:00,0.11506
2026-01-04 19:00:00+00:00,0.1213
2026-01-04 19:15:00+00:00,0.11533
2026-01-04 19:30:00+00:00,0.11
2026-01-04 19:45:00+00:00,0.10317
2026-01-04 20:00:00+00:00,0.10687
2026-01-04 20:15:00+00:00,0.10172
2026-01-04 20:30:00+00:00,0.09757
2026-01-04 20:45:00+00:00,0.09264
2026-01-04 21:00:00+00:00,0.09804
2026-01-04 21:15:00+00:00,0.09651
2026-01-04 21:30:00+00:00,0.09783
2026-01-04 21:45:00+00:00,0.09068
2026-01-04 22:00:00+00:00,0.09761
2026-01-04 22:15:00+00:00,0.08973
2026-01-04 22:30:00+00:00,0.08633
2026-01-04 22:45:00+00:00,0.08317
2026-01-04 23:00:00+00:00,0.10781
2026-01-04 23:15:00+00:00,0.09148
2026-01-04 23:30:00+00:00,0.08794
2026-01-04 23:45:00+00:00,0.08258
2026-01-05 00:00:00+00:00,0.09296
2026-01-05 00:15:00+00:00,0.09
2026-01-05 00:30:00+00:00,0.08674
2026-01-05 00:45:00+00:00,0.08569
2026-01-05 01:00:00+00:00,0.08721
2026-01-05 01:15:00+00:00,0.08661
2026-01-05 01:30:00+00:00,0.08693
2026-01-05 01:45:00+00:00,0.08528
2026-01-05 02:00:00+00:00,0.08636
2026-01-05 02:15:00+00:00,0.08597
2026-01-05 02:30:00+00:00,0.08574
2026-01-05 02:45:00+00:00,0.08718
2026-01-05 03:00:00+00:00,0.08625
2026-01-05 03:15:00+00:00,0.08673
2026-01-05 03:30:00+00:00,0.08701
2026-01-05 03:45:00+00:00,0.08999
2026-01-05 04:00:00+00:00,0.08746
2026-01-05 04:15:00+00:00,0.08835
2026-01-05 04:30:00+00:00,0.08911
2026-01-05 04:45:00+00:00,0.09851
2026-01-05 05:00:00+00:00,0.08738
2026-01-05 05:15:00+00:00,0.1049
2026-01-05 05:30:00+00:00,0.11871
2026-01-05 05:45:00+00:00,0.1251
2026-01-05 06:00:00+00:00,0.11446
2026-01-05 06:15:00+00:00,0.12092
2026-01-05 06:30:00+00:00,0.13296
2026-01-05 06:45:00+00:00,0.14891
2026-01-05 07:00:00+00:00,0.14535
2026-01-05 07:15:00+00:00,0.15649
2026-01-05 07:30:00+00:00,0.14897
2026-01-05 07:45:00+00:00,0.15389
2026-01-05 08:00:00+00:00,0.16299
2026-01-05 08:15:00+00:00,0.16149
2026-01-05 08:30:00+00:00,0.14722
2026-01-05 08:45:00+00:00,0.1369
2026-01-05 09:00:00+00:00,0.16246
2026-01-05 09:15:00+00:00,0.14586
2026-01-05 09:30:00+00:00,0.13999
2026-01-05 09:45:00+00:00,0.1342
2026-01-05 10:00:00+00:00,0.1399
2026-01-05 10:15:00+00:00,0.13633
2026-01-05 10:30:00+00:00,0.13599
2026-01-05 10:45:00+00:00,0.13406
2026-01-05 11:00:00+00:00,0.1344
2026-01-05 11:15:00+00:00,0.13297
2026-01-05 11:30:00+00:00,0.13384
2026-01-05 11:45:00+00:00,0.136
2026-01-05 12:00:00+00:00,0.13159
2026-01-05 12:15:00+00:00,0.13133
2026-01-05 12:30:00+00:00,0.13552
2026-01-05 12:45:00+00:00,0.13877
2026-01-05 13:00:00+00:00,0.1282
2026-01-05 13:15:00+00:00,0.13122
2026-01-05 13:30:00+00:00,0.1399
2026-01-05 13:45:00+00:00,0.16128
2026-01-05 14:00:00+00:00,0.13309
2026-01-05 14:15:00+00:00,0.14002
2026-01-05 14:30:00+00:00,0.16643
2026-01-05 14:45:00+00:00,0.15642
2026-01-05 15:00:00+00:00,0.16487
2026-01-05 15:15:00+00:00,0.16606
2026-01-05 15:30:00+00:00,0.19319
2026-01-05 15:45:00+00:00,0.19871
2026-01-05 16:00:00+00:00,0.19813
2026-01-05 16:15:00+00:00,0.208
2026-01-05 16:30:00+00:00,0.24439
2026-01-05 16:45:00+00:00,0.24318
2026-01-05 17:00:00+00:00,0.21944
2026-01-05 17:15:00+00:00,0.21652
2026-01-05 17:30:00+00:00,0.21738
2026-01-05 17:45:00+00:00,0.201
2026-01-05 18:00:00+00:00,0.22212
2026-01-05 18:15:00+00:00,0.20897
2026-01-05 18:30:00+00:00,0.162
2026-01-05 18:45:00+00:00,0.13811
2026-01-05 19:00:00+00:00,0.1713
2026-01-05 19:15:00+00:00,0.14673
2026-01-05 19:30:00+00:00,0.13809
2026-01-05 19:45:00+00:00,0.13201
2026-01-05 20:00:00+00:00,0.13782
2026-01-05 20:15:00+00:00,0.13505
2026-01-05 20:30:00+00:00,0.12576
2026-01-05 20:45:00+00:00,0.11778
2026-01-05 21:00:00+00:00,0.12871
2026-01-05 21:15:00+00:00,0.12248
2026-01-05 21:30:00+00:00,0.12417
2026-01-05 21:45:00+00:00,0.12004
2026-01-05 22:00:00+00:00,0.11951
2026-01-05 22:15:00+00:00,0.11241
2026-01-05 22:30:00+00:00,0.10726
2026-01-05 22:45:00+00:00,0.10602
2026-01-05 23:00:00+00:00,0.11477
2026-01-05 23:15:00+00:00,0.10738
2026-01-05 23:30:00+00:00,0.1009
2026-01-05 23:45:00+00:00,0.09573
2026-01-06 00:00:00+00:00,0.11
2026-01-06 00:15:00+00:00,0.10642
2026-01-06 00:30:00+00:00,0.10227
2026-01-06 00:45:00+00:00,0.09971
2026-01-06 01:00:00+00:00,0.10437
2026-01-06 01:15:00+00:00,0.10084
2026-01-06 01:30:00+00:00,0.10086
2026-01-06 01:45:00+00:00,0.10011
2026-01-06 02:00:00+00:00,0.10103
2026-01-06 02:15:00+00:00,0.10005
2026-01-06 02:30:00+00:00,0.10001
2026-01-06 02:45:00+00:00,0.09926
2026-01-06 03:00:00+00:00,0.09911
2026-01-06 03:15:00+00:00,0.09988
2026-01-06 03:30:00+00:00,0.10401
2026-01-06 03:45:00+00:00,0.10681
2026-01-06 04:00:00+00:00,0.10039
2026-01-06 04:15:00+00:00,0.10233
2026-01-06 04:30:00+00:00,0.11078
2026-01-06 04:45:00+00:00,0.1145
2026-01-06 05:00:00+00:00,0.11207
2026-01-06 05:15:00+00:00,0.11775
2026-01-06 05:30:00+00:00,0.12142
2026-01-06 05:45:00+00:00,0.13391
2026-01-06 06:00:00+00:00,0.12167
2026-01-06 06:15:00+00:00,0.1379
2026-01-06 06:30:00+00:00,0.14743
2026-01-06 06:45:00+00:00,0.14699
2026-01-06 07:00:00+00:00,0.15351
2026-01-06 07:15:00+00:00,0.16872
2026-01-06 07:30:00+00:00,0.17095
2026-01-06 07:45:00+00:00,0.16356
2026-01-06 08:00:00+00:00,0.18991
2026-01-06 08:15:00+00:00,0.16997
2026-01-06 08:30:00+00:00,0.16634
2026-01-06 08:45:00+00:00,0.14906
2026-01-06 09:00:00+00:00,0.17685
2026-01-06 09:15:00+00:00,0.1501
2026-01-06 09:30:00+00:00,0.15002
2026-01-06 09:45:00+00:00,0.1424
2026-01-06 10:00:00+00:00,0.16163
2026-01-06 10:15:00+00:00,0.14846
2026-01-06 10:30:00+00:00,0.14297
2026-01-06 10:45:00+00:00,0.136
2026-01-06 11:00:00+00:00,0.14092
2026-01-06 11:15:00+00:00,0.13503
2026-01-06 11:30:00+00:00,0.13186
2026-01-06 11:45:00+00:00,0.12992
2026-01-06 12:00:00+00:00,0.13366
2026-01-06 12:15:00+00:00,0.1313
2026-01-06 12:30:00+00:00,0.12772
2026-01-06 12:45:00+00:00,0.12813
2026-01-06 13:00:00+00:00,0.12707
2026-01-06 13:15:00+00:00,0.13
2026-01-06 13:30:00+00:00,0.13001
2026-01-06 13:45:00+00:00,0.13573
2026-01-06 14:00:00+00:00,0.12773
2026-01-06 14:15:00+00:00,0.13431
2026-01-06 14:30:00+00:00,0.13737
2026-01-06 14:45:00+00:00,0.14853
2026-01-06 15:00:00+00:00,0.12883
2026-01-06 15:15:00+00:00,0.14262
2026-01-06 15:30:00+00:00,0.14796
2026-01-06 15:45:00+00:00,0.16062
2026-01-06 16:00:00+00:00,0.14217
2026-01-06 16:15:00+00:00,0.1471
2026-01-06 16:30:00+00:00,0.162
2026-01-06 16:45:00+00:00,0.1607
2026-01-06 17:00:00+00:00,0.15994
2026-01-06 17:15:00+00:00,0.15029
2026-01-06 17:30:00+00:00,0.14685
2026-01-06 17:45:00+00:00,0.13599
2026-01-06 18:00:00+00:00,0.15498
2026-01-06 18:15:00+00:00,0.13988
2026-01-06 18:30:00+00:00,0.13388
2026-01-06 18:45:00+00:00,0.12773
2026-01-06 19:00:00+00:00,0.13399
2026-01-06 19:15:00+00:00,0.12388
2026-01-06 19:30:00+00:00,0.11776
2026-01-06 19:45:00+00:00,0.11078
2026-01-06 20:00:00+00:00,0.12086
2026-01-06 20:15:00+00:00,0.11169
2026-01-06 20:30:00+00:00,0.10258
2026-01-06 20:45:00+00:00,0.09912
2026-01-06 21:00:00+00:00,0.10814
2026-01-06 21:15:00+00:00,0.10541
2026-01-06 21:30:00+00:00,0.1005
2026-01-06 21:45:00+00:00,0.09484
2026-01-06 22:00:00+00:00,0.10293
2026-01-06 22:15:00+00:00,0.09402
2026-01-06 22:30:00+00:00,0.09011
2026-01-06 22:45:00+00:00,0.08421
2026-01-06 23:00:00+00:00,0.10128
2026-01-06 23:15:00+00:00,0.09899
2026-01-06 23:30:00+00:00,0.08962
2026-01-06 23:45:00+00:00,0.08606
2026-01-07 00:00:00+00:00,0.09296
2026-01-07 00:15:00+00:00,0.0901
2026-01-07 00:30:00+00:00,0.08635
2026-01-07 00:45:00+00:00,0.08503
2026-01-07 01:00:00+00:00,0.08677
2026-01-07 01:15:00+00:00,0.08475
2026-01-07 01:30:00+00:00,0.08551
2026-01-07 01:45:00+00:00,0.08315
2026-01-07 02:00:00+00:00,0.0836
2026-01-07 02:15:00+00:00,0.08169
2026-01-07 02:30:00+00:00,0.08101
2026-01-07 02:45:00+00:00,0.08029
2026-01-07 03:00:00+00:00,0.08079
2026-01-07 03:15:00+00:00,0.08067
2026-01-07 03:30:00+00:00,0.08036
2026-01-07 03:45:00+00:00,0.08131
2026-01-07 04:00:00+00:00,0.08409
2026-01-07 04:15:00+00:00,0.08344
2026-01-07 04:30:00+00:00,0.08469
2026-01-07 04:45:00+00:00,0.08731
2026-01-07 05:00:00+00:00,0.08745
2026-01-07 05:15:00+00:00,0.09101
2026-01-07 05:30:00+00:00,0.09559
2026-01-07 05:45:00+00:00,0.09703
2026-01-07 06:00:00+00:00,0.1001
2026-01-07 06:15:00+00:00,0.09819
2026-01-07 06:30:00+00:00,0.10009
2026-01-07 06:45:00+00:00,0.09842
2026-01-07 07:00:00+00:00,0.10677
2026-01-07 07:15:00+00:00,0.10768
2026-01-07 07:30:00+00:00,0.11368
2026-01-07 07:45:00+00:00,0.10927
2026-01-07 08:00:00+00:00,0.11544
2026-01-07 08:15:00+00:00,0.11558
2026-01-07 08:30:00+00:00,0.1149
2026-01-07 08:45:00+00:00,0.10259
2026-01-07 09:00:00+00:00,0.11656
2026-01-07 09:15:00+00:00,0.10901
2026-01-07 09:30:00+00:00,0.10584
2026-01-07 09:45:00+00:00,0.10184
2026-01-07 10:00:00+00:00,0.10211
2026-01-07 10:15:00+00:00,0.0996
2026-01-07 10:30:00+00:00,0.0983
2026-01-07 10:45:00+00:00,0.09973
2026-01-07 11:00:00+00:00,0.09886
2026-01-07 11:15:00+00:00,0.09601
2026-01-07 11:30:00+00:00,0.09635
2026-01-07 11:45:00+00:00,0.09414
2026-01-07 12:00:00+00:00,0.09791
2026-01-07 12:15:00+00:00,0.09362
2026-01-07 12:30:00+00:00,0.08978
2026-01-07 12:45:00+00:00,0.09131
2026-01-07 13:00:00+00:00,0.09119
2026-01-07 13:15:00+00:00,0.09436
2026-01-07 13:30:00+00:00,0.09409
2026-01-07 13:45:00+00:00,0.10127
2026-01-07 14:00:00+00:00,0.09586
2026-01-07 14:15:00+00:00,0.10281
2026-01-07 14:30:00+00:00,0.10576
2026-01-07 14:45:00+00:00,0.10292
2026-01-07 15:00:00+00:00,0.10186
2026-01-07 15:15:00+00:00,0.10184
2026-01-07 15:30:00+00:00,0.1076
2026-01-07 15:45:00+00:00,0.11424
2026-01-07 16:00:00+00:00,0.11818
2026-01-07 16:15:00+00:00,0.122
2026-01-07 16:30:00+00:00,0.129
2026-01-07 16:45:00+00:00,0.13157
2026-01-07 17:00:00+00:00,0.12301
2026-01-07 17:15:00+00:00,0.12405
2026-01-07 17:30:00+00:00,0.12385
2026-01-07 17:45:00+00:00,0.12549
2026-01-07 18:00:00+00:00,0.11551
2026-01-07 18:15:00+00:00,0.11987
2026-01-07 18:30:00+00:00,0.11655
2026-01-07 18:45:00+00:00,0.115
2026-01-07 19:00:00+00:00,0.10777
2026-01-07 19:15:00+00:00,0.11393
2026-01-07 19:30:00+00:00,0.10825
2026-01-07 19:45:00+00:00,0.10496
2026-01-07 20:00:00+00:00,0.10526
2026-01-07 20:15:00+00:00,0.10154
2026-01-07 20:30:00+00:00,0.09601
2026-01-07 20:45:00+00:00,0.09101
2026-01-07 21:00:00+00:00,0.09073
2026-01-07 21:15:00+00:00,0.09544
2026-01-07 21:30:00+00:00,0.09656
2026-01-07 21:45:00+00:00,0.09311
2026-01-07 22:00:00+00:00,0.09511
2026-01-07 22:15:00+00:00,0.08901
2026-01-07 22:30:00+00:00,0.08683
2026-01-07 22:45:00+00:00,0.0841
2026-01-07 23:00:00+00:00,0.08688
2026-01-07 23:15:00+00:00,0.08594
2026-01-07 23:30:00+00:00,0.0827
2026-01-07 23:45:00+00:00,0.0808
2026-01-08 00:00:00+00:00,0.085
2026-01-08 00:15:00+00:00,0.08259
2026-01-08 00:30:00+00:00,0.08318
2026-01-08 00:45:00+00:00,0.08156
2026-01-08 01:00:00+00:00,0.0847
2026-01-08 01:15:00+00:00,0.08494
2026-01-08 01:30:00+00:00,0.08359
2026-01-08 01:45:00+00:00,0.08486
2026-01-08 02:00:00+00:00,0.08264
2026-01-08 02:15:00+00:00,0.08301
2026-01-08 02:30:00+00:00,0.08176
2026-01-08 02:45:00+00:00,0.08248
2026-01-08 03:00:00+00:00,0.08104
2026-01-08 03:15:00+00:00,0.085
2026-01-08 03:30:00+00:00,0.08739
2026-01-08 03:45:00+00:00,0.08763
2026-01-08 04:00:00+00:00,0.08526
2026-01-08 04:15:00+00:00,0.08705
2026-01-08 04:30:00+00:00,0.0886
2026-01-08 04:45:00+00:00,0.09064
2026-01-08 05:00:00+00:00,0.08636
2026-01-08 05:15:00+00:00,0.08853
2026-01-08 05:30:00+00:00,0.10379
2026-01-08 05:45:00+00:00,0.11284
2026-01-08 06:00:00+00:00,0.10327
2026-01-08 06:15:00+00:00,0.10904
2026-01-08 06:30:00+00:00,0.13252
2026-01-08 06:45:00+00:00,0.16202
2026-01-08 07:00:00+00:00,0.16787
2026-01-08 07:15:00+00:00,0.16653
2026-01-08 07:30:00+00:00,0.16853
2026-01-08 07:45:00+00:00,0.17231
2026-01-08 08:00:00+00:00,0.181
2026-01-08 08:15:00+00:00,0.19348
2026-01-08 08:30:00+00:00,0.21196
2026-01-08 08:45:00+00:00,0.18444
2026-01-08 09:00:00+00:00,0.20401
2026-01-08 09:15:00+00:00,0.22298
2026-01-08 09:30:00+00:00,0.2024
2026-01-08 09:45:00+00:00,0.20234
2026-01-08 10:00:00+00:00,0.22259
2026-01-08 10:15:00+00:00,0.2041
2026-01-08 10:30:00+00:00,0.21295
2026-01-08 10:45:00+00:00,0.21281
2026-01-08 11:00:00+00:00,0.21516
2026-01-08 11:15:00+00:00,0.21593
2026-01-08 11:30:00+00:00,0.21717
2026-01-08 11:45:00+00:00,0.23282
2026-01-08 12:00:00+00:00,0.21709
2026-01-08 12:15:00+00:00,0.23659
2026-01-08 12:30:00+00:00,0.24396
2026-01-08 12:45:00+00:00,0.24722
2026-01-08 13:00:00+00:00,0.22902
2026-01-08 13:15:00+00:00,0.26305
2026-01-08 13:30:00+00:00,0.29121
2026-01-08 13:45:00+00:00,0.27506
2026-01-08 14:00:00+00:00,0.25117
2026-01-08 14:15:00+00:00,0.27038
2026-01-08 14:30:00+00:00,0.265
2026-01-08 14:45:00+00:00,0.27113
2026-01-08 15:00:00+00:00,0.22446
2026-01-08 15:15:00+00:00,0.24101
2026-01-08 15:30:00+00:00,0.27244
2026-01-08 15:45:00+00:00,0.30005
2026-01-08 16:00:00+00:00,0.25457
2026-01-08 16:15:00+00:00,0.26106
2026-01-08 16:30:00+00:00,0.22484
2026-01-08 16:45:00+00:00,0.19494
2026-01-08 17:00:00+00:00,0.27009
2026-01-08 17:15:00+00:00,0.20099
2026-01-08 17:30:00+00:00,0.181
2026-01-08 17:45:00+00:00,0.14551
2026-01-08 18:00:00+00:00,0.17616
2026-01-08 18:15:00+00:00,0.168
2026-01-08 18:30:00+00:00,0.11685
2026-01-08 18:45:00+00:00,0.09598
2026-01-08 19:00:00+00:00,0.1298
2026-01-08 19:15:00+00:00,0.1056
2026-01-08 19:30:00+00:00,0.08829
2026-01-08 19:45:00+00:00,0.08481
2026-01-08 20:00:00+00:00,0.10436
2026-01-08 20:15:00+00:00,0.09763
2026-01-08 20:30:00+00:00,0.09077
2026-01-08 20:45:00+00:00,0.08517
2026-01-08 21:00:00+00:00,0.10393
2026-01-08 21:15:00+00:00,0.09123
2026-01-08 21:30:00+00:00,0.08872
2026-01-08 21:45:00+00:00,0.08134
2026-01-08 22:00:00+00:00,0.09451
2026-01-08 22:15:00+00:00,0.08248
2026-01-08 22:30:00+00:00,0.0706
2026-01-08 22:45:00+00:00,0.06855
2026-01-08 23:00:00+00:00,0.09556
2026-01-08 23:15:00+00:00,0.08023
2026-01-08 23:30:00+00:00,0.0701
2026-01-08 23:45:00+00:00,0.06996
2026-01-09 00:00:00+00:00,0.07548
2026-01-09 00:15:00+00:00,0.07424
2026-01-09 00:30:00+00:00,0.06998
2026-01-09 00:45:00+00:00,0.06306
2026-01-09 01:00:00+00:00,0.06421
2026-01-09 01:15:00+00:00,0.05811
2026-01-09 01:30:00+00:00,0.05479
2026-01-09 01:45:00+00:00,0.05229
2026-01-09 02:00:00+00:00,0.05575
2026-01-09 02:15:00+00:00,0.05103
2026-01-09 02:30:00+00:00,0.05009
2026-01-09 02:45:00+00:00,0.04649
2026-01-09 03:00:00+00:00,0.04581
2026-01-09 03:15:00+00:00,0.04581
2026-01-09 03:30:00+00:00,0.04822
2026-01-09 03:45:00+00:00,0.05154
2026-01-09 04:00:00+00:00,0.04991
2026-01-09 04:15:00+00:00,0.05335
2026-01-09 04:30:00+00:00,0.05938
2026-01-09 04:45:00+00:00,0.06366
2026-01-09 05:00:00+00:00,0.06502
2026-01-09 05:15:00+00:00,0.07264
2026-01-09 05:30:00+00:00,0.07443
2026-01-09 05:45:00+00:00,0.07833
2026-01-09 06:00:00+00:00,0.07725
2026-01-09 06:15:00+00:00,0.08333
2026-01-09 06:30:00+00:00,0.08763
2026-01-09 06:45:00+00:00,0.089
2026-01-09 07:00:00+00:00,0.08717
2026-01-09 07:15:00+00:00,0.09148
2026-01-09 07:30:00+00:00,0.09218
2026-01-09 07:45:00+00:00,0.08822
2026-01-09 08:00:00+00:00,0.09128
2026-01-09 08:15:00+00:00,0.08899
2026-01-09 08:30:00+00:00,0.08657
2026-01-09 08:45:00+00:00,0.08975
2026-01-09 09:00:00+00:00,0.09349
2026-01-09 09:15:00+00:00,0.08957
2026-01-09 09:30:00+00:00,0.09893
2026-01-09 09:45:00+00:00,0.09373
2026-01-09 10:00:00+00:00,0.08894
2026-01-09 10:15:00+00:00,0.08718
2026-01-09 10:30:00+00:00,0.08506
2026-01-09 10:45:00+00:00,0.082
2026-01-09 11:00:00+00:00,0.08383
2026-01-09 11:15:00+00:00,0.08217
2026-01-09 11:30:00+00:00,0.08396
2026-01-09 11:45:00+00:00,0.0821
2026-01-09 12:00:00+00:00,0.08492
2026-01-09 12:15:00+00:00,0.08275
2026-01-09 12:30:00+00:00,0.08212
2026-01-09 12:45:00+00:00,0.08161
2026-01-09 13:00:00+00:00,0.08194
2026-01-09 13:15:00+00:00,0.08231
2026-01-09 13:30:00+00:00,0.0823
2026-01-09 13:45:00+00:00,0.08479
2026-01-09 14:00:00+00:00,0.08215
2026-01-09 14:15:00+00:00,0.08491
2026-01-09 14:30:00+00:00,0.08459
2026-01-09 14:45:00+00:00,0.08933
2026-01-09 15:00:00+00:00,0.08239
2026-01-09 15:15:00+00:00,0.08687
2026-01-09 15:30:00+00:00,0.09104
2026-01-09 15:45:00+00:00,0.08999
2026-01-09 16:00:00+00:00,0.09278
2026-01-09 16:15:00+00:00,0.09277
2026-01-09 16:30:00+00:00,0.09107
2026-01-09 16:45:00+00:00,0.09346
2026-01-09 17:00:00+00:00,0.08998
2026-01-09 17:15:00+00:00,0.09362
2026-01-09 17:30:00+00:00,0.09387
2026-01-09 17:45:00+00:00,0.08918
2026-01-09 18:00:00+00:00,0.08994
2026-01-09 18:15:00+00:00,0.08695
2026-01-09 18:30:00+00:00,0.08566
2026-01-09 18:45:00+00:00,0.08657
2026-01-09 19:00:00+00:00,0.08355
2026-01-09 19:15:00+00:00,0.08279
2026-01-09 19:30:00+00:00,0.08215
2026-01-09 19:45:00+00:00,0.08272
2026-01-09 20:00:00+00:00,0.08421
2026-01-09 20:15:00+00:00,0.08214
2026-01-09 20:30:00+00:00,0.07948
2026-01-09 20:45:00+00:00,0.07561
2026-01-09 21:00:00+00:00,0.08433
2026-01-09 21:15:00+00:00,0.08073
2026-01-09 21:30:00+00:00,0.08006
2026-01-09 21:45:00+00:00,0.07628
2026-01-09 22:00:00+00:00,0.07771
2026-01-09 22:15:00+00:00,0.07345
2026-01-09 22:30:00+00:00,0.07409
2026-01-09 22:45:00+00:00,0.07279
2026-01-09 23:00:00+00:00,0.07894
2026-01-09 23:15:00+00:00,0.07353
2026-01-09 23:30:00+00:00,0.07008
2026-01-09 23:45:00+00:00,0.06861
2026-01-10 00:00:00+00:00,0.07144
2026-01-10 00:15:00+00:00,0.07055
2026-01-10 00:30:00+00:00,0.0694
2026-01-10 00:45:00+00:00,0.06771
2026-01-10 01:00:00+00:00,0.06769
2026-01-10 01:15:00+00:00,0.06611
2026-01-10 01:30:00+00:00,0.06563
2026-01-10 01:45:00+00:00,0.06552
2026-01-10 02:00:00+00:00,0.06712
2026-01-10 02:15:00+00:00,0.06638
2026-01-10 02:30:00+00:00,0.06694
2026-01-10 02:45:00+00:00,0.0657
2026-01-10 03:00:00+00:00,0.06672
2026-01-10 03:15:00+00:00,0.06641
2026-01-10 03:30:00+00:00,0.06599
2026-01-10 03:45:00+00:00,0.06693
2026-01-10 04:00:00+00:00,0.06627
2026-01-10 04:15:00+00:00,0.06729
2026-01-10 04:30:00+00:00,0.06947
2026-01-10 04:45:00+00:00,0.07081
2026-01-10 05:00:00+00:00,0.0664
2026-01-10 05:15:00+00:00,0.0686
2026-01-10 05:30:00+00:00,0.0714
2026-01-10 05:45:00+00:00,0.07344
2026-01-10 06:00:00+00:00,0.07019
2026-01-10 06:15:00+00:00,0.07561
2026-01-10 06:30:00+00:00,0.07904
2026-01-10 06:45:00+00:00,0.08182
2026-01-10 07:00:00+00:00,0.07996
2026-01-10 07:15:00+00:00,0.08142
2026-01-10 07:30:00+00:00,0.08758
2026-01-10 07:45:00+00:00,0.09115
2026-01-10 08:00:00+00:00,0.09041
2026-01-10 08:15:00+00:00,0.09337
2026-01-10 08:30:00+00:00,0.09341
2026-01-10 08:45:00+00:00,0.09226
2026-01-10 09:00:00+00:00,0.09185
2026-01-10 09:15:00+00:00,0.09472
2026-01-10 09:30:00+00:00,0.10078
2026-01-10 09:45:00+00:00,0.10303
2026-01-10 10:00:00+00:00,0.09482
2026-01-10 10:15:00+00:00,0.10179
2026-01-10 10:30:00+00:00,0.10359
2026-01-10 10:45:00+00:00,0.10603
2026-01-10 11:00:00+00:00,0.10048
2026-01-10 11:15:00+00:00,0.10343
2026-01-10 11:30:00+00:00,0.1002
2026-01-10 11:45:00+00:00,0.10217
2026-01-10 12:00:00+00:00,0.10142
2026-01-10 12:15:00+00:00,0.10307
2026-01-10 12:30:00+00:00,0.1044
2026-01-10 12:45:00+00:00,0.11041
2026-01-10 13:00:00+00:00,0.10785
2026-01-10 13:15:00+00:00,0.10765
2026-01-10 13:30:00+00:00,0.11471
2026-01-10 13:45:00+00:00,0.11556
2026-01-10 14:00:00+00:00,0.10989
2026-01-10 14:15:00+00:00,0.11521
2026-01-10 14:30:00+00:00,0.11688
2026-01-10 14:45:00+00:00,0.12889
2026-01-10 15:00:00+00:00,0.12075
2026-01-10 15:15:00+00:00,0.12495
2026-01-10 15:30:00+00:00,0.12359
2026-01-10 15:45:00+00:00,0.14274
2026-01-10 16:00:00+00:00,0.13399
2026-01-10 16:15:00+00:00,0.13907
2026-01-10 16:30:00+00:00,0.14208
2026-01-10 16:45:00+00:00,0.14297
2026-01-10 17:00:00+00:00,0.14357
2026-01-10 17:15:00+00:00,0.13799
2026-01-10 17:30:00+00:00,0.13656
2026-01-10 17:45:00+00:00,0.12952
2026-01-10 18:00:00+00:00,0.13487
2026-01-10 18:15:00+00:00,0.12952
2026-01-10 18:30:00+00:00,0.12536
2026-01-10 18:45:00+00:00,0.12347
2026-01-10 19:00:00+00:00,0.12905
2026-01-10 19:15:00+00:00,0.12072
2026-01-10 19:30:00+00:00,0.11896
2026-01-10 19:45:00+00:00,0.11323
2026-01-10 20:00:00+00:00,0.11849
2026-01-10 20:15:00+00:00,0.11444
2026-01-10 20:30:00+00:00,0.11439
2026-01-10 20:45:00+00:00,0.10552
2026-01-10 21:00:00+00:00,0.11446
2026-01-10 21:15:00+00:00,0.11381
2026-01-10 21:30:00+00:00,0.10333
2026-01-10 21:45:00+00:00,0.09912
2026-01-10 22:00:00+00:00,0.10176
2026-01-10 22:15:00+00:00,0.0975
2026-01-10 22:30:00+00:00,0.09775
2026-01-10 22:45:00+00:00,0.09578
2026-01-10 23:00:00+00:00,0.1082
2026-01-10 23:15:00+00:00,0.09772
2026-01-10 23:30:00+00:00,0.0937
2026-01-10 23:45:00+00:00,0.08799
2026-01-11 00:00:00+00:00,0.09899
2026-01-11 00:15:00+00:00,0.09255
2026-01-11 00:30:00+00:00,0.09091
2026-01-11 00:45:00+00:00,0.08854
2026-01-11 01:00:00+00:00,0.09199
2026-01-11 01:15:00+00:00,0.08909
2026-01-11 01:30:00+00:00,0.0862
2026-01-11 01:45:00+00:00,0.08486
2026-01-11 02:00:00+00:00,0.08418
2026-01-11 02:15:00+00:00,0.08452
2026-01-11 02:30:00+00:00,0.08456
2026-01-11 02:45:00+00:00,0.08618
2026-01-11 03:00:00+00:00,0.08504
2026-01-11 03:15:00+00:00,0.08303
2026-01-11 03:30:00+00:00,0.08142
2026-01-11 03:45:00+00:00,0.08123
2026-01-11 04:00:00+00:00,0.08164
2026-01-11 04:15:00+00:00,0.08164
2026-01-11 04:30:00+00:00,0.0822
2026-01-11 04:45:00+00:00,0.08356
2026-01-11 05:00:00+00:00,0.08093
2026-01-11 05:15:00+00:00,0.08164
2026-01-11 05:30:00+00:00,0.08164
2026-01-11 05:45:00+00:00,0.0822
2026-01-11 06:00:00+00:00,0.08113
2026-01-11 06:15:00+00:00,0.08246
2026-01-11 06:30:00+00:00,0.08568
2026-01-11 06:45:00+00:00,0.08777
2026-01-11 07:00:00+00:00,0.08702
2026-01-11 07:15:00+00:00,0.08997
2026-01-11 07:30:00+00:00,0.09284
2026-01-11 07:45:00+00:00,0.09841
2026-01-11 08:00:00+00:00,0.10391
2026-01-11 08:15:00+00:00,0.10339
2026-01-11 08:30:00+00:00,0.10319
2026-01-11 08:45:00+00:00,0.10192
2026-01-11 09:00:00+00:00,0.10393
2026-01-11 09:15:00+00:00,0.10168
2026-01-11 09:30:00+00:00,0.10048
2026-01-11 09:45:00+00:00,0.09664
2026-01-11 10:00:00+00:00,0.10268
2026-01-11 10:15:00+00:00,0.10064
2026-01-11 10:30:00+00:00,0.09997
2026-01-11 10:45:00+00:00,0.09638
2026-01-11 11:00:00+00:00,0.09971
2026-01-11 11:15:00+00:00,0.09797
2026-01-11 11:30:00+00:00,0.09833
2026-01-11 11:45:00+00:00,0.09234
2026-01-11 12:00:00+00:00,0.09866
2026-01-11 12:15:00+00:00,0.09373
2026-01-11 12:30:00+00:00,0.09636
2026-01-11 12:45:00+00:00,0.09732
2026-01-11 13:00:00+00:00,0.0963
2026-01-11 13:15:00+00:00,0.09831
2026-01-11 13:30:00+00:00,0.1009
2026-01-11 13:45:00+00:00,0.1
2026-01-11 14:00:00+00:00,0.09021
2026-01-11 14:15:00+00:00,0.099
2026-01-11 14:30:00+00:00,0.10723
2026-01-11 14:45:00+00:00,0.10866
2026-01-11 15:00:00+00:00,0.10272
2026-01-11 15:15:00+00:00,0.11056
2026-01-11 15:30:00+00:00,0.1131
2026-01-11 15:45:00+00:00,0.12064
2026-01-11 16:00:00+00:00,0.11429
2026-01-11 16:15:00+00:00,0.11786
2026-01-11 16:30:00+00:00,0.11752
2026-01-11 16:45:00+00:00,0.11533
2026-01-11 17:00:00+00:00,0.11828
2026-01-11 17:15:00+00:00,0.11519
2026-01-11 17:30:00+00:00,0.10917
2026-01-11 17:45:00+00:00,0.10635
2026-01-11 18:00:00+00:00,0.10754
2026-01-11 18:15:00+00:00,0.10743
2026-01-11 18:30:00+00:00,0.10622
2026-01-11 18:45:00+00:00,0.10364
2026-01-11 19:00:00+00:00,0.1041
2026-01-11 19:15:00+00:00,0.09782
2026-01-11 19:30:00+00:00,0.09397
2026-01-11 19:45:00+00:00,0.08827
2026-01-11 20:00:00+00:00,0.1009
2026-01-11 20:15:00+00:00,0.09454
2026-01-11 20:30:00+00:00,0.09417
2026-01-11 20:45:00+00:00,0.09041
2026-01-11 21:00:00+00:00,0.0971
2026-01-11 21:15:00+00:00,0.09315
2026-01-11 21:30:00+00:00,0.09254
2026-01-11 21:45:00+00:00,0.08929
2026-01-11 22:00:00+00:00,0.09038
2026-01-11 22:15:00+00:00,0.08594
2026-01-11 22:30:00+00:00,0.08366
2026-01-11 22:45:00+00:00,0.08094
2026-01-11 23:00:00+00:00,0.08072
2026-01-11 23:15:00+00:00,0.08099
2026-01-11 23:30:00+00:00,0.08237
2026-01-11 23:45:00+00:00,0.08095
2026-01-12 00:00:00+00:00,0.08246
2026-01-12 00:15:00+00:00,0.08186
2026-01-12 00:30:00+00:00,0.08094
2026-01-12 00:45:00+00:00,0.07951
2026-01-12 01:00:00+00:00,0.08014
2026-01-12 01:15:00+00:00,0.07961
2026-01-12 01:30:00+00:00,0.07933
2026-01-12 01:45:00+00:00,0.07709
2026-01-12 02:00:00+00:00,0.07786
2026-01-12 02:15:00+00:00,0.07725
2026-01-12 02:30:00+00:00,0.07755
2026-01-12 02:45:00+00:00,0.07658
2026-01-12 03:00:00+00:00,0.0753
2026-01-12 03:15:00+00:00,0.07623
2026-01-12 03:30:00+00:00,0.07695
2026-01-12 03:45:00+00:00,0.07786
2026-01-12 04:00:00+00:00,0.0753
2026-01-12 04:15:00+00:00,0.07571
2026-01-12 04:30:00+00:00,0.0822
2026-01-12 04:45:00+00:00,0.08744
2026-01-12 05:00:00+00:00,0.0786
2026-01-12 05:15:00+00:00,0.09017
2026-01-12 05:30:00+00:00,0.08663
2026-01-12 05:45:00+00:00,0.09229
2026-01-12 06:00:00+00:00,0.08946
2026-01-12 06:15:00+00:00,0.0958
2026-01-12 06:30:00+00:00,0.10273
2026-01-12 06:45:00+00:00,0.1035
2026-01-12 07:00:00+00:00,0.10949
2026-01-12 07:15:00+00:00,0.11708
2026-01-12 07:30:00+00:00,0.1269
2026-01-12 07:45:00+00:00,0.109
2026-01-12 08:00:00+00:00,0.12693
2026-01-12 08:15:00+00:00,0.13758
2026-01-12 08:30:00+00:00,0.13399
2026-01-12 08:45:00+00:00,0.12089
2026-01-12 09:00:00+00:00,0.12507
2026-01-12 09:15:00+00:00,0.11527
2026-01-12 09:30:00+00:00,0.12996
2026-01-12 09:45:00+00:00,0.12729
2026-01-12 10:00:00+00:00,0.12401
2026-01-12 10:15:00+00:00,0.136
2026-01-12 10:30:00+00:00,0.14009
2026-01-12 10:45:00+00:00,0.11937
2026-01-12 11:00:00+00:00,0.11123
2026-01-12 11:15:00+00:00,0.13428
2026-01-12 11:30:00+00:00,0.136
2026-01-12 11:45:00+00:00,0.13834
2026-01-12 12:00:00+00:00,0.13634
2026-01-12 12:15:00+00:00,0.13871
2026-01-12 12:30:00+00:00,0.13599
2026-01-12 12:45:00+00:00,0.12
2026-01-12 13:00:00+00:00,0.11908
2026-01-12 13:15:00+00:00,0.12798
2026-01-12 13:30:00+00:00,0.13209
2026-01-12 13:45:00+00:00,0.13433
2026-01-12 14:00:00+00:00,0.13599
2026-01-12 14:15:00+00:00,0.13598
2026-01-12 14:30:00+00:00,0.12692
2026-01-12 14:45:00+00:00,0.12796
2026-01-12 15:00:00+00:00,0.10853
2026-01-12 15:15:00+00:00,0.1299
2026-01-12 15:30:00+00:00,0.12152
2026-01-12 15:45:00+00:00,0.11837
2026-01-12 16:00:00+00:00,0.123
2026-01-12 16:15:00+00:00,0.12056
2026-01-12 16:30:00+00:00,0.11701
2026-01-12 16:45:00+00:00,0.11783
2026-01-12 17:00:00+00:00,0.12481
2026-01-12 17:15:00+00:00,0.117
2026-01-12 17:30:00+00:00,0.10719
2026-01-12 17:45:00+00:00,0.117
2026-01-12 18:00:00+00:00,0.105
2026-01-12 18:15:00+00:00,0.10415
2026-01-12 18:30:00+00:00,0.10254
2026-01-12 18:45:00+00:00,0.09766
2026-01-12 19:00:00+00:00,0.10272
2026-01-12 19:15:00+00:00,0.09464
2026-01-12 19:30:00+00:00,0.0901
2026-01-12 19:45:00+00:00,0.08646
2026-01-12 20:00:00+00:00,0.09609
2026-01-12 20:15:00+00:00,0.09102
2026-01-12 20:30:00+00:00,0.08781
2026-01-12 20:45:00+00:00,0.09226
2026-01-12 21:00:00+00:00,0.09535
2026-01-12 21:15:00+00:00,0.09244
2026-01-12 21:30:00+00:00,0.09019
2026-01-12 21:45:00+00:00,0.09068
2026-01-12 22:00:00+00:00,0.09045
2026-01-12 22:15:00+00:00,0.08699
2026-01-12 22:30:00+00:00,0.085
2026-01-12 22:45:00+00:00,0.08175
2026-01-12 23:00:00+00:00,0.08746
2026-01-12 23:15:00+00:00,0.085
2026-01-12 23:30:00+00:00,0.0831
2026-01-12 23:45:00+00:00,0.08166
2026-01-13 00:00:00+00:00,0.08496
2026-01-13 00:15:00+00:00,0.08307
2026-01-13 00:30:00+00:00,0.08222
2026-01-13 00:45:00+00:00,0.08051
2026-01-13 01:00:00+00:00,0.08351
2026-01-13 01:15:00+00:00,0.08226
2026-01-13 01:30:00+00:00,0.08236
2026-01-13 01:45:00+00:00,0.08261
2026-01-13 02:00:00+00:00,0.08345
2026-01-13 02:15:00+00:00,0.08388
2026-01-13 02:30:00+00:00,0.08457
2026-01-13 02:45:00+00:00,0.08456
2026-01-13 03:00:00+00:00,0.0846
2026-01-13 03:15:00+00:00,0.08523
2026-01-13 03:30:00+00:00,0.08587
2026-01-13 03:45:00+00:00,0.09129
2026-01-13 04:00:00+00:00,0.08495
2026-01-13 04:15:00+00:00,0.08646
2026-01-13 04:30:00+00:00,0.09
2026-01-13 04:45:00+00:00,0.09349
2026-01-13 05:00:00+00:00,0.0865
2026-01-13 05:15:00+00:00,0.09601
2026-01-13 05:30:00+00:00,0.09847
2026-01-13 05:45:00+00:00,0.10923
2026-01-13 06:00:00+00:00,0.09513
2026-01-13 06:15:00+00:00,0.12069
2026-01-13 06:30:00+00:00,0.12205
2026-01-13 06:45:00+00:00,0.12625
2026-01-13 07:00:00+00:00,0.12205
2026-01-13 07:15:00+00:00,0.1282
2026-01-13 07:30:00+00:00,0.13895
2026-01-13 07:45:00+00:00,0.13002
2026-01-13 08:00:00+00:00,0.14113
2026-01-13 08:15:00+00:00,0.134
2026-01-13 08:30:00+00:00,0.12993
2026-01-13 08:45:00+00:00,0.12501
2026-01-13 09:00:00+00:00,0.15399
2026-01-13 09:15:00+00:00,0.14713
2026-01-13 09:30:00+00:00,0.13768
2026-01-13 09:45:00+00:00,0.12999
2026-01-13 10:00:00+00:00,0.125
2026-01-13 10:15:00+00:00,0.12623
2026-01-13 10:30:00+00:00,0.125
2026-01-13 10:45:00+00:00,0.11918
2026-01-13 11:00:00+00:00,0.12207
2026-01-13 11:15:00+00:00,0.11759
2026-01-13 11:30:00+00:00,0.11598
2026-01-13 11:45:00+00:00,0.11506
2026-01-13 12:00:00+00:00,0.11743
2026-01-13 12:15:00+00:00,0.11477
2026-01-13 12:30:00+00:00,0.11133
2026-01-13 12:45:00+00:00,0.10838
2026-01-13 13:00:00+00:00,0.11924
2026-01-13 13:15:00+00:00,0.12002
2026-01-13 13:30:00+00:00,0.12229
2026-01-13 13:45:00+00:00,0.12731
2026-01-13 14:00:00+00:00,0.11298
2026-01-13 14:15:00+00:00,0.125
2026-01-13 14:30:00+00:00,0.122
2026-01-13 14:45:00+00:00,0.12208
2026-01-13 15:00:00+00:00,0.11387
2026-01-13 15:15:00+00:00,0.12205
2026-01-13 15:30:00+00:00,0.12204
2026-01-13 15:45:00+00:00,0.13064
2026-01-13 16:00:00+00:00,0.12205
2026-01-13 16:15:00+00:00,0.12322
2026-01-13 16:30:00+00:00,0.12204
2026-01-13 16:45:00+00:00,0.12201
2026-01-13 17:00:00+00:00,0.12031
2026-01-13 17:15:00+00:00,0.11553
2026-01-13 17:30:00+00:00,0.11041
2026-01-13 17:45:00+00:00,0.10716
2026-01-13 18:00:00+00:00,0.11321
2026-01-13 18:15:00+00:00,0.10216
2026-01-13 18:30:00+00:00,0.09215
2026-01-13 18:45:00+00:00,0.08742
2026-01-13 19:00:00+00:00,0.10085
2026-01-13 19:15:00+00:00,0.08903
2026-01-13 19:30:00+00:00,0.08782
2026-01-13 19:45:00+00:00,0.0861
2026-01-13 20:00:00+00:00,0.09672
2026-01-13 20:15:00+00:00,0.09689
2026-01-13 20:30:00+00:00,0.09011
2026-01-13 20:45:00+00:00,0.08511
2026-01-13 21:00:00+00:00,0.09243
2026-01-13 21:15:00+00:00,0.0895
2026-01-13 21:30:00+00:00,0.09125
2026-01-13 21:45:00+00:00,0.08682
2026-01-13 22:00:00+00:00,0.09294
2026-01-13 22:15:00+00:00,0.08383
2026-01-13 22:30:00+00:00,0.07991
2026-01-13 22:45:00+00:00,0.07401
2026-01-13 23:00:00+00:00,0.0894
2026-01-13 23:15:00+00:00,0.08732
2026-01-13 23:30:00+00:00,0.08296
2026-01-13 23:45:00+00:00,0.08257
2026-01-14 00:00:00+00:00,0.08493
2026-01-14 00:15:00+00:00,0.08392
2026-01-14 00:30:00+00:00,0.08453
2026-01-14 00:45:00+00:00,0.0838
2026-01-14 01:00:00+00:00,0.08648
2026-01-14 01:15:00+00:00,0.08585
2026-01-14 01:30:00+00:00,0.0859
2026-01-14 01:45:00+00:00,0.08528
2026-01-14 02:00:00+00:00,0.08601
2026-01-14 02:15:00+00:00,0.08629
2026-01-14 02:30:00+00:00,0.08615
2026-01-14 02:45:00+00:00,0.0862
2026-01-14 03:00:00+00:00,0.08547
2026-01-14 03:15:00+00:00,0.0865
2026-01-14 03:30:00+00:00,0.08824
2026-01-14 03:45:00+00:00,0.09037
2026-01-14 04:00:00+00:00,0.08967
2026-01-14 04:15:00+00:00,0.08977
2026-01-14 04:30:00+00:00,0.08962
2026-01-14 04:45:00+00:00,0.09038
2026-01-14 05:00:00+00:00,0.08764
2026-01-14 05:15:00+00:00,0.09393
2026-01-14 05:30:00+00:00,0.09723
2026-01-14 05:45:00+00:00,0.10178
2026-01-14 06:00:00+00:00,0.09559
2026-01-14 06:15:00+00:00,0.10005
2026-01-14 06:30:00+00:00,0.1046
2026-01-14 06:45:00+00:00,0.12032
2026-01-14 07:00:00+00:00,0.12172
2026-01-14 07:15:00+00:00,0.13094
2026-01-14 07:30:00+00:00,0.13171
2026-01-14 07:45:00+00:00,0.13146
2026-01-14 08:00:00+00:00,0.14302
2026-01-14 08:15:00+00:00,0.13745
2026-01-14 08:30:00+00:00,0.12826
2026-01-14 08:45:00+00:00,0.1194
2026-01-14 09:00:00+00:00,0.12543
2026-01-14 09:15:00+00:00,0.11741
2026-01-14 09:30:00+00:00,0.1123
2026-01-14 09:45:00+00:00,0.11067
2026-01-14 10:00:00+00:00,0.11185
2026-01-14 10:15:00+00:00,0.10905
2026-01-14 10:30:00+00:00,0.1054
2026-01-14 10:45:00+00:00,0.10383
2026-01-14 11:00:00+00:00,0.10467
2026-01-14 11:15:00+00:00,0.10286
2026-01-14 11:30:00+00:00,0.10361
2026-01-14 11:45:00+00:00,0.10276
2026-01-14 12:00:00+00:00,0.10274
2026-01-14 12:15:00+00:00,0.1019
2026-01-14 12:30:00+00:00,0.10302
2026-01-14 12:45:00+00:00,0.10674
2026-01-14 13:00:00+00:00,0.10277
2026-01-14 13:15:00+00:00,0.11001
2026-01-14 13:30:00+00:00,0.12472
2026-01-14 13:45:00+00:00,0.13537
2026-01-14 14:00:00+00:00,0.12046
2026-01-14 14:15:00+00:00,0.131
2026-01-14 14:30:00+00:00,0.16189
2026-01-14 14:45:00+00:00,0.16517
2026-01-14 15:00:00+00:00,0.11243
2026-01-14 15:15:00+00:00,0.13252
2026-01-14 15:30:00+00:00,0.15821
2026-01-14 15:45:00+00:00,0.20827
2026-01-14 16:00:00+00:00,0.16499
2026-01-14 16:15:00+00:00,0.20399
2026-01-14 16:30:00+00:00,0.22416
2026-01-14 16:45:00+00:00,0.20695
2026-01-14 17:00:00+00:00,0.19089
2026-01-14 17:15:00+00:00,0.18104
2026-01-14 17:30:00+00:00,0.17545
2026-01-14 17:45:00+00:00,0.18204
2026-01-14 18:00:00+00:00,0.18965
2026-01-14 18:15:00+00:00,0.16135
2026-01-14 18:30:00+00:00,0.14738
2026-01-14 18:45:00+00:00,0.13669
2026-01-14 19:00:00+00:00,0.15232
2026-01-14 19:15:00+00:00,0.136
2026-01-14 19:30:00+00:00,0.12916
2026-01-14 19:45:00+00:00,0.11856
2026-01-14 20:00:00+00:00,0.13999
2026-01-14 20:15:00+00:00,0.132
2026-01-14 20:30:00+00:00,0.11238
2026-01-14 20:45:00+00:00,0.10278
2026-01-14 21:00:00+00:00,0.1257
2026-01-14 21:15:00+00:00,0.12922
2026-01-14 21:30:00+00:00,0.10253
2026-01-14 21:45:00+00:00,0.098
2026-01-14 22:00:00+00:00,0.10633
2026-01-14 22:15:00+00:00,0.0982
2026-01-14 22:30:00+00:00,0.09407
2026-01-14 22:45:00+00:00,0.08975
2026-01-14 23:00:00+00:00,0.11034
2026-01-14 23:15:00+00:00,0.10351
2026-01-14 23:30:00+00:00,0.09577
2026-01-14 23:45:00+00:00,0.09284
2026-01-15 00:00:00+00:00,0.09848
2026-01-15 00:15:00+00:00,0.09502
2026-01-15 00:30:00+00:00,0.09265
2026-01-15 00:45:00+00:00,0.09004
2026-01-15 01:00:00+00:00,0.09423
2026-01-15 01:15:00+00:00,0.08963
2026-01-15 01:30:00+00:00,0.087
2026-01-15 01:45:00+00:00,0.0865
2026-01-15 02:00:00+00:00,0.08656
2026-01-15 02:15:00+00:00,0.0857
2026-01-15 02:30:00+00:00,0.0845
2026-01-15 02:45:00+00:00,0.08247
2026-01-15 03:00:00+00:00,0.08252
2026-01-15 03:15:00+00:00,0.08236
2026-01-15 03:30:00+00:00,0.08277
2026-01-15 03:45:00+00:00,0.08407
2026-01-15 04:00:00+00:00,0.084
2026-01-15 04:15:00+00:00,0.084
2026-01-15 04:30:00+00:00,0.08651
2026-01-15 04:45:00+00:00,0.08949
2026-01-15 05:00:00+00:00,0.09361
2026-01-15 05:15:00+00:00,0.0965
2026-01-15 05:30:00+00:00,0.09797
2026-01-15 05:45:00+00:00,0.10473
2026-01-15 06:00:00+00:00,0.10071
2026-01-15 06:15:00+00:00,0.10324
2026-01-15 06:30:00+00:00,0.10579
2026-01-15 06:45:00+00:00,0.11072
2026-01-15 07:00:00+00:00,0.105
2026-01-15 07:15:00+00:00,0.10774
2026-01-15 07:30:00+00:00,0.105
2026-01-15 07:45:00+00:00,0.10216
2026-01-15 08:00:00+00:00,0.10677
2026-01-15 08:15:00+00:00,0.10321
2026-01-15 08:30:00+00:00,0.09968
2026-01-15 08:45:00+00:00,0.096
2026-01-15 09:00:00+00:00,0.10729
2026-01-15 09:15:00+00:00,0.10174
2026-01-15 09:30:00+00:00,0.09751
2026-01-15 09:45:00+00:00,0.09506
2026-01-15 10:00:00+00:00,0.10167
2026-01-15 10:15:00+00:00,0.09828
2026-01-15 10:30:00+00:00,0.09651
2026-01-15 10:45:00+00:00,0.09499
2026-01-15 11:00:00+00:00,0.09651
2026-01-15 11:15:00+00:00,0.09397
2026-01-15 11:30:00+00:00,0.09415
2026-01-15 11:45:00+00:00,0.0965
2026-01-15 12:00:00+00:00,0.09844
2026-01-15 12:15:00+00:00,0.10014
2026-01-15 12:30:00+00:00,0.10168
2026-01-15 12:45:00+00:00,0.1022
2026-01-15 13:00:00+00:00,0.1014
2026-01-15 13:15:00+00:00,0.105
2026-01-15 13:30:00+00:00,0.10419
2026-01-15 13:45:00+00:00,0.11199
2026-01-15 14:00:00+00:00,0.10321
2026-01-15 14:15:00+00:00,0.12008
2026-01-15 14:30:00+00:00,0.12709
2026-01-15 14:45:00+00:00,0.142
2026-01-15 15:00:00+00:00,0.12409
2026-01-15 15:15:00+00:00,0.13466
2026-01-15 15:30:00+00:00,0.13834
2026-01-15 15:45:00+00:00,0.1444
2026-01-15 16:00:00+00:00,0.15118
2026-01-15 16:15:00+00:00,0.15492
2026-01-15 16:30:00+00:00,0.14388
2026-01-15 16:45:00+00:00,0.132
2026-01-15 17:00:00+00:00,0.13349
2026-01-15 17:15:00+00:00,0.11649
2026-01-15 17:30:00+00:00,0.11752
2026-01-15 17:45:00+00:00,0.11148
2026-01-15 18:00:00+00:00,0.11221
2026-01-15 18:15:00+00:00,0.10408
2026-01-15 18:30:00+00:00,0.1033
2026-01-15 18:45:00+00:00,0.10238
2026-01-15 19:00:00+00:00,0.1011
2026-01-15 19:15:00+00:00,0.10015
2026-01-15 19:30:00+00:00,0.09787
2026-01-15 19:45:00+00:00,0.09352
2026-01-15 20:00:00+00:00,0.09336
2026-01-15 20:15:00+00:00,0.09049
2026-01-15 20:30:00+00:00,0.09008
2026-01-15 20:45:00+00:00,0.09005
2026-01-15 21:00:00+00:00,0.09412
2026-01-15 21:15:00+00:00,0.08899
2026-01-15 21:30:00+00:00,0.08774
2026-01-15 21:45:00+00:00,0.08272
2026-01-15 22:00:00+00:00,0.09
2026-01-15 22:15:00+00:00,0.08412
2026-01-15 22:30:00+00:00,0.0819
2026-01-15 22:45:00+00:00,0.0686
2026-01-15 23:00:00+00:00,0.08962
2026-01-15 23:15:00+00:00,0.0836
2026-01-15 23:30:00+00:00,0.07633
2026-01-15 23:45:00+00:00,0.07465
2026-01-16 00:00:00+00:00,0.07899
2026-01-16 00:15:00+00:00,0.07516
2026-01-16 00:30:00+00:00,0.0742
2026-01-16 00:45:00+00:00,0.07165
2026-01-16 01:00:00+00:00,0.07288
2026-01-16 01:15:00+00:00,0.07214
2026-01-16 01:30:00+00:00,0.0691
2026-01-16 01:45:00+00:00,0.06817
2026-01-16 02:00:00+00:00,0.06746
2026-01-16 02:15:00+00:00,0.06676
2026-01-16 02:30:00+00:00,0.06711
2026-01-16 02:45:00+00:00,0.06759
2026-01-16 03:00:00+00:00,0.06891
2026-01-16 03:15:00+00:00,0.06907
2026-01-16 03:30:00+00:00,0.0715
2026-01-16 03:45:00+00:00,0.07604
2026-01-16 04:00:00+00:00,0.07554
2026-01-16 04:15:00+00:00,0.07925
2026-01-16 04:30:00+00:00,0.08348
2026-01-16 04:45:00+00:00,0.08993
2026-01-16 05:00:00+00:00,0.08221
2026-01-16 05:15:00+00:00,0.08804
2026-01-16 05:30:00+00:00,0.09348
2026-01-16 05:45:00+00:00,0.09916
2026-01-16 06:00:00+00:00,0.09439
2026-01-16 06:15:00+00:00,0.09909
2026-01-16 06:30:00+00:00,0.0965
2026-01-16 06:45:00+00:00,0.10442
2026-01-16 07:00:00+00:00,0.10325
2026-01-16 07:15:00+00:00,0.11578
2026-01-16 07:30:00+00:00,0.113
2026-01-16 07:45:00+00:00,0.1052
2026-01-16 08:00:00+00:00,0.11903
2026-01-16 08:15:00+00:00,0.11307
2026-01-16 08:30:00+00:00,0.10478
2026-01-16 08:45:00+00:00,0.09883
2026-01-16 09:00:00+00:00,0.10882
2026-01-16 09:15:00+00:00,0.1038
2026-01-16 09:30:00+00:00,0.09961
2026-01-16 09:45:00+00:00,0.09988
2026-01-16 10:00:00+00:00,0.10219
2026-01-16 10:15:00+00:00,0.09899
2026-01-16 10:30:00+00:00,0.09806
2026-01-16 10:45:00+00:00,0.09991
2026-01-16 11:00:00+00:00,0.09713
2026-01-16 11:15:00+00:00,0.09842
2026-01-16 11:30:00+00:00,0.0987
2026-01-16 11:45:00+00:00,0.10254
2026-01-16 12:00:00+00:00,0.09581
2026-01-16 12:15:00+00:00,0.09835
2026-01-16 12:30:00+00:00,0.10068
2026-01-16 12:45:00+00:00,0.10241
2026-01-16 13:00:00+00:00,0.10154
2026-01-16 13:15:00+00:00,0.11031
2026-01-16 13:30:00+00:00,0.11493
2026-01-16 13:45:00+00:00,0.12602
2026-01-16 14:00:00+00:00,0.11608
2026-01-16 14:15:00+00:00,0.1365
2026-01-16 14:30:00+00:00,0.14698
2026-01-16 14:45:00+00:00,0.16444
2026-01-16 15:00:00+00:00,0.12999
2026-01-16 15:15:00+00:00,0.14917
2026-01-16 15:30:00+00:00,0.16159
2026-01-16 15:45:00+00:00,0.20997
2026-01-16 16:00:00+00:00,0.16046
2026-01-16 16:15:00+00:00,0.17717
2026-01-16 16:30:00+00:00,0.1809
2026-01-16 16:45:00+00:00,0.16277
2026-01-16 17:00:00+00:00,0.16802
2026-01-16 17:15:00+00:00,0.15832
2026-01-16 17:30:00+00:00,0.1631
2026-01-16 17:45:00+00:00,0.16033
2026-01-16 18:00:00+00:00,0.16506
2026-01-16 18:15:00+00:00,0.1544
2026-01-16 18:30:00+00:00,0.14994
2026-01-16 18:45:00+00:00,0.14732
2026-01-16 19:00:00+00:00,0.1426
2026-01-16 19:15:00+00:00,0.141
2026-01-16 19:30:00+00:00,0.13535
2026-01-16 19:45:00+00:00,0.11705
2026-01-16 20:00:00+00:00,0.12497
2026-01-16 20:15:00+00:00,0.12456
2026-01-16 20:30:00+00:00,0.11562
2026-01-16 20:45:00+00:00,0.1053
2026-01-16 21:00:00+00:00,0.12576
2026-01-16 21:15:00+00:00,0.11683
2026-01-16 21:30:00+00:00,0.117
2026-01-16 21:45:00+00:00,0.11123
2026-01-16 22:00:00+00:00,0.11966
2026-01-16 22:15:00+00:00,0.10432
2026-01-16 22:30:00+00:00,0.09809
2026-01-16 22:45:00+00:00,0.09461
2026-01-16 23:00:00+00:00,0.11799
2026-01-16 23:15:00+00:00,0.10901
2026-01-16 23:30:00+00:00,0.098
2026-01-16 23:45:00+00:00,0.09364
2026-01-17 00:00:00+00:00,0.10796
2026-01-17 00:15:00+00:00,0.10258
2026-01-17 00:30:00+00:00,0.09862
2026-01-17 00:45:00+00:00,0.09599
2026-01-17 01:00:00+00:00,0.10223
2026-01-17 01:15:00+00:00,0.10003
2026-01-17 01:30:00+00:00,0.09646
2026-01-17 01:45:00+00:00,0.09422
2026-01-17 02:00:00+00:00,0.09534
2026-01-17 02:15:00+00:00,0.09838
2026-01-17 02:30:00+00:00,0.09524
2026-01-17 02:45:00+00:00,0.09559
2026-01-17 03:00:00+00:00,0.0953
2026-01-17 03:15:00+00:00,0.09501
2026-01-17 03:30:00+00:00,0.09507
2026-01-17 03:45:00+00:00,0.09537
2026-01-17 04:00:00+00:00,0.0953
2026-01-17 04:15:00+00:00,0.09431
2026-01-17 04:30:00+00:00,0.09594
2026-01-17 04:45:00+00:00,0.09542
2026-01-17 05:00:00+00:00,0.09787
2026-01-17 05:15:00+00:00,0.09211
2026-01-17 05:30:00+00:00,0.09647
2026-01-17 05:45:00+00:00,0.09696
2026-01-17 06:00:00+00:00,0.09418
2026-01-17 06:15:00+00:00,0.09776
2026-01-17 06:30:00+00:00,0.09988
2026-01-17 06:45:00+00:00,0.10493
2026-01-17 07:00:00+00:00,0.09598
2026-01-17 07:15:00+00:00,0.10685
2026-01-17 07:30:00+00:00,0.10994
2026-01-17 07:45:00+00:00,0.11111
2026-01-17 08:00:00+00:00,0.11856
2026-01-17 08:15:00+00:00,0.12086
2026-01-17 08:30:00+00:00,0.11645
2026-01-17 08:45:00+00:00,0.11075
2026-01-17 09:00:00+00:00,0.12343
2026-01-17 09:15:00+00:00,0.11603
2026-01-17 09:30:00+00:00,0.11171
2026-01-17 09:45:00+00:00,0.10923
2026-01-17 10:00:00+00:00,0.11284
2026-01-17 10:15:00+00:00,0.11211
2026-01-17 10:30:00+00:00,0.1116
2026-01-17 10:45:00+00:00,0.10988
2026-01-17 11:00:00+00:00,0.11291
2026-01-17 11:15:00+00:00,0.11099
2026-01-17 11:30:00+00:00,0.11292
2026-01-17 11:45:00+00:00,0.11097
2026-01-17 12:00:00+00:00,0.1099
2026-01-17 12:15:00+00:00,0.10878
2026-01-17 12:30:00+00:00,0.1079
2026-01-17 12:45:00+00:00,0.10798
2026-01-17 13:00:00+00:00,0.10781
2026-01-17 13:15:00+00:00,0.10978
2026-01-17 13:30:00+00:00,0.11377
2026-01-17 13:45:00+00:00,0.11991
2026-01-17 14:00:00+00:00,0.11501
2026-01-17 14:15:00+00:00,0.12089
2026-01-17 14:30:00+00:00,0.12662
2026-01-17 14:45:00+00:00,0.12856
2026-01-17 15:00:00+00:00,0.1271
2026-01-17 15:15:00+00:00,0.13798
2026-01-17 15:30:00+00:00,0.13886
2026-01-17 15:45:00+00:00,0.13916
2026-01-17 16:00:00+00:00,0.1373
2026-01-17 16:15:00+00:00,0.13991
2026-01-17 16:30:00+00:00,0.14094
2026-01-17 16:45:00+00:00,0.1455
2026-01-17 17:00:00+00:00,0.14049
2026-01-17 17:15:00+00:00,0.14049
2026-01-17 17:30:00+00:00,0.14561
2026-01-17 17:45:00+00:00,0.1448
2026-01-17 18:00:00+00:00,0.1418
2026-01-17 18:15:00+00:00,0.14105
2026-01-17 18:30:00+00:00,0.14014
2026-01-17 18:45:00+00:00,0.13136
2026-01-17 19:00:00+00:00,0.13666
2026-01-17 19:15:00+00:00,0.12035
2026-01-17 19:30:00+00:00,0.11819
2026-01-17 19:45:00+00:00,0.10796
2026-01-17 20:00:00+00:00,0.11681
2026-01-17 20:15:00+00:00,0.11164
2026-01-17 20:30:00+00:00,0.10376
2026-01-17 20:45:00+00:00,0.09901
2026-01-17 21:00:00+00:00,0.10897
2026-01-17 21:15:00+00:00,0.10434
2026-01-17 21:30:00+00:00,0.10996
2026-01-17 21:45:00+00:00,0.11333
2026-01-17 22:00:00+00:00,0.11599
2026-01-17 22:15:00+00:00,0.109
2026-01-17 22:30:00+00:00,0.10413
2026-01-17 22:45:00+00:00,0.09897
2026-01-17 23:00:00+00:00,0.11524
2026-01-17 23:15:00+00:00,0.11295
2026-01-17 23:30:00+00:00,0.10867
2026-01-17 23:45:00+00:00,0.106
2026-01-18 00:00:00+00:00,0.11299
2026-01-18 00:15:00+00:00,0.10916
2026-01-18 00:30:00+00:00,0.10709
2026-01-18 00:45:00+00:00,0.10752
2026-01-18 01:00:00+00:00,0.11123
2026-01-18 01:15:00+00:00,0.10917
2026-01-18 01:30:00+00:00,0.10494
2026-01-18 01:45:00+00:00,0.10422
2026-01-18 02:00:00+00:00,0.10383
2026-01-18 02:15:00+00:00,0.103
2026-01-18 02:30:00+00:00,0.10173
2026-01-18 02:45:00+00:00,0.1016
2026-01-18 03:00:00+00:00,0.10299
2026-01-18 03:15:00+00:00,0.10262
2026-01-18 03:30:00+00:00,0.10173
2026-01-18 03:45:00+00:00,0.1016
2026-01-18 04:00:00+00:00,0.10143
2026-01-18 04:15:00+00:00,0.1016
2026-01-18 04:30:00+00:00,0.1023
2026-01-18 04:45:00+00:00,0.10299
2026-01-18 05:00:00+00:00,0.1002
2026-01-18 05:15:00+00:00,0.10122
2026-01-18 05:30:00+00:00,0.10122
2026-01-18 05:45:00+00:00,0.10156
2026-01-18 06:00:00+00:00,0.10028
2026-01-18 06:15:00+00:00,0.09932
2026-01-18 06:30:00+00:00,0.1005
2026-01-18 06:45:00+00:00,0.10232
2026-01-18 07:00:00+00:00,0.10412
2026-01-18 07:15:00+00:00,0.10557
2026-01-18 07:30:00+00:00,0.10737
2026-01-18 07:45:00+00:00,0.10566
2026-01-18 08:00:00+00:00,0.11496
2026-01-18 08:15:00+00:00,0.10696
2026-01-18 08:30:00+00:00,0.10518
2026-01-18 08:45:00+00:00,0.10259
2026-01-18 09:00:00+00:00,0.10531
2026-01-18 09:15:00+00:00,0.1032
2026-01-18 09:30:00+00:00,0.10103
2026-01-18 09:45:00+00:00,0.0981
2026-01-18 10:00:00+00:00,0.09835
2026-01-18 10:15:00+00:00,0.09972
2026-01-18 10:30:00+00:00,0.0981
2026-01-18 10:45:00+00:00,0.09776
2026-01-18 11:00:00+00:00,0.098
2026-01-18 11:15:00+00:00,0.09659
2026-01-18 11:30:00+00:00,0.09653
2026-01-18 11:45:00+00:00,0.0963
2026-01-18 12:00:00+00:00,0.09613
2026-01-18 12:15:00+00:00,0.09674
2026-01-18 12:30:00+00:00,0.0972
2026-01-18 12:45:00+00:00,0.09778
2026-01-18 13:00:00+00:00,0.098
2026-01-18 13:15:00+00:00,0.10037
2026-01-18 13:30:00+00:00,0.10217
2026-01-18 13:45:00+00:00,0.10284
2026-01-18 14:00:00+00:00,0.10146
2026-01-18 14:15:00+00:00,0.1034
2026-01-18 14:30:00+00:00,0.10543
2026-01-18 14:45:00+00:00,0.11191
2026-01-18 15:00:00+00:00,0.1061
2026-01-18 15:15:00+00:00,0.11689
2026-01-18 15:30:00+00:00,0.11715
2026-01-18 15:45:00+00:00,0.11936
2026-01-18 16:00:00+00:00,0.11767
2026-01-18 16:15:00+00:00,0.12719
2026-01-18 16:30:00+00:00,0.13447
2026-01-18 16:45:00+00:00,0.14064
2026-01-18 17:00:00+00:00,0.13909
2026-01-18 17:15:00+00:00,0.14249
2026-01-18 17:30:00+00:00,0.1462
2026-01-18 17:45:00+00:00,0.141
2026-01-18 18:00:00+00:00,0.14422
2026-01-18 18:15:00+00:00,0.141
2026-01-18 18:30:00+00:00,0.13637
2026-01-18 18:45:00+00:00,0.1251
2026-01-18 19:00:00+00:00,0.12516
2026-01-18 19:15:00+00:00,0.12711
2026-01-18 19:30:00+00:00,0.12543
2026-01-18 19:45:00+00:00,0.11451
2026-01-18 20:00:00+00:00,0.1209
2026-01-18 20:15:00+00:00,0.11408
2026-01-18 20:30:00+00:00,0.10601
2026-01-18 20:45:00+00:00,0.10153
2026-01-18 21:00:00+00:00,0.1213
2026-01-18 21:15:00+00:00,0.11495
2026-01-18 21:30:00+00:00,0.11303
2026-01-18 21:45:00+00:00,0.10784
2026-01-18 22:00:00+00:00,0.11
2026-01-18 22:15:00+00:00,0.10459
2026-01-18 22:30:00+00:00,0.10033
2026-01-18 22:45:00+00:00,0.10001
2026-01-18 23:00:00+00:00,0.1048
2026-01-18 23:15:00+00:00,0.1016
2026-01-18 23:30:00+00:00,0.09992
2026-01-18 23:45:00+00:00,0.09828
2026-01-19 00:00:00+00:00,0.1002
2026-01-19 00:15:00+00:00,0.10108
2026-01-19 00:30:00+00:00,0.10089
2026-01-19 00:45:00+00:00,0.09959
2026-01-19 01:00:00+00:00,0.10212
2026-01-19 01:15:00+00:00,0.10099
2026-01-19 01:30:00+00:00,0.10021
2026-01-19 01:45:00+00:00,0.10001
2026-01-19 02:00:00+00:00,0.10048
2026-01-19 02:15:00+00:00,0.10054
2026-01-19 02:30:00+00:00,0.10021
2026-01-19 02:45:00+00:00,0.10052
2026-01-19 03:00:00+00:00,0.09945
2026-01-19 03:15:00+00:00,0.10022
2026-01-19 03:30:00+00:00,0.10052
2026-01-19 03:45:00+00:00,0.10035
2026-01-19 04:00:00+00:00,0.0977
2026-01-19 04:15:00+00:00,0.10016
2026-01-19 04:30:00+00:00,0.10105
2026-01-19 04:45:00+00:00,0.11121
2026-01-19 05:00:00+00:00,0.10804
2026-01-19 05:15:00+00:00,0.12276
2026-01-19 05:30:00+00:00,0.13057
2026-01-19 05:45:00+00:00,0.14415
2026-01-19 06:00:00+00:00,0.14229
2026-01-19 06:15:00+00:00,0.15741
2026-01-19 06:30:00+00:00,0.17184
2026-01-19 06:45:00+00:00,0.17279
2026-01-19 07:00:00+00:00,0.17734
2026-01-19 07:15:00+00:00,0.18448
2026-01-19 07:30:00+00:00,0.17711
2026-01-19 07:45:00+00:00,0.165
2026-01-19 08:00:00+00:00,0.1902
2026-01-19 08:15:00+00:00,0.17103
2026-01-19 08:30:00+00:00,0.15185
2026-01-19 08:45:00+00:00,0.13467
2026-01-19 09:00:00+00:00,0.15681
2026-01-19 09:15:00+00:00,0.13935
2026-01-19 09:30:00+00:00,0.12813
2026-01-19 09:45:00+00:00,0.1194
2026-01-19 10:00:00+00:00,0.12608
2026-01-19 10:15:00+00:00,0.11984
2026-01-19 10:30:00+00:00,0.11907
2026-01-19 10:45:00+00:00,0.11712
2026-01-19 11:00:00+00:00,0.11808
2026-01-19 11:15:00+00:00,0.11459
2026-01-19 11:30:00+00:00,0.11746
2026-01-19 11:45:00+00:00,0.12011
2026-01-19 12:00:00+00:00,0.119
2026-01-19 12:15:00+00:00,0.12134
2026-01-19 12:30:00+00:00,0.12591
2026-01-19 12:45:00+00:00,0.13376
2026-01-19 13:00:00+00:00,0.12068
2026-01-19 13:15:00+00:00,0.139
2026-01-19 13:30:00+00:00,0.14767
2026-01-19 13:45:00+00:00,0.17005
2026-01-19 14:00:00+00:00,0.135
2026-01-19 14:15:00+00:00,0.15978
2026-01-19 14:30:00+00:00,0.17626
2026-01-19 14:45:00+00:00,0.20913
2026-01-19 15:00:00+00:00,0.1683
2026-01-19 15:15:00+00:00,0.19276
2026-01-19 15:30:00+00:00,0.20693
2026-01-19 15:45:00+00:00,0.21157
2026-01-19 16:00:00+00:00,0.19234
2026-01-19 16:15:00+00:00,0.21825
2026-01-19 16:30:00+00:00,0.21631
2026-01-19 16:45:00+00:00,0.20601
2026-01-19 17:00:00+00:00,0.20999
2026-01-19 17:15:00+00:00,0.19193
2026-01-19 17:30:00+00:00,0.19883
2026-01-19 17:45:00+00:00,0.19947
2026-01-19 18:00:00+00:00,0.19293
2026-01-19 18:15:00+00:00,0.18296
2026-01-19 18:30:00+00:00,0.17763
2026-01-19 18:45:00+00:00,0.17033
2026-01-19 19:00:00+00:00,0.16652
2026-01-19 19:15:00+00:00,0.16021
2026-01-19 19:30:00+00:00,0.15835
2026-01-19 19:45:00+00:00,0.14446
2026-01-19 20:00:00+00:00,0.14101
2026-01-19 20:15:00+00:00,0.13795
2026-01-19 20:30:00+00:00,0.13472
2026-01-19 20:45:00+00:00,0.127
2026-01-19 21:00:00+00:00,0.13146
2026-01-19 21:15:00+00:00,0.12776
2026-01-19 21:30:00+00:00,0.12647
2026-01-19 21:45:00+00:00,0.11992
2026-01-19 22:00:00+00:00,0.12264
2026-01-19 22:15:00+00:00,0.11501
2026-01-19 22:30:00+00:00,0.10794
2026-01-19 22:45:00+00:00,0.10429
2026-01-19 23:00:00+00:00,0.11406
2026-01-19 23:15:00+00:00,0.1175
2026-01-19 23:30:00+00:00,0.11514
2026-01-19 23:45:00+00:00,0.11354
2026-01-20 00:00:00+00:00,0.11504
2026-01-20 00:15:00+00:00,0.11497
2026-01-20 00:30:00+00:00,0.1149
2026-01-20 00:45:00+00:00,0.11243
2026-01-20 01:00:00+00:00,0.11004
2026-01-20 01:15:00+00:00,0.10968
2026-01-20 01:30:00+00:00,0.11076
2026-01-20 01:45:00+00:00,0.11094
2026-01-20 02:00:00+00:00,0.10891
2026-01-20 02:15:00+00:00,0.10925
2026-01-20 02:30:00+00:00,0.1099
2026-01-20 02:45:00+00:00,0.11141
2026-01-20 03:00:00+00:00,0.10891
2026-01-20 03:15:00+00:00,0.11001
2026-01-20 03:30:00+00:00,0.11552
2026-01-20 03:45:00+00:00,0.11825
2026-01-20 04:00:00+00:00,0.12243
2026-01-20 04:15:00+00:00,0.11091
2026-01-20 04:30:00+00:00,0.12861
2026-01-20 04:45:00+00:00,0.13917
2026-01-20 05:00:00+00:00,0.12645
2026-01-20 05:15:00+00:00,0.15943
2026-01-20 05:30:00+00:00,0.19171
2026-01-20 05:45:00+00:00,0.28283
2026-01-20 06:00:00+00:00,0.17609
2026-01-20 06:15:00+00:00,0.22433
2026-01-20 06:30:00+00:00,0.26809
2026-01-20 06:45:00+00:00,0.295
2026-01-20 07:00:00+00:00,0.32701
2026-01-20 07:15:00+00:00,0.30201
2026-01-20 07:30:00+00:00,0.2363
2026-01-20 07:45:00+00:00,0.18582
2026-01-20 08:00:00+00:00,0.24684
2026-01-20 08:15:00+00:00,0.19413
2026-01-20 08:30:00+00:00,0.168
2026-01-20 08:45:00+00:00,0.10917
2026-01-20 09:00:00+00:00,0.16857
2026-01-20 09:15:00+00:00,0.13343
2026-01-20 09:30:00+00:00,0.1213
2026-01-20 09:45:00+00:00,0.10538
2026-01-20 10:00:00+00:00,0.119
2026-01-20 10:15:00+00:00,0.10622
2026-01-20 10:30:00+00:00,0.10436
2026-01-20 10:45:00+00:00,0.10223
2026-01-20 11:00:00+00:00,0.10435
2026-01-20 11:15:00+00:00,0.10216
2026-01-20 11:30:00+00:00,0.10302
2026-01-20 11:45:00+00:00,0.10496
2026-01-20 12:00:00+00:00,0.10459
2026-01-20 12:15:00+00:00,0.10576
2026-01-20 12:30:00+00:00,0.10533
2026-01-20 12:45:00+00:00,0.10734
2026-01-20 13:00:00+00:00,0.10618
2026-01-20 13:15:00+00:00,0.12376
2026-01-20 13:30:00+00:00,0.14945
2026-01-20 13:45:00+00:00,0.1675
2026-01-20 14:00:00+00:00,0.13608
2026-01-20 14:15:00+00:00,0.15899
2026-01-20 14:30:00+00:00,0.20443
2026-01-20 14:45:00+00:00,0.21354
2026-01-20 15:00:00+00:00,0.20299
2026-01-20 15:15:00+00:00,0.25317
2026-01-20 15:30:00+00:00,0.29193
2026-01-20 15:45:00+00:00,0.35885
2026-01-20 16:00:00+00:00,0.24297
2026-01-20 16:15:00+00:00,0.26624
2026-01-20 16:30:00+00:00,0.2607
2026-01-20 16:45:00+00:00,0.22861
2026-01-20 17:00:00+00:00,0.22152
2026-01-20 17:15:00+00:00,0.19452
2026-01-20 17:30:00+00:00,0.18195
2026-01-20 17:45:00+00:00,0.17771
2026-01-20 18:00:00+00:00,0.20881
2026-01-20 18:15:00+00:00,0.18684
2026-01-20 18:30:00+00:00,0.1715
2026-01-20 18:45:00+00:00,0.16052
2026-01-20 19:00:00+00:00,0.18237
2026-01-20 19:15:00+00:00,0.15899
2026-01-20 19:30:00+00:00,0.14499
2026-01-20 19:45:00+00:00,0.13405
2026-01-20 20:00:00+00:00,0.16373
2026-01-20 20:15:00+00:00,0.15244
2026-01-20 20:30:00+00:00,0.13243
2026-01-20 20:45:00+00:00,0.11096
2026-01-20 21:00:00+00:00,0.13199
2026-01-20 21:15:00+00:00,0.12164
2026-01-20 21:30:00+00:00,0.11009
2026-01-20 21:45:00+00:00,0.10505
2026-01-20 22:00:00+00:00,0.11614
2026-01-20 22:15:00+00:00,0.10965
2026-01-20 22:30:00+00:00,0.10742
2026-01-20 22:45:00+00:00,0.09814
2026-01-20 23:00:00+00:00,0.09993
2026-01-20 23:15:00+00:00,0.09975
2026-01-20 23:30:00+00:00,0.10213
2026-01-20 23:45:00+00:00,0.10415
2026-01-21 00:00:00+00:00,0.10456
2026-01-21 00:15:00+00:00,0.10245
2026-01-21 00:30:00+00:00,0.10102
2026-01-21 00:45:00+00:00,0.09884
2026-01-21 01:00:00+00:00,0.09866
2026-01-21 01:15:00+00:00,0.09912
2026-01-21 01:30:00+00:00,0.09856
2026-01-21 01:45:00+00:00,0.09869
2026-01-21 02:00:00+00:00,0.10442
2026-01-21 02:15:00+00:00,0.10099
2026-01-21 02:30:00+00:00,0.10001
2026-01-21 02:45:00+00:00,0.09822
2026-01-21 03:00:00+00:00,0.10048
2026-01-21 03:15:00+00:00,0.09802
2026-01-21 03:30:00+00:00,0.09802
2026-01-21 03:45:00+00:00,0.09886
2026-01-21 04:00:00+00:00,0.09654
2026-01-21 04:15:00+00:00,0.09756
2026-01-21 04:30:00+00:00,0.10107
2026-01-21 04:45:00+00:00,0.0996
2026-01-21 05:00:00+00:00,0.10576
2026-01-21 05:15:00+00:00,0.1072
2026-01-21 05:30:00+00:00,0.11095
2026-01-21 05:45:00+00:00,0.10758
2026-01-21 06:00:00+00:00,0.14466
2026-01-21 06:15:00+00:00,0.14994
2026-01-21 06:30:00+00:00,0.16612
2026-01-21 06:45:00+00:00,0.17928
2026-01-21 07:00:00+00:00,0.18577
2026-01-21 07:15:00+00:00,0.19949
2026-01-21 07:30:00+00:00,0.17076
2026-01-21 07:45:00+00:00,0.14957
2026-01-21 08:00:00+00:00,0.16178
2026-01-21 08:15:00+00:00,0.1492
2026-01-21 08:30:00+00:00,0.13769
2026-01-21 08:45:00+00:00,0.1229
2026-01-21 09:00:00+00:00,0.14619
2026-01-21 09:15:00+00:00,0.12044
2026-01-21 09:30:00+00:00,0.10627
2026-01-21 09:45:00+00:00,0.1003
2026-01-21 10:00:00+00:00,0.10312
2026-01-21 10:15:00+00:00,0.10154
2026-01-21 10:30:00+00:00,0.09976
2026-01-21 10:45:00+00:00,0.09955
2026-01-21 11:00:00+00:00,0.09889
2026-01-21 11:15:00+00:00,0.0989
2026-01-21 11:30:00+00:00,0.09741
2026-01-21 11:45:00+00:00,0.10132
2026-01-21 12:00:00+00:00,0.10182
2026-01-21 12:15:00+00:00,0.10237
2026-01-21 12:30:00+00:00,0.10246
2026-01-21 12:45:00+00:00,0.10725
2026-01-21 13:00:00+00:00,0.10505
2026-01-21 13:15:00+00:00,0.10537
2026-01-21 13:30:00+00:00,0.10693
2026-01-21 13:45:00+00:00,0.11714
2026-01-21 14:00:00+00:00,0.10687
2026-01-21 14:15:00+00:00,0.12293
2026-01-21 14:30:00+00:00,0.13174
2026-01-21 14:45:00+00:00,0.14617
2026-01-21 15:00:00+00:00,0.14501
2026-01-21 15:15:00+00:00,0.14613
2026-01-21 15:30:00+00:00,0.141
2026-01-21 15:45:00+00:00,0.148
2026-01-21 16:00:00+00:00,0.13599
2026-01-21 16:15:00+00:00,0.1429
2026-01-21 16:30:00+00:00,0.14161
2026-01-21 16:45:00+00:00,0.13594
2026-01-21 17:00:00+00:00,0.14497
2026-01-21 17:15:00+00:00,0.14259
2026-01-21 17:30:00+00:00,0.13906
2026-01-21 17:45:00+00:00,0.12901
2026-01-21 18:00:00+00:00,0.1329
2026-01-21 18:15:00+00:00,0.14133
2026-01-21 18:30:00+00:00,0.12901
2026-01-21 18:45:00+00:00,0.10808
2026-01-21 19:00:00+00:00,0.11405
2026-01-21 19:15:00+00:00,0.10322
2026-01-21 19:30:00+00:00,0.10417
2026-01-21 19:45:00+00:00,0.10035
2026-01-21 20:00:00+00:00,0.10881
2026-01-21 20:15:00+00:00,0.10246
2026-01-21 20:30:00+00:00,0.10196
2026-01-21 20:45:00+00:00,0.09653
2026-01-21 21:00:00+00:00,0.113
2026-01-21 21:15:00+00:00,0.10629
2026-01-21 21:30:00+00:00,0.10085
2026-01-21 21:45:00+00:00,0.0989
2026-01-21 22:00:00+00:00,0.1065
2026-01-21 22:15:00+00:00,0.09889
2026-01-21 22:30:00+00:00,0.0965
2026-01-21 22:45:00+00:00,0.09561
2026-01-21 23:00:00+00:00,0.09239
2026-01-21 23:15:00+00:00,0.09475
2026-01-21 23:30:00+00:00,0.09405
2026-01-21 23:45:00+00:00,0.09
2026-01-22 00:00:00+00:00,0.09312
2026-01-22 00:15:00+00:00,0.0924
2026-01-22 00:30:00+00:00,0.09239
2026-01-22 00:45:00+00:00,0.0922
2026-01-22 01:00:00+00:00,0.09009
2026-01-22 01:15:00+00:00,0.09139
2026-01-22 01:30:00+00:00,0.09192
2026-01-22 01:45:00+00:00,0.0924
2026-01-22 02:00:00+00:00,0.09228
2026-01-22 02:15:00+00:00,0.0913
2026-01-22 02:30:00+00:00,0.09172
2026-01-22 02:45:00+00:00,0.09198
2026-01-22 03:00:00+00:00,0.09252
2026-01-22 03:15:00+00:00,0.09228
2026-01-22 03:30:00+00:00,0.09266
2026-01-22 03:45:00+00:00,0.09394
2026-01-22 04:00:00+00:00,0.0917
2026-01-22 04:15:00+00:00,0.09077
2026-01-22 04:30:00+00:00,0.0915
2026-01-22 04:45:00+00:00,0.09878
2026-01-22 05:00:00+00:00,0.09
2026-01-22 05:15:00+00:00,0.09316
2026-01-22 05:30:00+00:00,0.10365
2026-01-22 05:45:00+00:00,0.1159
2026-01-22 06:00:00+00:00,0.11607
2026-01-22 06:15:00+00:00,0.12225
2026-01-22 06:30:00+00:00,0.13077
2026-01-22 06:45:00+00:00,0.13299
2026-01-22 07:00:00+00:00,0.14188
2026-01-22 07:15:00+00:00,0.148
2026-01-22 07:30:00+00:00,0.13291
2026-01-22 07:45:00+00:00,0.1257
2026-01-22 08:00:00+00:00,0.12761
2026-01-22 08:15:00+00:00,0.11654
2026-01-22 08:30:00+00:00,0.11203
2026-01-22 08:45:00+00:00,0.10149
2026-01-22 09:00:00+00:00,0.10258
2026-01-22 09:15:00+00:00,0.09351
2026-01-22 09:30:00+00:00,0.09448
2026-01-22 09:45:00+00:00,0.09046
2026-01-22 10:00:00+00:00,0.0916
2026-01-22 10:15:00+00:00,0.08892
2026-01-22 10:30:00+00:00,0.08859
2026-01-22 10:45:00+00:00,0.08719
2026-01-22 11:00:00+00:00,0.08712
2026-01-22 11:15:00+00:00,0.08332
2026-01-22 11:30:00+00:00,0.08291
2026-01-22 11:45:00+00:00,0.08208
2026-01-22 12:00:00+00:00,0.08609
2026-01-22 12:15:00+00:00,0.08805
2026-01-22 12:30:00+00:00,0.08892
2026-01-22 12:45:00+00:00,0.0892
2026-01-22 13:00:00+00:00,0.0899
2026-01-22 13:15:00+00:00,0.09576
2026-01-22 13:30:00+00:00,0.09398
2026-01-22 13:45:00+00:00,0.1
2026-01-22 14:00:00+00:00,0.09619
2026-01-22 14:15:00+00:00,0.10405
2026-01-22 14:30:00+00:00,0.11287
2026-01-22 14:45:00+00:00,0.11801
2026-01-22 15:00:00+00:00,0.11411
2026-01-22 15:15:00+00:00,0.12892
2026-01-22 15:30:00+00:00,0.14595
2026-01-22 15:45:00+00:00,0.13461
2026-01-22 16:00:00+00:00,0.12975
2026-01-22 16:15:00+00:00,0.13645
2026-01-22 16:30:00+00:00,0.1413
2026-01-22 16:45:00+00:00,0.13796
2026-01-22 17:00:00+00:00,0.13129
2026-01-22 17:15:00+00:00,0.12997
2026-01-22 17:30:00+00:00,0.12797
2026-01-22 17:45:00+00:00,0.12944
2026-01-22 18:00:00+00:00,0.1295
2026-01-22 18:15:00+00:00,0.12079
2026-01-22 18:30:00+00:00,0.12315
2026-01-22 18:45:00+00:00,0.11283
2026-01-22 19:00:00+00:00,0.11606
2026-01-22 19:15:00+00:00,0.10843
2026-01-22 19:30:00+00:00,0.10677
2026-01-22 19:45:00+00:00,0.10614
2026-01-22 20:00:00+00:00,0.12017
2026-01-22 20:15:00+00:00,0.10716
2026-01-22 20:30:00+00:00,0.10205
2026-01-22 20:45:00+00:00,0.0984
2026-01-22 21:00:00+00:00,0.10327
2026-01-22 21:15:00+00:00,0.10241
2026-01-22 21:30:00+00:00,0.10898
2026-01-22 21:45:00+00:00,0.09863
2026-01-22 22:00:00+00:00,0.10276
2026-01-22 22:15:00+00:00,0.09697
2026-01-22 22:30:00+00:00,0.09904
2026-01-22 22:45:00+00:00,0.09046
2026-01-22 23:00:00+00:00,0.09935
2026-01-22 23:15:00+00:00,0.09769
2026-01-22 23:30:00+00:00,0.097
2026-01-22 23:45:00+00:00,0.09751
2026-01-23 00:00:00+00:00,0.09978
2026-01-23 00:15:00+00:00,0.09662
2026-01-23 00:30:00+00:00,0.09704
2026-01-23 00:45:00+00:00,0.09554
2026-01-23 01:00:00+00:00,0.09941
2026-01-23 01:15:00+00:00,0.09492
2026-01-23 01:30:00+00:00,0.09503
2026-01-23 01:45:00+00:00,0.09443
2026-01-23 02:00:00+00:00,0.09535
2026-01-23 02:15:00+00:00,0.0953
2026-01-23 02:30:00+00:00,0.09478
2026-01-23 02:45:00+00:00,0.09458
2026-01-23 03:00:00+00:00,0.09552
2026-01-23 03:15:00+00:00,0.0951
2026-01-23 03:30:00+00:00,0.09583
2026-01-23 03:45:00+00:00,0.09604
2026-01-23 04:00:00+00:00,0.09613
2026-01-23 04:15:00+00:00,0.09721
2026-01-23 04:30:00+00:00,0.09755
2026-01-23 04:45:00+00:00,0.0971
2026-01-23 05:00:00+00:00,0.09766
2026-01-23 05:15:00+00:00,0.10427
2026-01-23 05:30:00+00:00,0.11429
2026-01-23 05:45:00+00:00,0.11657
2026-01-23 06:00:00+00:00,0.11658
2026-01-23 06:15:00+00:00,0.13698
2026-01-23 06:30:00+00:00,0.13531
2026-01-23 06:45:00+00:00,0.14313
2026-01-23 07:00:00+00:00,0.15459
2026-01-23 07:15:00+00:00,0.1604
2026-01-23 07:30:00+00:00,0.15376
2026-01-23 07:45:00+00:00,0.143
2026-01-23 08:00:00+00:00,0.16267
2026-01-23 08:15:00+00:00,0.14984
2026-01-23 08:30:00+00:00,0.14049
2026-01-23 08:45:00+00:00,0.11695
2026-01-23 09:00:00+00:00,0.13271
2026-01-23 09:15:00+00:00,0.11655
2026-01-23 09:30:00+00:00,0.11013
2026-01-23 09:45:00+00:00,0.10212
2026-01-23 10:00:00+00:00,0.10321
2026-01-23 10:15:00+00:00,0.10002
2026-01-23 10:30:00+00:00,0.09941
2026-01-23 10:45:00+00:00,0.09787
2026-01-23 11:00:00+00:00,0.09683
2026-01-23 11:15:00+00:00,0.09578
2026-01-23 11:30:00+00:00,0.09628
2026-01-23 11:45:00+00:00,0.09596
2026-01-23 12:00:00+00:00,0.09592
2026-01-23 12:15:00+00:00,0.09565
2026-01-23 12:30:00+00:00,0.09555
2026-01-23 12:45:00+00:00,0.09592
2026-01-23 13:00:00+00:00,0.09595
2026-01-23 13:15:00+00:00,0.09653
2026-01-23 13:30:00+00:00,0.0967
2026-01-23 13:45:00+00:00,0.09914
2026-01-23 14:00:00+00:00,0.09787
2026-01-23 14:15:00+00:00,0.10196
2026-01-23 14:30:00+00:00,0.11246
2026-01-23 14:45:00+00:00,0.12278
2026-01-23 15:00:00+00:00,0.11125
2026-01-23 15:15:00+00:00,0.12294
2026-01-23 15:30:00+00:00,0.12814
2026-01-23 15:45:00+00:00,0.13386
2026-01-23 16:00:00+00:00,0.13217
2026-01-23 16:15:00+00:00,0.13822
2026-01-23 16:30:00+00:00,0.13753
2026-01-23 16:45:00+00:00,0.13642
2026-01-23 17:00:00+00:00,0.132
2026-01-23 17:15:00+00:00,0.12717
2026-01-23 17:30:00+00:00,0.12478
2026-01-23 17:45:00+00:00,0.12998
2026-01-23 18:00:00+00:00,0.12538
2026-01-23 18:15:00+00:00,0.11777
2026-01-23 18:30:00+00:00,0.11416
2026-01-23 18:45:00+00:00,0.1099
2026-01-23 19:00:00+00:00,0.11304
2026-01-23 19:15:00+00:00,0.1079
2026-01-23 19:30:00+00:00,0.10526
2026-01-23 19:45:00+00:00,0.10269
2026-01-23 20:00:00+00:00,0.10873
2026-01-23 20:15:00+00:00,0.10579
2026-01-23 20:30:00+00:00,0.10225
2026-01-23 20:45:00+00:00,0.09907
2026-01-23 21:00:00+00:00,0.10579
2026-01-23 21:15:00+00:00,0.10219
2026-01-23 21:30:00+00:00,0.10689
2026-01-23 21:45:00+00:00,0.10429
2026-01-23 22:00:00+00:00,0.09913
2026-01-23 22:15:00+00:00,0.09623
2026-01-23 22:30:00+00:00,0.09732
2026-01-23 22:45:00+00:00,0.0953
2026-01-23 23:00:00+00:00,0.10419
2026-01-23 23:15:00+00:00,0.10141
2026-01-23 23:30:00+00:00,0.0989
2026-01-23 23:45:00+00:00,0.0947
2026-01-24 00:00:00+00:00,0.10308
2026-01-24 00:15:00+00:00,0.09864
2026-01-24 00:30:00+00:00,0.0975
2026-01-24 00:45:00+00:00,0.09692
2026-01-24 01:00:00+00:00,0.09764
2026-01-24 01:15:00+00:00,0.0983
2026-01-24 01:30:00+00:00,0.09887
2026-01-24 01:45:00+00:00,0.09845
2026-01-24 02:00:00+00:00,0.09736
2026-01-24 02:15:00+00:00,0.09816
2026-01-24 02:30:00+00:00,0.09779
2026-01-24 02:45:00+00:00,0.09799
2026-01-24 03:00:00+00:00,0.09834
2026-01-24 03:15:00+00:00,0.09686
2026-01-24 03:30:00+00:00,0.09749
2026-01-24 03:45:00+00:00,0.0975
2026-01-24 04:00:00+00:00,0.09786
2026-01-24 04:15:00+00:00,0.09936
2026-01-24 04:30:00+00:00,0.09851
2026-01-24 04:45:00+00:00,0.09991
2026-01-24 05:00:00+00:00,0.0975
2026-01-24 05:15:00+00:00,0.10093
2026-01-24 05:30:00+00:00,0.10109
2026-01-24 05:45:00+00:00,0.10207
2026-01-24 06:00:00+00:00,0.10267
2026-01-24 06:15:00+00:00,0.10319
2026-01-24 06:30:00+00:00,0.10442
2026-01-24 06:45:00+00:00,0.10596
2026-01-24 07:00:00+00:00,0.10924
2026-01-24 07:15:00+00:00,0.1097
2026-01-24 07:30:00+00:00,0.11215
2026-01-24 07:45:00+00:00,0.1129
2026-01-24 08:00:00+00:00,0.1249
2026-01-24 08:15:00+00:00,0.12623
2026-01-24 08:30:00+00:00,0.12117
2026-01-24 08:45:00+00:00,0.12007
2026-01-24 09:00:00+00:00,0.1353
2026-01-24 09:15:00+00:00,0.12006
2026-01-24 09:30:00+00:00,0.11522
2026-01-24 09:45:00+00:00,0.10638
2026-01-24 10:00:00+00:00,0.11477
2026-01-24 10:15:00+00:00,0.11046
2026-01-24 10:30:00+00:00,0.1097
2026-01-24 10:45:00+00:00,0.10626
2026-01-24 11:00:00+00:00,0.10821
2026-01-24 11:15:00+00:00,0.10675
2026-01-24 11:30:00+00:00,0.1063
2026-01-24 11:45:00+00:00,0.10361
2026-01-24 12:00:00+00:00,0.103
2026-01-24 12:15:00+00:00,0.1016
2026-01-24 12:30:00+00:00,0.10159
2026-01-24 12:45:00+00:00,0.1013
2026-01-24 13:00:00+00:00,0.1023
2026-01-24 13:15:00+00:00,0.10325
2026-01-24 13:30:00+00:00,0.10554
2026-01-24 13:45:00+00:00,0.10939
2026-01-24 14:00:00+00:00,0.10422
2026-01-24 14:15:00+00:00,0.11202
2026-01-24 14:30:00+00:00,0.12555
2026-01-24 14:45:00+00:00,0.13112
2026-01-24 15:00:00+00:00,0.11839
2026-01-24 15:15:00+00:00,0.12695
2026-01-24 15:30:00+00:00,0.14147
2026-01-24 15:45:00+00:00,0.14081
2026-01-24 16:00:00+00:00,0.14121
2026-01-24 16:15:00+00:00,0.1479
2026-01-24 16:30:00+00:00,0.14895
2026-01-24 16:45:00+00:00,0.14883
2026-01-24 17:00:00+00:00,0.14617
2026-01-24 17:15:00+00:00,0.14625
2026-01-24 17:30:00+00:00,0.14059
2026-01-24 17:45:00+00:00,0.13398
2026-01-24 18:00:00+00:00,0.13918
2026-01-24 18:15:00+00:00,0.13499
2026-01-24 18:30:00+00:00,0.13013
2026-01-24 18:45:00+00:00,0.12343
2026-01-24 19:00:00+00:00,0.12956
2026-01-24 19:15:00+00:00,0.12223
2026-01-24 19:30:00+00:00,0.11334
2026-01-24 19:45:00+00:00,0.10956
2026-01-24 20:00:00+00:00,0.11276
2026-01-24 20:15:00+00:00,0.11215
2026-01-24 20:30:00+00:00,0.10992
2026-01-24 20:45:00+00:00,0.10732
2026-01-24 21:00:00+00:00,0.11179
2026-01-24 21:15:00+00:00,0.1083
2026-01-24 21:30:00+00:00,0.11212
2026-01-24 21:45:00+00:00,0.10903
2026-01-24 22:00:00+00:00,0.10798
2026-01-24 22:15:00+00:00,0.10422
2026-01-24 22:30:00+00:00,0.10347
2026-01-24 22:45:00+00:00,0.10093
2026-01-24 23:00:00+00:00,0.1015
2026-01-24 23:15:00+00:00,0.10231
2026-01-24 23:30:00+00:00,0.10159
2026-01-24 23:45:00+00:00,0.10037
2026-01-25 00:00:00+00:00,0.10221
2026-01-25 00:15:00+00:00,0.10159
2026-01-25 00:30:00+00:00,0.10207
2026-01-25 00:45:00+00:00,0.10116
2026-01-25 01:00:00+00:00,0.10203
2026-01-25 01:15:00+00:00,0.10097
2026-01-25 01:30:00+00:00,0.10094
2026-01-25 01:45:00+00:00,0.10132
2026-01-25 02:00:00+00:00,0.10202
2026-01-25 02:15:00+00:00,0.1016
2026-01-25 02:30:00+00:00,0.10271
2026-01-25 02:45:00+00:00,0.10075
2026-01-25 03:00:00+00:00,0.10119
2026-01-25 03:15:00+00:00,0.10069
2026-01-25 03:30:00+00:00,0.10088
2026-01-25 03:45:00+00:00,0.10069
2026-01-25 04:00:00+00:00,0.09899
2026-01-25 04:15:00+00:00,0.10159
2026-01-25 04:30:00+00:00,0.10084
2026-01-25 04:45:00+00:00,0.10063
2026-01-25 05:00:00+00:00,0.09929
2026-01-25 05:15:00+00:00,0.10009
2026-01-25 05:30:00+00:00,0.1003
2026-01-25 05:45:00+00:00,0.10018
2026-01-25 06:00:00+00:00,0.10005
2026-01-25 06:15:00+00:00,0.10101
2026-01-25 06:30:00+00:00,0.10343
2026-01-25 06:45:00+00:00,0.10375
2026-01-25 07:00:00+00:00,0.10159
2026-01-25 07:15:00+00:00,0.10319
2026-01-25 07:30:00+00:00,0.10498
2026-01-25 07:45:00+00:00,0.10527
2026-01-25 08:00:00+00:00,0.10907
2026-01-25 08:15:00+00:00,0.10893
2026-01-25 08:30:00+00:00,0.10975
2026-01-25 08:45:00+00:00,0.1078
2026-01-25 09:00:00+00:00,0.11277
2026-01-25 09:15:00+00:00,0.11477
2026-01-25 09:30:00+00:00,0.1123
2026-01-25 09:45:00+00:00,0.11293
2026-01-25 10:00:00+00:00,0.11741
2026-01-25 10:15:00+00:00,0.11657
2026-01-25 10:30:00+00:00,0.11659
2026-01-25 10:45:00+00:00,0.1135
2026-01-25 11:00:00+00:00,0.12374
2026-01-25 11:15:00+00:00,0.11986
2026-01-25 11:30:00+00:00,0.12009
2026-01-25 11:45:00+00:00,0.11643
2026-01-25 12:00:00+00:00,0.11987
2026-01-25 12:15:00+00:00,0.1168
2026-01-25 12:30:00+00:00,0.11465
2026-01-25 12:45:00+00:00,0.11311
2026-01-25 13:00:00+00:00,0.1129
2026-01-25 13:15:00+00:00,0.1129
2026-01-25 13:30:00+00:00,0.11442
2026-01-25 13:45:00+00:00,0.11704
2026-01-25 14:00:00+00:00,0.1076
2026-01-25 14:15:00+00:00,0.1093
2026-01-25 14:30:00+00:00,0.11327
2026-01-25 14:45:00+00:00,0.11684
2026-01-25 15:00:00+00:00,0.10779
2026-01-25 15:15:00+00:00,0.11173
2026-01-25 15:30:00+00:00,0.12038
2026-01-25 15:45:00+00:00,0.1277
2026-01-25 16:00:00+00:00,0.12399
2026-01-25 16:15:00+00:00,0.13291
2026-01-25 16:30:00+00:00,0.13337
2026-01-25 16:45:00+00:00,0.13458
2026-01-25 17:00:00+00:00,0.13883
2026-01-25 17:15:00+00:00,0.13933
2026-01-25 17:30:00+00:00,0.13797
2026-01-25 17:45:00+00:00,0.13337
2026-01-25 18:00:00+00:00,0.13674
2026-01-25 18:15:00+00:00,0.13313
2026-01-25 18:30:00+00:00,0.13077
2026-01-25 18:45:00+00:00,0.12966
2026-01-25 19:00:00+00:00,0.13265
2026-01-25 19:15:00+00:00,0.12926
2026-01-25 19:30:00+00:00,0.12089
2026-01-25 19:45:00+00:00,0.11327
2026-01-25 20:00:00+00:00,0.12037
2026-01-25 20:15:00+00:00,0.11653
2026-01-25 20:30:00+00:00,0.11185
2026-01-25 20:45:00+00:00,0.10734
2026-01-25 21:00:00+00:00,0.11905
2026-01-25 21:15:00+00:00,0.11279
2026-01-25 21:30:00+00:00,0.10947
2026-01-25 21:45:00+00:00,0.10646
2026-01-25 22:00:00+00:00,0.1083
2026-01-25 22:15:00+00:00,0.10476
2026-01-25 22:30:00+00:00,0.10274
2026-01-25 22:45:00+00:00,0.10216
2026-01-25 23:00:00+00:00,0.10976
2026-01-25 23:15:00+00:00,0.10542
2026-01-25 23:30:00+00:00,0.10111
2026-01-25 23:45:00+00:00,0.09941
2026-01-26 00:00:00+00:00,0.10249
2026-01-26 00:15:00+00:00,0.10124
2026-01-26 00:30:00+00:00,0.10085
2026-01-26 00:45:00+00:00,0.09987
2026-01-26 01:00:00+00:00,0.1008
2026-01-26 01:15:00+00:00,0.0994
2026-01-26 01:30:00+00:00,0.09692
2026-01-26 01:45:00+00:00,0.09779
2026-01-26 02:00:00+00:00,0.09544
2026-01-26 02:15:00+00:00,0.09638
2026-01-26 02:30:00+00:00,0.09555
2026-01-26 02:45:00+00:00,0.09604
2026-01-26 03:00:00+00:00,0.09469
2026-01-26 03:15:00+00:00,0.09485
2026-01-26 03:30:00+00:00,0.09529
2026-01-26 03:45:00+00:00,0.0953
2026-01-26 04:00:00+00:00,0.09364
2026-01-26 04:15:00+00:00,0.0942
2026-01-26 04:30:00+00:00,0.09948
2026-01-26 04:45:00+00:00,0.10145
2026-01-26 05:00:00+00:00,0.10355
2026-01-26 05:15:00+00:00,0.11003
2026-01-26 05:30:00+00:00,0.11357
2026-01-26 05:45:00+00:00,0.12996
2026-01-26 06:00:00+00:00,0.13183
2026-01-26 06:15:00+00:00,0.14583
2026-01-26 06:30:00+00:00,0.15919
2026-01-26 06:45:00+00:00,0.17594
2026-01-26 07:00:00+00:00,0.16386
2026-01-26 07:15:00+00:00,0.17732
2026-01-26 07:30:00+00:00,0.18451
2026-01-26 07:45:00+00:00,0.17484
2026-01-26 08:00:00+00:00,0.1915
2026-01-26 08:15:00+00:00,0.1845
2026-01-26 08:30:00+00:00,0.1729
2026-01-26 08:45:00+00:00,0.16297
2026-01-26 09:00:00+00:00,0.18682
2026-01-26 09:15:00+00:00,0.18464
2026-01-26 09:30:00+00:00,0.17718
2026-01-26 09:45:00+00:00,0.16341
2026-01-26 10:00:00+00:00,0.17778
2026-01-26 10:15:00+00:00,0.17199
2026-01-26 10:30:00+00:00,0.1679
2026-01-26 10:45:00+00:00,0.1637
2026-01-26 11:00:00+00:00,0.16865
2026-01-26 11:15:00+00:00,0.15857
2026-01-26 11:30:00+00:00,0.151
2026-01-26 11:45:00+00:00,0.1459
2026-01-26 12:00:00+00:00,0.15813
2026-01-26 12:15:00+00:00,0.15089
2026-01-26 12:30:00+00:00,0.14757
2026-01-26 12:45:00+00:00,0.14099
2026-01-26 13:00:00+00:00,0.14183
2026-01-26 13:15:00+00:00,0.14999
2026-01-26 13:30:00+00:00,0.1476
2026-01-26 13:45:00+00:00,0.1517
2026-01-26 14:00:00+00:00,0.15267
2026-01-26 14:15:00+00:00,0.15194
2026-01-26 14:30:00+00:00,0.1637
2026-01-26 14:45:00+00:00,0.17157
2026-01-26 15:00:00+00:00,0.15197
2026-01-26 15:15:00+00:00,0.153
2026-01-26 15:30:00+00:00,0.17
2026-01-26 15:45:00+00:00,0.19035
2026-01-26 16:00:00+00:00,0.15212
2026-01-26 16:15:00+00:00,0.1705
2026-01-26 16:30:00+00:00,0.19214
2026-01-26 16:45:00+00:00,0.20003
2026-01-26 17:00:00+00:00,0.18736
2026-01-26 17:15:00+00:00,0.17596
2026-01-26 17:30:00+00:00,0.17859
2026-01-26 17:45:00+00:00,0.17018
2026-01-26 18:00:00+00:00,0.18277
2026-01-26 18:15:00+00:00,0.17957
2026-01-26 18:30:00+00:00,0.16459
2026-01-26 18:45:00+00:00,0.15296
2026-01-26 19:00:00+00:00,0.16785
2026-01-26 19:15:00+00:00,0.15327
2026-01-26 19:30:00+00:00,0.15102
2026-01-26 19:45:00+00:00,0.14452
2026-01-26 20:00:00+00:00,0.14995
2026-01-26 20:15:00+00:00,0.14105
2026-01-26 20:30:00+00:00,0.14099
2026-01-26 20:45:00+00:00,0.11646
2026-01-26 21:00:00+00:00,0.13828
2026-01-26 21:15:00+00:00,0.12403
2026-01-26 21:30:00+00:00,0.11375
2026-01-26 21:45:00+00:00,0.10994
2026-01-26 22:00:00+00:00,0.11832
2026-01-26 22:15:00+00:00,0.11587
2026-01-26 22:30:00+00:00,0.10772
2026-01-26 22:45:00+00:00,0.10483
2026-01-26 23:00:00+00:00,0.12339
2026-01-26 23:15:00+00:00,0.11909
2026-01-26 23:30:00+00:00,0.11752
2026-01-26 23:45:00+00:00,0.11507
2026-01-27 00:00:00+00:00,0.1168
2026-01-27 00:15:00+00:00,0.11488
2026-01-27 00:30:00+00:00,0.11313
2026-01-27 00:45:00+00:00,0.11
2026-01-27 01:00:00+00:00,0.11307
2026-01-27 01:15:00+00:00,0.11225
2026-01-27 01:30:00+00:00,0.11196
2026-01-27 01:45:00+00:00,0.11135
2026-01-27 02:00:00+00:00,0.11309
2026-01-27 02:15:00+00:00,0.11098
2026-01-27 02:30:00+00:00,0.11095
2026-01-27 02:45:00+00:00,0.11093
2026-01-27 03:00:00+00:00,0.1105
2026-01-27 03:15:00+00:00,0.11059
2026-01-27 03:30:00+00:00,0.11004
2026-01-27 03:45:00+00:00,0.11105
2026-01-27 04:00:00+00:00,0.107
2026-01-27 04:15:00+00:00,0.10998
2026-01-27 04:30:00+00:00,0.1128
2026-01-27 04:45:00+00:00,0.11682
2026-01-27 05:00:00+00:00,0.11392
2026-01-27 05:15:00+00:00,0.12268
2026-01-27 05:30:00+00:00,0.14017
2026-01-27 05:45:00+00:00,0.15767
2026-01-27 06:00:00+00:00,0.13303
2026-01-27 06:15:00+00:00,0.15298
2026-01-27 06:30:00+00:00,0.167
2026-01-27 06:45:00+00:00,0.18649
2026-01-27 07:00:00+00:00,0.1864
2026-01-27 07:15:00+00:00,0.18595
2026-01-27 07:30:00+00:00,0.1707
2026-01-27 07:45:00+00:00,0.16349
2026-01-27 08:00:00+00:00,0.18869
2026-01-27 08:15:00+00:00,0.17311
2026-01-27 08:30:00+00:00,0.16999
2026-01-27 08:45:00+00:00,0.15299
2026-01-27 09:00:00+00:00,0.16994
2026-01-27 09:15:00+00:00,0.15264
2026-01-27 09:30:00+00:00,0.13816
2026-01-27 09:45:00+00:00,0.13309
2026-01-27 10:00:00+00:00,0.14189
2026-01-27 10:15:00+00:00,0.13524
2026-01-27 10:30:00+00:00,0.13301
2026-01-27 10:45:00+00:00,0.12302
2026-01-27 11:00:00+00:00,0.13125
2026-01-27 11:15:00+00:00,0.127
2026-01-27 11:30:00+00:00,0.11979
2026-01-27 11:45:00+00:00,0.11408
2026-01-27 12:00:00+00:00,0.11495
2026-01-27 12:15:00+00:00,0.11228
2026-01-27 12:30:00+00:00,0.11003
2026-01-27 12:45:00+00:00,0.11269
2026-01-27 13:00:00+00:00,0.12487
2026-01-27 13:15:00+00:00,0.12944
2026-01-27 13:30:00+00:00,0.13377
2026-01-27 13:45:00+00:00,0.13625
2026-01-27 14:00:00+00:00,0.13172
2026-01-27 14:15:00+00:00,0.12643
2026-01-27 14:30:00+00:00,0.12464
2026-01-27 14:45:00+00:00,0.127
2026-01-27 15:00:00+00:00,0.13698
2026-01-27 15:15:00+00:00,0.12701
2026-01-27 15:30:00+00:00,0.12903
2026-01-27 15:45:00+00:00,0.1389
2026-01-27 16:00:00+00:00,0.13749
2026-01-27 16:15:00+00:00,0.15807
2026-01-27 16:30:00+00:00,0.17001
2026-01-27 16:45:00+00:00,0.14491
2026-01-27 17:00:00+00:00,0.1336
2026-01-27 17:15:00+00:00,0.13577
2026-01-27 17:30:00+00:00,0.14364
2026-01-27 17:45:00+00:00,0.15155
2026-01-27 18:00:00+00:00,0.14981
2026-01-27 18:15:00+00:00,0.13837
2026-01-27 18:30:00+00:00,0.13634
2026-01-27 18:45:00+00:00,0.13101
2026-01-27 19:00:00+00:00,0.13438
2026-01-27 19:15:00+00:00,0.12324
2026-01-27 19:30:00+00:00,0.11588
2026-01-27 19:45:00+00:00,0.11285
2026-01-27 20:00:00+00:00,0.11799
2026-01-27 20:15:00+00:00,0.11936
2026-01-27 20:30:00+00:00,0.12301
2026-01-27 20:45:00+00:00,0.11711
2026-01-27 21:00:00+00:00,0.12279
2026-01-27 21:15:00+00:00,0.12
2026-01-27 21:30:00+00:00,0.12229
2026-01-27 21:45:00+00:00,0.11772
2026-01-27 22:00:00+00:00,0.11911
2026-01-27 22:15:00+00:00,0.11158
2026-01-27 22:30:00+00:00,0.11003
2026-01-27 22:45:00+00:00,0.10668
2026-01-27 23:00:00+00:00,0.11106
2026-01-27 23:15:00+00:00,0.10912
2026-01-27 23:30:00+00:00,0.10132
2026-01-27 23:45:00+00:00,0.1004
2026-01-28 00:00:00+00:00,0.10929
2026-01-28 00:15:00+00:00,0.10551
2026-01-28 00:30:00+00:00,0.10266
2026-01-28 00:45:00+00:00,0.1004
2026-01-28 01:00:00+00:00,0.10672
2026-01-28 01:15:00+00:00,0.1056
2026-01-28 01:30:00+00:00,0.10291
2026-01-28 01:45:00+00:00,0.10263
2026-01-28 02:00:00+00:00,0.10234
2026-01-28 02:15:00+00:00,0.10125
2026-01-28 02:30:00+00:00,0.10238
2026-01-28 02:45:00+00:00,0.10299
2026-01-28 03:00:00+00:00,0.10323
2026-01-28 03:15:00+00:00,0.10346
2026-01-28 03:30:00+00:00,0.10491
2026-01-28 03:45:00+00:00,0.10725
2026-01-28 04:00:00+00:00,0.10459
2026-01-28 04:15:00+00:00,0.10618
2026-01-28 04:30:00+00:00,0.10992
2026-01-28 04:45:00+00:00,0.10571
2026-01-28 05:00:00+00:00,0.10544
2026-01-28 05:15:00+00:00,0.10929
2026-01-28 05:30:00+00:00,0.11732
2026-01-28 05:45:00+00:00,0.12274
2026-01-28 06:00:00+00:00,0.13201
2026-01-28 06:15:00+00:00,0.14203
2026-01-28 06:30:00+00:00,0.1444
2026-01-28 06:45:00+00:00,0.15595
2026-01-28 07:00:00+00:00,0.15821
2026-01-28 07:15:00+00:00,0.16821
2026-01-28 07:30:00+00:00,0.17419
2026-01-28 07:45:00+00:00,0.1834
2026-01-28 08:00:00+00:00,0.18238
2026-01-28 08:15:00+00:00,0.17982
2026-01-28 08:30:00+00:00,0.16778
2026-01-28 08:45:00+00:00,0.1646
2026-01-28 09:00:00+00:00,0.18834
2026-01-28 09:15:00+00:00,0.17474
2026-01-28 09:30:00+00:00,0.16937
2026-01-28 09:45:00+00:00,0.15685
2026-01-28 10:00:00+00:00,0.17097
2026-01-28 10:15:00+00:00,0.16435
2026-01-28 10:30:00+00:00,0.1656
2026-01-28 10:45:00+00:00,0.16404
2026-01-28 11:00:00+00:00,0.16275
2026-01-28 11:15:00+00:00,0.15834
2026-01-28 11:30:00+00:00,0.15427
2026-01-28 11:45:00+00:00,0.15299
2026-01-28 12:00:00+00:00,0.15299
2026-01-28 12:15:00+00:00,0.15544
2026-01-28 12:30:00+00:00,0.1451
2026-01-28 12:45:00+00:00,0.13812
2026-01-28 13:00:00+00:00,0.1456
2026-01-28 13:15:00+00:00,0.14202
2026-01-28 13:30:00+00:00,0.14352
2026-01-28 13:45:00+00:00,0.149
2026-01-28 14:00:00+00:00,0.14324
2026-01-28 14:15:00+00:00,0.13633
2026-01-28 14:30:00+00:00,0.13961
2026-01-28 14:45:00+00:00,0.14537
2026-01-28 15:00:00+00:00,0.14046
2026-01-28 15:15:00+00:00,0.14315
2026-01-28 15:30:00+00:00,0.1481
2026-01-28 15:45:00+00:00,0.1568
2026-01-28 16:00:00+00:00,0.15001
2026-01-28 16:15:00+00:00,0.1684
2026-01-28 16:30:00+00:00,0.16849
2026-01-28 16:45:00+00:00,0.16999
2026-01-28 17:00:00+00:00,0.17356
2026-01-28 17:15:00+00:00,0.1715
2026-01-28 17:30:00+00:00,0.1684
2026-01-28 17:45:00+00:00,0.16824
2026-01-28 18:00:00+00:00,0.16973
2026-01-28 18:15:00+00:00,0.1668
2026-01-28 18:30:00+00:00,0.1612
2026-01-28 18:45:00+00:00,0.14717
2026-01-28 19:00:00+00:00,0.14515
2026-01-28 19:15:00+00:00,0.13714
2026-01-28 19:30:00+00:00,0.1339
2026-01-28 19:45:00+00:00,0.12087
2026-01-28 20:00:00+00:00,0.132
2026-01-28 20:15:00+00:00,0.12105
2026-01-28 20:30:00+00:00,0.11308
2026-01-28 20:45:00+00:00,0.10991
2026-01-28 21:00:00+00:00,0.12343
2026-01-28 21:15:00+00:00,0.11541
2026-01-28 21:30:00+00:00,0.11784
2026-01-28 21:45:00+00:00,0.11132
2026-01-28 22:00:00+00:00,0.11923
2026-01-28 22:15:00+00:00,0.11054
2026-01-28 22:30:00+00:00,0.11005
2026-01-28 22:45:00+00:00,0.10401
2026-01-28 23:00:00+00:00,0.10789
2026-01-28 23:15:00+00:00,0.10458
2026-01-28 23:30:00+00:00,0.10382
2026-01-28 23:45:00+00:00,0.10191
2026-01-29 00:00:00+00:00,0.1058
2026-01-29 00:15:00+00:00,0.10403
2026-01-29 00:30:00+00:00,0.10374
2026-01-29 00:45:00+00:00,0.10243
2026-01-29 01:00:00+00:00,0.10301
2026-01-29 01:15:00+00:00,0.1026
2026-01-29 01:30:00+00:00,0.10168
2026-01-29 01:45:00+00:00,0.10023
2026-01-29 02:00:00+00:00,0.10003
2026-01-29 02:15:00+00:00,0.1
2026-01-29 02:30:00+00:00,0.09998
2026-01-29 02:45:00+00:00,0.10008
2026-01-29 03:00:00+00:00,0.09948
2026-01-29 03:15:00+00:00,0.10029
2026-01-29 03:30:00+00:00,0.10053
2026-01-29 03:45:00+00:00,0.10343
2026-01-29 04:00:00+00:00,0.10136
2026-01-29 04:15:00+00:00,0.10282
2026-01-29 04:30:00+00:00,0.10752
2026-01-29 04:45:00+00:00,0.10685
2026-01-29 05:00:00+00:00,0.10385
2026-01-29 05:15:00+00:00,0.10874
2026-01-29 05:30:00+00:00,0.11835
2026-01-29 05:45:00+00:00,0.13354
2026-01-29 06:00:00+00:00,0.1269
2026-01-29 06:15:00+00:00,0.14584
2026-01-29 06:30:00+00:00,0.16136
2026-01-29 06:45:00+00:00,0.16428
2026-01-29 07:00:00+00:00,0.16358
2026-01-29 07:15:00+00:00,0.16562
2026-01-29 07:30:00+00:00,0.16725
2026-01-29 07:45:00+00:00,0.16628
2026-01-29 08:00:00+00:00,0.17307
2026-01-29 08:15:00+00:00,0.16621
2026-01-29 08:30:00+00:00,0.16833
2026-01-29 08:45:00+00:00,0.16453
2026-01-29 09:00:00+00:00,0.16834
2026-01-29 09:15:00+00:00,0.16372
2026-01-29 09:30:00+00:00,0.15804
2026-01-29 09:45:00+00:00,0.1526
2026-01-29 10:00:00+00:00,0.15949
2026-01-29 10:15:00+00:00,0.15432
2026-01-29 10:30:00+00:00,0.15117
2026-01-29 10:45:00+00:00,0.14619
2026-01-29 11:00:00+00:00,0.14759
2026-01-29 11:15:00+00:00,0.14391
2026-01-29 11:30:00+00:00,0.14157
2026-01-29 11:45:00+00:00,0.13907
2026-01-29 12:00:00+00:00,0.14888
2026-01-29 12:15:00+00:00,0.14124
2026-01-29 12:30:00+00:00,0.14029
2026-01-29 12:45:00+00:00,0.14085
2026-01-29 13:00:00+00:00,0.14077
2026-01-29 13:15:00+00:00,0.14138
2026-01-29 13:30:00+00:00,0.14386
2026-01-29 13:45:00+00:00,0.14596
2026-01-29 14:00:00+00:00,0.14331
2026-01-29 14:15:00+00:00,0.14535
2026-01-29 14:30:00+00:00,0.14825
2026-01-29 14:45:00+00:00,0.15354
2026-01-29 15:00:00+00:00,0.14547
2026-01-29 15:15:00+00:00,0.15121
2026-01-29 15:30:00+00:00,0.15307
2026-01-29 15:45:00+00:00,0.16266
2026-01-29 16:00:00+00:00,0.15566
2026-01-29 16:15:00+00:00,0.15921
2026-01-29 16:30:00+00:00,0.16182
2026-01-29 16:45:00+00:00,0.16122
2026-01-29 17:00:00+00:00,0.15894
2026-01-29 17:15:00+00:00,0.15774
2026-01-29 17:30:00+00:00,0.15581
2026-01-29 17:45:00+00:00,0.15647
2026-01-29 18:00:00+00:00,0.15224
2026-01-29 18:15:00+00:00,0.1547
2026-01-29 18:30:00+00:00,0.15299
2026-01-29 18:45:00+00:00,0.14022
2026-01-29 19:00:00+00:00,0.14457
2026-01-29 19:15:00+00:00,0.12966
2026-01-29 19:30:00+00:00,0.12003
2026-01-29 19:45:00+00:00,0.11197
2026-01-29 20:00:00+00:00,0.12198
2026-01-29 20:15:00+00:00,0.11519
2026-01-29 20:30:00+00:00,0.10965
2026-01-29 20:45:00+00:00,0.10746
2026-01-29 21:00:00+00:00,0.11321
2026-01-29 21:15:00+00:00,0.10951
2026-01-29 21:30:00+00:00,0.10906
2026-01-29 21:45:00+00:00,0.10548
2026-01-29 22:00:00+00:00,0.11093
2026-01-29 22:15:00+00:00,0.1014
2026-01-29 22:30:00+00:00,0.10312
2026-01-29 22:45:00+00:00,0.09646
2026-01-29 23:00:00+00:00,0.12508
2026-01-29 23:15:00+00:00,0.114
2026-01-29 23:30:00+00:00,0.10421
2026-01-29 23:45:00+00:00,0.10097
2026-01-30 00:00:00+00:00,0.10622
2026-01-30 00:15:00+00:00,0.10465
2026-01-30 00:30:00+00:00,0.10247
2026-01-30 00:45:00+00:00,0.09991
2026-01-30 01:00:00+00:00,0.10426
2026-01-30 01:15:00+00:00,0.10187
2026-01-30 01:30:00+00:00,0.09912
2026-01-30 01:45:00+00:00,0.09816
2026-01-30 02:00:00+00:00,0.09922
2026-01-30 02:15:00+00:00,0.0969
2026-01-30 02:30:00+00:00,0.09671
2026-01-30 02:45:00+00:00,0.09672
2026-01-30 03:00:00+00:00,0.09732
2026-01-30 03:15:00+00:00,0.09566
2026-01-30 03:30:00+00:00,0.09682
2026-01-30 03:45:00+00:00,0.0994
2026-01-30 04:00:00+00:00,0.0943
2026-01-30 04:15:00+00:00,0.0934
2026-01-30 04:30:00+00:00,0.09374
2026-01-30 04:45:00+00:00,0.10367
2026-01-30 05:00:00+00:00,0.09941
2026-01-30 05:15:00+00:00,0.10844
2026-01-30 05:30:00+00:00,0.11671
2026-01-30 05:45:00+00:00,0.11994
2026-01-30 06:00:00+00:00,0.11864
2026-01-30 06:15:00+00:00,0.13246
2026-01-30 06:30:00+00:00,0.13432
2026-01-30 06:45:00+00:00,0.14169
2026-01-30 07:00:00+00:00,0.14186
2026-01-30 07:15:00+00:00,0.15001
2026-01-30 07:30:00+00:00,0.14536
2026-01-30 07:45:00+00:00,0.13779
2026-01-30 08:00:00+00:00,0.15299
2026-01-30 08:15:00+00:00,0.14905
2026-01-30 08:30:00+00:00,0.14548
2026-01-30 08:45:00+00:00,0.14062
2026-01-30 09:00:00+00:00,0.14501
2026-01-30 09:15:00+00:00,0.13636
2026-01-30 09:30:00+00:00,0.127
2026-01-30 09:45:00+00:00,0.12215
2026-01-30 10:00:00+00:00,0.13407
2026-01-30 10:15:00+00:00,0.12528
2026-01-30 10:30:00+00:00,0.12613
2026-01-30 10:45:00+00:00,0.11892
2026-01-30 11:00:00+00:00,0.12701
2026-01-30 11:15:00+00:00,0.1178
2026-01-30 11:30:00+00:00,0.11532
2026-01-30 11:45:00+00:00,0.11269
2026-01-30 12:00:00+00:00,0.11411
2026-01-30 12:15:00+00:00,0.11101
2026-01-30 12:30:00+00:00,0.10824
2026-01-30 12:45:00+00:00,0.1082
2026-01-30 13:00:00+00:00,0.10994
2026-01-30 13:15:00+00:00,0.10938
2026-01-30 13:30:00+00:00,0.11107
2026-01-30 13:45:00+00:00,0.11088
2026-01-30 14:00:00+00:00,0.10803
2026-01-30 14:15:00+00:00,0.1093
2026-01-30 14:30:00+00:00,0.11123
2026-01-30 14:45:00+00:00,0.11622
2026-01-30 15:00:00+00:00,0.11035
2026-01-30 15:15:00+00:00,0.11316
2026-01-30 15:30:00+00:00,0.11721
2026-01-30 15:45:00+00:00,0.11903
2026-01-30 16:00:00+00:00,0.11864
2026-01-30 16:15:00+00:00,0.124
2026-01-30 16:30:00+00:00,0.1296
2026-01-30 16:45:00+00:00,0.127
2026-01-30 17:00:00+00:00,0.12943
2026-01-30 17:15:00+00:00,0.12256
2026-01-30 17:30:00+00:00,0.12356
2026-01-30 17:45:00+00:00,0.116
2026-01-30 18:00:00+00:00,0.1173
2026-01-30 18:15:00+00:00,0.11205
2026-01-30 18:30:00+00:00,0.1125
2026-01-30 18:45:00+00:00,0.1105
2026-01-30 19:00:00+00:00,0.11376
2026-01-30 19:15:00+00:00,0.10866
2026-01-30 19:30:00+00:00,0.10627
2026-01-30 19:45:00+00:00,0.1057
2026-01-30 20:00:00+00:00,0.10777
2026-01-30 20:15:00+00:00,0.10499
2026-01-30 20:30:00+00:00,0.09856
2026-01-30 20:45:00+00:00,0.09541
2026-01-30 21:00:00+00:00,0.10532
2026-01-30 21:15:00+00:00,0.10115
2026-01-30 21:30:00+00:00,0.10068
2026-01-30 21:45:00+00:00,0.09721
2026-01-30 22:00:00+00:00,0.09578
2026-01-30 22:15:00+00:00,0.09277
2026-01-30 22:30:00+00:00,0.09267
2026-01-30 22:45:00+00:00,0.08956
2026-01-30 23:00:00+00:00,0.10865
2026-01-30 23:15:00+00:00,0.09671
2026-01-30 23:30:00+00:00,0.09211
2026-01-30 23:45:00+00:00,0.09034
2026-01-31 00:00:00+00:00,0.09941
2026-01-31 00:15:00+00:00,0.09575
2026-01-31 00:30:00+00:00,0.09884
2026-01-31 00:45:00+00:00,0.09551
2026-01-31 01:00:00+00:00,0.09272
2026-01-31 01:15:00+00:00,0.08996
2026-01-31 01:30:00+00:00,0.09878
2026-01-31 01:45:00+00:00,0.09657
2026-01-31 02:00:00+00:00,0.09395
2026-01-31 02:15:00+00:00,0.09415
2026-01-31 02:30:00+00:00,0.09384
2026-01-31 02:45:00+00:00,0.09438
2026-01-31 03:00:00+00:00,0.09288
2026-01-31 03:15:00+00:00,0.09335
2026-01-31 03:30:00+00:00,0.09343
2026-01-31 03:45:00+00:00,0.09364
2026-01-31 04:00:00+00:00,0.09362
2026-01-31 04:15:00+00:00,0.09399
2026-01-31 04:30:00+00:00,0.09403
2026-01-31 04:45:00+00:00,0.09459
2026-01-31 05:00:00+00:00,0.09215
2026-01-31 05:15:00+00:00,0.0928
2026-01-31 05:30:00+00:00,0.09462
2026-01-31 05:45:00+00:00,0.09423
2026-01-31 06:00:00+00:00,0.09344
2026-01-31 06:15:00+00:00,0.09464
2026-01-31 06:30:00+00:00,0.09161
2026-01-31 06:45:00+00:00,0.09192
2026-01-31 07:00:00+00:00,0.10096
2026-01-31 07:15:00+00:00,0.10367
2026-01-31 07:30:00+00:00,0.10525
2026-01-31 07:45:00+00:00,0.10594
2026-01-31 08:00:00+00:00,0.10697
2026-01-31 08:15:00+00:00,0.10786
2026-01-31 08:30:00+00:00,0.11135
2026-01-31 08:45:00+00:00,0.11007
2026-01-31 09:00:00+00:00,0.11986
2026-01-31 09:15:00+00:00,0.11487
2026-01-31 09:30:00+00:00,0.11384
2026-01-31 09:45:00+00:00,0.10829
2026-01-31 10:00:00+00:00,0.11879
2026-01-31 10:15:00+00:00,0.11262
2026-01-31 10:30:00+00:00,0.11318
2026-01-31 10:45:00+00:00,0.10929
2026-01-31 11:00:00+00:00,0.11542
2026-01-31 11:15:00+00:00,0.10942
2026-01-31 11:30:00+00:00,0.11094
2026-01-31 11:45:00+00:00,0.10933
2026-01-31 12:00:00+00:00,0.10949
2026-01-31 12:15:00+00:00,0.10755
2026-01-31 12:30:00+00:00,0.10665
2026-01-31 12:45:00+00:00,0.10587
2026-01-31 13:00:00+00:00,0.10906
2026-01-31 13:15:00+00:00,0.10851
2026-01-31 13:30:00+00:00,0.11176
2026-01-31 13:45:00+00:00,0.11189
2026-01-31 14:00:00+00:00,0.10759
2026-01-31 14:15:00+00:00,0.11209
2026-01-31 14:30:00+00:00,0.11445
2026-01-31 14:45:00+00:00,0.11854
2026-01-31 15:00:00+00:00,0.10507
2026-01-31 15:15:00+00:00,0.11927
2026-01-31 15:30:00+00:00,0.12372
2026-01-31 15:45:00+00:00,0.12937
2026-01-31 16:00:00+00:00,0.1295
2026-01-31 16:15:00+00:00,0.13038
2026-01-31 16:30:00+00:00,0.13753
2026-01-31 16:45:00+00:00,0.14101
2026-01-31 17:00:00+00:00,0.13972
2026-01-31 17:15:00+00:00,0.14008
2026-01-31 17:30:00+00:00,0.13866
2026-01-31 17:45:00+00:00,0.13369
2026-01-31 18:00:00+00:00,0.14209
2026-01-31 18:15:00+00:00,0.13472
2026-01-31 18:30:00+00:00,0.13094
2026-01-31 18:45:00+00:00,0.12805
2026-01-31 19:00:00+00:00,0.13412
2026-01-31 19:15:00+00:00,0.12905
2026-01-31 19:30:00+00:00,0.12507
2026-01-31 19:45:00+00:00,0.11434
2026-01-31 20:00:00+00:00,0.12158
2026-01-31 20:15:00+00:00,0.11579
2026-01-31 20:30:00+00:00,0.11282
2026-01-31 20:45:00+00:00,0.10664
2026-01-31 21:00:00+00:00,0.12041
2026-01-31 21:15:00+00:00,0.11365
2026-01-31 21:30:00+00:00,0.1157
2026-01-31 21:45:00+00:00,0.10682
2026-01-31 22:00:00+00:00,0.1098
2026-01-31 22:15:00+00:00,0.10899
2026-01-31 22:30:00+00:00,0.10428
2026-01-31 22:45:00+00:00,0.10053
2026-01-31 23:00:00+00:00,0.1
2026-01-31 23:15:00+00:00,0.09514
2026-01-31 23:30:00+00:00,0.09501
2026-01-31 23:45:00+00:00,0.09421
2026-02-01 00:00:00+00:00,0.09463
2026-02-01 00:15:00+00:00,0.09432
2026-02-01 00:30:00+00:00,0.09415
2026-02-01 00:45:00+00:00,0.09293
2026-02-01 01:00:00+00:00,0.09836
2026-02-01 01:15:00+00:00,0.09869
2026-02-01 01:30:00+00:00,0.09909
2026-02-01 01:45:00+00:00,0.09747
2026-02-01 02:00:00+00:00,0.09339
2026-02-01 02:15:00+00:00,0.09677
2026-02-01 02:30:00+00:00,0.09533
2026-02-01 02:45:00+00:00,0.09874
2026-02-01 03:00:00+00:00,0.09885
2026-02-01 03:15:00+00:00,0.09869
2026-02-01 03:30:00+00:00,0.098
2026-02-01 03:45:00+00:00,0.09771
2026-02-01 04:00:00+00:00,0.09771
2026-02-01 04:15:00+00:00,0.09541
2026-02-01 04:30:00+00:00,0.09989
2026-02-01 04:45:00+00:00,0.09988
2026-02-01 05:00:00+00:00,0.09447
2026-02-01 05:15:00+00:00,0.09668
2026-02-01 05:30:00+00:00,0.09546
2026-02-01 05:45:00+00:00,0.09745
2026-02-01 06:00:00+00:00,0.09684
2026-02-01 06:15:00+00:00,0.09656
2026-02-01 06:30:00+00:00,0.10134
2026-02-01 06:45:00+00:00,0.10326
2026-02-01 07:00:00+00:00,0.10295
2026-02-01 07:15:00+00:00,0.10477
2026-02-01 07:30:00+00:00,0.10723
2026-02-01 07:45:00+00:00,0.10607
2026-02-01 08:00:00+00:00,0.11016
2026-02-01 08:15:00+00:00,0.1093
2026-02-01 08:30:00+00:00,0.10857
2026-02-01 08:45:00+00:00,0.10891
2026-02-01 09:00:00+00:00,0.11407
2026-02-01 09:15:00+00:00,0.10972
2026-02-01 09:30:00+00:00,0.10895
2026-02-01 09:45:00+00:00,0.10664
2026-02-01 10:00:00+00:00,0.10866
2026-02-01 10:15:00+00:00,0.10812
2026-02-01 10:30:00+00:00,0.1081
2026-02-01 10:45:00+00:00,0.10775
2026-02-01 11:00:00+00:00,0.11016
2026-02-01 11:15:00+00:00,0.10627
2026-02-01 11:30:00+00:00,0.10756
2026-02-01 11:45:00+00:00,0.10451
2026-02-01 12:00:00+00:00,0.10281
2026-02-01 12:15:00+00:00,0.09993
2026-02-01 12:30:00+00:00,0.09941
2026-02-01 12:45:00+00:00,0.0994
2026-02-01 13:00:00+00:00,0.10005
2026-02-01 13:15:00+00:00,0.10103
2026-02-01 13:30:00+00:00,0.10342
2026-02-01 13:45:00+00:00,0.10444
2026-02-01 14:00:00+00:00,0.10326
2026-02-01 14:15:00+00:00,0.10736
2026-02-01 14:30:00+00:00,0.1115
2026-02-01 14:45:00+00:00,0.11371
2026-02-01 15:00:00+00:00,0.10635
2026-02-01 15:15:00+00:00,0.11232
2026-02-01 15:30:00+00:00,0.115
2026-02-01 15:45:00+00:00,0.125
2026-02-01 16:00:00+00:00,0.12373
2026-02-01 16:15:00+00:00,0.12623
2026-02-01 16:30:00+00:00,0.13201
2026-02-01 16:45:00+00:00,0.13598
2026-02-01 17:00:00+00:00,0.13324
2026-02-01 17:15:00+00:00,0.13381
2026-02-01 17:30:00+00:00,0.14196
2026-02-01 17:45:00+00:00,0.13836
2026-02-01 18:00:00+00:00,0.141
2026-02-01 18:15:00+00:00,0.13622
2026-02-01 18:30:00+00:00,0.13751
2026-02-01 18:45:00+00:00,0.13483
2026-02-01 19:00:00+00:00,0.131
2026-02-01 19:15:00+00:00,0.132
2026-02-01 19:30:00+00:00,0.12374
2026-02-01 19:45:00+00:00,0.11563
2026-02-01 20:00:00+00:00,0.12215
2026-02-01 20:15:00+00:00,0.11856
2026-02-01 20:30:00+00:00,0.11196
2026-02-01 20:45:00+00:00,0.10276
2026-02-01 21:00:00+00:00,0.11752
2026-02-01 21:15:00+00:00,0.11349
2026-02-01 21:30:00+00:00,0.11549
2026-02-01 21:45:00+00:00,0.10904
2026-02-01 22:00:00+00:00,0.11388
2026-02-01 22:15:00+00:00,0.10617
2026-02-01 22:30:00+00:00,0.10644
2026-02-01 22:45:00+00:00,0.09972
2026-02-01 23:00:00+00:00,0.10041
2026-02-01 23:15:00+00:00,0.10191
2026-02-01 23:30:00+00:00,0.10004
2026-02-01 23:45:00+00:00,0.09601
2026-02-02 00:00:00+00:00,0.09941
2026-02-02 00:15:00+00:00,0.095
2026-02-02 00:30:00+00:00,0.09962
2026-02-02 00:45:00+00:00,0.09794
2026-02-02 01:00:00+00:00,0.09659
2026-02-02 01:15:00+00:00,0.0952
2026-02-02 01:30:00+00:00,0.09428
2026-02-02 01:45:00+00:00,0.0943
2026-02-02 02:00:00+00:00,0.09301
2026-02-02 02:15:00+00:00,0.09052
2026-02-02 02:30:00+00:00,0.09041
2026-02-02 02:45:00+00:00,0.09006
2026-02-02 03:00:00+00:00,0.091
2026-02-02 03:15:00+00:00,0.09163
2026-02-02 03:30:00+00:00,0.09205
2026-02-02 03:45:00+00:00,0.09225
2026-02-02 04:00:00+00:00,0.09465
2026-02-02 04:15:00+00:00,0.09057
2026-02-02 04:30:00+00:00,0.09585
2026-02-02 04:45:00+00:00,0.09782
2026-02-02 05:00:00+00:00,0.08978
2026-02-02 05:15:00+00:00,0.10331
2026-02-02 05:30:00+00:00,0.11282
2026-02-02 05:45:00+00:00,0.12039
2026-02-02 06:00:00+00:00,0.11297
2026-02-02 06:15:00+00:00,0.11719
2026-02-02 06:30:00+00:00,0.13119
2026-02-02 06:45:00+00:00,0.13019
2026-02-02 07:00:00+00:00,0.13206
2026-02-02 07:15:00+00:00,0.13901
2026-02-02 07:30:00+00:00,0.13983
2026-02-02 07:45:00+00:00,0.13657
2026-02-02 08:00:00+00:00,0.15413
2026-02-02 08:15:00+00:00,0.1427
2026-02-02 08:30:00+00:00,0.13603
2026-02-02 08:45:00+00:00,0.12776
2026-02-02 09:00:00+00:00,0.13226
2026-02-02 09:15:00+00:00,0.12866
2026-02-02 09:30:00+00:00,0.12315
2026-02-02 09:45:00+00:00,0.11409
2026-02-02 10:00:00+00:00,0.12483
2026-02-02 10:15:00+00:00,0.11625
2026-02-02 10:30:00+00:00,0.11001
2026-02-02 10:45:00+00:00,0.10758
2026-02-02 11:00:00+00:00,0.11269
2026-02-02 11:15:00+00:00,0.1075
2026-02-02 11:30:00+00:00,0.10915
2026-02-02 11:45:00+00:00,0.10751
2026-02-02 12:00:00+00:00,0.1052
2026-02-02 12:15:00+00:00,0.1041
2026-02-02 12:30:00+00:00,0.10344
2026-02-02 12:45:00+00:00,0.10326
2026-02-02 13:00:00+00:00,0.10149
2026-02-02 13:15:00+00:00,0.10198
2026-02-02 13:30:00+00:00,0.10345
2026-02-02 13:45:00+00:00,0.10469
2026-02-02 14:00:00+00:00,0.10143
2026-02-02 14:15:00+00:00,0.10345
2026-02-02 14:30:00+00:00,0.10475
2026-02-02 14:45:00+00:00,0.11068
2026-02-02 15:00:00+00:00,0.1018
2026-02-02 15:15:00+00:00,0.1073
2026-02-02 15:30:00+00:00,0.11237
2026-02-02 15:45:00+00:00,0.11764
2026-02-02 16:00:00+00:00,0.10894
2026-02-02 16:15:00+00:00,0.11757
2026-02-02 16:30:00+00:00,0.12554
2026-02-02 16:45:00+00:00,0.12074
2026-02-02 17:00:00+00:00,0.12341
2026-02-02 17:15:00+00:00,0.1177
2026-02-02 17:30:00+00:00,0.11883
2026-02-02 17:45:00+00:00,0.11593
2026-02-02 18:00:00+00:00,0.10595
2026-02-02 18:15:00+00:00,0.10535
2026-02-02 18:30:00+00:00,0.10608
2026-02-02 18:45:00+00:00,0.10262
2026-02-02 19:00:00+00:00,0.10523
2026-02-02 19:15:00+00:00,0.10345
2026-02-02 19:30:00+00:00,0.10093
2026-02-02 19:45:00+00:00,0.09941
2026-02-02 20:00:00+00:00,0.10712
2026-02-02 20:15:00+00:00,0.10398
2026-02-02 20:30:00+00:00,0.1
2026-02-02 20:45:00+00:00,0.09696
2026-02-02 21:00:00+00:00,0.1039
2026-02-02 21:15:00+00:00,0.10122
2026-02-02 21:30:00+00:00,0.10086
2026-02-02 21:45:00+00:00,0.09893
2026-02-02 22:00:00+00:00,0.09856
2026-02-02 22:15:00+00:00,0.09096
2026-02-02 22:30:00+00:00,0.09041
2026-02-02 22:45:00+00:00,0.08561
2026-02-02 23:00:00+00:00,0.09741
2026-02-02 23:15:00+00:00,0.09288
2026-02-02 23:30:00+00:00,0.08907
2026-02-02 23:45:00+00:00,0.08751
2026-02-03 00:00:00+00:00,0.09184
2026-02-03 00:15:00+00:00,0.08962
2026-02-03 00:30:00+00:00,0.08849
2026-02-03 00:45:00+00:00,0.08751
2026-02-03 01:00:00+00:00,0.08908
2026-02-03 01:15:00+00:00,0.08501
2026-02-03 01:30:00+00:00,0.08255
2026-02-03 01:45:00+00:00,0.07939
2026-02-03 02:00:00+00:00,0.0828
2026-02-03 02:15:00+00:00,0.08016
2026-02-03 02:30:00+00:00,0.07937
2026-02-03 02:45:00+00:00,0.07742
2026-02-03 03:00:00+00:00,0.07667
2026-02-03 03:15:00+00:00,0.07602
2026-02-03 03:30:00+00:00,0.07641
2026-02-03 03:45:00+00:00,0.07826
2026-02-03 04:00:00+00:00,0.07829
2026-02-03 04:15:00+00:00,0.07808
2026-02-03 04:30:00+00:00,0.08227
2026-02-03 04:45:00+00:00,0.09
2026-02-03 05:00:00+00:00,0.08403
2026-02-03 05:15:00+00:00,0.08711
2026-02-03 05:30:00+00:00,0.09258
2026-02-03 05:45:00+00:00,0.10092
2026-02-03 06:00:00+00:00,0.0925
2026-02-03 06:15:00+00:00,0.09701
2026-02-03 06:30:00+00:00,0.09926
2026-02-03 06:45:00+00:00,0.102
2026-02-03 07:00:00+00:00,0.10403
2026-02-03 07:15:00+00:00,0.10701
2026-02-03 07:30:00+00:00,0.10915
2026-02-03 07:45:00+00:00,0.1049
2026-02-03 08:00:00+00:00,0.11845
2026-02-03 08:15:00+00:00,0.11016
2026-02-03 08:30:00+00:00,0.10632
2026-02-03 08:45:00+00:00,0.09797
2026-02-03 09:00:00+00:00,0.10592
2026-02-03 09:15:00+00:00,0.10001
2026-02-03 09:30:00+00:00,0.0986
2026-02-03 09:45:00+00:00,0.09523
2026-02-03 10:00:00+00:00,0.09707
2026-02-03 10:15:00+00:00,0.0931
2026-02-03 10:30:00+00:00,0.0894
2026-02-03 10:45:00+00:00,0.08375
2026-02-03 11:00:00+00:00,0.08977
2026-02-03 11:15:00+00:00,0.08535
2026-02-03 11:30:00+00:00,0.08729
2026-02-03 11:45:00+00:00,0.08938
2026-02-03 12:00:00+00:00,0.08981
2026-02-03 12:15:00+00:00,0.08939
2026-02-03 12:30:00+00:00,0.09002
2026-02-03 12:45:00+00:00,0.0904
2026-02-03 13:00:00+00:00,0.08652
2026-02-03 13:15:00+00:00,0.09202
2026-02-03 13:30:00+00:00,0.09569
2026-02-03 13:45:00+00:00,0.09838
2026-02-03 14:00:00+00:00,0.09309
2026-02-03 14:15:00+00:00,0.09989
2026-02-03 14:30:00+00:00,0.10227
2026-02-03 14:45:00+00:00,0.10639
2026-02-03 15:00:00+00:00,0.0985
2026-02-03 15:15:00+00:00,0.1034
2026-02-03 15:30:00+00:00,0.10705
2026-02-03 15:45:00+00:00,0.11751
2026-02-03 16:00:00+00:00,0.11295
2026-02-03 16:15:00+00:00,0.12496
2026-02-03 16:30:00+00:00,0.13258
2026-02-03 16:45:00+00:00,0.1326
2026-02-03 17:00:00+00:00,0.12552
2026-02-03 17:15:00+00:00,0.12555
2026-02-03 17:30:00+00:00,0.12689
2026-02-03 17:45:00+00:00,0.12743
2026-02-03 18:00:00+00:00,0.12438
2026-02-03 18:15:00+00:00,0.12435
2026-02-03 18:30:00+00:00,0.12396
2026-02-03 18:45:00+00:00,0.12022
2026-02-03 19:00:00+00:00,0.11872
2026-02-03 19:15:00+00:00,0.1159
2026-02-03 19:30:00+00:00,0.11084
2026-02-03 19:45:00+00:00,0.10614
2026-02-03 20:00:00+00:00,0.10804
2026-02-03 20:15:00+00:00,0.10482
2026-02-03 20:30:00+00:00,0.10187
2026-02-03 20:45:00+00:00,0.09844
2026-02-03 21:00:00+00:00,0.10586
2026-02-03 21:15:00+00:00,0.10146
2026-02-03 21:30:00+00:00,0.10021
2026-02-03 21:45:00+00:00,0.09605
2026-02-03 22:00:00+00:00,0.09812
2026-02-03 22:15:00+00:00,0.09733
2026-02-03 22:30:00+00:00,0.09488
2026-02-03 22:45:00+00:00,0.08892
2026-02-03 23:00:00+00:00,0.09679
2026-02-03 23:15:00+00:00,0.09322
2026-02-03 23:30:00+00:00,0.09459
2026-02-03 23:45:00+00:00,0.09541
2026-02-04 00:00:00+00:00,0.09365
2026-02-04 00:15:00+00:00,0.09279
2026-02-04 00:30:00+00:00,0.09275
2026-02-04 00:45:00+00:00,0.09196
2026-02-04 01:00:00+00:00,0.09271
2026-02-04 01:15:00+00:00,0.09183
2026-02-04 01:30:00+00:00,0.09285
2026-02-04 01:45:00+00:00,0.09446
2026-02-04 02:00:00+00:00,0.09463
2026-02-04 02:15:00+00:00,0.09353
2026-02-04 02:30:00+00:00,0.0955
2026-02-04 02:45:00+00:00,0.09483
2026-02-04 03:00:00+00:00,0.09253
2026-02-04 03:15:00+00:00,0.09254
2026-02-04 03:30:00+00:00,0.09456
2026-02-04 03:45:00+00:00,0.0962
2026-02-04 04:00:00+00:00,0.09295
2026-02-04 04:15:00+00:00,0.09501
2026-02-04 04:30:00+00:00,0.09698
2026-02-04 04:45:00+00:00,0.1014
2026-02-04 05:00:00+00:00,0.09861
2026-02-04 05:15:00+00:00,0.10256
2026-02-04 05:30:00+00:00,0.10801
2026-02-04 05:45:00+00:00,0.11196
2026-02-04 06:00:00+00:00,0.11502
2026-02-04 06:15:00+00:00,0.12022
2026-02-04 06:30:00+00:00,0.12629
2026-02-04 06:45:00+00:00,0.13021
2026-02-04 07:00:00+00:00,0.13359
2026-02-04 07:15:00+00:00,0.13749
2026-02-04 07:30:00+00:00,0.13101
2026-02-04 07:45:00+00:00,0.12433
2026-02-04 08:00:00+00:00,0.13594
2026-02-04 08:15:00+00:00,0.12376
2026-02-04 08:30:00+00:00,0.11863
2026-02-04 08:45:00+00:00,0.11236
2026-02-04 09:00:00+00:00,0.11973
2026-02-04 09:15:00+00:00,0.1139
2026-02-04 09:30:00+00:00,0.10554
2026-02-04 09:45:00+00:00,0.10083
2026-02-04 10:00:00+00:00,0.10253
2026-02-04 10:15:00+00:00,0.10029
2026-02-04 10:30:00+00:00,0.09654
2026-02-04 10:45:00+00:00,0.09547
2026-02-04 11:00:00+00:00,0.09467
2026-02-04 11:15:00+00:00,0.09214
2026-02-04 11:30:00+00:00,0.09046
2026-02-04 11:45:00+00:00,0.09039
2026-02-04 12:00:00+00:00,0.0914
2026-02-04 12:15:00+00:00,0.09027
2026-02-04 12:30:00+00:00,0.0904
2026-02-04 12:45:00+00:00,0.09346
2026-02-04 13:00:00+00:00,0.09275
2026-02-04 13:15:00+00:00,0.09356
2026-02-04 13:30:00+00:00,0.09541
2026-02-04 13:45:00+00:00,0.10259
2026-02-04 14:00:00+00:00,0.09524
2026-02-04 14:15:00+00:00,0.10056
2026-02-04 14:30:00+00:00,0.10666
2026-02-04 14:45:00+00:00,0.10904
2026-02-04 15:00:00+00:00,0.10565
2026-02-04 15:15:00+00:00,0.10941
2026-02-04 15:30:00+00:00,0.11685
2026-02-04 15:45:00+00:00,0.12483
2026-02-04 16:00:00+00:00,0.1179
2026-02-04 16:15:00+00:00,0.12413
2026-02-04 16:30:00+00:00,0.12843
2026-02-04 16:45:00+00:00,0.12801
2026-02-04 17:00:00+00:00,0.11938
2026-02-04 17:15:00+00:00,0.11703
2026-02-04 17:30:00+00:00,0.11669
2026-02-04 17:45:00+00:00,0.11506
2026-02-04 18:00:00+00:00,0.11657
2026-02-04 18:15:00+00:00,0.10528
2026-02-04 18:30:00+00:00,0.09998
2026-02-04 18:45:00+00:00,0.09625
2026-02-04 19:00:00+00:00,0.10389
2026-02-04 19:15:00+00:00,0.09623
2026-02-04 19:30:00+00:00,0.09358
2026-02-04 19:45:00+00:00,0.09145
2026-02-04 20:00:00+00:00,0.09922
2026-02-04 20:15:00+00:00,0.09529
2026-02-04 20:30:00+00:00,0.09296
2026-02-04 20:45:00+00:00,0.09154
2026-02-04 21:00:00+00:00,0.09824
2026-02-04 21:15:00+00:00,0.0954
2026-02-04 21:30:00+00:00,0.09371
2026-02-04 21:45:00+00:00,0.08794
2026-02-04 22:00:00+00:00,0.0924
2026-02-04 22:15:00+00:00,0.08798
2026-02-04 22:30:00+00:00,0.08509
2026-02-04 22:45:00+00:00,0.07976
2026-02-04 23:00:00+00:00,0.09011
2026-02-04 23:15:00+00:00,0.09055
2026-02-04 23:30:00+00:00,0.09025
2026-02-04 23:45:00+00:00,0.0903
2026-02-05 00:00:00+00:00,0.08979
2026-02-05 00:15:00+00:00,0.08889
2026-02-05 00:30:00+00:00,0.08861
2026-02-05 00:45:00+00:00,0.08646
2026-02-05 01:00:00+00:00,0.08706
2026-02-05 01:15:00+00:00,0.08712
2026-02-05 01:30:00+00:00,0.08817
2026-02-05 01:45:00+00:00,0.08738
2026-02-05 02:00:00+00:00,0.08659
2026-02-05 02:15:00+00:00,0.0882
2026-02-05 02:30:00+00:00,0.08818
2026-02-05 02:45:00+00:00,0.08821
2026-02-05 03:00:00+00:00,0.08744
2026-02-05 03:15:00+00:00,0.08899
2026-02-05 03:30:00+00:00,0.09017
2026-02-05 03:45:00+00:00,0.09166
2026-02-05 04:00:00+00:00,0.0883
2026-02-05 04:15:00+00:00,0.09056
2026-02-05 04:30:00+00:00,0.09226
2026-02-05 04:45:00+00:00,0.09492
2026-02-05 05:00:00+00:00,0.09333
2026-02-05 05:15:00+00:00,0.10499
2026-02-05 05:30:00+00:00,0.105
2026-02-05 05:45:00+00:00,0.10806
2026-02-05 06:00:00+00:00,0.10315
2026-02-05 06:15:00+00:00,0.11005
2026-02-05 06:30:00+00:00,0.11863
2026-02-05 06:45:00+00:00,0.12145
2026-02-05 07:00:00+00:00,0.12262
2026-02-05 07:15:00+00:00,0.12534
2026-02-05 07:30:00+00:00,0.12765
2026-02-05 07:45:00+00:00,0.12585
2026-02-05 08:00:00+00:00,0.12766
2026-02-05 08:15:00+00:00,0.12298
2026-02-05 08:30:00+00:00,0.11963
2026-02-05 08:45:00+00:00,0.11581
2026-02-05 09:00:00+00:00,0.12701
2026-02-05 09:15:00+00:00,0.12137
2026-02-05 09:30:00+00:00,0.1155
2026-02-05 09:45:00+00:00,0.10889
2026-02-05 10:00:00+00:00,0.12826
2026-02-05 10:15:00+00:00,0.12158
2026-02-05 10:30:00+00:00,0.12013
2026-02-05 10:45:00+00:00,0.1143
2026-02-05 11:00:00+00:00,0.11044
2026-02-05 11:15:00+00:00,0.10808
2026-02-05 11:30:00+00:00,0.10756
2026-02-05 11:45:00+00:00,0.10693
2026-02-05 12:00:00+00:00,0.10838
2026-02-05 12:15:00+00:00,0.11
2026-02-05 12:30:00+00:00,0.11021
2026-02-05 12:45:00+00:00,0.11044
2026-02-05 13:00:00+00:00,0.10528
2026-02-05 13:15:00+00:00,0.10871
2026-02-05 13:30:00+00:00,0.11051
2026-02-05 13:45:00+00:00,0.11591
2026-02-05 14:00:00+00:00,0.10775
2026-02-05 14:15:00+00:00,0.11199
2026-02-05 14:30:00+00:00,0.11987
2026-02-05 14:45:00+00:00,0.12831
2026-02-05 15:00:00+00:00,0.11801
2026-02-05 15:15:00+00:00,0.12401
2026-02-05 15:30:00+00:00,0.13057
2026-02-05 15:45:00+00:00,0.13141
2026-02-05 16:00:00+00:00,0.12782
2026-02-05 16:15:00+00:00,0.13493
2026-02-05 16:30:00+00:00,0.14794
2026-02-05 16:45:00+00:00,0.15131
2026-02-05 17:00:00+00:00,0.13982
2026-02-05 17:15:00+00:00,0.13523
2026-02-05 17:30:00+00:00,0.13798
2026-02-05 17:45:00+00:00,0.13355
2026-02-05 18:00:00+00:00,0.13804
2026-02-05 18:15:00+00:00,0.13345
2026-02-05 18:30:00+00:00,0.13166
2026-02-05 18:45:00+00:00,0.12848
2026-02-05 19:00:00+00:00,0.131
2026-02-05 19:15:00+00:00,0.12439
2026-02-05 19:30:00+00:00,0.11814
2026-02-05 19:45:00+00:00,0.10971
2026-02-05 20:00:00+00:00,0.11344
2026-02-05 20:15:00+00:00,0.10922
2026-02-05 20:30:00+00:00,0.10698
2026-02-05 20:45:00+00:00,0.10149
2026-02-05 21:00:00+00:00,0.11095
2026-02-05 21:15:00+00:00,0.10657
2026-02-05 21:30:00+00:00,0.10426
2026-02-05 21:45:00+00:00,0.10174
2026-02-05 22:00:00+00:00,0.10733
2026-02-05 22:15:00+00:00,0.1039
2026-02-05 22:30:00+00:00,0.09752
2026-02-05 22:45:00+00:00,0.0914
2026-02-05 23:00:00+00:00,0.10052
2026-02-05 23:15:00+00:00,0.09845
2026-02-05 23:30:00+00:00,0.09816
2026-02-05 23:45:00+00:00,0.10011
2026-02-06 00:00:00+00:00,0.10113
2026-02-06 00:15:00+00:00,0.0994
2026-02-06 00:30:00+00:00,0.09831
2026-02-06 00:45:00+00:00,0.09767
2026-02-06 01:00:00+00:00,0.0988
2026-02-06 01:15:00+00:00,0.09788
2026-02-06 01:30:00+00:00,0.09727
2026-02-06 01:45:00+00:00,0.0984
2026-02-06 02:00:00+00:00,0.09686
2026-02-06 02:15:00+00:00,0.09874
2026-02-06 02:30:00+00:00,0.0984
2026-02-06 02:45:00+00:00,0.09891
2026-02-06 03:00:00+00:00,0.09726
2026-02-06 03:15:00+00:00,0.09878
2026-02-06 03:30:00+00:00,0.09898
2026-02-06 03:45:00+00:00,0.09995
2026-02-06 04:00:00+00:00,0.09936
2026-02-06 04:15:00+00:00,0.1005
2026-02-06 04:30:00+00:00,0.10132
2026-02-06 04:45:00+00:00,0.10815
2026-02-06 05:00:00+00:00,0.09909
2026-02-06 05:15:00+00:00,0.10967
2026-02-06 05:30:00+00:00,0.11635
2026-02-06 05:45:00+00:00,0.13658
2026-02-06 06:00:00+00:00,0.12687
2026-02-06 06:15:00+00:00,0.13682
2026-02-06 06:30:00+00:00,0.14799
2026-02-06 06:45:00+00:00,0.14617
2026-02-06 07:00:00+00:00,0.13867
2026-02-06 07:15:00+00:00,0.1457
2026-02-06 07:30:00+00:00,0.1466
2026-02-06 07:45:00+00:00,0.14799
2026-02-06 08:00:00+00:00,0.14813
2026-02-06 08:15:00+00:00,0.14799
2026-02-06 08:30:00+00:00,0.14171
2026-02-06 08:45:00+00:00,0.13898
2026-02-06 09:00:00+00:00,0.14806
2026-02-06 09:15:00+00:00,0.14359
2026-02-06 09:30:00+00:00,0.14004
2026-02-06 09:45:00+00:00,0.13668
2026-02-06 10:00:00+00:00,0.14366
2026-02-06 10:15:00+00:00,0.14119
2026-02-06 10:30:00+00:00,0.13777
2026-02-06 10:45:00+00:00,0.13302
2026-02-06 11:00:00+00:00,0.1388
2026-02-06 11:15:00+00:00,0.13534
2026-02-06 11:30:00+00:00,0.13668
2026-02-06 11:45:00+00:00,0.13402
2026-02-06 12:00:00+00:00,0.13776
2026-02-06 12:15:00+00:00,0.13566
2026-02-06 12:30:00+00:00,0.13696
2026-02-06 12:45:00+00:00,0.13319
2026-02-06 13:00:00+00:00,0.12835
2026-02-06 13:15:00+00:00,0.13405
2026-02-06 13:30:00+00:00,0.1379
2026-02-06 13:45:00+00:00,0.14237
2026-02-06 14:00:00+00:00,0.13203
2026-02-06 14:15:00+00:00,0.13686
2026-02-06 14:30:00+00:00,0.14229
2026-02-06 14:45:00+00:00,0.14671
2026-02-06 15:00:00+00:00,0.13182
2026-02-06 15:15:00+00:00,0.13374
2026-02-06 15:30:00+00:00,0.13528
2026-02-06 15:45:00+00:00,0.13501
2026-02-06 16:00:00+00:00,0.12816
2026-02-06 16:15:00+00:00,0.13604
2026-02-06 16:30:00+00:00,0.14127
2026-02-06 16:45:00+00:00,0.14328
2026-02-06 17:00:00+00:00,0.14019
2026-02-06 17:15:00+00:00,0.13762
2026-02-06 17:30:00+00:00,0.12595
2026-02-06 17:45:00+00:00,0.125
2026-02-06 18:00:00+00:00,0.13726
2026-02-06 18:15:00+00:00,0.12473
2026-02-06 18:30:00+00:00,0.12556
2026-02-06 18:45:00+00:00,0.11496
2026-02-06 19:00:00+00:00,0.11951
2026-02-06 19:15:00+00:00,0.11053
2026-02-06 19:30:00+00:00,0.10755
2026-02-06 19:45:00+00:00,0.10634
2026-02-06 20:00:00+00:00,0.11435
2026-02-06 20:15:00+00:00,0.10983
2026-02-06 20:30:00+00:00,0.10701
2026-02-06 20:45:00+00:00,0.10421
2026-02-06 21:00:00+00:00,0.1098
2026-02-06 21:15:00+00:00,0.10606
2026-02-06 21:30:00+00:00,0.10506
2026-02-06 21:45:00+00:00,0.10413
2026-02-06 22:00:00+00:00,0.10705
2026-02-06 22:15:00+00:00,0.10365
2026-02-06 22:30:00+00:00,0.10141
2026-02-06 22:45:00+00:00,0.09684
2026-02-06 23:00:00+00:00,0.10457
2026-02-06 23:15:00+00:00,0.10103
2026-02-06 23:30:00+00:00,0.10053
2026-02-06 23:45:00+00:00,0.09984
2026-02-07 00:00:00+00:00,0.10025
2026-02-07 00:15:00+00:00,0.09878
2026-02-07 00:30:00+00:00,0.1007
2026-02-07 00:45:00+00:00,0.10027
2026-02-07 01:00:00+00:00,0.10017
2026-02-07 01:15:00+00:00,0.09941
2026-02-07 01:30:00+00:00,0.09689
2026-02-07 01:45:00+00:00,0.0957
2026-02-07 02:00:00+00:00,0.09828
2026-02-07 02:15:00+00:00,0.0965
2026-02-07 02:30:00+00:00,0.09731
2026-02-07 02:45:00+00:00,0.09545
2026-02-07 03:00:00+00:00,0.09586
2026-02-07 03:15:00+00:00,0.09658
2026-02-07 03:30:00+00:00,0.0968
2026-02-07 03:45:00+00:00,0.09634
2026-02-07 04:00:00+00:00,0.09457
2026-02-07 04:15:00+00:00,0.09634
2026-02-07 04:30:00+00:00,0.09674
2026-02-07 04:45:00+00:00,0.09925
2026-02-07 05:00:00+00:00,0.09006
2026-02-07 05:15:00+00:00,0.09597
2026-02-07 05:30:00+00:00,0.09897
2026-02-07 05:45:00+00:00,0.10338
2026-02-07 06:00:00+00:00,0.10028
2026-02-07 06:15:00+00:00,0.10239
2026-02-07 06:30:00+00:00,0.10713
2026-02-07 06:45:00+00:00,0.11239
2026-02-07 07:00:00+00:00,0.10815
2026-02-07 07:15:00+00:00,0.11361
2026-02-07 07:30:00+00:00,0.11699
2026-02-07 07:45:00+00:00,0.11757
2026-02-07 08:00:00+00:00,0.125
2026-02-07 08:15:00+00:00,0.11951
2026-02-07 08:30:00+00:00,0.11706
2026-02-07 08:45:00+00:00,0.11033
2026-02-07 09:00:00+00:00,0.11703
2026-02-07 09:15:00+00:00,0.10937
2026-02-07 09:30:00+00:00,0.10778
2026-02-07 09:45:00+00:00,0.10607
2026-02-07 10:00:00+00:00,0.10689
2026-02-07 10:15:00+00:00,0.10584
2026-02-07 10:30:00+00:00,0.10376
2026-02-07 10:45:00+00:00,0.10164
2026-02-07 11:00:00+00:00,0.10369
2026-02-07 11:15:00+00:00,0.10115
2026-02-07 11:30:00+00:00,0.0981
2026-02-07 11:45:00+00:00,0.09753
2026-02-07 12:00:00+00:00,0.09792
2026-02-07 12:15:00+00:00,0.09732
2026-02-07 12:30:00+00:00,0.09689
2026-02-07 12:45:00+00:00,0.09742
2026-02-07 13:00:00+00:00,0.09646
2026-02-07 13:15:00+00:00,0.09768
2026-02-07 13:30:00+00:00,0.10143
2026-02-07 13:45:00+00:00,0.10414
2026-02-07 14:00:00+00:00,0.10141
2026-02-07 14:15:00+00:00,0.10359
2026-02-07 14:30:00+00:00,0.10877
2026-02-07 14:45:00+00:00,0.11156
2026-02-07 15:00:00+00:00,0.10808
2026-02-07 15:15:00+00:00,0.11682
2026-02-07 15:30:00+00:00,0.12421
2026-02-07 15:45:00+00:00,0.13205
2026-02-07 16:00:00+00:00,0.12743
2026-02-07 16:15:00+00:00,0.13108
2026-02-07 16:30:00+00:00,0.13711
2026-02-07 16:45:00+00:00,0.14053
2026-02-07 17:00:00+00:00,0.13798
2026-02-07 17:15:00+00:00,0.13638
2026-02-07 17:30:00+00:00,0.13422
2026-02-07 17:45:00+00:00,0.13275
2026-02-07 18:00:00+00:00,0.13143
2026-02-07 18:15:00+00:00,0.13213
2026-02-07 18:30:00+00:00,0.12672
2026-02-07 18:45:00+00:00,0.11971
2026-02-07 19:00:00+00:00,0.12525
2026-02-07 19:15:00+00:00,0.11547
2026-02-07 19:30:00+00:00,0.10807
2026-02-07 19:45:00+00:00,0.10479
2026-02-07 20:00:00+00:00,0.10919
2026-02-07 20:15:00+00:00,0.10536
2026-02-07 20:30:00+00:00,0.10294
2026-02-07 20:45:00+00:00,0.10007
2026-02-07 21:00:00+00:00,0.1076
2026-02-07 21:15:00+00:00,0.10541
2026-02-07 21:30:00+00:00,0.10325
2026-02-07 21:45:00+00:00,0.10003
2026-02-07 22:00:00+00:00,0.10596
2026-02-07 22:15:00+00:00,0.10117
2026-02-07 22:30:00+00:00,0.09611
2026-02-07 22:45:00+00:00,0.0918
2026-02-07 23:00:00+00:00,0.11004
2026-02-07 23:15:00+00:00,0.10113
2026-02-07 23:30:00+00:00,0.09999
2026-02-07 23:45:00+00:00,0.09698
2026-02-08 00:00:00+00:00,0.10151
2026-02-08 00:15:00+00:00,0.10137
2026-02-08 00:30:00+00:00,0.0971
2026-02-08 00:45:00+00:00,0.0962
2026-02-08 01:00:00+00:00,0.0999
2026-02-08 01:15:00+00:00,0.09749
2026-02-08 01:30:00+00:00,0.09663
2026-02-08 01:45:00+00:00,0.09625
2026-02-08 02:00:00+00:00,0.09743
2026-02-08 02:15:00+00:00,0.0967
2026-02-08 02:30:00+00:00,0.09564
2026-02-08 02:45:00+00:00,0.09593
2026-02-08 03:00:00+00:00,0.0949
2026-02-08 03:15:00+00:00,0.0945
2026-02-08 03:30:00+00:00,0.09505
2026-02-08 03:45:00+00:00,0.09499
2026-02-08 04:00:00+00:00,0.09559
2026-02-08 04:15:00+00:00,0.09541
2026-02-08 04:30:00+00:00,0.09549
2026-02-08 04:45:00+00:00,0.09651
2026-02-08 05:00:00+00:00,0.09028
2026-02-08 05:15:00+00:00,0.0928
2026-02-08 05:30:00+00:00,0.09645
2026-02-08 05:45:00+00:00,0.10047
2026-02-08 06:00:00+00:00,0.09109
2026-02-08 06:15:00+00:00,0.09471
2026-02-08 06:30:00+00:00,0.0963
2026-02-08 06:45:00+00:00,0.10112
2026-02-08 07:00:00+00:00,0.09605
2026-02-08 07:15:00+00:00,0.10124
2026-02-08 07:30:00+00:00,0.10157
2026-02-08 07:45:00+00:00,0.10253
2026-02-08 08:00:00+00:00,0.10192
2026-02-08 08:15:00+00:00,0.10284
2026-02-08 08:30:00+00:00,0.10236
2026-02-08 08:45:00+00:00,0.10083
2026-02-08 09:00:00+00:00,0.10437
2026-02-08 09:15:00+00:00,0.10381
2026-02-08 09:30:00+00:00,0.10162
2026-02-08 09:45:00+00:00,0.10078
2026-02-08 10:00:00+00:00,0.10214
2026-02-08 10:15:00+00:00,0.10085
2026-02-08 10:30:00+00:00,0.09864
2026-02-08 10:45:00+00:00,0.09677
2026-02-08 11:00:00+00:00,0.09786
2026-02-08 11:15:00+00:00,0.09677
2026-02-08 11:30:00+00:00,0.09697
2026-02-08 11:45:00+00:00,0.09469
2026-02-08 12:00:00+00:00,0.0951
2026-02-08 12:15:00+00:00,0.09401
2026-02-08 12:30:00+00:00,0.09626
2026-02-08 12:45:00+00:00,0.09643
2026-02-08 13:00:00+00:00,0.09409
2026-02-08 13:15:00+00:00,0.09662
2026-02-08 13:30:00+00:00,0.09771
2026-02-08 13:45:00+00:00,0.10046
2026-02-08 14:00:00+00:00,0.09803
2026-02-08 14:15:00+00:00,0.10052
2026-02-08 14:30:00+00:00,0.10432
2026-02-08 14:45:00+00:00,0.11042
2026-02-08 15:00:00+00:00,0.10084
2026-02-08 15:15:00+00:00,0.10764
2026-02-08 15:30:00+00:00,0.11503
2026-02-08 15:45:00+00:00,0.12363
2026-02-08 16:00:00+00:00,0.11954
2026-02-08 16:15:00+00:00,0.12598
2026-02-08 16:30:00+00:00,0.131
2026-02-08 16:45:00+00:00,0.13401
2026-02-08 17:00:00+00:00,0.12979
2026-02-08 17:15:00+00:00,0.13289
2026-02-08 17:30:00+00:00,0.13255
2026-02-08 17:45:00+00:00,0.12984
2026-02-08 18:00:00+00:00,0.13296
2026-02-08 18:15:00+00:00,0.12956
2026-02-08 18:30:00+00:00,0.12509
2026-02-08 18:45:00+00:00,0.12002
2026-02-08 19:00:00+00:00,0.12286
2026-02-08 19:15:00+00:00,0.11426
2026-02-08 19:30:00+00:00,0.10993
2026-02-08 19:45:00+00:00,0.10608
2026-02-08 20:00:00+00:00,0.11084
2026-02-08 20:15:00+00:00,0.10925
2026-02-08 20:30:00+00:00,0.10693
2026-02-08 20:45:00+00:00,0.10349
2026-02-08 21:00:00+00:00,0.10808
2026-02-08 21:15:00+00:00,0.10656
2026-02-08 21:30:00+00:00,0.10414
2026-02-08 21:45:00+00:00,0.10178
2026-02-08 22:00:00+00:00,0.10342
2026-02-08 22:15:00+00:00,0.10171
2026-02-08 22:30:00+00:00,0.10028
2026-02-08 22:45:00+00:00,0.09452
2026-02-08 23:00:00+00:00,0.09998
2026-02-08 23:15:00+00:00,0.09744
2026-02-08 23:30:00+00:00,0.09551
2026-02-08 23:45:00+00:00,0.09405
2026-02-09 00:00:00+00:00,0.09768
2026-02-09 00:15:00+00:00,0.09558
2026-02-09 00:30:00+00:00,0.0949
2026-02-09 00:45:00+00:00,0.09365
2026-02-09 01:00:00+00:00,0.09532
2026-02-09 01:15:00+00:00,0.09517
2026-02-09 01:30:00+00:00,0.09654
2026-02-09 01:45:00+00:00,0.09578
2026-02-09 02:00:00+00:00,0.09571
2026-02-09 02:15:00+00:00,0.09467
2026-02-09 02:30:00+00:00,0.09534
2026-02-09 02:45:00+00:00,0.09615
2026-02-09 03:00:00+00:00,0.09342
2026-02-09 03:15:00+00:00,0.09512
2026-02-09 03:30:00+00:00,0.09681
2026-02-09 03:45:00+00:00,0.10091
2026-02-09 04:00:00+00:00,0.0957
2026-02-09 04:15:00+00:00,0.10099
2026-02-09 04:30:00+00:00,0.10565
2026-02-09 04:45:00+00:00,0.1166
2026-02-09 05:00:00+00:00,0.105
2026-02-09 05:15:00+00:00,0.12137
2026-02-09 05:30:00+00:00,0.13618
2026-02-09 05:45:00+00:00,0.16639
2026-02-09 06:00:00+00:00,0.13714
2026-02-09 06:15:00+00:00,0.15903
2026-02-09 06:30:00+00:00,0.16826
2026-02-09 06:45:00+00:00,0.16995
2026-02-09 07:00:00+00:00,0.17029
2026-02-09 07:15:00+00:00,0.18894
2026-02-09 07:30:00+00:00,0.18546
2026-02-09 07:45:00+00:00,0.18615
2026-02-09 08:00:00+00:00,0.1839
2026-02-09 08:15:00+00:00,0.1748
2026-02-09 08:30:00+00:00,0.16007
2026-02-09 08:45:00+00:00,0.15806
2026-02-09 09:00:00+00:00,0.16623
2026-02-09 09:15:00+00:00,0.16412
2026-02-09 09:30:00+00:00,0.15399
2026-02-09 09:45:00+00:00,0.14482
2026-02-09 10:00:00+00:00,0.15101
2026-02-09 10:15:00+00:00,0.14646
2026-02-09 10:30:00+00:00,0.1429
2026-02-09 10:45:00+00:00,0.13715
2026-02-09 11:00:00+00:00,0.14319
2026-02-09 11:15:00+00:00,0.13808
2026-02-09 11:30:00+00:00,0.13518
2026-02-09 11:45:00+00:00,0.13184
2026-02-09 12:00:00+00:00,0.13623
2026-02-09 12:15:00+00:00,0.13759
2026-02-09 12:30:00+00:00,0.13426
2026-02-09 12:45:00+00:00,0.13202
2026-02-09 13:00:00+00:00,0.12366
2026-02-09 13:15:00+00:00,0.13363
2026-02-09 13:30:00+00:00,0.14214
2026-02-09 13:45:00+00:00,0.1512
2026-02-09 14:00:00+00:00,0.12885
2026-02-09 14:15:00+00:00,0.13868
2026-02-09 14:30:00+00:00,0.15778
2026-02-09 14:45:00+00:00,0.171
2026-02-09 15:00:00+00:00,0.14173
2026-02-09 15:15:00+00:00,0.16039
2026-02-09 15:30:00+00:00,0.18382
2026-02-09 15:45:00+00:00,0.18999
2026-02-09 16:00:00+00:00,0.18686
2026-02-09 16:15:00+00:00,0.23357
2026-02-09 16:30:00+00:00,0.24477
2026-02-09 16:45:00+00:00,0.24365
2026-02-09 17:00:00+00:00,0.19661
2026-02-09 17:15:00+00:00,0.18603
2026-02-09 17:30:00+00:00,0.171
2026-02-09 17:45:00+00:00,0.17526
2026-02-09 18:00:00+00:00,0.18792
2026-02-09 18:15:00+00:00,0.17054
2026-02-09 18:30:00+00:00,0.16074
2026-02-09 18:45:00+00:00,0.14404
2026-02-09 19:00:00+00:00,0.16288
2026-02-09 19:15:00+00:00,0.14831
2026-02-09 19:30:00+00:00,0.13951
2026-02-09 19:45:00+00:00,0.12581
2026-02-09 20:00:00+00:00,0.14631
2026-02-09 20:15:00+00:00,0.14266
2026-02-09 20:30:00+00:00,0.13105
2026-02-09 20:45:00+00:00,0.11838
2026-02-09 21:00:00+00:00,0.13045
2026-02-09 21:15:00+00:00,0.12432
2026-02-09 21:30:00+00:00,0.12309
2026-02-09 21:45:00+00:00,0.11372
2026-02-09 22:00:00+00:00,0.11703
2026-02-09 22:15:00+00:00,0.10909
2026-02-09 22:30:00+00:00,0.10719
2026-02-09 22:45:00+00:00,0.10238
2026-02-09 23:00:00+00:00,0.10637
2026-02-09 23:15:00+00:00,0.10465
2026-02-09 23:30:00+00:00,0.10398
2026-02-09 23:45:00+00:00,0.10357
2026-02-10 00:00:00+00:00,0.10503
2026-02-10 00:15:00+00:00,0.10403
2026-02-10 00:30:00+00:00,0.10304
2026-02-10 00:45:00+00:00,0.10288
2026-02-10 01:00:00+00:00,0.10321
2026-02-10 01:15:00+00:00,0.10254
2026-02-10 01:30:00+00:00,0.10251
2026-02-10 01:45:00+00:00,0.10273
2026-02-10 02:00:00+00:00,0.10283
2026-02-10 02:15:00+00:00,0.10258
2026-02-10 02:30:00+00:00,0.10223
2026-02-10 02:45:00+00:00,0.1021
2026-02-10 03:00:00+00:00,0.10202
2026-02-10 03:15:00+00:00,0.1007
2026-02-10 03:30:00+00:00,0.10295
2026-02-10 03:45:00+00:00,0.10407
2026-02-10 04:00:00+00:00,0.10359
2026-02-10 04:15:00+00:00,0.1032
2026-02-10 04:30:00+00:00,0.10481
2026-02-10 04:45:00+00:00,0.11011
2026-02-10 05:00:00+00:00,0.1025
2026-02-10 05:15:00+00:00,0.11226
2026-02-10 05:30:00+00:00,0.12449
2026-02-10 05:45:00+00:00,0.14042
2026-02-10 06:00:00+00:00,0.12295
2026-02-10 06:15:00+00:00,0.13057
2026-02-10 06:30:00+00:00,0.1412
2026-02-10 06:45:00+00:00,0.14484
2026-02-10 07:00:00+00:00,0.14649
2026-02-10 07:15:00+00:00,0.1501
2026-02-10 07:30:00+00:00,0.14192
2026-02-10 07:45:00+00:00,0.1368
2026-02-10 08:00:00+00:00,0.1416
2026-02-10 08:15:00+00:00,0.13557
2026-02-10 08:30:00+00:00,0.12951
2026-02-10 08:45:00+00:00,0.12165
2026-02-10 09:00:00+00:00,0.14167
2026-02-10 09:15:00+00:00,0.131
2026-02-10 09:30:00+00:00,0.12616
2026-02-10 09:45:00+00:00,0.11752
2026-02-10 10:00:00+00:00,0.12996
2026-02-10 10:15:00+00:00,0.12403
2026-02-10 10:30:00+00:00,0.11504
2026-02-10 10:45:00+00:00,0.10874
2026-02-10 11:00:00+00:00,0.11255
2026-02-10 11:15:00+00:00,0.10728
2026-02-10 11:30:00+00:00,0.10913
2026-02-10 11:45:00+00:00,0.10793
2026-02-10 12:00:00+00:00,0.11026
2026-02-10 12:15:00+00:00,0.10742
2026-02-10 12:30:00+00:00,0.10936
2026-02-10 12:45:00+00:00,0.11084
2026-02-10 13:00:00+00:00,0.10879
2026-02-10 13:15:00+00:00,0.1124
2026-02-10 13:30:00+00:00,0.11912
2026-02-10 13:45:00+00:00,0.12458
2026-02-10 14:00:00+00:00,0.11874
2026-02-10 14:15:00+00:00,0.12228
2026-02-10 14:30:00+00:00,0.13465
2026-02-10 14:45:00+00:00,0.13679
2026-02-10 15:00:00+00:00,0.12009
2026-02-10 15:15:00+00:00,0.12742
2026-02-10 15:30:00+00:00,0.12616
2026-02-10 15:45:00+00:00,0.13698
2026-02-10 16:00:00+00:00,0.13045
2026-02-10 16:15:00+00:00,0.13101
2026-02-10 16:30:00+00:00,0.13889
2026-02-10 16:45:00+00:00,0.14062
2026-02-10 17:00:00+00:00,0.14129
2026-02-10 17:15:00+00:00,0.13594
2026-02-10 17:30:00+00:00,0.12953
2026-02-10 17:45:00+00:00,0.12009
2026-02-10 18:00:00+00:00,0.13044
2026-02-10 18:15:00+00:00,0.12428
2026-02-10 18:30:00+00:00,0.11848
2026-02-10 18:45:00+00:00,0.10811
2026-02-10 19:00:00+00:00,0.12278
2026-02-10 19:15:00+00:00,0.11257
2026-02-10 19:30:00+00:00,0.10528
2026-02-10 19:45:00+00:00,0.10438
2026-02-10 20:00:00+00:00,0.11052
2026-02-10 20:15:00+00:00,0.10738
2026-02-10 20:30:00+00:00,0.10656
2026-02-10 20:45:00+00:00,0.10417
2026-02-10 21:00:00+00:00,0.10933
2026-02-10 21:15:00+00:00,0.10791
2026-02-10 21:30:00+00:00,0.10632
2026-02-10 21:45:00+00:00,0.1032
2026-02-10 22:00:00+00:00,0.10603
2026-02-10 22:15:00+00:00,0.10342
2026-02-10 22:30:00+00:00,0.0994
2026-02-10 22:45:00+00:00,0.09326
2026-02-10 23:00:00+00:00,0.09696
2026-02-10 23:15:00+00:00,0.09718
2026-02-10 23:30:00+00:00,0.09703
2026-02-10 23:45:00+00:00,0.09596
2026-02-11 00:00:00+00:00,0.09712
2026-02-11 00:15:00+00:00,0.09699
2026-02-11 00:30:00+00:00,0.0967
2026-02-11 00:45:00+00:00,0.09571
2026-02-11 01:00:00+00:00,0.09684
2026-02-11 01:15:00+00:00,0.09537
2026-02-11 01:30:00+00:00,0.0951
2026-02-11 01:45:00+00:00,0.09511
2026-02-11 02:00:00+00:00,0.09487
2026-02-11 02:15:00+00:00,0.09487
2026-02-11 02:30:00+00:00,0.09487
2026-02-11 02:45:00+00:00,0.09411
2026-02-11 03:00:00+00:00,0.09487
2026-02-11 03:15:00+00:00,0.09477
2026-02-11 03:30:00+00:00,0.09487
2026-02-11 03:45:00+00:00,0.09487
2026-02-11 04:00:00+00:00,0.09483
2026-02-11 04:15:00+00:00,0.09605
2026-02-11 04:30:00+00:00,0.10065
2026-02-11 04:45:00+00:00,0.10504
2026-02-11 05:00:00+00:00,0.0984
2026-02-11 05:15:00+00:00,0.10674
2026-02-11 05:30:00+00:00,0.11291
2026-02-11 05:45:00+00:00,0.12386
2026-02-11 06:00:00+00:00,0.11326
2026-02-11 06:15:00+00:00,0.1305
2026-02-11 06:30:00+00:00,0.13621
2026-02-11 06:45:00+00:00,0.13603
2026-02-11 07:00:00+00:00,0.13448
2026-02-11 07:15:00+00:00,0.1369
2026-02-11 07:30:00+00:00,0.141
2026-02-11 07:45:00+00:00,0.13589
2026-02-11 08:00:00+00:00,0.13436
2026-02-11 08:15:00+00:00,0.13283
2026-02-11 08:30:00+00:00,0.13164
2026-02-11 08:45:00+00:00,0.12692
2026-02-11 09:00:00+00:00,0.131
2026-02-11 09:15:00+00:00,0.12893
2026-02-11 09:30:00+00:00,0.12552
2026-02-11 09:45:00+00:00,0.12455
2026-02-11 10:00:00+00:00,0.13142
2026-02-11 10:15:00+00:00,0.13061
2026-02-11 10:30:00+00:00,0.12317
2026-02-11 10:45:00+00:00,0.11856
2026-02-11 11:00:00+00:00,0.11987
2026-02-11 11:15:00+00:00,0.11605
2026-02-11 11:30:00+00:00,0.11382
2026-02-11 11:45:00+00:00,0.11371
2026-02-11 12:00:00+00:00,0.11917
2026-02-11 12:15:00+00:00,0.11805
2026-02-11 12:30:00+00:00,0.11601
2026-02-11 12:45:00+00:00,0.11357
2026-02-11 13:00:00+00:00,0.11428
2026-02-11 13:15:00+00:00,0.1165
2026-02-11 13:30:00+00:00,0.11714
2026-02-11 13:45:00+00:00,0.11888
2026-02-11 14:00:00+00:00,0.11637
2026-02-11 14:15:00+00:00,0.11634
2026-02-11 14:30:00+00:00,0.119
2026-02-11 14:45:00+00:00,0.12103
2026-02-11 15:00:00+00:00,0.11725
2026-02-11 15:15:00+00:00,0.11826
2026-02-11 15:30:00+00:00,0.12199
2026-02-11 15:45:00+00:00,0.13176
2026-02-11 16:00:00+00:00,0.11971
2026-02-11 16:15:00+00:00,0.12983
2026-02-11 16:30:00+00:00,0.13014
2026-02-11 16:45:00+00:00,0.13192
2026-02-11 17:00:00+00:00,0.13101
2026-02-11 17:15:00+00:00,0.12806
2026-02-11 17:30:00+00:00,0.1234
2026-02-11 17:45:00+00:00,0.11939
2026-02-11 18:00:00+00:00,0.12296
2026-02-11 18:15:00+00:00,0.11177
2026-02-11 18:30:00+00:00,0.10741
2026-02-11 18:45:00+00:00,0.10594
2026-02-11 19:00:00+00:00,0.10917
2026-02-11 19:15:00+00:00,0.10636
2026-02-11 19:30:00+00:00,0.10359
2026-02-11 19:45:00+00:00,0.10059
2026-02-11 20:00:00+00:00,0.10741
2026-02-11 20:15:00+00:00,0.10693
2026-02-11 20:30:00+00:00,0.10467
2026-02-11 20:45:00+00:00,0.09851
2026-02-11 21:00:00+00:00,0.10611
2026-02-11 21:15:00+00:00,0.10351
2026-02-11 21:30:00+00:00,0.09999
2026-02-11 21:45:00+00:00,0.09838
2026-02-11 22:00:00+00:00,0.10231
2026-02-11 22:15:00+00:00,0.09633
2026-02-11 22:30:00+00:00,0.09389
2026-02-11 22:45:00+00:00,0.0887
2026-02-11 23:00:00+00:00,0.09002
2026-02-11 23:15:00+00:00,0.0874
2026-02-11 23:30:00+00:00,0.08911
2026-02-11 23:45:00+00:00,0.08624
2026-02-12 00:00:00+00:00,0.08807
2026-02-12 00:15:00+00:00,0.08655
2026-02-12 00:30:00+00:00,0.0876
2026-02-12 00:45:00+00:00,0.0881
2026-02-12 01:00:00+00:00,0.08694
2026-02-12 01:15:00+00:00,0.08745
2026-02-12 01:30:00+00:00,0.08577
2026-02-12 01:45:00+00:00,0.08465
2026-02-12 02:00:00+00:00,0.08503
2026-02-12 02:15:00+00:00,0.08376
2026-02-12 02:30:00+00:00,0.08493
2026-02-12 02:45:00+00:00,0.08585
2026-02-12 03:00:00+00:00,0.08507
2026-02-12 03:15:00+00:00,0.0857
2026-02-12 03:30:00+00:00,0.08609
2026-02-12 03:45:00+00:00,0.08719
2026-02-12 04:00:00+00:00,0.08665
2026-02-12 04:15:00+00:00,0.0872
2026-02-12 04:30:00+00:00,0.09049
2026-02-12 04:45:00+00:00,0.09338
2026-02-12 05:00:00+00:00,0.0907
2026-02-12 05:15:00+00:00,0.09729
2026-02-12 05:30:00+00:00,0.10396
2026-02-12 05:45:00+00:00,0.1075
2026-02-12 06:00:00+00:00,0.1031
2026-02-12 06:15:00+00:00,0.115
2026-02-12 06:30:00+00:00,0.12104
2026-02-12 06:45:00+00:00,0.12489
2026-02-12 07:00:00+00:00,0.12267
2026-02-12 07:15:00+00:00,0.12392
2026-02-12 07:30:00+00:00,0.12368
2026-02-12 07:45:00+00:00,0.12202
2026-02-12 08:00:00+00:00,0.12967
2026-02-12 08:15:00+00:00,0.12303
2026-02-12 08:30:00+00:00,0.11745
2026-02-12 08:45:00+00:00,0.11467
2026-02-12 09:00:00+00:00,0.12464
2026-02-12 09:15:00+00:00,0.11627
2026-02-12 09:30:00+00:00,0.11513
2026-02-12 09:45:00+00:00,0.11404
2026-02-12 10:00:00+00:00,0.11492
2026-02-12 10:15:00+00:00,0.11316
2026-02-12 10:30:00+00:00,0.1101
2026-02-12 10:45:00+00:00,0.10643
2026-02-12 11:00:00+00:00,0.10759
2026-02-12 11:15:00+00:00,0.10495
2026-02-12 11:30:00+00:00,0.10544
2026-02-12 11:45:00+00:00,0.10408
2026-02-12 12:00:00+00:00,0.10548
2026-02-12 12:15:00+00:00,0.10444
2026-02-12 12:30:00+00:00,0.10287
2026-02-12 12:45:00+00:00,0.10143
2026-02-12 13:00:00+00:00,0.10437
2026-02-12 13:15:00+00:00,0.1047
2026-02-12 13:30:00+00:00,0.10548
2026-02-12 13:45:00+00:00,0.1063
2026-02-12 14:00:00+00:00,0.10356
2026-02-12 14:15:00+00:00,0.10326
2026-02-12 14:30:00+00:00,0.10947
2026-02-12 14:45:00+00:00,0.11563
2026-02-12 15:00:00+00:00,0.10391
2026-02-12 15:15:00+00:00,0.10715
2026-02-12 15:30:00+00:00,0.11361
2026-02-12 15:45:00+00:00,0.11847
2026-02-12 16:00:00+00:00,0.10902
2026-02-12 16:15:00+00:00,0.12171
2026-02-12 16:30:00+00:00,0.1298
2026-02-12 16:45:00+00:00,0.13167
2026-02-12 17:00:00+00:00,0.13001
2026-02-12 17:15:00+00:00,0.12813
2026-02-12 17:30:00+00:00,0.12315
2026-02-12 17:45:00+00:00,0.12136
2026-02-12 18:00:00+00:00,0.13211
2026-02-12 18:15:00+00:00,0.12416
2026-02-12 18:30:00+00:00,0.11701
2026-02-12 18:45:00+00:00,0.11021
2026-02-12 19:00:00+00:00,0.12627
2026-02-12 19:15:00+00:00,0.10729
2026-02-12 19:30:00+00:00,0.10315
2026-02-12 19:45:00+00:00,0.0997
2026-02-12 20:00:00+00:00,0.1066
2026-02-12 20:15:00+00:00,0.10312
2026-02-12 20:30:00+00:00,0.09819
2026-02-12 20:45:00+00:00,0.09086
2026-02-12 21:00:00+00:00,0.10459
2026-02-12 21:15:00+00:00,0.09666
2026-02-12 21:30:00+00:00,0.09413
2026-02-12 21:45:00+00:00,0.09332
2026-02-12 22:00:00+00:00,0.09842
2026-02-12 22:15:00+00:00,0.09093
2026-02-12 22:30:00+00:00,0.08592
2026-02-12 22:45:00+00:00,0.08206
2026-02-12 23:00:00+00:00,0.08572
2026-02-12 23:15:00+00:00,0.08502
2026-02-12 23:30:00+00:00,0.08316
2026-02-12 23:45:00+00:00,0.08153
2026-02-13 00:00:00+00:00,0.0839
2026-02-13 00:15:00+00:00,0.08389
2026-02-13 00:30:00+00:00,0.08336
2026-02-13 00:45:00+00:00,0.08349
2026-02-13 01:00:00+00:00,0.08172
2026-02-13 01:15:00+00:00,0.08205
2026-02-13 01:30:00+00:00,0.08243
2026-02-13 01:45:00+00:00,0.08267
2026-02-13 02:00:00+00:00,0.08118
2026-02-13 02:15:00+00:00,0.08187
2026-02-13 02:30:00+00:00,0.08231
2026-02-13 02:45:00+00:00,0.08206
2026-02-13 03:00:00+00:00,0.08157
2026-02-13 03:15:00+00:00,0.08266
2026-02-13 03:30:00+00:00,0.08389
2026-02-13 03:45:00+00:00,0.08528
2026-02-13 04:00:00+00:00,0.08406
2026-02-13 04:15:00+00:00,0.08366
2026-02-13 04:30:00+00:00,0.08775
2026-02-13 04:45:00+00:00,0.09328
2026-02-13 05:00:00+00:00,0.08442
2026-02-13 05:15:00+00:00,0.09356
2026-02-13 05:30:00+00:00,0.10367
2026-02-13 05:45:00+00:00,0.11326
2026-02-13 06:00:00+00:00,0.10521
2026-02-13 06:15:00+00:00,0.11926
2026-02-13 06:30:00+00:00,0.12164
2026-02-13 06:45:00+00:00,0.1248
2026-02-13 07:00:00+00:00,0.12221
2026-02-13 07:15:00+00:00,0.12586
2026-02-13 07:30:00+00:00,0.12458
2026-02-13 07:45:00+00:00,0.12275
2026-02-13 08:00:00+00:00,0.12875
2026-02-13 08:15:00+00:00,0.1238
2026-02-13 08:30:00+00:00,0.11543
2026-02-13 08:45:00+00:00,0.10862
2026-02-13 09:00:00+00:00,0.11271
2026-02-13 09:15:00+00:00,0.10788
2026-02-13 09:30:00+00:00,0.10438
2026-02-13 09:45:00+00:00,0.1006
2026-02-13 10:00:00+00:00,0.10418
2026-02-13 10:15:00+00:00,0.1017
2026-02-13 10:30:00+00:00,0.09954
2026-02-13 10:45:00+00:00,0.0987
2026-02-13 11:00:00+00:00,0.09862
2026-02-13 11:15:00+00:00,0.09741
2026-02-13 11:30:00+00:00,0.09703
2026-02-13 11:45:00+00:00,0.09614
2026-02-13 12:00:00+00:00,0.09649
2026-02-13 12:15:00+00:00,0.09694
2026-02-13 12:30:00+00:00,0.09861
2026-02-13 12:45:00+00:00,0.09794
2026-02-13 13:00:00+00:00,0.09893
2026-02-13 13:15:00+00:00,0.09974
2026-02-13 13:30:00+00:00,0.1036
2026-02-13 13:45:00+00:00,0.10609
2026-02-13 14:00:00+00:00,0.10573
2026-02-13 14:15:00+00:00,0.11195
2026-02-13 14:30:00+00:00,0.12263
2026-02-13 14:45:00+00:00,0.13208
2026-02-13 15:00:00+00:00,0.11797
2026-02-13 15:15:00+00:00,0.12234
2026-02-13 15:30:00+00:00,0.12663
2026-02-13 15:45:00+00:00,0.13668
2026-02-13 16:00:00+00:00,0.12262
2026-02-13 16:15:00+00:00,0.13177
2026-02-13 16:30:00+00:00,0.1357
2026-02-13 16:45:00+00:00,0.13785
2026-02-13 17:00:00+00:00,0.14035
2026-02-13 17:15:00+00:00,0.13588
2026-02-13 17:30:00+00:00,0.13476
2026-02-13 17:45:00+00:00,0.1331
2026-02-13 18:00:00+00:00,0.14463
2026-02-13 18:15:00+00:00,0.13485
2026-02-13 18:30:00+00:00,0.12769
2026-02-13 18:45:00+00:00,0.1204
2026-02-13 19:00:00+00:00,0.137
2026-02-13 19:15:00+00:00,0.13066
2026-02-13 19:30:00+00:00,0.122
2026-02-13 19:45:00+00:00,0.11434
2026-02-13 20:00:00+00:00,0.12741
2026-02-13 20:15:00+00:00,0.1218
2026-02-13 20:30:00+00:00,0.1147
2026-02-13 20:45:00+00:00,0.10641
2026-02-13 21:00:00+00:00,0.11988
2026-02-13 21:15:00+00:00,0.11036
2026-02-13 21:30:00+00:00,0.10671
2026-02-13 21:45:00+00:00,0.10284
2026-02-13 22:00:00+00:00,0.10635
2026-02-13 22:15:00+00:00,0.10219
2026-02-13 22:30:00+00:00,0.10072
2026-02-13 22:45:00+00:00,0.09417
2026-02-13 23:00:00+00:00,0.10397
2026-02-13 23:15:00+00:00,0.0987
2026-02-13 23:30:00+00:00,0.09402
2026-02-13 23:45:00+00:00,0.09128
2026-02-14 00:00:00+00:00,0.09483
2026-02-14 00:15:00+00:00,0.09376
2026-02-14 00:30:00+00:00,0.09055
2026-02-14 00:45:00+00:00,0.08818
2026-02-14 01:00:00+00:00,0.0919
2026-02-14 01:15:00+00:00,0.08896
2026-02-14 01:30:00+00:00,0.08721
2026-02-14 01:45:00+00:00,0.08829
2026-02-14 02:00:00+00:00,0.09169
2026-02-14 02:15:00+00:00,0.08876
2026-02-14 02:30:00+00:00,0.08745
2026-02-14 02:45:00+00:00,0.08679
2026-02-14 03:00:00+00:00,0.08763
2026-02-14 03:15:00+00:00,0.08807
2026-02-14 03:30:00+00:00,0.08755
2026-02-14 03:45:00+00:00,0.08678
2026-02-14 04:00:00+00:00,0.08835
2026-02-14 04:15:00+00:00,0.08662
2026-02-14 04:30:00+00:00,0.08924
2026-02-14 04:45:00+00:00,0.09079
2026-02-14 05:00:00+00:00,0.08894
2026-02-14 05:15:00+00:00,0.0895
2026-02-14 05:30:00+00:00,0.08963
2026-02-14 05:45:00+00:00,0.0928
2026-02-14 06:00:00+00:00,0.09094
2026-02-14 06:15:00+00:00,0.09052
2026-02-14 06:30:00+00:00,0.09415
2026-02-14 06:45:00+00:00,0.09686
2026-02-14 07:00:00+00:00,0.0971
2026-02-14 07:15:00+00:00,0.10241
2026-02-14 07:30:00+00:00,0.1039
2026-02-14 07:45:00+00:00,0.10392
2026-02-14 08:00:00+00:00,0.11011
2026-02-14 08:15:00+00:00,0.10913
2026-02-14 08:30:00+00:00,0.10696
2026-02-14 08:45:00+00:00,0.10376
2026-02-14 09:00:00+00:00,0.10993
2026-02-14 09:15:00+00:00,0.10489
2026-02-14 09:30:00+00:00,0.10264
2026-02-14 09:45:00+00:00,0.09842
2026-02-14 10:00:00+00:00,0.10149
2026-02-14 10:15:00+00:00,0.09881
2026-02-14 10:30:00+00:00,0.09687
2026-02-14 10:45:00+00:00,0.09548
2026-02-14 11:00:00+00:00,0.09684
2026-02-14 11:15:00+00:00,0.09654
2026-02-14 11:30:00+00:00,0.09462
2026-02-14 11:45:00+00:00,0.09264
2026-02-14 12:00:00+00:00,0.09524
2026-02-14 12:15:00+00:00,0.09478
2026-02-14 12:30:00+00:00,0.09247
2026-02-14 12:45:00+00:00,0.0934
2026-02-14 13:00:00+00:00,0.09193
2026-02-14 13:15:00+00:00,0.09521
2026-02-14 13:30:00+00:00,0.09787
2026-02-14 13:45:00+00:00,0.10344
2026-02-14 14:00:00+00:00,0.09877
2026-02-14 14:15:00+00:00,0.10192
2026-02-14 14:30:00+00:00,0.10649
2026-02-14 14:45:00+00:00,0.11263
2026-02-14 15:00:00+00:00,0.10496
2026-02-14 15:15:00+00:00,0.11463
2026-02-14 15:30:00+00:00,0.12234
2026-02-14 15:45:00+00:00,0.12562
2026-02-14 16:00:00+00:00,0.11379
2026-02-14 16:15:00+00:00,0.1252
2026-02-14 16:30:00+00:00,0.13194
2026-02-14 16:45:00+00:00,0.13347
2026-02-14 17:00:00+00:00,0.13101
2026-02-14 17:15:00+00:00,0.13222
2026-02-14 17:30:00+00:00,0.13392
2026-02-14 17:45:00+00:00,0.13056
2026-02-14 18:00:00+00:00,0.135
2026-02-14 18:15:00+00:00,0.1294
2026-02-14 18:30:00+00:00,0.127
2026-02-14 18:45:00+00:00,0.12348
2026-02-14 19:00:00+00:00,0.12999
2026-02-14 19:15:00+00:00,0.12673
2026-02-14 19:30:00+00:00,0.11833
2026-02-14 19:45:00+00:00,0.11772
2026-02-14 20:00:00+00:00,0.12628
2026-02-14 20:15:00+00:00,0.12097
2026-02-14 20:30:00+00:00,0.11401
2026-02-14 20:45:00+00:00,0.10666
2026-02-14 21:00:00+00:00,0.12088
2026-02-14 21:15:00+00:00,0.11323
2026-02-14 21:30:00+00:00,0.10694
2026-02-14 21:45:00+00:00,0.10376
2026-02-14 22:00:00+00:00,0.10375
2026-02-14 22:15:00+00:00,0.10342
2026-02-14 22:30:00+00:00,0.1009
2026-02-14 22:45:00+00:00,0.09633
2026-02-14 23:00:00+00:00,0.10751
2026-02-14 23:15:00+00:00,0.10167
2026-02-14 23:30:00+00:00,0.09967
2026-02-14 23:45:00+00:00,0.09826
2026-02-15 00:00:00+00:00,0.1039
2026-02-15 00:15:00+00:00,0.10044
2026-02-15 00:30:00+00:00,0.09906
2026-02-15 00:45:00+00:00,0.09639
2026-02-15 01:00:00+00:00,0.10054
2026-02-15 01:15:00+00:00,0.10075
2026-02-15 01:30:00+00:00,0.1009
2026-02-15 01:45:00+00:00,0.10083
2026-02-15 02:00:00+00:00,0.10029
2026-02-15 02:15:00+00:00,0.09915
2026-02-15 02:30:00+00:00,0.09735
2026-02-15 02:45:00+00:00,0.09531
2026-02-15 03:00:00+00:00,0.09825
2026-02-15 03:15:00+00:00,0.0975
2026-02-15 03:30:00+00:00,0.09559
2026-02-15 03:45:00+00:00,0.09474
2026-02-15 04:00:00+00:00,0.09667
2026-02-15 04:15:00+00:00,0.09389
2026-02-15 04:30:00+00:00,0.09319
2026-02-15 04:45:00+00:00,0.09367
2026-02-15 05:00:00+00:00,0.09285
2026-02-15 05:15:00+00:00,0.09419
2026-02-15 05:30:00+00:00,0.09473
2026-02-15 05:45:00+00:00,0.0949
2026-02-15 06:00:00+00:00,0.09658
2026-02-15 06:15:00+00:00,0.09497
2026-02-15 06:30:00+00:00,0.09625
2026-02-15 06:45:00+00:00,0.09666
2026-02-15 07:00:00+00:00,0.10067
2026-02-15 07:15:00+00:00,0.09754
2026-02-15 07:30:00+00:00,0.09567
2026-02-15 07:45:00+00:00,0.09332
2026-02-15 08:00:00+00:00,0.09915
2026-02-15 08:15:00+00:00,0.0943
2026-02-15 08:30:00+00:00,0.09251
2026-02-15 08:45:00+00:00,0.0863
2026-02-15 09:00:00+00:00,0.09149
2026-02-15 09:15:00+00:00,0.08674
2026-02-15 09:30:00+00:00,0.08292
2026-02-15 09:45:00+00:00,0.07092
2026-02-15 10:00:00+00:00,0.07973
2026-02-15 10:15:00+00:00,0.07639
2026-02-15 10:30:00+00:00,0.07442
2026-02-15 10:45:00+00:00,0.06835
2026-02-15 11:00:00+00:00,0.06992
2026-02-15 11:15:00+00:00,0.0713
2026-02-15 11:30:00+00:00,0.06669
2026-02-15 11:45:00+00:00,0.06157
2026-02-15 12:00:00+00:00,0.06688
2026-02-15 12:15:00+00:00,0.06472
2026-02-15 12:30:00+00:00,0.06404
2026-02-15 12:45:00+00:00,0.06199
2026-02-15 13:00:00+00:00,0.06371
2026-02-15 13:15:00+00:00,0.0603
2026-02-15 13:30:00+00:00,0.06583
2026-02-15 13:45:00+00:00,0.06785
2026-02-15 14:00:00+00:00,0.06205
2026-02-15 14:15:00+00:00,0.06637
2026-02-15 14:30:00+00:00,0.07429
2026-02-15 14:45:00+00:00,0.0851
2026-02-15 15:00:00+00:00,0.0712
2026-02-15 15:15:00+00:00,0.08267
2026-02-15 15:30:00+00:00,0.08868
2026-02-15 15:45:00+00:00,0.09427
2026-02-15 16:00:00+00:00,0.0925
2026-02-15 16:15:00+00:00,0.09699
2026-02-15 16:30:00+00:00,0.0985
2026-02-15 16:45:00+00:00,0.09755
2026-02-15 17:00:00+00:00,0.09973
2026-02-15 17:15:00+00:00,0.09998
2026-02-15 17:30:00+00:00,0.09882
2026-02-15 17:45:00+00:00,0.09428
2026-02-15 18:00:00+00:00,0.0927
2026-02-15 18:15:00+00:00,0.08791
2026-02-15 18:30:00+00:00,0.0819
2026-02-15 18:45:00+00:00,0.07194
2026-02-15 19:00:00+00:00,0.08282
2026-02-15 19:15:00+00:00,0.0767
2026-02-15 19:30:00+00:00,0.06949
2026-02-15 19:45:00+00:00,0.055
2026-02-15 20:00:00+00:00,0.07493
2026-02-15 20:15:00+00:00,0.07025
2026-02-15 20:30:00+00:00,0.06594
2026-02-15 20:45:00+00:00,0.05793
2026-02-15 21:00:00+00:00,0.073
2026-02-15 21:15:00+00:00,0.06694
2026-02-15 21:30:00+00:00,0.06518
2026-02-15 21:45:00+00:00,0.05734
2026-02-15 22:00:00+00:00,0.0715
2026-02-15 22:15:00+00:00,0.0651
2026-02-15 22:30:00+00:00,0.05849
2026-02-15 22:45:00+00:00,0.03707
2026-02-15 23:00:00+00:00,0.07564
2026-02-15 23:15:00+00:00,0.07409
2026-02-15 23:30:00+00:00,0.06508
2026-02-15 23:45:00+00:00,0.06091
2026-02-16 00:00:00+00:00,0.06929
2026-02-16 00:15:00+00:00,0.06477
2026-02-16 00:30:00+00:00,0.06455
2026-02-16 00:45:00+00:00,0.06289
2026-02-16 01:00:00+00:00,0.06463
2026-02-16 01:15:00+00:00,0.06381
2026-02-16 01:30:00+00:00,0.06463
2026-02-16 01:45:00+00:00,0.06457
2026-02-16 02:00:00+00:00,0.0632
2026-02-16 02:15:00+00:00,0.06371
2026-02-16 02:30:00+00:00,0.06564
2026-02-16 02:45:00+00:00,0.0651
2026-02-16 03:00:00+00:00,0.06301
2026-02-16 03:15:00+00:00,0.06337
2026-02-16 03:30:00+00:00,0.06676
2026-02-16 03:45:00+00:00,0.07107
2026-02-16 04:00:00+00:00,0.0601
2026-02-16 04:15:00+00:00,0.06637
2026-02-16 04:30:00+00:00,0.07591
2026-02-16 04:45:00+00:00,0.07756
2026-02-16 05:00:00+00:00,0.06047
2026-02-16 05:15:00+00:00,0.07323
2026-02-16 05:30:00+00:00,0.08391
2026-02-16 05:45:00+00:00,0.0997
2026-02-16 06:00:00+00:00,0.08237
2026-02-16 06:15:00+00:00,0.09432
2026-02-16 06:30:00+00:00,0.09924
2026-02-16 06:45:00+00:00,0.10036
2026-02-16 07:00:00+00:00,0.09701
2026-02-16 07:15:00+00:00,0.10301
2026-02-16 07:30:00+00:00,0.1031
2026-02-16 07:45:00+00:00,0.10101
2026-02-16 08:00:00+00:00,0.10653
2026-02-16 08:15:00+00:00,0.10414
2026-02-16 08:30:00+00:00,0.104
2026-02-16 08:45:00+00:00,0.10303
2026-02-16 09:00:00+00:00,0.11182
2026-02-16 09:15:00+00:00,0.10201
2026-02-16 09:30:00+00:00,0.0977
2026-02-16 09:45:00+00:00,0.09463
2026-02-16 10:00:00+00:00,0.09758
2026-02-16 10:15:00+00:00,0.09452
2026-02-16 10:30:00+00:00,0.09394
2026-02-16 10:45:00+00:00,0.0934
2026-02-16 11:00:00+00:00,0.09189
2026-02-16 11:15:00+00:00,0.0919
2026-02-16 11:30:00+00:00,0.09227
2026-02-16 11:45:00+00:00,0.09195
2026-02-16 12:00:00+00:00,0.09357
2026-02-16 12:15:00+00:00,0.09346
2026-02-16 12:30:00+00:00,0.09375
2026-02-16 12:45:00+00:00,0.09683
2026-02-16 13:00:00+00:00,0.09099
2026-02-16 13:15:00+00:00,0.09368
2026-02-16 13:30:00+00:00,0.09942
2026-02-16 13:45:00+00:00,0.09996
2026-02-16 14:00:00+00:00,0.09591
2026-02-16 14:15:00+00:00,0.0986
2026-02-16 14:30:00+00:00,0.10787
2026-02-16 14:45:00+00:00,0.11392
2026-02-16 15:00:00+00:00,0.10611
2026-02-16 15:15:00+00:00,0.11465
2026-02-16 15:30:00+00:00,0.11803
2026-02-16 15:45:00+00:00,0.12242
2026-02-16 16:00:00+00:00,0.1202
2026-02-16 16:15:00+00:00,0.12939
2026-02-16 16:30:00+00:00,0.13177
2026-02-16 16:45:00+00:00,0.14006
2026-02-16 17:00:00+00:00,0.13203
2026-02-16 17:15:00+00:00,0.12922
2026-02-16 17:30:00+00:00,0.1288
2026-02-16 17:45:00+00:00,0.12642
2026-02-16 18:00:00+00:00,0.13314
2026-02-16 18:15:00+00:00,0.12659
2026-02-16 18:30:00+00:00,0.12661
2026-02-16 18:45:00+00:00,0.11908
2026-02-16 19:00:00+00:00,0.12179
2026-02-16 19:15:00+00:00,0.1195
2026-02-16 19:30:00+00:00,0.11381
2026-02-16 19:45:00+00:00,0.10743
2026-02-16 20:00:00+00:00,0.11226
2026-02-16 20:15:00+00:00,0.10794
2026-02-16 20:30:00+00:00,0.09973
2026-02-16 20:45:00+00:00,0.09566
2026-02-16 21:00:00+00:00,0.106
2026-02-16 21:15:00+00:00,0.10498
2026-02-16 21:30:00+00:00,0.10123
2026-02-16 21:45:00+00:00,0.09547
2026-02-16 22:00:00+00:00,0.10158
2026-02-16 22:15:00+00:00,0.09464
2026-02-16 22:30:00+00:00,0.08932
2026-02-16 22:45:00+00:00,0.08548
2026-02-16 23:00:00+00:00,0.08945
2026-02-16 23:15:00+00:00,0.08809
2026-02-16 23:30:00+00:00,0.08573
2026-02-16 23:45:00+00:00,0.08481
2026-02-17 00:00:00+00:00,0.08656
2026-02-17 00:15:00+00:00,0.08478
2026-02-17 00:30:00+00:00,0.08481
2026-02-17 00:45:00+00:00,0.08427
2026-02-17 01:00:00+00:00,0.08445
2026-02-17 01:15:00+00:00,0.08439
2026-02-17 01:30:00+00:00,0.08527
2026-02-17 01:45:00+00:00,0.08501
2026-02-17 02:00:00+00:00,0.08633
2026-02-17 02:15:00+00:00,0.08585
2026-02-17 02:30:00+00:00,0.08592
2026-02-17 02:45:00+00:00,0.0845
2026-02-17 03:00:00+00:00,0.08247
2026-02-17 03:15:00+00:00,0.08605
2026-02-17 03:30:00+00:00,0.08378
2026-02-17 03:45:00+00:00,0.08697
2026-02-17 04:00:00+00:00,0.08321
2026-02-17 04:15:00+00:00,0.08572
2026-02-17 04:30:00+00:00,0.08798
2026-02-17 04:45:00+00:00,0.09846
2026-02-17 05:00:00+00:00,0.08785
2026-02-17 05:15:00+00:00,0.10299
2026-02-17 05:30:00+00:00,0.10555
2026-02-17 05:45:00+00:00,0.1145
2026-02-17 06:00:00+00:00,0.10566
2026-02-17 06:15:00+00:00,0.11015
2026-02-17 06:30:00+00:00,0.11646
2026-02-17 06:45:00+00:00,0.12504
2026-02-17 07:00:00+00:00,0.11804
2026-02-17 07:15:00+00:00,0.11629
2026-02-17 07:30:00+00:00,0.11354
2026-02-17 07:45:00+00:00,0.11155
2026-02-17 08:00:00+00:00,0.12525
2026-02-17 08:15:00+00:00,0.1118
2026-02-17 08:30:00+00:00,0.10588
2026-02-17 08:45:00+00:00,0.10042
2026-02-17 09:00:00+00:00,0.10626
2026-02-17 09:15:00+00:00,0.10313
2026-02-17 09:30:00+00:00,0.10073
2026-02-17 09:45:00+00:00,0.09948
2026-02-17 10:00:00+00:00,0.10041
2026-02-17 10:15:00+00:00,0.09708
2026-02-17 10:30:00+00:00,0.08944
2026-02-17 10:45:00+00:00,0.08529
2026-02-17 11:00:00+00:00,0.08832
2026-02-17 11:15:00+00:00,0.08442
2026-02-17 11:30:00+00:00,0.08371
2026-02-17 11:45:00+00:00,0.07931
2026-02-17 12:00:00+00:00,0.08698
2026-02-17 12:15:00+00:00,0.0831
2026-02-17 12:30:00+00:00,0.079
2026-02-17 12:45:00+00:00,0.08009
2026-02-17 13:00:00+00:00,0.08221
2026-02-17 13:15:00+00:00,0.08203
2026-02-17 13:30:00+00:00,0.08229
2026-02-17 13:45:00+00:00,0.08314
2026-02-17 14:00:00+00:00,0.08211
2026-02-17 14:15:00+00:00,0.08274
2026-02-17 14:30:00+00:00,0.08668
2026-02-17 14:45:00+00:00,0.09398
2026-02-17 15:00:00+00:00,0.09035
2026-02-17 15:15:00+00:00,0.09103
2026-02-17 15:30:00+00:00,0.09203
2026-02-17 15:45:00+00:00,0.10292
2026-02-17 16:00:00+00:00,0.103
2026-02-17 16:15:00+00:00,0.1078
2026-02-17 16:30:00+00:00,0.11184
2026-02-17 16:45:00+00:00,0.12058
2026-02-17 17:00:00+00:00,0.12037
2026-02-17 17:15:00+00:00,0.1215
2026-02-17 17:30:00+00:00,0.13189
2026-02-17 17:45:00+00:00,0.13414
2026-02-17 18:00:00+00:00,0.13339
2026-02-17 18:15:00+00:00,0.12976
2026-02-17 18:30:00+00:00,0.12375
2026-02-17 18:45:00+00:00,0.1195
2026-02-17 19:00:00+00:00,0.11941
2026-02-17 19:15:00+00:00,0.11224
2026-02-17 19:30:00+00:00,0.10843
2026-02-17 19:45:00+00:00,0.10483
2026-02-17 20:00:00+00:00,0.11094
2026-02-17 20:15:00+00:00,0.10519
2026-02-17 20:30:00+00:00,0.09718
2026-02-17 20:45:00+00:00,0.0865
2026-02-17 21:00:00+00:00,0.09804
2026-02-17 21:15:00+00:00,0.09552
2026-02-17 21:30:00+00:00,0.08988
2026-02-17 21:45:00+00:00,0.08946
2026-02-17 22:00:00+00:00,0.09389
2026-02-17 22:15:00+00:00,0.09057
2026-02-17 22:30:00+00:00,0.08826
2026-02-17 22:45:00+00:00,0.08572
2026-02-17 23:00:00+00:00,0.09614
2026-02-17 23:15:00+00:00,0.09666
2026-02-17 23:30:00+00:00,0.09512
2026-02-17 23:45:00+00:00,0.0946
2026-02-18 00:00:00+00:00,0.09466
2026-02-18 00:15:00+00:00,0.09308
2026-02-18 00:30:00+00:00,0.09346
2026-02-18 00:45:00+00:00,0.09305
2026-02-18 01:00:00+00:00,0.09284
2026-02-18 01:15:00+00:00,0.09364
2026-02-18 01:30:00+00:00,0.09385
2026-02-18 01:45:00+00:00,0.09284
2026-02-18 02:00:00+00:00,0.09373
2026-02-18 02:15:00+00:00,0.09244
2026-02-18 02:30:00+00:00,0.09147
2026-02-18 02:45:00+00:00,0.09306
2026-02-18 03:00:00+00:00,0.0904
2026-02-18 03:15:00+00:00,0.09307
2026-02-18 03:30:00+00:00,0.09437
2026-02-18 03:45:00+00:00,0.09583
2026-02-18 04:00:00+00:00,0.09672
2026-02-18 04:15:00+00:00,0.09692
2026-02-18 04:30:00+00:00,0.10099
2026-02-18 04:45:00+00:00,0.11016
2026-02-18 05:00:00+00:00,0.09815
2026-02-18 05:15:00+00:00,0.11162
2026-02-18 05:30:00+00:00,0.12949
2026-02-18 05:45:00+00:00,0.15079
2026-02-18 06:00:00+00:00,0.14845
2026-02-18 06:15:00+00:00,0.16593
2026-02-18 06:30:00+00:00,0.18744
2026-02-18 06:45:00+00:00,0.20093
2026-02-18 07:00:00+00:00,0.20643
2026-02-18 07:15:00+00:00,0.20247
2026-02-18 07:30:00+00:00,0.18248
2026-02-18 07:45:00+00:00,0.15299
2026-02-18 08:00:00+00:00,0.15612
2026-02-18 08:15:00+00:00,0.1476
2026-02-18 08:30:00+00:00,0.12549
2026-02-18 08:45:00+00:00,0.11336
2026-02-18 09:00:00+00:00,0.13354
2026-02-18 09:15:00+00:00,0.11827
2026-02-18 09:30:00+00:00,0.10996
2026-02-18 09:45:00+00:00,0.10175
2026-02-18 10:00:00+00:00,0.1128
2026-02-18 10:15:00+00:00,0.10617
2026-02-18 10:30:00+00:00,0.10434
2026-02-18 10:45:00+00:00,0.10158
2026-02-18 11:00:00+00:00,0.10521
2026-02-18 11:15:00+00:00,0.10081
2026-02-18 11:30:00+00:00,0.09929
2026-02-18 11:45:00+00:00,0.10002
2026-02-18 12:00:00+00:00,0.10236
2026-02-18 12:15:00+00:00,0.10082
2026-02-18 12:30:00+00:00,0.09984
2026-02-18 12:45:00+00:00,0.09899
2026-02-18 13:00:00+00:00,0.09788
2026-02-18 13:15:00+00:00,0.10006
2026-02-18 13:30:00+00:00,0.10616
2026-02-18 13:45:00+00:00,0.11047
2026-02-18 14:00:00+00:00,0.10616
2026-02-18 14:15:00+00:00,0.1095
2026-02-18 14:30:00+00:00,0.11499
2026-02-18 14:45:00+00:00,0.12571
2026-02-18 15:00:00+00:00,0.111
2026-02-18 15:15:00+00:00,0.12043
2026-02-18 15:30:00+00:00,0.12814
2026-02-18 15:45:00+00:00,0.12876
2026-02-18 16:00:00+00:00,0.13799
2026-02-18 16:15:00+00:00,0.1373
2026-02-18 16:30:00+00:00,0.14238
2026-02-18 16:45:00+00:00,0.14395
2026-02-18 17:00:00+00:00,0.15349
2026-02-18 17:15:00+00:00,0.14494
2026-02-18 17:30:00+00:00,0.13909
2026-02-18 17:45:00+00:00,0.13287
2026-02-18 18:00:00+00:00,0.12954
2026-02-18 18:15:00+00:00,0.1205
2026-02-18 18:30:00+00:00,0.11946
2026-02-18 18:45:00+00:00,0.10987
2026-02-18 19:00:00+00:00,0.11763
2026-02-18 19:15:00+00:00,0.10329
2026-02-18 19:30:00+00:00,0.09778
2026-02-18 19:45:00+00:00,0.09198
2026-02-18 20:00:00+00:00,0.10614
2026-02-18 20:15:00+00:00,0.10121
2026-02-18 20:30:00+00:00,0.08895
2026-02-18 20:45:00+00:00,0.08826
2026-02-18 21:00:00+00:00,0.10194
2026-02-18 21:15:00+00:00,0.09601
2026-02-18 21:30:00+00:00,0.09079
2026-02-18 21:45:00+00:00,0.09165
2026-02-18 22:00:00+00:00,0.09742
2026-02-18 22:15:00+00:00,0.09241
2026-02-18 22:30:00+00:00,0.08692
2026-02-18 22:45:00+00:00,0.08111
2026-02-18 23:00:00+00:00,0.08784
2026-02-18 23:15:00+00:00,0.08329
2026-02-18 23:30:00+00:00,0.08329
2026-02-18 23:45:00+00:00,0.08068
2026-02-19 00:00:00+00:00,0.08675
2026-02-19 00:15:00+00:00,0.08383
2026-02-19 00:30:00+00:00,0.0808
2026-02-19 00:45:00+00:00,0.07602
2026-02-19 01:00:00+00:00,0.08489
2026-02-19 01:15:00+00:00,0.082
2026-02-19 01:30:00+00:00,0.081
2026-02-19 01:45:00+00:00,0.07983
2026-02-19 02:00:00+00:00,0.08358
2026-02-19 02:15:00+00:00,0.08076
2026-02-19 02:30:00+00:00,0.08067
2026-02-19 02:45:00+00:00,0.08079
2026-02-19 03:00:00+00:00,0.07409
2026-02-19 03:15:00+00:00,0.07614
2026-02-19 03:30:00+00:00,0.07871
2026-02-19 03:45:00+00:00,0.08168
2026-02-19 04:00:00+00:00,0.07961
2026-02-19 04:15:00+00:00,0.08226
2026-02-19 04:30:00+00:00,0.08639
2026-02-19 04:45:00+00:00,0.08834
2026-02-19 05:00:00+00:00,0.07998
2026-02-19 05:15:00+00:00,0.08337
2026-02-19 05:30:00+00:00,0.08718
2026-02-19 05:45:00+00:00,0.09792
2026-02-19 06:00:00+00:00,0.08201
2026-02-19 06:15:00+00:00,0.08934
2026-02-19 06:30:00+00:00,0.09355
2026-02-19 06:45:00+00:00,0.09205
2026-02-19 07:00:00+00:00,0.09437
2026-02-19 07:15:00+00:00,0.09784
2026-02-19 07:30:00+00:00,0.09826
2026-02-19 07:45:00+00:00,0.09731
2026-02-19 08:00:00+00:00,0.10563
2026-02-19 08:15:00+00:00,0.10425
2026-02-19 08:30:00+00:00,0.10358
2026-02-19 08:45:00+00:00,0.10098
2026-02-19 09:00:00+00:00,0.10681
2026-02-19 09:15:00+00:00,0.10126
2026-02-19 09:30:00+00:00,0.0983
2026-02-19 09:45:00+00:00,0.09761
2026-02-19 10:00:00+00:00,0.09722
2026-02-19 10:15:00+00:00,0.09684
2026-02-19 10:30:00+00:00,0.0953
2026-02-19 10:45:00+00:00,0.09107
2026-02-19 11:00:00+00:00,0.09452
2026-02-19 11:15:00+00:00,0.09017
2026-02-19 11:30:00+00:00,0.0895
2026-02-19 11:45:00+00:00,0.08981
2026-02-19 12:00:00+00:00,0.09086
2026-02-19 12:15:00+00:00,0.09016
2026-02-19 12:30:00+00:00,0.08976
2026-02-19 12:45:00+00:00,0.08962
2026-02-19 13:00:00+00:00,0.08919
2026-02-19 13:15:00+00:00,0.0897
2026-02-19 13:30:00+00:00,0.08996
2026-02-19 13:45:00+00:00,0.09179
2026-02-19 14:00:00+00:00,0.08528
2026-02-19 14:15:00+00:00,0.08835
2026-02-19 14:30:00+00:00,0.09649
2026-02-19 14:45:00+00:00,0.10023
2026-02-19 15:00:00+00:00,0.088
2026-02-19 15:15:00+00:00,0.09653
2026-02-19 15:30:00+00:00,0.09933
2026-02-19 15:45:00+00:00,0.10171
2026-02-19 16:00:00+00:00,0.09821
2026-02-19 16:15:00+00:00,0.10336
2026-02-19 16:30:00+00:00,0.10893
2026-02-19 16:45:00+00:00,0.11227
2026-02-19 17:00:00+00:00,0.10392
2026-02-19 17:15:00+00:00,0.10695
2026-02-19 17:30:00+00:00,0.12004
2026-02-19 17:45:00+00:00,0.12316
2026-02-19 18:00:00+00:00,0.12365
2026-02-19 18:15:00+00:00,0.11736
2026-02-19 18:30:00+00:00,0.10444
2026-02-19 18:45:00+00:00,0.10009
2026-02-19 19:00:00+00:00,0.11058
2026-02-19 19:15:00+00:00,0.1
2026-02-19 19:30:00+00:00,0.09775
2026-02-19 19:45:00+00:00,0.09361
2026-02-19 20:00:00+00:00,0.10392
2026-02-19 20:15:00+00:00,0.09752
2026-02-19 20:30:00+00:00,0.09709
2026-02-19 20:45:00+00:00,0.09393
2026-02-19 21:00:00+00:00,0.09896
2026-02-19 21:15:00+00:00,0.09686
2026-02-19 21:30:00+00:00,0.08905
2026-02-19 21:45:00+00:00,0.08353
2026-02-19 22:00:00+00:00,0.09072
2026-02-19 22:15:00+00:00,0.08534
2026-02-19 22:30:00+00:00,0.0832
2026-02-19 22:45:00+00:00,0.08148
2026-02-19 23:00:00+00:00,0.08753
2026-02-19 23:15:00+00:00,0.08516
2026-02-19 23:30:00+00:00,0.08627
2026-02-19 23:45:00+00:00,0.08528
2026-02-20 00:00:00+00:00,0.08683
2026-02-20 00:15:00+00:00,0.08657
2026-02-20 00:30:00+00:00,0.08562
2026-02-20 00:45:00+00:00,0.08469
2026-02-20 01:00:00+00:00,0.08625
2026-02-20 01:15:00+00:00,0.08528
2026-02-20 01:30:00+00:00,0.08457
2026-02-20 01:45:00+00:00,0.08565
2026-02-20 02:00:00+00:00,0.08474
2026-02-20 02:15:00+00:00,0.08474
2026-02-20 02:30:00+00:00,0.08486
2026-02-20 02:45:00+00:00,0.08518
2026-02-20 03:00:00+00:00,0.0824
2026-02-20 03:15:00+00:00,0.08341
2026-02-20 03:30:00+00:00,0.08508
2026-02-20 03:45:00+00:00,0.08678
2026-02-20 04:00:00+00:00,0.08553
2026-02-20 04:15:00+00:00,0.08532
2026-02-20 04:30:00+00:00,0.08961
2026-02-20 04:45:00+00:00,0.10062
2026-02-20 05:00:00+00:00,0.08522
2026-02-20 05:15:00+00:00,0.10527
2026-02-20 05:30:00+00:00,0.11197
2026-02-20 05:45:00+00:00,0.11687
2026-02-20 06:00:00+00:00,0.10921
2026-02-20 06:15:00+00:00,0.1124
2026-02-20 06:30:00+00:00,0.11881
2026-02-20 06:45:00+00:00,0.11471
2026-02-20 07:00:00+00:00,0.12117
2026-02-20 07:15:00+00:00,0.12193
2026-02-20 07:30:00+00:00,0.11472
2026-02-20 07:45:00+00:00,0.10675
2026-02-20 08:00:00+00:00,0.12242
2026-02-20 08:15:00+00:00,0.11572
2026-02-20 08:30:00+00:00,0.10429
2026-02-20 08:45:00+00:00,0.0943
2026-02-20 09:00:00+00:00,0.10341
2026-02-20 09:15:00+00:00,0.09434
2026-02-20 09:30:00+00:00,0.08505
2026-02-20 09:45:00+00:00,0.0816
2026-02-20 10:00:00+00:00,0.09008
2026-02-20 10:15:00+00:00,0.0859
2026-02-20 10:30:00+00:00,0.08271
2026-02-20 10:45:00+00:00,0.07604
2026-02-20 11:00:00+00:00,0.08493
2026-02-20 11:15:00+00:00,0.08241
2026-02-20 11:30:00+00:00,0.07902
2026-02-20 11:45:00+00:00,0.07769
2026-02-20 12:00:00+00:00,0.08022
2026-02-20 12:15:00+00:00,0.08102
2026-02-20 12:30:00+00:00,0.08052
2026-02-20 12:45:00+00:00,0.07664
2026-02-20 13:00:00+00:00,0.07562
2026-02-20 13:15:00+00:00,0.08013
2026-02-20 13:30:00+00:00,0.08104
2026-02-20 13:45:00+00:00,0.08304
2026-02-20 14:00:00+00:00,0.07355
2026-02-20 14:15:00+00:00,0.08359
2026-02-20 14:30:00+00:00,0.08541
2026-02-20 14:45:00+00:00,0.09131
2026-02-20 15:00:00+00:00,0.08252
2026-02-20 15:15:00+00:00,0.09341
2026-02-20 15:30:00+00:00,0.09473
2026-02-20 15:45:00+00:00,0.09677
2026-02-20 16:00:00+00:00,0.09739
2026-02-20 16:15:00+00:00,0.09946
2026-02-20 16:30:00+00:00,0.10494
2026-02-20 16:45:00+00:00,0.10396
2026-02-20 17:00:00+00:00,0.09857
2026-02-20 17:15:00+00:00,0.09816
2026-02-20 17:30:00+00:00,0.09034
2026-02-20 17:45:00+00:00,0.08806
2026-02-20 18:00:00+00:00,0.09146
2026-02-20 18:15:00+00:00,0.08963
2026-02-20 18:30:00+00:00,0.08226
2026-02-20 18:45:00+00:00,0.0686
2026-02-20 19:00:00+00:00,0.096
2026-02-20 19:15:00+00:00,0.08348
2026-02-20 19:30:00+00:00,0.07302
2026-02-20 19:45:00+00:00,0.06236
2026-02-20 20:00:00+00:00,0.08784
2026-02-20 20:15:00+00:00,0.07543
2026-02-20 20:30:00+00:00,0.06188
2026-02-20 20:45:00+00:00,0.04684
2026-02-20 21:00:00+00:00,0.08164
2026-02-20 21:15:00+00:00,0.06955
2026-02-20 21:30:00+00:00,0.06126
2026-02-20 21:45:00+00:00,0.04611
2026-02-20 22:00:00+00:00,0.05979
2026-02-20 22:15:00+00:00,0.04865
2026-02-20 22:30:00+00:00,0.0456
2026-02-20 22:45:00+00:00,0.03318
2026-02-20 23:00:00+00:00,0.05653
2026-02-20 23:15:00+00:00,0.05263
2026-02-20 23:30:00+00:00,0.05149
2026-02-20 23:45:00+00:00,0.04911
2026-02-21 00:00:00+00:00,0.05288
2026-02-21 00:15:00+00:00,0.0471
2026-02-21 00:30:00+00:00,0.04818
2026-02-21 00:45:00+00:00,0.03842
2026-02-21 01:00:00+00:00,0.05023
2026-02-21 01:15:00+00:00,0.04709
2026-02-21 01:30:00+00:00,0.04152
2026-02-21 01:45:00+00:00,0.03499
2026-02-21 02:00:00+00:00,0.04637
2026-02-21 02:15:00+00:00,0.04105
2026-02-21 02:30:00+00:00,0.03758
2026-02-21 02:45:00+00:00,0.04163
2026-02-21 03:00:00+00:00,0.04008
2026-02-21 03:15:00+00:00,0.03879
2026-02-21 03:30:00+00:00,0.04003
2026-02-21 03:45:00+00:00,0.037
2026-02-21 04:00:00+00:00,0.0368
2026-02-21 04:15:00+00:00,0.03572
2026-02-21 04:30:00+00:00,0.04016
2026-02-21 04:45:00+00:00,0.04523
2026-02-21 05:00:00+00:00,0.02494
2026-02-21 05:15:00+00:00,0.02995
2026-02-21 05:30:00+00:00,0.03801
2026-02-21 05:45:00+00:00,0.05054
2026-02-21 06:00:00+00:00,0.04237
2026-02-21 06:15:00+00:00,0.03835
2026-02-21 06:30:00+00:00,0.05066
2026-02-21 06:45:00+00:00,0.05658
2026-02-21 07:00:00+00:00,0.05196
2026-02-21 07:15:00+00:00,0.05293
2026-02-21 07:30:00+00:00,0.05908
2026-02-21 07:45:00+00:00,0.06023
2026-02-21 08:00:00+00:00,0.06002
2026-02-21 08:15:00+00:00,0.05531
2026-02-21 08:30:00+00:00,0.05995
2026-02-21 08:45:00+00:00,0.05686
2026-02-21 09:00:00+00:00,0.06452
2026-02-21 09:15:00+00:00,0.06199
2026-02-21 09:30:00+00:00,0.05718
2026-02-21 09:45:00+00:00,0.05441
2026-02-21 10:00:00+00:00,0.06181
2026-02-21 10:15:00+00:00,0.05778
2026-02-21 10:30:00+00:00,0.05396
2026-02-21 10:45:00+00:00,0.04799
2026-02-21 11:00:00+00:00,0.0618
2026-02-21 11:15:00+00:00,0.05136
2026-02-21 11:30:00+00:00,0.04647
2026-02-21 11:45:00+00:00,0.04248
2026-02-21 12:00:00+00:00,0.04775
2026-02-21 12:15:00+00:00,0.04492
2026-02-21 12:30:00+00:00,0.04479
2026-02-21 12:45:00+00:00,0.04319
2026-02-21 13:00:00+00:00,0.04305
2026-02-21 13:15:00+00:00,0.0507
2026-02-21 13:30:00+00:00,0.0591
2026-02-21 13:45:00+00:00,0.07117
2026-02-21 14:00:00+00:00,0.04933
2026-02-21 14:15:00+00:00,0.06023
2026-02-21 14:30:00+00:00,0.07808
2026-02-21 14:45:00+00:00,0.0879
2026-02-21 15:00:00+00:00,0.06751
2026-02-21 15:15:00+00:00,0.08275
2026-02-21 15:30:00+00:00,0.08857
2026-02-21 15:45:00+00:00,0.08893
2026-02-21 16:00:00+00:00,0.08826
2026-02-21 16:15:00+00:00,0.09689
2026-02-21 16:30:00+00:00,0.10269
2026-02-21 16:45:00+00:00,0.1067
2026-02-21 17:00:00+00:00,0.1068
2026-02-21 17:15:00+00:00,0.10948
2026-02-21 17:30:00+00:00,0.10972
2026-02-21 17:45:00+00:00,0.10725
2026-02-21 18:00:00+00:00,0.10701
2026-02-21 18:15:00+00:00,0.1018
2026-02-21 18:30:00+00:00,0.09873
2026-02-21 18:45:00+00:00,0.09715
2026-02-21 19:00:00+00:00,0.09649
2026-02-21 19:15:00+00:00,0.08727
2026-02-21 19:30:00+00:00,0.08731
2026-02-21 19:45:00+00:00,0.08532
2026-02-21 20:00:00+00:00,0.08618
2026-02-21 20:15:00+00:00,0.08484
2026-02-21 20:30:00+00:00,0.08223
2026-02-21 20:45:00+00:00,0.078
2026-02-21 21:00:00+00:00,0.086
2026-02-21 21:15:00+00:00,0.08064
2026-02-21 21:30:00+00:00,0.07245
2026-02-21 21:45:00+00:00,0.06728
2026-02-21 22:00:00+00:00,0.0797
2026-02-21 22:15:00+00:00,0.07326
2026-02-21 22:30:00+00:00,0.0667
2026-02-21 22:45:00+00:00,0.04718
2026-02-21 23:00:00+00:00,0.06803
2026-02-21 23:15:00+00:00,0.05934
2026-02-21 23:30:00+00:00,0.05362
2026-02-21 23:45:00+00:00,0.04571
2026-02-22 00:00:00+00:00,0.06023
2026-02-22 00:15:00+00:00,0.05596
2026-02-22 00:30:00+00:00,0.05029
2026-02-22 00:45:00+00:00,0.04356
2026-02-22 01:00:00+00:00,0.05001
2026-02-22 01:15:00+00:00,0.04544
2026-02-22 01:30:00+00:00,0.04168
2026-02-22 01:45:00+00:00,0.0391
2026-02-22 02:00:00+00:00,0.03879
2026-02-22 02:15:00+00:00,0.03807
2026-02-22 02:30:00+00:00,0.04516
2026-02-22 02:45:00+00:00,0.04181
2026-02-22 03:00:00+00:00,0.03691
2026-02-22 03:15:00+00:00,0.03554
2026-02-22 03:30:00+00:00,0.04182
2026-02-22 03:45:00+00:00,0.0418
2026-02-22 04:00:00+00:00,0.03908
2026-02-22 04:15:00+00:00,0.04008
2026-02-22 04:30:00+00:00,0.03794
2026-02-22 04:45:00+00:00,0.03605
2026-02-22 05:00:00+00:00,0.0323
2026-02-22 05:15:00+00:00,0.034
2026-02-22 05:30:00+00:00,0.03526
2026-02-22 05:45:00+00:00,0.03794
2026-02-22 06:00:00+00:00,0.03711
2026-02-22 06:15:00+00:00,0.04265
2026-02-22 06:30:00+00:00,0.04132
2026-02-22 06:45:00+00:00,0.04493
2026-02-22 07:00:00+00:00,0.04206
2026-02-22 07:15:00+00:00,0.04433
2026-02-22 07:30:00+00:00,0.04797
2026-02-22 07:45:00+00:00,0.05506
2026-02-22 08:00:00+00:00,0.0536
2026-02-22 08:15:00+00:00,0.05609
2026-02-22 08:30:00+00:00,0.05609
2026-02-22 08:45:00+00:00,0.05607
2026-02-22 09:00:00+00:00,0.05908
2026-02-22 09:15:00+00:00,0.05735
2026-02-22 09:30:00+00:00,0.05471
2026-02-22 09:45:00+00:00,0.04927
2026-02-22 10:00:00+00:00,0.05471
2026-02-22 10:15:00+00:00,0.05584
2026-02-22 10:30:00+00:00,0.05459
2026-02-22 10:45:00+00:00,0.05071
2026-02-22 11:00:00+00:00,0.05179
2026-02-22 11:15:00+00:00,0.05735
2026-02-22 11:30:00+00:00,0.05037
2026-02-22 11:45:00+00:00,0.04283
2026-02-22 12:00:00+00:00,0.05633
2026-02-22 12:15:00+00:00,0.04609
2026-02-22 12:30:00+00:00,0.04097
2026-02-22 12:45:00+00:00,0.03693
2026-02-22 13:00:00+00:00,0.04413
2026-02-22 13:15:00+00:00,0.04229
2026-02-22 13:30:00+00:00,0.04202
2026-02-22 13:45:00+00:00,0.04479
2026-02-22 14:00:00+00:00,0.04551
2026-02-22 14:15:00+00:00,0.04332
2026-02-22 14:30:00+00:00,0.04551
2026-02-22 14:45:00+00:00,0.05743
2026-02-22 15:00:00+00:00,0.05277
2026-02-22 15:15:00+00:00,0.05112
2026-02-22 15:30:00+00:00,0.05746
2026-02-22 15:45:00+00:00,0.06636
2026-02-22 16:00:00+00:00,0.06642
2026-02-22 16:15:00+00:00,0.07227
2026-02-22 16:30:00+00:00,0.07588
2026-02-22 16:45:00+00:00,0.08923
2026-02-22 17:00:00+00:00,0.07481
2026-02-22 17:15:00+00:00,0.08123
2026-02-22 17:30:00+00:00,0.082
2026-02-22 17:45:00+00:00,0.07973
2026-02-22 18:00:00+00:00,0.073
2026-02-22 18:15:00+00:00,0.07528
2026-02-22 18:30:00+00:00,0.0802
2026-02-22 18:45:00+00:00,0.072
2026-02-22 19:00:00+00:00,0.07198
2026-02-22 19:15:00+00:00,0.06891
2026-02-22 19:30:00+00:00,0.06824
2026-02-22 19:45:00+00:00,0.06494
2026-02-22 20:00:00+00:00,0.06911
2026-02-22 20:15:00+00:00,0.06812
2026-02-22 20:30:00+00:00,0.06897
2026-02-22 20:45:00+00:00,0.06456
2026-02-22 21:00:00+00:00,0.07994
2026-02-22 21:15:00+00:00,0.07639
2026-02-22 21:30:00+00:00,0.06922
2026-02-22 21:45:00+00:00,0.05609
2026-02-22 22:00:00+00:00,0.07117
2026-02-22 22:15:00+00:00,0.05616
2026-02-22 22:30:00+00:00,0.04936
2026-02-22 22:45:00+00:00,0.0311
2026-02-22 23:00:00+00:00,0.0507
2026-02-22 23:15:00+00:00,0.04571
2026-02-22 23:30:00+00:00,0.03792
2026-02-22 23:45:00+00:00,0.04707
2026-02-23 00:00:00+00:00,0.046
2026-02-23 00:15:00+00:00,0.04314
2026-02-23 00:30:00+00:00,0.04273
2026-02-23 00:45:00+00:00,0.05018
2026-02-23 01:00:00+00:00,0.04592
2026-02-23 01:15:00+00:00,0.04352
2026-02-23 01:30:00+00:00,0.04556
2026-02-23 01:45:00+00:00,0.0409
2026-02-23 02:00:00+00:00,0.04523
2026-02-23 02:15:00+00:00,0.0451
2026-02-23 02:30:00+00:00,0.04429
2026-02-23 02:45:00+00:00,0.04504
2026-02-23 03:00:00+00:00,0.04075
2026-02-23 03:15:00+00:00,0.04414
2026-02-23 03:30:00+00:00,0.0467
2026-02-23 03:45:00+00:00,0.04899
2026-02-23 04:00:00+00:00,0.04775
2026-02-23 04:15:00+00:00,0.04273
2026-02-23 04:30:00+00:00,0.05511
2026-02-23 04:45:00+00:00,0.07869
2026-02-23 05:00:00+00:00,0.05527
2026-02-23 05:15:00+00:00,0.07445
2026-02-23 05:30:00+00:00,0.08812
2026-02-23 05:45:00+00:00,0.09321
2026-02-23 06:00:00+00:00,0.0918
2026-02-23 06:15:00+00:00,0.09478
2026-02-23 06:30:00+00:00,0.09857
2026-02-23 06:45:00+00:00,0.09868
2026-02-23 07:00:00+00:00,0.10264
2026-02-23 07:15:00+00:00,0.10049
2026-02-23 07:30:00+00:00,0.09902
2026-02-23 07:45:00+00:00,0.09402
2026-02-23 08:00:00+00:00,0.09726
2026-02-23 08:15:00+00:00,0.09473
2026-02-23 08:30:00+00:00,0.08981
2026-02-23 08:45:00+00:00,0.06807
2026-02-23 09:00:00+00:00,0.09285
2026-02-23 09:15:00+00:00,0.08814
2026-02-23 09:30:00+00:00,0.05816
2026-02-23 09:45:00+00:00,0.02891
2026-02-23 10:00:00+00:00,0.06036
2026-02-23 10:15:00+00:00,0.06446
2026-02-23 10:30:00+00:00,0.04789
2026-02-23 10:45:00+00:00,0.02269
2026-02-23 11:00:00+00:00,0.02295
2026-02-23 11:15:00+00:00,0.005
2026-02-23 11:30:00+00:00,0.0025
2026-02-23 11:45:00+00:00,0.00107
2026-02-23 12:00:00+00:00,0.00225
2026-02-23 12:15:00+00:00,0.00116
2026-02-23 12:30:00+00:00,0.00136
2026-02-23 12:45:00+00:00,0.00684
2026-02-23 13:00:00+00:00,0.0101
2026-02-23 13:15:00+00:00,0.03332
2026-02-23 13:30:00+00:00,0.04716
2026-02-23 13:45:00+00:00,0.04899
2026-02-23 14:00:00+00:00,0.02009
2026-02-23 14:15:00+00:00,0.039
2026-02-23 14:30:00+00:00,0.07844
2026-02-23 14:45:00+00:00,0.0965
2026-02-23 15:00:00+00:00,0.04164
2026-02-23 15:15:00+00:00,0.08042
2026-02-23 15:30:00+00:00,0.09356
2026-02-23 15:45:00+00:00,0.10241
2026-02-23 16:00:00+00:00,0.08361
2026-02-23 16:15:00+00:00,0.09658
2026-02-23 16:30:00+00:00,0.09957
2026-02-23 16:45:00+00:00,0.1046
2026-02-23 17:00:00+00:00,0.10396
2026-02-23 17:15:00+00:00,0.10546
2026-02-23 17:30:00+00:00,0.10599
2026-02-23 17:45:00+00:00,0.11367
2026-02-23 18:00:00+00:00,0.10904
2026-02-23 18:15:00+00:00,0.11049
2026-02-23 18:30:00+00:00,0.11091
2026-02-23 18:45:00+00:00,0.11315
2026-02-23 19:00:00+00:00,0.10274
2026-02-23 19:15:00+00:00,0.1028
2026-02-23 19:30:00+00:00,0.09374
2026-02-23 19:45:00+00:00,0.09282
2026-02-23 20:00:00+00:00,0.10127
2026-02-23 20:15:00+00:00,0.09993
2026-02-23 20:30:00+00:00,0.09536
2026-02-23 20:45:00+00:00,0.09238
2026-02-23 21:00:00+00:00,0.10065
2026-02-23 21:15:00+00:00,0.09697
2026-02-23 21:30:00+00:00,0.09537
2026-02-23 21:45:00+00:00,0.09043
2026-02-23 22:00:00+00:00,0.09126
2026-02-23 22:15:00+00:00,0.08789
2026-02-23 22:30:00+00:00,0.0873
2026-02-23 22:45:00+00:00,0.0827
2026-02-23 23:00:00+00:00,0.08399
2026-02-23 23:15:00+00:00,0.08422
2026-02-23 23:30:00+00:00,0.08368
2026-02-23 23:45:00+00:00,0.07754
2026-02-24 00:00:00+00:00,0.08347
2026-02-24 00:15:00+00:00,0.08382
2026-02-24 00:30:00+00:00,0.0842
2026-02-24 00:45:00+00:00,0.08436
2026-02-24 01:00:00+00:00,0.08516
2026-02-24 01:15:00+00:00,0.08566
2026-02-24 01:30:00+00:00,0.08582
2026-02-24 01:45:00+00:00,0.08726
2026-02-24 02:00:00+00:00,0.08415
2026-02-24 02:15:00+00:00,0.08569
2026-02-24 02:30:00+00:00,0.08658
2026-02-24 02:45:00+00:00,0.08938
2026-02-24 03:00:00+00:00,0.08723
2026-02-24 03:15:00+00:00,0.08764
2026-02-24 03:30:00+00:00,0.08801
2026-02-24 03:45:00+00:00,0.08994
2026-02-24 04:00:00+00:00,0.08766
2026-02-24 04:15:00+00:00,0.08873
2026-02-24 04:30:00+00:00,0.09695
2026-02-24 04:45:00+00:00,0.10334
2026-02-24 05:00:00+00:00,0.094
2026-02-24 05:15:00+00:00,0.10615
2026-02-24 05:30:00+00:00,0.11874
2026-02-24 05:45:00+00:00,0.1256
2026-02-24 06:00:00+00:00,0.11867
2026-02-24 06:15:00+00:00,0.12959
2026-02-24 06:30:00+00:00,0.13839
2026-02-24 06:45:00+00:00,0.14574
2026-02-24 07:00:00+00:00,0.14056
2026-02-24 07:15:00+00:00,0.1471
2026-02-24 07:30:00+00:00,0.15138
2026-02-24 07:45:00+00:00,0.15086
2026-02-24 08:00:00+00:00,0.14702
2026-02-24 08:15:00+00:00,0.14518
2026-02-24 08:30:00+00:00,0.13939
2026-02-24 08:45:00+00:00,0.13129
2026-02-24 09:00:00+00:00,0.1496
2026-02-24 09:15:00+00:00,0.13037
2026-02-24 09:30:00+00:00,0.12162
2026-02-24 09:45:00+00:00,0.11348
2026-02-24 10:00:00+00:00,0.12098
2026-02-24 10:15:00+00:00,0.11161
2026-02-24 10:30:00+00:00,0.10984
2026-02-24 10:45:00+00:00,0.10315
2026-02-24 11:00:00+00:00,0.10444
2026-02-24 11:15:00+00:00,0.09995
2026-02-24 11:30:00+00:00,0.09857
2026-02-24 11:45:00+00:00,0.0978
2026-02-24 12:00:00+00:00,0.10102
2026-02-24 12:15:00+00:00,0.09998
2026-02-24 12:30:00+00:00,0.09845
2026-02-24 12:45:00+00:00,0.09775
2026-02-24 13:00:00+00:00,0.09033
2026-02-24 13:15:00+00:00,0.09506
2026-02-24 13:30:00+00:00,0.09628
2026-02-24 13:45:00+00:00,0.09835
2026-02-24 14:00:00+00:00,0.09787
2026-02-24 14:15:00+00:00,0.10019
2026-02-24 14:30:00+00:00,0.10799
2026-02-24 14:45:00+00:00,0.12224
2026-02-24 15:00:00+00:00,0.111
2026-02-24 15:15:00+00:00,0.11574
2026-02-24 15:30:00+00:00,0.13149
2026-02-24 15:45:00+00:00,0.145
2026-02-24 16:00:00+00:00,0.13244
2026-02-24 16:15:00+00:00,0.15795
2026-02-24 16:30:00+00:00,0.19547
2026-02-24 16:45:00+00:00,0.24302
2026-02-24 17:00:00+00:00,0.19897
2026-02-24 17:15:00+00:00,0.19397
2026-02-24 17:30:00+00:00,0.18184
2026-02-24 17:45:00+00:00,0.16141
2026-02-24 18:00:00+00:00,0.17973
2026-02-24 18:15:00+00:00,0.14444
2026-02-24 18:30:00+00:00,0.13786
2026-02-24 18:45:00+00:00,0.11564
2026-02-24 19:00:00+00:00,0.13083
2026-02-24 19:15:00+00:00,0.12501
2026-02-24 19:30:00+00:00,0.11511
2026-02-24 19:45:00+00:00,0.10488
2026-02-24 20:00:00+00:00,0.11782
2026-02-24 20:15:00+00:00,0.1112
2026-02-24 20:30:00+00:00,0.10648
2026-02-24 20:45:00+00:00,0.0994
2026-02-24 21:00:00+00:00,0.10743
2026-02-24 21:15:00+00:00,0.10325
2026-02-24 21:30:00+00:00,0.10011
2026-02-24 21:45:00+00:00,0.09603
2026-02-24 22:00:00+00:00,0.09811
2026-02-24 22:15:00+00:00,0.09661
2026-02-24 22:30:00+00:00,0.09243
2026-02-24 22:45:00+00:00,0.08846
2026-02-24 23:00:00+00:00,0.09904
2026-02-24 23:15:00+00:00,0.09268
2026-02-24 23:30:00+00:00,0.08993
2026-02-24 23:45:00+00:00,0.08692
2026-02-25 00:00:00+00:00,0.09148
2026-02-25 00:15:00+00:00,0.08945
2026-02-25 00:30:00+00:00,0.08532
2026-02-25 00:45:00+00:00,0.08336
2026-02-25 01:00:00+00:00,0.08769
2026-02-25 01:15:00+00:00,0.08581
2026-02-25 01:30:00+00:00,0.08354
2026-02-25 01:45:00+00:00,0.08229
2026-02-25 02:00:00+00:00,0.08853
2026-02-25 02:15:00+00:00,0.08806
2026-02-25 02:30:00+00:00,0.08819
2026-02-25 02:45:00+00:00,0.0876
2026-02-25 03:00:00+00:00,0.08831
2026-02-25 03:15:00+00:00,0.08731
2026-02-25 03:30:00+00:00,0.08924
2026-02-25 03:45:00+00:00,0.08958
2026-02-25 04:00:00+00:00,0.08714
2026-02-25 04:15:00+00:00,0.08972
2026-02-25 04:30:00+00:00,0.09615
2026-02-25 04:45:00+00:00,0.09968
2026-02-25 05:00:00+00:00,0.0957
2026-02-25 05:15:00+00:00,0.10848
2026-02-25 05:30:00+00:00,0.12015
2026-02-25 05:45:00+00:00,0.13094
2026-02-25 06:00:00+00:00,0.12464
2026-02-25 06:15:00+00:00,0.13331
2026-02-25 06:30:00+00:00,0.13642
2026-02-25 06:45:00+00:00,0.12856
2026-02-25 07:00:00+00:00,0.13757
2026-02-25 07:15:00+00:00,0.1239
2026-02-25 07:30:00+00:00,0.11585
2026-02-25 07:45:00+00:00,0.10209
2026-02-25 08:00:00+00:00,0.12376
2026-02-25 08:15:00+00:00,0.1107
2026-02-25 08:30:00+00:00,0.10028
2026-02-25 08:45:00+00:00,0.09396
2026-02-25 09:00:00+00:00,0.10216
2026-02-25 09:15:00+00:00,0.09518
2026-02-25 09:30:00+00:00,0.08525
2026-02-25 09:45:00+00:00,0.08073
2026-02-25 10:00:00+00:00,0.08743
2026-02-25 10:15:00+00:00,0.08429
2026-02-25 10:30:00+00:00,0.08267
2026-02-25 10:45:00+00:00,0.065
2026-02-25 11:00:00+00:00,0.0844
2026-02-25 11:15:00+00:00,0.07091
2026-02-25 11:30:00+00:00,0.05788
2026-02-25 11:45:00+00:00,0.05002
2026-02-25 12:00:00+00:00,0.06607
2026-02-25 12:15:00+00:00,0.0602
2026-02-25 12:30:00+00:00,0.05881
2026-02-25 12:45:00+00:00,0.05571
2026-02-25 13:00:00+00:00,0.04503
2026-02-25 13:15:00+00:00,0.06592
2026-02-25 13:30:00+00:00,0.07547
2026-02-25 13:45:00+00:00,0.08497
2026-02-25 14:00:00+00:00,0.06865
2026-02-25 14:15:00+00:00,0.07343
2026-02-25 14:30:00+00:00,0.08608
2026-02-25 14:45:00+00:00,0.09577
2026-02-25 15:00:00+00:00,0.07713
2026-02-25 15:15:00+00:00,0.09504
2026-02-25 15:30:00+00:00,0.10398
2026-02-25 15:45:00+00:00,0.12933
2026-02-25 16:00:00+00:00,0.10037
2026-02-25 16:15:00+00:00,0.10821
2026-02-25 16:30:00+00:00,0.12019
2026-02-25 16:45:00+00:00,0.1458
2026-02-25 17:00:00+00:00,0.13434
2026-02-25 17:15:00+00:00,0.12316
2026-02-25 17:30:00+00:00,0.11491
2026-02-25 17:45:00+00:00,0.11467
2026-02-25 18:00:00+00:00,0.1129
2026-02-25 18:15:00+00:00,0.10883
2026-02-25 18:30:00+00:00,0.10423
2026-02-25 18:45:00+00:00,0.10265
2026-02-25 19:00:00+00:00,0.10499
2026-02-25 19:15:00+00:00,0.09624
2026-02-25 19:30:00+00:00,0.09107
2026-02-25 19:45:00+00:00,0.08472
2026-02-25 20:00:00+00:00,0.0949
2026-02-25 20:15:00+00:00,0.09021
2026-02-25 20:30:00+00:00,0.08501
2026-02-25 20:45:00+00:00,0.079
2026-02-25 21:00:00+00:00,0.09899
2026-02-25 21:15:00+00:00,0.0871
2026-02-25 21:30:00+00:00,0.0823
2026-02-25 21:45:00+00:00,0.07892
2026-02-25 22:00:00+00:00,0.08783
2026-02-25 22:15:00+00:00,0.08239
2026-02-25 22:30:00+00:00,0.07899
2026-02-25 22:45:00+00:00,0.06727
2026-02-25 23:00:00+00:00,0.08239
2026-02-25 23:15:00+00:00,0.07717
2026-02-25 23:30:00+00:00,0.07514
2026-02-25 23:45:00+00:00,0.07099
2026-02-26 00:00:00+00:00,0.08
2026-02-26 00:15:00+00:00,0.07222
2026-02-26 00:30:00+00:00,0.07064
2026-02-26 00:45:00+00:00,0.0667
2026-02-26 01:00:00+00:00,0.06924
2026-02-26 01:15:00+00:00,0.06824
2026-02-26 01:30:00+00:00,0.06825
2026-02-26 01:45:00+00:00,0.06924
2026-02-26 02:00:00+00:00,0.06946
2026-02-26 02:15:00+00:00,0.0693
2026-02-26 02:30:00+00:00,0.0705
2026-02-26 02:45:00+00:00,0.06247
2026-02-26 03:00:00+00:00,0.06447
2026-02-26 03:15:00+00:00,0.06586
2026-02-26 03:30:00+00:00,0.06825
2026-02-26 03:45:00+00:00,0.07093
2026-02-26 04:00:00+00:00,0.06438
2026-02-26 04:15:00+00:00,0.06919
2026-02-26 04:30:00+00:00,0.07684
2026-02-26 04:45:00+00:00,0.09301
2026-02-26 05:00:00+00:00,0.07406
2026-02-26 05:15:00+00:00,0.10177
2026-02-26 05:30:00+00:00,0.1124
2026-02-26 05:45:00+00:00,0.11504
2026-02-26 06:00:00+00:00,0.112
2026-02-26 06:15:00+00:00,0.11377
2026-02-26 06:30:00+00:00,0.1122
2026-02-26 06:45:00+00:00,0.10243
2026-02-26 07:00:00+00:00,0.10819
2026-02-26 07:15:00+00:00,0.10164
2026-02-26 07:30:00+00:00,0.09534
2026-02-26 07:45:00+00:00,0.08462
2026-02-26 08:00:00+00:00,0.09551
2026-02-26 08:15:00+00:00,0.08754
2026-02-26 08:30:00+00:00,0.07139
2026-02-26 08:45:00+00:00,0.06726
2026-02-26 09:00:00+00:00,0.07347
2026-02-26 09:15:00+00:00,0.06874
2026-02-26 09:30:00+00:00,0.06675
2026-02-26 09:45:00+00:00,0.06244
2026-02-26 10:00:00+00:00,0.07462
2026-02-26 10:15:00+00:00,0.06348
2026-02-26 10:30:00+00:00,0.0502
2026-02-26 10:45:00+00:00,0.02508
2026-02-26 11:00:00+00:00,0.04409
2026-02-26 11:15:00+00:00,0.01978
2026-02-26 11:30:00+00:00,0.00885
2026-02-26 11:45:00+00:00,0.00743
2026-02-26 12:00:00+00:00,0.01131
2026-02-26 12:15:00+00:00,0.01006
2026-02-26 12:30:00+00:00,0.01309
2026-02-26 12:45:00+00:00,0.02175
2026-02-26 13:00:00+00:00,0.01352
2026-02-26 13:15:00+00:00,0.04006
2026-02-26 13:30:00+00:00,0.05631
2026-02-26 13:45:00+00:00,0.06866
2026-02-26 14:00:00+00:00,0.05412
2026-02-26 14:15:00+00:00,0.06554
2026-02-26 14:30:00+00:00,0.0734
2026-02-26 14:45:00+00:00,0.09217
2026-02-26 15:00:00+00:00,0.06468
2026-02-26 15:15:00+00:00,0.08992
2026-02-26 15:30:00+00:00,0.1091
2026-02-26 15:45:00+00:00,0.11523
2026-02-26 16:00:00+00:00,0.10079
2026-02-26 16:15:00+00:00,0.10772
2026-02-26 16:30:00+00:00,0.11424
2026-02-26 16:45:00+00:00,0.1218
2026-02-26 17:00:00+00:00,0.11153
2026-02-26 17:15:00+00:00,0.11256
2026-02-26 17:30:00+00:00,0.11432
2026-02-26 17:45:00+00:00,0.11397
2026-02-26 18:00:00+00:00,0.1185
2026-02-26 18:15:00+00:00,0.11161
2026-02-26 18:30:00+00:00,0.10442
2026-02-26 18:45:00+00:00,0.09741
2026-02-26 19:00:00+00:00,0.10499
2026-02-26 19:15:00+00:00,0.09399
2026-02-26 19:30:00+00:00,0.09029
2026-02-26 19:45:00+00:00,0.08452
2026-02-26 20:00:00+00:00,0.09723
2026-02-26 20:15:00+00:00,0.08625
2026-02-26 20:30:00+00:00,0.08124
2026-02-26 20:45:00+00:00,0.07159
2026-02-26 21:00:00+00:00,0.09323
2026-02-26 21:15:00+00:00,0.08229
2026-02-26 21:30:00+00:00,0.07626
2026-02-26 21:45:00+00:00,0.07005
2026-02-26 22:00:00+00:00,0.08197
2026-02-26 22:15:00+00:00,0.07309
2026-02-26 22:30:00+00:00,0.06793
2026-02-26 22:45:00+00:00,0.06331
2026-02-26 23:00:00+00:00,0.05657
2026-02-26 23:15:00+00:00,0.05655
2026-02-26 23:30:00+00:00,0.05218
2026-02-26 23:45:00+00:00,0.05529
2026-02-27 00:00:00+00:00,0.05939
2026-02-27 00:15:00+00:00,0.05809
2026-02-27 00:30:00+00:00,0.05363
2026-02-27 00:45:00+00:00,0.05292
2026-02-27 01:00:00+00:00,0.05773
2026-02-27 01:15:00+00:00,0.05656
2026-02-27 01:30:00+00:00,0.05717
2026-02-27 01:45:00+00:00,0.05775
2026-02-27 02:00:00+00:00,0.06034
2026-02-27 02:15:00+00:00,0.05738
2026-02-27 02:30:00+00:00,0.05904
2026-02-27 02:45:00+00:00,0.06324
2026-02-27 03:00:00+00:00,0.05499
2026-02-27 03:15:00+00:00,0.06004
2026-02-27 03:30:00+00:00,0.06392
2026-02-27 03:45:00+00:00,0.06823
2026-02-27 04:00:00+00:00,0.0598
2026-02-27 04:15:00+00:00,0.06129
2026-02-27 04:30:00+00:00,0.07
2026-02-27 04:45:00+00:00,0.07288
2026-02-27 05:00:00+00:00,0.061
2026-02-27 05:15:00+00:00,0.077
2026-02-27 05:30:00+00:00,0.08302
2026-02-27 05:45:00+00:00,0.08524
2026-02-27 06:00:00+00:00,0.08755
2026-02-27 06:15:00+00:00,0.09222
2026-02-27 06:30:00+00:00,0.0878
2026-02-27 06:45:00+00:00,0.08653
2026-02-27 07:00:00+00:00,0.09208
2026-02-27 07:15:00+00:00,0.08478
2026-02-27 07:30:00+00:00,0.07852
2026-02-27 07:45:00+00:00,0.06194
2026-02-27 08:00:00+00:00,0.08462
2026-02-27 08:15:00+00:00,0.069
2026-02-27 08:30:00+00:00,0.05905
2026-02-27 08:45:00+00:00,0.04499
2026-02-27 09:00:00+00:00,0.061
2026-02-27 09:15:00+00:00,0.04008
2026-02-27 09:30:00+00:00,0.01917
2026-02-27 09:45:00+00:00,0.00594
2026-02-27 10:00:00+00:00,0.00389
2026-02-27 10:15:00+00:00,0.0
2026-02-27 10:30:00+00:00,0.0
2026-02-27 10:45:00+00:00,-1e-05
2026-02-27 11:00:00+00:00,0.0
2026-02-27 11:15:00+00:00,-1e-05
2026-02-27 11:30:00+00:00,-1e-05
2026-02-27 11:45:00+00:00,-3e-05
2026-02-27 12:00:00+00:00,-1e-05
2026-02-27 12:15:00+00:00,-1e-05
2026-02-27 12:30:00+00:00,-1e-05
2026-02-27 12:45:00+00:00,-1e-05
2026-02-27 13:00:00+00:00,-1e-05
2026-02-27 13:15:00+00:00,0.0
2026-02-27 13:30:00+00:00,0.00105
2026-02-27 13:45:00+00:00,0.02991
2026-02-27 14:00:00+00:00,0.01734
2026-02-27 14:15:00+00:00,0.05395
2026-02-27 14:30:00+00:00,0.07753
2026-02-27 14:45:00+00:00,0.0902
2026-02-27 15:00:00+00:00,0.06859
2026-02-27 15:15:00+00:00,0.08694
2026-02-27 15:30:00+00:00,0.10076
2026-02-27 15:45:00+00:00,0.11171
2026-02-27 16:00:00+00:00,0.09748
2026-02-27 16:15:00+00:00,0.10968
2026-02-27 16:30:00+00:00,0.12189
2026-02-27 16:45:00+00:00,0.13173
2026-02-27 17:00:00+00:00,0.12205
2026-02-27 17:15:00+00:00,0.12
2026-02-27 17:30:00+00:00,0.11668
2026-02-27 17:45:00+00:00,0.11367
2026-02-27 18:00:00+00:00,0.11716
2026-02-27 18:15:00+00:00,0.11129
2026-02-27 18:30:00+00:00,0.105
2026-02-27 18:45:00+00:00,0.10356
2026-02-27 19:00:00+00:00,0.10348
2026-02-27 19:15:00+00:00,0.10177
2026-02-27 19:30:00+00:00,0.09943
2026-02-27 19:45:00+00:00,0.09544
2026-02-27 20:00:00+00:00,0.09748
2026-02-27 20:15:00+00:00,0.09301
2026-02-27 20:30:00+00:00,0.09022
2026-02-27 20:45:00+00:00,0.08314
2026-02-27 21:00:00+00:00,0.09389
2026-02-27 21:15:00+00:00,0.09143
2026-02-27 21:30:00+00:00,0.08351
2026-02-27 21:45:00+00:00,0.08121
2026-02-27 22:00:00+00:00,0.08336
2026-02-27 22:15:00+00:00,0.08221
2026-02-27 22:30:00+00:00,0.07872
2026-02-27 22:45:00+00:00,0.07572
2026-02-27 23:00:00+00:00,0.08258
2026-02-27 23:15:00+00:00,0.0807
2026-02-27 23:30:00+00:00,0.07945
2026-02-27 23:45:00+00:00,0.07735
2026-02-28 00:00:00+00:00,0.07871
2026-02-28 00:15:00+00:00,0.078
2026-02-28 00:30:00+00:00,0.07551
2026-02-28 00:45:00+00:00,0.073
2026-02-28 01:00:00+00:00,0.07851
2026-02-28 01:15:00+00:00,0.07508
2026-02-28 01:30:00+00:00,0.07317
2026-02-28 01:45:00+00:00,0.07215
2026-02-28 02:00:00+00:00,0.0744
2026-02-28 02:15:00+00:00,0.07301
2026-02-28 02:30:00+00:00,0.07219
2026-02-28 02:45:00+00:00,0.0675
2026-02-28 03:00:00+00:00,0.07227
2026-02-28 03:15:00+00:00,0.07232
2026-02-28 03:30:00+00:00,0.07145
2026-02-28 03:45:00+00:00,0.07153
2026-02-28 04:00:00+00:00,0.07186
2026-02-28 04:15:00+00:00,0.07065
2026-02-28 04:30:00+00:00,0.07232
2026-02-28 04:45:00+00:00,0.07417
2026-02-28 05:00:00+00:00,0.06952
2026-02-28 05:15:00+00:00,0.07225
2026-02-28 05:30:00+00:00,0.07431
2026-02-28 05:45:00+00:00,0.07561
2026-02-28 06:00:00+00:00,0.0827
2026-02-28 06:15:00+00:00,0.08301
2026-02-28 06:30:00+00:00,0.07575
2026-02-28 06:45:00+00:00,0.0637
2026-02-28 07:00:00+00:00,0.08297
2026-02-28 07:15:00+00:00,0.06778
2026-02-28 07:30:00+00:00,0.04841
2026-02-28 07:45:00+00:00,0.0293
2026-02-28 08:00:00+00:00,0.04741
2026-02-28 08:15:00+00:00,0.02073
2026-02-28 08:30:00+00:00,0.00304
2026-02-28 08:45:00+00:00,1e-05
2026-02-28 09:00:00+00:00,0.0
2026-02-28 09:15:00+00:00,0.0
2026-02-28 09:30:00+00:00,0.0
2026-02-28 09:45:00+00:00,-4e-05
2026-02-28 10:00:00+00:00,0.0
2026-02-28 10:15:00+00:00,-1e-05
2026-02-28 10:30:00+00:00,-2e-05
2026-02-28 10:45:00+00:00,-8e-05
2026-02-28 11:00:00+00:00,-2e-05
2026-02-28 11:15:00+00:00,-6e-05
2026-02-28 11:30:00+00:00,-0.00028
2026-02-28 11:45:00+00:00,-0.00065
2026-02-28 12:00:00+00:00,-0.00027
2026-02-28 12:15:00+00:00,-0.00048
2026-02-28 12:30:00+00:00,-9e-05
2026-02-28 12:45:00+00:00,-5e-05
2026-02-28 13:00:00+00:00,-3e-05
2026-02-28 13:15:00+00:00,-1e-05
2026-02-28 13:30:00+00:00,0.0
2026-02-28 13:45:00+00:00,1e-05
2026-02-28 14:00:00+00:00,0.0
2026-02-28 14:15:00+00:00,7e-05
2026-02-28 14:30:00+00:00,0.01005
2026-02-28 14:45:00+00:00,0.04933
2026-02-28 15:00:00+00:00,0.03396
2026-02-28 15:15:00+00:00,0.05841
2026-02-28 15:30:00+00:00,0.08033
2026-02-28 15:45:00+00:00,0.08989
2026-02-28 16:00:00+00:00,0.07505
2026-02-28 16:15:00+00:00,0.0831
2026-02-28 16:30:00+00:00,0.09659
2026-02-28 16:45:00+00:00,0.105
2026-02-28 17:00:00+00:00,0.09721
2026-02-28 17:15:00+00:00,0.09632
2026-02-28 17:30:00+00:00,0.09636
2026-02-28 17:45:00+00:00,0.09088
2026-02-28 18:00:00+00:00,0.09225
2026-02-28 18:15:00+00:00,0.08771
2026-02-28 18:30:00+00:00,0.08512
2026-02-28 18:45:00+00:00,0.07559
2026-02-28 19:00:00+00:00,0.08337
2026-02-28 19:15:00+00:00,0.07427
2026-02-28 19:30:00+00:00,0.06144
2026-02-28 19:45:00+00:00,0.05739
2026-02-28 20:00:00+00:00,0.06791
2026-02-28 20:15:00+00:00,0.06893
2026-02-28 20:30:00+00:00,0.06731
2026-02-28 20:45:00+00:00,0.05452
2026-02-28 21:00:00+00:00,0.07278
2026-02-28 21:15:00+00:00,0.06617
2026-02-28 21:30:00+00:00,0.06423
2026-02-28 21:45:00+00:00,0.05547
2026-02-28 22:00:00+00:00,0.07272
2026-02-28 22:15:00+00:00,0.05907
2026-02-28 22:30:00+00:00,0.05932
2026-02-28 22:45:00+00:00,0.05158
2026-02-28 23:00:00+00:00,0.04765
2026-02-28 23:15:00+00:00,0.04889
2026-02-28 23:30:00+00:00,0.04603
2026-02-28 23:45:00+00:00,0.04802
2026-03-01 00:00:00+00:00,0.049
2026-03-01 00:15:00+00:00,0.05199
2026-03-01 00:30:00+00:00,0.05277
2026-03-01 00:45:00+00:00,0.05244
2026-03-01 01:00:00+00:00,0.05169
2026-03-01 01:15:00+00:00,0.05249
2026-03-01 01:30:00+00:00,0.05551
2026-03-01 01:45:00+00:00,0.0573
2026-03-01 02:00:00+00:00,0.05334
2026-03-01 02:15:00+00:00,0.05458
2026-03-01 02:30:00+00:00,0.0581
2026-03-01 02:45:00+00:00,0.06227
2026-03-01 03:00:00+00:00,0.05308
2026-03-01 03:15:00+00:00,0.05757
2026-03-01 03:30:00+00:00,0.06438
2026-03-01 03:45:00+00:00,0.06931
2026-03-01 04:00:00+00:00,0.064
2026-03-01 04:15:00+00:00,0.0643
2026-03-01 04:30:00+00:00,0.06513
2026-03-01 04:45:00+00:00,0.06729
2026-03-01 05:00:00+00:00,0.06027
2026-03-01 05:15:00+00:00,0.06651
2026-03-01 05:30:00+00:00,0.06875
2026-03-01 05:45:00+00:00,0.0685
2026-03-01 06:00:00+00:00,0.06847
2026-03-01 06:15:00+00:00,0.06879
2026-03-01 06:30:00+00:00,0.06735
2026-03-01 06:45:00+00:00,0.05538
2026-03-01 07:00:00+00:00,0.06689
2026-03-01 07:15:00+00:00,0.05624
2026-03-01 07:30:00+00:00,0.04577
2026-03-01 07:45:00+00:00,0.04124
2026-03-01 08:00:00+00:00,0.04587
2026-03-01 08:15:00+00:00,0.02416
2026-03-01 08:30:00+00:00,0.00979
2026-03-01 08:45:00+00:00,0.0001
2026-03-01 09:00:00+00:00,0.00087
2026-03-01 09:15:00+00:00,0.0
2026-03-01 09:30:00+00:00,-6e-05
2026-03-01 09:45:00+00:00,-0.00081
2026-03-01 10:00:00+00:00,1e-05
2026-03-01 10:15:00+00:00,0.0
2026-03-01 10:30:00+00:00,-1e-05
2026-03-01 10:45:00+00:00,-0.0001
2026-03-01 11:00:00+00:00,-0.0001
2026-03-01 11:15:00+00:00,-0.00011
2026-03-01 11:30:00+00:00,-0.00025
2026-03-01 11:45:00+00:00,-0.001
2026-03-01 12:00:00+00:00,-0.00101
2026-03-01 12:15:00+00:00,-0.00103
2026-03-01 12:30:00+00:00,-0.001
2026-03-01 12:45:00+00:00,-0.00011
2026-03-01 13:00:00+00:00,-0.001
2026-03-01 13:15:00+00:00,-6e-05
2026-03-01 13:30:00+00:00,0.0
2026-03-01 13:45:00+00:00,0.00104
2026-03-01 14:00:00+00:00,0.0
2026-03-01 14:15:00+00:00,0.00012
2026-03-01 14:30:00+00:00,0.03361
2026-03-01 14:45:00+00:00,0.07008
2026-03-01 15:00:00+00:00,0.03731
2026-03-01 15:15:00+00:00,0.0624
2026-03-01 15:30:00+00:00,0.09466
2026-03-01 15:45:00+00:00,0.10499
2026-03-01 16:00:00+00:00,0.09201
2026-03-01 16:15:00+00:00,0.10003
2026-03-01 16:30:00+00:00,0.11
2026-03-01 16:45:00+00:00,0.113
2026-03-01 17:00:00+00:00,0.10805
2026-03-01 17:15:00+00:00,0.10984
2026-03-01 17:30:00+00:00,0.11306
2026-03-01 17:45:00+00:00,0.10986
2026-03-01 18:00:00+00:00,0.10464
2026-03-01 18:15:00+00:00,0.10341
2026-03-01 18:30:00+00:00,0.10004
2026-03-01 18:45:00+00:00,0.09865
2026-03-01 19:00:00+00:00,0.09604
2026-03-01 19:15:00+00:00,0.09496
2026-03-01 19:30:00+00:00,0.08901
2026-03-01 19:45:00+00:00,0.08293
2026-03-01 20:00:00+00:00,0.08677
2026-03-01 20:15:00+00:00,0.08217
2026-03-01 20:30:00+00:00,0.08026
2026-03-01 20:45:00+00:00,0.07606
2026-03-01 21:00:00+00:00,0.08111
2026-03-01 21:15:00+00:00,0.07782
2026-03-01 21:30:00+00:00,0.07364
2026-03-01 21:45:00+00:00,0.06609
2026-03-01 22:00:00+00:00,0.07388
2026-03-01 22:15:00+00:00,0.07083
2026-03-01 22:30:00+00:00,0.06876
2026-03-01 22:45:00+00:00,0.05912
2026-03-01 23:00:00+00:00,0.068
2026-03-01 23:15:00+00:00,0.06508
2026-03-01 23:30:00+00:00,0.06533
2026-03-01 23:45:00+00:00,0.06211
2026-03-02 00:00:00+00:00,0.065
2026-03-02 00:15:00+00:00,0.06504
2026-03-02 00:30:00+00:00,0.0679
2026-03-02 00:45:00+00:00,0.06984
2026-03-02 01:00:00+00:00,0.06966
2026-03-02 01:15:00+00:00,0.06831
2026-03-02 01:30:00+00:00,0.06936
2026-03-02 01:45:00+00:00,0.0687
2026-03-02 02:00:00+00:00,0.06972
2026-03-02 02:15:00+00:00,0.06819
2026-03-02 02:30:00+00:00,0.06814
2026-03-02 02:45:00+00:00,0.07222
2026-03-02 03:00:00+00:00,0.06829
2026-03-02 03:15:00+00:00,0.07043
2026-03-02 03:30:00+00:00,0.07608
2026-03-02 03:45:00+00:00,0.08132
2026-03-02 04:00:00+00:00,0.0764
2026-03-02 04:15:00+00:00,0.08066
2026-03-02 04:30:00+00:00,0.08724
2026-03-02 04:45:00+00:00,0.09582
2026-03-02 05:00:00+00:00,0.08715
2026-03-02 05:15:00+00:00,0.0926
2026-03-02 05:30:00+00:00,0.1078
2026-03-02 05:45:00+00:00,0.11312
2026-03-02 06:00:00+00:00,0.1254
2026-03-02 06:15:00+00:00,0.16453
2026-03-02 06:30:00+00:00,0.14202
2026-03-02 06:45:00+00:00,0.12266
2026-03-02 07:00:00+00:00,0.181
2026-03-02 07:15:00+00:00,0.12317
2026-03-02 07:30:00+00:00,0.10899
2026-03-02 07:45:00+00:00,0.08629
2026-03-02 08:00:00+00:00,0.11391
2026-03-02 08:15:00+00:00,0.0995
2026-03-02 08:30:00+00:00,0.0852
2026-03-02 08:45:00+00:00,0.05924
2026-03-02 09:00:00+00:00,0.08385
2026-03-02 09:15:00+00:00,0.07499
2026-03-02 09:30:00+00:00,0.06848
2026-03-02 09:45:00+00:00,0.05228
2026-03-02 10:00:00+00:00,0.07932
2026-03-02 10:15:00+00:00,0.06631
2026-03-02 10:30:00+00:00,0.04855
2026-03-02 10:45:00+00:00,0.02007
2026-03-02 11:00:00+00:00,0.04188
2026-03-02 11:15:00+00:00,0.03499
2026-03-02 11:30:00+00:00,0.02286
2026-03-02 11:45:00+00:00,0.01654
2026-03-02 12:00:00+00:00,0.01847
2026-03-02 12:15:00+00:00,0.03142
2026-03-02 12:30:00+00:00,0.04612
2026-03-02 12:45:00+00:00,0.065
2026-03-02 13:00:00+00:00,0.01489
2026-03-02 13:15:00+00:00,0.067
2026-03-02 13:30:00+00:00,0.08323
2026-03-02 13:45:00+00:00,0.091
2026-03-02 14:00:00+00:00,0.06816
2026-03-02 14:15:00+00:00,0.07495
2026-03-02 14:30:00+00:00,0.08735
2026-03-02 14:45:00+00:00,0.10949
2026-03-02 15:00:00+00:00,0.07489
2026-03-02 15:15:00+00:00,0.09823
2026-03-02 15:30:00+00:00,0.1145
2026-03-02 15:45:00+00:00,0.14899
2026-03-02 16:00:00+00:00,0.10637
2026-03-02 16:15:00+00:00,0.121
2026-03-02 16:30:00+00:00,0.17427
2026-03-02 16:45:00+00:00,0.29236
2026-03-02 17:00:00+00:00,0.23216
2026-03-02 17:15:00+00:00,0.22231
2026-03-02 17:30:00+00:00,0.15818
2026-03-02 17:45:00+00:00,0.13933
2026-03-02 18:00:00+00:00,0.21401
2026-03-02 18:15:00+00:00,0.13713
2026-03-02 18:30:00+00:00,0.11824
2026-03-02 18:45:00+00:00,0.10506
2026-03-02 19:00:00+00:00,0.11951
2026-03-02 19:15:00+00:00,0.11058
2026-03-02 19:30:00+00:00,0.10098
2026-03-02 19:45:00+00:00,0.09967
2026-03-02 20:00:00+00:00,0.1032
2026-03-02 20:15:00+00:00,0.09899
2026-03-02 20:30:00+00:00,0.09481
2026-03-02 20:45:00+00:00,0.08887
2026-03-02 21:00:00+00:00,0.105
2026-03-02 21:15:00+00:00,0.09921
2026-03-02 21:30:00+00:00,0.09399
2026-03-02 21:45:00+00:00,0.089
2026-03-02 22:00:00+00:00,0.094
2026-03-02 22:15:00+00:00,0.08862
2026-03-02 22:30:00+00:00,0.08726
2026-03-02 22:45:00+00:00,0.0857
2026-03-02 23:00:00+00:00,0.09328
2026-03-02 23:15:00+00:00,0.08995
2026-03-02 23:30:00+00:00,0.08745
2026-03-02 23:45:00+00:00,0.08557
2026-03-03 00:00:00+00:00,0.08985
2026-03-03 00:15:00+00:00,0.08941
2026-03-03 00:30:00+00:00,0.09083
2026-03-03 00:45:00+00:00,0.0904
2026-03-03 01:00:00+00:00,0.08961
2026-03-03 01:15:00+00:00,0.08882
2026-03-03 01:30:00+00:00,0.08999
2026-03-03 01:45:00+00:00,0.08928
2026-03-03 02:00:00+00:00,0.09292
2026-03-03 02:15:00+00:00,0.09016
2026-03-03 02:30:00+00:00,0.09426
2026-03-03 02:45:00+00:00,0.09392
2026-03-03 03:00:00+00:00,0.0949
2026-03-03 03:15:00+00:00,0.09508
2026-03-03 03:30:00+00:00,0.0957
2026-03-03 03:45:00+00:00,0.09721
2026-03-03 04:00:00+00:00,0.0928
2026-03-03 04:15:00+00:00,0.09895
2026-03-03 04:30:00+00:00,0.10561
2026-03-03 04:45:00+00:00,0.11592
2026-03-03 05:00:00+00:00,0.11158
2026-03-03 05:15:00+00:00,0.12193
2026-03-03 05:30:00+00:00,0.13069
2026-03-03 05:45:00+00:00,0.17999
2026-03-03 06:00:00+00:00,0.1683
2026-03-03 06:15:00+00:00,0.16352
2026-03-03 06:30:00+00:00,0.16084
2026-03-03 06:45:00+00:00,0.13293
2026-03-03 07:00:00+00:00,0.19391
2026-03-03 07:15:00+00:00,0.14104
2026-03-03 07:30:00+00:00,0.12049
2026-03-03 07:45:00+00:00,0.09168
2026-03-03 08:00:00+00:00,0.129
2026-03-03 08:15:00+00:00,0.09928
2026-03-03 08:30:00+00:00,0.08944
2026-03-03 08:45:00+00:00,0.08036
2026-03-03 09:00:00+00:00,0.09476
2026-03-03 09:15:00+00:00,0.08719
2026-03-03 09:30:00+00:00,0.07946
2026-03-03 09:45:00+00:00,0.05127
2026-03-03 10:00:00+00:00,0.08305
2026-03-03 10:15:00+00:00,0.06631
2026-03-03 10:30:00+00:00,0.04424
2026-03-03 10:45:00+00:00,0.03009
2026-03-03 11:00:00+00:00,0.04704
2026-03-03 11:15:00+00:00,0.03499
2026-03-03 11:30:00+00:00,0.02587
2026-03-03 11:45:00+00:00,0.02156
2026-03-03 12:00:00+00:00,0.02262
2026-03-03 12:15:00+00:00,0.0237
2026-03-03 12:30:00+00:00,0.03998
2026-03-03 12:45:00+00:00,0.05635
2026-03-03 13:00:00+00:00,0.03302
2026-03-03 13:15:00+00:00,0.05313
2026-03-03 13:30:00+00:00,0.07818
2026-03-03 13:45:00+00:00,0.09225
2026-03-03 14:00:00+00:00,0.06198
2026-03-03 14:15:00+00:00,0.08016
2026-03-03 14:30:00+00:00,0.09182
2026-03-03 14:45:00+00:00,0.11311
2026-03-03 15:00:00+00:00,0.08182
2026-03-03 15:15:00+00:00,0.09806
2026-03-03 15:30:00+00:00,0.11579
2026-03-03 15:45:00+00:00,0.16105
2026-03-03 16:00:00+00:00,0.09361
2026-03-03 16:15:00+00:00,0.11673
2026-03-03 16:30:00+00:00,0.17772
2026-03-03 16:45:00+00:00,0.2464
2026-03-03 17:00:00+00:00,0.1963
2026-03-03 17:15:00+00:00,0.20342
2026-03-03 17:30:00+00:00,0.21931
2026-03-03 17:45:00+00:00,0.198
2026-03-03 18:00:00+00:00,0.23004
2026-03-03 18:15:00+00:00,0.18027
2026-03-03 18:30:00+00:00,0.15769
2026-03-03 18:45:00+00:00,0.12548
2026-03-03 19:00:00+00:00,0.15229
2026-03-03 19:15:00+00:00,0.13831
2026-03-03 19:30:00+00:00,0.12271
2026-03-03 19:45:00+00:00,0.11359
2026-03-03 20:00:00+00:00,0.12549
2026-03-03 20:15:00+00:00,0.11973
2026-03-03 20:30:00+00:00,0.11576
2026-03-03 20:45:00+00:00,0.10374
2026-03-03 21:00:00+00:00,0.12236
2026-03-03 21:15:00+00:00,0.11245
2026-03-03 21:30:00+00:00,0.1081
2026-03-03 21:45:00+00:00,0.10237
2026-03-03 22:00:00+00:00,0.11206
2026-03-03 22:15:00+00:00,0.10452
2026-03-03 22:30:00+00:00,0.10421
2026-03-03 22:45:00+00:00,0.09799
2026-03-03 23:00:00+00:00,0.13994
2026-03-03 23:15:00+00:00,0.1323
2026-03-03 23:30:00+00:00,0.12656
2026-03-03 23:45:00+00:00,0.11724
2026-03-04 00:00:00+00:00,0.13558
2026-03-04 00:15:00+00:00,0.12743
2026-03-04 00:30:00+00:00,0.12513
2026-03-04 00:45:00+00:00,0.12315
2026-03-04 01:00:00+00:00,0.12711
2026-03-04 01:15:00+00:00,0.12579
2026-03-04 01:30:00+00:00,0.12498
2026-03-04 01:45:00+00:00,0.12341
2026-03-04 02:00:00+00:00,0.12481
2026-03-04 02:15:00+00:00,0.12473
2026-03-04 02:30:00+00:00,0.12467
2026-03-04 02:45:00+00:00,0.12473
2026-03-04 03:00:00+00:00,0.12474
2026-03-04 03:15:00+00:00,0.12508
2026-03-04 03:30:00+00:00,0.13054
2026-03-04 03:45:00+00:00,0.13245
2026-03-04 04:00:00+00:00,0.12428
2026-03-04 04:15:00+00:00,0.13194
2026-03-04 04:30:00+00:00,0.14022
2026-03-04 04:45:00+00:00,0.1682
2026-03-04 05:00:00+00:00,0.13703
2026-03-04 05:15:00+00:00,0.15157
2026-03-04 05:30:00+00:00,0.21128
2026-03-04 05:45:00+00:00,0.30131
2026-03-04 06:00:00+00:00,0.33086
2026-03-04 06:15:00+00:00,0.33518
2026-03-04 06:30:00+00:00,0.22614
2026-03-04 06:45:00+00:00,0.17776
2026-03-04 07:00:00+00:00,0.29422
2026-03-04 07:15:00+00:00,0.2045
2026-03-04 07:30:00+00:00,0.15167
2026-03-04 07:45:00+00:00,0.123
2026-03-04 08:00:00+00:00,0.21129
2026-03-04 08:15:00+00:00,0.14865
2026-03-04 08:30:00+00:00,0.13422
2026-03-04 08:45:00+00:00,0.10888
2026-03-04 09:00:00+00:00,0.13781
2026-03-04 09:15:00+00:00,0.11703
2026-03-04 09:30:00+00:00,0.1049
2026-03-04 09:45:00+00:00,0.08193
2026-03-04 10:00:00+00:00,0.10248
2026-03-04 10:15:00+00:00,0.081
2026-03-04 10:30:00+00:00,0.07748
2026-03-04 10:45:00+00:00,0.05223
2026-03-04 11:00:00+00:00,0.06997
2026-03-04 11:15:00+00:00,0.03999
2026-03-04 11:30:00+00:00,0.0349
2026-03-04 11:45:00+00:00,0.02512
2026-03-04 12:00:00+00:00,0.03175
2026-03-04 12:15:00+00:00,0.02692
2026-03-04 12:30:00+00:00,0.03339
2026-03-04 12:45:00+00:00,0.03984
2026-03-04 13:00:00+00:00,0.02637
2026-03-04 13:15:00+00:00,0.05819
2026-03-04 13:30:00+00:00,0.0799
2026-03-04 13:45:00+00:00,0.09716
2026-03-04 14:00:00+00:00,0.07117
2026-03-04 14:15:00+00:00,0.09306
2026-03-04 14:30:00+00:00,0.10174
2026-03-04 14:45:00+00:00,0.13048
2026-03-04 15:00:00+00:00,0.09337
2026-03-04 15:15:00+00:00,0.11524
2026-03-04 15:30:00+00:00,0.13763
2026-03-04 15:45:00+00:00,0.2026
2026-03-04 16:00:00+00:00,0.13071
2026-03-04 16:15:00+00:00,0.17391
2026-03-04 16:30:00+00:00,0.24308
2026-03-04 16:45:00+00:00,0.42936
2026-03-04 17:00:00+00:00,0.28332
2026-03-04 17:15:00+00:00,0.33719
2026-03-04 17:30:00+00:00,0.34365
2026-03-04 17:45:00+00:00,0.27928
2026-03-04 18:00:00+00:00,0.32864
2026-03-04 18:15:00+00:00,0.2301
2026-03-04 18:30:00+00:00,0.21409
2026-03-04 18:45:00+00:00,0.18568
2026-03-04 19:00:00+00:00,0.19734
2026-03-04 19:15:00+00:00,0.172
2026-03-04 19:30:00+00:00,0.15929
2026-03-04 19:45:00+00:00,0.15081
2026-03-04 20:00:00+00:00,0.17164
2026-03-04 20:15:00+00:00,0.15839
2026-03-04 20:30:00+00:00,0.14704
2026-03-04 20:45:00+00:00,0.13044
2026-03-04 21:00:00+00:00,0.15704
2026-03-04 21:15:00+00:00,0.14948
2026-03-04 21:30:00+00:00,0.13913
2026-03-04 21:45:00+00:00,0.12331
2026-03-04 22:00:00+00:00,0.14
2026-03-04 22:15:00+00:00,0.1319
2026-03-04 22:30:00+00:00,0.11913
2026-03-04 22:45:00+00:00,0.1082
2026-03-04 23:00:00+00:00,0.13201
2026-03-04 23:15:00+00:00,0.11461
2026-03-04 23:30:00+00:00,0.11024
2026-03-04 23:45:00+00:00,0.10908
2026-03-05 00:00:00+00:00,0.11179
2026-03-05 00:15:00+00:00,0.10993
2026-03-05 00:30:00+00:00,0.1092
2026-03-05 00:45:00+00:00,0.10881
2026-03-05 01:00:00+00:00,0.10951
2026-03-05 01:15:00+00:00,0.10944
2026-03-05 01:30:00+00:00,0.10926
2026-03-05 01:45:00+00:00,0.10884
2026-03-05 02:00:00+00:00,0.10879
2026-03-05 02:15:00+00:00,0.1085
2026-03-05 02:30:00+00:00,0.10881
2026-03-05 02:45:00+00:00,0.10904
2026-03-05 03:00:00+00:00,0.10969
2026-03-05 03:15:00+00:00,0.11023
2026-03-05 03:30:00+00:00,0.10995
2026-03-05 03:45:00+00:00,0.11438
2026-03-05 04:00:00+00:00,0.1086
2026-03-05 04:15:00+00:00,0.11212
2026-03-05 04:30:00+00:00,0.13771
2026-03-05 04:45:00+00:00,0.1493
2026-03-05 05:00:00+00:00,0.12773
2026-03-05 05:15:00+00:00,0.15425
2026-03-05 05:30:00+00:00,0.16664
2026-03-05 05:45:00+00:00,0.16893
2026-03-05 06:00:00+00:00,0.2051
2026-03-05 06:15:00+00:00,0.19058
2026-03-05 06:30:00+00:00,0.16
2026-03-05 06:45:00+00:00,0.1465
2026-03-05 07:00:00+00:00,0.17643
2026-03-05 07:15:00+00:00,0.14994
2026-03-05 07:30:00+00:00,0.13051
2026-03-05 07:45:00+00:00,0.10044
2026-03-05 08:00:00+00:00,0.12917
2026-03-05 08:15:00+00:00,0.09911
2026-03-05 08:30:00+00:00,0.08924
2026-03-05 08:45:00+00:00,0.07085
2026-03-05 09:00:00+00:00,0.09441
2026-03-05 09:15:00+00:00,0.071
2026-03-05 09:30:00+00:00,0.05995
2026-03-05 09:45:00+00:00,0.03122
2026-03-05 10:00:00+00:00,0.05678
2026-03-05 10:15:00+00:00,0.02559
2026-03-05 10:30:00+00:00,0.00945
2026-03-05 10:45:00+00:00,0.0
2026-03-05 11:00:00+00:00,0.00849
2026-03-05 11:15:00+00:00,0.0
2026-03-05 11:30:00+00:00,0.0
2026-03-05 11:45:00+00:00,0.0
2026-03-05 12:00:00+00:00,0.0
2026-03-05 12:15:00+00:00,0.0
2026-03-05 12:30:00+00:00,0.00128
2026-03-05 12:45:00+00:00,0.01002
2026-03-05 13:00:00+00:00,0.01008
2026-03-05 13:15:00+00:00,0.03229
2026-03-05 13:30:00+00:00,0.03986
2026-03-05 13:45:00+00:00,0.07311
2026-03-05 14:00:00+00:00,0.05843
2026-03-05 14:15:00+00:00,0.08653
2026-03-05 14:30:00+00:00,0.09665
2026-03-05 14:45:00+00:00,0.1184
2026-03-05 15:00:00+00:00,0.0903
2026-03-05 15:15:00+00:00,0.12039
2026-03-05 15:30:00+00:00,0.14453
2026-03-05 15:45:00+00:00,0.19578
2026-03-05 16:00:00+00:00,0.12789
2026-03-05 16:15:00+00:00,0.15828
2026-03-05 16:30:00+00:00,0.19036
2026-03-05 16:45:00+00:00,0.24497
2026-03-05 17:00:00+00:00,0.23009
2026-03-05 17:15:00+00:00,0.20227
2026-03-05 17:30:00+00:00,0.17693
2026-03-05 17:45:00+00:00,0.15879
2026-03-05 18:00:00+00:00,0.19915
2026-03-05 18:15:00+00:00,0.16586
2026-03-05 18:30:00+00:00,0.15289
2026-03-05 18:45:00+00:00,0.1421
2026-03-05 19:00:00+00:00,0.14904
2026-03-05 19:15:00+00:00,0.13592
2026-03-05 19:30:00+00:00,0.13182
2026-03-05 19:45:00+00:00,0.1242
2026-03-05 20:00:00+00:00,0.1459
2026-03-05 20:15:00+00:00,0.13809
2026-03-05 20:30:00+00:00,0.12668
2026-03-05 20:45:00+00:00,0.11169
2026-03-05 21:00:00+00:00,0.13658
2026-03-05 21:15:00+00:00,0.13034
2026-03-05 21:30:00+00:00,0.12827
2026-03-05 21:45:00+00:00,0.12538
2026-03-05 22:00:00+00:00,0.12868
2026-03-05 22:15:00+00:00,0.12179
2026-03-05 22:30:00+00:00,0.11833
2026-03-05 22:45:00+00:00,0.11
2026-03-05 23:00:00+00:00,0.1032
2026-03-05 23:15:00+00:00,0.10449
2026-03-05 23:30:00+00:00,0.10444
2026-03-05 23:45:00+00:00,0.10437
2026-03-06 00:00:00+00:00,0.10623
2026-03-06 00:15:00+00:00,0.10585
2026-03-06 00:30:00+00:00,0.10692
2026-03-06 00:45:00+00:00,0.105
2026-03-06 01:00:00+00:00,0.10938
2026-03-06 01:15:00+00:00,0.10804
2026-03-06 01:30:00+00:00,0.10857
2026-03-06 01:45:00+00:00,0.1081
2026-03-06 02:00:00+00:00,0.10883
2026-03-06 02:15:00+00:00,0.1089
2026-03-06 02:30:00+00:00,0.10954
2026-03-06 02:45:00+00:00,0.11083
2026-03-06 03:00:00+00:00,0.11074
2026-03-06 03:15:00+00:00,0.10997
2026-03-06 03:30:00+00:00,0.118
2026-03-06 03:45:00+00:00,0.12329
2026-03-06 04:00:00+00:00,0.11422
2026-03-06 04:15:00+00:00,0.12158
2026-03-06 04:30:00+00:00,0.13316
2026-03-06 04:45:00+00:00,0.14967
2026-03-06 05:00:00+00:00,0.12643
2026-03-06 05:15:00+00:00,0.14736
2026-03-06 05:30:00+00:00,0.16192
2026-03-06 05:45:00+00:00,0.19343
2026-03-06 06:00:00+00:00,0.21451
2026-03-06 06:15:00+00:00,0.19513
2026-03-06 06:30:00+00:00,0.16802
2026-03-06 06:45:00+00:00,0.13044
2026-03-06 07:00:00+00:00,0.18437
2026-03-06 07:15:00+00:00,0.14894
2026-03-06 07:30:00+00:00,0.1214
2026-03-06 07:45:00+00:00,0.09844
2026-03-06 08:00:00+00:00,0.14353
2026-03-06 08:15:00+00:00,0.1086
2026-03-06 08:30:00+00:00,0.10317
2026-03-06 08:45:00+00:00,0.09255
2026-03-06 09:00:00+00:00,0.11198
2026-03-06 09:15:00+00:00,0.10069
2026-03-06 09:30:00+00:00,0.09614
2026-03-06 09:45:00+00:00,0.07719
2026-03-06 10:00:00+00:00,0.08731
2026-03-06 10:15:00+00:00,0.0698
2026-03-06 10:30:00+00:00,0.0632
2026-03-06 10:45:00+00:00,0.04654
2026-03-06 11:00:00+00:00,0.06313
2026-03-06 11:15:00+00:00,0.04939
2026-03-06 11:30:00+00:00,0.05136
2026-03-06 11:45:00+00:00,0.04668
2026-03-06 12:00:00+00:00,0.04825
2026-03-06 12:15:00+00:00,0.04732
2026-03-06 12:30:00+00:00,0.04669
2026-03-06 12:45:00+00:00,0.05235
2026-03-06 13:00:00+00:00,0.04571
2026-03-06 13:15:00+00:00,0.0645
2026-03-06 13:30:00+00:00,0.08459
2026-03-06 13:45:00+00:00,0.10095
2026-03-06 14:00:00+00:00,0.08526
2026-03-06 14:15:00+00:00,0.10401
2026-03-06 14:30:00+00:00,0.105
2026-03-06 14:45:00+00:00,0.134
2026-03-06 15:00:00+00:00,0.09086
2026-03-06 15:15:00+00:00,0.1206
2026-03-06 15:30:00+00:00,0.13887
2026-03-06 15:45:00+00:00,0.17126
2026-03-06 16:00:00+00:00,0.11548
2026-03-06 16:15:00+00:00,0.15467
2026-03-06 16:30:00+00:00,0.19069
2026-03-06 16:45:00+00:00,0.24891
2026-03-06 17:00:00+00:00,0.22815
2026-03-06 17:15:00+00:00,0.24494
2026-03-06 17:30:00+00:00,0.23002
2026-03-06 17:45:00+00:00,0.2151
2026-03-06 18:00:00+00:00,0.23811
2026-03-06 18:15:00+00:00,0.18438
2026-03-06 18:30:00+00:00,0.17041
2026-03-06 18:45:00+00:00,0.16616
2026-03-06 19:00:00+00:00,0.16976
2026-03-06 19:15:00+00:00,0.16005
2026-03-06 19:30:00+00:00,0.15343
2026-03-06 19:45:00+00:00,0.1292
2026-03-06 20:00:00+00:00,0.15039
2026-03-06 20:15:00+00:00,0.14199
2026-03-06 20:30:00+00:00,0.12813
2026-03-06 20:45:00+00:00,0.11626
2026-03-06 21:00:00+00:00,0.13586
2026-03-06 21:15:00+00:00,0.12715
2026-03-06 21:30:00+00:00,0.12683
2026-03-06 21:45:00+00:00,0.11914
2026-03-06 22:00:00+00:00,0.13643
2026-03-06 22:15:00+00:00,0.12695
2026-03-06 22:30:00+00:00,0.12489
2026-03-06 22:45:00+00:00,0.11603
2026-03-06 23:00:00+00:00,0.14131
2026-03-06 23:15:00+00:00,0.13672
2026-03-06 23:30:00+00:00,0.13278
2026-03-06 23:45:00+00:00,0.12984
2026-03-07 00:00:00+00:00,0.13761
2026-03-07 00:15:00+00:00,0.13228
2026-03-07 00:30:00+00:00,0.12819
2026-03-07 00:45:00+00:00,0.12463
2026-03-07 01:00:00+00:00,0.12976
2026-03-07 01:15:00+00:00,0.12566
2026-03-07 01:30:00+00:00,0.12415
2026-03-07 01:45:00+00:00,0.12312
2026-03-07 02:00:00+00:00,0.12649
2026-03-07 02:15:00+00:00,0.12478
2026-03-07 02:30:00+00:00,0.12332
2026-03-07 02:45:00+00:00,0.12297
2026-03-07 03:00:00+00:00,0.12297
2026-03-07 03:15:00+00:00,0.12413
2026-03-07 03:30:00+00:00,0.1245
2026-03-07 03:45:00+00:00,0.12739
2026-03-07 04:00:00+00:00,0.12477
2026-03-07 04:15:00+00:00,0.12893
2026-03-07 04:30:00+00:00,0.1299
2026-03-07 04:45:00+00:00,0.1347
2026-03-07 05:00:00+00:00,0.13143
2026-03-07 05:15:00+00:00,0.13883
2026-03-07 05:30:00+00:00,0.14133
2026-03-07 05:45:00+00:00,0.13089
2026-03-07 06:00:00+00:00,0.14626
2026-03-07 06:15:00+00:00,0.136
2026-03-07 06:30:00+00:00,0.1293
2026-03-07 06:45:00+00:00,0.10667
2026-03-07 07:00:00+00:00,0.13598
2026-03-07 07:15:00+00:00,0.12611
2026-03-07 07:30:00+00:00,0.10498
2026-03-07 07:45:00+00:00,0.08454
2026-03-07 08:00:00+00:00,0.12903
2026-03-07 08:15:00+00:00,0.10832
2026-03-07 08:30:00+00:00,0.09524
2026-03-07 08:45:00+00:00,0.07856
2026-03-07 09:00:00+00:00,0.10242
2026-03-07 09:15:00+00:00,0.08378
2026-03-07 09:30:00+00:00,0.07378
2026-03-07 09:45:00+00:00,0.0378
2026-03-07 10:00:00+00:00,0.05654
2026-03-07 10:15:00+00:00,0.02769
2026-03-07 10:30:00+00:00,0.01975
2026-03-07 10:45:00+00:00,0.01819
2026-03-07 11:00:00+00:00,0.01851
2026-03-07 11:15:00+00:00,0.01467
2026-03-07 11:30:00+00:00,0.01093
2026-03-07 11:45:00+00:00,0.00801
2026-03-07 12:00:00+00:00,0.00504
2026-03-07 12:15:00+00:00,0.00055
2026-03-07 12:30:00+00:00,0.0
2026-03-07 12:45:00+00:00,8e-05
2026-03-07 13:00:00+00:00,0.00278
2026-03-07 13:15:00+00:00,0.0124
2026-03-07 13:30:00+00:00,0.02318
2026-03-07 13:45:00+00:00,0.03435
2026-03-07 14:00:00+00:00,0.03515
2026-03-07 14:15:00+00:00,0.07666
2026-03-07 14:30:00+00:00,0.09557
2026-03-07 14:45:00+00:00,0.12576
2026-03-07 15:00:00+00:00,0.08122
2026-03-07 15:15:00+00:00,0.11456
2026-03-07 15:30:00+00:00,0.14498
2026-03-07 15:45:00+00:00,0.1645
2026-03-07 16:00:00+00:00,0.11063
2026-03-07 16:15:00+00:00,0.13195
2026-03-07 16:30:00+00:00,0.15
2026-03-07 16:45:00+00:00,0.1969
2026-03-07 17:00:00+00:00,0.16819
2026-03-07 17:15:00+00:00,0.17701
2026-03-07 17:30:00+00:00,0.19395
2026-03-07 17:45:00+00:00,0.18434
2026-03-07 18:00:00+00:00,0.18527
2026-03-07 18:15:00+00:00,0.16998
2026-03-07 18:30:00+00:00,0.16314
2026-03-07 18:45:00+00:00,0.14851
2026-03-07 19:00:00+00:00,0.15771
2026-03-07 19:15:00+00:00,0.15191
2026-03-07 19:30:00+00:00,0.14528
2026-03-07 19:45:00+00:00,0.13789
2026-03-07 20:00:00+00:00,0.14651
2026-03-07 20:15:00+00:00,0.13998
2026-03-07 20:30:00+00:00,0.13571
2026-03-07 20:45:00+00:00,0.12824
2026-03-07 21:00:00+00:00,0.14212
2026-03-07 21:15:00+00:00,0.1338
2026-03-07 21:30:00+00:00,0.13088
2026-03-07 21:45:00+00:00,0.12999
2026-03-07 22:00:00+00:00,0.1441
2026-03-07 22:15:00+00:00,0.13091
2026-03-07 22:30:00+00:00,0.12662
2026-03-07 22:45:00+00:00,0.12095
2026-03-07 23:00:00+00:00,0.14571
2026-03-07 23:15:00+00:00,0.13727
2026-03-07 23:30:00+00:00,0.13174
2026-03-07 23:45:00+00:00,0.12925
2026-03-08 00:00:00+00:00,0.13938
2026-03-08 00:15:00+00:00,0.135
2026-03-08 00:30:00+00:00,0.13
2026-03-08 00:45:00+00:00,0.12655
2026-03-08 01:00:00+00:00,0.134
2026-03-08 01:15:00+00:00,0.13342
2026-03-08 01:30:00+00:00,0.13
2026-03-08 01:45:00+00:00,0.12735
2026-03-08 02:00:00+00:00,0.13252
2026-03-08 02:15:00+00:00,0.13008
2026-03-08 02:30:00+00:00,0.1304
2026-03-08 02:45:00+00:00,0.12737
2026-03-08 03:00:00+00:00,0.12937
2026-03-08 03:15:00+00:00,0.12878
2026-03-08 03:30:00+00:00,0.1292
2026-03-08 03:45:00+00:00,0.12999
2026-03-08 04:00:00+00:00,0.12984
2026-03-08 04:15:00+00:00,0.1274
2026-03-08 04:30:00+00:00,0.12999
2026-03-08 04:45:00+00:00,0.13131
2026-03-08 05:00:00+00:00,0.13054
2026-03-08 05:15:00+00:00,0.13489
2026-03-08 05:30:00+00:00,0.13081
2026-03-08 05:45:00+00:00,0.12815
2026-03-08 06:00:00+00:00,0.13906
2026-03-08 06:15:00+00:00,0.12812
2026-03-08 06:30:00+00:00,0.10895
2026-03-08 06:45:00+00:00,0.09181
2026-03-08 07:00:00+00:00,0.13065
2026-03-08 07:15:00+00:00,0.1092
2026-03-08 07:30:00+00:00,0.10439
2026-03-08 07:45:00+00:00,0.09001
2026-03-08 08:00:00+00:00,0.11099
2026-03-08 08:15:00+00:00,0.09466
2026-03-08 08:30:00+00:00,0.08674
2026-03-08 08:45:00+00:00,0.07048
2026-03-08 09:00:00+00:00,0.09075
2026-03-08 09:15:00+00:00,0.0831
2026-03-08 09:30:00+00:00,0.04734
2026-03-08 09:45:00+00:00,0.03057
2026-03-08 10:00:00+00:00,0.0286
2026-03-08 10:15:00+00:00,0.01977
2026-03-08 10:30:00+00:00,0.0147
2026-03-08 10:45:00+00:00,0.00904
2026-03-08 11:00:00+00:00,0.01295
2026-03-08 11:15:00+00:00,0.00941
2026-03-08 11:30:00+00:00,0.00949
2026-03-08 11:45:00+00:00,0.00148
2026-03-08 12:00:00+00:00,0.0
2026-03-08 12:15:00+00:00,-1e-05
2026-03-08 12:30:00+00:00,-1e-05
2026-03-08 12:45:00+00:00,0.0
2026-03-08 13:00:00+00:00,0.0
2026-03-08 13:15:00+00:00,0.0
2026-03-08 13:30:00+00:00,0.00746
2026-03-08 13:45:00+00:00,0.01846
2026-03-08 14:00:00+00:00,0.01557
2026-03-08 14:15:00+00:00,0.03997
2026-03-08 14:30:00+00:00,0.08574
2026-03-08 14:45:00+00:00,0.11576
2026-03-08 15:00:00+00:00,0.07052
2026-03-08 15:15:00+00:00,0.10779
2026-03-08 15:30:00+00:00,0.13577
2026-03-08 15:45:00+00:00,0.15473
2026-03-08 16:00:00+00:00,0.12088
2026-03-08 16:15:00+00:00,0.13579
2026-03-08 16:30:00+00:00,0.14634
2026-03-08 16:45:00+00:00,0.18224
2026-03-08 17:00:00+00:00,0.1549
2026-03-08 17:15:00+00:00,0.15871
2026-03-08 17:30:00+00:00,0.15664
2026-03-08 17:45:00+00:00,0.17079
2026-03-08 18:00:00+00:00,0.1602
2026-03-08 18:15:00+00:00,0.15087
2026-03-08 18:30:00+00:00,0.15514
2026-03-08 18:45:00+00:00,0.15
2026-03-08 19:00:00+00:00,0.15009
2026-03-08 19:15:00+00:00,0.14131
2026-03-08 19:30:00+00:00,0.13578
2026-03-08 19:45:00+00:00,0.12799
2026-03-08 20:00:00+00:00,0.13799
2026-03-08 20:15:00+00:00,0.13098
2026-03-08 20:30:00+00:00,0.12438
2026-03-08 20:45:00+00:00,0.11639
2026-03-08 21:00:00+00:00,0.12999
2026-03-08 21:15:00+00:00,0.12052
2026-03-08 21:30:00+00:00,0.11765
2026-03-08 21:45:00+00:00,0.1163
2026-03-08 22:00:00+00:00,0.11932
2026-03-08 22:15:00+00:00,0.11426
2026-03-08 22:30:00+00:00,0.1138
2026-03-08 22:45:00+00:00,0.10691
2026-03-08 23:00:00+00:00,0.12151
2026-03-08 23:15:00+00:00,0.11446
2026-03-08 23:30:00+00:00,0.11275
2026-03-08 23:45:00+00:00,0.10763
2026-03-09 00:00:00+00:00,0.11156
2026-03-09 00:15:00+00:00,0.10968
2026-03-09 00:30:00+00:00,0.10868
2026-03-09 00:45:00+00:00,0.10717
2026-03-09 01:00:00+00:00,0.10888
2026-03-09 01:15:00+00:00,0.10777
2026-03-09 01:30:00+00:00,0.10987
2026-03-09 01:45:00+00:00,0.10996
2026-03-09 02:00:00+00:00,0.10999
2026-03-09 02:15:00+00:00,0.11041
2026-03-09 02:30:00+00:00,0.1104
2026-03-09 02:45:00+00:00,0.11112
2026-03-09 03:00:00+00:00,0.113
2026-03-09 03:15:00+00:00,0.1126
2026-03-09 03:30:00+00:00,0.11612
2026-03-09 03:45:00+00:00,0.12384
2026-03-09 04:00:00+00:00,0.11291
2026-03-09 04:15:00+00:00,0.126
2026-03-09 04:30:00+00:00,0.1423
2026-03-09 04:45:00+00:00,0.16678
2026-03-09 05:00:00+00:00,0.14092
2026-03-09 05:15:00+00:00,0.15304
2026-03-09 05:30:00+00:00,0.17927
2026-03-09 05:45:00+00:00,0.18247
2026-03-09 06:00:00+00:00,0.21832
2026-03-09 06:15:00+00:00,0.21753
2026-03-09 06:30:00+00:00,0.18047
2026-03-09 06:45:00+00:00,0.15
2026-03-09 07:00:00+00:00,0.22752
2026-03-09 07:15:00+00:00,0.15825
2026-03-09 07:30:00+00:00,0.14682
2026-03-09 07:45:00+00:00,0.11783
2026-03-09 08:00:00+00:00,0.16005
2026-03-09 08:15:00+00:00,0.1296
2026-03-09 08:30:00+00:00,0.11629
2026-03-09 08:45:00+00:00,0.10235
2026-03-09 09:00:00+00:00,0.1161
2026-03-09 09:15:00+00:00,0.1068
2026-03-09 09:30:00+00:00,0.09436
2026-03-09 09:45:00+00:00,0.08721
2026-03-09 10:00:00+00:00,0.09039
2026-03-09 10:15:00+00:00,0.08497
2026-03-09 10:30:00+00:00,0.07864
2026-03-09 10:45:00+00:00,0.07019
2026-03-09 11:00:00+00:00,0.06959
2026-03-09 11:15:00+00:00,0.06782
2026-03-09 11:30:00+00:00,0.06725
2026-03-09 11:45:00+00:00,0.0661
2026-03-09 12:00:00+00:00,0.06391
2026-03-09 12:15:00+00:00,0.06484
2026-03-09 12:30:00+00:00,0.06837
2026-03-09 12:45:00+00:00,0.07205
2026-03-09 13:00:00+00:00,0.06595
2026-03-09 13:15:00+00:00,0.0795
2026-03-09 13:30:00+00:00,0.08457
2026-03-09 13:45:00+00:00,0.09548
2026-03-09 14:00:00+00:00,0.09159
2026-03-09 14:15:00+00:00,0.10197
2026-03-09 14:30:00+00:00,0.11607
2026-03-09 14:45:00+00:00,0.14234
2026-03-09 15:00:00+00:00,0.10091
2026-03-09 15:15:00+00:00,0.13726
2026-03-09 15:30:00+00:00,0.15058
2026-03-09 15:45:00+00:00,0.185
2026-03-09 16:00:00+00:00,0.12714
2026-03-09 16:15:00+00:00,0.16182
2026-03-09 16:30:00+00:00,0.19953
2026-03-09 16:45:00+00:00,0.25961
2026-03-09 17:00:00+00:00,0.22602
2026-03-09 17:15:00+00:00,0.24865
2026-03-09 17:30:00+00:00,0.25083
2026-03-09 17:45:00+00:00,0.25039
2026-03-09 18:00:00+00:00,0.24813
2026-03-09 18:15:00+00:00,0.21809
2026-03-09 18:30:00+00:00,0.21777
2026-03-09 18:45:00+00:00,0.20563
2026-03-09 19:00:00+00:00,0.21777
2026-03-09 19:15:00+00:00,0.19518
2026-03-09 19:30:00+00:00,0.16056
2026-03-09 19:45:00+00:00,0.15005
2026-03-09 20:00:00+00:00,0.17001
2026-03-09 20:15:00+00:00,0.15723
2026-03-09 20:30:00+00:00,0.1467
2026-03-09 20:45:00+00:00,0.13469
2026-03-09 21:00:00+00:00,0.15509
2026-03-09 21:15:00+00:00,0.14469
2026-03-09 21:30:00+00:00,0.14312
2026-03-09 21:45:00+00:00,0.13018
2026-03-09 22:00:00+00:00,0.13913
2026-03-09 22:15:00+00:00,0.13438
2026-03-09 22:30:00+00:00,0.128
2026-03-09 22:45:00+00:00,0.12927
2026-03-09 23:00:00+00:00,0.1491
2026-03-09 23:15:00+00:00,0.13912
2026-03-09 23:30:00+00:00,0.13602
2026-03-09 23:45:00+00:00,0.13008
2026-03-10 00:00:00+00:00,0.13562
2026-03-10 00:15:00+00:00,0.12999
2026-03-10 00:30:00+00:00,0.12835
2026-03-10 00:45:00+00:00,0.1278
2026-03-10 01:00:00+00:00,0.12887
2026-03-10 01:15:00+00:00,0.12796
2026-03-10 01:30:00+00:00,0.12779
2026-03-10 01:45:00+00:00,0.12583
2026-03-10 02:00:00+00:00,0.12555
2026-03-10 02:15:00+00:00,0.12526
2026-03-10 02:30:00+00:00,0.12681
2026-03-10 02:45:00+00:00,0.12998
2026-03-10 03:00:00+00:00,0.12294
2026-03-10 03:15:00+00:00,0.12534
2026-03-10 03:30:00+00:00,0.13062
2026-03-10 03:45:00+00:00,0.13503
2026-03-10 04:00:00+00:00,0.12627
2026-03-10 04:15:00+00:00,0.13359
2026-03-10 04:30:00+00:00,0.14294
2026-03-10 04:45:00+00:00,0.16004
2026-03-10 05:00:00+00:00,0.14001
2026-03-10 05:15:00+00:00,0.16609
2026-03-10 05:30:00+00:00,0.17462
2026-03-10 05:45:00+00:00,0.19169
2026-03-10 06:00:00+00:00,0.19399
2026-03-10 06:15:00+00:00,0.19992
2026-03-10 06:30:00+00:00,0.17403
2026-03-10 06:45:00+00:00,0.15274
2026-03-10 07:00:00+00:00,0.22758
2026-03-10 07:15:00+00:00,0.17638
2026-03-10 07:30:00+00:00,0.15499
2026-03-10 07:45:00+00:00,0.13433
2026-03-10 08:00:00+00:00,0.17652
2026-03-10 08:15:00+00:00,0.1418
2026-03-10 08:30:00+00:00,0.12818
2026-03-10 08:45:00+00:00,0.11565
2026-03-10 09:00:00+00:00,0.14514
2026-03-10 09:15:00+00:00,0.11223
2026-03-10 09:30:00+00:00,0.11201
2026-03-10 09:45:00+00:00,0.10362
2026-03-10 10:00:00+00:00,0.11737
2026-03-10 10:15:00+00:00,0.10673
2026-03-10 10:30:00+00:00,0.0987
2026-03-10 10:45:00+00:00,0.09237
2026-03-10 11:00:00+00:00,0.09654
2026-03-10 11:15:00+00:00,0.09057
2026-03-10 11:30:00+00:00,0.08766
2026-03-10 11:45:00+00:00,0.09099
2026-03-10 12:00:00+00:00,0.09388
2026-03-10 12:15:00+00:00,0.09451
2026-03-10 12:30:00+00:00,0.09863
2026-03-10 12:45:00+00:00,0.10113
2026-03-10 13:00:00+00:00,0.10199
2026-03-10 13:15:00+00:00,0.10411
2026-03-10 13:30:00+00:00,0.10392
2026-03-10 13:45:00+00:00,0.11864
2026-03-10 14:00:00+00:00,0.10975
2026-03-10 14:15:00+00:00,0.10927
2026-03-10 14:30:00+00:00,0.11627
2026-03-10 14:45:00+00:00,0.15068
2026-03-10 15:00:00+00:00,0.10736
2026-03-10 15:15:00+00:00,0.13635
2026-03-10 15:30:00+00:00,0.15415
2026-03-10 15:45:00+00:00,0.17971
2026-03-10 16:00:00+00:00,0.13215
2026-03-10 16:15:00+00:00,0.15879
2026-03-10 16:30:00+00:00,0.1895
2026-03-10 16:45:00+00:00,0.23557
2026-03-10 17:00:00+00:00,0.20156
2026-03-10 17:15:00+00:00,0.22435
2026-03-10 17:30:00+00:00,0.22988
2026-03-10 17:45:00+00:00,0.21712
2026-03-10 18:00:00+00:00,0.23715
2026-03-10 18:15:00+00:00,0.20531
2026-03-10 18:30:00+00:00,0.19506
2026-03-10 18:45:00+00:00,0.167
2026-03-10 19:00:00+00:00,0.17558
2026-03-10 19:15:00+00:00,0.16186
2026-03-10 19:30:00+00:00,0.14987
2026-03-10 19:45:00+00:00,0.15088
2026-03-10 20:00:00+00:00,0.15435
2026-03-10 20:15:00+00:00,0.14955
2026-03-10 20:30:00+00:00,0.13839
2026-03-10 20:45:00+00:00,0.11758
2026-03-10 21:00:00+00:00,0.13981
2026-03-10 21:15:00+00:00,0.12932
2026-03-10 21:30:00+00:00,0.11878
2026-03-10 21:45:00+00:00,0.10511
2026-03-10 22:00:00+00:00,0.12
2026-03-10 22:15:00+00:00,0.10214
2026-03-10 22:30:00+00:00,0.09529
2026-03-10 22:45:00+00:00,0.0769
2026-03-10 23:00:00+00:00,0.09202
2026-03-10 23:15:00+00:00,0.08896
2026-03-10 23:30:00+00:00,0.08457
2026-03-10 23:45:00+00:00,0.07028
2026-03-11 00:00:00+00:00,0.08074
2026-03-11 00:15:00+00:00,0.0732
2026-03-11 00:30:00+00:00,0.0687
2026-03-11 00:45:00+00:00,0.06058
2026-03-11 01:00:00+00:00,0.06838
2026-03-11 01:15:00+00:00,0.06697
2026-03-11 01:30:00+00:00,0.064
2026-03-11 01:45:00+00:00,0.06235
2026-03-11 02:00:00+00:00,0.0654
2026-03-11 02:15:00+00:00,0.06541
2026-03-11 02:30:00+00:00,0.06291
2026-03-11 02:45:00+00:00,0.06057
2026-03-11 03:00:00+00:00,0.05748
2026-03-11 03:15:00+00:00,0.0529
2026-03-11 03:30:00+00:00,0.05351
2026-03-11 03:45:00+00:00,0.0604
2026-03-11 04:00:00+00:00,0.059
2026-03-11 04:15:00+00:00,0.05841
2026-03-11 04:30:00+00:00,0.06642
2026-03-11 04:45:00+00:00,0.07431
2026-03-11 05:00:00+00:00,0.05634
2026-03-11 05:15:00+00:00,0.0691
2026-03-11 05:30:00+00:00,0.08202
2026-03-11 05:45:00+00:00,0.07601
2026-03-11 06:00:00+00:00,0.09173
2026-03-11 06:15:00+00:00,0.08681
2026-03-11 06:30:00+00:00,0.0819
2026-03-11 06:45:00+00:00,0.06304
2026-03-11 07:00:00+00:00,0.08985
2026-03-11 07:15:00+00:00,0.0787
2026-03-11 07:30:00+00:00,0.07446
2026-03-11 07:45:00+00:00,0.059
2026-03-11 08:00:00+00:00,0.08115
2026-03-11 08:15:00+00:00,0.06991
2026-03-11 08:30:00+00:00,0.05649
2026-03-11 08:45:00+00:00,0.02423
2026-03-11 09:00:00+00:00,0.05603
2026-03-11 09:15:00+00:00,0.035
2026-03-11 09:30:00+00:00,0.01378
2026-03-11 09:45:00+00:00,0.0001
2026-03-11 10:00:00+00:00,0.0238
2026-03-11 10:15:00+00:00,0.01182
2026-03-11 10:30:00+00:00,0.00826
2026-03-11 10:45:00+00:00,0.00491
2026-03-11 11:00:00+00:00,0.00708
2026-03-11 11:15:00+00:00,0.01004
2026-03-11 11:30:00+00:00,0.0101
2026-03-11 11:45:00+00:00,0.01243
2026-03-11 12:00:00+00:00,0.00404
2026-03-11 12:15:00+00:00,0.01069
2026-03-11 12:30:00+00:00,0.02
2026-03-11 12:45:00+00:00,0.02982
2026-03-11 13:00:00+00:00,0.02432
2026-03-11 13:15:00+00:00,0.03396
2026-03-11 13:30:00+00:00,0.05081
2026-03-11 13:45:00+00:00,0.08
2026-03-11 14:00:00+00:00,0.05236
2026-03-11 14:15:00+00:00,0.07368
2026-03-11 14:30:00+00:00,0.0857
2026-03-11 14:45:00+00:00,0.10558
2026-03-11 15:00:00+00:00,0.06992
2026-03-11 15:15:00+00:00,0.10077
2026-03-11 15:30:00+00:00,0.11819
2026-03-11 15:45:00+00:00,0.12754
2026-03-11 16:00:00+00:00,0.10532
2026-03-11 16:15:00+00:00,0.12599
2026-03-11 16:30:00+00:00,0.13052
2026-03-11 16:45:00+00:00,0.15328
2026-03-11 17:00:00+00:00,0.13805
2026-03-11 17:15:00+00:00,0.14761
2026-03-11 17:30:00+00:00,0.15762
2026-03-11 17:45:00+00:00,0.16927
2026-03-11 18:00:00+00:00,0.15487
2026-03-11 18:15:00+00:00,0.15966
2026-03-11 18:30:00+00:00,0.15956
2026-03-11 18:45:00+00:00,0.15279
2026-03-11 19:00:00+00:00,0.14951
2026-03-11 19:15:00+00:00,0.136
2026-03-11 19:30:00+00:00,0.12268
2026-03-11 19:45:00+00:00,0.12057
2026-03-11 20:00:00+00:00,0.13219
2026-03-11 20:15:00+00:00,0.12392
2026-03-11 20:30:00+00:00,0.11883
2026-03-11 20:45:00+00:00,0.11717
2026-03-11 21:00:00+00:00,0.12473
2026-03-11 21:15:00+00:00,0.12026
2026-03-11 21:30:00+00:00,0.12018
2026-03-11 21:45:00+00:00,0.11204
2026-03-11 22:00:00+00:00,0.12163
2026-03-11 22:15:00+00:00,0.10241
2026-03-11 22:30:00+00:00,0.09999
2026-03-11 22:45:00+00:00,0.09198
2026-03-11 23:00:00+00:00,0.11037
2026-03-11 23:15:00+00:00,0.1018
2026-03-11 23:30:00+00:00,0.09844
2026-03-11 23:45:00+00:00,0.09013
2026-03-12 00:00:00+00:00,0.09967
2026-03-12 00:15:00+00:00,0.08998
2026-03-12 00:30:00+00:00,0.09044
2026-03-12 00:45:00+00:00,0.08808
2026-03-12 01:00:00+00:00,0.08982
2026-03-12 01:15:00+00:00,0.08643
2026-03-12 01:30:00+00:00,0.08909
2026-03-12 01:45:00+00:00,0.08991
2026-03-12 02:00:00+00:00,0.09121
2026-03-12 02:15:00+00:00,0.08989
2026-03-12 02:30:00+00:00,0.0874
2026-03-12 02:45:00+00:00,0.08594
2026-03-12 03:00:00+00:00,0.09293
2026-03-12 03:15:00+00:00,0.08849
2026-03-12 03:30:00+00:00,0.0885
2026-03-12 03:45:00+00:00,0.08873
2026-03-12 04:00:00+00:00,0.09127
2026-03-12 04:15:00+00:00,0.0885
2026-03-12 04:30:00+00:00,0.10106
2026-03-12 04:45:00+00:00,0.11846
2026-03-12 05:00:00+00:00,0.10944
2026-03-12 05:15:00+00:00,0.12631
2026-03-12 05:30:00+00:00,0.13966
2026-03-12 05:45:00+00:00,0.14726
2026-03-12 06:00:00+00:00,0.15164
2026-03-12 06:15:00+00:00,0.14311
2026-03-12 06:30:00+00:00,0.13945
2026-03-12 06:45:00+00:00,0.11436
2026-03-12 07:00:00+00:00,0.13443
2026-03-12 07:15:00+00:00,0.10944
2026-03-12 07:30:00+00:00,0.101
2026-03-12 07:45:00+00:00,0.07435
2026-03-12 08:00:00+00:00,0.11521
2026-03-12 08:15:00+00:00,0.08888
2026-03-12 08:30:00+00:00,0.06591
2026-03-12 08:45:00+00:00,0.04999
2026-03-12 09:00:00+00:00,0.07306
2026-03-12 09:15:00+00:00,0.02986
2026-03-12 09:30:00+00:00,0.00886
2026-03-12 09:45:00+00:00,0.00212
2026-03-12 10:00:00+00:00,0.00233
2026-03-12 10:15:00+00:00,0.0
2026-03-12 10:30:00+00:00,-4e-05
2026-03-12 10:45:00+00:00,-0.00092
2026-03-12 11:00:00+00:00,-0.00061
2026-03-12 11:15:00+00:00,-0.001
2026-03-12 11:30:00+00:00,-0.00109
2026-03-12 11:45:00+00:00,-0.00167
2026-03-12 12:00:00+00:00,-0.00183
2026-03-12 12:15:00+00:00,-0.0022
2026-03-12 12:30:00+00:00,-0.00294
2026-03-12 12:45:00+00:00,-0.003
2026-03-12 13:00:00+00:00,-0.00172
2026-03-12 13:15:00+00:00,-0.00132
2026-03-12 13:30:00+00:00,-0.00056
2026-03-12 13:45:00+00:00,-1e-05
2026-03-12 14:00:00+00:00,0.0
2026-03-12 14:15:00+00:00,0.0001
2026-03-12 14:30:00+00:00,0.00401
2026-03-12 14:45:00+00:00,0.01029
2026-03-12 15:00:00+00:00,0.01003
2026-03-12 15:15:00+00:00,0.0356
2026-03-12 15:30:00+00:00,0.062
2026-03-12 15:45:00+00:00,0.09703
2026-03-12 16:00:00+00:00,0.06762
2026-03-12 16:15:00+00:00,0.09335
2026-03-12 16:30:00+00:00,0.10901
2026-03-12 16:45:00+00:00,0.16433
2026-03-12 17:00:00+00:00,0.12033
2026-03-12 17:15:00+00:00,0.11767
2026-03-12 17:30:00+00:00,0.11097
2026-03-12 17:45:00+00:00,0.11049
2026-03-12 18:00:00+00:00,0.11965
2026-03-12 18:15:00+00:00,0.11062
2026-03-12 18:30:00+00:00,0.09981
2026-03-12 18:45:00+00:00,0.09391
2026-03-12 19:00:00+00:00,0.09766
2026-03-12 19:15:00+00:00,0.08691
2026-03-12 19:30:00+00:00,0.08183
2026-03-12 19:45:00+00:00,0.07988
2026-03-12 20:00:00+00:00,0.07854
2026-03-12 20:15:00+00:00,0.07931
2026-03-12 20:30:00+00:00,0.06828
2026-03-12 20:45:00+00:00,0.05303
2026-03-12 21:00:00+00:00,0.08308
2026-03-12 21:15:00+00:00,0.06731
2026-03-12 21:30:00+00:00,0.05997
2026-03-12 21:45:00+00:00,0.03986
2026-03-12 22:00:00+00:00,0.0242
2026-03-12 22:15:00+00:00,0.01988
2026-03-12 22:30:00+00:00,0.01743
2026-03-12 22:45:00+00:00,0.0101
2026-03-12 23:00:00+00:00,0.00943
2026-03-12 23:15:00+00:00,0.00887
2026-03-12 23:30:00+00:00,0.00428
2026-03-12 23:45:00+00:00,0.00258
2026-03-13 00:00:00+00:00,0.0067
2026-03-13 00:15:00+00:00,0.00358
2026-03-13 00:30:00+00:00,0.00255
2026-03-13 00:45:00+00:00,0.00358
2026-03-13 01:00:00+00:00,0.00467
2026-03-13 01:15:00+00:00,0.0024
2026-03-13 01:30:00+00:00,0.00232
2026-03-13 01:45:00+00:00,0.00216
2026-03-13 02:00:00+00:00,0.00233
2026-03-13 02:15:00+00:00,0.00162
2026-03-13 02:30:00+00:00,0.00054
2026-03-13 02:45:00+00:00,0.0001
2026-03-13 03:00:00+00:00,0.00159
2026-03-13 03:15:00+00:00,0.001
2026-03-13 03:30:00+00:00,0.0016
2026-03-13 03:45:00+00:00,0.00165
2026-03-13 04:00:00+00:00,0.00161
2026-03-13 04:15:00+00:00,0.00163
2026-03-13 04:30:00+00:00,0.00409
2026-03-13 04:45:00+00:00,0.0043
2026-03-13 05:00:00+00:00,0.00428
2026-03-13 05:15:00+00:00,0.00946
2026-03-13 05:30:00+00:00,0.01003
2026-03-13 05:45:00+00:00,0.01007
2026-03-13 06:00:00+00:00,0.02161
2026-03-13 06:15:00+00:00,0.02424
2026-03-13 06:30:00+00:00,0.02149
2026-03-13 06:45:00+00:00,0.01241
2026-03-13 07:00:00+00:00,0.01716
2026-03-13 07:15:00+00:00,0.00499
2026-03-13 07:30:00+00:00,0.00351
2026-03-13 07:45:00+00:00,0.0
2026-03-13 08:00:00+00:00,0.0001
2026-03-13 08:15:00+00:00,-1e-05
2026-03-13 08:30:00+00:00,-4e-05
2026-03-13 08:45:00+00:00,-0.00101
2026-03-13 09:00:00+00:00,-0.002
2026-03-13 09:15:00+00:00,-0.00458
2026-03-13 09:30:00+00:00,-0.00513
2026-03-13 09:45:00+00:00,-0.00828
2026-03-13 10:00:00+00:00,-0.00813
2026-03-13 10:15:00+00:00,-0.00819
2026-03-13 10:30:00+00:00,-0.00991
2026-03-13 10:45:00+00:00,-0.00977
2026-03-13 11:00:00+00:00,-0.00992
2026-03-13 11:15:00+00:00,-0.00937
2026-03-13 11:30:00+00:00,-0.00732
2026-03-13 11:45:00+00:00,-0.00678
2026-03-13 12:00:00+00:00,-0.00461
2026-03-13 12:15:00+00:00,-0.00272
2026-03-13 12:30:00+00:00,-0.00188
2026-03-13 12:45:00+00:00,-0.001
2026-03-13 13:00:00+00:00,-0.00092
2026-03-13 13:15:00+00:00,-1e-05
2026-03-13 13:30:00+00:00,1e-05
2026-03-13 13:45:00+00:00,0.00561
2026-03-13 14:00:00+00:00,0.0045
2026-03-13 14:15:00+00:00,0.01338
2026-03-13 14:30:00+00:00,0.0536
2026-03-13 14:45:00+00:00,0.1168
2026-03-13 15:00:00+00:00,0.04159
2026-03-13 15:15:00+00:00,0.08568
2026-03-13 15:30:00+00:00,0.1276
2026-03-13 15:45:00+00:00,0.15037
2026-03-13 16:00:00+00:00,0.11504
2026-03-13 16:15:00+00:00,0.13101
2026-03-13 16:30:00+00:00,0.15101
2026-03-13 16:45:00+00:00,0.17066
2026-03-13 17:00:00+00:00,0.13642
2026-03-13 17:15:00+00:00,0.15537
2026-03-13 17:30:00+00:00,0.16918
2026-03-13 17:45:00+00:00,0.185
2026-03-13 18:00:00+00:00,0.17566
2026-03-13 18:15:00+00:00,0.17298
2026-03-13 18:30:00+00:00,0.16534
2026-03-13 18:45:00+00:00,0.149
2026-03-13 19:00:00+00:00,0.16409
2026-03-13 19:15:00+00:00,0.151
2026-03-13 19:30:00+00:00,0.13837
2026-03-13 19:45:00+00:00,0.12943
2026-03-13 20:00:00+00:00,0.14564
2026-03-13 20:15:00+00:00,0.1354
2026-03-13 20:30:00+00:00,0.1242
2026-03-13 20:45:00+00:00,0.1161
2026-03-13 21:00:00+00:00,0.13167
2026-03-13 21:15:00+00:00,0.12067
2026-03-13 21:30:00+00:00,0.1245
2026-03-13 21:45:00+00:00,0.11685
2026-03-13 22:00:00+00:00,0.13369
2026-03-13 22:15:00+00:00,0.11309
2026-03-13 22:30:00+00:00,0.1131
2026-03-13 22:45:00+00:00,0.10335
2026-03-13 23:00:00+00:00,0.12383
2026-03-13 23:15:00+00:00,0.12022
2026-03-13 23:30:00+00:00,0.10547
2026-03-13 23:45:00+00:00,0.10226
2026-03-14 00:00:00+00:00,0.11241
2026-03-14 00:15:00+00:00,0.10969
2026-03-14 00:30:00+00:00,0.10835
2026-03-14 00:45:00+00:00,0.10583
2026-03-14 01:00:00+00:00,0.10625
2026-03-14 01:15:00+00:00,0.10417
2026-03-14 01:30:00+00:00,0.10337
2026-03-14 01:45:00+00:00,0.10217
2026-03-14 02:00:00+00:00,0.09934
2026-03-14 02:15:00+00:00,0.10181
2026-03-14 02:30:00+00:00,0.10281
2026-03-14 02:45:00+00:00,0.10349
2026-03-14 03:00:00+00:00,0.10321
2026-03-14 03:15:00+00:00,0.1032
2026-03-14 03:30:00+00:00,0.10631
2026-03-14 03:45:00+00:00,0.10774
2026-03-14 04:00:00+00:00,0.10451
2026-03-14 04:15:00+00:00,0.10738
2026-03-14 04:30:00+00:00,0.11038
2026-03-14 04:45:00+00:00,0.114
2026-03-14 05:00:00+00:00,0.10627
2026-03-14 05:15:00+00:00,0.11138
2026-03-14 05:30:00+00:00,0.11351
2026-03-14 05:45:00+00:00,0.11492
2026-03-14 06:00:00+00:00,0.11969
2026-03-14 06:15:00+00:00,0.1159
2026-03-14 06:30:00+00:00,0.11574
2026-03-14 06:45:00+00:00,0.1155
2026-03-14 07:00:00+00:00,0.122
2026-03-14 07:15:00+00:00,0.12194
2026-03-14 07:30:00+00:00,0.12199
2026-03-14 07:45:00+00:00,0.12159
2026-03-14 08:00:00+00:00,0.12005
2026-03-14 08:15:00+00:00,0.12002
2026-03-14 08:30:00+00:00,0.11649
2026-03-14 08:45:00+00:00,0.108
2026-03-14 09:00:00+00:00,0.11226
2026-03-14 09:15:00+00:00,0.1087
2026-03-14 09:30:00+00:00,0.10586
2026-03-14 09:45:00+00:00,0.10327
2026-03-14 10:00:00+00:00,0.10375
2026-03-14 10:15:00+00:00,0.10162
2026-03-14 10:30:00+00:00,0.1037
2026-03-14 10:45:00+00:00,0.10503
2026-03-14 11:00:00+00:00,0.10456
2026-03-14 11:15:00+00:00,0.10407
2026-03-14 11:30:00+00:00,0.10454
2026-03-14 11:45:00+00:00,0.10361
2026-03-14 12:00:00+00:00,0.10513
2026-03-14 12:15:00+00:00,0.10507
2026-03-14 12:30:00+00:00,0.10166
2026-03-14 12:45:00+00:00,0.10186
2026-03-14 13:00:00+00:00,0.10378
2026-03-14 13:15:00+00:00,0.10487
2026-03-14 13:30:00+00:00,0.10539
2026-03-14 13:45:00+00:00,0.10867
2026-03-14 14:00:00+00:00,0.10107
2026-03-14 14:15:00+00:00,0.11399
2026-03-14 14:30:00+00:00,0.12028
2026-03-14 14:45:00+00:00,0.12154
2026-03-14 15:00:00+00:00,0.12007
2026-03-14 15:15:00+00:00,0.12131
2026-03-14 15:30:00+00:00,0.13196
2026-03-14 15:45:00+00:00,0.14666
2026-03-14 16:00:00+00:00,0.11617
2026-03-14 16:15:00+00:00,0.13188
2026-03-14 16:30:00+00:00,0.14246
2026-03-14 16:45:00+00:00,0.16409
2026-03-14 17:00:00+00:00,0.14
2026-03-14 17:15:00+00:00,0.14841
2026-03-14 17:30:00+00:00,0.17256
2026-03-14 17:45:00+00:00,0.18343
2026-03-14 18:00:00+00:00,0.18348
2026-03-14 18:15:00+00:00,0.17834
2026-03-14 18:30:00+00:00,0.16551
2026-03-14 18:45:00+00:00,0.15201
2026-03-14 19:00:00+00:00,0.17636
2026-03-14 19:15:00+00:00,0.15619
2026-03-14 19:30:00+00:00,0.13997
2026-03-14 19:45:00+00:00,0.12854
2026-03-14 20:00:00+00:00,0.14
2026-03-14 20:15:00+00:00,0.13354
2026-03-14 20:30:00+00:00,0.1404
2026-03-14 20:45:00+00:00,0.13587
2026-03-14 21:00:00+00:00,0.13953
2026-03-14 21:15:00+00:00,0.13299
2026-03-14 21:30:00+00:00,0.13981
2026-03-14 21:45:00+00:00,0.12862
2026-03-14 22:00:00+00:00,0.13961
2026-03-14 22:15:00+00:00,0.12882
2026-03-14 22:30:00+00:00,0.12735
2026-03-14 22:45:00+00:00,0.1164
2026-03-14 23:00:00+00:00,0.14499
2026-03-14 23:15:00+00:00,0.14394
2026-03-14 23:30:00+00:00,0.13601
2026-03-14 23:45:00+00:00,0.12443
2026-03-15 00:00:00+00:00,0.14058
2026-03-15 00:15:00+00:00,0.13552
2026-03-15 00:30:00+00:00,0.13283
2026-03-15 00:45:00+00:00,0.12599
2026-03-15 01:00:00+00:00,0.13337
2026-03-15 01:15:00+00:00,0.12708
2026-03-15 01:30:00+00:00,0.12022
2026-03-15 01:45:00+00:00,0.11917
2026-03-15 02:00:00+00:00,0.11975
2026-03-15 02:15:00+00:00,0.1208
2026-03-15 02:30:00+00:00,0.12571
2026-03-15 02:45:00+00:00,0.12785
2026-03-15 03:00:00+00:00,0.12
2026-03-15 03:15:00+00:00,0.12105
2026-03-15 03:30:00+00:00,0.12267
2026-03-15 03:45:00+00:00,0.12499
2026-03-15 04:00:00+00:00,0.12071
2026-03-15 04:15:00+00:00,0.12098
2026-03-15 04:30:00+00:00,0.1258
2026-03-15 04:45:00+00:00,0.12899
2026-03-15 05:00:00+00:00,0.1214
2026-03-15 05:15:00+00:00,0.1272
2026-03-15 05:30:00+00:00,0.12721
2026-03-15 05:45:00+00:00,0.12174
2026-03-15 06:00:00+00:00,0.13041
2026-03-15 06:15:00+00:00,0.11899
2026-03-15 06:30:00+00:00,0.11743
2026-03-15 06:45:00+00:00,0.10701
2026-03-15 07:00:00+00:00,0.136
2026-03-15 07:15:00+00:00,0.11439
2026-03-15 07:30:00+00:00,0.1
2026-03-15 07:45:00+00:00,0.08599
2026-03-15 08:00:00+00:00,0.10578
2026-03-15 08:15:00+00:00,0.09774
2026-03-15 08:30:00+00:00,0.08927
2026-03-15 08:45:00+00:00,0.08629
2026-03-15 09:00:00+00:00,0.09593
2026-03-15 09:15:00+00:00,0.09028
2026-03-15 09:30:00+00:00,0.08595
2026-03-15 09:45:00+00:00,0.07706
2026-03-15 10:00:00+00:00,0.08858
2026-03-15 10:15:00+00:00,0.08348
2026-03-15 10:30:00+00:00,0.06666
2026-03-15 10:45:00+00:00,0.05012
2026-03-15 11:00:00+00:00,0.07603
2026-03-15 11:15:00+00:00,0.05834
2026-03-15 11:30:00+00:00,0.04395
2026-03-15 11:45:00+00:00,0.03355
2026-03-15 12:00:00+00:00,0.04614
2026-03-15 12:15:00+00:00,0.04017
2026-03-15 12:30:00+00:00,0.03134
2026-03-15 12:45:00+00:00,0.02818
2026-03-15 13:00:00+00:00,0.02571
2026-03-15 13:15:00+00:00,0.03124
2026-03-15 13:30:00+00:00,0.03998
2026-03-15 13:45:00+00:00,0.05186
2026-03-15 14:00:00+00:00,0.04928
2026-03-15 14:15:00+00:00,0.05255
2026-03-15 14:30:00+00:00,0.06647
2026-03-15 14:45:00+00:00,0.08401
2026-03-15 15:00:00+00:00,0.0545
2026-03-15 15:15:00+00:00,0.08348
2026-03-15 15:30:00+00:00,0.09776
2026-03-15 15:45:00+00:00,0.12124
2026-03-15 16:00:00+00:00,0.101
2026-03-15 16:15:00+00:00,0.12134
2026-03-15 16:30:00+00:00,0.13657
2026-03-15 16:45:00+00:00,0.15274
2026-03-15 17:00:00+00:00,0.14186
2026-03-15 17:15:00+00:00,0.14547
2026-03-15 17:30:00+00:00,0.15408
2026-03-15 17:45:00+00:00,0.15505
2026-03-15 18:00:00+00:00,0.1506
2026-03-15 18:15:00+00:00,0.13599
2026-03-15 18:30:00+00:00,0.12366
2026-03-15 18:45:00+00:00,0.11723
2026-03-15 19:00:00+00:00,0.11946
2026-03-15 19:15:00+00:00,0.11376
2026-03-15 19:30:00+00:00,0.11032
2026-03-15 19:45:00+00:00,0.09039
2026-03-15 20:00:00+00:00,0.10822
2026-03-15 20:15:00+00:00,0.09013
2026-03-15 20:30:00+00:00,0.09168
2026-03-15 20:45:00+00:00,0.07747
2026-03-15 21:00:00+00:00,0.09005
2026-03-15 21:15:00+00:00,0.08966
2026-03-15 21:30:00+00:00,0.08033
2026-03-15 21:45:00+00:00,0.07141
2026-03-15 22:00:00+00:00,0.0838
2026-03-15 22:15:00+00:00,0.06835
2026-03-15 22:30:00+00:00,0.06277
2026-03-15 22:45:00+00:00,0.04114
2026-03-15 23:00:00+00:00,0.05987
2026-03-15 23:15:00+00:00,0.04269
2026-03-15 23:30:00+00:00,0.02162
2026-03-15 23:45:00+00:00,0.01248
2026-03-16 00:00:00+00:00,0.03612
2026-03-16 00:15:00+00:00,0.02333
2026-03-16 00:30:00+00:00,0.01691
2026-03-16 00:45:00+00:00,0.01695
2026-03-16 01:00:00+00:00,0.0245
2026-03-16 01:15:00+00:00,0.01843
2026-03-16 01:30:00+00:00,0.0155
2026-03-16 01:45:00+00:00,0.01193
2026-03-16 02:00:00+00:00,0.01307
2026-03-16 02:15:00+00:00,0.01148
2026-03-16 02:30:00+00:00,0.01501
2026-03-16 02:45:00+00:00,0.01699
2026-03-16 03:00:00+00:00,0.01243
2026-03-16 03:15:00+00:00,0.01695
2026-03-16 03:30:00+00:00,0.02202
2026-03-16 03:45:00+00:00,0.02883
2026-03-16 04:00:00+00:00,0.02006
2026-03-16 04:15:00+00:00,0.03011
2026-03-16 04:30:00+00:00,0.03952
2026-03-16 04:45:00+00:00,0.06002
2026-03-16 05:00:00+00:00,0.03673
2026-03-16 05:15:00+00:00,0.06231
2026-03-16 05:30:00+00:00,0.08171
2026-03-16 05:45:00+00:00,0.08401
2026-03-16 06:00:00+00:00,0.09803
2026-03-16 06:15:00+00:00,0.09624
2026-03-16 06:30:00+00:00,0.09663
2026-03-16 06:45:00+00:00,0.09137
2026-03-16 07:00:00+00:00,0.11785
2026-03-16 07:15:00+00:00,0.09982
2026-03-16 07:30:00+00:00,0.08939
2026-03-16 07:45:00+00:00,0.07685
2026-03-16 08:00:00+00:00,0.09964
2026-03-16 08:15:00+00:00,0.08283
2026-03-16 08:30:00+00:00,0.06424
2026-03-16 08:45:00+00:00,0.04571
2026-03-16 09:00:00+00:00,0.06247
2026-03-16 09:15:00+00:00,0.05206
2026-03-16 09:30:00+00:00,0.03588
2026-03-16 09:45:00+00:00,0.01997
2026-03-16 10:00:00+00:00,0.02252
2026-03-16 10:15:00+00:00,0.01562
2026-03-16 10:30:00+00:00,0.01436
2026-03-16 10:45:00+00:00,0.01696
2026-03-16 11:00:00+00:00,0.01508
2026-03-16 11:15:00+00:00,0.01115
2026-03-16 11:30:00+00:00,0.01186
2026-03-16 11:45:00+00:00,0.01005
2026-03-16 12:00:00+00:00,0.01005
2026-03-16 12:15:00+00:00,0.01087
2026-03-16 12:30:00+00:00,0.017
2026-03-16 12:45:00+00:00,0.0256
2026-03-16 13:00:00+00:00,0.01844
2026-03-16 13:15:00+00:00,0.03106
2026-03-16 13:30:00+00:00,0.05627
2026-03-16 13:45:00+00:00,0.06292
2026-03-16 14:00:00+00:00,0.02917
2026-03-16 14:15:00+00:00,0.04076
2026-03-16 14:30:00+00:00,0.075
2026-03-16 14:45:00+00:00,0.11285
2026-03-16 15:00:00+00:00,0.05372
2026-03-16 15:15:00+00:00,0.08799
2026-03-16 15:30:00+00:00,0.13087
2026-03-16 15:45:00+00:00,0.15226
2026-03-16 16:00:00+00:00,0.09851
2026-03-16 16:15:00+00:00,0.12753
2026-03-16 16:30:00+00:00,0.1486
2026-03-16 16:45:00+00:00,0.17977
2026-03-16 17:00:00+00:00,0.145
2026-03-16 17:15:00+00:00,0.15717
2026-03-16 17:30:00+00:00,0.17343
2026-03-16 17:45:00+00:00,0.18454
2026-03-16 18:00:00+00:00,0.17972
2026-03-16 18:15:00+00:00,0.17992
2026-03-16 18:30:00+00:00,0.17997
2026-03-16 18:45:00+00:00,0.17994
2026-03-16 19:00:00+00:00,0.18264
2026-03-16 19:15:00+00:00,0.16316
2026-03-16 19:30:00+00:00,0.14341
2026-03-16 19:45:00+00:00,0.12993
2026-03-16 20:00:00+00:00,0.14236
2026-03-16 20:15:00+00:00,0.12829
2026-03-16 20:30:00+00:00,0.12054
2026-03-16 20:45:00+00:00,0.11166
2026-03-16 21:00:00+00:00,0.13038
2026-03-16 21:15:00+00:00,0.1242
2026-03-16 21:30:00+00:00,0.12382
2026-03-16 21:45:00+00:00,0.10925
2026-03-16 22:00:00+00:00,0.11167
2026-03-16 22:15:00+00:00,0.10331
2026-03-16 22:30:00+00:00,0.095
2026-03-16 22:45:00+00:00,0.08908
2026-03-16 23:00:00+00:00,0.13274
2026-03-16 23:15:00+00:00,0.1134
2026-03-16 23:30:00+00:00,0.1056
2026-03-16 23:45:00+00:00,0.10292
2026-03-17 00:00:00+00:00,0.10631
2026-03-17 00:15:00+00:00,0.1059
2026-03-17 00:30:00+00:00,0.10604
2026-03-17 00:45:00+00:00,0.10409
2026-03-17 01:00:00+00:00,0.10747
2026-03-17 01:15:00+00:00,0.1074
2026-03-17 01:30:00+00:00,0.10607
2026-03-17 01:45:00+00:00,0.10475
2026-03-17 02:00:00+00:00,0.106
2026-03-17 02:15:00+00:00,0.10623
2026-03-17 02:30:00+00:00,0.1073
2026-03-17 02:45:00+00:00,0.10656
2026-03-17 03:00:00+00:00,0.11082
2026-03-17 03:15:00+00:00,0.10933
2026-03-17 03:30:00+00:00,0.10902
2026-03-17 03:45:00+00:00,0.11095
2026-03-17 04:00:00+00:00,0.10787
2026-03-17 04:15:00+00:00,0.10999
2026-03-17 04:30:00+00:00,0.1236
2026-03-17 04:45:00+00:00,0.1382
2026-03-17 05:00:00+00:00,0.1318
2026-03-17 05:15:00+00:00,0.144
2026-03-17 05:30:00+00:00,0.15352
2026-03-17 05:45:00+00:00,0.16254
2026-03-17 06:00:00+00:00,0.17397
2026-03-17 06:15:00+00:00,0.17388
2026-03-17 06:30:00+00:00,0.17417
2026-03-17 06:45:00+00:00,0.1499
2026-03-17 07:00:00+00:00,0.19266
2026-03-17 07:15:00+00:00,0.16019
2026-03-17 07:30:00+00:00,0.14016
2026-03-17 07:45:00+00:00,0.11704
2026-03-17 08:00:00+00:00,0.14995
2026-03-17 08:15:00+00:00,0.12709
2026-03-17 08:30:00+00:00,0.11207
2026-03-17 08:45:00+00:00,0.10718
2026-03-17 09:00:00+00:00,0.13097
2026-03-17 09:15:00+00:00,0.10459
2026-03-17 09:30:00+00:00,0.09841
2026-03-17 09:45:00+00:00,0.10059
2026-03-17 10:00:00+00:00,0.10319
2026-03-17 10:15:00+00:00,0.099
2026-03-17 10:30:00+00:00,0.09764
2026-03-17 10:45:00+00:00,0.10277
2026-03-17 11:00:00+00:00,0.09536
2026-03-17 11:15:00+00:00,0.0953
2026-03-17 11:30:00+00:00,0.09532
2026-03-17 11:45:00+00:00,0.09493
2026-03-17 12:00:00+00:00,0.097
2026-03-17 12:15:00+00:00,0.09711
2026-03-17 12:30:00+00:00,0.09599
2026-03-17 12:45:00+00:00,0.09696
2026-03-17 13:00:00+00:00,0.09662
2026-03-17 13:15:00+00:00,0.10026
2026-03-17 13:30:00+00:00,0.09863
2026-03-17 13:45:00+00:00,0.10179
2026-03-17 14:00:00+00:00,0.09967
2026-03-17 14:15:00+00:00,0.10555
2026-03-17 14:30:00+00:00,0.11585
2026-03-17 14:45:00+00:00,0.12736
2026-03-17 15:00:00+00:00,0.1117
2026-03-17 15:15:00+00:00,0.12441
2026-03-17 15:30:00+00:00,0.13644
2026-03-17 15:45:00+00:00,0.15456
2026-03-17 16:00:00+00:00,0.12804
2026-03-17 16:15:00+00:00,0.14671
2026-03-17 16:30:00+00:00,0.16318
2026-03-17 16:45:00+00:00,0.21088
2026-03-17 17:00:00+00:00,0.19132
2026-03-17 17:15:00+00:00,0.21188
2026-03-17 17:30:00+00:00,0.21499
2026-03-17 17:45:00+00:00,0.211
2026-03-17 18:00:00+00:00,0.21368
2026-03-17 18:15:00+00:00,0.17915
2026-03-17 18:30:00+00:00,0.14591
2026-03-17 18:45:00+00:00,0.14279
2026-03-17 19:00:00+00:00,0.16342
2026-03-17 19:15:00+00:00,0.14511
2026-03-17 19:30:00+00:00,0.13816
2026-03-17 19:45:00+00:00,0.13026
2026-03-17 20:00:00+00:00,0.14527
2026-03-17 20:15:00+00:00,0.13527
2026-03-17 20:30:00+00:00,0.12653
2026-03-17 20:45:00+00:00,0.11209
2026-03-17 21:00:00+00:00,0.13369
2026-03-17 21:15:00+00:00,0.11928
2026-03-17 21:30:00+00:00,0.1057
2026-03-17 21:45:00+00:00,0.09829
2026-03-17 22:00:00+00:00,0.10821
2026-03-17 22:15:00+00:00,0.10167
2026-03-17 22:30:00+00:00,0.09812
2026-03-17 22:45:00+00:00,0.09383
2026-03-17 23:00:00+00:00,0.0957
2026-03-17 23:15:00+00:00,0.0889
2026-03-17 23:30:00+00:00,0.08739
2026-03-17 23:45:00+00:00,0.08721
2026-03-18 00:00:00+00:00,0.08964
2026-03-18 00:15:00+00:00,0.08664
2026-03-18 00:30:00+00:00,0.08583
2026-03-18 00:45:00+00:00,0.0848
2026-03-18 01:00:00+00:00,0.08658
2026-03-18 01:15:00+00:00,0.08539
2026-03-18 01:30:00+00:00,0.08527
2026-03-18 01:45:00+00:00,0.0855
2026-03-18 02:00:00+00:00,0.08615
2026-03-18 02:15:00+00:00,0.0865
2026-03-18 02:30:00+00:00,0.08709
2026-03-18 02:45:00+00:00,0.08773
2026-03-18 03:00:00+00:00,0.08793
2026-03-18 03:15:00+00:00,0.08888
2026-03-18 03:30:00+00:00,0.08906
2026-03-18 03:45:00+00:00,0.08947
2026-03-18 04:00:00+00:00,0.089
2026-03-18 04:15:00+00:00,0.09152
2026-03-18 04:30:00+00:00,0.10284
2026-03-18 04:45:00+00:00,0.11686
2026-03-18 05:00:00+00:00,0.11258
2026-03-18 05:15:00+00:00,0.13068
2026-03-18 05:30:00+00:00,0.13742
2026-03-18 05:45:00+00:00,0.14228
2026-03-18 06:00:00+00:00,0.1502
2026-03-18 06:15:00+00:00,0.14881
2026-03-18 06:30:00+00:00,0.13201
2026-03-18 06:45:00+00:00,0.10335
2026-03-18 07:00:00+00:00,0.13143
2026-03-18 07:15:00+00:00,0.1069
2026-03-18 07:30:00+00:00,0.08769
2026-03-18 07:45:00+00:00,0.07373
2026-03-18 08:00:00+00:00,0.09991
2026-03-18 08:15:00+00:00,0.08106
2026-03-18 08:30:00+00:00,0.05731
2026-03-18 08:45:00+00:00,0.01352
2026-03-18 09:00:00+00:00,0.03756
2026-03-18 09:15:00+00:00,0.00345
2026-03-18 09:30:00+00:00,-1e-05
2026-03-18 09:45:00+00:00,-0.00101
2026-03-18 10:00:00+00:00,-6e-05
2026-03-18 10:15:00+00:00,-0.00185
2026-03-18 10:30:00+00:00,-0.00221
2026-03-18 10:45:00+00:00,-0.00236
2026-03-18 11:00:00+00:00,-0.00208
2026-03-18 11:15:00+00:00,-0.00251
2026-03-18 11:30:00+00:00,-0.00232
2026-03-18 11:45:00+00:00,-0.00233
2026-03-18 12:00:00+00:00,-0.00332
2026-03-18 12:15:00+00:00,-0.0033
2026-03-18 12:30:00+00:00,-0.00311
2026-03-18 12:45:00+00:00,-0.00112
2026-03-18 13:00:00+00:00,-0.00101
2026-03-18 13:15:00+00:00,-0.00047
2026-03-18 13:30:00+00:00,-1e-05
2026-03-18 13:45:00+00:00,0.00238
2026-03-18 14:00:00+00:00,0.00332
2026-03-18 14:15:00+00:00,0.01398
2026-03-18 14:30:00+00:00,0.07127
2026-03-18 14:45:00+00:00,0.10021
2026-03-18 15:00:00+00:00,0.06539
2026-03-18 15:15:00+00:00,0.09391
2026-03-18 15:30:00+00:00,0.12498
2026-03-18 15:45:00+00:00,0.14385
2026-03-18 16:00:00+00:00,0.1015
2026-03-18 16:15:00+00:00,0.13589
2026-03-18 16:30:00+00:00,0.15928
2026-03-18 16:45:00+00:00,0.18418
2026-03-18 17:00:00+00:00,0.16303
2026-03-18 17:15:00+00:00,0.17681
2026-03-18 17:30:00+00:00,0.18572
2026-03-18 17:45:00+00:00,0.18493
2026-03-18 18:00:00+00:00,0.19259
2026-03-18 18:15:00+00:00,0.18055
2026-03-18 18:30:00+00:00,0.1654
2026-03-18 18:45:00+00:00,0.14225
2026-03-18 19:00:00+00:00,0.16464
2026-03-18 19:15:00+00:00,0.15201
2026-03-18 19:30:00+00:00,0.14173
2026-03-18 19:45:00+00:00,0.13558
2026-03-18 20:00:00+00:00,0.14497
2026-03-18 20:15:00+00:00,0.13895
2026-03-18 20:30:00+00:00,0.12812
2026-03-18 20:45:00+00:00,0.11619
2026-03-18 21:00:00+00:00,0.13699
2026-03-18 21:15:00+00:00,0.12601
2026-03-18 21:30:00+00:00,0.11813
2026-03-18 21:45:00+00:00,0.11397
2026-03-18 22:00:00+00:00,0.1232
2026-03-18 22:15:00+00:00,0.11263
2026-03-18 22:30:00+00:00,0.1115
2026-03-18 22:45:00+00:00,0.10617
2026-03-18 23:00:00+00:00,0.11304
2026-03-18 23:15:00+00:00,0.10877
2026-03-18 23:30:00+00:00,0.1082
2026-03-18 23:45:00+00:00,0.10699
2026-03-19 00:00:00+00:00,0.11276
2026-03-19 00:15:00+00:00,0.11173
2026-03-19 00:30:00+00:00,0.11285
2026-03-19 00:45:00+00:00,0.11322
2026-03-19 01:00:00+00:00,0.11366
2026-03-19 01:15:00+00:00,0.11279
2026-03-19 01:30:00+00:00,0.11393
2026-03-19 01:45:00+00:00,0.11559
2026-03-19 02:00:00+00:00,0.11005
2026-03-19 02:15:00+00:00,0.11273
2026-03-19 02:30:00+00:00,0.11797
2026-03-19 02:45:00+00:00,0.12135
2026-03-19 03:00:00+00:00,0.1202
2026-03-19 03:15:00+00:00,0.12182
2026-03-19 03:30:00+00:00,0.12398
2026-03-19 03:45:00+00:00,0.1271
2026-03-19 04:00:00+00:00,0.12234
2026-03-19 04:15:00+00:00,0.12814
2026-03-19 04:30:00+00:00,0.13229
2026-03-19 04:45:00+00:00,0.14835
2026-03-19 05:00:00+00:00,0.13452
2026-03-19 05:15:00+00:00,0.1579
2026-03-19 05:30:00+00:00,0.17086
2026-03-19 05:45:00+00:00,0.17723
2026-03-19 06:00:00+00:00,0.1916
2026-03-19 06:15:00+00:00,0.17551
2026-03-19 06:30:00+00:00,0.15021
2026-03-19 06:45:00+00:00,0.11565
2026-03-19 07:00:00+00:00,0.17947
2026-03-19 07:15:00+00:00,0.15135
2026-03-19 07:30:00+00:00,0.12019
2026-03-19 07:45:00+00:00,0.1034
2026-03-19 08:00:00+00:00,0.12198
2026-03-19 08:15:00+00:00,0.10087
2026-03-19 08:30:00+00:00,0.08416
2026-03-19 08:45:00+00:00,0.0566
2026-03-19 09:00:00+00:00,0.099
2026-03-19 09:15:00+00:00,0.06076
2026-03-19 09:30:00+00:00,0.04005
2026-03-19 09:45:00+00:00,0.02139
2026-03-19 10:00:00+00:00,0.02063
2026-03-19 10:15:00+00:00,0.00961
2026-03-19 10:30:00+00:00,0.00122
2026-03-19 10:45:00+00:00,2e-05
2026-03-19 11:00:00+00:00,1e-05
2026-03-19 11:15:00+00:00,0.0
2026-03-19 11:30:00+00:00,-1e-05
2026-03-19 11:45:00+00:00,0.0
2026-03-19 12:00:00+00:00,0.0
2026-03-19 12:15:00+00:00,0.0
2026-03-19 12:30:00+00:00,0.0006
2026-03-19 12:45:00+00:00,0.00952
2026-03-19 13:00:00+00:00,0.01005
2026-03-19 13:15:00+00:00,0.02844
2026-03-19 13:30:00+00:00,0.05807
2026-03-19 13:45:00+00:00,0.0783
2026-03-19 14:00:00+00:00,0.04277
2026-03-19 14:15:00+00:00,0.08175
2026-03-19 14:30:00+00:00,0.09879
2026-03-19 14:45:00+00:00,0.12048
2026-03-19 15:00:00+00:00,0.09764
2026-03-19 15:15:00+00:00,0.11013
2026-03-19 15:30:00+00:00,0.12285
2026-03-19 15:45:00+00:00,0.15077
2026-03-19 16:00:00+00:00,0.10141
2026-03-19 16:15:00+00:00,0.13296
2026-03-19 16:30:00+00:00,0.16396
2026-03-19 16:45:00+00:00,0.21037
2026-03-19 17:00:00+00:00,0.18037
2026-03-19 17:15:00+00:00,0.2023
2026-03-19 17:30:00+00:00,0.22321
2026-03-19 17:45:00+00:00,0.23119
2026-03-19 18:00:00+00:00,0.24091
2026-03-19 18:15:00+00:00,0.21948
2026-03-19 18:30:00+00:00,0.20332
2026-03-19 18:45:00+00:00,0.19382
2026-03-19 19:00:00+00:00,0.18305
2026-03-19 19:15:00+00:00,0.16786
2026-03-19 19:30:00+00:00,0.15715
2026-03-19 19:45:00+00:00,0.14542
2026-03-19 20:00:00+00:00,0.16079
2026-03-19 20:15:00+00:00,0.15574
2026-03-19 20:30:00+00:00,0.14777
2026-03-19 20:45:00+00:00,0.13186
2026-03-19 21:00:00+00:00,0.15074
2026-03-19 21:15:00+00:00,0.14568
2026-03-19 21:30:00+00:00,0.13444
2026-03-19 21:45:00+00:00,0.12734
2026-03-19 22:00:00+00:00,0.14156
2026-03-19 22:15:00+00:00,0.13405
2026-03-19 22:30:00+00:00,0.1311
2026-03-19 22:45:00+00:00,0.12224
2026-03-19 23:00:00+00:00,0.15856
2026-03-19 23:15:00+00:00,0.14541
2026-03-19 23:30:00+00:00,0.13726
2026-03-19 23:45:00+00:00,0.13302
2026-03-20 00:00:00+00:00,0.14126
2026-03-20 00:15:00+00:00,0.13809
2026-03-20 00:30:00+00:00,0.13665
2026-03-20 00:45:00+00:00,0.13584
2026-03-20 01:00:00+00:00,0.13636
2026-03-20 01:15:00+00:00,0.13498
2026-03-20 01:30:00+00:00,0.13562
2026-03-20 01:45:00+00:00,0.13561
2026-03-20 02:00:00+00:00,0.13593
2026-03-20 02:15:00+00:00,0.13523
2026-03-20 02:30:00+00:00,0.13886
2026-03-20 02:45:00+00:00,0.13988
2026-03-20 03:00:00+00:00,0.13113
2026-03-20 03:15:00+00:00,0.13576
2026-03-20 03:30:00+00:00,0.13899
2026-03-20 03:45:00+00:00,0.14974
2026-03-20 04:00:00+00:00,0.1366
2026-03-20 04:15:00+00:00,0.14537
2026-03-20 04:30:00+00:00,0.16468
2026-03-20 04:45:00+00:00,0.17171
2026-03-20 05:00:00+00:00,0.16417
2026-03-20 05:15:00+00:00,0.19276
2026-03-20 05:30:00+00:00,0.2033
2026-03-20 05:45:00+00:00,0.20895
2026-03-20 06:00:00+00:00,0.23375
2026-03-20 06:15:00+00:00,0.20973
2026-03-20 06:30:00+00:00,0.19065
2026-03-20 06:45:00+00:00,0.15644
2026-03-20 07:00:00+00:00,0.20814
2026-03-20 07:15:00+00:00,0.16905
2026-03-20 07:30:00+00:00,0.15202
2026-03-20 07:45:00+00:00,0.116
2026-03-20 08:00:00+00:00,0.16934
2026-03-20 08:15:00+00:00,0.14439
2026-03-20 08:30:00+00:00,0.1063
2026-03-20 08:45:00+00:00,0.108
2026-03-20 09:00:00+00:00,0.12104
2026-03-20 09:15:00+00:00,0.108
2026-03-20 09:30:00+00:00,0.09081
2026-03-20 09:45:00+00:00,0.08449
2026-03-20 10:00:00+00:00,0.09552
2026-03-20 10:15:00+00:00,0.08513
2026-03-20 10:30:00+00:00,0.07068
2026-03-20 10:45:00+00:00,0.06256
2026-03-20 11:00:00+00:00,0.07129
2026-03-20 11:15:00+00:00,0.06652
2026-03-20 11:30:00+00:00,0.06552
2026-03-20 11:45:00+00:00,0.05911
2026-03-20 12:00:00+00:00,0.05625
2026-03-20 12:15:00+00:00,0.06
2026-03-20 12:30:00+00:00,0.06917
2026-03-20 12:45:00+00:00,0.07702
2026-03-20 13:00:00+00:00,0.05986
2026-03-20 13:15:00+00:00,0.08114
2026-03-20 13:30:00+00:00,0.09557
2026-03-20 13:45:00+00:00,0.11303
2026-03-20 14:00:00+00:00,0.10015
2026-03-20 14:15:00+00:00,0.115
2026-03-20 14:30:00+00:00,0.11882
2026-03-20 14:45:00+00:00,0.13465
2026-03-20 15:00:00+00:00,0.1043
2026-03-20 15:15:00+00:00,0.13899
2026-03-20 15:30:00+00:00,0.1567
2026-03-20 15:45:00+00:00,0.17871
2026-03-20 16:00:00+00:00,0.14048
2026-03-20 16:15:00+00:00,0.16161
2026-03-20 16:30:00+00:00,0.17831
2026-03-20 16:45:00+00:00,0.21887
2026-03-20 17:00:00+00:00,0.17665
2026-03-20 17:15:00+00:00,0.21713
2026-03-20 17:30:00+00:00,0.22712
2026-03-20 17:45:00+00:00,0.22312
2026-03-20 18:00:00+00:00,0.23787
2026-03-20 18:15:00+00:00,0.21801
2026-03-20 18:30:00+00:00,0.20544
2026-03-20 18:45:00+00:00,0.18792
2026-03-20 19:00:00+00:00,0.20077
2026-03-20 19:15:00+00:00,0.18299
2026-03-20 19:30:00+00:00,0.17331
2026-03-20 19:45:00+00:00,0.16307
2026-03-20 20:00:00+00:00,0.17469
2026-03-20 20:15:00+00:00,0.1707
2026-03-20 20:30:00+00:00,0.15781
2026-03-20 20:45:00+00:00,0.149
2026-03-20 21:00:00+00:00,0.16347
2026-03-20 21:15:00+00:00,0.16409
2026-03-20 21:30:00+00:00,0.14372
2026-03-20 21:45:00+00:00,0.13613
2026-03-20 22:00:00+00:00,0.162
2026-03-20 22:15:00+00:00,0.15486
2026-03-20 22:30:00+00:00,0.14042
2026-03-20 22:45:00+00:00,0.13522
2026-03-20 23:00:00+00:00,0.15125
2026-03-20 23:15:00+00:00,0.14736
2026-03-20 23:30:00+00:00,0.13903
2026-03-20 23:45:00+00:00,0.13195
2026-03-21 00:00:00+00:00,0.14863
2026-03-21 00:15:00+00:00,0.13888
2026-03-21 00:30:00+00:00,0.13375
2026-03-21 00:45:00+00:00,0.13211
2026-03-21 01:00:00+00:00,0.14277
2026-03-21 01:15:00+00:00,0.13549
2026-03-21 01:30:00+00:00,0.13262
2026-03-21 01:45:00+00:00,0.13346
2026-03-21 02:00:00+00:00,0.13202
2026-03-21 02:15:00+00:00,0.13204
2026-03-21 02:30:00+00:00,0.13228
2026-03-21 02:45:00+00:00,0.13189
2026-03-21 03:00:00+00:00,0.13134
2026-03-21 03:15:00+00:00,0.13059
2026-03-21 03:30:00+00:00,0.13141
2026-03-21 03:45:00+00:00,0.13143
2026-03-21 04:00:00+00:00,0.13563
2026-03-21 04:15:00+00:00,0.13567
2026-03-21 04:30:00+00:00,0.13845
2026-03-21 04:45:00+00:00,0.14091
2026-03-21 05:00:00+00:00,0.1407
2026-03-21 05:15:00+00:00,0.14547
2026-03-21 05:30:00+00:00,0.14163
2026-03-21 05:45:00+00:00,0.14156
2026-03-21 06:00:00+00:00,0.15104
2026-03-21 06:15:00+00:00,0.14799
2026-03-21 06:30:00+00:00,0.13867
2026-03-21 06:45:00+00:00,0.12095
2026-03-21 07:00:00+00:00,0.14331
2026-03-21 07:15:00+00:00,0.13804
2026-03-21 07:30:00+00:00,0.1207
2026-03-21 07:45:00+00:00,0.10701
2026-03-21 08:00:00+00:00,0.1098
2026-03-21 08:15:00+00:00,0.104
2026-03-21 08:30:00+00:00,0.09638
2026-03-21 08:45:00+00:00,0.09213
2026-03-21 09:00:00+00:00,0.10001
2026-03-21 09:15:00+00:00,0.08074
2026-03-21 09:30:00+00:00,0.06816
2026-03-21 09:45:00+00:00,0.05698
2026-03-21 10:00:00+00:00,0.06263
2026-03-21 10:15:00+00:00,0.04678
2026-03-21 10:30:00+00:00,0.04041
2026-03-21 10:45:00+00:00,0.03378
2026-03-21 11:00:00+00:00,0.03287
2026-03-21 11:15:00+00:00,0.02108
2026-03-21 11:30:00+00:00,0.02001
2026-03-21 11:45:00+00:00,0.02
2026-03-21 12:00:00+00:00,0.02041
2026-03-21 12:15:00+00:00,0.02191
2026-03-21 12:30:00+00:00,0.02476
2026-03-21 12:45:00+00:00,0.03
2026-03-21 13:00:00+00:00,0.04274
2026-03-21 13:15:00+00:00,0.062
2026-03-21 13:30:00+00:00,0.06826
2026-03-21 13:45:00+00:00,0.07871
2026-03-21 14:00:00+00:00,0.0767
2026-03-21 14:15:00+00:00,0.08904
2026-03-21 14:30:00+00:00,0.09049
2026-03-21 14:45:00+00:00,0.10377
2026-03-21 15:00:00+00:00,0.09626
2026-03-21 15:15:00+00:00,0.10419
2026-03-21 15:30:00+00:00,0.12353
2026-03-21 15:45:00+00:00,0.13868
2026-03-21 16:00:00+00:00,0.12276
2026-03-21 16:15:00+00:00,0.14109
2026-03-21 16:30:00+00:00,0.15649
2026-03-21 16:45:00+00:00,0.16376
2026-03-21 17:00:00+00:00,0.16148
2026-03-21 17:15:00+00:00,0.17438
2026-03-21 17:30:00+00:00,0.17745
2026-03-21 17:45:00+00:00,0.17316
2026-03-21 18:00:00+00:00,0.18971
2026-03-21 18:15:00+00:00,0.16819
2026-03-21 18:30:00+00:00,0.15355
2026-03-21 18:45:00+00:00,0.14097
2026-03-21 19:00:00+00:00,0.15673
2026-03-21 19:15:00+00:00,0.146
2026-03-21 19:30:00+00:00,0.1351
2026-03-21 19:45:00+00:00,0.12948
2026-03-21 20:00:00+00:00,0.13103
2026-03-21 20:15:00+00:00,0.12957
2026-03-21 20:30:00+00:00,0.12562
2026-03-21 20:45:00+00:00,0.12128
2026-03-21 21:00:00+00:00,0.12793
2026-03-21 21:15:00+00:00,0.12749
2026-03-21 21:30:00+00:00,0.1171
2026-03-21 21:45:00+00:00,0.10845
2026-03-21 22:00:00+00:00,0.12119
2026-03-21 22:15:00+00:00,0.11034
2026-03-21 22:30:00+00:00,0.10366
2026-03-21 22:45:00+00:00,0.09681
2026-03-21 23:00:00+00:00,0.10454
2026-03-21 23:15:00+00:00,0.1018
2026-03-21 23:30:00+00:00,0.09981
2026-03-21 23:45:00+00:00,0.0955
2026-03-22 00:00:00+00:00,0.09856
2026-03-22 00:15:00+00:00,0.09675
2026-03-22 00:30:00+00:00,0.09493
2026-03-22 00:45:00+00:00,0.09278
2026-03-22 01:00:00+00:00,0.09559
2026-03-22 01:15:00+00:00,0.0942
2026-03-22 01:30:00+00:00,0.09398
2026-03-22 01:45:00+00:00,0.09304
2026-03-22 02:00:00+00:00,0.09567
2026-03-22 02:15:00+00:00,0.09469
2026-03-22 02:30:00+00:00,0.09519
2026-03-22 02:45:00+00:00,0.09549
2026-03-22 03:00:00+00:00,0.09751
2026-03-22 03:15:00+00:00,0.09775
2026-03-22 03:30:00+00:00,0.09905
2026-03-22 03:45:00+00:00,0.10008
2026-03-22 04:00:00+00:00,0.10021
2026-03-22 04:15:00+00:00,0.10187
2026-03-22 04:30:00+00:00,0.10288
2026-03-22 04:45:00+00:00,0.10169
2026-03-22 05:00:00+00:00,0.1028
2026-03-22 05:15:00+00:00,0.10381
2026-03-22 05:30:00+00:00,0.10218
2026-03-22 05:45:00+00:00,0.09163
2026-03-22 06:00:00+00:00,0.11751
2026-03-22 06:15:00+00:00,0.09291
2026-03-22 06:30:00+00:00,0.07863
2026-03-22 06:45:00+00:00,0.04979
2026-03-22 07:00:00+00:00,0.08075
2026-03-22 07:15:00+00:00,0.0462
2026-03-22 07:30:00+00:00,0.02637
2026-03-22 07:45:00+00:00,0.012
2026-03-22 08:00:00+00:00,0.0199
2026-03-22 08:15:00+00:00,0.00686
2026-03-22 08:30:00+00:00,0.00043
2026-03-22 08:45:00+00:00,-0.0001
2026-03-22 09:00:00+00:00,0.0
2026-03-22 09:15:00+00:00,-1e-05
2026-03-22 09:30:00+00:00,-0.00062
2026-03-22 09:45:00+00:00,-0.00109
2026-03-22 10:00:00+00:00,-0.00246
2026-03-22 10:15:00+00:00,-0.00346
2026-03-22 10:30:00+00:00,-0.0049
2026-03-22 10:45:00+00:00,-0.00663
2026-03-22 11:00:00+00:00,-0.00997
2026-03-22 11:15:00+00:00,-0.01139
2026-03-22 11:30:00+00:00,-0.01237
2026-03-22 11:45:00+00:00,-0.01331
2026-03-22 12:00:00+00:00,-0.01268
2026-03-22 12:15:00+00:00,-0.01134
2026-03-22 12:30:00+00:00,-0.00991
2026-03-22 12:45:00+00:00,-0.00731
2026-03-22 13:00:00+00:00,-0.00338
2026-03-22 13:15:00+00:00,-0.00248
2026-03-22 13:30:00+00:00,-0.0019
2026-03-22 13:45:00+00:00,-0.00095
2026-03-22 14:00:00+00:00,-0.00026
2026-03-22 14:15:00+00:00,0.0
2026-03-22 14:30:00+00:00,0.01166
2026-03-22 14:45:00+00:00,0.0336
2026-03-22 15:00:00+00:00,0.03276
2026-03-22 15:15:00+00:00,0.07985
2026-03-22 15:30:00+00:00,0.108
2026-03-22 15:45:00+00:00,0.152
2026-03-22 16:00:00+00:00,0.09863
2026-03-22 16:15:00+00:00,0.1418
2026-03-22 16:30:00+00:00,0.15908
2026-03-22 16:45:00+00:00,0.18303
2026-03-22 17:00:00+00:00,0.16104
2026-03-22 17:15:00+00:00,0.17426
2026-03-22 17:30:00+00:00,0.176
2026-03-22 17:45:00+00:00,0.18546
2026-03-22 18:00:00+00:00,0.18446
2026-03-22 18:15:00+00:00,0.1817
2026-03-22 18:30:00+00:00,0.16861
2026-03-22 18:45:00+00:00,0.15876
2026-03-22 19:00:00+00:00,0.18413
2026-03-22 19:15:00+00:00,0.16714
2026-03-22 19:30:00+00:00,0.15959
2026-03-22 19:45:00+00:00,0.14807
2026-03-22 20:00:00+00:00,0.16521
2026-03-22 20:15:00+00:00,0.15825
2026-03-22 20:30:00+00:00,0.15005
2026-03-22 20:45:00+00:00,0.148
2026-03-22 21:00:00+00:00,0.15737
2026-03-22 21:15:00+00:00,0.14999
2026-03-22 21:30:00+00:00,0.14168
2026-03-22 21:45:00+00:00,0.13815
2026-03-22 22:00:00+00:00,0.15779
2026-03-22 22:15:00+00:00,0.14762
2026-03-22 22:30:00+00:00,0.13683
2026-03-22 22:45:00+00:00,0.13178
2026-03-22 23:00:00+00:00,0.13618
2026-03-22 23:15:00+00:00,0.13306
2026-03-22 23:30:00+00:00,0.12855
2026-03-22 23:45:00+00:00,0.12676
2026-03-23 00:00:00+00:00,0.12859
2026-03-23 00:15:00+00:00,0.12775
2026-03-23 00:30:00+00:00,0.12493
2026-03-23 00:45:00+00:00,0.12233
2026-03-23 01:00:00+00:00,0.12733
2026-03-23 01:15:00+00:00,0.1244
2026-03-23 01:30:00+00:00,0.12421
2026-03-23 01:45:00+00:00,0.1247
2026-03-23 02:00:00+00:00,0.12906
2026-03-23 02:15:00+00:00,0.12631
2026-03-23 02:30:00+00:00,0.12751
2026-03-23 02:45:00+00:00,0.13147
2026-03-23 03:00:00+00:00,0.13088
2026-03-23 03:15:00+00:00,0.13682
2026-03-23 03:30:00+00:00,0.14147
2026-03-23 03:45:00+00:00,0.1439
2026-03-23 04:00:00+00:00,0.14008
2026-03-23 04:15:00+00:00,0.14826
2026-03-23 04:30:00+00:00,0.16406
2026-03-23 04:45:00+00:00,0.17048
2026-03-23 05:00:00+00:00,0.16188
2026-03-23 05:15:00+00:00,0.18186
2026-03-23 05:30:00+00:00,0.19341
2026-03-23 05:45:00+00:00,0.19201
2026-03-23 06:00:00+00:00,0.23064
2026-03-23 06:15:00+00:00,0.19009
2026-03-23 06:30:00+00:00,0.18157
2026-03-23 06:45:00+00:00,0.14244
2026-03-23 07:00:00+00:00,0.19999
2026-03-23 07:15:00+00:00,0.15977
2026-03-23 07:30:00+00:00,0.12903
2026-03-23 07:45:00+00:00,0.10163
2026-03-23 08:00:00+00:00,0.13521
2026-03-23 08:15:00+00:00,0.10491
2026-03-23 08:30:00+00:00,0.10955
2026-03-23 08:45:00+00:00,0.08233
2026-03-23 09:00:00+00:00,0.10737
2026-03-23 09:15:00+00:00,0.0853
2026-03-23 09:30:00+00:00,0.07658
2026-03-23 09:45:00+00:00,0.05648
2026-03-23 10:00:00+00:00,0.06713
2026-03-23 10:15:00+00:00,0.05055
2026-03-23 10:30:00+00:00,0.03856
2026-03-23 10:45:00+00:00,0.03609
2026-03-23 11:00:00+00:00,0.03761
2026-03-23 11:15:00+00:00,0.04432
2026-03-23 11:30:00+00:00,0.05137
2026-03-23 11:45:00+00:00,0.06372
2026-03-23 12:00:00+00:00,0.05668
2026-03-23 12:15:00+00:00,0.0688
2026-03-23 12:30:00+00:00,0.08318
2026-03-23 12:45:00+00:00,0.09084
2026-03-23 13:00:00+00:00,0.0825
2026-03-23 13:15:00+00:00,0.09046
2026-03-23 13:30:00+00:00,0.09974
2026-03-23 13:45:00+00:00,0.10722
2026-03-23 14:00:00+00:00,0.0931
2026-03-23 14:15:00+00:00,0.10716
2026-03-23 14:30:00+00:00,0.11855
2026-03-23 14:45:00+00:00,0.139
2026-03-23 15:00:00+00:00,0.10221
2026-03-23 15:15:00+00:00,0.132
2026-03-23 15:30:00+00:00,0.14931
2026-03-23 15:45:00+00:00,0.17065
2026-03-23 16:00:00+00:00,0.132
2026-03-23 16:15:00+00:00,0.16868
2026-03-23 16:30:00+00:00,0.1958
2026-03-23 16:45:00+00:00,0.26662
2026-03-23 17:00:00+00:00,0.19599
2026-03-23 17:15:00+00:00,0.26066
2026-03-23 17:30:00+00:00,0.28519
2026-03-23 17:45:00+00:00,0.3102
2026-03-23 18:00:00+00:00,0.26795
2026-03-23 18:15:00+00:00,0.24497
2026-03-23 18:30:00+00:00,0.23592
2026-03-23 18:45:00+00:00,0.2174
2026-03-23 19:00:00+00:00,0.2466
2026-03-23 19:15:00+00:00,0.21674
2026-03-23 19:30:00+00:00,0.18791
2026-03-23 19:45:00+00:00,0.1751
2026-03-23 20:00:00+00:00,0.21955
2026-03-23 20:15:00+00:00,0.18248
2026-03-23 20:30:00+00:00,0.15896
2026-03-23 20:45:00+00:00,0.14829
2026-03-23 21:00:00+00:00,0.169
2026-03-23 21:15:00+00:00,0.15424
2026-03-23 21:30:00+00:00,0.15199
2026-03-23 21:45:00+00:00,0.14773
2026-03-23 22:00:00+00:00,0.15295
2026-03-23 22:15:00+00:00,0.14417
2026-03-23 22:30:00+00:00,0.13815
2026-03-23 22:45:00+00:00,0.12653
2026-03-23 23:00:00+00:00,0.149
2026-03-23 23:15:00+00:00,0.14568
2026-03-23 23:30:00+00:00,0.13656
2026-03-23 23:45:00+00:00,0.13301
2026-03-24 00:00:00+00:00,0.13906
2026-03-24 00:15:00+00:00,0.13012
2026-03-24 00:30:00+00:00,0.11653
2026-03-24 00:45:00+00:00,0.11156
2026-03-24 01:00:00+00:00,0.11926
2026-03-24 01:15:00+00:00,0.11157
2026-03-24 01:30:00+00:00,0.10622
2026-03-24 01:45:00+00:00,0.10294
2026-03-24 02:00:00+00:00,0.10708
2026-03-24 02:15:00+00:00,0.10154
2026-03-24 02:30:00+00:00,0.09936
2026-03-24 02:45:00+00:00,0.09858
2026-03-24 03:00:00+00:00,0.10046
2026-03-24 03:15:00+00:00,0.09917
2026-03-24 03:30:00+00:00,0.10156
2026-03-24 03:45:00+00:00,0.10031
2026-03-24 04:00:00+00:00,0.09822
2026-03-24 04:15:00+00:00,0.097
2026-03-24 04:30:00+00:00,0.09903
2026-03-24 04:45:00+00:00,0.10964
2026-03-24 05:00:00+00:00,0.10708
2026-03-24 05:15:00+00:00,0.1113
2026-03-24 05:30:00+00:00,0.11357
2026-03-24 05:45:00+00:00,0.11132
2026-03-24 06:00:00+00:00,0.1341
2026-03-24 06:15:00+00:00,0.12044
2026-03-24 06:30:00+00:00,0.10658
2026-03-24 06:45:00+00:00,0.09107
2026-03-24 07:00:00+00:00,0.13208
2026-03-24 07:15:00+00:00,0.10346
2026-03-24 07:30:00+00:00,0.0899
2026-03-24 07:45:00+00:00,0.06439
2026-03-24 08:00:00+00:00,0.09955
2026-03-24 08:15:00+00:00,0.08022
2026-03-24 08:30:00+00:00,0.06472
2026-03-24 08:45:00+00:00,0.03913
2026-03-24 09:00:00+00:00,0.05764
2026-03-24 09:15:00+00:00,0.02332
2026-03-24 09:30:00+00:00,0.01004
2026-03-24 09:45:00+00:00,0.00391
2026-03-24 10:00:00+00:00,0.0045
2026-03-24 10:15:00+00:00,0.0003
2026-03-24 10:30:00+00:00,-1e-05
2026-03-24 10:45:00+00:00,-1e-05
2026-03-24 11:00:00+00:00,0.0
2026-03-24 11:15:00+00:00,-1e-05
2026-03-24 11:30:00+00:00,-1e-05
2026-03-24 11:45:00+00:00,-2e-05
2026-03-24 12:00:00+00:00,-4e-05
2026-03-24 12:15:00+00:00,-2e-05
2026-03-24 12:30:00+00:00,-1e-05
2026-03-24 12:45:00+00:00,-1e-05
2026-03-24 13:00:00+00:00,-2e-05
2026-03-24 13:15:00+00:00,-1e-05
2026-03-24 13:30:00+00:00,0.0
2026-03-24 13:45:00+00:00,2e-05
2026-03-24 14:00:00+00:00,0.00104
2026-03-24 14:15:00+00:00,0.00777
2026-03-24 14:30:00+00:00,0.01497
2026-03-24 14:45:00+00:00,0.05621
2026-03-24 15:00:00+00:00,0.03393
2026-03-24 15:15:00+00:00,0.06679
2026-03-24 15:30:00+00:00,0.10101
2026-03-24 15:45:00+00:00,0.108
2026-03-24 16:00:00+00:00,0.09131
2026-03-24 16:15:00+00:00,0.10101
2026-03-24 16:30:00+00:00,0.1187
2026-03-24 16:45:00+00:00,0.14034
2026-03-24 17:00:00+00:00,0.13
2026-03-24 17:15:00+00:00,0.141
2026-03-24 17:30:00+00:00,0.13136
2026-03-24 17:45:00+00:00,0.14101
2026-03-24 18:00:00+00:00,0.14799
2026-03-24 18:15:00+00:00,0.13168
2026-03-24 18:30:00+00:00,0.1396
2026-03-24 18:45:00+00:00,0.1327
2026-03-24 19:00:00+00:00,0.12908
2026-03-24 19:15:00+00:00,0.10647
2026-03-24 19:30:00+00:00,0.09082
2026-03-24 19:45:00+00:00,0.07803
2026-03-24 20:00:00+00:00,0.09198
2026-03-24 20:15:00+00:00,0.08604
2026-03-24 20:30:00+00:00,0.06861
2026-03-24 20:45:00+00:00,0.05136
2026-03-24 21:00:00+00:00,0.08666
2026-03-24 21:15:00+00:00,0.07815
2026-03-24 21:30:00+00:00,0.06434
2026-03-24 21:45:00+00:00,0.03526
2026-03-24 22:00:00+00:00,0.04554
2026-03-24 22:15:00+00:00,0.01751
2026-03-24 22:30:00+00:00,0.01659
2026-03-24 22:45:00+00:00,0.00875
2026-03-24 23:00:00+00:00,0.003
2026-03-24 23:15:00+00:00,0.0024
2026-03-24 23:30:00+00:00,0.00178
2026-03-24 23:45:00+00:00,6e-05
2026-03-25 00:00:00+00:00,0.00136
2026-03-25 00:15:00+00:00,0.0001
2026-03-25 00:30:00+00:00,1e-05
2026-03-25 00:45:00+00:00,0.0
2026-03-25 01:00:00+00:00,0.0
2026-03-25 01:15:00+00:00,0.0
2026-03-25 01:30:00+00:00,0.0
2026-03-25 01:45:00+00:00,-1e-05
2026-03-25 02:00:00+00:00,-1e-05
2026-03-25 02:15:00+00:00,-1e-05
2026-03-25 02:30:00+00:00,-1e-05
2026-03-25 02:45:00+00:00,-1e-05
2026-03-25 03:00:00+00:00,-1e-05
2026-03-25 03:15:00+00:00,-1e-05
2026-03-25 03:30:00+00:00,0.0
2026-03-25 03:45:00+00:00,0.0
2026-03-25 04:00:00+00:00,0.0
2026-03-25 04:15:00+00:00,0.0
2026-03-25 04:30:00+00:00,0.0001
2026-03-25 04:45:00+00:00,0.00136
2026-03-25 05:00:00+00:00,0.00245
2026-03-25 05:15:00+00:00,0.00281
2026-03-25 05:30:00+00:00,0.0048
2026-03-25 05:45:00+00:00,0.00451
2026-03-25 06:00:00+00:00,0.01187
2026-03-25 06:15:00+00:00,0.01
2026-03-25 06:30:00+00:00,0.00961
2026-03-25 06:45:00+00:00,0.00413
2026-03-25 07:00:00+00:00,0.00361
2026-03-25 07:15:00+00:00,2e-05
2026-03-25 07:30:00+00:00,0.0
2026-03-25 07:45:00+00:00,0.0
2026-03-25 08:00:00+00:00,0.0
2026-03-25 08:15:00+00:00,-1e-05
2026-03-25 08:30:00+00:00,-4e-05
2026-03-25 08:45:00+00:00,-7e-05
2026-03-25 09:00:00+00:00,-1e-05
2026-03-25 09:15:00+00:00,-2e-05
2026-03-25 09:30:00+00:00,-4e-05
2026-03-25 09:45:00+00:00,-4e-05
2026-03-25 10:00:00+00:00,-1e-05
2026-03-25 10:15:00+00:00,-1e-05
2026-03-25 10:30:00+00:00,-1e-05
2026-03-25 10:45:00+00:00,-1e-05
2026-03-25 11:00:00+00:00,-1e-05
2026-03-25 11:15:00+00:00,-1e-05
2026-03-25 11:30:00+00:00,-1e-05
2026-03-25 11:45:00+00:00,-1e-05
2026-03-25 12:00:00+00:00,-1e-05
2026-03-25 12:15:00+00:00,-1e-05
2026-03-25 12:30:00+00:00,-1e-05
2026-03-25 12:45:00+00:00,-1e-05
2026-03-25 13:00:00+00:00,-1e-05
2026-03-25 13:15:00+00:00,0.0
2026-03-25 13:30:00+00:00,0.0
2026-03-25 13:45:00+00:00,4e-05
2026-03-25 14:00:00+00:00,0.0001
2026-03-25 14:15:00+00:00,0.00318
2026-03-25 14:30:00+00:00,0.00575
2026-03-25 14:45:00+00:00,0.01007
2026-03-25 15:00:00+00:00,0.01007
2026-03-25 15:15:00+00:00,0.02008
2026-03-25 15:30:00+00:00,0.05002
2026-03-25 15:45:00+00:00,0.08744
2026-03-25 16:00:00+00:00,0.07141
2026-03-25 16:15:00+00:00,0.09294
2026-03-25 16:30:00+00:00,0.10841
2026-03-25 16:45:00+00:00,0.12259
2026-03-25 17:00:00+00:00,0.11082
2026-03-25 17:15:00+00:00,0.11581
2026-03-25 17:30:00+00:00,0.14262
2026-03-25 17:45:00+00:00,0.17007
2026-03-25 18:00:00+00:00,0.17534
2026-03-25 18:15:00+00:00,0.16729
2026-03-25 18:30:00+00:00,0.15372
2026-03-25 18:45:00+00:00,0.15135
2026-03-25 19:00:00+00:00,0.15267
2026-03-25 19:15:00+00:00,0.14292
2026-03-25 19:30:00+00:00,0.12772
2026-03-25 19:45:00+00:00,0.11632
2026-03-25 20:00:00+00:00,0.12258
2026-03-25 20:15:00+00:00,0.12002
2026-03-25 20:30:00+00:00,0.11223
2026-03-25 20:45:00+00:00,0.10301
2026-03-25 21:00:00+00:00,0.11203
2026-03-25 21:15:00+00:00,0.11089
2026-03-25 21:30:00+00:00,0.11017
2026-03-25 21:45:00+00:00,0.09931
2026-03-25 22:00:00+00:00,0.10292
2026-03-25 22:15:00+00:00,0.08867
2026-03-25 22:30:00+00:00,0.08765
2026-03-25 22:45:00+00:00,0.07597
2026-03-25 23:00:00+00:00,0.1068
2026-03-25 23:15:00+00:00,0.10125
2026-03-25 23:30:00+00:00,0.09699
2026-03-25 23:45:00+00:00,0.09351
2026-03-26 00:00:00+00:00,0.09966
2026-03-26 00:15:00+00:00,0.09653
2026-03-26 00:30:00+00:00,0.09288
2026-03-26 00:45:00+00:00,0.09122
2026-03-26 01:00:00+00:00,0.09275
2026-03-26 01:15:00+00:00,0.09057
2026-03-26 01:30:00+00:00,0.09096
2026-03-26 01:45:00+00:00,0.09214
2026-03-26 02:00:00+00:00,0.09414
2026-03-26 02:15:00+00:00,0.09167
2026-03-26 02:30:00+00:00,0.09725
2026-03-26 02:45:00+00:00,0.09642
2026-03-26 03:00:00+00:00,0.09549
2026-03-26 03:15:00+00:00,0.09666
2026-03-26 03:30:00+00:00,0.09776
2026-03-26 03:45:00+00:00,0.1004
2026-03-26 04:00:00+00:00,0.098
2026-03-26 04:15:00+00:00,0.09747
2026-03-26 04:30:00+00:00,0.11021
2026-03-26 04:45:00+00:00,0.11539
2026-03-26 05:00:00+00:00,0.10393
2026-03-26 05:15:00+00:00,0.1227
2026-03-26 05:30:00+00:00,0.12758
2026-03-26 05:45:00+00:00,0.12691
2026-03-26 06:00:00+00:00,0.14531
2026-03-26 06:15:00+00:00,0.14809
2026-03-26 06:30:00+00:00,0.13393
2026-03-26 06:45:00+00:00,0.12205
2026-03-26 07:00:00+00:00,0.1512
2026-03-26 07:15:00+00:00,0.13945
2026-03-26 07:30:00+00:00,0.11664
2026-03-26 07:45:00+00:00,0.09587
2026-03-26 08:00:00+00:00,0.11205
2026-03-26 08:15:00+00:00,0.08931
2026-03-26 08:30:00+00:00,0.07775
2026-03-26 08:45:00+00:00,0.07055
2026-03-26 09:00:00+00:00,0.07908
2026-03-26 09:15:00+00:00,0.04956
2026-03-26 09:30:00+00:00,0.02378
2026-03-26 09:45:00+00:00,0.01499
2026-03-26 10:00:00+00:00,0.02007
2026-03-26 10:15:00+00:00,0.015
2026-03-26 10:30:00+00:00,0.01006
2026-03-26 10:45:00+00:00,0.00983
2026-03-26 11:00:00+00:00,0.00662
2026-03-26 11:15:00+00:00,0.00462
2026-03-26 11:30:00+00:00,0.00109
2026-03-26 11:45:00+00:00,0.00015
2026-03-26 12:00:00+00:00,0.00112
2026-03-26 12:15:00+00:00,0.0002
2026-03-26 12:30:00+00:00,0.00014
2026-03-26 12:45:00+00:00,0.00106
2026-03-26 13:00:00+00:00,0.00022
2026-03-26 13:15:00+00:00,0.00251
2026-03-26 13:30:00+00:00,0.00879
2026-03-26 13:45:00+00:00,0.01209
2026-03-26 14:00:00+00:00,0.01
2026-03-26 14:15:00+00:00,0.02007
2026-03-26 14:30:00+00:00,0.04002
2026-03-26 14:45:00+00:00,0.07965
2026-03-26 15:00:00+00:00,0.03868
2026-03-26 15:15:00+00:00,0.07368
2026-03-26 15:30:00+00:00,0.08007
2026-03-26 15:45:00+00:00,0.11084
2026-03-26 16:00:00+00:00,0.07686
2026-03-26 16:15:00+00:00,0.10909
2026-03-26 16:30:00+00:00,0.12818
2026-03-26 16:45:00+00:00,0.14956
2026-03-26 17:00:00+00:00,0.13144
2026-03-26 17:15:00+00:00,0.14725
2026-03-26 17:30:00+00:00,0.16079
2026-03-26 17:45:00+00:00,0.18219
2026-03-26 18:00:00+00:00,0.16447
2026-03-26 18:15:00+00:00,0.16801
2026-03-26 18:30:00+00:00,0.1697
2026-03-26 18:45:00+00:00,0.1667
2026-03-26 19:00:00+00:00,0.171
2026-03-26 19:15:00+00:00,0.15566
2026-03-26 19:30:00+00:00,0.14776
2026-03-26 19:45:00+00:00,0.14056
2026-03-26 20:00:00+00:00,0.14693
2026-03-26 20:15:00+00:00,0.13295
2026-03-26 20:30:00+00:00,0.12382
2026-03-26 20:45:00+00:00,0.11832
2026-03-26 21:00:00+00:00,0.13107
2026-03-26 21:15:00+00:00,0.12151
2026-03-26 21:30:00+00:00,0.12414
2026-03-26 21:45:00+00:00,0.12077
2026-03-26 22:00:00+00:00,0.12377
2026-03-26 22:15:00+00:00,0.11406
2026-03-26 22:30:00+00:00,0.11594
2026-03-26 22:45:00+00:00,0.10633
2026-03-26 23:00:00+00:00,0.12451
2026-03-26 23:15:00+00:00,0.12029
2026-03-26 23:30:00+00:00,0.11714
2026-03-26 23:45:00+00:00,0.11563
2026-03-27 00:00:00+00:00,0.12215
2026-03-27 00:15:00+00:00,0.1194
2026-03-27 00:30:00+00:00,0.11933
2026-03-27 00:45:00+00:00,0.11712
2026-03-27 01:00:00+00:00,0.12092
2026-03-27 01:15:00+00:00,0.11814
2026-03-27 01:30:00+00:00,0.1153
2026-03-27 01:45:00+00:00,0.11501
2026-03-27 02:00:00+00:00,0.1165
2026-03-27 02:15:00+00:00,0.11949
2026-03-27 02:30:00+00:00,0.117
2026-03-27 02:45:00+00:00,0.11834
2026-03-27 03:00:00+00:00,0.11767
2026-03-27 03:15:00+00:00,0.11873
2026-03-27 03:30:00+00:00,0.12093
2026-03-27 03:45:00+00:00,0.12366
2026-03-27 04:00:00+00:00,0.1198
2026-03-27 04:15:00+00:00,0.129
2026-03-27 04:30:00+00:00,0.14399
2026-03-27 04:45:00+00:00,0.15306
2026-03-27 05:00:00+00:00,0.1522
2026-03-27 05:15:00+00:00,0.16899
2026-03-27 05:30:00+00:00,0.1791
2026-03-27 05:45:00+00:00,0.19023
2026-03-27 06:00:00+00:00,0.20374
2026-03-27 06:15:00+00:00,0.19136
2026-03-27 06:30:00+00:00,0.17092
2026-03-27 06:45:00+00:00,0.13956
2026-03-27 07:00:00+00:00,0.19419
2026-03-27 07:15:00+00:00,0.1514
2026-03-27 07:30:00+00:00,0.13677
2026-03-27 07:45:00+00:00,0.10787
2026-03-27 08:00:00+00:00,0.13641
2026-03-27 08:15:00+00:00,0.12221
2026-03-27 08:30:00+00:00,0.10938
2026-03-27 08:45:00+00:00,0.08801
2026-03-27 09:00:00+00:00,0.10121
2026-03-27 09:15:00+00:00,0.09013
2026-03-27 09:30:00+00:00,0.08653
2026-03-27 09:45:00+00:00,0.07117
2026-03-27 10:00:00+00:00,0.08531
2026-03-27 10:15:00+00:00,0.07793
2026-03-27 10:30:00+00:00,0.06883
2026-03-27 10:45:00+00:00,0.05917
2026-03-27 11:00:00+00:00,0.07074
2026-03-27 11:15:00+00:00,0.06499
2026-03-27 11:30:00+00:00,0.06101
2026-03-27 11:45:00+00:00,0.05654
2026-03-27 12:00:00+00:00,0.06121
2026-03-27 12:15:00+00:00,0.05919
2026-03-27 12:30:00+00:00,0.0579
2026-03-27 12:45:00+00:00,0.0601
2026-03-27 13:00:00+00:00,0.05827
2026-03-27 13:15:00+00:00,0.06762
2026-03-27 13:30:00+00:00,0.0823
2026-03-27 13:45:00+00:00,0.08811
2026-03-27 14:00:00+00:00,0.07883
2026-03-27 14:15:00+00:00,0.09199
2026-03-27 14:30:00+00:00,0.09532
2026-03-27 14:45:00+00:00,0.10315
2026-03-27 15:00:00+00:00,0.09064
2026-03-27 15:15:00+00:00,0.10002
2026-03-27 15:30:00+00:00,0.10098
2026-03-27 15:45:00+00:00,0.12069
2026-03-27 16:00:00+00:00,0.10561
2026-03-27 16:15:00+00:00,0.13077
2026-03-27 16:30:00+00:00,0.14659
2026-03-27 16:45:00+00:00,0.17323
2026-03-27 17:00:00+00:00,0.14581
2026-03-27 17:15:00+00:00,0.159
2026-03-27 17:30:00+00:00,0.16346
2026-03-27 17:45:00+00:00,0.16746
2026-03-27 18:00:00+00:00,0.19298
2026-03-27 18:15:00+00:00,0.17761
2026-03-27 18:30:00+00:00,0.15825
2026-03-27 18:45:00+00:00,0.14414
2026-03-27 19:00:00+00:00,0.1749
2026-03-27 19:15:00+00:00,0.15014
2026-03-27 19:30:00+00:00,0.12752
2026-03-27 19:45:00+00:00,0.119
2026-03-27 20:00:00+00:00,0.12413
2026-03-27 20:15:00+00:00,0.1225
2026-03-27 20:30:00+00:00,0.11978
2026-03-27 20:45:00+00:00,0.10957
2026-03-27 21:00:00+00:00,0.1231
2026-03-27 21:15:00+00:00,0.1179
2026-03-27 21:30:00+00:00,0.11759
2026-03-27 21:45:00+00:00,0.10805
2026-03-27 22:00:00+00:00,0.11365
2026-03-27 22:15:00+00:00,0.10689
2026-03-27 22:30:00+00:00,0.10525
2026-03-27 22:45:00+00:00,0.09826
2026-03-27 23:00:00+00:00,0.09761
2026-03-27 23:15:00+00:00,0.09904
2026-03-27 23:30:00+00:00,0.09425
2026-03-27 23:45:00+00:00,0.08964
2026-03-28 00:00:00+00:00,0.096
2026-03-28 00:15:00+00:00,0.0933
2026-03-28 00:30:00+00:00,0.09164
2026-03-28 00:45:00+00:00,0.08972
2026-03-28 01:00:00+00:00,0.09209
2026-03-28 01:15:00+00:00,0.08974
2026-03-28 01:30:00+00:00,0.0886
2026-03-28 01:45:00+00:00,0.08776
2026-03-28 02:00:00+00:00,0.08756
2026-03-28 02:15:00+00:00,0.08743
2026-03-28 02:30:00+00:00,0.08711
2026-03-28 02:45:00+00:00,0.08695
2026-03-28 03:00:00+00:00,0.08753
2026-03-28 03:15:00+00:00,0.08794
2026-03-28 03:30:00+00:00,0.08818
2026-03-28 03:45:00+00:00,0.08882
2026-03-28 04:00:00+00:00,0.08853
2026-03-28 04:15:00+00:00,0.08995
2026-03-28 04:30:00+00:00,0.09285
2026-03-28 04:45:00+00:00,0.09512
2026-03-28 05:00:00+00:00,0.09102
2026-03-28 05:15:00+00:00,0.09074
2026-03-28 05:30:00+00:00,0.08799
2026-03-28 05:45:00+00:00,0.08193
2026-03-28 06:00:00+00:00,0.08916
2026-03-28 06:15:00+00:00,0.08024
2026-03-28 06:30:00+00:00,0.07912
2026-03-28 06:45:00+00:00,0.06822
2026-03-28 07:00:00+00:00,0.08069
2026-03-28 07:15:00+00:00,0.07552
2026-03-28 07:30:00+00:00,0.06746
2026-03-28 07:45:00+00:00,0.04953
2026-03-28 08:00:00+00:00,0.07616
2026-03-28 08:15:00+00:00,0.04919
2026-03-28 08:30:00+00:00,0.04089
2026-03-28 08:45:00+00:00,0.01339
2026-03-28 09:00:00+00:00,0.03694
2026-03-28 09:15:00+00:00,0.01679
2026-03-28 09:30:00+00:00,0.0099
2026-03-28 09:45:00+00:00,0.0067
2026-03-28 10:00:00+00:00,0.00905
2026-03-28 10:15:00+00:00,0.00804
2026-03-28 10:30:00+00:00,0.00713
2026-03-28 10:45:00+00:00,0.00635
2026-03-28 11:00:00+00:00,0.007
2026-03-28 11:15:00+00:00,0.00492
2026-03-28 11:30:00+00:00,0.00643
2026-03-28 11:45:00+00:00,0.00843
2026-03-28 12:00:00+00:00,0.0064
2026-03-28 12:15:00+00:00,0.0067
2026-03-28 12:30:00+00:00,0.00852
2026-03-28 12:45:00+00:00,0.00977
2026-03-28 13:00:00+00:00,0.00797
2026-03-28 13:15:00+00:00,0.01
2026-03-28 13:30:00+00:00,0.02504
2026-03-28 13:45:00+00:00,0.03889
2026-03-28 14:00:00+00:00,0.02404
2026-03-28 14:15:00+00:00,0.045
2026-03-28 14:30:00+00:00,0.06358
2026-03-28 14:45:00+00:00,0.08435
2026-03-28 15:00:00+00:00,0.06035
2026-03-28 15:15:00+00:00,0.07412
2026-03-28 15:30:00+00:00,0.0884
2026-03-28 15:45:00+00:00,0.10134
2026-03-28 16:00:00+00:00,0.08944
2026-03-28 16:15:00+00:00,0.09989
2026-03-28 16:30:00+00:00,0.12231
2026-03-28 16:45:00+00:00,0.12972
2026-03-28 17:00:00+00:00,0.12442
2026-03-28 17:15:00+00:00,0.1346
2026-03-28 17:30:00+00:00,0.14135
2026-03-28 17:45:00+00:00,0.15533
2026-03-28 18:00:00+00:00,0.158
2026-03-28 18:15:00+00:00,0.15634
2026-03-28 18:30:00+00:00,0.15496
2026-03-28 18:45:00+00:00,0.14698
2026-03-28 19:00:00+00:00,0.16179
2026-03-28 19:15:00+00:00,0.1489
2026-03-28 19:30:00+00:00,0.13735
2026-03-28 19:45:00+00:00,0.12777
2026-03-28 20:00:00+00:00,0.14114
2026-03-28 20:15:00+00:00,0.13219
2026-03-28 20:30:00+00:00,0.12826
2026-03-28 20:45:00+00:00,0.12479
2026-03-28 21:00:00+00:00,0.12751
2026-03-28 21:15:00+00:00,0.12687
2026-03-28 21:30:00+00:00,0.12601
2026-03-28 21:45:00+00:00,0.12093
2026-03-28 22:00:00+00:00,0.13
2026-03-28 22:15:00+00:00,0.11805
2026-03-28 22:30:00+00:00,0.12092
2026-03-28 22:45:00+00:00,0.10935
2026-03-28 23:00:00+00:00,0.12588
2026-03-28 23:15:00+00:00,0.12023
2026-03-28 23:30:00+00:00,0.10828
2026-03-28 23:45:00+00:00,0.10385
2026-03-29 00:00:00+00:00,0.11205
2026-03-29 00:15:00+00:00,0.10751
2026-03-29 00:30:00+00:00,0.10701
2026-03-29 00:45:00+00:00,0.10422
2026-03-29 01:00:00+00:00,0.10211
2026-03-29 01:15:00+00:00,0.10026
2026-03-29 01:30:00+00:00,0.10118
2026-03-29 01:45:00+00:00,0.10111
2026-03-29 02:00:00+00:00,0.10941
2026-03-29 02:15:00+00:00,0.10335
2026-03-29 02:30:00+00:00,0.10432
2026-03-29 02:45:00+00:00,0.10382
2026-03-29 03:00:00+00:00,0.10357
2026-03-29 03:15:00+00:00,0.10368
2026-03-29 03:30:00+00:00,0.10524
2026-03-29 03:45:00+00:00,0.10593
2026-03-29 04:00:00+00:00,0.10233
2026-03-29 04:15:00+00:00,0.1053
2026-03-29 04:30:00+00:00,0.11359
2026-03-29 04:45:00+00:00,0.1178
2026-03-29 05:00:00+00:00,0.11967
2026-03-29 05:15:00+00:00,0.11524
2026-03-29 05:30:00+00:00,0.113
2026-03-29 05:45:00+00:00,0.11221
2026-03-29 06:00:00+00:00,0.12247
2026-03-29 06:15:00+00:00,0.125
2026-03-29 06:30:00+00:00,0.10899
2026-03-29 06:45:00+00:00,0.10291
2026-03-29 07:00:00+00:00,0.11224
2026-03-29 07:15:00+00:00,0.09482
2026-03-29 07:30:00+00:00,0.08906
2026-03-29 07:45:00+00:00,0.08147
2026-03-29 08:00:00+00:00,0.09796
2026-03-29 08:15:00+00:00,0.08391
2026-03-29 08:30:00+00:00,0.07055
2026-03-29 08:45:00+00:00,0.04681
2026-03-29 09:00:00+00:00,0.0706
2026-03-29 09:15:00+00:00,0.05529
2026-03-29 09:30:00+00:00,0.04291
2026-03-29 09:45:00+00:00,0.00999
2026-03-29 10:00:00+00:00,0.02623
2026-03-29 10:15:00+00:00,0.00778
2026-03-29 10:30:00+00:00,0.00469
2026-03-29 10:45:00+00:00,0.00022
2026-03-29 11:00:00+00:00,0.00109
2026-03-29 11:15:00+00:00,0.0
2026-03-29 11:30:00+00:00,-6e-05
2026-03-29 11:45:00+00:00,-0.00105
2026-03-29 12:00:00+00:00,-0.00101
2026-03-29 12:15:00+00:00,-0.00121
2026-03-29 12:30:00+00:00,-0.00211
2026-03-29 12:45:00+00:00,-0.00281
2026-03-29 13:00:00+00:00,-0.00202
2026-03-29 13:15:00+00:00,-0.0024
2026-03-29 13:30:00+00:00,-0.00207
2026-03-29 13:45:00+00:00,-0.00191
2026-03-29 14:00:00+00:00,-8e-05
2026-03-29 14:15:00+00:00,0.0
2026-03-29 14:30:00+00:00,0.0
2026-03-29 14:45:00+00:00,0.00357
2026-03-29 15:00:00+00:00,0.0025
2026-03-29 15:15:00+00:00,0.01441
2026-03-29 15:30:00+00:00,0.03425
2026-03-29 15:45:00+00:00,0.08208
2026-03-29 16:00:00+00:00,0.05805
2026-03-29 16:15:00+00:00,0.08091
2026-03-29 16:30:00+00:00,0.09798
2026-03-29 16:45:00+00:00,0.1201
2026-03-29 17:00:00+00:00,0.09924
2026-03-29 17:15:00+00:00,0.10884
2026-03-29 17:30:00+00:00,0.10862
2026-03-29 17:45:00+00:00,0.10601
2026-03-29 18:00:00+00:00,0.11971
2026-03-29 18:15:00+00:00,0.10791
2026-03-29 18:30:00+00:00,0.08118
2026-03-29 18:45:00+00:00,0.07192
2026-03-29 19:00:00+00:00,0.09633
2026-03-29 19:15:00+00:00,0.08531
2026-03-29 19:30:00+00:00,0.06392
2026-03-29 19:45:00+00:00,0.05369
2026-03-29 20:00:00+00:00,0.09659
2026-03-29 20:15:00+00:00,0.07799
2026-03-29 20:30:00+00:00,0.06223
2026-03-29 20:45:00+00:00,0.03059
2026-03-29 21:00:00+00:00,0.05519
2026-03-29 21:15:00+00:00,0.0248
2026-03-29 21:30:00+00:00,0.01759
2026-03-29 21:45:00+00:00,0.00496
2026-03-29 22:00:00+00:00,0.01776
2026-03-29 22:15:00+00:00,0.00943
2026-03-29 22:30:00+00:00,0.00517
2026-03-29 22:45:00+00:00,0.00443
2026-03-29 23:00:00+00:00,0.00425
2026-03-29 23:15:00+00:00,0.00314
2026-03-29 23:30:00+00:00,0.00159
2026-03-29 23:45:00+00:00,0.00022
2026-03-30 00:00:00+00:00,0.00548
2026-03-30 00:15:00+00:00,0.0045
2026-03-30 00:30:00+00:00,0.00497
2026-03-30 00:45:00+00:00,0.00513
2026-03-30 01:00:00+00:00,0.00308
2026-03-30 01:15:00+00:00,0.0038
2026-03-30 01:30:00+00:00,0.00391
2026-03-30 01:45:00+00:00,0.00451
2026-03-30 02:00:00+00:00,0.00219
2026-03-30 02:15:00+00:00,0.00354
2026-03-30 02:30:00+00:00,0.00408
2026-03-30 02:45:00+00:00,0.00762
2026-03-30 03:00:00+00:00,0.00354
2026-03-30 03:15:00+00:00,0.00762
2026-03-30 03:30:00+00:00,0.01723
2026-03-30 03:45:00+00:00,0.0453
2026-03-30 04:00:00+00:00,0.02605
2026-03-30 04:15:00+00:00,0.0635
2026-03-30 04:30:00+00:00,0.08796
2026-03-30 04:45:00+00:00,0.08997
2026-03-30 05:00:00+00:00,0.07312
2026-03-30 05:15:00+00:00,0.08948
2026-03-30 05:30:00+00:00,0.10052
2026-03-30 05:45:00+00:00,0.09813
2026-03-30 06:00:00+00:00,0.11673
2026-03-30 06:15:00+00:00,0.10826
2026-03-30 06:30:00+00:00,0.10839
2026-03-30 06:45:00+00:00,0.10351
2026-03-30 07:00:00+00:00,0.11185
2026-03-30 07:15:00+00:00,0.10216
2026-03-30 07:30:00+00:00,0.09634
2026-03-30 07:45:00+00:00,0.077
2026-03-30 08:00:00+00:00,0.08599
2026-03-30 08:15:00+00:00,0.07154
2026-03-30 08:30:00+00:00,0.08224
2026-03-30 08:45:00+00:00,0.05562
2026-03-30 09:00:00+00:00,0.07128
2026-03-30 09:15:00+00:00,0.0503
2026-03-30 09:30:00+00:00,0.03917
2026-03-30 09:45:00+00:00,0.02324
2026-03-30 10:00:00+00:00,0.03941
2026-03-30 10:15:00+00:00,0.02503
2026-03-30 10:30:00+00:00,0.01991
2026-03-30 10:45:00+00:00,0.01
2026-03-30 11:00:00+00:00,0.01755
2026-03-30 11:15:00+00:00,0.01555
2026-03-30 11:30:00+00:00,0.00991
2026-03-30 11:45:00+00:00,0.00259
2026-03-30 12:00:00+00:00,0.0094
2026-03-30 12:15:00+00:00,0.00867
2026-03-30 12:30:00+00:00,0.00759
2026-03-30 12:45:00+00:00,0.00451
2026-03-30 13:00:00+00:00,0.00938
2026-03-30 13:15:00+00:00,0.01073
2026-03-30 13:30:00+00:00,0.01166
2026-03-30 13:45:00+00:00,0.01998
2026-03-30 14:00:00+00:00,0.00998
2026-03-30 14:15:00+00:00,0.02334
2026-03-30 14:30:00+00:00,0.04426
2026-03-30 14:45:00+00:00,0.063
2026-03-30 15:00:00+00:00,0.04546
2026-03-30 15:15:00+00:00,0.06546
2026-03-30 15:30:00+00:00,0.08679
2026-03-30 15:45:00+00:00,0.11209
2026-03-30 16:00:00+00:00,0.085
2026-03-30 16:15:00+00:00,0.10503
2026-03-30 16:30:00+00:00,0.10938
2026-03-30 16:45:00+00:00,0.1199
2026-03-30 17:00:00+00:00,0.11406
2026-03-30 17:15:00+00:00,0.11728
2026-03-30 17:30:00+00:00,0.12227
2026-03-30 17:45:00+00:00,0.133
2026-03-30 18:00:00+00:00,0.12479
2026-03-30 18:15:00+00:00,0.1244
2026-03-30 18:30:00+00:00,0.12735
2026-03-30 18:45:00+00:00,0.12589
2026-03-30 19:00:00+00:00,0.13599
2026-03-30 19:15:00+00:00,0.12482
2026-03-30 19:30:00+00:00,0.12798
2026-03-30 19:45:00+00:00,0.11587
2026-03-30 20:00:00+00:00,0.12952
2026-03-30 20:15:00+00:00,0.11943
2026-03-30 20:30:00+00:00,0.1201
2026-03-30 20:45:00+00:00,0.11565
2026-03-30 21:00:00+00:00,0.11523
2026-03-30 21:15:00+00:00,0.11015
2026-03-30 21:30:00+00:00,0.1076
2026-03-30 21:45:00+00:00,0.10254
2026-03-30 22:00:00+00:00,0.123
2026-03-30 22:15:00+00:00,0.10888
2026-03-30 22:30:00+00:00,0.1046
2026-03-30 22:45:00+00:00,0.1005
2026-03-30 23:00:00+00:00,0.10256
2026-03-30 23:15:00+00:00,0.10307
2026-03-30 23:30:00+00:00,0.10308
2026-03-30 23:45:00+00:00,0.10201
2026-03-31 00:00:00+00:00,0.10265
2026-03-31 00:15:00+00:00,0.10139
2026-03-31 00:30:00+00:00,0.10089
2026-03-31 00:45:00+00:00,0.10011
2026-03-31 01:00:00+00:00,0.10064
2026-03-31 01:15:00+00:00,0.10013
2026-03-31 01:30:00+00:00,0.10099
2026-03-31 01:45:00+00:00,0.10038
2026-03-31 02:00:00+00:00,0.10055
2026-03-31 02:15:00+00:00,0.10179
2026-03-31 02:30:00+00:00,0.10127
2026-03-31 02:45:00+00:00,0.10311
2026-03-31 03:00:00+00:00,0.09484
2026-03-31 03:15:00+00:00,0.09942
2026-03-31 03:30:00+00:00,0.11297
2026-03-31 03:45:00+00:00,0.12494
2026-03-31 04:00:00+00:00,0.11377
2026-03-31 04:15:00+00:00,0.1275
2026-03-31 04:30:00+00:00,0.15111
2026-03-31 04:45:00+00:00,0.15641
2026-03-31 05:00:00+00:00,0.15247
2026-03-31 05:15:00+00:00,0.153
2026-03-31 05:30:00+00:00,0.15444
2026-03-31 05:45:00+00:00,0.14859
2026-03-31 06:00:00+00:00,0.2034
2026-03-31 06:15:00+00:00,0.18022
2026-03-31 06:30:00+00:00,0.14556
2026-03-31 06:45:00+00:00,0.12598
2026-03-31 07:00:00+00:00,0.16315
2026-03-31 07:15:00+00:00,0.13476
2026-03-31 07:30:00+00:00,0.12531
2026-03-31 07:45:00+00:00,0.119
2026-03-31 08:00:00+00:00,0.11709
2026-03-31 08:15:00+00:00,0.10885
2026-03-31 08:30:00+00:00,0.09811
2026-03-31 08:45:00+00:00,0.09297
2026-03-31 09:00:00+00:00,0.09903
2026-03-31 09:15:00+00:00,0.09308
2026-03-31 09:30:00+00:00,0.08413
2026-03-31 09:45:00+00:00,0.07316
2026-03-31 10:00:00+00:00,0.08878
2026-03-31 10:15:00+00:00,0.08234
2026-03-31 10:30:00+00:00,0.07818
2026-03-31 10:45:00+00:00,0.06538
2026-03-31 11:00:00+00:00,0.07354
2026-03-31 11:15:00+00:00,0.0609
2026-03-31 11:30:00+00:00,0.04639
2026-03-31 11:45:00+00:00,0.04007
2026-03-31 12:00:00+00:00,0.0512
2026-03-31 12:15:00+00:00,0.05134
2026-03-31 12:30:00+00:00,0.05402
2026-03-31 12:45:00+00:00,0.05739
2026-03-31 13:00:00+00:00,0.054
2026-03-31 13:15:00+00:00,0.0624
2026-03-31 13:30:00+00:00,0.06276
2026-03-31 13:45:00+00:00,0.07305
2026-03-31 14:00:00+00:00,0.06403
2026-03-31 14:15:00+00:00,0.0804
2026-03-31 14:30:00+00:00,0.08927
2026-03-31 14:45:00+00:00,0.09517
2026-03-31 15:00:00+00:00,0.09606
2026-03-31 15:15:00+00:00,0.10122
2026-03-31 15:30:00+00:00,0.10581
2026-03-31 15:45:00+00:00,0.14078
2026-03-31 16:00:00+00:00,0.10858
2026-03-31 16:15:00+00:00,0.14183
2026-03-31 16:30:00+00:00,0.15872
2026-03-31 16:45:00+00:00,0.19487
2026-03-31 17:00:00+00:00,0.15348
2026-03-31 17:15:00+00:00,0.17656
2026-03-31 17:30:00+00:00,0.18196
2026-03-31 17:45:00+00:00,0.18801
2026-03-31 18:00:00+00:00,0.18975
2026-03-31 18:15:00+00:00,0.18074
2026-03-31 18:30:00+00:00,0.17354
2026-03-31 18:45:00+00:00,0.15999
2026-03-31 19:00:00+00:00,0.20116
2026-03-31 19:15:00+00:00,0.17146
2026-03-31 19:30:00+00:00,0.16262
2026-03-31 19:45:00+00:00,0.15166
2026-03-31 20:00:00+00:00,0.16914
2026-03-31 20:15:00+00:00,0.1613
2026-03-31 20:30:00+00:00,0.15295
2026-03-31 20:45:00+00:00,0.14993
2026-03-31 21:00:00+00:00,0.15298
2026-03-31 21:15:00+00:00,0.14956
2026-03-31 21:30:00+00:00,0.14996
2026-03-31 21:45:00+00:00,0.1414
2026-03-31 22:00:00+00:00,0.15902
2026-03-31 22:15:00+00:00,0.1467
2026-03-31 22:30:00+00:00,0.14299
2026-03-31 22:45:00+00:00,0.13333
2026-03-31 23:00:00+00:00,0.13731
2026-03-31 23:15:00+00:00,0.1292
2026-03-31 23:30:00+00:00,0.1292
2026-03-31 23:45:00+00:00,0.12224
2026-04-01 00:00:00+00:00,0.12568
2026-04-01 00:15:00+00:00,0.12418
2026-04-01 00:30:00+00:00,0.12549
2026-04-01 00:45:00+00:00,0.12603
2026-04-01 01:00:00+00:00,0.12368
2026-04-01 01:15:00+00:00,0.128
2026-04-01 01:30:00+00:00,0.13212
2026-04-01 01:45:00+00:00,0.13391
2026-04-01 02:00:00+00:00,0.12828
2026-04-01 02:15:00+00:00,0.13162
2026-04-01 02:30:00+00:00,0.1388
2026-04-01 02:45:00+00:00,0.1454
2026-04-01 03:00:00+00:00,0.13467
2026-04-01 03:15:00+00:00,0.14347
2026-04-01 03:30:00+00:00,0.15006
2026-04-01 03:45:00+00:00,0.16826
2026-04-01 04:00:00+00:00,0.15567
2026-04-01 04:15:00+00:00,0.17723
2026-04-01 04:30:00+00:00,0.19054
2026-04-01 04:45:00+00:00,0.1999
2026-04-01 05:00:00+00:00,0.23593
2026-04-01 05:15:00+00:00,0.23903
2026-04-01 05:30:00+00:00,0.22102
2026-04-01 05:45:00+00:00,0.21181
2026-04-01 06:00:00+00:00,0.23912
2026-04-01 06:15:00+00:00,0.21459
2026-04-01 06:30:00+00:00,0.18415
2026-04-01 06:45:00+00:00,0.16205
2026-04-01 07:00:00+00:00,0.209
2026-04-01 07:15:00+00:00,0.18581
2026-04-01 07:30:00+00:00,0.16139
2026-04-01 07:45:00+00:00,0.12986
2026-04-01 08:00:00+00:00,0.16337
2026-04-01 08:15:00+00:00,0.14174
2026-04-01 08:30:00+00:00,0.13051
2026-04-01 08:45:00+00:00,0.12358
2026-04-01 09:00:00+00:00,0.13863
2026-04-01 09:15:00+00:00,0.13077
2026-04-01 09:30:00+00:00,0.12232
2026-04-01 09:45:00+00:00,0.12059
2026-04-01 10:00:00+00:00,0.13049
2026-04-01 10:15:00+00:00,0.11275
2026-04-01 10:30:00+00:00,0.11184
2026-04-01 10:45:00+00:00,0.10513
2026-04-01 11:00:00+00:00,0.10635
2026-04-01 11:15:00+00:00,0.09856
2026-04-01 11:30:00+00:00,0.09003
2026-04-01 11:45:00+00:00,0.0804
2026-04-01 12:00:00+00:00,0.08901
2026-04-01 12:15:00+00:00,0.08533
2026-04-01 12:30:00+00:00,0.08533
2026-04-01 12:45:00+00:00,0.08566
2026-04-01 13:00:00+00:00,0.08451
2026-04-01 13:15:00+00:00,0.08843
2026-04-01 13:30:00+00:00,0.09678
2026-04-01 13:45:00+00:00,0.10563
2026-04-01 14:00:00+00:00,0.08494
2026-04-01 14:15:00+00:00,0.09823
2026-04-01 14:30:00+00:00,0.10899
2026-04-01 14:45:00+00:00,0.1299
2026-04-01 15:00:00+00:00,0.11993
2026-04-01 15:15:00+00:00,0.11991
2026-04-01 15:30:00+00:00,0.12856
2026-04-01 15:45:00+00:00,0.15208
2026-04-01 16:00:00+00:00,0.1111
2026-04-01 16:15:00+00:00,0.14201
2026-04-01 16:30:00+00:00,0.1578
2026-04-01 16:45:00+00:00,0.19747
2026-04-01 17:00:00+00:00,0.16256
2026-04-01 17:15:00+00:00,0.18575
2026-04-01 17:30:00+00:00,0.20038
2026-04-01 17:45:00+00:00,0.20597
2026-04-01 18:00:00+00:00,0.19783
2026-04-01 18:15:00+00:00,0.19073
2026-04-01 18:30:00+00:00,0.18
2026-04-01 18:45:00+00:00,0.15621
2026-04-01 19:00:00+00:00,0.17868
2026-04-01 19:15:00+00:00,0.16858
2026-04-01 19:30:00+00:00,0.16393
2026-04-01 19:45:00+00:00,0.1521
2026-04-01 20:00:00+00:00,0.16764
2026-04-01 20:15:00+00:00,0.15387
2026-04-01 20:30:00+00:00,0.15135
2026-04-01 20:45:00+00:00,0.13843
2026-04-01 21:00:00+00:00,0.14752
2026-04-01 21:15:00+00:00,0.13785
2026-04-01 21:30:00+00:00,0.13058
2026-04-01 21:45:00+00:00,0.11918
2026-04-01 22:00:00+00:00,0.1394
2026-04-01 22:15:00+00:00,0.12844
2026-04-01 22:30:00+00:00,0.12155
2026-04-01 22:45:00+00:00,0.1193
2026-04-01 23:00:00+00:00,0.12543
2026-04-01 23:15:00+00:00,0.11936
2026-04-01 23:30:00+00:00,0.11661
2026-04-01 23:45:00+00:00,0.11458
2026-04-02 00:00:00+00:00,0.1169
2026-04-02 00:15:00+00:00,0.11444
2026-04-02 00:30:00+00:00,0.11375
2026-04-02 00:45:00+00:00,0.11143
2026-04-02 01:00:00+00:00,0.11023
2026-04-02 01:15:00+00:00,0.10765
2026-04-02 01:30:00+00:00,0.10886
2026-04-02 01:45:00+00:00,0.11
2026-04-02 02:00:00+00:00,0.10542
2026-04-02 02:15:00+00:00,0.10497
2026-04-02 02:30:00+00:00,0.10892
2026-04-02 02:45:00+00:00,0.11033
2026-04-02 03:00:00+00:00,0.10829
2026-04-02 03:15:00+00:00,0.11317
2026-04-02 03:30:00+00:00,0.1193
2026-04-02 03:45:00+00:00,0.13641
2026-04-02 04:00:00+00:00,0.131
2026-04-02 04:15:00+00:00,0.15004
2026-04-02 04:30:00+00:00,0.16161
2026-04-02 04:45:00+00:00,0.16556
2026-04-02 05:00:00+00:00,0.16362
2026-04-02 05:15:00+00:00,0.16668
2026-04-02 05:30:00+00:00,0.16152
2026-04-02 05:45:00+00:00,0.14821
2026-04-02 06:00:00+00:00,0.19693
2026-04-02 06:15:00+00:00,0.17346
2026-04-02 06:30:00+00:00,0.15405
2026-04-02 06:45:00+00:00,0.10619
2026-04-02 07:00:00+00:00,0.12701
2026-04-02 07:15:00+00:00,0.11701
2026-04-02 07:30:00+00:00,0.11342
2026-04-02 07:45:00+00:00,0.09967
2026-04-02 08:00:00+00:00,0.10791
2026-04-02 08:15:00+00:00,0.09889
2026-04-02 08:30:00+00:00,0.09194
2026-04-02 08:45:00+00:00,0.06391
2026-04-02 09:00:00+00:00,0.08843
2026-04-02 09:15:00+00:00,0.07875
2026-04-02 09:30:00+00:00,0.07195
2026-04-02 09:45:00+00:00,0.05787
2026-04-02 10:00:00+00:00,0.07501
2026-04-02 10:15:00+00:00,0.06242
2026-04-02 10:30:00+00:00,0.05554
2026-04-02 10:45:00+00:00,0.04601
2026-04-02 11:00:00+00:00,0.04981
2026-04-02 11:15:00+00:00,0.0432
2026-04-02 11:30:00+00:00,0.0421
2026-04-02 11:45:00+00:00,0.03471
2026-04-02 12:00:00+00:00,0.04262
2026-04-02 12:15:00+00:00,0.04997
2026-04-02 12:30:00+00:00,0.05475
2026-04-02 12:45:00+00:00,0.0641
2026-04-02 13:00:00+00:00,0.05255
2026-04-02 13:15:00+00:00,0.07299
2026-04-02 13:30:00+00:00,0.0793
2026-04-02 13:45:00+00:00,0.09024
2026-04-02 14:00:00+00:00,0.08001
2026-04-02 14:15:00+00:00,0.09318
2026-04-02 14:30:00+00:00,0.09682
2026-04-02 14:45:00+00:00,0.10102
2026-04-02 15:00:00+00:00,0.09873
2026-04-02 15:15:00+00:00,0.10315
2026-04-02 15:30:00+00:00,0.11286
2026-04-02 15:45:00+00:00,0.1205
2026-04-02 16:00:00+00:00,0.1184
2026-04-02 16:15:00+00:00,0.12646
2026-04-02 16:30:00+00:00,0.13967
2026-04-02 16:45:00+00:00,0.15301
2026-04-02 17:00:00+00:00,0.14256
2026-04-02 17:15:00+00:00,0.1558
2026-04-02 17:30:00+00:00,0.16858
2026-04-02 17:45:00+00:00,0.18042
2026-04-02 18:00:00+00:00,0.17257
2026-04-02 18:15:00+00:00,0.16094
2026-04-02 18:30:00+00:00,0.15706
2026-04-02 18:45:00+00:00,0.14797
2026-04-02 19:00:00+00:00,0.16288
2026-04-02 19:15:00+00:00,0.15075
2026-04-02 19:30:00+00:00,0.14238
2026-04-02 19:45:00+00:00,0.13008
2026-04-02 20:00:00+00:00,0.14753
2026-04-02 20:15:00+00:00,0.13796
2026-04-02 20:30:00+00:00,0.13007
2026-04-02 20:45:00+00:00,0.12443
2026-04-02 21:00:00+00:00,0.13005
2026-04-02 21:15:00+00:00,0.12378
2026-04-02 21:30:00+00:00,0.12781
2026-04-02 21:45:00+00:00,0.11424
2026-04-02 22:00:00+00:00,0.14484
2026-04-02 22:15:00+00:00,0.13652
2026-04-02 22:30:00+00:00,0.12914
2026-04-02 22:45:00+00:00,0.1239
2026-04-02 23:00:00+00:00,0.12453
2026-04-02 23:15:00+00:00,0.1241
2026-04-02 23:30:00+00:00,0.12441
2026-04-02 23:45:00+00:00,0.1149
2026-04-03 00:00:00+00:00,0.12753
2026-04-03 00:15:00+00:00,0.12
2026-04-03 00:30:00+00:00,0.11476
2026-04-03 00:45:00+00:00,0.11577
2026-04-03 01:00:00+00:00,0.11928
2026-04-03 01:15:00+00:00,0.11716
2026-04-03 01:30:00+00:00,0.1155
2026-04-03 01:45:00+00:00,0.11873
2026-04-03 02:00:00+00:00,0.12059
2026-04-03 02:15:00+00:00,0.12105
2026-04-03 02:30:00+00:00,0.12017
2026-04-03 02:45:00+00:00,0.11892
2026-04-03 03:00:00+00:00,0.12105
2026-04-03 03:15:00+00:00,0.12344
2026-04-03 03:30:00+00:00,0.1211
2026-04-03 03:45:00+00:00,0.12802
2026-04-03 04:00:00+00:00,0.12102
2026-04-03 04:15:00+00:00,0.13234
2026-04-03 04:30:00+00:00,0.13995
2026-04-03 04:45:00+00:00,0.13919
2026-04-03 05:00:00+00:00,0.13916
2026-04-03 05:15:00+00:00,0.13884
2026-04-03 05:30:00+00:00,0.13565
2026-04-03 05:45:00+00:00,0.1298
2026-04-03 06:00:00+00:00,0.15658
2026-04-03 06:15:00+00:00,0.13559
2026-04-03 06:30:00+00:00,0.12815
2026-04-03 06:45:00+00:00,0.10385
2026-04-03 07:00:00+00:00,0.14314
2026-04-03 07:15:00+00:00,0.12159
2026-04-03 07:30:00+00:00,0.10366
2026-04-03 07:45:00+00:00,0.08433
2026-04-03 08:00:00+00:00,0.12678
2026-04-03 08:15:00+00:00,0.09578
2026-04-03 08:30:00+00:00,0.06466
2026-04-03 08:45:00+00:00,0.05512
2026-04-03 09:00:00+00:00,0.072
2026-04-03 09:15:00+00:00,0.06
2026-04-03 09:30:00+00:00,0.04907
2026-04-03 09:45:00+00:00,0.03076
2026-04-03 10:00:00+00:00,0.04859
2026-04-03 10:15:00+00:00,0.03106
2026-04-03 10:30:00+00:00,0.01979
2026-04-03 10:45:00+00:00,0.0086
2026-04-03 11:00:00+00:00,0.01908
2026-04-03 11:15:00+00:00,0.01164
2026-04-03 11:30:00+00:00,0.0077
2026-04-03 11:45:00+00:00,0.00136
2026-04-03 12:00:00+00:00,0.0045
2026-04-03 12:15:00+00:00,0.00191
2026-04-03 12:30:00+00:00,0.0001
2026-04-03 12:45:00+00:00,0.0001
2026-04-03 13:00:00+00:00,0.0
2026-04-03 13:15:00+00:00,0.0001
2026-04-03 13:30:00+00:00,0.003
2026-04-03 13:45:00+00:00,0.0091
2026-04-03 14:00:00+00:00,0.00262
2026-04-03 14:15:00+00:00,0.01181
2026-04-03 14:30:00+00:00,0.03264
2026-04-03 14:45:00+00:00,0.0487
2026-04-03 15:00:00+00:00,0.04335
2026-04-03 15:15:00+00:00,0.06251
2026-04-03 15:30:00+00:00,0.07399
2026-04-03 15:45:00+00:00,0.08734
2026-04-03 16:00:00+00:00,0.07703
2026-04-03 16:15:00+00:00,0.08617
2026-04-03 16:30:00+00:00,0.09329
2026-04-03 16:45:00+00:00,0.0994
2026-04-03 17:00:00+00:00,0.09685
2026-04-03 17:15:00+00:00,0.09888
2026-04-03 17:30:00+00:00,0.10161
2026-04-03 17:45:00+00:00,0.10022
2026-04-03 18:00:00+00:00,0.10364
2026-04-03 18:15:00+00:00,0.10108
2026-04-03 18:30:00+00:00,0.09407
2026-04-03 18:45:00+00:00,0.08656
2026-04-03 19:00:00+00:00,0.09401
2026-04-03 19:15:00+00:00,0.08776
2026-04-03 19:30:00+00:00,0.07906
2026-04-03 19:45:00+00:00,0.07598
2026-04-03 20:00:00+00:00,0.08935
2026-04-03 20:15:00+00:00,0.08005
2026-04-03 20:30:00+00:00,0.07998
2026-04-03 20:45:00+00:00,0.07574
2026-04-03 21:00:00+00:00,0.07819
2026-04-03 21:15:00+00:00,0.06314
2026-04-03 21:30:00+00:00,0.05049
2026-04-03 21:45:00+00:00,0.05053
2026-04-03 22:00:00+00:00,0.01244
2026-04-03 22:15:00+00:00,0.01735
2026-04-03 22:30:00+00:00,0.00476
2026-04-03 22:45:00+00:00,0.00436
2026-04-03 23:00:00+00:00,0.01423
2026-04-03 23:15:00+00:00,0.01008
2026-04-03 23:30:00+00:00,0.00926
2026-04-03 23:45:00+00:00,0.00225
2026-04-04 00:00:00+00:00,0.01073
2026-04-04 00:15:00+00:00,0.00709
2026-04-04 00:30:00+00:00,0.00381
2026-04-04 00:45:00+00:00,0.0041
2026-04-04 01:00:00+00:00,0.00038
2026-04-04 01:15:00+00:00,0.00297
2026-04-04 01:30:00+00:00,0.00204
2026-04-04 01:45:00+00:00,0.00256
2026-04-04 02:00:00+00:00,0.00443
2026-04-04 02:15:00+00:00,0.00339
2026-04-04 02:30:00+00:00,0.00929
2026-04-04 02:45:00+00:00,0.0085
2026-04-04 03:00:00+00:00,0.01339
2026-04-04 03:15:00+00:00,0.00895
2026-04-04 03:30:00+00:00,0.0101
2026-04-04 03:45:00+00:00,0.0145
2026-04-04 04:00:00+00:00,0.00777
2026-04-04 04:15:00+00:00,0.00991
2026-04-04 04:30:00+00:00,0.01503
2026-04-04 04:45:00+00:00,0.02074
2026-04-04 05:00:00+00:00,0.0199
2026-04-04 05:15:00+00:00,0.01837
2026-04-04 05:30:00+00:00,0.02346
2026-04-04 05:45:00+00:00,0.01534
2026-04-04 06:00:00+00:00,0.02188
2026-04-04 06:15:00+00:00,0.01997
2026-04-04 06:30:00+00:00,0.01603
2026-04-04 06:45:00+00:00,0.0089
2026-04-04 07:00:00+00:00,0.01298
2026-04-04 07:15:00+00:00,0.00645
2026-04-04 07:30:00+00:00,0.00451
2026-04-04 07:45:00+00:00,0.00246
2026-04-04 08:00:00+00:00,0.00394
2026-04-04 08:15:00+00:00,0.002
2026-04-04 08:30:00+00:00,0.0013
2026-04-04 08:45:00+00:00,0.0
2026-04-04 09:00:00+00:00,0.0
2026-04-04 09:15:00+00:00,-1e-05
2026-04-04 09:30:00+00:00,-1e-05
2026-04-04 09:45:00+00:00,-2e-05
2026-04-04 10:00:00+00:00,-6e-05
2026-04-04 10:15:00+00:00,-0.00062
2026-04-04 10:30:00+00:00,-0.00026
2026-04-04 10:45:00+00:00,-5e-05
2026-04-04 11:00:00+00:00,-4e-05
2026-04-04 11:15:00+00:00,-4e-05
2026-04-04 11:30:00+00:00,-3e-05
2026-04-04 11:45:00+00:00,-3e-05
2026-04-04 12:00:00+00:00,-3e-05
2026-04-04 12:15:00+00:00,-2e-05
2026-04-04 12:30:00+00:00,-1e-05
2026-04-04 12:45:00+00:00,-1e-05
2026-04-04 13:00:00+00:00,-1e-05
2026-04-04 13:15:00+00:00,0.0
2026-04-04 13:30:00+00:00,0.0
2026-04-04 13:45:00+00:00,0.00011
2026-04-04 14:00:00+00:00,0.0
2026-04-04 14:15:00+00:00,0.00274
2026-04-04 14:30:00+00:00,0.00663
2026-04-04 14:45:00+00:00,0.03339
2026-04-04 15:00:00+00:00,0.01339
2026-04-04 15:15:00+00:00,0.04795
2026-04-04 15:30:00+00:00,0.09114
2026-04-04 15:45:00+00:00,0.09846
2026-04-04 16:00:00+00:00,0.06162
2026-04-04 16:15:00+00:00,0.09337
2026-04-04 16:30:00+00:00,0.12098
2026-04-04 16:45:00+00:00,0.16241
2026-04-04 17:00:00+00:00,0.12798
2026-04-04 17:15:00+00:00,0.13708
2026-04-04 17:30:00+00:00,0.16587
2026-04-04 17:45:00+00:00,0.16856
2026-04-04 18:00:00+00:00,0.17495
2026-04-04 18:15:00+00:00,0.13601
2026-04-04 18:30:00+00:00,0.12714
2026-04-04 18:45:00+00:00,0.10486
2026-04-04 19:00:00+00:00,0.13401
2026-04-04 19:15:00+00:00,0.10655
2026-04-04 19:30:00+00:00,0.09606
2026-04-04 19:45:00+00:00,0.07873
2026-04-04 20:00:00+00:00,0.10981
2026-04-04 20:15:00+00:00,0.07997
2026-04-04 20:30:00+00:00,0.06454
2026-04-04 20:45:00+00:00,0.05291
2026-04-04 21:00:00+00:00,0.06709
2026-04-04 21:15:00+00:00,0.04479
2026-04-04 21:30:00+00:00,0.0334
2026-04-04 21:45:00+00:00,0.02205
2026-04-04 22:00:00+00:00,0.00229
2026-04-04 22:15:00+00:00,0.00195
2026-04-04 22:30:00+00:00,0.0
2026-04-04 22:45:00+00:00,-1e-05
2026-04-04 23:00:00+00:00,0.0001
2026-04-04 23:15:00+00:00,0.0
2026-04-04 23:30:00+00:00,-2e-05
2026-04-04 23:45:00+00:00,-0.0001
2026-04-05 00:00:00+00:00,-7e-05
2026-04-05 00:15:00+00:00,-0.00018
2026-04-05 00:30:00+00:00,-0.0002
2026-04-05 00:45:00+00:00,-0.001
2026-04-05 01:00:00+00:00,-0.00071
2026-04-05 01:15:00+00:00,-0.00104
2026-04-05 01:30:00+00:00,-0.00109
2026-04-05 01:45:00+00:00,-0.00199
2026-04-05 02:00:00+00:00,-0.00107
2026-04-05 02:15:00+00:00,-0.00199
2026-04-05 02:30:00+00:00,-0.00142
2026-04-05 02:45:00+00:00,-0.00199
2026-04-05 03:00:00+00:00,-0.00199
2026-04-05 03:15:00+00:00,-0.00212
2026-04-05 03:30:00+00:00,-0.00202
2026-04-05 03:45:00+00:00,-0.00204
2026-04-05 04:00:00+00:00,-0.00317
2026-04-05 04:15:00+00:00,-0.00336
2026-04-05 04:30:00+00:00,-0.00286
2026-04-05 04:45:00+00:00,-0.00259
2026-04-05 05:00:00+00:00,-0.00109
2026-04-05 05:15:00+00:00,-0.00104
2026-04-05 05:30:00+00:00,-0.00101
2026-04-05 05:45:00+00:00,-0.00202
2026-04-05 06:00:00+00:00,-0.00051
2026-04-05 06:15:00+00:00,-0.00104
2026-04-05 06:30:00+00:00,-0.00276
2026-04-05 06:45:00+00:00,-0.00541
2026-04-05 07:00:00+00:00,-0.00493
2026-04-05 07:15:00+00:00,-0.00772
2026-04-05 07:30:00+00:00,-0.01008
2026-04-05 07:45:00+00:00,-0.0195
2026-04-05 08:00:00+00:00,-0.02366
2026-04-05 08:15:00+00:00,-0.03001
2026-04-05 08:30:00+00:00,-0.0462
2026-04-05 08:45:00+00:00,-0.06
2026-04-05 09:00:00+00:00,-0.06
2026-04-05 09:15:00+00:00,-0.07
2026-04-05 09:30:00+00:00,-0.074
2026-04-05 09:45:00+00:00,-0.08137
2026-04-05 10:00:00+00:00,-0.07406
2026-04-05 10:15:00+00:00,-0.08481
2026-04-05 10:30:00+00:00,-0.0861
2026-04-05 10:45:00+00:00,-0.09484
2026-04-05 11:00:00+00:00,-0.09952
2026-04-05 11:15:00+00:00,-0.10317
2026-04-05 11:30:00+00:00,-0.11044
2026-04-05 11:45:00+00:00,-0.10757
2026-04-05 12:00:00+00:00,-0.11453
2026-04-05 12:15:00+00:00,-0.10101
2026-04-05 12:30:00+00:00,-0.09378
2026-04-05 12:45:00+00:00,-0.0855
2026-04-05 13:00:00+00:00,-0.08
2026-04-05 13:15:00+00:00,-0.07374
2026-04-05 13:30:00+00:00,-0.06393
2026-04-05 13:45:00+00:00,-0.04996
2026-04-05 14:00:00+00:00,-0.04993
2026-04-05 14:15:00+00:00,-0.03
2026-04-05 14:30:00+00:00,-0.02496
2026-04-05 14:45:00+00:00,-0.01503
2026-04-05 15:00:00+00:00,-0.01499
2026-04-05 15:15:00+00:00,-0.00682
2026-04-05 15:30:00+00:00,-0.00345
2026-04-05 15:45:00+00:00,-0.00109
2026-04-05 16:00:00+00:00,-0.00214
2026-04-05 16:15:00+00:00,-0.00092
2026-04-05 16:30:00+00:00,0.0
2026-04-05 16:45:00+00:00,0.00265
2026-04-05 17:00:00+00:00,0.0045
2026-04-05 17:15:00+00:00,0.01401
2026-04-05 17:30:00+00:00,0.02991
2026-04-05 17:45:00+00:00,0.03175
2026-04-05 18:00:00+00:00,0.02987
2026-04-05 18:15:00+00:00,0.03261
2026-04-05 18:30:00+00:00,0.03472
2026-04-05 18:45:00+00:00,0.0362
2026-04-05 19:00:00+00:00,0.03633
2026-04-05 19:15:00+00:00,0.03307
2026-04-05 19:30:00+00:00,0.0314
2026-04-05 19:45:00+00:00,0.02002
2026-04-05 20:00:00+00:00,0.03572
2026-04-05 20:15:00+00:00,0.03095
2026-04-05 20:30:00+00:00,0.03292
2026-04-05 20:45:00+00:00,0.02192
2026-04-05 21:00:00+00:00,0.03415
2026-04-05 21:15:00+00:00,0.02228
2026-04-05 21:30:00+00:00,0.01296
2026-04-05 21:45:00+00:00,0.0067
2026-04-05 22:00:00+00:00,0.00399
2026-04-05 22:15:00+00:00,0.00395
2026-04-05 22:30:00+00:00,0.00247
2026-04-05 22:45:00+00:00,0.00255
2026-04-05 23:00:00+00:00,0.00318
2026-04-05 23:15:00+00:00,0.00245
2026-04-05 23:30:00+00:00,0.00159
2026-04-05 23:45:00+00:00,0.00072
2026-04-06 00:00:00+00:00,0.00161
2026-04-06 00:15:00+00:00,0.00117
2026-04-06 00:30:00+00:00,0.0009
2026-04-06 00:45:00+00:00,0.00048
2026-04-06 01:00:00+00:00,0.00138
2026-04-06 01:15:00+00:00,0.00134
2026-04-06 01:30:00+00:00,0.00136
2026-04-06 01:45:00+00:00,0.00136
2026-04-06 02:00:00+00:00,0.00066
2026-04-06 02:15:00+00:00,0.00099
2026-04-06 02:30:00+00:00,0.00159
2026-04-06 02:45:00+00:00,0.001
2026-04-06 03:00:00+00:00,0.00249
2026-04-06 03:15:00+00:00,0.0025
2026-04-06 03:30:00+00:00,0.00211
2026-04-06 03:45:00+00:00,0.00134
2026-04-06 04:00:00+00:00,0.00244
2026-04-06 04:15:00+00:00,0.00212
2026-04-06 04:30:00+00:00,0.00207
2026-04-06 04:45:00+00:00,0.00131
2026-04-06 05:00:00+00:00,0.00244
2026-04-06 05:15:00+00:00,0.00156
2026-04-06 05:30:00+00:00,0.00133
2026-04-06 05:45:00+00:00,0.0
2026-04-06 06:00:00+00:00,-1e-05
2026-04-06 06:15:00+00:00,-2e-05
2026-04-06 06:30:00+00:00,-0.00101
2026-04-06 06:45:00+00:00,-0.00273
2026-04-06 07:00:00+00:00,-0.0061
2026-04-06 07:15:00+00:00,-0.00995
2026-04-06 07:30:00+00:00,-0.01336
2026-04-06 07:45:00+00:00,-0.01501
2026-04-06 08:00:00+00:00,-0.01501
2026-04-06 08:15:00+00:00,-0.01998
2026-04-06 08:30:00+00:00,-0.0266
2026-04-06 08:45:00+00:00,-0.04242
2026-04-06 09:00:00+00:00,-0.0417
2026-04-06 09:15:00+00:00,-0.05501
2026-04-06 09:30:00+00:00,-0.06834
2026-04-06 09:45:00+00:00,-0.07399
2026-04-06 10:00:00+00:00,-0.05305
2026-04-06 10:15:00+00:00,-0.08277
2026-04-06 10:30:00+00:00,-0.08742
2026-04-06 10:45:00+00:00,-0.09482
2026-04-06 11:00:00+00:00,-0.10525
2026-04-06 11:15:00+00:00,-0.11616
2026-04-06 11:30:00+00:00,-0.13409
2026-04-06 11:45:00+00:00,-0.14705
2026-04-06 12:00:00+00:00,-0.13689
2026-04-06 12:15:00+00:00,-0.12789
2026-04-06 12:30:00+00:00,-0.12306
2026-04-06 12:45:00+00:00,-0.1063
2026-04-06 13:00:00+00:00,-0.11453
2026-04-06 13:15:00+00:00,-0.09
2026-04-06 13:30:00+00:00,-0.074
2026-04-06 13:45:00+00:00,-0.05994
2026-04-06 14:00:00+00:00,-0.059
2026-04-06 14:15:00+00:00,-0.033
2026-04-06 14:30:00+00:00,-0.01587
2026-04-06 14:45:00+00:00,-0.00701
2026-04-06 15:00:00+00:00,-0.01329
2026-04-06 15:15:00+00:00,-0.00658
2026-04-06 15:30:00+00:00,-0.00333
2026-04-06 15:45:00+00:00,0.00076
2026-04-06 16:00:00+00:00,0.0
2026-04-06 16:15:00+00:00,0.00999
2026-04-06 16:30:00+00:00,0.07331
2026-04-06 16:45:00+00:00,0.1112
2026-04-06 17:00:00+00:00,0.09345
2026-04-06 17:15:00+00:00,0.11002
2026-04-06 17:30:00+00:00,0.11145
2026-04-06 17:45:00+00:00,0.11583
2026-04-06 18:00:00+00:00,0.11757
2026-04-06 18:15:00+00:00,0.11729
2026-04-06 18:30:00+00:00,0.11727
2026-04-06 18:45:00+00:00,0.11189
2026-04-06 19:00:00+00:00,0.11108
2026-04-06 19:15:00+00:00,0.11101
2026-04-06 19:30:00+00:00,0.10859
2026-04-06 19:45:00+00:00,0.10621
2026-04-06 20:00:00+00:00,0.1215
2026-04-06 20:15:00+00:00,0.11735
2026-04-06 20:30:00+00:00,0.11176
2026-04-06 20:45:00+00:00,0.10478
2026-04-06 21:00:00+00:00,0.11659
2026-04-06 21:15:00+00:00,0.11063
2026-04-06 21:30:00+00:00,0.10681
2026-04-06 21:45:00+00:00,0.10119
2026-04-06 22:00:00+00:00,0.10754
2026-04-06 22:15:00+00:00,0.10723
2026-04-06 22:30:00+00:00,0.10719
2026-04-06 22:45:00+00:00,0.10364
2026-04-06 23:00:00+00:00,0.10428
2026-04-06 23:15:00+00:00,0.10174
2026-04-06 23:30:00+00:00,0.10063
2026-04-06 23:45:00+00:00,0.09853
2026-04-07 00:00:00+00:00,0.10244
2026-04-07 00:15:00+00:00,0.10196
2026-04-07 00:30:00+00:00,0.10125
2026-04-07 00:45:00+00:00,0.10094
2026-04-07 01:00:00+00:00,0.10196
2026-04-07 01:15:00+00:00,0.10163
2026-04-07 01:30:00+00:00,0.10224
2026-04-07 01:45:00+00:00,0.10329
2026-04-07 02:00:00+00:00,0.10028
2026-04-07 02:15:00+00:00,0.10331
2026-04-07 02:30:00+00:00,0.1035
2026-04-07 02:45:00+00:00,0.11345
2026-04-07 03:00:00+00:00,0.10939
2026-04-07 03:15:00+00:00,0.10921
2026-04-07 03:30:00+00:00,0.124
2026-04-07 03:45:00+00:00,0.12847
2026-04-07 04:00:00+00:00,0.11859
2026-04-07 04:15:00+00:00,0.13813
2026-04-07 04:30:00+00:00,0.14994
2026-04-07 04:45:00+00:00,0.16899
2026-04-07 05:00:00+00:00,0.21034
2026-04-07 05:15:00+00:00,0.20484
2026-04-07 05:30:00+00:00,0.16923
2026-04-07 05:45:00+00:00,0.12864
2026-04-07 06:00:00+00:00,0.19898
2026-04-07 06:15:00+00:00,0.13787
2026-04-07 06:30:00+00:00,0.10159
2026-04-07 06:45:00+00:00,0.07299
2026-04-07 07:00:00+00:00,0.12873
2026-04-07 07:15:00+00:00,0.08841
2026-04-07 07:30:00+00:00,0.071
2026-04-07 07:45:00+00:00,0.03907
2026-04-07 08:00:00+00:00,0.0693
2026-04-07 08:15:00+00:00,0.02759
2026-04-07 08:30:00+00:00,0.00267
2026-04-07 08:45:00+00:00,-1e-05
2026-04-07 09:00:00+00:00,0.00106
2026-04-07 09:15:00+00:00,0.0
2026-04-07 09:30:00+00:00,-9e-05
2026-04-07 09:45:00+00:00,-0.001
2026-04-07 10:00:00+00:00,-0.0002
2026-04-07 10:15:00+00:00,-0.00199
2026-04-07 10:30:00+00:00,-0.00474
2026-04-07 10:45:00+00:00,-0.00511
2026-04-07 11:00:00+00:00,-0.0061
2026-04-07 11:15:00+00:00,-0.00994
2026-04-07 11:30:00+00:00,-0.01406
2026-04-07 11:45:00+00:00,-0.01505
2026-04-07 12:00:00+00:00,-0.01507
2026-04-07 12:15:00+00:00,-0.01465
2026-04-07 12:30:00+00:00,-0.01009
2026-04-07 12:45:00+00:00,-0.00511
2026-04-07 13:00:00+00:00,-0.01227
2026-04-07 13:15:00+00:00,-0.0043
2026-04-07 13:30:00+00:00,-0.00024
2026-04-07 13:45:00+00:00,-1e-05
2026-04-07 14:00:00+00:00,-0.00142
2026-04-07 14:15:00+00:00,-1e-05
2026-04-07 14:30:00+00:00,1e-05
2026-04-07 14:45:00+00:00,0.01662
2026-04-07 15:00:00+00:00,0.01159
2026-04-07 15:15:00+00:00,0.06985
2026-04-07 15:30:00+00:00,0.10265
2026-04-07 15:45:00+00:00,0.13552
2026-04-07 16:00:00+00:00,0.09125
2026-04-07 16:15:00+00:00,0.12479
2026-04-07 16:30:00+00:00,0.14068
2026-04-07 16:45:00+00:00,0.19526
2026-04-07 17:00:00+00:00,0.14871
2026-04-07 17:15:00+00:00,0.17996
2026-04-07 17:30:00+00:00,0.21859
2026-04-07 17:45:00+00:00,0.22885
2026-04-07 18:00:00+00:00,0.22839
2026-04-07 18:15:00+00:00,0.21351
2026-04-07 18:30:00+00:00,0.17111
2026-04-07 18:45:00+00:00,0.14252
2026-04-07 19:00:00+00:00,0.17255
2026-04-07 19:15:00+00:00,0.14531
2026-04-07 19:30:00+00:00,0.13721
2026-04-07 19:45:00+00:00,0.12094
2026-04-07 20:00:00+00:00,0.1355
2026-04-07 20:15:00+00:00,0.12901
2026-04-07 20:30:00+00:00,0.13055
2026-04-07 20:45:00+00:00,0.12098
2026-04-07 21:00:00+00:00,0.12788
2026-04-07 21:15:00+00:00,0.11772
2026-04-07 21:30:00+00:00,0.11454
2026-04-07 21:45:00+00:00,0.11266
2026-04-07 22:00:00+00:00,0.11557
2026-04-07 22:15:00+00:00,0.10822
2026-04-07 22:30:00+00:00,0.10378
2026-04-07 22:45:00+00:00,0.10111
2026-04-07 23:00:00+00:00,0.10393
2026-04-07 23:15:00+00:00,0.103
2026-04-07 23:30:00+00:00,0.10159
2026-04-07 23:45:00+00:00,0.10032
2026-04-08 00:00:00+00:00,0.10198
2026-04-08 00:15:00+00:00,0.10009
2026-04-08 00:30:00+00:00,0.10037
2026-04-08 00:45:00+00:00,0.10084
2026-04-08 01:00:00+00:00,0.10232
2026-04-08 01:15:00+00:00,0.10238
2026-04-08 01:30:00+00:00,0.10394
2026-04-08 01:45:00+00:00,0.10535
2026-04-08 02:00:00+00:00,0.10232
2026-04-08 02:15:00+00:00,0.10468
2026-04-08 02:30:00+00:00,0.10938
2026-04-08 02:45:00+00:00,0.11367
2026-04-08 03:00:00+00:00,0.10384
2026-04-08 03:15:00+00:00,0.1123
2026-04-08 03:30:00+00:00,0.11789
2026-04-08 03:45:00+00:00,0.13368
2026-04-08 04:00:00+00:00,0.12339
2026-04-08 04:15:00+00:00,0.14124
2026-04-08 04:30:00+00:00,0.16468
2026-04-08 04:45:00+00:00,0.16987
2026-04-08 05:00:00+00:00,0.18679
2026-04-08 05:15:00+00:00,0.18481
2026-04-08 05:30:00+00:00,0.168
2026-04-08 05:45:00+00:00,0.13559
2026-04-08 06:00:00+00:00,0.18594
2026-04-08 06:15:00+00:00,0.14177
2026-04-08 06:30:00+00:00,0.12779
2026-04-08 06:45:00+00:00,0.09853
2026-04-08 07:00:00+00:00,0.13437
2026-04-08 07:15:00+00:00,0.10599
2026-04-08 07:30:00+00:00,0.0875
2026-04-08 07:45:00+00:00,0.06194
2026-04-08 08:00:00+00:00,0.10236
2026-04-08 08:15:00+00:00,0.07599
2026-04-08 08:30:00+00:00,0.02613
2026-04-08 08:45:00+00:00,0.0
2026-04-08 09:00:00+00:00,0.0059
2026-04-08 09:15:00+00:00,-1e-05
2026-04-08 09:30:00+00:00,-0.00109
2026-04-08 09:45:00+00:00,-0.005
2026-04-08 10:00:00+00:00,-0.0053
2026-04-08 10:15:00+00:00,-0.01871
2026-04-08 10:30:00+00:00,-0.02157
2026-04-08 10:45:00+00:00,-0.02973
2026-04-08 11:00:00+00:00,-0.02672
2026-04-08 11:15:00+00:00,-0.03091
2026-04-08 11:30:00+00:00,-0.03356
2026-04-08 11:45:00+00:00,-0.03993
2026-04-08 12:00:00+00:00,-0.034
2026-04-08 12:15:00+00:00,-0.033
2026-04-08 12:30:00+00:00,-0.02999
2026-04-08 12:45:00+00:00,-0.02195
2026-04-08 13:00:00+00:00,-0.02303
2026-04-08 13:15:00+00:00,-0.0181
2026-04-08 13:30:00+00:00,-0.0104
2026-04-08 13:45:00+00:00,-0.00109
2026-04-08 14:00:00+00:00,-0.00589
2026-04-08 14:15:00+00:00,-1e-05
2026-04-08 14:30:00+00:00,0.00136
2026-04-08 14:45:00+00:00,0.05795
2026-04-08 15:00:00+00:00,0.03008
2026-04-08 15:15:00+00:00,0.08564
2026-04-08 15:30:00+00:00,0.11324
2026-04-08 15:45:00+00:00,0.13854
2026-04-08 16:00:00+00:00,0.1099
2026-04-08 16:15:00+00:00,0.12608
2026-04-08 16:30:00+00:00,0.13792
2026-04-08 16:45:00+00:00,0.16309
2026-04-08 17:00:00+00:00,0.14595
2026-04-08 17:15:00+00:00,0.16702
2026-04-08 17:30:00+00:00,0.18167
2026-04-08 17:45:00+00:00,0.18539
2026-04-08 18:00:00+00:00,0.20101
2026-04-08 18:15:00+00:00,0.16356
2026-04-08 18:30:00+00:00,0.14267
2026-04-08 18:45:00+00:00,0.13497
2026-04-08 19:00:00+00:00,0.15493
2026-04-08 19:15:00+00:00,0.14168
2026-04-08 19:30:00+00:00,0.1348
2026-04-08 19:45:00+00:00,0.117
2026-04-08 20:00:00+00:00,0.1273
2026-04-08 20:15:00+00:00,0.12259
2026-04-08 20:30:00+00:00,0.12116
2026-04-08 20:45:00+00:00,0.11452
2026-04-08 21:00:00+00:00,0.11737
2026-04-08 21:15:00+00:00,0.11095
2026-04-08 21:30:00+00:00,0.10775
2026-04-08 21:45:00+00:00,0.10183
2026-04-08 22:00:00+00:00,0.10956
2026-04-08 22:15:00+00:00,0.10554
2026-04-08 22:30:00+00:00,0.10309
2026-04-08 22:45:00+00:00,0.1014
2026-04-08 23:00:00+00:00,0.10187
2026-04-08 23:15:00+00:00,0.10142
2026-04-08 23:30:00+00:00,0.1008
2026-04-08 23:45:00+00:00,0.10032
2026-04-09 00:00:00+00:00,0.10081
2026-04-09 00:15:00+00:00,0.10081
2026-04-09 00:30:00+00:00,0.1012
2026-04-09 00:45:00+00:00,0.10156
2026-04-09 01:00:00+00:00,0.10074
2026-04-09 01:15:00+00:00,0.1015
2026-04-09 01:30:00+00:00,0.10195
2026-04-09 01:45:00+00:00,0.10326
2026-04-09 02:00:00+00:00,0.0998
2026-04-09 02:15:00+00:00,0.1024
2026-04-09 02:30:00+00:00,0.10536
2026-04-09 02:45:00+00:00,0.11284
2026-04-09 03:00:00+00:00,0.10509
2026-04-09 03:15:00+00:00,0.11032
2026-04-09 03:30:00+00:00,0.11961
2026-04-09 03:45:00+00:00,0.12847
2026-04-09 04:00:00+00:00,0.11855
2026-04-09 04:15:00+00:00,0.13163
2026-04-09 04:30:00+00:00,0.1428
2026-04-09 04:45:00+00:00,0.1482
2026-04-09 05:00:00+00:00,0.15625
2026-04-09 05:15:00+00:00,0.15483
2026-04-09 05:30:00+00:00,0.14639
2026-04-09 05:45:00+00:00,0.12893
2026-04-09 06:00:00+00:00,0.15875
2026-04-09 06:15:00+00:00,0.1358
2026-04-09 06:30:00+00:00,0.11969
2026-04-09 06:45:00+00:00,0.09812
2026-04-09 07:00:00+00:00,0.1317
2026-04-09 07:15:00+00:00,0.10858
2026-04-09 07:30:00+00:00,0.08956
2026-04-09 07:45:00+00:00,0.06886
2026-04-09 08:00:00+00:00,0.08844
2026-04-09 08:15:00+00:00,0.07485
2026-04-09 08:30:00+00:00,0.04709
2026-04-09 08:45:00+00:00,0.00961
2026-04-09 09:00:00+00:00,0.00483
2026-04-09 09:15:00+00:00,1e-05
2026-04-09 09:30:00+00:00,0.0
2026-04-09 09:45:00+00:00,-1e-05
2026-04-09 10:00:00+00:00,-1e-05
2026-04-09 10:15:00+00:00,-0.0001
2026-04-09 10:30:00+00:00,-0.00109
2026-04-09 10:45:00+00:00,-0.00292
2026-04-09 11:00:00+00:00,-0.003
2026-04-09 11:15:00+00:00,-0.00516
2026-04-09 11:30:00+00:00,-0.00996
2026-04-09 11:45:00+00:00,-0.01334
2026-04-09 12:00:00+00:00,-0.01025
2026-04-09 12:15:00+00:00,-0.00999
2026-04-09 12:30:00+00:00,-0.00717
2026-04-09 12:45:00+00:00,-0.00514
2026-04-09 13:00:00+00:00,-0.00299
2026-04-09 13:15:00+00:00,-0.0012
2026-04-09 13:30:00+00:00,-0.00093
2026-04-09 13:45:00+00:00,-9e-05
2026-04-09 14:00:00+00:00,-1e-05
2026-04-09 14:15:00+00:00,0.00368
2026-04-09 14:30:00+00:00,0.03341
2026-04-09 14:45:00+00:00,0.07124
2026-04-09 15:00:00+00:00,0.0274
2026-04-09 15:15:00+00:00,0.07785
2026-04-09 15:30:00+00:00,0.10071
2026-04-09 15:45:00+00:00,0.12415
2026-04-09 16:00:00+00:00,0.09066
2026-04-09 16:15:00+00:00,0.11165
2026-04-09 16:30:00+00:00,0.12624
2026-04-09 16:45:00+00:00,0.13287
2026-04-09 17:00:00+00:00,0.12926
2026-04-09 17:15:00+00:00,0.1325
2026-04-09 17:30:00+00:00,0.14354
2026-04-09 17:45:00+00:00,0.14337
2026-04-09 18:00:00+00:00,0.15412
2026-04-09 18:15:00+00:00,0.12949
2026-04-09 18:30:00+00:00,0.11965
2026-04-09 18:45:00+00:00,0.10604
2026-04-09 19:00:00+00:00,0.1319
2026-04-09 19:15:00+00:00,0.12015
2026-04-09 19:30:00+00:00,0.10548
2026-04-09 19:45:00+00:00,0.08627
2026-04-09 20:00:00+00:00,0.10952
2026-04-09 20:15:00+00:00,0.10484
2026-04-09 20:30:00+00:00,0.09823
2026-04-09 20:45:00+00:00,0.08833
2026-04-09 21:00:00+00:00,0.09031
2026-04-09 21:15:00+00:00,0.08551
2026-04-09 21:30:00+00:00,0.07969
2026-04-09 21:45:00+00:00,0.0687
2026-04-09 22:00:00+00:00,0.08557
2026-04-09 22:15:00+00:00,0.0819
2026-04-09 22:30:00+00:00,0.08025
2026-04-09 22:45:00+00:00,0.0798
2026-04-09 23:00:00+00:00,0.081
2026-04-09 23:15:00+00:00,0.07986
2026-04-09 23:30:00+00:00,0.07842
2026-04-09 23:45:00+00:00,0.078
2026-04-10 00:00:00+00:00,0.08111
2026-04-10 00:15:00+00:00,0.07858
2026-04-10 00:30:00+00:00,0.07845
2026-04-10 00:45:00+00:00,0.07718
2026-04-10 01:00:00+00:00,0.07849
2026-04-10 01:15:00+00:00,0.07871
2026-04-10 01:30:00+00:00,0.07894
2026-04-10 01:45:00+00:00,0.07807
2026-04-10 02:00:00+00:00,0.07827
2026-04-10 02:15:00+00:00,0.08058
2026-04-10 02:30:00+00:00,0.08084
2026-04-10 02:45:00+00:00,0.0848
2026-04-10 03:00:00+00:00,0.08192
2026-04-10 03:15:00+00:00,0.08808
2026-04-10 03:30:00+00:00,0.08661
2026-04-10 03:45:00+00:00,0.09846
2026-04-10 04:00:00+00:00,0.08988
2026-04-10 04:15:00+00:00,0.11801
2026-04-10 04:30:00+00:00,0.11662
2026-04-10 04:45:00+00:00,0.12412
2026-04-10 05:00:00+00:00,0.12741
2026-04-10 05:15:00+00:00,0.1292
2026-04-10 05:30:00+00:00,0.12621
2026-04-10 05:45:00+00:00,0.12293
2026-04-10 06:00:00+00:00,0.13229
2026-04-10 06:15:00+00:00,0.1272
2026-04-10 06:30:00+00:00,0.12301
2026-04-10 06:45:00+00:00,0.11014
2026-04-10 07:00:00+00:00,0.13118
2026-04-10 07:15:00+00:00,0.11953
2026-04-10 07:30:00+00:00,0.11711
2026-04-10 07:45:00+00:00,0.10924
2026-04-10 08:00:00+00:00,0.11868
2026-04-10 08:15:00+00:00,0.11078
2026-04-10 08:30:00+00:00,0.111
2026-04-10 08:45:00+00:00,0.0989
2026-04-10 09:00:00+00:00,0.11021
2026-04-10 09:15:00+00:00,0.10257
2026-04-10 09:30:00+00:00,0.10018
2026-04-10 09:45:00+00:00,0.099
2026-04-10 10:00:00+00:00,0.09548
2026-04-10 10:15:00+00:00,0.08848
2026-04-10 10:30:00+00:00,0.09602
2026-04-10 10:45:00+00:00,0.08838
2026-04-10 11:00:00+00:00,0.09611
2026-04-10 11:15:00+00:00,0.08794
2026-04-10 11:30:00+00:00,0.08489
2026-04-10 11:45:00+00:00,0.08681
2026-04-10 12:00:00+00:00,0.08791
2026-04-10 12:15:00+00:00,0.08568
2026-04-10 12:30:00+00:00,0.08806
2026-04-10 12:45:00+00:00,0.08795
2026-04-10 13:00:00+00:00,0.08652
2026-04-10 13:15:00+00:00,0.09404
2026-04-10 13:30:00+00:00,0.09713
2026-04-10 13:45:00+00:00,0.09838
2026-04-10 14:00:00+00:00,0.0946
2026-04-10 14:15:00+00:00,0.10403
2026-04-10 14:30:00+00:00,0.11285
2026-04-10 14:45:00+00:00,0.12364
2026-04-10 15:00:00+00:00,0.1102
2026-04-10 15:15:00+00:00,0.123
2026-04-10 15:30:00+00:00,0.13113
2026-04-10 15:45:00+00:00,0.15608
2026-04-10 16:00:00+00:00,0.1281
2026-04-10 16:15:00+00:00,0.13444
2026-04-10 16:30:00+00:00,0.15401
2026-04-10 16:45:00+00:00,0.20461
2026-04-10 17:00:00+00:00,0.16553
2026-04-10 17:15:00+00:00,0.19317
2026-04-10 17:30:00+00:00,0.23777
2026-04-10 17:45:00+00:00,0.3146
2026-04-10 18:00:00+00:00,0.272
2026-04-10 18:15:00+00:00,0.259
2026-04-10 18:30:00+00:00,0.23953
2026-04-10 18:45:00+00:00,0.20993
2026-04-10 19:00:00+00:00,0.21566
2026-04-10 19:15:00+00:00,0.17703
2026-04-10 19:30:00+00:00,0.167
2026-04-10 19:45:00+00:00,0.14622
2026-04-10 20:00:00+00:00,0.16853
2026-04-10 20:15:00+00:00,0.15251
2026-04-10 20:30:00+00:00,0.14406
2026-04-10 20:45:00+00:00,0.13212
2026-04-10 21:00:00+00:00,0.13788
2026-04-10 21:15:00+00:00,0.1323
2026-04-10 21:30:00+00:00,0.13229
2026-04-10 21:45:00+00:00,0.12537
2026-04-10 22:00:00+00:00,0.14715
2026-04-10 22:15:00+00:00,0.13626
2026-04-10 22:30:00+00:00,0.12936
2026-04-10 22:45:00+00:00,0.12329
2026-04-10 23:00:00+00:00,0.12794
2026-04-10 23:15:00+00:00,0.12391
2026-04-10 23:30:00+00:00,0.11578
2026-04-10 23:45:00+00:00,0.1149
2026-04-11 00:00:00+00:00,0.11662
2026-04-11 00:15:00+00:00,0.11405
2026-04-11 00:30:00+00:00,0.11414
2026-04-11 00:45:00+00:00,0.11272
2026-04-11 01:00:00+00:00,0.11499
2026-04-11 01:15:00+00:00,0.11325
2026-04-11 01:30:00+00:00,0.11232
2026-04-11 01:45:00+00:00,0.10884
2026-04-11 02:00:00+00:00,0.11301
2026-04-11 02:15:00+00:00,0.11206
2026-04-11 02:30:00+00:00,0.11108
2026-04-11 02:45:00+00:00,0.1072
2026-04-11 03:00:00+00:00,0.11176
2026-04-11 03:15:00+00:00,0.10776
2026-04-11 03:30:00+00:00,0.10753
2026-04-11 03:45:00+00:00,0.10639
2026-04-11 04:00:00+00:00,0.10742
2026-04-11 04:15:00+00:00,0.10866
2026-04-11 04:30:00+00:00,0.10846
2026-04-11 04:45:00+00:00,0.10188
2026-04-11 05:00:00+00:00,0.1103
2026-04-11 05:15:00+00:00,0.1057
2026-04-11 05:30:00+00:00,0.09049
2026-04-11 05:45:00+00:00,0.06646
2026-04-11 06:00:00+00:00,0.10362
2026-04-11 06:15:00+00:00,0.08741
2026-04-11 06:30:00+00:00,0.06377
2026-04-11 06:45:00+00:00,0.02364
2026-04-11 07:00:00+00:00,0.05581
2026-04-11 07:15:00+00:00,0.02246
2026-04-11 07:30:00+00:00,0.008
2026-04-11 07:45:00+00:00,1e-05
2026-04-11 08:00:00+00:00,0.00773
2026-04-11 08:15:00+00:00,0.0
2026-04-11 08:30:00+00:00,-0.00101
2026-04-11 08:45:00+00:00,-0.00735
2026-04-11 09:00:00+00:00,-0.001
2026-04-11 09:15:00+00:00,-0.00217
2026-04-11 09:30:00+00:00,-0.00999
2026-04-11 09:45:00+00:00,-0.02007
2026-04-11 10:00:00+00:00,-0.02009
2026-04-11 10:15:00+00:00,-0.03993
2026-04-11 10:30:00+00:00,-0.04274
2026-04-11 10:45:00+00:00,-0.05825
2026-04-11 11:00:00+00:00,-0.07001
2026-04-11 11:15:00+00:00,-0.07474
2026-04-11 11:30:00+00:00,-0.0848
2026-04-11 11:45:00+00:00,-0.09031
2026-04-11 12:00:00+00:00,-0.08201
2026-04-11 12:15:00+00:00,-0.07975
2026-04-11 12:30:00+00:00,-0.07499
2026-04-11 12:45:00+00:00,-0.07379
2026-04-11 13:00:00+00:00,-0.06301
2026-04-11 13:15:00+00:00,-0.0503
2026-04-11 13:30:00+00:00,-0.04
2026-04-11 13:45:00+00:00,-0.03
2026-04-11 14:00:00+00:00,-0.02993
2026-04-11 14:15:00+00:00,-0.015
2026-04-11 14:30:00+00:00,-0.0083
2026-04-11 14:45:00+00:00,-0.00996
2026-04-11 15:00:00+00:00,-0.0041
2026-04-11 15:15:00+00:00,-0.003
2026-04-11 15:30:00+00:00,-0.00055
2026-04-11 15:45:00+00:00,0.00479
2026-04-11 16:00:00+00:00,0.00238
2026-04-11 16:15:00+00:00,0.0371
2026-04-11 16:30:00+00:00,0.06041
2026-04-11 16:45:00+00:00,0.0749
2026-04-11 17:00:00+00:00,0.06811
2026-04-11 17:15:00+00:00,0.07532
2026-04-11 17:30:00+00:00,0.07699
2026-04-11 17:45:00+00:00,0.07485
2026-04-11 18:00:00+00:00,0.08619
2026-04-11 18:15:00+00:00,0.07009
2026-04-11 18:30:00+00:00,0.07495
2026-04-11 18:45:00+00:00,0.06792
2026-04-11 19:00:00+00:00,0.06799
2026-04-11 19:15:00+00:00,0.06694
2026-04-11 19:30:00+00:00,0.063
2026-04-11 19:45:00+00:00,0.063
2026-04-11 20:00:00+00:00,0.06997
2026-04-11 20:15:00+00:00,0.07104
2026-04-11 20:30:00+00:00,0.07051
2026-04-11 20:45:00+00:00,0.06299
2026-04-11 21:00:00+00:00,0.07001
2026-04-11 21:15:00+00:00,0.07005
2026-04-11 21:30:00+00:00,0.06913
2026-04-11 21:45:00+00:00,0.06531
2026-04-11 22:00:00+00:00,0.07001
2026-04-11 22:15:00+00:00,0.07102
2026-04-11 22:30:00+00:00,0.07515
2026-04-11 22:45:00+00:00,0.07391
2026-04-11 23:00:00+00:00,0.0771
2026-04-11 23:15:00+00:00,0.07327
2026-04-11 23:30:00+00:00,0.07621
2026-04-11 23:45:00+00:00,0.07971
2026-04-12 00:00:00+00:00,0.07747
2026-04-12 00:15:00+00:00,0.08011
2026-04-12 00:30:00+00:00,0.08068
2026-04-12 00:45:00+00:00,0.08343
2026-04-12 01:00:00+00:00,0.0824
2026-04-12 01:15:00+00:00,0.08559
2026-04-12 01:30:00+00:00,0.08493
2026-04-12 01:45:00+00:00,0.08812
2026-04-12 02:00:00+00:00,0.09129
2026-04-12 02:15:00+00:00,0.09306
2026-04-12 02:30:00+00:00,0.09618
2026-04-12 02:45:00+00:00,0.09988
2026-04-12 03:00:00+00:00,0.09562
2026-04-12 03:15:00+00:00,0.09934
2026-04-12 03:30:00+00:00,0.09931
2026-04-12 03:45:00+00:00,0.09793
2026-04-12 04:00:00+00:00,0.1016
2026-04-12 04:15:00+00:00,0.10113
2026-04-12 04:30:00+00:00,0.09706
2026-04-12 04:45:00+00:00,0.09501
2026-04-12 05:00:00+00:00,0.10519
2026-04-12 05:15:00+00:00,0.09595
2026-04-12 05:30:00+00:00,0.08919
2026-04-12 05:45:00+00:00,0.08694
2026-04-12 06:00:00+00:00,0.08799
2026-04-12 06:15:00+00:00,0.08128
2026-04-12 06:30:00+00:00,0.07714
2026-04-12 06:45:00+00:00,0.058
2026-04-12 07:00:00+00:00,0.06361
2026-04-12 07:15:00+00:00,0.05698
2026-04-12 07:30:00+00:00,0.04769
2026-04-12 07:45:00+00:00,0.04501
2026-04-12 08:00:00+00:00,0.04972
2026-04-12 08:15:00+00:00,0.02493
2026-04-12 08:30:00+00:00,0.02505
2026-04-12 08:45:00+00:00,0.02123
2026-04-12 09:00:00+00:00,0.02625
2026-04-12 09:15:00+00:00,0.02367
2026-04-12 09:30:00+00:00,0.02079
2026-04-12 09:45:00+00:00,0.01895
2026-04-12 10:00:00+00:00,0.02158
2026-04-12 10:15:00+00:00,0.01625
2026-04-12 10:30:00+00:00,0.015
2026-04-12 10:45:00+00:00,0.00707
2026-04-12 11:00:00+00:00,0.00556
2026-04-12 11:15:00+00:00,0.002
2026-04-12 11:30:00+00:00,0.00018
2026-04-12 11:45:00+00:00,0.00014
2026-04-12 12:00:00+00:00,0.0
2026-04-12 12:15:00+00:00,0.00329
2026-04-12 12:30:00+00:00,0.0081
2026-04-12 12:45:00+00:00,0.00711
2026-04-12 13:00:00+00:00,0.00596
2026-04-12 13:15:00+00:00,0.01004
2026-04-12 13:30:00+00:00,0.01723
2026-04-12 13:45:00+00:00,0.03039
2026-04-12 14:00:00+00:00,0.03309
2026-04-12 14:15:00+00:00,0.06255
2026-04-12 14:30:00+00:00,0.06735
2026-04-12 14:45:00+00:00,0.10721
2026-04-12 15:00:00+00:00,0.06422
2026-04-12 15:15:00+00:00,0.09868
2026-04-12 15:30:00+00:00,0.13284
2026-04-12 15:45:00+00:00,0.14497
2026-04-12 16:00:00+00:00,0.123
2026-04-12 16:15:00+00:00,0.13098
2026-04-12 16:30:00+00:00,0.14014
2026-04-12 16:45:00+00:00,0.14743
2026-04-12 17:00:00+00:00,0.13838
2026-04-12 17:15:00+00:00,0.13736
2026-04-12 17:30:00+00:00,0.14627
2026-04-12 17:45:00+00:00,0.15705
2026-04-12 18:00:00+00:00,0.15082
2026-04-12 18:15:00+00:00,0.14884
2026-04-12 18:30:00+00:00,0.14704
2026-04-12 18:45:00+00:00,0.14051
2026-04-12 19:00:00+00:00,0.14092
2026-04-12 19:15:00+00:00,0.1353
2026-04-12 19:30:00+00:00,0.1373
2026-04-12 19:45:00+00:00,0.13341
2026-04-12 20:00:00+00:00,0.13959
2026-04-12 20:15:00+00:00,0.1347
2026-04-12 20:30:00+00:00,0.12872
2026-04-12 20:45:00+00:00,0.11942
2026-04-12 21:00:00+00:00,0.13505
2026-04-12 21:15:00+00:00,0.11937
2026-04-12 21:30:00+00:00,0.11942
2026-04-12 21:45:00+00:00,0.11023
2026-04-12 22:00:00+00:00,0.12333
2026-04-12 22:15:00+00:00,0.11938
2026-04-12 22:30:00+00:00,0.11346
2026-04-12 22:45:00+00:00,0.11
2026-04-12 23:00:00+00:00,0.11329
2026-04-12 23:15:00+00:00,0.1106
2026-04-12 23:30:00+00:00,0.11
2026-04-12 23:45:00+00:00,0.10529
2026-04-13 00:00:00+00:00,0.1092
2026-04-13 00:15:00+00:00,0.10406
2026-04-13 00:30:00+00:00,0.10832
2026-04-13 00:45:00+00:00,0.10768
2026-04-13 01:00:00+00:00,0.1095
2026-04-13 01:15:00+00:00,0.1069
2026-04-13 01:30:00+00:00,0.10809
2026-04-13 01:45:00+00:00,0.10587
2026-04-13 02:00:00+00:00,0.10916
2026-04-13 02:15:00+00:00,0.10957
2026-04-13 02:30:00+00:00,0.10872
2026-04-13 02:45:00+00:00,0.11263
2026-04-13 03:00:00+00:00,0.11268
2026-04-13 03:15:00+00:00,0.11437
2026-04-13 03:30:00+00:00,0.11944
2026-04-13 03:45:00+00:00,0.1298
2026-04-13 04:00:00+00:00,0.12598
2026-04-13 04:15:00+00:00,0.13537
2026-04-13 04:30:00+00:00,0.14273
2026-04-13 04:45:00+00:00,0.14038
2026-04-13 05:00:00+00:00,0.14596
2026-04-13 05:15:00+00:00,0.14526
2026-04-13 05:30:00+00:00,0.14437
2026-04-13 05:45:00+00:00,0.14489
2026-04-13 06:00:00+00:00,0.218
2026-04-13 06:15:00+00:00,0.17222
2026-04-13 06:30:00+00:00,0.15619
2026-04-13 06:45:00+00:00,0.14911
2026-04-13 07:00:00+00:00,0.19237
2026-04-13 07:15:00+00:00,0.17481
2026-04-13 07:30:00+00:00,0.14578
2026-04-13 07:45:00+00:00,0.1309
2026-04-13 08:00:00+00:00,0.17703
2026-04-13 08:15:00+00:00,0.133
2026-04-13 08:30:00+00:00,0.1264
2026-04-13 08:45:00+00:00,0.11809
2026-04-13 09:00:00+00:00,0.12653
2026-04-13 09:15:00+00:00,0.11281
2026-04-13 09:30:00+00:00,0.11091
2026-04-13 09:45:00+00:00,0.11375
2026-04-13 10:00:00+00:00,0.11282
2026-04-13 10:15:00+00:00,0.10102
2026-04-13 10:30:00+00:00,0.10484
2026-04-13 10:45:00+00:00,0.10026
2026-04-13 11:00:00+00:00,0.09979
2026-04-13 11:15:00+00:00,0.09745
2026-04-13 11:30:00+00:00,0.09704
2026-04-13 11:45:00+00:00,0.09529
2026-04-13 12:00:00+00:00,0.09825
2026-04-13 12:15:00+00:00,0.09931
2026-04-13 12:30:00+00:00,0.1033
2026-04-13 12:45:00+00:00,0.10592
2026-04-13 13:00:00+00:00,0.1004
2026-04-13 13:15:00+00:00,0.10378
2026-04-13 13:30:00+00:00,0.10337
2026-04-13 13:45:00+00:00,0.111
2026-04-13 14:00:00+00:00,0.09793
2026-04-13 14:15:00+00:00,0.10338
2026-04-13 14:30:00+00:00,0.1177
2026-04-13 14:45:00+00:00,0.13938
2026-04-13 15:00:00+00:00,0.10121
2026-04-13 15:15:00+00:00,0.12241
2026-04-13 15:30:00+00:00,0.14089
2026-04-13 15:45:00+00:00,0.157
2026-04-13 16:00:00+00:00,0.13224
2026-04-13 16:15:00+00:00,0.14186
2026-04-13 16:30:00+00:00,0.15017
2026-04-13 16:45:00+00:00,0.16853
2026-04-13 17:00:00+00:00,0.14968
2026-04-13 17:15:00+00:00,0.16283
2026-04-13 17:30:00+00:00,0.16656
2026-04-13 17:45:00+00:00,0.17902
2026-04-13 18:00:00+00:00,0.1656
2026-04-13 18:15:00+00:00,0.16537
2026-04-13 18:30:00+00:00,0.15147
2026-04-13 18:45:00+00:00,0.144
2026-04-13 19:00:00+00:00,0.15242
2026-04-13 19:15:00+00:00,0.1443
2026-04-13 19:30:00+00:00,0.13188
2026-04-13 19:45:00+00:00,0.12759
2026-04-13 20:00:00+00:00,0.13714
2026-04-13 20:15:00+00:00,0.13199
2026-04-13 20:30:00+00:00,0.12796
2026-04-13 20:45:00+00:00,0.12195
2026-04-13 21:00:00+00:00,0.13092
2026-04-13 21:15:00+00:00,0.12436
2026-04-13 21:30:00+00:00,0.122
2026-04-13 21:45:00+00:00,0.11323
2026-04-13 22:00:00+00:00,0.12364
2026-04-13 22:15:00+00:00,0.11621
2026-04-13 22:30:00+00:00,0.11333
2026-04-13 22:45:00+00:00,0.11107
2026-04-13 23:00:00+00:00,0.11356
2026-04-13 23:15:00+00:00,0.11325
2026-04-13 23:30:00+00:00,0.11279
2026-04-13 23:45:00+00:00,0.11506
2026-04-14 00:00:00+00:00,0.1151
2026-04-14 00:15:00+00:00,0.115
2026-04-14 00:30:00+00:00,0.11439
2026-04-14 00:45:00+00:00,0.11547
2026-04-14 01:00:00+00:00,0.1132
2026-04-14 01:15:00+00:00,0.11286
2026-04-14 01:30:00+00:00,0.1138
2026-04-14 01:45:00+00:00,0.11368
2026-04-14 02:00:00+00:00,0.11349
2026-04-14 02:15:00+00:00,0.11455
2026-04-14 02:30:00+00:00,0.11494
2026-04-14 02:45:00+00:00,0.11574
2026-04-14 03:00:00+00:00,0.11427
2026-04-14 03:15:00+00:00,0.11619
2026-04-14 03:30:00+00:00,0.11737
2026-04-14 03:45:00+00:00,0.12476
2026-04-14 04:00:00+00:00,0.11956
2026-04-14 04:15:00+00:00,0.13661
2026-04-14 04:30:00+00:00,0.14253
2026-04-14 04:45:00+00:00,0.15618
2026-04-14 05:00:00+00:00,0.15685
2026-04-14 05:15:00+00:00,0.16782
2026-04-14 05:30:00+00:00,0.17186
2026-04-14 05:45:00+00:00,0.15556
2026-04-14 06:00:00+00:00,0.19618
2026-04-14 06:15:00+00:00,0.1794
2026-04-14 06:30:00+00:00,0.15029
2026-04-14 06:45:00+00:00,0.13211
2026-04-14 07:00:00+00:00,0.17243
2026-04-14 07:15:00+00:00,0.1451
2026-04-14 07:30:00+00:00,0.13998
2026-04-14 07:45:00+00:00,0.11981
2026-04-14 08:00:00+00:00,0.14204
2026-04-14 08:15:00+00:00,0.1299
2026-04-14 08:30:00+00:00,0.12158
2026-04-14 08:45:00+00:00,0.1218
2026-04-14 09:00:00+00:00,0.12014
2026-04-14 09:15:00+00:00,0.11885
2026-04-14 09:30:00+00:00,0.11648
2026-04-14 09:45:00+00:00,0.11386
2026-04-14 10:00:00+00:00,0.11414
2026-04-14 10:15:00+00:00,0.1103
2026-04-14 10:30:00+00:00,0.10784
2026-04-14 10:45:00+00:00,0.10575
2026-04-14 11:00:00+00:00,0.10695
2026-04-14 11:15:00+00:00,0.10583
2026-04-14 11:30:00+00:00,0.10507
2026-04-14 11:45:00+00:00,0.10095
2026-04-14 12:00:00+00:00,0.10087
2026-04-14 12:15:00+00:00,0.10519
2026-04-14 12:30:00+00:00,0.1093
2026-04-14 12:45:00+00:00,0.12028
2026-04-14 13:00:00+00:00,0.10341
2026-04-14 13:15:00+00:00,0.1126
2026-04-14 13:30:00+00:00,0.12
2026-04-14 13:45:00+00:00,0.12626
2026-04-14 14:00:00+00:00,0.11029
2026-04-14 14:15:00+00:00,0.11416
2026-04-14 14:30:00+00:00,0.127
2026-04-14 14:45:00+00:00,0.13533
2026-04-14 15:00:00+00:00,0.11828
2026-04-14 15:15:00+00:00,0.1353
2026-04-14 15:30:00+00:00,0.14621
2026-04-14 15:45:00+00:00,0.14996
2026-04-14 16:00:00+00:00,0.13506
2026-04-14 16:15:00+00:00,0.14896
2026-04-14 16:30:00+00:00,0.16424
2026-04-14 16:45:00+00:00,0.1918
2026-04-14 17:00:00+00:00,0.17374
2026-04-14 17:15:00+00:00,0.19519
2026-04-14 17:30:00+00:00,0.23685
2026-04-14 17:45:00+00:00,0.29323
2026-04-14 18:00:00+00:00,0.26101
2026-04-14 18:15:00+00:00,0.25573
2026-04-14 18:30:00+00:00,0.22548
2026-04-14 18:45:00+00:00,0.19489
2026-04-14 19:00:00+00:00,0.18667
2026-04-14 19:15:00+00:00,0.171
2026-04-14 19:30:00+00:00,0.15641
2026-04-14 19:45:00+00:00,0.14971
2026-04-14 20:00:00+00:00,0.16064
2026-04-14 20:15:00+00:00,0.15206
2026-04-14 20:30:00+00:00,0.14555
2026-04-14 20:45:00+00:00,0.13478
2026-04-14 21:00:00+00:00,0.15001
2026-04-14 21:15:00+00:00,0.13993
2026-04-14 21:30:00+00:00,0.13153
2026-04-14 21:45:00+00:00,0.12001
2026-04-14 22:00:00+00:00,0.12614
2026-04-14 22:15:00+00:00,0.12358
2026-04-14 22:30:00+00:00,0.12
2026-04-14 22:45:00+00:00,0.11668
2026-04-14 23:00:00+00:00,0.1199
2026-04-14 23:15:00+00:00,0.11803
2026-04-14 23:30:00+00:00,0.11489
2026-04-14 23:45:00+00:00,0.11301
2026-04-15 00:00:00+00:00,0.11369
2026-04-15 00:15:00+00:00,0.1127
2026-04-15 00:30:00+00:00,0.11067
2026-04-15 00:45:00+00:00,0.11001
2026-04-15 01:00:00+00:00,0.11
2026-04-15 01:15:00+00:00,0.11002
2026-04-15 01:30:00+00:00,0.11004
2026-04-15 01:45:00+00:00,0.11001
2026-04-15 02:00:00+00:00,0.1101
2026-04-15 02:15:00+00:00,0.10901
2026-04-15 02:30:00+00:00,0.11127
2026-04-15 02:45:00+00:00,0.11299
2026-04-15 03:00:00+00:00,0.11468
2026-04-15 03:15:00+00:00,0.11966
2026-04-15 03:30:00+00:00,0.12488
2026-04-15 03:45:00+00:00,0.1335
2026-04-15 04:00:00+00:00,0.13786
2026-04-15 04:15:00+00:00,0.14747
2026-04-15 04:30:00+00:00,0.15183
2026-04-15 04:45:00+00:00,0.1566
2026-04-15 05:00:00+00:00,0.16692
2026-04-15 05:15:00+00:00,0.16487
2026-04-15 05:30:00+00:00,0.16128
2026-04-15 05:45:00+00:00,0.14514
2026-04-15 06:00:00+00:00,0.1645
2026-04-15 06:15:00+00:00,0.14588
2026-04-15 06:30:00+00:00,0.13577
2026-04-15 06:45:00+00:00,0.11425
2026-04-15 07:00:00+00:00,0.13
2026-04-15 07:15:00+00:00,0.12194
2026-04-15 07:30:00+00:00,0.1101
2026-04-15 07:45:00+00:00,0.10324
2026-04-15 08:00:00+00:00,0.126
2026-04-15 08:15:00+00:00,0.10184
2026-04-15 08:30:00+00:00,0.09431
2026-04-15 08:45:00+00:00,0.08106
2026-04-15 09:00:00+00:00,0.09933
2026-04-15 09:15:00+00:00,0.08492
2026-04-15 09:30:00+00:00,0.07439
2026-04-15 09:45:00+00:00,0.05712
2026-04-15 10:00:00+00:00,0.06962
2026-04-15 10:15:00+00:00,0.06008
2026-04-15 10:30:00+00:00,0.05446
2026-04-15 10:45:00+00:00,0.04911
2026-04-15 11:00:00+00:00,0.05005
2026-04-15 11:15:00+00:00,0.0481
2026-04-15 11:30:00+00:00,0.05044
2026-04-15 11:45:00+00:00,0.05234
2026-04-15 12:00:00+00:00,0.04899
2026-04-15 12:15:00+00:00,0.06105
2026-04-15 12:30:00+00:00,0.07301
2026-04-15 12:45:00+00:00,0.08598
2026-04-15 13:00:00+00:00,0.06553
2026-04-15 13:15:00+00:00,0.07649
2026-04-15 13:30:00+00:00,0.0865
2026-04-15 13:45:00+00:00,0.09745
2026-04-15 14:00:00+00:00,0.08477
2026-04-15 14:15:00+00:00,0.0965
2026-04-15 14:30:00+00:00,0.10464
2026-04-15 14:45:00+00:00,0.11111
2026-04-15 15:00:00+00:00,0.10941
2026-04-15 15:15:00+00:00,0.1184
2026-04-15 15:30:00+00:00,0.13091
2026-04-15 15:45:00+00:00,0.14064
2026-04-15 16:00:00+00:00,0.12712
2026-04-15 16:15:00+00:00,0.135
2026-04-15 16:30:00+00:00,0.14586
2026-04-15 16:45:00+00:00,0.15962
2026-04-15 17:00:00+00:00,0.15813
2026-04-15 17:15:00+00:00,0.16462
2026-04-15 17:30:00+00:00,0.18792
2026-04-15 17:45:00+00:00,0.20965
2026-04-15 18:00:00+00:00,0.20451
2026-04-15 18:15:00+00:00,0.18823
2026-04-15 18:30:00+00:00,0.17822
2026-04-15 18:45:00+00:00,0.15224
2026-04-15 19:00:00+00:00,0.1701
2026-04-15 19:15:00+00:00,0.14958
2026-04-15 19:30:00+00:00,0.14254
2026-04-15 19:45:00+00:00,0.1301
2026-04-15 20:00:00+00:00,0.14294
2026-04-15 20:15:00+00:00,0.13501
2026-04-15 20:30:00+00:00,0.12908
2026-04-15 20:45:00+00:00,0.12371
2026-04-15 21:00:00+00:00,0.13173
2026-04-15 21:15:00+00:00,0.12191
2026-04-15 21:30:00+00:00,0.11317
2026-04-15 21:45:00+00:00,0.10427
2026-04-15 22:00:00+00:00,0.11251
2026-04-15 22:15:00+00:00,0.10871
2026-04-15 22:30:00+00:00,0.10353
2026-04-15 22:45:00+00:00,0.10011
2026-04-15 23:00:00+00:00,0.10462
2026-04-15 23:15:00+00:00,0.10089
2026-04-15 23:30:00+00:00,0.10035
2026-04-15 23:45:00+00:00,0.09973
2026-04-16 00:00:00+00:00,0.09969
2026-04-16 00:15:00+00:00,0.1005
2026-04-16 00:30:00+00:00,0.10008
2026-04-16 00:45:00+00:00,0.09811
2026-04-16 01:00:00+00:00,0.09678
2026-04-16 01:15:00+00:00,0.09825
2026-04-16 01:30:00+00:00,0.09946
2026-04-16 01:45:00+00:00,0.09897
2026-04-16 02:00:00+00:00,0.09672
2026-04-16 02:15:00+00:00,0.09891
2026-04-16 02:30:00+00:00,0.10229
2026-04-16 02:45:00+00:00,0.10569
2026-04-16 03:00:00+00:00,0.09981
2026-04-16 03:15:00+00:00,0.10313
2026-04-16 03:30:00+00:00,0.11295
2026-04-16 03:45:00+00:00,0.12653
2026-04-16 04:00:00+00:00,0.12481
2026-04-16 04:15:00+00:00,0.13592
2026-04-16 04:30:00+00:00,0.14211
2026-04-16 04:45:00+00:00,0.15506
2026-04-16 05:00:00+00:00,0.15073
2026-04-16 05:15:00+00:00,0.15019
2026-04-16 05:30:00+00:00,0.1442
2026-04-16 05:45:00+00:00,0.13497
2026-04-16 06:00:00+00:00,0.15999
2026-04-16 06:15:00+00:00,0.14144
2026-04-16 06:30:00+00:00,0.13036
2026-04-16 06:45:00+00:00,0.10275
2026-04-16 07:00:00+00:00,0.1245
2026-04-16 07:15:00+00:00,0.10999
2026-04-16 07:30:00+00:00,0.10386
2026-04-16 07:45:00+00:00,0.10243
2026-04-16 08:00:00+00:00,0.12093
2026-04-16 08:15:00+00:00,0.105
2026-04-16 08:30:00+00:00,0.09079
2026-04-16 08:45:00+00:00,0.06869
2026-04-16 09:00:00+00:00,0.09673
2026-04-16 09:15:00+00:00,0.085
2026-04-16 09:30:00+00:00,0.06798
2026-04-16 09:45:00+00:00,0.05298
2026-04-16 10:00:00+00:00,0.08098
2026-04-16 10:15:00+00:00,0.06309
2026-04-16 10:30:00+00:00,0.05409
2026-04-16 10:45:00+00:00,0.04389
2026-04-16 11:00:00+00:00,0.05721
2026-04-16 11:15:00+00:00,0.05001
2026-04-16 11:30:00+00:00,0.04194
2026-04-16 11:45:00+00:00,0.03391
2026-04-16 12:00:00+00:00,0.03672
2026-04-16 12:15:00+00:00,0.05001
2026-04-16 12:30:00+00:00,0.06056
2026-04-16 12:45:00+00:00,0.0686
2026-04-16 13:00:00+00:00,0.05279
2026-04-16 13:15:00+00:00,0.06422
2026-04-16 13:30:00+00:00,0.07589
2026-04-16 13:45:00+00:00,0.09058
2026-04-16 14:00:00+00:00,0.06499
2026-04-16 14:15:00+00:00,0.08639
2026-04-16 14:30:00+00:00,0.10056
2026-04-16 14:45:00+00:00,0.10709
2026-04-16 15:00:00+00:00,0.09758
2026-04-16 15:15:00+00:00,0.1063
2026-04-16 15:30:00+00:00,0.11735
2026-04-16 15:45:00+00:00,0.12499
2026-04-16 16:00:00+00:00,0.10528
2026-04-16 16:15:00+00:00,0.12712
2026-04-16 16:30:00+00:00,0.13706
2026-04-16 16:45:00+00:00,0.15512
2026-04-16 17:00:00+00:00,0.13559
2026-04-16 17:15:00+00:00,0.15093
2026-04-16 17:30:00+00:00,0.17526
2026-04-16 17:45:00+00:00,0.20593
2026-04-16 18:00:00+00:00,0.19359
2026-04-16 18:15:00+00:00,0.19609
2026-04-16 18:30:00+00:00,0.18586
2026-04-16 18:45:00+00:00,0.17373
2026-04-16 19:00:00+00:00,0.17482
2026-04-16 19:15:00+00:00,0.16043
2026-04-16 19:30:00+00:00,0.14616
2026-04-16 19:45:00+00:00,0.13863
2026-04-16 20:00:00+00:00,0.15144
2026-04-16 20:15:00+00:00,0.14144
2026-04-16 20:30:00+00:00,0.13558
2026-04-16 20:45:00+00:00,0.12658
2026-04-16 21:00:00+00:00,0.135
2026-04-16 21:15:00+00:00,0.12868
2026-04-16 21:30:00+00:00,0.12585
2026-04-16 21:45:00+00:00,0.11992
2026-04-16 22:00:00+00:00,0.12848
2026-04-16 22:15:00+00:00,0.12341
2026-04-16 22:30:00+00:00,0.11883
2026-04-16 22:45:00+00:00,0.11637
2026-04-16 23:00:00+00:00,0.118
2026-04-16 23:15:00+00:00,0.11734
2026-04-16 23:30:00+00:00,0.11398
2026-04-16 23:45:00+00:00,0.11277
2026-04-17 00:00:00+00:00,0.11304
2026-04-17 00:15:00+00:00,0.11277
2026-04-17 00:30:00+00:00,0.11231
2026-04-17 00:45:00+00:00,0.11201
2026-04-17 01:00:00+00:00,0.10922
2026-04-17 01:15:00+00:00,0.10799
2026-04-17 01:30:00+00:00,0.10847
2026-04-17 01:45:00+00:00,0.10837
2026-04-17 02:00:00+00:00,0.11041
2026-04-17 02:15:00+00:00,0.11026
2026-04-17 02:30:00+00:00,0.11159
2026-04-17 02:45:00+00:00,0.11361
2026-04-17 03:00:00+00:00,0.10853
2026-04-17 03:15:00+00:00,0.11348
2026-04-17 03:30:00+00:00,0.11975
2026-04-17 03:45:00+00:00,0.13901
2026-04-17 04:00:00+00:00,0.13021
2026-04-17 04:15:00+00:00,0.15148
2026-04-17 04:30:00+00:00,0.14959
2026-04-17 04:45:00+00:00,0.15499
2026-04-17 05:00:00+00:00,0.15847
2026-04-17 05:15:00+00:00,0.15193
2026-04-17 05:30:00+00:00,0.14836
2026-04-17 05:45:00+00:00,0.13546
2026-04-17 06:00:00+00:00,0.15538
2026-04-17 06:15:00+00:00,0.13612
2026-04-17 06:30:00+00:00,0.1198
2026-04-17 06:45:00+00:00,0.09733
2026-04-17 07:00:00+00:00,0.12302
2026-04-17 07:15:00+00:00,0.1066
2026-04-17 07:30:00+00:00,0.09368
2026-04-17 07:45:00+00:00,0.08431
2026-04-17 08:00:00+00:00,0.11242
2026-04-17 08:15:00+00:00,0.09853
2026-04-17 08:30:00+00:00,0.09224
2026-04-17 08:45:00+00:00,0.05994
2026-04-17 09:00:00+00:00,0.08993
2026-04-17 09:15:00+00:00,0.07533
2026-04-17 09:30:00+00:00,0.04188
2026-04-17 09:45:00+00:00,0.02438
2026-04-17 10:00:00+00:00,0.04306
2026-04-17 10:15:00+00:00,0.03331
2026-04-17 10:30:00+00:00,0.0251
2026-04-17 10:45:00+00:00,0.02201
2026-04-17 11:00:00+00:00,0.02501
2026-04-17 11:15:00+00:00,0.02507
2026-04-17 11:30:00+00:00,0.02625
2026-04-17 11:45:00+00:00,0.02945
2026-04-17 12:00:00+00:00,0.02008
2026-04-17 12:15:00+00:00,0.0255
2026-04-17 12:30:00+00:00,0.03336
2026-04-17 12:45:00+00:00,0.04655
2026-04-17 13:00:00+00:00,0.02506
2026-04-17 13:15:00+00:00,0.05146
2026-04-17 13:30:00+00:00,0.07441
2026-04-17 13:45:00+00:00,0.08906
2026-04-17 14:00:00+00:00,0.05869
2026-04-17 14:15:00+00:00,0.07831
2026-04-17 14:30:00+00:00,0.08813
2026-04-17 14:45:00+00:00,0.10215
2026-04-17 15:00:00+00:00,0.08773
2026-04-17 15:15:00+00:00,0.09806
2026-04-17 15:30:00+00:00,0.10681
2026-04-17 15:45:00+00:00,0.11664
2026-04-17 16:00:00+00:00,0.11218
2026-04-17 16:15:00+00:00,0.11937
2026-04-17 16:30:00+00:00,0.13538
2026-04-17 16:45:00+00:00,0.14009
2026-04-17 17:00:00+00:00,0.13952
2026-04-17 17:15:00+00:00,0.14698
2026-04-17 17:30:00+00:00,0.15961
2026-04-17 17:45:00+00:00,0.18351
2026-04-17 18:00:00+00:00,0.16818
2026-04-17 18:15:00+00:00,0.16254
2026-04-17 18:30:00+00:00,0.15325
2026-04-17 18:45:00+00:00,0.14448
2026-04-17 19:00:00+00:00,0.1544
2026-04-17 19:15:00+00:00,0.14033
2026-04-17 19:30:00+00:00,0.1354
2026-04-17 19:45:00+00:00,0.1219
2026-04-17 20:00:00+00:00,0.13712
2026-04-17 20:15:00+00:00,0.12574
2026-04-17 20:30:00+00:00,0.11937
2026-04-17 20:45:00+00:00,0.11349
2026-04-17 21:00:00+00:00,0.1168
2026-04-17 21:15:00+00:00,0.11389
2026-04-17 21:30:00+00:00,0.11044
2026-04-17 21:45:00+00:00,0.10971
2026-04-17 22:00:00+00:00,0.12317
2026-04-17 22:15:00+00:00,0.11824
2026-04-17 22:30:00+00:00,0.11287
2026-04-17 22:45:00+00:00,0.1107
2026-04-17 23:00:00+00:00,0.11301
2026-04-17 23:15:00+00:00,0.11174
2026-04-17 23:30:00+00:00,0.11099
2026-04-17 23:45:00+00:00,0.10777
2026-04-18 00:00:00+00:00,0.11021
2026-04-18 00:15:00+00:00,0.10912
2026-04-18 00:30:00+00:00,0.10985
2026-04-18 00:45:00+00:00,0.10947
2026-04-18 01:00:00+00:00,0.10819
2026-04-18 01:15:00+00:00,0.10747
2026-04-18 01:30:00+00:00,0.10741
2026-04-18 01:45:00+00:00,0.10771
2026-04-18 02:00:00+00:00,0.10786
2026-04-18 02:15:00+00:00,0.10851
2026-04-18 02:30:00+00:00,0.10878
2026-04-18 02:45:00+00:00,0.11034
2026-04-18 03:00:00+00:00,0.11046
2026-04-18 03:15:00+00:00,0.11034
2026-04-18 03:30:00+00:00,0.11198
2026-04-18 03:45:00+00:00,0.11084
2026-04-18 04:00:00+00:00,0.112
2026-04-18 04:15:00+00:00,0.11143
2026-04-18 04:30:00+00:00,0.11418
2026-04-18 04:45:00+00:00,0.10571
2026-04-18 05:00:00+00:00,0.10999
2026-04-18 05:15:00+00:00,0.11119
2026-04-18 05:30:00+00:00,0.10758
2026-04-18 05:45:00+00:00,0.09421
2026-04-18 06:00:00+00:00,0.10582
2026-04-18 06:15:00+00:00,0.09928
2026-04-18 06:30:00+00:00,0.08706
2026-04-18 06:45:00+00:00,0.07699
2026-04-18 07:00:00+00:00,0.09523
2026-04-18 07:15:00+00:00,0.08737
2026-04-18 07:30:00+00:00,0.06691
2026-04-18 07:45:00+00:00,0.051
2026-04-18 08:00:00+00:00,0.08105
2026-04-18 08:15:00+00:00,0.03804
2026-04-18 08:30:00+00:00,0.0206
2026-04-18 08:45:00+00:00,0.01858
2026-04-18 09:00:00+00:00,0.01703
2026-04-18 09:15:00+00:00,1e-05
2026-04-18 09:30:00+00:00,-8e-05
2026-04-18 09:45:00+00:00,-0.0012
2026-04-18 10:00:00+00:00,-0.0011
2026-04-18 10:15:00+00:00,-0.00293
2026-04-18 10:30:00+00:00,-0.00449
2026-04-18 10:45:00+00:00,-0.00501
2026-04-18 11:00:00+00:00,-0.00551
2026-04-18 11:15:00+00:00,-0.0051
2026-04-18 11:30:00+00:00,-0.00314
2026-04-18 11:45:00+00:00,-0.00257
2026-04-18 12:00:00+00:00,-0.00202
2026-04-18 12:15:00+00:00,-4e-05
2026-04-18 12:30:00+00:00,0.00023
2026-04-18 12:45:00+00:00,0.00143
2026-04-18 13:00:00+00:00,0.0103
2026-04-18 13:15:00+00:00,0.01546
2026-04-18 13:30:00+00:00,0.02446
2026-04-18 13:45:00+00:00,0.02537
2026-04-18 14:00:00+00:00,0.01573
2026-04-18 14:15:00+00:00,0.03201
2026-04-18 14:30:00+00:00,0.05821
2026-04-18 14:45:00+00:00,0.0736
2026-04-18 15:00:00+00:00,0.05765
2026-04-18 15:15:00+00:00,0.08625
2026-04-18 15:30:00+00:00,0.10238
2026-04-18 15:45:00+00:00,0.11694
2026-04-18 16:00:00+00:00,0.10631
2026-04-18 16:15:00+00:00,0.115
2026-04-18 16:30:00+00:00,0.12708
2026-04-18 16:45:00+00:00,0.12999
2026-04-18 17:00:00+00:00,0.116
2026-04-18 17:15:00+00:00,0.12901
2026-04-18 17:30:00+00:00,0.13839
2026-04-18 17:45:00+00:00,0.14276
2026-04-18 18:00:00+00:00,0.14295
2026-04-18 18:15:00+00:00,0.14671
2026-04-18 18:30:00+00:00,0.14689
2026-04-18 18:45:00+00:00,0.14301
2026-04-18 19:00:00+00:00,0.15043
2026-04-18 19:15:00+00:00,0.14146
2026-04-18 19:30:00+00:00,0.13553
2026-04-18 19:45:00+00:00,0.13376
2026-04-18 20:00:00+00:00,0.13438
2026-04-18 20:15:00+00:00,0.13377
2026-04-18 20:30:00+00:00,0.12828
2026-04-18 20:45:00+00:00,0.12354
2026-04-18 21:00:00+00:00,0.13325
2026-04-18 21:15:00+00:00,0.12553
2026-04-18 21:30:00+00:00,0.12296
2026-04-18 21:45:00+00:00,0.11826
2026-04-18 22:00:00+00:00,0.12378
2026-04-18 22:15:00+00:00,0.11706
2026-04-18 22:30:00+00:00,0.11348
2026-04-18 22:45:00+00:00,0.11192
2026-04-18 23:00:00+00:00,0.11232
2026-04-18 23:15:00+00:00,0.10994
2026-04-18 23:30:00+00:00,0.10975
2026-04-18 23:45:00+00:00,0.10779
2026-04-19 00:00:00+00:00,0.11168
2026-04-19 00:15:00+00:00,0.10998
2026-04-19 00:30:00+00:00,0.10886
2026-04-19 00:45:00+00:00,0.1063
2026-04-19 01:00:00+00:00,0.10836
2026-04-19 01:15:00+00:00,0.10647
2026-04-19 01:30:00+00:00,0.10546
2026-04-19 01:45:00+00:00,0.105
2026-04-19 02:00:00+00:00,0.10554
2026-04-19 02:15:00+00:00,0.10542
2026-04-19 02:30:00+00:00,0.10544
2026-04-19 02:45:00+00:00,0.10526
2026-04-19 03:00:00+00:00,0.1062
2026-04-19 03:15:00+00:00,0.10651
2026-04-19 03:30:00+00:00,0.10654
2026-04-19 03:45:00+00:00,0.10695
2026-04-19 04:00:00+00:00,0.10588
2026-04-19 04:15:00+00:00,0.10535
2026-04-19 04:30:00+00:00,0.105
2026-04-19 04:45:00+00:00,0.1029
2026-04-19 05:00:00+00:00,0.10469
2026-04-19 05:15:00+00:00,0.10044
2026-04-19 05:30:00+00:00,0.09607
2026-04-19 05:45:00+00:00,0.09893
2026-04-19 06:00:00+00:00,0.10415
2026-04-19 06:15:00+00:00,0.10002
2026-04-19 06:30:00+00:00,0.09235
2026-04-19 06:45:00+00:00,0.09
2026-04-19 07:00:00+00:00,0.09927
2026-04-19 07:15:00+00:00,0.09495
2026-04-19 07:30:00+00:00,0.09515
2026-04-19 07:45:00+00:00,0.086
2026-04-19 08:00:00+00:00,0.09099
2026-04-19 08:15:00+00:00,0.07759
2026-04-19 08:30:00+00:00,0.06759
2026-04-19 08:45:00+00:00,0.04937
2026-04-19 09:00:00+00:00,0.049
2026-04-19 09:15:00+00:00,0.04223
2026-04-19 09:30:00+00:00,0.02538
2026-04-19 09:45:00+00:00,0.01133
2026-04-19 10:00:00+00:00,0.022
2026-04-19 10:15:00+00:00,0.00095
2026-04-19 10:30:00+00:00,0.0
2026-04-19 10:45:00+00:00,-1e-05
2026-04-19 11:00:00+00:00,0.0
2026-04-19 11:15:00+00:00,-9e-05
2026-04-19 11:30:00+00:00,-0.0012
2026-04-19 11:45:00+00:00,-0.0021
2026-04-19 12:00:00+00:00,-0.0021
2026-04-19 12:15:00+00:00,-0.00249
2026-04-19 12:30:00+00:00,-0.00304
2026-04-19 12:45:00+00:00,-0.00439
2026-04-19 13:00:00+00:00,-0.00321
2026-04-19 13:15:00+00:00,-0.0028
2026-04-19 13:30:00+00:00,-0.00201
2026-04-19 13:45:00+00:00,-0.001
2026-04-19 14:00:00+00:00,-0.00064
2026-04-19 14:15:00+00:00,-1e-05
2026-04-19 14:30:00+00:00,0.01373
2026-04-19 14:45:00+00:00,0.051
2026-04-19 15:00:00+00:00,0.02824
2026-04-19 15:15:00+00:00,0.06781
2026-04-19 15:30:00+00:00,0.08919
2026-04-19 15:45:00+00:00,0.10979
2026-04-19 16:00:00+00:00,0.08535
2026-04-19 16:15:00+00:00,0.09752
2026-04-19 16:30:00+00:00,0.11005
2026-04-19 16:45:00+00:00,0.1225
2026-04-19 17:00:00+00:00,0.11071
2026-04-19 17:15:00+00:00,0.11586
2026-04-19 17:30:00+00:00,0.11906
2026-04-19 17:45:00+00:00,0.12378
2026-04-19 18:00:00+00:00,0.1232
2026-04-19 18:15:00+00:00,0.12447
2026-04-19 18:30:00+00:00,0.12633
2026-04-19 18:45:00+00:00,0.12245
2026-04-19 19:00:00+00:00,0.12968
2026-04-19 19:15:00+00:00,0.12148
2026-04-19 19:30:00+00:00,0.11912
2026-04-19 19:45:00+00:00,0.11591
2026-04-19 20:00:00+00:00,0.12419
2026-04-19 20:15:00+00:00,0.12008
2026-04-19 20:30:00+00:00,0.11933
2026-04-19 20:45:00+00:00,0.11385
2026-04-19 21:00:00+00:00,0.11561
2026-04-19 21:15:00+00:00,0.11197
2026-04-19 21:30:00+00:00,0.11059
2026-04-19 21:45:00+00:00,0.10676
2026-04-19 22:00:00+00:00,0.11522
2026-04-19 22:15:00+00:00,0.10659
2026-04-19 22:30:00+00:00,0.10355
2026-04-19 22:45:00+00:00,0.09987
2026-04-19 23:00:00+00:00,0.1049
2026-04-19 23:15:00+00:00,0.1027
2026-04-19 23:30:00+00:00,0.1021
2026-04-19 23:45:00+00:00,0.09475
2026-04-20 00:00:00+00:00,0.1028
2026-04-20 00:15:00+00:00,0.09729
2026-04-20 00:30:00+00:00,0.099
2026-04-20 00:45:00+00:00,0.09696
2026-04-20 01:00:00+00:00,0.0985
2026-04-20 01:15:00+00:00,0.09729
2026-04-20 01:30:00+00:00,0.09921
2026-04-20 01:45:00+00:00,0.10116
2026-04-20 02:00:00+00:00,0.09846
2026-04-20 02:15:00+00:00,0.10132
2026-04-20 02:30:00+00:00,0.10226
2026-04-20 02:45:00+00:00,0.10717
2026-04-20 03:00:00+00:00,0.10037
2026-04-20 03:15:00+00:00,0.10607
2026-04-20 03:30:00+00:00,0.11409
2026-04-20 03:45:00+00:00,0.12587
2026-04-20 04:00:00+00:00,0.11638
2026-04-20 04:15:00+00:00,0.12912
2026-04-20 04:30:00+00:00,0.13683
2026-04-20 04:45:00+00:00,0.13521
2026-04-20 05:00:00+00:00,0.14734
2026-04-20 05:15:00+00:00,0.151
2026-04-20 05:30:00+00:00,0.14453
2026-04-20 05:45:00+00:00,0.12596
2026-04-20 06:00:00+00:00,0.16393
2026-04-20 06:15:00+00:00,0.13518
2026-04-20 06:30:00+00:00,0.12408
2026-04-20 06:45:00+00:00,0.11409
2026-04-20 07:00:00+00:00,0.14198
2026-04-20 07:15:00+00:00,0.11794
2026-04-20 07:30:00+00:00,0.10231
2026-04-20 07:45:00+00:00,0.07783
2026-04-20 08:00:00+00:00,0.11122
2026-04-20 08:15:00+00:00,0.08564
2026-04-20 08:30:00+00:00,0.08942
2026-04-20 08:45:00+00:00,0.07451
2026-04-20 09:00:00+00:00,0.09057
2026-04-20 09:15:00+00:00,0.08236
2026-04-20 09:30:00+00:00,0.07371
2026-04-20 09:45:00+00:00,0.05691
2026-04-20 10:00:00+00:00,0.07364
2026-04-20 10:15:00+00:00,0.05171
2026-04-20 10:30:00+00:00,0.04513
2026-04-20 10:45:00+00:00,0.03425
2026-04-20 11:00:00+00:00,0.04714
2026-04-20 11:15:00+00:00,0.03657
2026-04-20 11:30:00+00:00,0.02673
2026-04-20 11:45:00+00:00,0.01994
2026-04-20 12:00:00+00:00,0.02018
2026-04-20 12:15:00+00:00,0.0274
2026-04-20 12:30:00+00:00,0.02869
2026-04-20 12:45:00+00:00,0.04201
2026-04-20 13:00:00+00:00,0.02478
2026-04-20 13:15:00+00:00,0.03684
2026-04-20 13:30:00+00:00,0.05328
2026-04-20 13:45:00+00:00,0.071
2026-04-20 14:00:00+00:00,0.06261
2026-04-20 14:15:00+00:00,0.07717
2026-04-20 14:30:00+00:00,0.08188
2026-04-20 14:45:00+00:00,0.09164
2026-04-20 15:00:00+00:00,0.08159
2026-04-20 15:15:00+00:00,0.08773
2026-04-20 15:30:00+00:00,0.10176
2026-04-20 15:45:00+00:00,0.1179
2026-04-20 16:00:00+00:00,0.09921
2026-04-20 16:15:00+00:00,0.11277
2026-04-20 16:30:00+00:00,0.11806
2026-04-20 16:45:00+00:00,0.1216
2026-04-20 17:00:00+00:00,0.11848
2026-04-20 17:15:00+00:00,0.12243
2026-04-20 17:30:00+00:00,0.12501
2026-04-20 17:45:00+00:00,0.12771
2026-04-20 18:00:00+00:00,0.12909
2026-04-20 18:15:00+00:00,0.12772
2026-04-20 18:30:00+00:00,0.12691
2026-04-20 18:45:00+00:00,0.125
2026-04-20 19:00:00+00:00,0.13004
2026-04-20 19:15:00+00:00,0.12291
2026-04-20 19:30:00+00:00,0.11965
2026-04-20 19:45:00+00:00,0.11516
2026-04-20 20:00:00+00:00,0.1231
2026-04-20 20:15:00+00:00,0.11757
2026-04-20 20:30:00+00:00,0.11612
2026-04-20 20:45:00+00:00,0.1071
2026-04-20 21:00:00+00:00,0.11507
2026-04-20 21:15:00+00:00,0.10749
2026-04-20 21:30:00+00:00,0.10544
2026-04-20 21:45:00+00:00,0.09917
2026-04-20 22:00:00+00:00,0.10159
2026-04-20 22:15:00+00:00,0.09982
2026-04-20 22:30:00+00:00,0.0986
2026-04-20 22:45:00+00:00,0.09599
2026-04-20 23:00:00+00:00,0.10057
2026-04-20 23:15:00+00:00,0.09842
2026-04-20 23:30:00+00:00,0.09828
2026-04-20 23:45:00+00:00,0.0973
2026-04-21 00:00:00+00:00,0.09809
2026-04-21 00:15:00+00:00,0.09792
2026-04-21 00:30:00+00:00,0.09874
2026-04-21 00:45:00+00:00,0.09874
2026-04-21 01:00:00+00:00,0.09751
2026-04-21 01:15:00+00:00,0.09838
2026-04-21 01:30:00+00:00,0.0987
2026-04-21 01:45:00+00:00,0.10171
2026-04-21 02:00:00+00:00,0.09764
2026-04-21 02:15:00+00:00,0.09855
2026-04-21 02:30:00+00:00,0.10105
2026-04-21 02:45:00+00:00,0.10352
2026-04-21 03:00:00+00:00,0.10003
2026-04-21 03:15:00+00:00,0.1036
2026-04-21 03:30:00+00:00,0.11169
2026-04-21 03:45:00+00:00,0.11847
2026-04-21 04:00:00+00:00,0.11671
2026-04-21 04:15:00+00:00,0.12737
2026-04-21 04:30:00+00:00,0.12993
2026-04-21 04:45:00+00:00,0.13433
2026-04-21 05:00:00+00:00,0.14479
2026-04-21 05:15:00+00:00,0.14461
2026-04-21 05:30:00+00:00,0.13353
2026-04-21 05:45:00+00:00,0.11838
2026-04-21 06:00:00+00:00,0.14114
2026-04-21 06:15:00+00:00,0.12412
2026-04-21 06:30:00+00:00,0.11507
2026-04-21 06:45:00+00:00,0.09546
2026-04-21 07:00:00+00:00,0.13144
2026-04-21 07:15:00+00:00,0.111
2026-04-21 07:30:00+00:00,0.08583
2026-04-21 07:45:00+00:00,0.06095
2026-04-21 08:00:00+00:00,0.0877
2026-04-21 08:15:00+00:00,0.08053
2026-04-21 08:30:00+00:00,0.0541
2026-04-21 08:45:00+00:00,0.01725
2026-04-21 09:00:00+00:00,0.04402
2026-04-21 09:15:00+00:00,0.02401
2026-04-21 09:30:00+00:00,0.01038
2026-04-21 09:45:00+00:00,0.0
2026-04-21 10:00:00+00:00,0.0
2026-04-21 10:15:00+00:00,0.0
2026-04-21 10:30:00+00:00,-4e-05
2026-04-21 10:45:00+00:00,-0.00035
2026-04-21 11:00:00+00:00,-0.001
2026-04-21 11:15:00+00:00,-0.00101
2026-04-21 11:30:00+00:00,-0.00191
2026-04-21 11:45:00+00:00,-0.00309
2026-04-21 12:00:00+00:00,-0.00511
2026-04-21 12:15:00+00:00,-0.00389
2026-04-21 12:30:00+00:00,-0.00348
2026-04-21 12:45:00+00:00,-0.00232
2026-04-21 13:00:00+00:00,-0.0051
2026-04-21 13:15:00+00:00,-0.00136
2026-04-21 13:30:00+00:00,-0.0009
2026-04-21 13:45:00+00:00,-9e-05
2026-04-21 14:00:00+00:00,-8e-05
2026-04-21 14:15:00+00:00,0.0
2026-04-21 14:30:00+00:00,0.01396
2026-04-21 14:45:00+00:00,0.04426
2026-04-21 15:00:00+00:00,0.0274
2026-04-21 15:15:00+00:00,0.06123
2026-04-21 15:30:00+00:00,0.08642
2026-04-21 15:45:00+00:00,0.10427
2026-04-21 16:00:00+00:00,0.08405
2026-04-21 16:15:00+00:00,0.09527
2026-04-21 16:30:00+00:00,0.10997
2026-04-21 16:45:00+00:00,0.12129
2026-04-21 17:00:00+00:00,0.11768
2026-04-21 17:15:00+00:00,0.12672
2026-04-21 17:30:00+00:00,0.13771
2026-04-21 17:45:00+00:00,0.15433
2026-04-21 18:00:00+00:00,0.1505
2026-04-21 18:15:00+00:00,0.15127
2026-04-21 18:30:00+00:00,0.14498
2026-04-21 18:45:00+00:00,0.13235
2026-04-21 19:00:00+00:00,0.14772
2026-04-21 19:15:00+00:00,0.13123
2026-04-21 19:30:00+00:00,0.12266
2026-04-21 19:45:00+00:00,0.11687
2026-04-21 20:00:00+00:00,0.12799
2026-04-21 20:15:00+00:00,0.12229
2026-04-21 20:30:00+00:00,0.11803
2026-04-21 20:45:00+00:00,0.11107
2026-04-21 21:00:00+00:00,0.11801
2026-04-21 21:15:00+00:00,0.11501
2026-04-21 21:30:00+00:00,0.11098
2026-04-21 21:45:00+00:00,0.10349
2026-04-21 22:00:00+00:00,0.11094
2026-04-21 22:15:00+00:00,0.10855
2026-04-21 22:30:00+00:00,0.10612
2026-04-21 22:45:00+00:00,0.10277
2026-04-21 23:00:00+00:00,0.10608
2026-04-21 23:15:00+00:00,0.10407
2026-04-21 23:30:00+00:00,0.10385
2026-04-21 23:45:00+00:00,0.10244
2026-04-22 00:00:00+00:00,0.1074
2026-04-22 00:15:00+00:00,0.10393
2026-04-22 00:30:00+00:00,0.10302
2026-04-22 00:45:00+00:00,0.10245
2026-04-22 01:00:00+00:00,0.10353
2026-04-22 01:15:00+00:00,0.10372
2026-04-22 01:30:00+00:00,0.10548
2026-04-22 01:45:00+00:00,0.10666
2026-04-22 02:00:00+00:00,0.10413
2026-04-22 02:15:00+00:00,0.10753
2026-04-22 02:30:00+00:00,0.11023
2026-04-22 02:45:00+00:00,0.11688
2026-04-22 03:00:00+00:00,0.10736
2026-04-22 03:15:00+00:00,0.11601
2026-04-22 03:30:00+00:00,0.1234
2026-04-22 03:45:00+00:00,0.13816
2026-04-22 04:00:00+00:00,0.1256
2026-04-22 04:15:00+00:00,0.13793
2026-04-22 04:30:00+00:00,0.14519
2026-04-22 04:45:00+00:00,0.15065
2026-04-22 05:00:00+00:00,0.15498
2026-04-22 05:15:00+00:00,0.14322
2026-04-22 05:30:00+00:00,0.1301
2026-04-22 05:45:00+00:00,0.11089
2026-04-22 06:00:00+00:00,0.14046
2026-04-22 06:15:00+00:00,0.12558
2026-04-22 06:30:00+00:00,0.11601
2026-04-22 06:45:00+00:00,0.07341
2026-04-22 07:00:00+00:00,0.12386
2026-04-22 07:15:00+00:00,0.09887
2026-04-22 07:30:00+00:00,0.06889
2026-04-22 07:45:00+00:00,0.0266
2026-04-22 08:00:00+00:00,0.06572
2026-04-22 08:15:00+00:00,0.01733
2026-04-22 08:30:00+00:00,0.0
2026-04-22 08:45:00+00:00,-0.00243
2026-04-22 09:00:00+00:00,-0.00036
2026-04-22 09:15:00+00:00,-0.00098
2026-04-22 09:30:00+00:00,-0.00117
2026-04-22 09:45:00+00:00,-0.00717
2026-04-22 10:00:00+00:00,-0.00388
2026-04-22 10:15:00+00:00,-0.00751
2026-04-22 10:30:00+00:00,-0.00949
2026-04-22 10:45:00+00:00,-0.01445
2026-04-22 11:00:00+00:00,-0.015
2026-04-22 11:15:00+00:00,-0.01838
2026-04-22 11:30:00+00:00,-0.025
2026-04-22 11:45:00+00:00,-0.02556
2026-04-22 12:00:00+00:00,-0.02836
2026-04-22 12:15:00+00:00,-0.02233
2026-04-22 12:30:00+00:00,-0.01499
2026-04-22 12:45:00+00:00,-0.01032
2026-04-22 13:00:00+00:00,-0.00983
2026-04-22 13:15:00+00:00,-0.006
2026-04-22 13:30:00+00:00,-0.00246
2026-04-22 13:45:00+00:00,-0.00139
2026-04-22 14:00:00+00:00,-0.00147
2026-04-22 14:15:00+00:00,-0.002
2026-04-22 14:30:00+00:00,-6e-05
2026-04-22 14:45:00+00:00,0.00349
2026-04-22 15:00:00+00:00,0.00432
2026-04-22 15:15:00+00:00,0.02937
2026-04-22 15:30:00+00:00,0.0823
2026-04-22 15:45:00+00:00,0.11363
2026-04-22 16:00:00+00:00,0.07516
2026-04-22 16:15:00+00:00,0.09465
2026-04-22 16:30:00+00:00,0.11846
2026-04-22 16:45:00+00:00,0.13292
2026-04-22 17:00:00+00:00,0.11294
2026-04-22 17:15:00+00:00,0.1271
2026-04-22 17:30:00+00:00,0.14292
2026-04-22 17:45:00+00:00,0.17751
2026-04-22 18:00:00+00:00,0.16766
2026-04-22 18:15:00+00:00,0.15778
2026-04-22 18:30:00+00:00,0.15588
2026-04-22 18:45:00+00:00,0.13432
2026-04-22 19:00:00+00:00,0.15001
2026-04-22 19:15:00+00:00,0.12674
2026-04-22 19:30:00+00:00,0.1223
2026-04-22 19:45:00+00:00,0.11499
2026-04-22 20:00:00+00:00,0.12579
2026-04-22 20:15:00+00:00,0.11745
2026-04-22 20:30:00+00:00,0.11048
2026-04-22 20:45:00+00:00,0.10408
2026-04-22 21:00:00+00:00,0.10947
2026-04-22 21:15:00+00:00,0.10714
2026-04-22 21:30:00+00:00,0.10377
2026-04-22 21:45:00+00:00,0.09993
2026-04-22 22:00:00+00:00,0.10345
2026-04-22 22:15:00+00:00,0.10144
2026-04-22 22:30:00+00:00,0.0995
2026-04-22 22:45:00+00:00,0.09617
2026-04-22 23:00:00+00:00,0.10061
2026-04-22 23:15:00+00:00,0.0984
2026-04-22 23:30:00+00:00,0.09699
2026-04-22 23:45:00+00:00,0.0945
2026-04-23 00:00:00+00:00,0.09779
2026-04-23 00:15:00+00:00,0.09646
2026-04-23 00:30:00+00:00,0.09632
2026-04-23 00:45:00+00:00,0.09637
2026-04-23 01:00:00+00:00,0.09661
2026-04-23 01:15:00+00:00,0.09601
2026-04-23 01:30:00+00:00,0.0961
2026-04-23 01:45:00+00:00,0.09611
2026-04-23 02:00:00+00:00,0.09298
2026-04-23 02:15:00+00:00,0.09554
2026-04-23 02:30:00+00:00,0.09638
2026-04-23 02:45:00+00:00,0.0985
2026-04-23 03:00:00+00:00,0.09789
2026-04-23 03:15:00+00:00,0.10097
2026-04-23 03:30:00+00:00,0.10678
2026-04-23 03:45:00+00:00,0.111
2026-04-23 04:00:00+00:00,0.11362
2026-04-23 04:15:00+00:00,0.11943
2026-04-23 04:30:00+00:00,0.12189
2026-04-23 04:45:00+00:00,0.12106
2026-04-23 05:00:00+00:00,0.12839
2026-04-23 05:15:00+00:00,0.1219
2026-04-23 05:30:00+00:00,0.12062
2026-04-23 05:45:00+00:00,0.10669
2026-04-23 06:00:00+00:00,0.13158
2026-04-23 06:15:00+00:00,0.12669
2026-04-23 06:30:00+00:00,0.10998
2026-04-23 06:45:00+00:00,0.07054
2026-04-23 07:00:00+00:00,0.11759
2026-04-23 07:15:00+00:00,0.07937
2026-04-23 07:30:00+00:00,0.05091
2026-04-23 07:45:00+00:00,0.0053
2026-04-23 08:00:00+00:00,0.0005
2026-04-23 08:15:00+00:00,-9e-05
2026-04-23 08:30:00+00:00,-0.001
2026-04-23 08:45:00+00:00,-0.00166
2026-04-23 09:00:00+00:00,-0.00184
2026-04-23 09:15:00+00:00,-0.00353
2026-04-23 09:30:00+00:00,-0.00758
2026-04-23 09:45:00+00:00,-0.01175
2026-04-23 10:00:00+00:00,-0.01399
2026-04-23 10:15:00+00:00,-0.02394
2026-04-23 10:30:00+00:00,-0.03219
2026-04-23 10:45:00+00:00,-0.04591
2026-04-23 11:00:00+00:00,-0.03998
2026-04-23 11:15:00+00:00,-0.04972
2026-04-23 11:30:00+00:00,-0.05159
2026-04-23 11:45:00+00:00,-0.05695
2026-04-23 12:00:00+00:00,-0.05632
2026-04-23 12:15:00+00:00,-0.05101
2026-04-23 12:30:00+00:00,-0.04814
2026-04-23 12:45:00+00:00,-0.03998
2026-04-23 13:00:00+00:00,-0.039
2026-04-23 13:15:00+00:00,-0.02846
2026-04-23 13:30:00+00:00,-0.01499
2026-04-23 13:45:00+00:00,-0.00911
2026-04-23 14:00:00+00:00,-0.00653
2026-04-23 14:15:00+00:00,-0.00109
2026-04-23 14:30:00+00:00,-0.0001
2026-04-23 14:45:00+00:00,0.0
2026-04-23 15:00:00+00:00,-5e-05
2026-04-23 15:15:00+00:00,9e-05
2026-04-23 15:30:00+00:00,0.00735
2026-04-23 15:45:00+00:00,0.08048
2026-04-23 16:00:00+00:00,0.04757
2026-04-23 16:15:00+00:00,0.084
2026-04-23 16:30:00+00:00,0.11181
2026-04-23 16:45:00+00:00,0.13091
2026-04-23 17:00:00+00:00,0.10521
2026-04-23 17:15:00+00:00,0.11627
2026-04-23 17:30:00+00:00,0.1274
2026-04-23 17:45:00+00:00,0.13712
2026-04-23 18:00:00+00:00,0.14491
2026-04-23 18:15:00+00:00,0.14112
2026-04-23 18:30:00+00:00,0.13603
2026-04-23 18:45:00+00:00,0.12576
2026-04-23 19:00:00+00:00,0.12539
2026-04-23 19:15:00+00:00,0.11875
2026-04-23 19:30:00+00:00,0.11399
2026-04-23 19:45:00+00:00,0.10702
2026-04-23 20:00:00+00:00,0.11346
2026-04-23 20:15:00+00:00,0.11037
2026-04-23 20:30:00+00:00,0.10798
2026-04-23 20:45:00+00:00,0.10113
2026-04-23 21:00:00+00:00,0.10464
2026-04-23 21:15:00+00:00,0.09977
2026-04-23 21:30:00+00:00,0.09888
2026-04-23 21:45:00+00:00,0.09454
2026-04-23 22:00:00+00:00,0.11103
2026-04-23 22:15:00+00:00,0.10127
2026-04-23 22:30:00+00:00,0.09827
2026-04-23 22:45:00+00:00,0.09925
2026-04-23 23:00:00+00:00,0.10139
2026-04-23 23:15:00+00:00,0.09996
2026-04-23 23:30:00+00:00,0.09965
2026-04-23 23:45:00+00:00,0.09952
2026-04-24 00:00:00+00:00,0.1017
2026-04-24 00:15:00+00:00,0.10045
2026-04-24 00:30:00+00:00,0.10036
2026-04-24 00:45:00+00:00,0.10033
2026-04-24 01:00:00+00:00,0.10057
2026-04-24 01:15:00+00:00,0.10138
2026-04-24 01:30:00+00:00,0.10228
2026-04-24 01:45:00+00:00,0.10253
2026-04-24 02:00:00+00:00,0.10215
2026-04-24 02:15:00+00:00,0.1042
2026-04-24 02:30:00+00:00,0.10678
2026-04-24 02:45:00+00:00,0.1083
2026-04-24 03:00:00+00:00,0.10495
2026-04-24 03:15:00+00:00,0.11109
2026-04-24 03:30:00+00:00,0.12139
2026-04-24 03:45:00+00:00,0.12779
2026-04-24 04:00:00+00:00,0.12518
2026-04-24 04:15:00+00:00,0.13335
2026-04-24 04:30:00+00:00,0.13358
2026-04-24 04:45:00+00:00,0.13538
2026-04-24 05:00:00+00:00,0.14944
2026-04-24 05:15:00+00:00,0.14282
2026-04-24 05:30:00+00:00,0.13596
2026-04-24 05:45:00+00:00,0.12373
2026-04-24 06:00:00+00:00,0.15495
2026-04-24 06:15:00+00:00,0.1261
2026-04-24 06:30:00+00:00,0.1132
2026-04-24 06:45:00+00:00,0.07649
2026-04-24 07:00:00+00:00,0.12829
2026-04-24 07:15:00+00:00,0.08277
2026-04-24 07:30:00+00:00,0.06838
2026-04-24 07:45:00+00:00,0.04418
2026-04-24 08:00:00+00:00,0.05969
2026-04-24 08:15:00+00:00,0.01737
2026-04-24 08:30:00+00:00,0.00123
2026-04-24 08:45:00+00:00,0.0
2026-04-24 09:00:00+00:00,9e-05
2026-04-24 09:15:00+00:00,0.0
2026-04-24 09:30:00+00:00,-3e-05
2026-04-24 09:45:00+00:00,-0.0002
2026-04-24 10:00:00+00:00,-0.0015
2026-04-24 10:15:00+00:00,-0.00451
2026-04-24 10:30:00+00:00,-0.00705
2026-04-24 10:45:00+00:00,-0.01457
2026-04-24 11:00:00+00:00,-0.015
2026-04-24 11:15:00+00:00,-0.02006
2026-04-24 11:30:00+00:00,-0.03
2026-04-24 11:45:00+00:00,-0.0395
2026-04-24 12:00:00+00:00,-0.03269
2026-04-24 12:15:00+00:00,-0.03126
2026-04-24 12:30:00+00:00,-0.03
2026-04-24 12:45:00+00:00,-0.02606
2026-04-24 13:00:00+00:00,-0.02673
2026-04-24 13:15:00+00:00,-0.01968
2026-04-24 13:30:00+00:00,-0.01281
2026-04-24 13:45:00+00:00,-0.007
2026-04-24 14:00:00+00:00,-0.00543
2026-04-24 14:15:00+00:00,-0.00101
2026-04-24 14:30:00+00:00,-2e-05
2026-04-24 14:45:00+00:00,1e-05
2026-04-24 15:00:00+00:00,0.0
2026-04-24 15:15:00+00:00,0.0173
2026-04-24 15:30:00+00:00,0.07933
2026-04-24 15:45:00+00:00,0.107
2026-04-24 16:00:00+00:00,0.05802
2026-04-24 16:15:00+00:00,0.09613
2026-04-24 16:30:00+00:00,0.11906
2026-04-24 16:45:00+00:00,0.14606
2026-04-24 17:00:00+00:00,0.10798
2026-04-24 17:15:00+00:00,0.12355
2026-04-24 17:30:00+00:00,0.1335
2026-04-24 17:45:00+00:00,0.17021
2026-04-24 18:00:00+00:00,0.14151
2026-04-24 18:15:00+00:00,0.13603
2026-04-24 18:30:00+00:00,0.14106
2026-04-24 18:45:00+00:00,0.13076
2026-04-24 19:00:00+00:00,0.16325
2026-04-24 19:15:00+00:00,0.12956
2026-04-24 19:30:00+00:00,0.12201
2026-04-24 19:45:00+00:00,0.10928
2026-04-24 20:00:00+00:00,0.12986
2026-04-24 20:15:00+00:00,0.12491
2026-04-24 20:30:00+00:00,0.12072
2026-04-24 20:45:00+00:00,0.11202
2026-04-24 21:00:00+00:00,0.11796
2026-04-24 21:15:00+00:00,0.1148
2026-04-24 21:30:00+00:00,0.11192
2026-04-24 21:45:00+00:00,0.10909
2026-04-24 22:00:00+00:00,0.10672
2026-04-24 22:15:00+00:00,0.09905
2026-04-24 22:30:00+00:00,0.10015
2026-04-24 22:45:00+00:00,0.09658
2026-04-24 23:00:00+00:00,0.0982
2026-04-24 23:15:00+00:00,0.09463
2026-04-24 23:30:00+00:00,0.09546
2026-04-24 23:45:00+00:00,0.09387
2026-04-25 00:00:00+00:00,0.09795
2026-04-25 00:15:00+00:00,0.09619
2026-04-25 00:30:00+00:00,0.09322
2026-04-25 00:45:00+00:00,0.09312
2026-04-25 01:00:00+00:00,0.09771
2026-04-25 01:15:00+00:00,0.09481
2026-04-25 01:30:00+00:00,0.09496
2026-04-25 01:45:00+00:00,0.09315
2026-04-25 02:00:00+00:00,0.08835
2026-04-25 02:15:00+00:00,0.08791
2026-04-25 02:30:00+00:00,0.0887
2026-04-25 02:45:00+00:00,0.08887
2026-04-25 03:00:00+00:00,0.08878
2026-04-25 03:15:00+00:00,0.08818
2026-04-25 03:30:00+00:00,0.08943
2026-04-25 03:45:00+00:00,0.08573
2026-04-25 04:00:00+00:00,0.08986
2026-04-25 04:15:00+00:00,0.09087
2026-04-25 04:30:00+00:00,0.086
2026-04-25 04:45:00+00:00,0.066
2026-04-25 05:00:00+00:00,0.09507
2026-04-25 05:15:00+00:00,0.08864
2026-04-25 05:30:00+00:00,0.06581
2026-04-25 05:45:00+00:00,0.03593
2026-04-25 06:00:00+00:00,0.05887
2026-04-25 06:15:00+00:00,0.01707
2026-04-25 06:30:00+00:00,0.0041
2026-04-25 06:45:00+00:00,0.0001
2026-04-25 07:00:00+00:00,0.0002
2026-04-25 07:15:00+00:00,-1e-05
2026-04-25 07:30:00+00:00,-1e-05
2026-04-25 07:45:00+00:00,-0.00035
2026-04-25 08:00:00+00:00,-8e-05
2026-04-25 08:15:00+00:00,-0.00202
2026-04-25 08:30:00+00:00,-0.007
2026-04-25 08:45:00+00:00,-0.01998
2026-04-25 09:00:00+00:00,-0.01503
2026-04-25 09:15:00+00:00,-0.03
2026-04-25 09:30:00+00:00,-0.05143
2026-04-25 09:45:00+00:00,-0.07211
2026-04-25 10:00:00+00:00,-0.07029
2026-04-25 10:15:00+00:00,-0.08998
2026-04-25 10:30:00+00:00,-0.10994
2026-04-25 10:45:00+00:00,-0.13184
2026-04-25 11:00:00+00:00,-0.13006
2026-04-25 11:15:00+00:00,-0.18357
2026-04-25 11:30:00+00:00,-0.19044
2026-04-25 11:45:00+00:00,-0.2017
2026-04-25 12:00:00+00:00,-0.19584
2026-04-25 12:15:00+00:00,-0.19353
2026-04-25 12:30:00+00:00,-0.19092
2026-04-25 12:45:00+00:00,-0.18317
2026-04-25 13:00:00+00:00,-0.16695
2026-04-25 13:15:00+00:00,-0.15401
2026-04-25 13:30:00+00:00,-0.12045
2026-04-25 13:45:00+00:00,-0.0938
2026-04-25 14:00:00+00:00,-0.09374
2026-04-25 14:15:00+00:00,-0.06716
2026-04-25 14:30:00+00:00,-0.039
2026-04-25 14:45:00+00:00,-0.016
2026-04-25 15:00:00+00:00,-0.015
2026-04-25 15:15:00+00:00,-0.00493
2026-04-25 15:30:00+00:00,-0.001
2026-04-25 15:45:00+00:00,-5e-05
2026-04-25 16:00:00+00:00,-0.00103
2026-04-25 16:15:00+00:00,-1e-05
2026-04-25 16:30:00+00:00,0.00248
2026-04-25 16:45:00+00:00,0.01702
2026-04-25 17:00:00+00:00,0.03895
2026-04-25 17:15:00+00:00,0.0628
2026-04-25 17:30:00+00:00,0.07332
2026-04-25 17:45:00+00:00,0.08572
2026-04-25 18:00:00+00:00,0.07547
2026-04-25 18:15:00+00:00,0.07754
2026-04-25 18:30:00+00:00,0.07601
2026-04-25 18:45:00+00:00,0.07266
2026-04-25 19:00:00+00:00,0.08186
2026-04-25 19:15:00+00:00,0.07633
2026-04-25 19:30:00+00:00,0.06976
2026-04-25 19:45:00+00:00,0.06007
2026-04-25 20:00:00+00:00,0.07988
2026-04-25 20:15:00+00:00,0.07315
2026-04-25 20:30:00+00:00,0.07224
2026-04-25 20:45:00+00:00,0.06544
2026-04-25 21:00:00+00:00,0.0728
2026-04-25 21:15:00+00:00,0.06571
2026-04-25 21:30:00+00:00,0.07189
2026-04-25 21:45:00+00:00,0.06952
2026-04-25 22:00:00+00:00,0.07831
2026-04-25 22:15:00+00:00,0.07649
2026-04-25 22:30:00+00:00,0.08045
2026-04-25 22:45:00+00:00,0.08251
2026-04-25 23:00:00+00:00,0.08139
2026-04-25 23:15:00+00:00,0.08155
2026-04-25 23:30:00+00:00,0.08543
2026-04-25 23:45:00+00:00,0.08601
2026-04-26 00:00:00+00:00,0.08535
2026-04-26 00:15:00+00:00,0.08574
2026-04-26 00:30:00+00:00,0.08825
2026-04-26 00:45:00+00:00,0.08906
2026-04-26 01:00:00+00:00,0.08793
2026-04-26 01:15:00+00:00,0.08937
2026-04-26 01:30:00+00:00,0.09127
2026-04-26 01:45:00+00:00,0.09338
2026-04-26 02:00:00+00:00,0.08847
2026-04-26 02:15:00+00:00,0.09115
2026-04-26 02:30:00+00:00,0.09827
2026-04-26 02:45:00+00:00,0.09872
2026-04-26 03:00:00+00:00,0.09422
2026-04-26 03:15:00+00:00,0.09949
2026-04-26 03:30:00+00:00,0.0999
2026-04-26 03:45:00+00:00,0.10095
2026-04-26 04:00:00+00:00,0.0971
2026-04-26 04:15:00+00:00,0.0972
2026-04-26 04:30:00+00:00,0.09404
2026-04-26 04:45:00+00:00,0.0884
2026-04-26 05:00:00+00:00,0.09225
2026-04-26 05:15:00+00:00,0.08822
2026-04-26 05:30:00+00:00,0.08316
2026-04-26 05:45:00+00:00,0.06898
2026-04-26 06:00:00+00:00,0.08885
2026-04-26 06:15:00+00:00,0.073
2026-04-26 06:30:00+00:00,0.04572
2026-04-26 06:45:00+00:00,0.00968
2026-04-26 07:00:00+00:00,0.00491
2026-04-26 07:15:00+00:00,-9e-05
2026-04-26 07:30:00+00:00,-0.00081
2026-04-26 07:45:00+00:00,-0.00405
2026-04-26 08:00:00+00:00,-0.00501
2026-04-26 08:15:00+00:00,-0.01964
2026-04-26 08:30:00+00:00,-0.038
2026-04-26 08:45:00+00:00,-0.05009
2026-04-26 09:00:00+00:00,-0.072
2026-04-26 09:15:00+00:00,-0.08699
2026-04-26 09:30:00+00:00,-0.13711
2026-04-26 09:45:00+00:00,-0.21336
2026-04-26 10:00:00+00:00,-0.21354
2026-04-26 10:15:00+00:00,-0.24777
2026-04-26 10:30:00+00:00,-0.25617
2026-04-26 10:45:00+00:00,-0.32236
2026-04-26 11:00:00+00:00,-0.36035
2026-04-26 11:15:00+00:00,-0.37609
2026-04-26 11:30:00+00:00,-0.45135
2026-04-26 11:45:00+00:00,-0.46729
2026-04-26 12:00:00+00:00,-0.48001
2026-04-26 12:15:00+00:00,-0.45112
2026-04-26 12:30:00+00:00,-0.39282
2026-04-26 12:45:00+00:00,-0.32903
2026-04-26 13:00:00+00:00,-0.3211
2026-04-26 13:15:00+00:00,-0.27653
2026-04-26 13:30:00+00:00,-0.22599
2026-04-26 13:45:00+00:00,-0.11995
2026-04-26 14:00:00+00:00,-0.08922
2026-04-26 14:15:00+00:00,-0.04499
2026-04-26 14:30:00+00:00,-0.012
2026-04-26 14:45:00+00:00,-0.00301
2026-04-26 15:00:00+00:00,-0.0021
2026-04-26 15:15:00+00:00,-0.00013
2026-04-26 15:30:00+00:00,0.00039
2026-04-26 15:45:00+00:00,0.04655
2026-04-26 16:00:00+00:00,0.04267
2026-04-26 16:15:00+00:00,0.10092
2026-04-26 16:30:00+00:00,0.14426
2026-04-26 16:45:00+00:00,0.16454
2026-04-26 17:00:00+00:00,0.11489
2026-04-26 17:15:00+00:00,0.13234
2026-04-26 17:30:00+00:00,0.16464
2026-04-26 17:45:00+00:00,0.18928
2026-04-26 18:00:00+00:00,0.15198
2026-04-26 18:15:00+00:00,0.16101
2026-04-26 18:30:00+00:00,0.16623
2026-04-26 18:45:00+00:00,0.15204
2026-04-26 19:00:00+00:00,0.15
2026-04-26 19:15:00+00:00,0.14246
2026-04-26 19:30:00+00:00,0.13688
2026-04-26 19:45:00+00:00,0.13327
2026-04-26 20:00:00+00:00,0.13398
2026-04-26 20:15:00+00:00,0.12996
2026-04-26 20:30:00+00:00,0.12391
2026-04-26 20:45:00+00:00,0.11778
2026-04-26 21:00:00+00:00,0.12486
2026-04-26 21:15:00+00:00,0.12756
2026-04-26 21:30:00+00:00,0.12108
2026-04-26 21:45:00+00:00,0.118
2026-04-26 22:00:00+00:00,0.12591
2026-04-26 22:15:00+00:00,0.1198
2026-04-26 22:30:00+00:00,0.11538
2026-04-26 22:45:00+00:00,0.1127
2026-04-26 23:00:00+00:00,0.11448
2026-04-26 23:15:00+00:00,0.11359
2026-04-26 23:30:00+00:00,0.11231
2026-04-26 23:45:00+00:00,0.11174
2026-04-27 00:00:00+00:00,0.11301
2026-04-27 00:15:00+00:00,0.11271
2026-04-27 00:30:00+00:00,0.11271
2026-04-27 00:45:00+00:00,0.11241
2026-04-27 01:00:00+00:00,0.11297
2026-04-27 01:15:00+00:00,0.11214
2026-04-27 01:30:00+00:00,0.11267
2026-04-27 01:45:00+00:00,0.11352
2026-04-27 02:00:00+00:00,0.11271
2026-04-27 02:15:00+00:00,0.11392
2026-04-27 02:30:00+00:00,0.11687
2026-04-27 02:45:00+00:00,0.12346
2026-04-27 03:00:00+00:00,0.1167
2026-04-27 03:15:00+00:00,0.124
2026-04-27 03:30:00+00:00,0.12979
2026-04-27 03:45:00+00:00,0.13218
2026-04-27 04:00:00+00:00,0.1501
2026-04-27 04:15:00+00:00,0.1664
2026-04-27 04:30:00+00:00,0.16998
2026-04-27 04:45:00+00:00,0.17579
2026-04-27 05:00:00+00:00,0.18521
2026-04-27 05:15:00+00:00,0.17127
2026-04-27 05:30:00+00:00,0.14341
2026-04-27 05:45:00+00:00,0.11487
2026-04-27 06:00:00+00:00,0.1738
2026-04-27 06:15:00+00:00,0.13501
2026-04-27 06:30:00+00:00,0.10938
2026-04-27 06:45:00+00:00,0.088
2026-04-27 07:00:00+00:00,0.12498
2026-04-27 07:15:00+00:00,0.09927
2026-04-27 07:30:00+00:00,0.08662
2026-04-27 07:45:00+00:00,0.05924
2026-04-27 08:00:00+00:00,0.09267
2026-04-27 08:15:00+00:00,0.0679
2026-04-27 08:30:00+00:00,0.05247
2026-04-27 08:45:00+00:00,0.02353
2026-04-27 09:00:00+00:00,0.01659
2026-04-27 09:15:00+00:00,0.0
2026-04-27 09:30:00+00:00,-1e-05
2026-04-27 09:45:00+00:00,-2e-05
2026-04-27 10:00:00+00:00,-1e-05
2026-04-27 10:15:00+00:00,-5e-05
2026-04-27 10:30:00+00:00,-0.0001
2026-04-27 10:45:00+00:00,-0.00023
2026-04-27 11:00:00+00:00,-0.0005
2026-04-27 11:15:00+00:00,-0.00082
2026-04-27 11:30:00+00:00,-0.001
2026-04-27 11:45:00+00:00,-0.001
2026-04-27 12:00:00+00:00,-0.0005
2026-04-27 12:15:00+00:00,-0.0001
2026-04-27 12:30:00+00:00,-5e-05
2026-04-27 12:45:00+00:00,0.0
2026-04-27 13:00:00+00:00,-1e-05
2026-04-27 13:15:00+00:00,0.0
2026-04-27 13:30:00+00:00,1e-05
2026-04-27 13:45:00+00:00,0.02057
2026-04-27 14:00:00+00:00,0.01866
2026-04-27 14:15:00+00:00,0.05361
2026-04-27 14:30:00+00:00,0.08862
2026-04-27 14:45:00+00:00,0.11377
2026-04-27 15:00:00+00:00,0.06825
2026-04-27 15:15:00+00:00,0.10518
2026-04-27 15:30:00+00:00,0.12355
2026-04-27 15:45:00+00:00,0.13176
2026-04-27 16:00:00+00:00,0.10905
2026-04-27 16:15:00+00:00,0.12374
2026-04-27 16:30:00+00:00,0.13933
2026-04-27 16:45:00+00:00,0.14729
2026-04-27 17:00:00+00:00,0.13291
2026-04-27 17:15:00+00:00,0.15654
2026-04-27 17:30:00+00:00,0.17542
2026-04-27 17:45:00+00:00,0.22433
2026-04-27 18:00:00+00:00,0.21755
2026-04-27 18:15:00+00:00,0.20514
2026-04-27 18:30:00+00:00,0.17938
2026-04-27 18:45:00+00:00,0.1504
2026-04-27 19:00:00+00:00,0.19394
2026-04-27 19:15:00+00:00,0.1509
2026-04-27 19:30:00+00:00,0.129
2026-04-27 19:45:00+00:00,0.12
2026-04-27 20:00:00+00:00,0.13837
2026-04-27 20:15:00+00:00,0.13002
2026-04-27 20:30:00+00:00,0.12283
2026-04-27 20:45:00+00:00,0.11137
2026-04-27 21:00:00+00:00,0.12474
2026-04-27 21:15:00+00:00,0.11745
2026-04-27 21:30:00+00:00,0.11154
2026-04-27 21:45:00+00:00,0.10708
2026-04-27 22:00:00+00:00,0.11992
2026-04-27 22:15:00+00:00,0.11369
2026-04-27 22:30:00+00:00,0.10991
2026-04-27 22:45:00+00:00,0.10712
2026-04-27 23:00:00+00:00,0.11083
2026-04-27 23:15:00+00:00,0.10761
2026-04-27 23:30:00+00:00,0.10626
2026-04-27 23:45:00+00:00,0.10291
2026-04-28 00:00:00+00:00,0.10402
2026-04-28 00:15:00+00:00,0.10251
2026-04-28 00:30:00+00:00,0.10264
2026-04-28 00:45:00+00:00,0.10275
2026-04-28 01:00:00+00:00,0.10236
2026-04-28 01:15:00+00:00,0.10208
2026-04-28 01:30:00+00:00,0.10295
2026-04-28 01:45:00+00:00,0.10393
2026-04-28 02:00:00+00:00,0.10273
2026-04-28 02:15:00+00:00,0.10347
2026-04-28 02:30:00+00:00,0.10552
2026-04-28 02:45:00+00:00,0.10939
2026-04-28 03:00:00+00:00,0.10455
2026-04-28 03:15:00+00:00,0.10924
2026-04-28 03:30:00+00:00,0.1152
2026-04-28 03:45:00+00:00,0.11835
2026-04-28 04:00:00+00:00,0.11879
2026-04-28 04:15:00+00:00,0.1214
2026-04-28 04:30:00+00:00,0.12489
2026-04-28 04:45:00+00:00,0.12332
2026-04-28 05:00:00+00:00,0.13429
2026-04-28 05:15:00+00:00,0.12694
2026-04-28 05:30:00+00:00,0.1164
2026-04-28 05:45:00+00:00,0.10809
2026-04-28 06:00:00+00:00,0.12891
2026-04-28 06:15:00+00:00,0.12107
2026-04-28 06:30:00+00:00,0.10971
2026-04-28 06:45:00+00:00,0.08957
2026-04-28 07:00:00+00:00,0.113
2026-04-28 07:15:00+00:00,0.09701
2026-04-28 07:30:00+00:00,0.07007
2026-04-28 07:45:00+00:00,0.03903
2026-04-28 08:00:00+00:00,0.06865
2026-04-28 08:15:00+00:00,0.02319
2026-04-28 08:30:00+00:00,-7e-05
2026-04-28 08:45:00+00:00,-0.00451
2026-04-28 09:00:00+00:00,5e-05
2026-04-28 09:15:00+00:00,-0.0004
2026-04-28 09:30:00+00:00,-0.001
2026-04-28 09:45:00+00:00,-0.00299
2026-04-28 10:00:00+00:00,-0.00639
2026-04-28 10:15:00+00:00,-0.0107
2026-04-28 10:30:00+00:00,-0.0171
2026-04-28 10:45:00+00:00,-0.02198
2026-04-28 11:00:00+00:00,-0.02209
2026-04-28 11:15:00+00:00,-0.02845
2026-04-28 11:30:00+00:00,-0.02999
2026-04-28 11:45:00+00:00,-0.03547
2026-04-28 12:00:00+00:00,-0.03294
2026-04-28 12:15:00+00:00,-0.03
2026-04-28 12:30:00+00:00,-0.02863
2026-04-28 12:45:00+00:00,-0.02446
2026-04-28 13:00:00+00:00,-0.02609
2026-04-28 13:15:00+00:00,-0.02
2026-04-28 13:30:00+00:00,-0.01501
2026-04-28 13:45:00+00:00,-0.00822
2026-04-28 14:00:00+00:00,-0.01249
2026-04-28 14:15:00+00:00,-0.00511
2026-04-28 14:30:00+00:00,-0.00102
2026-04-28 14:45:00+00:00,0.0
2026-04-28 15:00:00+00:00,-5e-05
2026-04-28 15:15:00+00:00,0.00581
2026-04-28 15:30:00+00:00,0.0456
2026-04-28 15:45:00+00:00,0.0819
2026-04-28 16:00:00+00:00,0.05865
2026-04-28 16:15:00+00:00,0.07939
2026-04-28 16:30:00+00:00,0.10536
2026-04-28 16:45:00+00:00,0.117
2026-04-28 17:00:00+00:00,0.10522
2026-04-28 17:15:00+00:00,0.1152
2026-04-28 17:30:00+00:00,0.12018
2026-04-28 17:45:00+00:00,0.129
2026-04-28 18:00:00+00:00,0.12401
2026-04-28 18:15:00+00:00,0.12006
2026-04-28 18:30:00+00:00,0.12107
2026-04-28 18:45:00+00:00,0.11875
2026-04-28 19:00:00+00:00,0.11987
2026-04-28 19:15:00+00:00,0.11891
2026-04-28 19:30:00+00:00,0.11548
2026-04-28 19:45:00+00:00,0.10905
2026-04-28 20:00:00+00:00,0.11802
2026-04-28 20:15:00+00:00,0.11241
2026-04-28 20:30:00+00:00,0.1105
2026-04-28 20:45:00+00:00,0.10425
2026-04-28 21:00:00+00:00,0.10712
2026-04-28 21:15:00+00:00,0.10204
2026-04-28 21:30:00+00:00,0.10041
2026-04-28 21:45:00+00:00,0.09751
2026-04-28 22:00:00+00:00,0.10196
2026-04-28 22:15:00+00:00,0.09838
2026-04-28 22:30:00+00:00,0.09746
2026-04-28 22:45:00+00:00,0.09503
2026-04-28 23:00:00+00:00,0.09782
2026-04-28 23:15:00+00:00,0.09632
2026-04-28 23:30:00+00:00,0.0967
2026-04-28 23:45:00+00:00,0.09606
2026-04-29 00:00:00+00:00,0.09783
2026-04-29 00:15:00+00:00,0.09754
2026-04-29 00:30:00+00:00,0.09844
2026-04-29 00:45:00+00:00,0.09786
2026-04-29 01:00:00+00:00,0.09759
2026-04-29 01:15:00+00:00,0.09803
2026-04-29 01:30:00+00:00,0.09871
2026-04-29 01:45:00+00:00,0.09978
2026-04-29 02:00:00+00:00,0.09868
2026-04-29 02:15:00+00:00,0.0998
2026-04-29 02:30:00+00:00,0.10079
2026-04-29 02:45:00+00:00,0.10333
2026-04-29 03:00:00+00:00,0.10207
2026-04-29 03:15:00+00:00,0.10504
2026-04-29 03:30:00+00:00,0.10971
2026-04-29 03:45:00+00:00,0.1148
2026-04-29 04:00:00+00:00,0.12158
2026-04-29 04:15:00+00:00,0.13793
2026-04-29 04:30:00+00:00,0.14984
2026-04-29 04:45:00+00:00,0.14984
2026-04-29 05:00:00+00:00,0.153
2026-04-29 05:15:00+00:00,0.13017
2026-04-29 05:30:00+00:00,0.1192
2026-04-29 05:45:00+00:00,0.10502
2026-04-29 06:00:00+00:00,0.13459
2026-04-29 06:15:00+00:00,0.12046
2026-04-29 06:30:00+00:00,0.10515
2026-04-29 06:45:00+00:00,0.08926
2026-04-29 07:00:00+00:00,0.11775
2026-04-29 07:15:00+00:00,0.09695
2026-04-29 07:30:00+00:00,0.05054
2026-04-29 07:45:00+00:00,0.00044
2026-04-29 08:00:00+00:00,0.0108
2026-04-29 08:15:00+00:00,-2e-05
2026-04-29 08:30:00+00:00,-0.00428
2026-04-29 08:45:00+00:00,-0.01081
2026-04-29 09:00:00+00:00,-0.00752
2026-04-29 09:15:00+00:00,-0.00799
2026-04-29 09:30:00+00:00,-0.0107
2026-04-29 09:45:00+00:00,-0.02006
2026-04-29 10:00:00+00:00,-0.02
2026-04-29 10:15:00+00:00,-0.03
2026-04-29 10:30:00+00:00,-0.03606
2026-04-29 10:45:00+00:00,-0.049
2026-04-29 11:00:00+00:00,-0.04995
2026-04-29 11:15:00+00:00,-0.05779
2026-04-29 11:30:00+00:00,-0.06347
2026-04-29 11:45:00+00:00,-0.07024
2026-04-29 12:00:00+00:00,-0.06351
2026-04-29 12:15:00+00:00,-0.05771
2026-04-29 12:30:00+00:00,-0.05151
2026-04-29 12:45:00+00:00,-0.049
2026-04-29 13:00:00+00:00,-0.05
2026-04-29 13:15:00+00:00,-0.03989
2026-04-29 13:30:00+00:00,-0.03291
2026-04-29 13:45:00+00:00,-0.02208
2026-04-29 14:00:00+00:00,-0.02647
2026-04-29 14:15:00+00:00,-0.01312
2026-04-29 14:30:00+00:00,-0.0051
2026-04-29 14:45:00+00:00,-0.00031
2026-04-29 15:00:00+00:00,-0.00636
2026-04-29 15:15:00+00:00,-0.0001
2026-04-29 15:30:00+00:00,0.00805
2026-04-29 15:45:00+00:00,0.07699
2026-04-29 16:00:00+00:00,0.04192
2026-04-29 16:15:00+00:00,0.08507
2026-04-29 16:30:00+00:00,0.11092
2026-04-29 16:45:00+00:00,0.12667
2026-04-29 17:00:00+00:00,0.10421
2026-04-29 17:15:00+00:00,0.11063
2026-04-29 17:30:00+00:00,0.12721
2026-04-29 17:45:00+00:00,0.16119
2026-04-29 18:00:00+00:00,0.14485
2026-04-29 18:15:00+00:00,0.14387
2026-04-29 18:30:00+00:00,0.1492
2026-04-29 18:45:00+00:00,0.14445
2026-04-29 19:00:00+00:00,0.1585
2026-04-29 19:15:00+00:00,0.13132
2026-04-29 19:30:00+00:00,0.11872
2026-04-29 19:45:00+00:00,0.11126
2026-04-29 20:00:00+00:00,0.1235
2026-04-29 20:15:00+00:00,0.11726
2026-04-29 20:30:00+00:00,0.11421
2026-04-29 20:45:00+00:00,0.10766
2026-04-29 21:00:00+00:00,0.11196
2026-04-29 21:15:00+00:00,0.10621
2026-04-29 21:30:00+00:00,0.10332
2026-04-29 21:45:00+00:00,0.0989
2026-04-29 22:00:00+00:00,0.0994
2026-04-29 22:15:00+00:00,0.10155
2026-04-29 22:30:00+00:00,0.1011
2026-04-29 22:45:00+00:00,0.09923
2026-04-29 23:00:00+00:00,0.09957
2026-04-29 23:15:00+00:00,0.09919
2026-04-29 23:30:00+00:00,0.09997
2026-04-29 23:45:00+00:00,0.10171
2026-04-30 00:00:00+00:00,0.10033
2026-04-30 00:15:00+00:00,0.09781
2026-04-30 00:30:00+00:00,0.09802
2026-04-30 00:45:00+00:00,0.09812
2026-04-30 01:00:00+00:00,0.09875
2026-04-30 01:15:00+00:00,0.09901
2026-04-30 01:30:00+00:00,0.09929
2026-04-30 01:45:00+00:00,0.10086
2026-04-30 02:00:00+00:00,0.09835
2026-04-30 02:15:00+00:00,0.10148
2026-04-30 02:30:00+00:00,0.10689
2026-04-30 02:45:00+00:00,0.10964
2026-04-30 03:00:00+00:00,0.10681
2026-04-30 03:15:00+00:00,0.11088
2026-04-30 03:30:00+00:00,0.11628
2026-04-30 03:45:00+00:00,0.12244
2026-04-30 04:00:00+00:00,0.11963
2026-04-30 04:15:00+00:00,0.14797
2026-04-30 04:30:00+00:00,0.15034
2026-04-30 04:45:00+00:00,0.13854
2026-04-30 05:00:00+00:00,0.15536
2026-04-30 05:15:00+00:00,0.13068
2026-04-30 05:30:00+00:00,0.1139
2026-04-30 05:45:00+00:00,0.0892
2026-04-30 06:00:00+00:00,0.1277
2026-04-30 06:15:00+00:00,0.1153
2026-04-30 06:30:00+00:00,0.0932
2026-04-30 06:45:00+00:00,0.04867
2026-04-30 07:00:00+00:00,0.10835
2026-04-30 07:15:00+00:00,0.0592
2026-04-30 07:30:00+00:00,0.01466
2026-04-30 07:45:00+00:00,1e-05
2026-04-30 08:00:00+00:00,0.00198
2026-04-30 08:15:00+00:00,0.0
2026-04-30 08:30:00+00:00,-9e-05
2026-04-30 08:45:00+00:00,-0.00204
2026-04-30 09:00:00+00:00,-0.00051
2026-04-30 09:15:00+00:00,-0.00129
2026-04-30 09:30:00+00:00,-0.004
2026-04-30 09:45:00+00:00,-0.0097
2026-04-30 10:00:00+00:00,-0.00817
2026-04-30 10:15:00+00:00,-0.01434
2026-04-30 10:30:00+00:00,-0.01823
2026-04-30 10:45:00+00:00,-0.02427
2026-04-30 11:00:00+00:00,-0.02601
2026-04-30 11:15:00+00:00,-0.02999
2026-04-30 11:30:00+00:00,-0.03463
2026-04-30 11:45:00+00:00,-0.03745
2026-04-30 12:00:00+00:00,-0.03616
2026-04-30 12:15:00+00:00,-0.03001
2026-04-30 12:30:00+00:00,-0.02835
2026-04-30 12:45:00+00:00,-0.0212
2026-04-30 13:00:00+00:00,-0.02073
2026-04-30 13:15:00+00:00,-0.01501
2026-04-30 13:30:00+00:00,-0.00947
2026-04-30 13:45:00+00:00,-0.00299
2026-04-30 14:00:00+00:00,-0.00586
2026-04-30 14:15:00+00:00,-0.00165
2026-04-30 14:30:00+00:00,-0.00094
2026-04-30 14:45:00+00:00,-0.00072
2026-04-30 15:00:00+00:00,-0.00168
2026-04-30 15:15:00+00:00,-1e-05
2026-04-30 15:30:00+00:00,0.0137
2026-04-30 15:45:00+00:00,0.07031
2026-04-30 16:00:00+00:00,0.03114
2026-04-30 16:15:00+00:00,0.08861
2026-04-30 16:30:00+00:00,0.11247
2026-04-30 16:45:00+00:00,0.1375
2026-04-30 17:00:00+00:00,0.10413
2026-04-30 17:15:00+00:00,0.1217
2026-04-30 17:30:00+00:00,0.14427
2026-04-30 17:45:00+00:00,0.18625
2026-04-30 18:00:00+00:00,0.17801
2026-04-30 18:15:00+00:00,0.18847
2026-04-30 18:30:00+00:00,0.18109
2026-04-30 18:45:00+00:00,0.16691
2026-04-30 19:00:00+00:00,0.18163
2026-04-30 19:15:00+00:00,0.15544
2026-04-30 19:30:00+00:00,0.13123
2026-04-30 19:45:00+00:00,0.11506
2026-04-30 20:00:00+00:00,0.13237
2026-04-30 20:15:00+00:00,0.1201
2026-04-30 20:30:00+00:00,0.11394
2026-04-30 20:45:00+00:00,0.10927
2026-04-30 21:00:00+00:00,0.11759
2026-04-30 21:15:00+00:00,0.11112
2026-04-30 21:30:00+00:00,0.10674
2026-04-30 21:45:00+00:00,0.10298
2026-04-30 22:00:00+00:00,0.11599
2026-04-30 22:15:00+00:00,0.10886
2026-04-30 22:30:00+00:00,0.10348
2026-04-30 22:45:00+00:00,0.10058
2026-04-30 23:00:00+00:00,0.10492
2026-04-30 23:15:00+00:00,0.10316
2026-04-30 23:30:00+00:00,0.10316
2026-04-30 23:45:00+00:00,0.1011
2026-05-01 00:00:00+00:00,0.10284
2026-05-01 00:15:00+00:00,0.10051
2026-05-01 00:30:00+00:00,0.10109
2026-05-01 00:45:00+00:00,0.1011
2026-05-01 01:00:00+00:00,0.09901
2026-05-01 01:15:00+00:00,0.09896
2026-05-01 01:30:00+00:00,0.09978
2026-05-01 01:45:00+00:00,0.09923
2026-05-01 02:00:00+00:00,0.0978
2026-05-01 02:15:00+00:00,0.09821
2026-05-01 02:30:00+00:00,0.097
2026-05-01 02:45:00+00:00,0.09891
2026-05-01 03:00:00+00:00,0.09735
2026-05-01 03:15:00+00:00,0.09787
2026-05-01 03:30:00+00:00,0.09937
2026-05-01 03:45:00+00:00,0.09539
2026-05-01 04:00:00+00:00,0.11268
2026-05-01 04:15:00+00:00,0.11066
2026-05-01 04:30:00+00:00,0.10674
2026-05-01 04:45:00+00:00,0.08499
2026-05-01 05:00:00+00:00,0.12478
2026-05-01 05:15:00+00:00,0.09588
2026-05-01 05:30:00+00:00,0.07002
2026-05-01 05:45:00+00:00,0.03068
2026-05-01 06:00:00+00:00,0.09865
2026-05-01 06:15:00+00:00,0.03499
2026-05-01 06:30:00+00:00,0.00766
2026-05-01 06:45:00+00:00,3e-05
2026-05-01 07:00:00+00:00,0.00116
2026-05-01 07:15:00+00:00,0.0
2026-05-01 07:30:00+00:00,-1e-05
2026-05-01 07:45:00+00:00,-0.00126
2026-05-01 08:00:00+00:00,-0.00138
2026-05-01 08:15:00+00:00,-0.00799
2026-05-01 08:30:00+00:00,-0.025
2026-05-01 08:45:00+00:00,-0.05035
2026-05-01 09:00:00+00:00,-0.06998
2026-05-01 09:15:00+00:00,-0.09047
2026-05-01 09:30:00+00:00,-0.12
2026-05-01 09:45:00+00:00,-0.15402
2026-05-01 10:00:00+00:00,-0.16002
2026-05-01 10:15:00+00:00,-0.28077
2026-05-01 10:30:00+00:00,-0.34021
2026-05-01 10:45:00+00:00,-0.49332
2026-05-01 11:00:00+00:00,-0.49603
2026-05-01 11:15:00+00:00,-0.49999
2026-05-01 11:30:00+00:00,-0.49999
2026-05-01 11:45:00+00:00,-0.49999
2026-05-01 12:00:00+00:00,-0.49999
2026-05-01 12:15:00+00:00,-0.49999
2026-05-01 12:30:00+00:00,-0.49989
2026-05-01 12:45:00+00:00,-0.4
2026-05-01 13:00:00+00:00,-0.4
2026-05-01 13:15:00+00:00,-0.21565
2026-05-01 13:30:00+00:00,-0.12995
2026-05-01 13:45:00+00:00,-0.07791
2026-05-01 14:00:00+00:00,-0.06383
2026-05-01 14:15:00+00:00,-0.03
2026-05-01 14:30:00+00:00,-0.00996
2026-05-01 14:45:00+00:00,-0.0012
2026-05-01 15:00:00+00:00,-0.00157
2026-05-01 15:15:00+00:00,-0.00021
2026-05-01 15:30:00+00:00,0.0
2026-05-01 15:45:00+00:00,0.024
2026-05-01 16:00:00+00:00,0.00509
2026-05-01 16:15:00+00:00,0.0791
2026-05-01 16:30:00+00:00,0.10967
2026-05-01 16:45:00+00:00,0.17626
2026-05-01 17:00:00+00:00,0.10663
2026-05-01 17:15:00+00:00,0.12415
2026-05-01 17:30:00+00:00,0.15299
2026-05-01 17:45:00+00:00,0.23299
2026-05-01 18:00:00+00:00,0.18071
2026-05-01 18:15:00+00:00,0.18122
2026-05-01 18:30:00+00:00,0.18102
2026-05-01 18:45:00+00:00,0.15035
2026-05-01 19:00:00+00:00,0.21
2026-05-01 19:15:00+00:00,0.13532
2026-05-01 19:30:00+00:00,0.11665
2026-05-01 19:45:00+00:00,0.10983
2026-05-01 20:00:00+00:00,0.1277
2026-05-01 20:15:00+00:00,0.11599
2026-05-01 20:30:00+00:00,0.106
2026-05-01 20:45:00+00:00,0.1032
2026-05-01 21:00:00+00:00,0.10409
2026-05-01 21:15:00+00:00,0.10213
2026-05-01 21:30:00+00:00,0.09484
2026-05-01 21:45:00+00:00,0.08687
2026-05-01 22:00:00+00:00,0.138
2026-05-01 22:15:00+00:00,0.12331
2026-05-01 22:30:00+00:00,0.10513
2026-05-01 22:45:00+00:00,0.10326
2026-05-01 23:00:00+00:00,0.10959
2026-05-01 23:15:00+00:00,0.10487
2026-05-01 23:30:00+00:00,0.10224
2026-05-01 23:45:00+00:00,0.09815
2026-05-02 00:00:00+00:00,0.10417
2026-05-02 00:15:00+00:00,0.09891
2026-05-02 00:30:00+00:00,0.09733
2026-05-02 00:45:00+00:00,0.0975
2026-05-02 01:00:00+00:00,0.09737
2026-05-02 01:15:00+00:00,0.09212
2026-05-02 01:30:00+00:00,0.09208
2026-05-02 01:45:00+00:00,0.09177
2026-05-02 02:00:00+00:00,0.09152
2026-05-02 02:15:00+00:00,0.09422
2026-05-02 02:30:00+00:00,0.09422
2026-05-02 02:45:00+00:00,0.09422
2026-05-02 03:00:00+00:00,0.09282
2026-05-02 03:15:00+00:00,0.09178
2026-05-02 03:30:00+00:00,0.09514
2026-05-02 03:45:00+00:00,0.09505
2026-05-02 04:00:00+00:00,0.09565
2026-05-02 04:15:00+00:00,0.09678
2026-05-02 04:30:00+00:00,0.09347
2026-05-02 04:45:00+00:00,0.08122
2026-05-02 05:00:00+00:00,0.11085
2026-05-02 05:15:00+00:00,0.08656
2026-05-02 05:30:00+00:00,0.07204
2026-05-02 05:45:00+00:00,0.0426
2026-05-02 06:00:00+00:00,0.04621
2026-05-02 06:15:00+00:00,0.02
2026-05-02 06:30:00+00:00,0.00477
2026-05-02 06:45:00+00:00,0.0021
2026-05-02 07:00:00+00:00,0.00479
2026-05-02 07:15:00+00:00,0.00033
2026-05-02 07:30:00+00:00,0.0
2026-05-02 07:45:00+00:00,-4e-05
2026-05-02 08:00:00+00:00,-1e-05
2026-05-02 08:15:00+00:00,-9e-05
2026-05-02 08:30:00+00:00,-0.00126
2026-05-02 08:45:00+00:00,-0.00819
2026-05-02 09:00:00+00:00,-0.01
2026-05-02 09:15:00+00:00,-0.01445
2026-05-02 09:30:00+00:00,-0.02331
2026-05-02 09:45:00+00:00,-0.03989
2026-05-02 10:00:00+00:00,-0.05995
2026-05-02 10:15:00+00:00,-0.07403
2026-05-02 10:30:00+00:00,-0.088
2026-05-02 10:45:00+00:00,-0.11245
2026-05-02 11:00:00+00:00,-0.11416
2026-05-02 11:15:00+00:00,-0.12904
2026-05-02 11:30:00+00:00,-0.14701
2026-05-02 11:45:00+00:00,-0.1299
2026-05-02 12:00:00+00:00,-0.12001
2026-05-02 12:15:00+00:00,-0.09549
2026-05-02 12:30:00+00:00,-0.074
2026-05-02 12:45:00+00:00,-0.05787
2026-05-02 13:00:00+00:00,-0.03499
2026-05-02 13:15:00+00:00,-0.01499
2026-05-02 13:30:00+00:00,-0.00509
2026-05-02 13:45:00+00:00,-0.00108
2026-05-02 14:00:00+00:00,-0.00011
2026-05-02 14:15:00+00:00,-1e-05
2026-05-02 14:30:00+00:00,0.0
2026-05-02 14:45:00+00:00,0.00025
2026-05-02 15:00:00+00:00,0.00037
2026-05-02 15:15:00+00:00,0.00619
2026-05-02 15:30:00+00:00,0.06882
2026-05-02 15:45:00+00:00,0.1444
2026-05-02 16:00:00+00:00,0.07871
2026-05-02 16:15:00+00:00,0.11351
2026-05-02 16:30:00+00:00,0.13631
2026-05-02 16:45:00+00:00,0.18003
2026-05-02 17:00:00+00:00,0.11568
2026-05-02 17:15:00+00:00,0.13746
2026-05-02 17:30:00+00:00,0.15577
2026-05-02 17:45:00+00:00,0.25109
2026-05-02 18:00:00+00:00,0.17698
2026-05-02 18:15:00+00:00,0.19977
2026-05-02 18:30:00+00:00,0.217
2026-05-02 18:45:00+00:00,0.18805
2026-05-02 19:00:00+00:00,0.21076
2026-05-02 19:15:00+00:00,0.14794
2026-05-02 19:30:00+00:00,0.13378
2026-05-02 19:45:00+00:00,0.1248
2026-05-02 20:00:00+00:00,0.1748
2026-05-02 20:15:00+00:00,0.1378
2026-05-02 20:30:00+00:00,0.1254
2026-05-02 20:45:00+00:00,0.12184
2026-05-02 21:00:00+00:00,0.13511
2026-05-02 21:15:00+00:00,0.12916
2026-05-02 21:30:00+00:00,0.11774
2026-05-02 21:45:00+00:00,0.11345
2026-05-02 22:00:00+00:00,0.12953
2026-05-02 22:15:00+00:00,0.12008
2026-05-02 22:30:00+00:00,0.11966
2026-05-02 22:45:00+00:00,0.11551
2026-05-02 23:00:00+00:00,0.11826
2026-05-02 23:15:00+00:00,0.11791
2026-05-02 23:30:00+00:00,0.11595
2026-05-02 23:45:00+00:00,0.11201
2026-05-03 00:00:00+00:00,0.11126
2026-05-03 00:15:00+00:00,0.11089
2026-05-03 00:30:00+00:00,0.11
2026-05-03 00:45:00+00:00,0.1085
2026-05-03 01:00:00+00:00,0.1093
2026-05-03 01:15:00+00:00,0.10912
2026-05-03 01:30:00+00:00,0.1079
2026-05-03 01:45:00+00:00,0.10759
2026-05-03 02:00:00+00:00,0.10686
2026-05-03 02:15:00+00:00,0.10564
2026-05-03 02:30:00+00:00,0.10606
2026-05-03 02:45:00+00:00,0.10661
2026-05-03 03:00:00+00:00,0.1047
2026-05-03 03:15:00+00:00,0.10716
2026-05-03 03:30:00+00:00,0.10714
2026-05-03 03:45:00+00:00,0.10929
2026-05-03 04:00:00+00:00,0.10783
2026-05-03 04:15:00+00:00,0.10394
2026-05-03 04:30:00+00:00,0.10274
2026-05-03 04:45:00+00:00,0.09229
2026-05-03 05:00:00+00:00,0.11977
2026-05-03 05:15:00+00:00,0.09326
2026-05-03 05:30:00+00:00,0.0691
2026-05-03 05:45:00+00:00,0.05922
2026-05-03 06:00:00+00:00,0.08776
2026-05-03 06:15:00+00:00,0.07525
2026-05-03 06:30:00+00:00,0.06729
2026-05-03 06:45:00+00:00,0.05665
2026-05-03 07:00:00+00:00,0.06223
2026-05-03 07:15:00+00:00,0.03636
2026-05-03 07:30:00+00:00,0.02582
2026-05-03 07:45:00+00:00,0.00622
2026-05-03 08:00:00+00:00,0.00635
2026-05-03 08:15:00+00:00,0.0
2026-05-03 08:30:00+00:00,-0.00059
2026-05-03 08:45:00+00:00,-0.00061
2026-05-03 09:00:00+00:00,-0.00036
2026-05-03 09:15:00+00:00,-0.00077
2026-05-03 09:30:00+00:00,-0.00145
2026-05-03 09:45:00+00:00,-0.00313
2026-05-03 10:00:00+00:00,-0.00534
2026-05-03 10:15:00+00:00,-0.00655
2026-05-03 10:30:00+00:00,-0.00727
2026-05-03 10:45:00+00:00,-0.008
2026-05-03 11:00:00+00:00,-0.01259
2026-05-03 11:15:00+00:00,-0.015
2026-05-03 11:30:00+00:00,-0.01515
2026-05-03 11:45:00+00:00,-0.015
2026-05-03 12:00:00+00:00,-0.01163
2026-05-03 12:15:00+00:00,-0.0127
2026-05-03 12:30:00+00:00,-0.0096
2026-05-03 12:45:00+00:00,-0.0096
2026-05-03 13:00:00+00:00,-0.01001
2026-05-03 13:15:00+00:00,-0.0047
2026-05-03 13:30:00+00:00,-0.00109
2026-05-03 13:45:00+00:00,-7e-05
2026-05-03 14:00:00+00:00,-0.00085
2026-05-03 14:15:00+00:00,-0.0006
2026-05-03 14:30:00+00:00,0.00019
2026-05-03 14:45:00+00:00,0.03779
2026-05-03 15:00:00+00:00,0.02126
2026-05-03 15:15:00+00:00,0.06825
2026-05-03 15:30:00+00:00,0.09969
2026-05-03 15:45:00+00:00,0.13363
2026-05-03 16:00:00+00:00,0.10169
2026-05-03 16:15:00+00:00,0.11499
2026-05-03 16:30:00+00:00,0.12799
2026-05-03 16:45:00+00:00,0.13762
2026-05-03 17:00:00+00:00,0.12352
2026-05-03 17:15:00+00:00,0.12477
2026-05-03 17:30:00+00:00,0.13789
2026-05-03 17:45:00+00:00,0.153
2026-05-03 18:00:00+00:00,0.13964
2026-05-03 18:15:00+00:00,0.14203
2026-05-03 18:30:00+00:00,0.14198
2026-05-03 18:45:00+00:00,0.13983
2026-05-03 19:00:00+00:00,0.14794
2026-05-03 19:15:00+00:00,0.13868
2026-05-03 19:30:00+00:00,0.13394
2026-05-03 19:45:00+00:00,0.12868
2026-05-03 20:00:00+00:00,0.14007
2026-05-03 20:15:00+00:00,0.13775
2026-05-03 20:30:00+00:00,0.12487
2026-05-03 20:45:00+00:00,0.11882
2026-05-03 21:00:00+00:00,0.13396
2026-05-03 21:15:00+00:00,0.12124
2026-05-03 21:30:00+00:00,0.11595
2026-05-03 21:45:00+00:00,0.11331
2026-05-03 22:00:00+00:00,0.12679
2026-05-03 22:15:00+00:00,0.12008
2026-05-03 22:30:00+00:00,0.11247
2026-05-03 22:45:00+00:00,0.11008
2026-05-03 23:00:00+00:00,0.11065
2026-05-03 23:15:00+00:00,0.10942
2026-05-03 23:30:00+00:00,0.10835
2026-05-03 23:45:00+00:00,0.10522
2026-05-04 00:00:00+00:00,0.11326
2026-05-04 00:15:00+00:00,0.11064
2026-05-04 00:30:00+00:00,0.1101
2026-05-04 00:45:00+00:00,0.10823
2026-05-04 01:00:00+00:00,0.10655
2026-05-04 01:15:00+00:00,0.10545
2026-05-04 01:30:00+00:00,0.10593
2026-05-04 01:45:00+00:00,0.10746
2026-05-04 02:00:00+00:00,0.10704
2026-05-04 02:15:00+00:00,0.10875
2026-05-04 02:30:00+00:00,0.111
2026-05-04 02:45:00+00:00,0.11284
2026-05-04 03:00:00+00:00,0.11137
2026-05-04 03:15:00+00:00,0.11909
2026-05-04 03:30:00+00:00,0.13449
2026-05-04 03:45:00+00:00,0.15058
2026-05-04 04:00:00+00:00,0.14172
2026-05-04 04:15:00+00:00,0.15393
2026-05-04 04:30:00+00:00,0.152
2026-05-04 04:45:00+00:00,0.15054
2026-05-04 05:00:00+00:00,0.16333
2026-05-04 05:15:00+00:00,0.15426
2026-05-04 05:30:00+00:00,0.14719
2026-05-04 05:45:00+00:00,0.14029
2026-05-04 06:00:00+00:00,0.15551
2026-05-04 06:15:00+00:00,0.14288
2026-05-04 06:30:00+00:00,0.1312
2026-05-04 06:45:00+00:00,0.10882
2026-05-04 07:00:00+00:00,0.12989
2026-05-04 07:15:00+00:00,0.11212
2026-05-04 07:30:00+00:00,0.11141
2026-05-04 07:45:00+00:00,0.10108
2026-05-04 08:00:00+00:00,0.11894
2026-05-04 08:15:00+00:00,0.09817
2026-05-04 08:30:00+00:00,0.09698
2026-05-04 08:45:00+00:00,0.08587
2026-05-04 09:00:00+00:00,0.09749
2026-05-04 09:15:00+00:00,0.09361
2026-05-04 09:30:00+00:00,0.09328
2026-05-04 09:45:00+00:00,0.088
2026-05-04 10:00:00+00:00,0.08748
2026-05-04 10:15:00+00:00,0.07444
2026-05-04 10:30:00+00:00,0.07063
2026-05-04 10:45:00+00:00,0.06771
2026-05-04 11:00:00+00:00,0.07241
2026-05-04 11:15:00+00:00,0.0689
2026-05-04 11:30:00+00:00,0.063
2026-05-04 11:45:00+00:00,0.07332
2026-05-04 12:00:00+00:00,0.07281
2026-05-04 12:15:00+00:00,0.07955
2026-05-04 12:30:00+00:00,0.08379
2026-05-04 12:45:00+00:00,0.08816
2026-05-04 13:00:00+00:00,0.08334
2026-05-04 13:15:00+00:00,0.08963
2026-05-04 13:30:00+00:00,0.09397
2026-05-04 13:45:00+00:00,0.10907
2026-05-04 14:00:00+00:00,0.08855
2026-05-04 14:15:00+00:00,0.09955
2026-05-04 14:30:00+00:00,0.11263
2026-05-04 14:45:00+00:00,0.13114
2026-05-04 15:00:00+00:00,0.09334
2026-05-04 15:15:00+00:00,0.126
2026-05-04 15:30:00+00:00,0.14119
2026-05-04 15:45:00+00:00,0.15544
2026-05-04 16:00:00+00:00,0.13527
2026-05-04 16:15:00+00:00,0.14692
2026-05-04 16:30:00+00:00,0.17874
2026-05-04 16:45:00+00:00,0.21507
2026-05-04 17:00:00+00:00,0.1567
2026-05-04 17:15:00+00:00,0.19647
2026-05-04 17:30:00+00:00,0.27068
2026-05-04 17:45:00+00:00,0.35627
2026-05-04 18:00:00+00:00,0.28576
2026-05-04 18:15:00+00:00,0.282
2026-05-04 18:30:00+00:00,0.27272
2026-05-04 18:45:00+00:00,0.22686
2026-05-04 19:00:00+00:00,0.27299
2026-05-04 19:15:00+00:00,0.20264
2026-05-04 19:30:00+00:00,0.15891
2026-05-04 19:45:00+00:00,0.14266
2026-05-04 20:00:00+00:00,0.181
2026-05-04 20:15:00+00:00,0.15271
2026-05-04 20:30:00+00:00,0.14136
2026-05-04 20:45:00+00:00,0.13711
2026-05-04 21:00:00+00:00,0.15225
2026-05-04 21:15:00+00:00,0.13909
2026-05-04 21:30:00+00:00,0.132
2026-05-04 21:45:00+00:00,0.12546
2026-05-04 22:00:00+00:00,0.14342
2026-05-04 22:15:00+00:00,0.13245
2026-05-04 22:30:00+00:00,0.12622
2026-05-04 22:45:00+00:00,0.12335
2026-05-04 23:00:00+00:00,0.13188
2026-05-04 23:15:00+00:00,0.12615
2026-05-04 23:30:00+00:00,0.12535
2026-05-04 23:45:00+00:00,0.12142
2026-05-05 00:00:00+00:00,0.12328
2026-05-05 00:15:00+00:00,0.12179
2026-05-05 00:30:00+00:00,0.12159
2026-05-05 00:45:00+00:00,0.12178
2026-05-05 01:00:00+00:00,0.12218
2026-05-05 01:15:00+00:00,0.12184
2026-05-05 01:30:00+00:00,0.12268
2026-05-05 01:45:00+00:00,0.12148
2026-05-05 02:00:00+00:00,0.12069
2026-05-05 02:15:00+00:00,0.12234
2026-05-05 02:30:00+00:00,0.12544
2026-05-05 02:45:00+00:00,0.12713
2026-05-05 03:00:00+00:00,0.12419
2026-05-05 03:15:00+00:00,0.12757
2026-05-05 03:30:00+00:00,0.13658
2026-05-05 03:45:00+00:00,0.14727
2026-05-05 04:00:00+00:00,0.14939
2026-05-05 04:15:00+00:00,0.15553
2026-05-05 04:30:00+00:00,0.16367
2026-05-05 04:45:00+00:00,0.17186
2026-05-05 05:00:00+00:00,0.17834
2026-05-05 05:15:00+00:00,0.16555
2026-05-05 05:30:00+00:00,0.15159
2026-05-05 05:45:00+00:00,0.14758
2026-05-05 06:00:00+00:00,0.16715
2026-05-05 06:15:00+00:00,0.14697
2026-05-05 06:30:00+00:00,0.14478
2026-05-05 06:45:00+00:00,0.13003
2026-05-05 07:00:00+00:00,0.14141
2026-05-05 07:15:00+00:00,0.13003
2026-05-05 07:30:00+00:00,0.126
2026-05-05 07:45:00+00:00,0.121
2026-05-05 08:00:00+00:00,0.12466
2026-05-05 08:15:00+00:00,0.11589
2026-05-05 08:30:00+00:00,0.10872
2026-05-05 08:45:00+00:00,0.10721
2026-05-05 09:00:00+00:00,0.11308
2026-05-05 09:15:00+00:00,0.10999
2026-05-05 09:30:00+00:00,0.10636
2026-05-05 09:45:00+00:00,0.1036
2026-05-05 10:00:00+00:00,0.10628
2026-05-05 10:15:00+00:00,0.09728
2026-05-05 10:30:00+00:00,0.0953
2026-05-05 10:45:00+00:00,0.09751
2026-05-05 11:00:00+00:00,0.09825
2026-05-05 11:15:00+00:00,0.0983
2026-05-05 11:30:00+00:00,0.09736
2026-05-05 11:45:00+00:00,0.09831
2026-05-05 12:00:00+00:00,0.09233
2026-05-05 12:15:00+00:00,0.0983
2026-05-05 12:30:00+00:00,0.09934
2026-05-05 12:45:00+00:00,0.10101
2026-05-05 13:00:00+00:00,0.11111
2026-05-05 13:15:00+00:00,0.10215
2026-05-05 13:30:00+00:00,0.1053
2026-05-05 13:45:00+00:00,0.1054
2026-05-05 14:00:00+00:00,0.10953
2026-05-05 14:15:00+00:00,0.10557
2026-05-05 14:30:00+00:00,0.10842
2026-05-05 14:45:00+00:00,0.12439
2026-05-05 15:00:00+00:00,0.11616
2026-05-05 15:15:00+00:00,0.12343
2026-05-05 15:30:00+00:00,0.13279
2026-05-05 15:45:00+00:00,0.1423
2026-05-05 16:00:00+00:00,0.13341
2026-05-05 16:15:00+00:00,0.13223
2026-05-05 16:30:00+00:00,0.1496
2026-05-05 16:45:00+00:00,0.16781
2026-05-05 17:00:00+00:00,0.14897
2026-05-05 17:15:00+00:00,0.1571
2026-05-05 17:30:00+00:00,0.16283
2026-05-05 17:45:00+00:00,0.18584
2026-05-05 18:00:00+00:00,0.16517
2026-05-05 18:15:00+00:00,0.16932
2026-05-05 18:30:00+00:00,0.16608
2026-05-05 18:45:00+00:00,0.15504
2026-05-05 19:00:00+00:00,0.157
2026-05-05 19:15:00+00:00,0.15196
2026-05-05 19:30:00+00:00,0.14604
2026-05-05 19:45:00+00:00,0.13299
2026-05-05 20:00:00+00:00,0.14661
2026-05-05 20:15:00+00:00,0.13561
2026-05-05 20:30:00+00:00,0.13003
2026-05-05 20:45:00+00:00,0.11873
2026-05-05 21:00:00+00:00,0.12803
2026-05-05 21:15:00+00:00,0.11741
2026-05-05 21:30:00+00:00,0.11092
2026-05-05 21:45:00+00:00,0.10481
2026-05-05 22:00:00+00:00,0.12801
2026-05-05 22:15:00+00:00,0.11976
2026-05-05 22:30:00+00:00,0.11818
2026-05-05 22:45:00+00:00,0.11419
2026-05-05 23:00:00+00:00,0.11803
2026-05-05 23:15:00+00:00,0.11415
2026-05-05 23:30:00+00:00,0.11302
2026-05-05 23:45:00+00:00,0.11172
2026-05-06 00:00:00+00:00,0.11346
2026-05-06 00:15:00+00:00,0.11301
2026-05-06 00:30:00+00:00,0.11276
2026-05-06 00:45:00+00:00,0.11343
2026-05-06 01:00:00+00:00,0.11261
2026-05-06 01:15:00+00:00,0.11283
2026-05-06 01:30:00+00:00,0.11354
2026-05-06 01:45:00+00:00,0.113
2026-05-06 02:00:00+00:00,0.11299
2026-05-06 02:15:00+00:00,0.11266
2026-05-06 02:30:00+00:00,0.11372
2026-05-06 02:45:00+00:00,0.11399
2026-05-06 03:00:00+00:00,0.11256
2026-05-06 03:15:00+00:00,0.11612
2026-05-06 03:30:00+00:00,0.11909
2026-05-06 03:45:00+00:00,0.12513
2026-05-06 04:00:00+00:00,0.1206
2026-05-06 04:15:00+00:00,0.12972
2026-05-06 04:30:00+00:00,0.13604
2026-05-06 04:45:00+00:00,0.1382
2026-05-06 05:00:00+00:00,0.1501
2026-05-06 05:15:00+00:00,0.14996
2026-05-06 05:30:00+00:00,0.14104
2026-05-06 05:45:00+00:00,0.1287
2026-05-06 06:00:00+00:00,0.17779
2026-05-06 06:15:00+00:00,0.14393
2026-05-06 06:30:00+00:00,0.13137
2026-05-06 06:45:00+00:00,0.11311
2026-05-06 07:00:00+00:00,0.13686
2026-05-06 07:15:00+00:00,0.12549
2026-05-06 07:30:00+00:00,0.11583
2026-05-06 07:45:00+00:00,0.10704
2026-05-06 08:00:00+00:00,0.11947
2026-05-06 08:15:00+00:00,0.11019
2026-05-06 08:30:00+00:00,0.10277
2026-05-06 08:45:00+00:00,0.10277
2026-05-06 09:00:00+00:00,0.111
2026-05-06 09:15:00+00:00,0.10273
2026-05-06 09:30:00+00:00,0.10257
2026-05-06 09:45:00+00:00,0.10018
2026-05-06 10:00:00+00:00,0.09979
2026-05-06 10:15:00+00:00,0.09972
2026-05-06 10:30:00+00:00,0.10331
2026-05-06 10:45:00+00:00,0.09755
2026-05-06 11:00:00+00:00,0.0963
2026-05-06 11:15:00+00:00,0.09164
2026-05-06 11:30:00+00:00,0.08562
2026-05-06 11:45:00+00:00,0.0838
2026-05-06 12:00:00+00:00,0.08574
2026-05-06 12:15:00+00:00,0.08877
2026-05-06 12:30:00+00:00,0.09296
2026-05-06 12:45:00+00:00,0.09785
2026-05-06 13:00:00+00:00,0.10266
2026-05-06 13:15:00+00:00,0.09976
2026-05-06 13:30:00+00:00,0.1024
2026-05-06 13:45:00+00:00,0.10768
2026-05-06 14:00:00+00:00,0.10569
2026-05-06 14:15:00+00:00,0.10467
2026-05-06 14:30:00+00:00,0.11516
2026-05-06 14:45:00+00:00,0.12513
2026-05-06 15:00:00+00:00,0.11171
2026-05-06 15:15:00+00:00,0.11964
2026-05-06 15:30:00+00:00,0.12904
2026-05-06 15:45:00+00:00,0.13982
2026-05-06 16:00:00+00:00,0.12408
2026-05-06 16:15:00+00:00,0.13145
2026-05-06 16:30:00+00:00,0.14111
2026-05-06 16:45:00+00:00,0.155
2026-05-06 17:00:00+00:00,0.1405
2026-05-06 17:15:00+00:00,0.15001
2026-05-06 17:30:00+00:00,0.15731
2026-05-06 17:45:00+00:00,0.1706
2026-05-06 18:00:00+00:00,0.146
2026-05-06 18:15:00+00:00,0.15124
2026-05-06 18:30:00+00:00,0.16019
2026-05-06 18:45:00+00:00,0.17023
2026-05-06 19:00:00+00:00,0.16372
2026-05-06 19:15:00+00:00,0.1623
2026-05-06 19:30:00+00:00,0.153
2026-05-06 19:45:00+00:00,0.13942
2026-05-06 20:00:00+00:00,0.15583
2026-05-06 20:15:00+00:00,0.14844
2026-05-06 20:30:00+00:00,0.13995
2026-05-06 20:45:00+00:00,0.12943
2026-05-06 21:00:00+00:00,0.137
2026-05-06 21:15:00+00:00,0.12951
2026-05-06 21:30:00+00:00,0.1261
2026-05-06 21:45:00+00:00,0.12043
2026-05-06 22:00:00+00:00,0.13257
2026-05-06 22:15:00+00:00,0.126
2026-05-06 22:30:00+00:00,0.12309
2026-05-06 22:45:00+00:00,0.11895
2026-05-06 23:00:00+00:00,0.11817
2026-05-06 23:15:00+00:00,0.11651
2026-05-06 23:30:00+00:00,0.11596
2026-05-06 23:45:00+00:00,0.1153
2026-05-07 00:00:00+00:00,0.11448
2026-05-07 00:15:00+00:00,0.11526
2026-05-07 00:30:00+00:00,0.11486
2026-05-07 00:45:00+00:00,0.11643
2026-05-07 01:00:00+00:00,0.1159
2026-05-07 01:15:00+00:00,0.11508
2026-05-07 01:30:00+00:00,0.11634
2026-05-07 01:45:00+00:00,0.11864
2026-05-07 02:00:00+00:00,0.11413
2026-05-07 02:15:00+00:00,0.11759
2026-05-07 02:30:00+00:00,0.12026
2026-05-07 02:45:00+00:00,0.12457
2026-05-07 03:00:00+00:00,0.11887
2026-05-07 03:15:00+00:00,0.12371
2026-05-07 03:30:00+00:00,0.12871
2026-05-07 03:45:00+00:00,0.13621
2026-05-07 04:00:00+00:00,0.13902
2026-05-07 04:15:00+00:00,0.15135
2026-05-07 04:30:00+00:00,0.15359
2026-05-07 04:45:00+00:00,0.16004
2026-05-07 05:00:00+00:00,0.17065
2026-05-07 05:15:00+00:00,0.17178
2026-05-07 05:30:00+00:00,0.16674
2026-05-07 05:45:00+00:00,0.16
2026-05-07 06:00:00+00:00,0.18615
2026-05-07 06:15:00+00:00,0.15511
2026-05-07 06:30:00+00:00,0.14893
2026-05-07 06:45:00+00:00,0.13218
2026-05-07 07:00:00+00:00,0.15133
2026-05-07 07:15:00+00:00,0.14015
2026-05-07 07:30:00+00:00,0.13096
2026-05-07 07:45:00+00:00,0.1232
2026-05-07 08:00:00+00:00,0.13428
2026-05-07 08:15:00+00:00,0.1236
2026-05-07 08:30:00+00:00,0.11347
2026-05-07 08:45:00+00:00,0.10918
2026-05-07 09:00:00+00:00,0.11702
2026-05-07 09:15:00+00:00,0.11285
2026-05-07 09:30:00+00:00,0.1142
2026-05-07 09:45:00+00:00,0.11003
2026-05-07 10:00:00+00:00,0.10825
2026-05-07 10:15:00+00:00,0.10413
2026-05-07 10:30:00+00:00,0.10246
2026-05-07 10:45:00+00:00,0.10085
2026-05-07 11:00:00+00:00,0.10367
2026-05-07 11:15:00+00:00,0.1034
2026-05-07 11:30:00+00:00,0.10073
2026-05-07 11:45:00+00:00,0.09986
2026-05-07 12:00:00+00:00,0.09988
2026-05-07 12:15:00+00:00,0.10096
2026-05-07 12:30:00+00:00,0.10212
2026-05-07 12:45:00+00:00,0.10396
2026-05-07 13:00:00+00:00,0.105
2026-05-07 13:15:00+00:00,0.10589
2026-05-07 13:30:00+00:00,0.1073
2026-05-07 13:45:00+00:00,0.11159
2026-05-07 14:00:00+00:00,0.11192
2026-05-07 14:15:00+00:00,0.113
2026-05-07 14:30:00+00:00,0.11796
2026-05-07 14:45:00+00:00,0.12911
2026-05-07 15:00:00+00:00,0.11542
2026-05-07 15:15:00+00:00,0.12315
2026-05-07 15:30:00+00:00,0.13815
2026-05-07 15:45:00+00:00,0.15352
2026-05-07 16:00:00+00:00,0.13244
2026-05-07 16:15:00+00:00,0.14106
2026-05-07 16:30:00+00:00,0.1527
2026-05-07 16:45:00+00:00,0.16862
2026-05-07 17:00:00+00:00,0.1631
2026-05-07 17:15:00+00:00,0.16778
2026-05-07 17:30:00+00:00,0.18889
2026-05-07 17:45:00+00:00,0.22285
2026-05-07 18:00:00+00:00,0.21907
2026-05-07 18:15:00+00:00,0.22527
2026-05-07 18:30:00+00:00,0.22498
2026-05-07 18:45:00+00:00,0.21659
2026-05-07 19:00:00+00:00,0.21878
2026-05-07 19:15:00+00:00,0.18824
2026-05-07 19:30:00+00:00,0.16803
2026-05-07 19:45:00+00:00,0.15581
2026-05-07 20:00:00+00:00,0.16505
2026-05-07 20:15:00+00:00,0.15481
2026-05-07 20:30:00+00:00,0.15416
2026-05-07 20:45:00+00:00,0.14372
2026-05-07 21:00:00+00:00,0.15699
2026-05-07 21:15:00+00:00,0.14668
2026-05-07 21:30:00+00:00,0.13658
2026-05-07 21:45:00+00:00,0.13078
2026-05-07 22:00:00+00:00,0.138
2026-05-07 22:15:00+00:00,0.13415
2026-05-07 22:30:00+00:00,0.12717
2026-05-07 22:45:00+00:00,0.12205
2026-05-07 23:00:00+00:00,0.12495
2026-05-07 23:15:00+00:00,0.12152
2026-05-07 23:30:00+00:00,0.12
2026-05-07 23:45:00+00:00,0.11617
2026-05-08 00:00:00+00:00,0.11947
2026-05-08 00:15:00+00:00,0.11859
2026-05-08 00:30:00+00:00,0.11867
2026-05-08 00:45:00+00:00,0.11613
2026-05-08 01:00:00+00:00,0.11739
2026-05-08 01:15:00+00:00,0.11735
2026-05-08 01:30:00+00:00,0.11643
2026-05-08 01:45:00+00:00,0.11674
2026-05-08 02:00:00+00:00,0.11619
2026-05-08 02:15:00+00:00,0.11713
2026-05-08 02:30:00+00:00,0.11951
2026-05-08 02:45:00+00:00,0.12143
2026-05-08 03:00:00+00:00,0.12022
2026-05-08 03:15:00+00:00,0.12136
2026-05-08 03:30:00+00:00,0.12712
2026-05-08 03:45:00+00:00,0.13604
2026-05-08 04:00:00+00:00,0.1355
2026-05-08 04:15:00+00:00,0.1455
2026-05-08 04:30:00+00:00,0.14661
2026-05-08 04:45:00+00:00,0.14679
2026-05-08 05:00:00+00:00,0.15565
2026-05-08 05:15:00+00:00,0.1514
2026-05-08 05:30:00+00:00,0.1459
2026-05-08 05:45:00+00:00,0.13516
2026-05-08 06:00:00+00:00,0.16108
2026-05-08 06:15:00+00:00,0.14229
2026-05-08 06:30:00+00:00,0.13231
2026-05-08 06:45:00+00:00,0.11392
2026-05-08 07:00:00+00:00,0.13211
2026-05-08 07:15:00+00:00,0.11953
2026-05-08 07:30:00+00:00,0.10833
2026-05-08 07:45:00+00:00,0.10102
2026-05-08 08:00:00+00:00,0.11523
2026-05-08 08:15:00+00:00,0.10171
2026-05-08 08:30:00+00:00,0.09165
2026-05-08 08:45:00+00:00,0.0824
2026-05-08 09:00:00+00:00,0.09399
2026-05-08 09:15:00+00:00,0.08501
2026-05-08 09:30:00+00:00,0.06725
2026-05-08 09:45:00+00:00,0.05699
2026-05-08 10:00:00+00:00,0.07601
2026-05-08 10:15:00+00:00,0.06738
2026-05-08 10:30:00+00:00,0.06211
2026-05-08 10:45:00+00:00,0.05598
2026-05-08 11:00:00+00:00,0.06726
2026-05-08 11:15:00+00:00,0.06115
2026-05-08 11:30:00+00:00,0.05563
2026-05-08 11:45:00+00:00,0.05079
2026-05-08 12:00:00+00:00,0.0542
2026-05-08 12:15:00+00:00,0.06028
2026-05-08 12:30:00+00:00,0.07409
2026-05-08 12:45:00+00:00,0.06879
2026-05-08 13:00:00+00:00,0.06934
2026-05-08 13:15:00+00:00,0.07472
2026-05-08 13:30:00+00:00,0.09112
2026-05-08 13:45:00+00:00,0.09239
2026-05-08 14:00:00+00:00,0.0837
2026-05-08 14:15:00+00:00,0.0898
2026-05-08 14:30:00+00:00,0.09618
2026-05-08 14:45:00+00:00,0.10657
2026-05-08 15:00:00+00:00,0.09681
2026-05-08 15:15:00+00:00,0.10252
2026-05-08 15:30:00+00:00,0.11458
2026-05-08 15:45:00+00:00,0.12409
2026-05-08 16:00:00+00:00,0.11046
2026-05-08 16:15:00+00:00,0.12304
2026-05-08 16:30:00+00:00,0.1332
2026-05-08 16:45:00+00:00,0.14456
2026-05-08 17:00:00+00:00,0.13183
2026-05-08 17:15:00+00:00,0.13666
2026-05-08 17:30:00+00:00,0.14734
2026-05-08 17:45:00+00:00,0.15834
2026-05-08 18:00:00+00:00,0.1545
2026-05-08 18:15:00+00:00,0.1541
2026-05-08 18:30:00+00:00,0.1533
2026-05-08 18:45:00+00:00,0.15001
2026-05-08 19:00:00+00:00,0.15205
2026-05-08 19:15:00+00:00,0.14399
2026-05-08 19:30:00+00:00,0.13263
2026-05-08 19:45:00+00:00,0.12693
2026-05-08 20:00:00+00:00,0.13931
2026-05-08 20:15:00+00:00,0.1279
2026-05-08 20:30:00+00:00,0.12409
2026-05-08 20:45:00+00:00,0.11871
2026-05-08 21:00:00+00:00,0.12466
2026-05-08 21:15:00+00:00,0.12399
2026-05-08 21:30:00+00:00,0.11885
2026-05-08 21:45:00+00:00,0.10906
2026-05-08 22:00:00+00:00,0.13346
2026-05-08 22:15:00+00:00,0.1271
2026-05-08 22:30:00+00:00,0.12551
2026-05-08 22:45:00+00:00,0.1247
2026-05-08 23:00:00+00:00,0.12524
2026-05-08 23:15:00+00:00,0.1248
2026-05-08 23:30:00+00:00,0.1224
2026-05-08 23:45:00+00:00,0.12119
2026-05-09 00:00:00+00:00,0.12299
2026-05-09 00:15:00+00:00,0.1251
2026-05-09 00:30:00+00:00,0.122
2026-05-09 00:45:00+00:00,0.12383
2026-05-09 01:00:00+00:00,0.12401
2026-05-09 01:15:00+00:00,0.12439
2026-05-09 01:30:00+00:00,0.12459
2026-05-09 01:45:00+00:00,0.12442
2026-05-09 02:00:00+00:00,0.12425
2026-05-09 02:15:00+00:00,0.12477
2026-05-09 02:30:00+00:00,0.12632
2026-05-09 02:45:00+00:00,0.12761
2026-05-09 03:00:00+00:00,0.12474
2026-05-09 03:15:00+00:00,0.12626
2026-05-09 03:30:00+00:00,0.1274
2026-05-09 03:45:00+00:00,0.12741
2026-05-09 04:00:00+00:00,0.13098
2026-05-09 04:15:00+00:00,0.12927
2026-05-09 04:30:00+00:00,0.12795
2026-05-09 04:45:00+00:00,0.12189
2026-05-09 05:00:00+00:00,0.12718
2026-05-09 05:15:00+00:00,0.12346
2026-05-09 05:30:00+00:00,0.11932
2026-05-09 05:45:00+00:00,0.10472
2026-05-09 06:00:00+00:00,0.13335
2026-05-09 06:15:00+00:00,0.11655
2026-05-09 06:30:00+00:00,0.10368
2026-05-09 06:45:00+00:00,0.07711
2026-05-09 07:00:00+00:00,0.12622
2026-05-09 07:15:00+00:00,0.085
2026-05-09 07:30:00+00:00,0.04646
2026-05-09 07:45:00+00:00,0.01555
2026-05-09 08:00:00+00:00,0.03172
2026-05-09 08:15:00+00:00,0.00793
2026-05-09 08:30:00+00:00,7e-05
2026-05-09 08:45:00+00:00,-1e-05
2026-05-09 09:00:00+00:00,0.0
2026-05-09 09:15:00+00:00,-1e-05
2026-05-09 09:30:00+00:00,-1e-05
2026-05-09 09:45:00+00:00,-4e-05
2026-05-09 10:00:00+00:00,-4e-05
2026-05-09 10:15:00+00:00,-9e-05
2026-05-09 10:30:00+00:00,-3e-05
2026-05-09 10:45:00+00:00,-9e-05
2026-05-09 11:00:00+00:00,-9e-05
2026-05-09 11:15:00+00:00,-9e-05
2026-05-09 11:30:00+00:00,-9e-05
2026-05-09 11:45:00+00:00,-9e-05
2026-05-09 12:00:00+00:00,-2e-05
2026-05-09 12:15:00+00:00,-1e-05
2026-05-09 12:30:00+00:00,-1e-05
2026-05-09 12:45:00+00:00,-1e-05
2026-05-09 13:00:00+00:00,0.0
2026-05-09 13:15:00+00:00,0.0
2026-05-09 13:30:00+00:00,0.0
2026-05-09 13:45:00+00:00,1e-05
2026-05-09 14:00:00+00:00,0.0001
2026-05-09 14:15:00+00:00,0.00749
2026-05-09 14:30:00+00:00,0.03509
2026-05-09 14:45:00+00:00,0.06818
2026-05-09 15:00:00+00:00,0.03694
2026-05-09 15:15:00+00:00,0.08942
2026-05-09 15:30:00+00:00,0.11458
2026-05-09 15:45:00+00:00,0.13382
2026-05-09 16:00:00+00:00,0.1067
2026-05-09 16:15:00+00:00,0.12101
2026-05-09 16:30:00+00:00,0.12688
2026-05-09 16:45:00+00:00,0.13817
2026-05-09 17:00:00+00:00,0.12694
2026-05-09 17:15:00+00:00,0.13211
2026-05-09 17:30:00+00:00,0.1401
2026-05-09 17:45:00+00:00,0.15488
2026-05-09 18:00:00+00:00,0.14342
2026-05-09 18:15:00+00:00,0.14703
2026-05-09 18:30:00+00:00,0.14869
2026-05-09 18:45:00+00:00,0.14872
2026-05-09 19:00:00+00:00,0.15752
2026-05-09 19:15:00+00:00,0.14609
2026-05-09 19:30:00+00:00,0.13963
2026-05-09 19:45:00+00:00,0.1307
2026-05-09 20:00:00+00:00,0.14587
2026-05-09 20:15:00+00:00,0.14027
2026-05-09 20:30:00+00:00,0.13209
2026-05-09 20:45:00+00:00,0.12697
2026-05-09 21:00:00+00:00,0.13209
2026-05-09 21:15:00+00:00,0.12753
2026-05-09 21:30:00+00:00,0.12615
2026-05-09 21:45:00+00:00,0.12258
2026-05-09 22:00:00+00:00,0.13341
2026-05-09 22:15:00+00:00,0.12749
2026-05-09 22:30:00+00:00,0.126
2026-05-09 22:45:00+00:00,0.12547
2026-05-09 23:00:00+00:00,0.12756
2026-05-09 23:15:00+00:00,0.12649
2026-05-09 23:30:00+00:00,0.12469
2026-05-09 23:45:00+00:00,0.12305
2026-05-10 00:00:00+00:00,0.12936
2026-05-10 00:15:00+00:00,0.1249
2026-05-10 00:30:00+00:00,0.12428
2026-05-10 00:45:00+00:00,0.12319
2026-05-10 01:00:00+00:00,0.12499
2026-05-10 01:15:00+00:00,0.12311
2026-05-10 01:30:00+00:00,0.12309
2026-05-10 01:45:00+00:00,0.12274
2026-05-10 02:00:00+00:00,0.12174
2026-05-10 02:15:00+00:00,0.12649
2026-05-10 02:30:00+00:00,0.12541
2026-05-10 02:45:00+00:00,0.12315
2026-05-10 03:00:00+00:00,0.1234
2026-05-10 03:15:00+00:00,0.12634
2026-05-10 03:30:00+00:00,0.12661
2026-05-10 03:45:00+00:00,0.11941
2026-05-10 04:00:00+00:00,0.13032
2026-05-10 04:15:00+00:00,0.11968
2026-05-10 04:30:00+00:00,0.10857
2026-05-10 04:45:00+00:00,0.10199
2026-05-10 05:00:00+00:00,0.122
2026-05-10 05:15:00+00:00,0.1037
2026-05-10 05:30:00+00:00,0.0971
2026-05-10 05:45:00+00:00,0.08187
2026-05-10 06:00:00+00:00,0.11106
2026-05-10 06:15:00+00:00,0.09622
2026-05-10 06:30:00+00:00,0.06318
2026-05-10 06:45:00+00:00,0.01288
2026-05-10 07:00:00+00:00,0.03359
2026-05-10 07:15:00+00:00,0.00996
2026-05-10 07:30:00+00:00,0.00115
2026-05-10 07:45:00+00:00,2e-05
2026-05-10 08:00:00+00:00,7e-05
2026-05-10 08:15:00+00:00,0.0
2026-05-10 08:30:00+00:00,-1e-05
2026-05-10 08:45:00+00:00,-5e-05
2026-05-10 09:00:00+00:00,-5e-05
2026-05-10 09:15:00+00:00,-0.00049
2026-05-10 09:30:00+00:00,-0.00087
2026-05-10 09:45:00+00:00,-0.00127
2026-05-10 10:00:00+00:00,-0.00099
2026-05-10 10:15:00+00:00,-0.00143
2026-05-10 10:30:00+00:00,-0.00199
2026-05-10 10:45:00+00:00,-0.00311
2026-05-10 11:00:00+00:00,-0.00219
2026-05-10 11:15:00+00:00,-0.00205
2026-05-10 11:30:00+00:00,-0.0024
2026-05-10 11:45:00+00:00,-0.00202
2026-05-10 12:00:00+00:00,-0.00201
2026-05-10 12:15:00+00:00,-0.00124
2026-05-10 12:30:00+00:00,-0.0013
2026-05-10 12:45:00+00:00,-0.00105
2026-05-10 13:00:00+00:00,-0.00083
2026-05-10 13:15:00+00:00,-0.00011
2026-05-10 13:30:00+00:00,-7e-05
2026-05-10 13:45:00+00:00,-1e-05
2026-05-10 14:00:00+00:00,-6e-05
2026-05-10 14:15:00+00:00,-3e-05
2026-05-10 14:30:00+00:00,0.00023
2026-05-10 14:45:00+00:00,0.00739
2026-05-10 15:00:00+00:00,0.01013
2026-05-10 15:15:00+00:00,0.05903
2026-05-10 15:30:00+00:00,0.09549
2026-05-10 15:45:00+00:00,0.11937
2026-05-10 16:00:00+00:00,0.09098
2026-05-10 16:15:00+00:00,0.10878
2026-05-10 16:30:00+00:00,0.11952
2026-05-10 16:45:00+00:00,0.12449
2026-05-10 17:00:00+00:00,0.11228
2026-05-10 17:15:00+00:00,0.12151
2026-05-10 17:30:00+00:00,0.12522
2026-05-10 17:45:00+00:00,0.12899
2026-05-10 18:00:00+00:00,0.12702
2026-05-10 18:15:00+00:00,0.1293
2026-05-10 18:30:00+00:00,0.13023
2026-05-10 18:45:00+00:00,0.13072
2026-05-10 19:00:00+00:00,0.13129
2026-05-10 19:15:00+00:00,0.12895
2026-05-10 19:30:00+00:00,0.12741
2026-05-10 19:45:00+00:00,0.12641
2026-05-10 20:00:00+00:00,0.12689
2026-05-10 20:15:00+00:00,0.12491
2026-05-10 20:30:00+00:00,0.12362
2026-05-10 20:45:00+00:00,0.12114
2026-05-10 21:00:00+00:00,0.12415
2026-05-10 21:15:00+00:00,0.12159
2026-05-10 21:30:00+00:00,0.12047
2026-05-10 21:45:00+00:00,0.11314
2026-05-10 22:00:00+00:00,0.12516
2026-05-10 22:15:00+00:00,0.11985
2026-05-10 22:30:00+00:00,0.11672
2026-05-10 22:45:00+00:00,0.11341
2026-05-10 23:00:00+00:00,0.11745
2026-05-10 23:15:00+00:00,0.11318
2026-05-10 23:30:00+00:00,0.11037
2026-05-10 23:45:00+00:00,0.10834
2026-05-11 00:00:00+00:00,0.1111
2026-05-11 00:15:00+00:00,0.10987
2026-05-11 00:30:00+00:00,0.11009
2026-05-11 00:45:00+00:00,0.11065
2026-05-11 01:00:00+00:00,0.11034
2026-05-11 01:15:00+00:00,0.11208
2026-05-11 01:30:00+00:00,0.11343
2026-05-11 01:45:00+00:00,0.11478
2026-05-11 02:00:00+00:00,0.10794
2026-05-11 02:15:00+00:00,0.10864
2026-05-11 02:30:00+00:00,0.11552
2026-05-11 02:45:00+00:00,0.12027
2026-05-11 03:00:00+00:00,0.11801
2026-05-11 03:15:00+00:00,0.12008
2026-05-11 03:30:00+00:00,0.12375
2026-05-11 03:45:00+00:00,0.12671
2026-05-11 04:00:00+00:00,0.12544
2026-05-11 04:15:00+00:00,0.13362
2026-05-11 04:30:00+00:00,0.1402
2026-05-11 04:45:00+00:00,0.14664
2026-05-11 05:00:00+00:00,0.15298
2026-05-11 05:15:00+00:00,0.15906
2026-05-11 05:30:00+00:00,0.15612
2026-05-11 05:45:00+00:00,0.14803
2026-05-11 06:00:00+00:00,0.17357
2026-05-11 06:15:00+00:00,0.15251
2026-05-11 06:30:00+00:00,0.1422
2026-05-11 06:45:00+00:00,0.13177
2026-05-11 07:00:00+00:00,0.15295
2026-05-11 07:15:00+00:00,0.13767
2026-05-11 07:30:00+00:00,0.13344
2026-05-11 07:45:00+00:00,0.12314
2026-05-11 08:00:00+00:00,0.13949
2026-05-11 08:15:00+00:00,0.12825
2026-05-11 08:30:00+00:00,0.12214
2026-05-11 08:45:00+00:00,0.11535
2026-05-11 09:00:00+00:00,0.12604
2026-05-11 09:15:00+00:00,0.11496
2026-05-11 09:30:00+00:00,0.10673
2026-05-11 09:45:00+00:00,0.106
2026-05-11 10:00:00+00:00,0.1084
2026-05-11 10:15:00+00:00,0.1062
2026-05-11 10:30:00+00:00,0.10619
2026-05-11 10:45:00+00:00,0.10115
2026-05-11 11:00:00+00:00,0.10166
2026-05-11 11:15:00+00:00,0.10122
2026-05-11 11:30:00+00:00,0.09872
2026-05-11 11:45:00+00:00,0.09352
2026-05-11 12:00:00+00:00,0.09733
2026-05-11 12:15:00+00:00,0.09732
2026-05-11 12:30:00+00:00,0.09402
2026-05-11 12:45:00+00:00,0.09525
2026-05-11 13:00:00+00:00,0.09504
2026-05-11 13:15:00+00:00,0.09602
2026-05-11 13:30:00+00:00,0.0959
2026-05-11 13:45:00+00:00,0.09784
2026-05-11 14:00:00+00:00,0.09115
2026-05-11 14:15:00+00:00,0.09657
2026-05-11 14:30:00+00:00,0.10168
2026-05-11 14:45:00+00:00,0.11256
2026-05-11 15:00:00+00:00,0.10165
2026-05-11 15:15:00+00:00,0.11557
2026-05-11 15:30:00+00:00,0.12098
2026-05-11 15:45:00+00:00,0.12701
2026-05-11 16:00:00+00:00,0.12052
2026-05-11 16:15:00+00:00,0.122
2026-05-11 16:30:00+00:00,0.12252
2026-05-11 16:45:00+00:00,0.12688
2026-05-11 17:00:00+00:00,0.12368
2026-05-11 17:15:00+00:00,0.129
2026-05-11 17:30:00+00:00,0.13198
2026-05-11 17:45:00+00:00,0.13821
2026-05-11 18:00:00+00:00,0.12959
2026-05-11 18:15:00+00:00,0.1282
2026-05-11 18:30:00+00:00,0.13333
2026-05-11 18:45:00+00:00,0.13336
2026-05-11 19:00:00+00:00,0.13538
2026-05-11 19:15:00+00:00,0.12999
2026-05-11 19:30:00+00:00,0.12764
2026-05-11 19:45:00+00:00,0.11848
2026-05-11 20:00:00+00:00,0.12686
2026-05-11 20:15:00+00:00,0.12101
2026-05-11 20:30:00+00:00,0.12186
2026-05-11 20:45:00+00:00,0.11333
2026-05-11 21:00:00+00:00,0.11935
2026-05-11 21:15:00+00:00,0.1088
2026-05-11 21:30:00+00:00,0.1066
2026-05-11 21:45:00+00:00,0.10106
2026-05-11 22:00:00+00:00,0.10591
2026-05-11 22:15:00+00:00,0.10086
2026-05-11 22:30:00+00:00,0.09668
2026-05-11 22:45:00+00:00,0.09281
2026-05-11 23:00:00+00:00,0.09959
2026-05-11 23:15:00+00:00,0.09469
2026-05-11 23:30:00+00:00,0.0945
2026-05-11 23:45:00+00:00,0.09232
2026-05-12 00:00:00+00:00,0.09213
2026-05-12 00:15:00+00:00,0.09155
2026-05-12 00:30:00+00:00,0.0917
2026-05-12 00:45:00+00:00,0.09154
2026-05-12 01:00:00+00:00,0.09231
2026-05-12 01:15:00+00:00,0.09099
2026-05-12 01:30:00+00:00,0.0903
2026-05-12 01:45:00+00:00,0.08599
2026-05-12 02:00:00+00:00,0.08444
2026-05-12 02:15:00+00:00,0.08963
2026-05-12 02:30:00+00:00,0.09232
2026-05-12 02:45:00+00:00,0.09911
2026-05-12 03:00:00+00:00,0.0854
2026-05-12 03:15:00+00:00,0.09001
2026-05-12 03:30:00+00:00,0.0989
2026-05-12 03:45:00+00:00,0.1017
2026-05-12 04:00:00+00:00,0.09988
2026-05-12 04:15:00+00:00,0.11062
2026-05-12 04:30:00+00:00,0.11469
2026-05-12 04:45:00+00:00,0.11986
2026-05-12 05:00:00+00:00,0.12544
2026-05-12 05:15:00+00:00,0.12501
2026-05-12 05:30:00+00:00,0.12285
2026-05-12 05:45:00+00:00,0.117
2026-05-12 06:00:00+00:00,0.12505
2026-05-12 06:15:00+00:00,0.118
2026-05-12 06:30:00+00:00,0.10853
2026-05-12 06:45:00+00:00,0.097
2026-05-12 07:00:00+00:00,0.10853
2026-05-12 07:15:00+00:00,0.1
2026-05-12 07:30:00+00:00,0.09278
2026-05-12 07:45:00+00:00,0.07499
2026-05-12 08:00:00+00:00,0.09684
2026-05-12 08:15:00+00:00,0.0877
2026-05-12 08:30:00+00:00,0.07369
2026-05-12 08:45:00+00:00,0.06
2026-05-12 09:00:00+00:00,0.07265
2026-05-12 09:15:00+00:00,0.0651
2026-05-12 09:30:00+00:00,0.06008
2026-05-12 09:45:00+00:00,0.05631
2026-05-12 10:00:00+00:00,0.05591
2026-05-12 10:15:00+00:00,0.04596
2026-05-12 10:30:00+00:00,0.04091
2026-05-12 10:45:00+00:00,0.04086
2026-05-12 11:00:00+00:00,0.03231
2026-05-12 11:15:00+00:00,0.03001
2026-05-12 11:30:00+00:00,0.02448
2026-05-12 11:45:00+00:00,0.02252
2026-05-12 12:00:00+00:00,0.01513
2026-05-12 12:15:00+00:00,0.01744
2026-05-12 12:30:00+00:00,0.02101
2026-05-12 12:45:00+00:00,0.02631
2026-05-12 13:00:00+00:00,0.03036
2026-05-12 13:15:00+00:00,0.03752
2026-05-12 13:30:00+00:00,0.0501
2026-05-12 13:45:00+00:00,0.06106
2026-05-12 14:00:00+00:00,0.04565
2026-05-12 14:15:00+00:00,0.06839
2026-05-12 14:30:00+00:00,0.08741
2026-05-12 14:45:00+00:00,0.09617
2026-05-12 15:00:00+00:00,0.0701
2026-05-12 15:15:00+00:00,0.0948
2026-05-12 15:30:00+00:00,0.10262
2026-05-12 15:45:00+00:00,0.11648
2026-05-12 16:00:00+00:00,0.09739
2026-05-12 16:15:00+00:00,0.11121
2026-05-12 16:30:00+00:00,0.12108
2026-05-12 16:45:00+00:00,0.12984
2026-05-12 17:00:00+00:00,0.12198
2026-05-12 17:15:00+00:00,0.12965
2026-05-12 17:30:00+00:00,0.14045
2026-05-12 17:45:00+00:00,0.15303
2026-05-12 18:00:00+00:00,0.13829
2026-05-12 18:15:00+00:00,0.14301
2026-05-12 18:30:00+00:00,0.14649
2026-05-12 18:45:00+00:00,0.14415
2026-05-12 19:00:00+00:00,0.15178
2026-05-12 19:15:00+00:00,0.14732
2026-05-12 19:30:00+00:00,0.13961
2026-05-12 19:45:00+00:00,0.13226
2026-05-12 20:00:00+00:00,0.13816
2026-05-12 20:15:00+00:00,0.13289
2026-05-12 20:30:00+00:00,0.12945
2026-05-12 20:45:00+00:00,0.1244
2026-05-12 21:00:00+00:00,0.12714
2026-05-12 21:15:00+00:00,0.12033
2026-05-12 21:30:00+00:00,0.11517
2026-05-12 21:45:00+00:00,0.11074
2026-05-12 22:00:00+00:00,0.12605
2026-05-12 22:15:00+00:00,0.11529
2026-05-12 22:30:00+00:00,0.1103
2026-05-12 22:45:00+00:00,0.10568
2026-05-12 23:00:00+00:00,0.11054
2026-05-12 23:15:00+00:00,0.10515
2026-05-12 23:30:00+00:00,0.10512
2026-05-12 23:45:00+00:00,0.10406
2026-05-13 00:00:00+00:00,0.10469
2026-05-13 00:15:00+00:00,0.10403
2026-05-13 00:30:00+00:00,0.1036
2026-05-13 00:45:00+00:00,0.10511
2026-05-13 01:00:00+00:00,0.10449
2026-05-13 01:15:00+00:00,0.10639
2026-05-13 01:30:00+00:00,0.10913
2026-05-13 01:45:00+00:00,0.10973
2026-05-13 02:00:00+00:00,0.10609
2026-05-13 02:15:00+00:00,0.11034
2026-05-13 02:30:00+00:00,0.11178
2026-05-13 02:45:00+00:00,0.11657
2026-05-13 03:00:00+00:00,0.11172
2026-05-13 03:15:00+00:00,0.1156
2026-05-13 03:30:00+00:00,0.12368
2026-05-13 03:45:00+00:00,0.129
2026-05-13 04:00:00+00:00,0.12838
2026-05-13 04:15:00+00:00,0.13868
2026-05-13 04:30:00+00:00,0.14137
2026-05-13 04:45:00+00:00,0.1403
2026-05-13 05:00:00+00:00,0.14409
2026-05-13 05:15:00+00:00,0.1424
2026-05-13 05:30:00+00:00,0.1438
2026-05-13 05:45:00+00:00,0.1342
2026-05-13 06:00:00+00:00,0.14391
2026-05-13 06:15:00+00:00,0.13222
2026-05-13 06:30:00+00:00,0.12389
2026-05-13 06:45:00+00:00,0.10678
2026-05-13 07:00:00+00:00,0.12324
2026-05-13 07:15:00+00:00,0.10222
2026-05-13 07:30:00+00:00,0.0977
2026-05-13 07:45:00+00:00,0.08694
2026-05-13 08:00:00+00:00,0.09788
2026-05-13 08:15:00+00:00,0.08945
2026-05-13 08:30:00+00:00,0.08417
2026-05-13 08:45:00+00:00,0.07426
2026-05-13 09:00:00+00:00,0.0889
2026-05-13 09:15:00+00:00,0.08314
2026-05-13 09:30:00+00:00,0.08307
2026-05-13 09:45:00+00:00,0.08
2026-05-13 10:00:00+00:00,0.08169
2026-05-13 10:15:00+00:00,0.0763
2026-05-13 10:30:00+00:00,0.07104
2026-05-13 10:45:00+00:00,0.06738
2026-05-13 11:00:00+00:00,0.07443
2026-05-13 11:15:00+00:00,0.07372
2026-05-13 11:30:00+00:00,0.07185
2026-05-13 11:45:00+00:00,0.06709
2026-05-13 12:00:00+00:00,0.064
2026-05-13 12:15:00+00:00,0.06642
2026-05-13 12:30:00+00:00,0.07263
2026-05-13 12:45:00+00:00,0.07776
2026-05-13 13:00:00+00:00,0.06914
2026-05-13 13:15:00+00:00,0.07733
2026-05-13 13:30:00+00:00,0.08558
2026-05-13 13:45:00+00:00,0.09702
2026-05-13 14:00:00+00:00,0.07577
2026-05-13 14:15:00+00:00,0.08806
2026-05-13 14:30:00+00:00,0.09535
2026-05-13 14:45:00+00:00,0.11032
2026-05-13 15:00:00+00:00,0.09359
2026-05-13 15:15:00+00:00,0.105
2026-05-13 15:30:00+00:00,0.12097
2026-05-13 15:45:00+00:00,0.13085
2026-05-13 16:00:00+00:00,0.11707
2026-05-13 16:15:00+00:00,0.12989
2026-05-13 16:30:00+00:00,0.13532
2026-05-13 16:45:00+00:00,0.14714
2026-05-13 17:00:00+00:00,0.13375
2026-05-13 17:15:00+00:00,0.14353
2026-05-13 17:30:00+00:00,0.153
2026-05-13 17:45:00+00:00,0.17569
2026-05-13 18:00:00+00:00,0.16415
2026-05-13 18:15:00+00:00,0.16942
2026-05-13 18:30:00+00:00,0.17642
2026-05-13 18:45:00+00:00,0.17508
2026-05-13 19:00:00+00:00,0.183
2026-05-13 19:15:00+00:00,0.16197
2026-05-13 19:30:00+00:00,0.15197
2026-05-13 19:45:00+00:00,0.14324
2026-05-13 20:00:00+00:00,0.15603
2026-05-13 20:15:00+00:00,0.14357
2026-05-13 20:30:00+00:00,0.13682
2026-05-13 20:45:00+00:00,0.1324
2026-05-13 21:00:00+00:00,0.13064
2026-05-13 21:15:00+00:00,0.12675
2026-05-13 21:30:00+00:00,0.11906
2026-05-13 21:45:00+00:00,0.11593
2026-05-13 22:00:00+00:00,0.14119
2026-05-13 22:15:00+00:00,0.13338
2026-05-13 22:30:00+00:00,0.12637
2026-05-13 22:45:00+00:00,0.12122
2026-05-13 23:00:00+00:00,0.12708
2026-05-13 23:15:00+00:00,0.1222
2026-05-13 23:30:00+00:00,0.1204
2026-05-13 23:45:00+00:00,0.11732
2026-05-14 00:00:00+00:00,0.12298
2026-05-14 00:15:00+00:00,0.11989
2026-05-14 00:30:00+00:00,0.11829
2026-05-14 00:45:00+00:00,0.11574
2026-05-14 01:00:00+00:00,0.11762
2026-05-14 01:15:00+00:00,0.11644
2026-05-14 01:30:00+00:00,0.11432
2026-05-14 01:45:00+00:00,0.11417
2026-05-14 02:00:00+00:00,0.11355
2026-05-14 02:15:00+00:00,0.11211
2026-05-14 02:30:00+00:00,0.11215
2026-05-14 02:45:00+00:00,0.11386
2026-05-14 03:00:00+00:00,0.11315
2026-05-14 03:15:00+00:00,0.11186
2026-05-14 03:30:00+00:00,0.1126
2026-05-14 03:45:00+00:00,0.11057
2026-05-14 04:00:00+00:00,0.11377
2026-05-14 04:15:00+00:00,0.11451
2026-05-14 04:30:00+00:00,0.11314
2026-05-14 04:45:00+00:00,0.1042
2026-05-14 05:00:00+00:00,0.12091
2026-05-14 05:15:00+00:00,0.1092
2026-05-14 05:30:00+00:00,0.10311
2026-05-14 05:45:00+00:00,0.09914
2026-05-14 06:00:00+00:00,0.1105
2026-05-14 06:15:00+00:00,0.10501
2026-05-14 06:30:00+00:00,0.0979
2026-05-14 06:45:00+00:00,0.08362
2026-05-14 07:00:00+00:00,0.10103
2026-05-14 07:15:00+00:00,0.09518
2026-05-14 07:30:00+00:00,0.0804
2026-05-14 07:45:00+00:00,0.06399
2026-05-14 08:00:00+00:00,0.08265
2026-05-14 08:15:00+00:00,0.064
2026-05-14 08:30:00+00:00,0.05007
2026-05-14 08:45:00+00:00,0.03785
2026-05-14 09:00:00+00:00,0.0434
2026-05-14 09:15:00+00:00,0.04009
2026-05-14 09:30:00+00:00,0.03372
2026-05-14 09:45:00+00:00,0.02506
2026-05-14 10:00:00+00:00,0.02378
2026-05-14 10:15:00+00:00,0.01597
2026-05-14 10:30:00+00:00,0.01422
2026-05-14 10:45:00+00:00,0.01025
2026-05-14 11:00:00+00:00,0.01021
2026-05-14 11:15:00+00:00,0.00825
2026-05-14 11:30:00+00:00,0.00651
2026-05-14 11:45:00+00:00,0.00524
2026-05-14 12:00:00+00:00,0.00331
2026-05-14 12:15:00+00:00,0.00453
2026-05-14 12:30:00+00:00,0.00483
2026-05-14 12:45:00+00:00,0.00574
2026-05-14 13:00:00+00:00,0.00502
2026-05-14 13:15:00+00:00,0.00784
2026-05-14 13:30:00+00:00,0.01797
2026-05-14 13:45:00+00:00,0.04056
2026-05-14 14:00:00+00:00,0.02403
2026-05-14 14:15:00+00:00,0.05623
2026-05-14 14:30:00+00:00,0.08185
2026-05-14 14:45:00+00:00,0.10554
2026-05-14 15:00:00+00:00,0.06046
2026-05-14 15:15:00+00:00,0.09051
2026-05-14 15:30:00+00:00,0.10294
2026-05-14 15:45:00+00:00,0.12513
2026-05-14 16:00:00+00:00,0.10578
2026-05-14 16:15:00+00:00,0.12208
2026-05-14 16:30:00+00:00,0.13229
2026-05-14 16:45:00+00:00,0.14385
2026-05-14 17:00:00+00:00,0.13296
2026-05-14 17:15:00+00:00,0.13821
2026-05-14 17:30:00+00:00,0.14606
2026-05-14 17:45:00+00:00,0.1531
2026-05-14 18:00:00+00:00,0.14303
2026-05-14 18:15:00+00:00,0.14837
2026-05-14 18:30:00+00:00,0.15306
2026-05-14 18:45:00+00:00,0.15733
2026-05-14 19:00:00+00:00,0.15384
2026-05-14 19:15:00+00:00,0.15467
2026-05-14 19:30:00+00:00,0.15276
2026-05-14 19:45:00+00:00,0.14754
2026-05-14 20:00:00+00:00,0.16817
2026-05-14 20:15:00+00:00,0.15027
2026-05-14 20:30:00+00:00,0.14539
2026-05-14 20:45:00+00:00,0.13981
2026-05-14 21:00:00+00:00,0.14442
2026-05-14 21:15:00+00:00,0.1374
2026-05-14 21:30:00+00:00,0.13371
2026-05-14 21:45:00+00:00,0.12975
2026-05-14 22:00:00+00:00,0.14637
2026-05-14 22:15:00+00:00,0.13997
2026-05-14 22:30:00+00:00,0.13776
2026-05-14 22:45:00+00:00,0.12779
2026-05-14 23:00:00+00:00,0.14173
2026-05-14 23:15:00+00:00,0.13343
2026-05-14 23:30:00+00:00,0.12819
2026-05-14 23:45:00+00:00,0.12214
2026-05-15 00:00:00+00:00,0.13148
2026-05-15 00:15:00+00:00,0.12668
2026-05-15 00:30:00+00:00,0.1242
2026-05-15 00:45:00+00:00,0.12289
2026-05-15 01:00:00+00:00,0.12233
2026-05-15 01:15:00+00:00,0.12115
2026-05-15 01:30:00+00:00,0.12266
2026-05-15 01:45:00+00:00,0.12161
2026-05-15 02:00:00+00:00,0.12075
2026-05-15 02:15:00+00:00,0.1227
2026-05-15 02:30:00+00:00,0.12409
2026-05-15 02:45:00+00:00,0.12731
2026-05-15 03:00:00+00:00,0.1241
2026-05-15 03:15:00+00:00,0.1254
2026-05-15 03:30:00+00:00,0.12795
2026-05-15 03:45:00+00:00,0.13119
2026-05-15 04:00:00+00:00,0.1327
2026-05-15 04:15:00+00:00,0.1376
2026-05-15 04:30:00+00:00,0.1371
2026-05-15 04:45:00+00:00,0.137
2026-05-15 05:00:00+00:00,0.14185
2026-05-15 05:15:00+00:00,0.13877
2026-05-15 05:30:00+00:00,0.13532
2026-05-15 05:45:00+00:00,0.11412
2026-05-15 06:00:00+00:00,0.13679
2026-05-15 06:15:00+00:00,0.12964
2026-05-15 06:30:00+00:00,0.12058
2026-05-15 06:45:00+00:00,0.10897
2026-05-15 07:00:00+00:00,0.12175
2026-05-15 07:15:00+00:00,0.11067
2026-05-15 07:30:00+00:00,0.09762
2026-05-15 07:45:00+00:00,0.08812
2026-05-15 08:00:00+00:00,0.09923
2026-05-15 08:15:00+00:00,0.08305
2026-05-15 08:30:00+00:00,0.07736
2026-05-15 08:45:00+00:00,0.06749
2026-05-15 09:00:00+00:00,0.083
2026-05-15 09:15:00+00:00,0.07553
2026-05-15 09:30:00+00:00,0.06009
2026-05-15 09:45:00+00:00,0.04865
2026-05-15 10:00:00+00:00,0.07052
2026-05-15 10:15:00+00:00,0.06001
2026-05-15 10:30:00+00:00,0.04764
2026-05-15 10:45:00+00:00,0.03904
2026-05-15 11:00:00+00:00,0.05044
2026-05-15 11:15:00+00:00,0.04099
2026-05-15 11:30:00+00:00,0.03829
2026-05-15 11:45:00+00:00,0.03157
2026-05-15 12:00:00+00:00,0.03203
2026-05-15 12:15:00+00:00,0.03711
2026-05-15 12:30:00+00:00,0.04346
2026-05-15 12:45:00+00:00,0.04799
2026-05-15 13:00:00+00:00,0.02834
2026-05-15 13:15:00+00:00,0.044
2026-05-15 13:30:00+00:00,0.057
2026-05-15 13:45:00+00:00,0.07467
2026-05-15 14:00:00+00:00,0.04356
2026-05-15 14:15:00+00:00,0.06931
2026-05-15 14:30:00+00:00,0.09384
2026-05-15 14:45:00+00:00,0.10257
2026-05-15 15:00:00+00:00,0.0868
2026-05-15 15:15:00+00:00,0.0996
2026-05-15 15:30:00+00:00,0.11177
2026-05-15 15:45:00+00:00,0.12202
2026-05-15 16:00:00+00:00,0.11595
2026-05-15 16:15:00+00:00,0.122
2026-05-15 16:30:00+00:00,0.1268
2026-05-15 16:45:00+00:00,0.13542
2026-05-15 17:00:00+00:00,0.13598
2026-05-15 17:15:00+00:00,0.14029
2026-05-15 17:30:00+00:00,0.14498
2026-05-15 17:45:00+00:00,0.15199
2026-05-15 18:00:00+00:00,0.15187
2026-05-15 18:15:00+00:00,0.15178
2026-05-15 18:30:00+00:00,0.15308
2026-05-15 18:45:00+00:00,0.15709
2026-05-15 19:00:00+00:00,0.16267
2026-05-15 19:15:00+00:00,0.15321
2026-05-15 19:30:00+00:00,0.14656
2026-05-15 19:45:00+00:00,0.14214
2026-05-15 20:00:00+00:00,0.15094
2026-05-15 20:15:00+00:00,0.14452
2026-05-15 20:30:00+00:00,0.14421
2026-05-15 20:45:00+00:00,0.13907
2026-05-15 21:00:00+00:00,0.14448
2026-05-15 21:15:00+00:00,0.13721
2026-05-15 21:30:00+00:00,0.1312
2026-05-15 21:45:00+00:00,0.12916
2026-05-15 22:00:00+00:00,0.13914
2026-05-15 22:15:00+00:00,0.13163
2026-05-15 22:30:00+00:00,0.12647
2026-05-15 22:45:00+00:00,0.12276
2026-05-15 23:00:00+00:00,0.12459
2026-05-15 23:15:00+00:00,0.12261
2026-05-15 23:30:00+00:00,0.12069
2026-05-15 23:45:00+00:00,0.11926
2026-05-16 00:00:00+00:00,0.11959
2026-05-16 00:15:00+00:00,0.11767
2026-05-16 00:30:00+00:00,0.11721
2026-05-16 00:45:00+00:00,0.11578
2026-05-16 01:00:00+00:00,0.11785
2026-05-16 01:15:00+00:00,0.11609
2026-05-16 01:30:00+00:00,0.11522
2026-05-16 01:45:00+00:00,0.11485
2026-05-16 02:00:00+00:00,0.11473
2026-05-16 02:15:00+00:00,0.11361
2026-05-16 02:30:00+00:00,0.11276
2026-05-16 02:45:00+00:00,0.11498
2026-05-16 03:00:00+00:00,0.11482
2026-05-16 03:15:00+00:00,0.11019
2026-05-16 03:30:00+00:00,0.1068
2026-05-16 03:45:00+00:00,0.10556
2026-05-16 04:00:00+00:00,0.11047
2026-05-16 04:15:00+00:00,0.10647
2026-05-16 04:30:00+00:00,0.1051
2026-05-16 04:45:00+00:00,0.10079
2026-05-16 05:00:00+00:00,0.10797
2026-05-16 05:15:00+00:00,0.10328
2026-05-16 05:30:00+00:00,0.09864
2026-05-16 05:45:00+00:00,0.09029
2026-05-16 06:00:00+00:00,0.10031
2026-05-16 06:15:00+00:00,0.09523
2026-05-16 06:30:00+00:00,0.0817
2026-05-16 06:45:00+00:00,0.07057
2026-05-16 07:00:00+00:00,0.08905
2026-05-16 07:15:00+00:00,0.06213
2026-05-16 07:30:00+00:00,0.01746
2026-05-16 07:45:00+00:00,0.00717
2026-05-16 08:00:00+00:00,0.01365
2026-05-16 08:15:00+00:00,0.00306
2026-05-16 08:30:00+00:00,0.0001
2026-05-16 08:45:00+00:00,0.0
2026-05-16 09:00:00+00:00,0.0
2026-05-16 09:15:00+00:00,-1e-05
2026-05-16 09:30:00+00:00,-2e-05
2026-05-16 09:45:00+00:00,-9e-05
2026-05-16 10:00:00+00:00,-0.001
2026-05-16 10:15:00+00:00,-0.00109
2026-05-16 10:30:00+00:00,-0.0012
2026-05-16 10:45:00+00:00,-0.00149
2026-05-16 11:00:00+00:00,-0.00233
2026-05-16 11:15:00+00:00,-0.00224
2026-05-16 11:30:00+00:00,-0.00222
2026-05-16 11:45:00+00:00,-0.00201
2026-05-16 12:00:00+00:00,-0.00206
2026-05-16 12:15:00+00:00,-0.00202
2026-05-16 12:30:00+00:00,-0.00199
2026-05-16 12:45:00+00:00,-0.00166
2026-05-16 13:00:00+00:00,-0.0016
2026-05-16 13:15:00+00:00,-0.00105
2026-05-16 13:30:00+00:00,-0.00089
2026-05-16 13:45:00+00:00,-0.00045
2026-05-16 14:00:00+00:00,-0.00016
2026-05-16 14:15:00+00:00,-1e-05
2026-05-16 14:30:00+00:00,0.00025
2026-05-16 14:45:00+00:00,0.01904
2026-05-16 15:00:00+00:00,0.00631
2026-05-16 15:15:00+00:00,0.04372
2026-05-16 15:30:00+00:00,0.08633
2026-05-16 15:45:00+00:00,0.10401
2026-05-16 16:00:00+00:00,0.07146
2026-05-16 16:15:00+00:00,0.09581
2026-05-16 16:30:00+00:00,0.11452
2026-05-16 16:45:00+00:00,0.1191
2026-05-16 17:00:00+00:00,0.1129
2026-05-16 17:15:00+00:00,0.121
2026-05-16 17:30:00+00:00,0.132
2026-05-16 17:45:00+00:00,0.13998
2026-05-16 18:00:00+00:00,0.13398
2026-05-16 18:15:00+00:00,0.1385
2026-05-16 18:30:00+00:00,0.14144
2026-05-16 18:45:00+00:00,0.14607
2026-05-16 19:00:00+00:00,0.14408
2026-05-16 19:15:00+00:00,0.14135
2026-05-16 19:30:00+00:00,0.13926
2026-05-16 19:45:00+00:00,0.13806
2026-05-16 20:00:00+00:00,0.14234
2026-05-16 20:15:00+00:00,0.13644
2026-05-16 20:30:00+00:00,0.13431
2026-05-16 20:45:00+00:00,0.13087
2026-05-16 21:00:00+00:00,0.13427
2026-05-16 21:15:00+00:00,0.1292
2026-05-16 21:30:00+00:00,0.12795
2026-05-16 21:45:00+00:00,0.11938
2026-05-16 22:00:00+00:00,0.13795
2026-05-16 22:15:00+00:00,0.13021
2026-05-16 22:30:00+00:00,0.12274
2026-05-16 22:45:00+00:00,0.11997
2026-05-16 23:00:00+00:00,0.12577
2026-05-16 23:15:00+00:00,0.11874
2026-05-16 23:30:00+00:00,0.11651
2026-05-16 23:45:00+00:00,0.11523
2026-05-17 00:00:00+00:00,0.11872
2026-05-17 00:15:00+00:00,0.11701
2026-05-17 00:30:00+00:00,0.11364
2026-05-17 00:45:00+00:00,0.11289
2026-05-17 01:00:00+00:00,0.11132
2026-05-17 01:15:00+00:00,0.11382
2026-05-17 01:30:00+00:00,0.11403
2026-05-17 01:45:00+00:00,0.11642
2026-05-17 02:00:00+00:00,0.11058
2026-05-17 02:15:00+00:00,0.11009
2026-05-17 02:30:00+00:00,0.10789
2026-05-17 02:45:00+00:00,0.10812
2026-05-17 03:00:00+00:00,0.10733
2026-05-17 03:15:00+00:00,0.1068
2026-05-17 03:30:00+00:00,0.10533
2026-05-17 03:45:00+00:00,0.10232
2026-05-17 04:00:00+00:00,0.10564
2026-05-17 04:15:00+00:00,0.10263
2026-05-17 04:30:00+00:00,0.09584
2026-05-17 04:45:00+00:00,0.09106
2026-05-17 05:00:00+00:00,0.10019
2026-05-17 05:15:00+00:00,0.08879
2026-05-17 05:30:00+00:00,0.07088
2026-05-17 05:45:00+00:00,0.06332
2026-05-17 06:00:00+00:00,0.0838
2026-05-17 06:15:00+00:00,0.06543
2026-05-17 06:30:00+00:00,0.04918
2026-05-17 06:45:00+00:00,0.01696
2026-05-17 07:00:00+00:00,0.03861
2026-05-17 07:15:00+00:00,0.02146
2026-05-17 07:30:00+00:00,0.00999
2026-05-17 07:45:00+00:00,0.00582
2026-05-17 08:00:00+00:00,0.00807
2026-05-17 08:15:00+00:00,0.00451
2026-05-17 08:30:00+00:00,0.00134
2026-05-17 08:45:00+00:00,4e-05
2026-05-17 09:00:00+00:00,0.002
2026-05-17 09:15:00+00:00,0.00019
2026-05-17 09:30:00+00:00,5e-05
2026-05-17 09:45:00+00:00,0.0
2026-05-17 10:00:00+00:00,0.00134
2026-05-17 10:15:00+00:00,0.00098
2026-05-17 10:30:00+00:00,0.00097
2026-05-17 10:45:00+00:00,0.0
2026-05-17 11:00:00+00:00,0.0
2026-05-17 11:15:00+00:00,0.0
2026-05-17 11:30:00+00:00,0.0
2026-05-17 11:45:00+00:00,0.0
2026-05-17 12:00:00+00:00,0.0
2026-05-17 12:15:00+00:00,0.0
2026-05-17 12:30:00+00:00,5e-05
2026-05-17 12:45:00+00:00,0.00387
2026-05-17 13:00:00+00:00,0.00347
2026-05-17 13:15:00+00:00,0.00497
2026-05-17 13:30:00+00:00,0.01055
2026-05-17 13:45:00+00:00,0.02625
2026-05-17 14:00:00+00:00,0.01251
2026-05-17 14:15:00+00:00,0.02634
2026-05-17 14:30:00+00:00,0.067
2026-05-17 14:45:00+00:00,0.1039
2026-05-17 15:00:00+00:00,0.06693
2026-05-17 15:15:00+00:00,0.09145
2026-05-17 15:30:00+00:00,0.11276
2026-05-17 15:45:00+00:00,0.13012
2026-05-17 16:00:00+00:00,0.10803
2026-05-17 16:15:00+00:00,0.12654
2026-05-17 16:30:00+00:00,0.13818
2026-05-17 16:45:00+00:00,0.1448
2026-05-17 17:00:00+00:00,0.1352
2026-05-17 17:15:00+00:00,0.14223
2026-05-17 17:30:00+00:00,0.14687
2026-05-17 17:45:00+00:00,0.14797
2026-05-17 18:00:00+00:00,0.15083
2026-05-17 18:15:00+00:00,0.15857
2026-05-17 18:30:00+00:00,0.15972
2026-05-17 18:45:00+00:00,0.15408
2026-05-17 19:00:00+00:00,0.16437
2026-05-17 19:15:00+00:00,0.1575
2026-05-17 19:30:00+00:00,0.15323
2026-05-17 19:45:00+00:00,0.15172
2026-05-17 20:00:00+00:00,0.1581
2026-05-17 20:15:00+00:00,0.151
2026-05-17 20:30:00+00:00,0.14923
2026-05-17 20:45:00+00:00,0.14714
2026-05-17 21:00:00+00:00,0.14782
2026-05-17 21:15:00+00:00,0.14396
2026-05-17 21:30:00+00:00,0.1443
2026-05-17 21:45:00+00:00,0.13422
2026-05-17 22:00:00+00:00,0.14656
2026-05-17 22:15:00+00:00,0.1366
2026-05-17 22:30:00+00:00,0.13007
2026-05-17 22:45:00+00:00,0.1254
2026-05-17 23:00:00+00:00,0.13009
2026-05-17 23:15:00+00:00,0.12515
2026-05-17 23:30:00+00:00,0.12451
2026-05-17 23:45:00+00:00,0.12414
2026-05-18 00:00:00+00:00,0.12505
2026-05-18 00:15:00+00:00,0.12634
2026-05-18 00:30:00+00:00,0.12633
2026-05-18 00:45:00+00:00,0.12627
2026-05-18 01:00:00+00:00,0.12654
2026-05-18 01:15:00+00:00,0.12575
2026-05-18 01:30:00+00:00,0.12655
2026-05-18 01:45:00+00:00,0.12673
2026-05-18 02:00:00+00:00,0.12685
2026-05-18 02:15:00+00:00,0.12842
2026-05-18 02:30:00+00:00,0.12865
2026-05-18 02:45:00+00:00,0.13352
2026-05-18 03:00:00+00:00,0.12621
2026-05-18 03:15:00+00:00,0.13411
2026-05-18 03:30:00+00:00,0.13947
2026-05-18 03:45:00+00:00,0.1483
2026-05-18 04:00:00+00:00,0.14436
2026-05-18 04:15:00+00:00,0.15
2026-05-18 04:30:00+00:00,0.1537
2026-05-18 04:45:00+00:00,0.16201
2026-05-18 05:00:00+00:00,0.17073
2026-05-18 05:15:00+00:00,0.16172
2026-05-18 05:30:00+00:00,0.15909
2026-05-18 05:45:00+00:00,0.14876
2026-05-18 06:00:00+00:00,0.16897
2026-05-18 06:15:00+00:00,0.16065
2026-05-18 06:30:00+00:00,0.14907
2026-05-18 06:45:00+00:00,0.12973
2026-05-18 07:00:00+00:00,0.1412
2026-05-18 07:15:00+00:00,0.13148
2026-05-18 07:30:00+00:00,0.12003
2026-05-18 07:45:00+00:00,0.11081
2026-05-18 08:00:00+00:00,0.11945
2026-05-18 08:15:00+00:00,0.10866
2026-05-18 08:30:00+00:00,0.10613
2026-05-18 08:45:00+00:00,0.09716
2026-05-18 09:00:00+00:00,0.10311
2026-05-18 09:15:00+00:00,0.10078
2026-05-18 09:30:00+00:00,0.0983
2026-05-18 09:45:00+00:00,0.09802
2026-05-18 10:00:00+00:00,0.101
2026-05-18 10:15:00+00:00,0.09567
2026-05-18 10:30:00+00:00,0.09305
2026-05-18 10:45:00+00:00,0.08986
2026-05-18 11:00:00+00:00,0.09496
2026-05-18 11:15:00+00:00,0.09534
2026-05-18 11:30:00+00:00,0.0976
2026-05-18 11:45:00+00:00,0.09201
2026-05-18 12:00:00+00:00,0.08787
2026-05-18 12:15:00+00:00,0.09473
2026-05-18 12:30:00+00:00,0.10089
2026-05-18 12:45:00+00:00,0.10359
2026-05-18 13:00:00+00:00,0.09
2026-05-18 13:15:00+00:00,0.10233
2026-05-18 13:30:00+00:00,0.10696
2026-05-18 13:45:00+00:00,0.11033
2026-05-18 14:00:00+00:00,0.10293
2026-05-18 14:15:00+00:00,0.10809
2026-05-18 14:30:00+00:00,0.11688
2026-05-18 14:45:00+00:00,0.12796
2026-05-18 15:00:00+00:00,0.11796
2026-05-18 15:15:00+00:00,0.12535
2026-05-18 15:30:00+00:00,0.13893
2026-05-18 15:45:00+00:00,0.15402
2026-05-18 16:00:00+00:00,0.13301
2026-05-18 16:15:00+00:00,0.14266
2026-05-18 16:30:00+00:00,0.1533
2026-05-18 16:45:00+00:00,0.17958
2026-05-18 17:00:00+00:00,0.14936
2026-05-18 17:15:00+00:00,0.16724
2026-05-18 17:30:00+00:00,0.19487
2026-05-18 17:45:00+00:00,0.25994
2026-05-18 18:00:00+00:00,0.23164
2026-05-18 18:15:00+00:00,0.24632
2026-05-18 18:30:00+00:00,0.2691
2026-05-18 18:45:00+00:00,0.25653
2026-05-18 19:00:00+00:00,0.27816
2026-05-18 19:15:00+00:00,0.2243
2026-05-18 19:30:00+00:00,0.19296
2026-05-18 19:45:00+00:00,0.16193
2026-05-18 20:00:00+00:00,0.17636
2026-05-18 20:15:00+00:00,0.16101
2026-05-18 20:30:00+00:00,0.15591
2026-05-18 20:45:00+00:00,0.14931
2026-05-18 21:00:00+00:00,0.15817
2026-05-18 21:15:00+00:00,0.14864
2026-05-18 21:30:00+00:00,0.14841
2026-05-18 21:45:00+00:00,0.14036
2026-05-18 22:00:00+00:00,0.15963
2026-05-18 22:15:00+00:00,0.14847
2026-05-18 22:30:00+00:00,0.14389
2026-05-18 22:45:00+00:00,0.14102
2026-05-18 23:00:00+00:00,0.14905
2026-05-18 23:15:00+00:00,0.1409
2026-05-18 23:30:00+00:00,0.13901
2026-05-18 23:45:00+00:00,0.13881
2026-05-19 00:00:00+00:00,0.1409
2026-05-19 00:15:00+00:00,0.13803
2026-05-19 00:30:00+00:00,0.13931
2026-05-19 00:45:00+00:00,0.13905
2026-05-19 01:00:00+00:00,0.13865
2026-05-19 01:15:00+00:00,0.13703
2026-05-19 01:30:00+00:00,0.13824
2026-05-19 01:45:00+00:00,0.14024
2026-05-19 02:00:00+00:00,0.13564
2026-05-19 02:15:00+00:00,0.1368
2026-05-19 02:30:00+00:00,0.14379
2026-05-19 02:45:00+00:00,0.15004
2026-05-19 03:00:00+00:00,0.14019
2026-05-19 03:15:00+00:00,0.14405
2026-05-19 03:30:00+00:00,0.14952
2026-05-19 03:45:00+00:00,0.15392
2026-05-19 04:00:00+00:00,0.15986
2026-05-19 04:15:00+00:00,0.17232
2026-05-19 04:30:00+00:00,0.17053
2026-05-19 04:45:00+00:00,0.15513
2026-05-19 05:00:00+00:00,0.17474
2026-05-19 05:15:00+00:00,0.15679
2026-05-19 05:30:00+00:00,0.15056
2026-05-19 05:45:00+00:00,0.133
2026-05-19 06:00:00+00:00,0.15356
2026-05-19 06:15:00+00:00,0.14035
2026-05-19 06:30:00+00:00,0.12505
2026-05-19 06:45:00+00:00,0.10846
2026-05-19 07:00:00+00:00,0.12601
2026-05-19 07:15:00+00:00,0.11624
2026-05-19 07:30:00+00:00,0.10128
2026-05-19 07:45:00+00:00,0.09144
2026-05-19 08:00:00+00:00,0.10417
2026-05-19 08:15:00+00:00,0.09853
2026-05-19 08:30:00+00:00,0.09003
2026-05-19 08:45:00+00:00,0.08433
2026-05-19 09:00:00+00:00,0.09003
2026-05-19 09:15:00+00:00,0.08435
2026-05-19 09:30:00+00:00,0.07979
2026-05-19 09:45:00+00:00,0.07417
2026-05-19 10:00:00+00:00,0.07665
2026-05-19 10:15:00+00:00,0.07621
2026-05-19 10:30:00+00:00,0.07033
2026-05-19 10:45:00+00:00,0.06939
2026-05-19 11:00:00+00:00,0.07412
2026-05-19 11:15:00+00:00,0.07365
2026-05-19 11:30:00+00:00,0.07402
2026-05-19 11:45:00+00:00,0.07316
2026-05-19 12:00:00+00:00,0.06907
2026-05-19 12:15:00+00:00,0.07801
2026-05-19 12:30:00+00:00,0.08348
2026-05-19 12:45:00+00:00,0.08868
2026-05-19 13:00:00+00:00,0.07767
2026-05-19 13:15:00+00:00,0.0847
2026-05-19 13:30:00+00:00,0.09125
2026-05-19 13:45:00+00:00,0.09666
2026-05-19 14:00:00+00:00,0.08948
2026-05-19 14:15:00+00:00,0.09842
2026-05-19 14:30:00+00:00,0.10584
2026-05-19 14:45:00+00:00,0.11526
2026-05-19 15:00:00+00:00,0.11009
2026-05-19 15:15:00+00:00,0.11833
2026-05-19 15:30:00+00:00,0.13659
2026-05-19 15:45:00+00:00,0.14416
2026-05-19 16:00:00+00:00,0.12921
2026-05-19 16:15:00+00:00,0.13866
2026-05-19 16:30:00+00:00,0.14874
2026-05-19 16:45:00+00:00,0.16319
2026-05-19 17:00:00+00:00,0.14884
2026-05-19 17:15:00+00:00,0.15935
2026-05-19 17:30:00+00:00,0.17248
2026-05-19 17:45:00+00:00,0.20927
2026-05-19 18:00:00+00:00,0.18734
2026-05-19 18:15:00+00:00,0.18363
2026-05-19 18:30:00+00:00,0.17896
2026-05-19 18:45:00+00:00,0.17368
2026-05-19 19:00:00+00:00,0.18732
2026-05-19 19:15:00+00:00,0.163
2026-05-19 19:30:00+00:00,0.15785
2026-05-19 19:45:00+00:00,0.14635
2026-05-19 20:00:00+00:00,0.16114
2026-05-19 20:15:00+00:00,0.15089
2026-05-19 20:30:00+00:00,0.14138
2026-05-19 20:45:00+00:00,0.12877
2026-05-19 21:00:00+00:00,0.14089
2026-05-19 21:15:00+00:00,0.13399
2026-05-19 21:30:00+00:00,0.12871
2026-05-19 21:45:00+00:00,0.12362
2026-05-19 22:00:00+00:00,0.13539
2026-05-19 22:15:00+00:00,0.1279
2026-05-19 22:30:00+00:00,0.11867
2026-05-19 22:45:00+00:00,0.11296
2026-05-19 23:00:00+00:00,0.12011
2026-05-19 23:15:00+00:00,0.1157
2026-05-19 23:30:00+00:00,0.11369
2026-05-19 23:45:00+00:00,0.10904
2026-05-20 00:00:00+00:00,0.11137
2026-05-20 00:15:00+00:00,0.109
2026-05-20 00:30:00+00:00,0.1092
2026-05-20 00:45:00+00:00,0.10944
2026-05-20 01:00:00+00:00,0.11181
2026-05-20 01:15:00+00:00,0.11012
2026-05-20 01:30:00+00:00,0.10973
2026-05-20 01:45:00+00:00,0.10823
2026-05-20 02:00:00+00:00,0.10869
2026-05-20 02:15:00+00:00,0.10913
2026-05-20 02:30:00+00:00,0.11144
2026-05-20 02:45:00+00:00,0.11238
2026-05-20 03:00:00+00:00,0.11167
2026-05-20 03:15:00+00:00,0.115
2026-05-20 03:30:00+00:00,0.11934
2026-05-20 03:45:00+00:00,0.13019
2026-05-20 04:00:00+00:00,0.1279
2026-05-20 04:15:00+00:00,0.13873
2026-05-20 04:30:00+00:00,0.1393
2026-05-20 04:45:00+00:00,0.13402
2026-05-20 05:00:00+00:00,0.1484
2026-05-20 05:15:00+00:00,0.14333
2026-05-20 05:30:00+00:00,0.13267
2026-05-20 05:45:00+00:00,0.1235
2026-05-20 06:00:00+00:00,0.13914
2026-05-20 06:15:00+00:00,0.13214
2026-05-20 06:30:00+00:00,0.12157
2026-05-20 06:45:00+00:00,0.1092
2026-05-20 07:00:00+00:00,0.12027
2026-05-20 07:15:00+00:00,0.11067
2026-05-20 07:30:00+00:00,0.10796
2026-05-20 07:45:00+00:00,0.09734
2026-05-20 08:00:00+00:00,0.09527
2026-05-20 08:15:00+00:00,0.092
2026-05-20 08:30:00+00:00,0.09
2026-05-20 08:45:00+00:00,0.08153
2026-05-20 09:00:00+00:00,0.08832
2026-05-20 09:15:00+00:00,0.07406
2026-05-20 09:30:00+00:00,0.07574
2026-05-20 09:45:00+00:00,0.06373
2026-05-20 10:00:00+00:00,0.08358
2026-05-20 10:15:00+00:00,0.06614
2026-05-20 10:30:00+00:00,0.05912
2026-05-20 10:45:00+00:00,0.04718
2026-05-20 11:00:00+00:00,0.06001
2026-05-20 11:15:00+00:00,0.04898
2026-05-20 11:30:00+00:00,0.04201
2026-05-20 11:45:00+00:00,0.02899
2026-05-20 12:00:00+00:00,0.02736
2026-05-20 12:15:00+00:00,0.03007
2026-05-20 12:30:00+00:00,0.03595
2026-05-20 12:45:00+00:00,0.04067
2026-05-20 13:00:00+00:00,0.03159
2026-05-20 13:15:00+00:00,0.03878
2026-05-20 13:30:00+00:00,0.04884
2026-05-20 13:45:00+00:00,0.06343
2026-05-20 14:00:00+00:00,0.01801
2026-05-20 14:15:00+00:00,0.06
2026-05-20 14:30:00+00:00,0.08472
2026-05-20 14:45:00+00:00,0.09731
2026-05-20 15:00:00+00:00,0.07269
2026-05-20 15:15:00+00:00,0.09622
2026-05-20 15:30:00+00:00,0.10691
2026-05-20 15:45:00+00:00,0.12177
2026-05-20 16:00:00+00:00,0.10575
2026-05-20 16:15:00+00:00,0.122
2026-05-20 16:30:00+00:00,0.14003
2026-05-20 16:45:00+00:00,0.15307
2026-05-20 17:00:00+00:00,0.1272
2026-05-20 17:15:00+00:00,0.14424
2026-05-20 17:30:00+00:00,0.153
2026-05-20 17:45:00+00:00,0.17383
2026-05-20 18:00:00+00:00,0.15179
2026-05-20 18:15:00+00:00,0.16347
2026-05-20 18:30:00+00:00,0.17276
2026-05-20 18:45:00+00:00,0.18367
2026-05-20 19:00:00+00:00,0.18303
2026-05-20 19:15:00+00:00,0.17074
2026-05-20 19:30:00+00:00,0.16049
2026-05-20 19:45:00+00:00,0.14574
2026-05-20 20:00:00+00:00,0.16831
2026-05-20 20:15:00+00:00,0.15227
2026-05-20 20:30:00+00:00,0.14445
2026-05-20 20:45:00+00:00,0.13505
2026-05-20 21:00:00+00:00,0.14572
2026-05-20 21:15:00+00:00,0.14256
2026-05-20 21:30:00+00:00,0.13664
2026-05-20 21:45:00+00:00,0.13109
2026-05-20 22:00:00+00:00,0.14341
2026-05-20 22:15:00+00:00,0.13651
2026-05-20 22:30:00+00:00,0.1298
2026-05-20 22:45:00+00:00,0.12239
2026-05-20 23:00:00+00:00,0.12913
2026-05-20 23:15:00+00:00,0.12364
2026-05-20 23:30:00+00:00,0.11858
2026-05-20 23:45:00+00:00,0.11529
2026-05-21 00:00:00+00:00,0.11754
2026-05-21 00:15:00+00:00,0.1153
2026-05-21 00:30:00+00:00,0.11529
2026-05-21 00:45:00+00:00,0.11596
2026-05-21 01:00:00+00:00,0.11316
2026-05-21 01:15:00+00:00,0.11294
2026-05-21 01:30:00+00:00,0.11375
2026-05-21 01:45:00+00:00,0.11435
2026-05-21 02:00:00+00:00,0.11035
2026-05-21 02:15:00+00:00,0.11343
2026-05-21 02:30:00+00:00,0.11768
2026-05-21 02:45:00+00:00,0.12258
2026-05-21 03:00:00+00:00,0.1206
2026-05-21 03:15:00+00:00,0.12472
2026-05-21 03:30:00+00:00,0.1326
2026-05-21 03:45:00+00:00,0.1357
2026-05-21 04:00:00+00:00,0.13549
2026-05-21 04:15:00+00:00,0.14464
2026-05-21 04:30:00+00:00,0.14569
2026-05-21 04:45:00+00:00,0.14544
2026-05-21 05:00:00+00:00,0.15512
2026-05-21 05:15:00+00:00,0.14825
2026-05-21 05:30:00+00:00,0.14126
2026-05-21 05:45:00+00:00,0.12984
2026-05-21 06:00:00+00:00,0.153
2026-05-21 06:15:00+00:00,0.13438
2026-05-21 06:30:00+00:00,0.12415
2026-05-21 06:45:00+00:00,0.11402
2026-05-21 07:00:00+00:00,0.11859
2026-05-21 07:15:00+00:00,0.10393
2026-05-21 07:30:00+00:00,0.10082
2026-05-21 07:45:00+00:00,0.09322
2026-05-21 08:00:00+00:00,0.09862
2026-05-21 08:15:00+00:00,0.09192
2026-05-21 08:30:00+00:00,0.07901
2026-05-21 08:45:00+00:00,0.05524
2026-05-21 09:00:00+00:00,0.07173
2026-05-21 09:15:00+00:00,0.05402
2026-05-21 09:30:00+00:00,0.03026
2026-05-21 09:45:00+00:00,0.015
2026-05-21 10:00:00+00:00,0.015
2026-05-21 10:15:00+00:00,0.01177
2026-05-21 10:30:00+00:00,0.01177
2026-05-21 10:45:00+00:00,0.01001
2026-05-21 11:00:00+00:00,0.01012
2026-05-21 11:15:00+00:00,0.00845
2026-05-21 11:30:00+00:00,0.00626
2026-05-21 11:45:00+00:00,0.00465
2026-05-21 12:00:00+00:00,0.005
2026-05-21 12:15:00+00:00,0.0091
2026-05-21 12:30:00+00:00,0.00934
2026-05-21 12:45:00+00:00,0.01181
2026-05-21 13:00:00+00:00,0.0091
2026-05-21 13:15:00+00:00,0.02008
2026-05-21 13:30:00+00:00,0.04672
2026-05-21 13:45:00+00:00,0.0649
2026-05-21 14:00:00+00:00,0.02757
2026-05-21 14:15:00+00:00,0.06733
2026-05-21 14:30:00+00:00,0.09066
2026-05-21 14:45:00+00:00,0.10127
2026-05-21 15:00:00+00:00,0.07807
2026-05-21 15:15:00+00:00,0.1
2026-05-21 15:30:00+00:00,0.11097
2026-05-21 15:45:00+00:00,0.13094
2026-05-21 16:00:00+00:00,0.11313
2026-05-21 16:15:00+00:00,0.13093
2026-05-21 16:30:00+00:00,0.14645
2026-05-21 16:45:00+00:00,0.15304
2026-05-21 17:00:00+00:00,0.14159
2026-05-21 17:15:00+00:00,0.153
2026-05-21 17:30:00+00:00,0.16402
2026-05-21 17:45:00+00:00,0.19481
2026-05-21 18:00:00+00:00,0.17601
2026-05-21 18:15:00+00:00,0.19458
2026-05-21 18:30:00+00:00,0.21871
2026-05-21 18:45:00+00:00,0.22948
2026-05-21 19:00:00+00:00,0.21656
2026-05-21 19:15:00+00:00,0.19474
2026-05-21 19:30:00+00:00,0.17972
2026-05-21 19:45:00+00:00,0.16265
2026-05-21 20:00:00+00:00,0.19575
2026-05-21 20:15:00+00:00,0.16427
2026-05-21 20:30:00+00:00,0.15542
2026-05-21 20:45:00+00:00,0.1487
2026-05-21 21:00:00+00:00,0.15365
2026-05-21 21:15:00+00:00,0.14909
2026-05-21 21:30:00+00:00,0.14401
2026-05-21 21:45:00+00:00,0.13882
2026-05-21 22:00:00+00:00,0.15224
2026-05-21 22:15:00+00:00,0.14844
2026-05-21 22:30:00+00:00,0.14067
2026-05-21 22:45:00+00:00,0.13591
2026-05-21 23:00:00+00:00,0.14844
2026-05-21 23:15:00+00:00,0.1359
2026-05-21 23:30:00+00:00,0.13316
2026-05-21 23:45:00+00:00,0.1301
2026-05-22 00:00:00+00:00,0.13273
2026-05-22 00:15:00+00:00,0.132
2026-05-22 00:30:00+00:00,0.1308
2026-05-22 00:45:00+00:00,0.13102
2026-05-22 01:00:00+00:00,0.13062
2026-05-22 01:15:00+00:00,0.12986
2026-05-22 01:30:00+00:00,0.12784
2026-05-22 01:45:00+00:00,0.12748
2026-05-22 02:00:00+00:00,0.12755
2026-05-22 02:15:00+00:00,0.12946
2026-05-22 02:30:00+00:00,0.13394
2026-05-22 02:45:00+00:00,0.13504
2026-05-22 03:00:00+00:00,0.12996
2026-05-22 03:15:00+00:00,0.13497
2026-05-22 03:30:00+00:00,0.13732
2026-05-22 03:45:00+00:00,0.14062
2026-05-22 04:00:00+00:00,0.14256
2026-05-22 04:15:00+00:00,0.14722
2026-05-22 04:30:00+00:00,0.14615
2026-05-22 04:45:00+00:00,0.14149
2026-05-22 05:00:00+00:00,0.15658
2026-05-22 05:15:00+00:00,0.14715
2026-05-22 05:30:00+00:00,0.13401
2026-05-22 05:45:00+00:00,0.11497
2026-05-22 06:00:00+00:00,0.141
2026-05-22 06:15:00+00:00,0.13024
2026-05-22 06:30:00+00:00,0.11884
2026-05-22 06:45:00+00:00,0.10246
2026-05-22 07:00:00+00:00,0.13097
2026-05-22 07:15:00+00:00,0.10091
2026-05-22 07:30:00+00:00,0.08097
2026-05-22 07:45:00+00:00,0.05468
2026-05-22 08:00:00+00:00,0.09282
2026-05-22 08:15:00+00:00,0.06099
2026-05-22 08:30:00+00:00,0.01479
2026-05-22 08:45:00+00:00,0.00132
2026-05-22 09:00:00+00:00,0.01375
2026-05-22 09:15:00+00:00,0.00191
2026-05-22 09:30:00+00:00,9e-05
2026-05-22 09:45:00+00:00,1e-05
2026-05-22 10:00:00+00:00,1e-05
2026-05-22 10:15:00+00:00,1e-05
2026-05-22 10:30:00+00:00,0.0
2026-05-22 10:45:00+00:00,0.0
2026-05-22 11:00:00+00:00,0.0
2026-05-22 11:15:00+00:00,0.0
2026-05-22 11:30:00+00:00,0.0
2026-05-22 11:45:00+00:00,0.0
2026-05-22 12:00:00+00:00,0.0
2026-05-22 12:15:00+00:00,0.0
2026-05-22 12:30:00+00:00,9e-05
2026-05-22 12:45:00+00:00,0.00391
2026-05-22 13:00:00+00:00,0.00121
2026-05-22 13:15:00+00:00,0.0091
2026-05-22 13:30:00+00:00,0.02237
2026-05-22 13:45:00+00:00,0.04854
2026-05-22 14:00:00+00:00,0.01534
2026-05-22 14:15:00+00:00,0.06042
2026-05-22 14:30:00+00:00,0.09171
2026-05-22 14:45:00+00:00,0.11349
2026-05-22 15:00:00+00:00,0.07207
2026-05-22 15:15:00+00:00,0.09101
2026-05-22 15:30:00+00:00,0.11371
2026-05-22 15:45:00+00:00,0.13999
2026-05-22 16:00:00+00:00,0.10917
2026-05-22 16:15:00+00:00,0.13163
2026-05-22 16:30:00+00:00,0.14234
2026-05-22 16:45:00+00:00,0.15666
2026-05-22 17:00:00+00:00,0.13008
2026-05-22 17:15:00+00:00,0.14197
2026-05-22 17:30:00+00:00,0.16264
2026-05-22 17:45:00+00:00,0.2102
2026-05-22 18:00:00+00:00,0.18888
2026-05-22 18:15:00+00:00,0.20593
2026-05-22 18:30:00+00:00,0.23122
2026-05-22 18:45:00+00:00,0.24768
2026-05-22 19:00:00+00:00,0.23063
2026-05-22 19:15:00+00:00,0.20731
2026-05-22 19:30:00+00:00,0.17497
2026-05-22 19:45:00+00:00,0.16174
2026-05-22 20:00:00+00:00,0.18139
2026-05-22 20:15:00+00:00,0.159
2026-05-22 20:30:00+00:00,0.14561
2026-05-22 20:45:00+00:00,0.13254
2026-05-22 21:00:00+00:00,0.153
2026-05-22 21:15:00+00:00,0.14401
2026-05-22 21:30:00+00:00,0.1359
2026-05-22 21:45:00+00:00,0.13003
2026-05-22 22:00:00+00:00,0.15813
2026-05-22 22:15:00+00:00,0.1415
2026-05-22 22:30:00+00:00,0.12837
2026-05-22 22:45:00+00:00,0.11904
2026-05-22 23:00:00+00:00,0.13614
2026-05-22 23:15:00+00:00,0.13004
2026-05-22 23:30:00+00:00,0.13088
2026-05-22 23:45:00+00:00,0.12294
2026-05-23 00:00:00+00:00,0.13169
2026-05-23 00:15:00+00:00,0.12823
2026-05-23 00:30:00+00:00,0.12101
2026-05-23 00:45:00+00:00,0.12254
2026-05-23 01:00:00+00:00,0.12648
2026-05-23 01:15:00+00:00,0.12647
2026-05-23 01:30:00+00:00,0.12645
2026-05-23 01:45:00+00:00,0.12207
2026-05-23 02:00:00+00:00,0.12172
2026-05-23 02:15:00+00:00,0.11987
2026-05-23 02:30:00+00:00,0.12144
2026-05-23 02:45:00+00:00,0.1239
2026-05-23 03:00:00+00:00,0.12647
2026-05-23 03:15:00+00:00,0.1216
2026-05-23 03:30:00+00:00,0.11793
2026-05-23 03:45:00+00:00,0.11104
2026-05-23 04:00:00+00:00,0.1303
2026-05-23 04:15:00+00:00,0.12191
2026-05-23 04:30:00+00:00,0.10998
2026-05-23 04:45:00+00:00,0.10328
2026-05-23 05:00:00+00:00,0.13184
2026-05-23 05:15:00+00:00,0.10394
2026-05-23 05:30:00+00:00,0.09086
2026-05-23 05:45:00+00:00,0.0617
2026-05-23 06:00:00+00:00,0.10414
2026-05-23 06:15:00+00:00,0.06343
2026-05-23 06:30:00+00:00,0.02441
2026-05-23 06:45:00+00:00,0.00747
2026-05-23 07:00:00+00:00,0.0054
2026-05-23 07:15:00+00:00,0.001
2026-05-23 07:30:00+00:00,0.0
2026-05-23 07:45:00+00:00,0.0
2026-05-23 08:00:00+00:00,-1e-05
2026-05-23 08:15:00+00:00,-2e-05
2026-05-23 08:30:00+00:00,-0.0003
2026-05-23 08:45:00+00:00,-0.001
2026-05-23 09:00:00+00:00,-0.00202
2026-05-23 09:15:00+00:00,-0.00211
2026-05-23 09:30:00+00:00,-0.00599
2026-05-23 09:45:00+00:00,-0.00548
2026-05-23 10:00:00+00:00,-0.00601
2026-05-23 10:15:00+00:00,-0.01003
2026-05-23 10:30:00+00:00,-0.01354
2026-05-23 10:45:00+00:00,-0.01999
2026-05-23 11:00:00+00:00,-0.025
2026-05-23 11:15:00+00:00,-0.03
2026-05-23 11:30:00+00:00,-0.03665
2026-05-23 11:45:00+00:00,-0.03562
2026-05-23 12:00:00+00:00,-0.02703
2026-05-23 12:15:00+00:00,-0.02006
2026-05-23 12:30:00+00:00,-0.01354
2026-05-23 12:45:00+00:00,-0.01305
2026-05-23 13:00:00+00:00,-0.00867
2026-05-23 13:15:00+00:00,-0.00323
2026-05-23 13:30:00+00:00,-0.0021
2026-05-23 13:45:00+00:00,-0.002
2026-05-23 14:00:00+00:00,-0.00107
2026-05-23 14:15:00+00:00,-9e-05
2026-05-23 14:30:00+00:00,0.0
2026-05-23 14:45:00+00:00,1e-05
2026-05-23 15:00:00+00:00,0.0001
2026-05-23 15:15:00+00:00,0.0038
2026-05-23 15:30:00+00:00,0.05551
2026-05-23 15:45:00+00:00,0.11838
2026-05-23 16:00:00+00:00,0.08237
2026-05-23 16:15:00+00:00,0.11359
2026-05-23 16:30:00+00:00,0.133
2026-05-23 16:45:00+00:00,0.15409
2026-05-23 17:00:00+00:00,0.12587
2026-05-23 17:15:00+00:00,0.14019
2026-05-23 17:30:00+00:00,0.15483
2026-05-23 17:45:00+00:00,0.17774
2026-05-23 18:00:00+00:00,0.1575
2026-05-23 18:15:00+00:00,0.16559
2026-05-23 18:30:00+00:00,0.18468
2026-05-23 18:45:00+00:00,0.19031
2026-05-23 19:00:00+00:00,0.18088
2026-05-23 19:15:00+00:00,0.17303
2026-05-23 19:30:00+00:00,0.1679
2026-05-23 19:45:00+00:00,0.16245
2026-05-23 20:00:00+00:00,0.18105
2026-05-23 20:15:00+00:00,0.15892
2026-05-23 20:30:00+00:00,0.14892
2026-05-23 20:45:00+00:00,0.13877
2026-05-23 21:00:00+00:00,0.1536
2026-05-23 21:15:00+00:00,0.1488
2026-05-23 21:30:00+00:00,0.13927
2026-05-23 21:45:00+00:00,0.13694
2026-05-23 22:00:00+00:00,0.153
2026-05-23 22:15:00+00:00,0.15007
2026-05-23 22:30:00+00:00,0.13677
2026-05-23 22:45:00+00:00,0.13537
2026-05-23 23:00:00+00:00,0.13714
2026-05-23 23:15:00+00:00,0.13638
2026-05-23 23:30:00+00:00,0.1312
2026-05-23 23:45:00+00:00,0.12879
2026-05-24 00:00:00+00:00,0.14249
2026-05-24 00:15:00+00:00,0.13903
2026-05-24 00:30:00+00:00,0.13529
2026-05-24 00:45:00+00:00,0.13073
2026-05-24 01:00:00+00:00,0.12641
2026-05-24 01:15:00+00:00,0.12579
2026-05-24 01:30:00+00:00,0.12547
2026-05-24 01:45:00+00:00,0.12409
2026-05-24 02:00:00+00:00,0.1213
2026-05-24 02:15:00+00:00,0.12115
2026-05-24 02:30:00+00:00,0.125
2026-05-24 02:45:00+00:00,0.12411
2026-05-24 03:00:00+00:00,0.12469
2026-05-24 03:15:00+00:00,0.12033
2026-05-24 03:30:00+00:00,0.11547
2026-05-24 03:45:00+00:00,0.1104
2026-05-24 04:00:00+00:00,0.11952
2026-05-24 04:15:00+00:00,0.113
2026-05-24 04:30:00+00:00,0.10389
2026-05-24 04:45:00+00:00,0.09877
2026-05-24 05:00:00+00:00,0.12375
2026-05-24 05:15:00+00:00,0.09776
2026-05-24 05:30:00+00:00,0.0847
2026-05-24 05:45:00+00:00,0.04764
2026-05-24 06:00:00+00:00,0.05702
2026-05-24 06:15:00+00:00,0.00796
2026-05-24 06:30:00+00:00,0.00049
2026-05-24 06:45:00+00:00,0.0
2026-05-24 07:00:00+00:00,1e-05
2026-05-24 07:15:00+00:00,0.0
2026-05-24 07:30:00+00:00,-1e-05
2026-05-24 07:45:00+00:00,-0.00011
2026-05-24 08:00:00+00:00,-0.00011
2026-05-24 08:15:00+00:00,-0.0009
2026-05-24 08:30:00+00:00,-0.003
2026-05-24 08:45:00+00:00,-0.006
2026-05-24 09:00:00+00:00,-0.006
2026-05-24 09:15:00+00:00,-0.0113
2026-05-24 09:30:00+00:00,-0.0144
2026-05-24 09:45:00+00:00,-0.02363
2026-05-24 10:00:00+00:00,-0.0196
2026-05-24 10:15:00+00:00,-0.02999
2026-05-24 10:30:00+00:00,-0.04207
2026-05-24 10:45:00+00:00,-0.05879
2026-05-24 11:00:00+00:00,-0.06003
2026-05-24 11:15:00+00:00,-0.07201
2026-05-24 11:30:00+00:00,-0.085
2026-05-24 11:45:00+00:00,-0.08671
2026-05-24 12:00:00+00:00,-0.07791
2026-05-24 12:15:00+00:00,-0.07001
2026-05-24 12:30:00+00:00,-0.059
2026-05-24 12:45:00+00:00,-0.04009
2026-05-24 13:00:00+00:00,-0.04633
2026-05-24 13:15:00+00:00,-0.02727
2026-05-24 13:30:00+00:00,-0.01437
2026-05-24 13:45:00+00:00,-0.006
2026-05-24 14:00:00+00:00,-0.006
2026-05-24 14:15:00+00:00,-0.00152
2026-05-24 14:30:00+00:00,-0.00027
2026-05-24 14:45:00+00:00,-4e-05
2026-05-24 15:00:00+00:00,-1e-05
2026-05-24 15:15:00+00:00,0.0
2026-05-24 15:30:00+00:00,0.00196
2026-05-24 15:45:00+00:00,0.05555
2026-05-24 16:00:00+00:00,0.02269
2026-05-24 16:15:00+00:00,0.08978
2026-05-24 16:30:00+00:00,0.13046
2026-05-24 16:45:00+00:00,0.14258
2026-05-24 17:00:00+00:00,0.12026
2026-05-24 17:15:00+00:00,0.12609
2026-05-24 17:30:00+00:00,0.13439
2026-05-24 17:45:00+00:00,0.15213
2026-05-24 18:00:00+00:00,0.13312
2026-05-24 18:15:00+00:00,0.14784
2026-05-24 18:30:00+00:00,0.15996
2026-05-24 18:45:00+00:00,0.16315
2026-05-24 19:00:00+00:00,0.16101
2026-05-24 19:15:00+00:00,0.15913
2026-05-24 19:30:00+00:00,0.15162
2026-05-24 19:45:00+00:00,0.14115
2026-05-24 20:00:00+00:00,0.15772
2026-05-24 20:15:00+00:00,0.14999
2026-05-24 20:30:00+00:00,0.13938
2026-05-24 20:45:00+00:00,0.13059
2026-05-24 21:00:00+00:00,0.13839
2026-05-24 21:15:00+00:00,0.13296
2026-05-24 21:30:00+00:00,0.1297
2026-05-24 21:45:00+00:00,0.12735
2026-05-24 22:00:00+00:00,0.13613
2026-05-24 22:15:00+00:00,0.13002
2026-05-24 22:30:00+00:00,0.13176
2026-05-24 22:45:00+00:00,0.12556
2026-05-24 23:00:00+00:00,0.13117
2026-05-24 23:15:00+00:00,0.12552
2026-05-24 23:30:00+00:00,0.12301
2026-05-24 23:45:00+00:00,0.12423
2026-05-25 00:00:00+00:00,0.12568
2026-05-25 00:15:00+00:00,0.12558
2026-05-25 00:30:00+00:00,0.125
2026-05-25 00:45:00+00:00,0.1247
2026-05-25 01:00:00+00:00,0.12093
2026-05-25 01:15:00+00:00,0.12396
2026-05-25 01:30:00+00:00,0.12715
2026-05-25 01:45:00+00:00,0.13201
2026-05-25 02:00:00+00:00,0.12479
2026-05-25 02:15:00+00:00,0.12898
2026-05-25 02:30:00+00:00,0.12917
2026-05-25 02:45:00+00:00,0.13431
2026-05-25 03:00:00+00:00,0.12855
2026-05-25 03:15:00+00:00,0.13071
2026-05-25 03:30:00+00:00,0.13376
2026-05-25 03:45:00+00:00,0.13496
2026-05-25 04:00:00+00:00,0.13789
2026-05-25 04:15:00+00:00,0.13496
2026-05-25 04:30:00+00:00,0.12913
2026-05-25 04:45:00+00:00,0.1188
2026-05-25 05:00:00+00:00,0.13841
2026-05-25 05:15:00+00:00,0.12644
2026-05-25 05:30:00+00:00,0.114
2026-05-25 05:45:00+00:00,0.09266
2026-05-25 06:00:00+00:00,0.13496
2026-05-25 06:15:00+00:00,0.10351
2026-05-25 06:30:00+00:00,0.06557
2026-05-25 06:45:00+00:00,0.00668
2026-05-25 07:00:00+00:00,0.01673
2026-05-25 07:15:00+00:00,0.00308
2026-05-25 07:30:00+00:00,0.00019
2026-05-25 07:45:00+00:00,0.0
2026-05-25 08:00:00+00:00,0.0
2026-05-25 08:15:00+00:00,-2e-05
2026-05-25 08:30:00+00:00,-7e-05
2026-05-25 08:45:00+00:00,-0.00058
2026-05-25 09:00:00+00:00,-0.00201
2026-05-25 09:15:00+00:00,-0.00304
2026-05-25 09:30:00+00:00,-0.00601
2026-05-25 09:45:00+00:00,-0.00999
2026-05-25 10:00:00+00:00,-0.01067
2026-05-25 10:15:00+00:00,-0.01133
2026-05-25 10:30:00+00:00,-0.01306
2026-05-25 10:45:00+00:00,-0.01579
2026-05-25 11:00:00+00:00,-0.02207
2026-05-25 11:15:00+00:00,-0.02745
2026-05-25 11:30:00+00:00,-0.03266
2026-05-25 11:45:00+00:00,-0.035
2026-05-25 12:00:00+00:00,-0.03236
2026-05-25 12:15:00+00:00,-0.03
2026-05-25 12:30:00+00:00,-0.02501
2026-05-25 12:45:00+00:00,-0.02136
2026-05-25 13:00:00+00:00,-0.01713
2026-05-25 13:15:00+00:00,-0.01077
2026-05-25 13:30:00+00:00,-0.0073
2026-05-25 13:45:00+00:00,-0.005
2026-05-25 14:00:00+00:00,-0.00367
2026-05-25 14:15:00+00:00,-0.00294
2026-05-25 14:30:00+00:00,-0.00495
2026-05-25 14:45:00+00:00,-0.0001
2026-05-25 15:00:00+00:00,0.0
2026-05-25 15:15:00+00:00,0.00134
2026-05-25 15:30:00+00:00,0.01715
2026-05-25 15:45:00+00:00,0.10931
2026-05-25 16:00:00+00:00,0.07098
2026-05-25 16:15:00+00:00,0.10558
2026-05-25 16:30:00+00:00,0.14097
2026-05-25 16:45:00+00:00,0.15776
2026-05-25 17:00:00+00:00,0.12855
2026-05-25 17:15:00+00:00,0.14268
2026-05-25 17:30:00+00:00,0.15197
2026-05-25 17:45:00+00:00,0.1791
2026-05-25 18:00:00+00:00,0.15432
2026-05-25 18:15:00+00:00,0.16856
2026-05-25 18:30:00+00:00,0.18076
2026-05-25 18:45:00+00:00,0.1851
2026-05-25 19:00:00+00:00,0.18513
2026-05-25 19:15:00+00:00,0.17668
2026-05-25 19:30:00+00:00,0.16459
2026-05-25 19:45:00+00:00,0.1546
2026-05-25 20:00:00+00:00,0.17847
2026-05-25 20:15:00+00:00,0.16173
2026-05-25 20:30:00+00:00,0.14828
2026-05-25 20:45:00+00:00,0.14085
2026-05-25 21:00:00+00:00,0.1491
2026-05-25 21:15:00+00:00,0.1425
2026-05-25 21:30:00+00:00,0.14099
2026-05-25 21:45:00+00:00,0.13151
2026-05-25 22:00:00+00:00,0.15299
2026-05-25 22:15:00+00:00,0.14011
2026-05-25 22:30:00+00:00,0.13016
2026-05-25 22:45:00+00:00,0.12218
2026-05-25 23:00:00+00:00,0.13423
2026-05-25 23:15:00+00:00,0.1266
2026-05-25 23:30:00+00:00,0.12283
2026-05-25 23:45:00+00:00,0.11893
2026-05-26 00:00:00+00:00,0.12403
2026-05-26 00:15:00+00:00,0.12108
2026-05-26 00:30:00+00:00,0.12014
2026-05-26 00:45:00+00:00,0.11733
2026-05-26 01:00:00+00:00,0.12282
2026-05-26 01:15:00+00:00,0.12105
2026-05-26 01:30:00+00:00,0.12099
2026-05-26 01:45:00+00:00,0.11986
2026-05-26 02:00:00+00:00,0.11753
2026-05-26 02:15:00+00:00,0.11784
2026-05-26 02:30:00+00:00,0.12004
2026-05-26 02:45:00+00:00,0.12271
2026-05-26 03:00:00+00:00,0.12211
2026-05-26 03:15:00+00:00,0.12483
2026-05-26 03:30:00+00:00,0.13101
2026-05-26 03:45:00+00:00,0.13769
2026-05-26 04:00:00+00:00,0.13873
2026-05-26 04:15:00+00:00,0.14691
2026-05-26 04:30:00+00:00,0.14359
2026-05-26 04:45:00+00:00,0.14319
2026-05-26 05:00:00+00:00,0.16179
2026-05-26 05:15:00+00:00,0.14525
2026-05-26 05:30:00+00:00,0.1398
2026-05-26 05:45:00+00:00,0.11932
2026-05-26 06:00:00+00:00,0.1593
2026-05-26 06:15:00+00:00,0.13033
2026-05-26 06:30:00+00:00,0.10886
2026-05-26 06:45:00+00:00,0.08969
2026-05-26 07:00:00+00:00,0.13705
2026-05-26 07:15:00+00:00,0.09261
2026-05-26 07:30:00+00:00,0.07001
2026-05-26 07:45:00+00:00,0.01553
2026-05-26 08:00:00+00:00,0.02224
2026-05-26 08:15:00+00:00,0.0038
2026-05-26 08:30:00+00:00,6e-05
2026-05-26 08:45:00+00:00,-2e-05
2026-05-26 09:00:00+00:00,0.0
2026-05-26 09:15:00+00:00,0.0
2026-05-26 09:30:00+00:00,-1e-05
2026-05-26 09:45:00+00:00,-2e-05
2026-05-26 10:00:00+00:00,-0.00058
2026-05-26 10:15:00+00:00,-0.00119
2026-05-26 10:30:00+00:00,-0.00207
2026-05-26 10:45:00+00:00,-0.00346
2026-05-26 11:00:00+00:00,-0.00201
2026-05-26 11:15:00+00:00,-0.00202
2026-05-26 11:30:00+00:00,-0.00297
2026-05-26 11:45:00+00:00,-0.003
2026-05-26 12:00:00+00:00,-0.00126
2026-05-26 12:15:00+00:00,-0.00101
2026-05-26 12:30:00+00:00,-0.00094
2026-05-26 12:45:00+00:00,-0.00013
2026-05-26 13:00:00+00:00,-4e-05
2026-05-26 13:15:00+00:00,-1e-05
2026-05-26 13:30:00+00:00,-1e-05
2026-05-26 13:45:00+00:00,0.0
2026-05-26 14:00:00+00:00,-1e-05
2026-05-26 14:15:00+00:00,0.00096
2026-05-26 14:30:00+00:00,0.00579
2026-05-26 14:45:00+00:00,0.04572
2026-05-26 15:00:00+00:00,0.0091
2026-05-26 15:15:00+00:00,0.08386
2026-05-26 15:30:00+00:00,0.12647
2026-05-26 15:45:00+00:00,0.13931
2026-05-26 16:00:00+00:00,0.09262
2026-05-26 16:15:00+00:00,0.12296
2026-05-26 16:30:00+00:00,0.146
2026-05-26 16:45:00+00:00,0.17757
2026-05-26 17:00:00+00:00,0.12797
2026-05-26 17:15:00+00:00,0.15299
2026-05-26 17:30:00+00:00,0.18728
2026-05-26 17:45:00+00:00,0.27217
2026-05-26 18:00:00+00:00,0.19918
2026-05-26 18:15:00+00:00,0.22687
2026-05-26 18:30:00+00:00,0.23009
2026-05-26 18:45:00+00:00,0.21565
2026-05-26 19:00:00+00:00,0.22362
2026-05-26 19:15:00+00:00,0.18904
2026-05-26 19:30:00+00:00,0.17364
2026-05-26 19:45:00+00:00,0.15284
2026-05-26 20:00:00+00:00,0.18115
2026-05-26 20:15:00+00:00,0.15419
2026-05-26 20:30:00+00:00,0.1476
2026-05-26 20:45:00+00:00,0.13216
2026-05-26 21:00:00+00:00,0.14188
2026-05-26 21:15:00+00:00,0.13706
2026-05-26 21:30:00+00:00,0.12848
2026-05-26 21:45:00+00:00,0.11471
2026-05-26 22:00:00+00:00,0.14012
2026-05-26 22:15:00+00:00,0.13531
2026-05-26 22:30:00+00:00,0.13353
2026-05-26 22:45:00+00:00,0.13019
2026-05-26 23:00:00+00:00,0.13349
2026-05-26 23:15:00+00:00,0.1281
2026-05-26 23:30:00+00:00,0.12688
2026-05-26 23:45:00+00:00,0.1216
2026-05-27 00:00:00+00:00,0.12266
2026-05-27 00:15:00+00:00,0.12104
2026-05-27 00:30:00+00:00,0.12007
2026-05-27 00:45:00+00:00,0.1184
2026-05-27 01:00:00+00:00,0.11929
2026-05-27 01:15:00+00:00,0.11885
2026-05-27 01:30:00+00:00,0.11888
2026-05-27 01:45:00+00:00,0.11846
2026-05-27 02:00:00+00:00,0.11635
2026-05-27 02:15:00+00:00,0.11894
2026-05-27 02:30:00+00:00,0.11954
2026-05-27 02:45:00+00:00,0.12136
2026-05-27 03:00:00+00:00,0.11567
2026-05-27 03:15:00+00:00,0.11702
2026-05-27 03:30:00+00:00,0.1233
2026-05-27 03:45:00+00:00,0.12895
2026-05-27 04:00:00+00:00,0.12959
2026-05-27 04:15:00+00:00,0.1381
2026-05-27 04:30:00+00:00,0.13754
2026-05-27 04:45:00+00:00,0.13157
2026-05-27 05:00:00+00:00,0.1477
2026-05-27 05:15:00+00:00,0.13896
2026-05-27 05:30:00+00:00,0.12603
2026-05-27 05:45:00+00:00,0.11171
2026-05-27 06:00:00+00:00,0.14281
2026-05-27 06:15:00+00:00,0.11469
2026-05-27 06:30:00+00:00,0.09832
2026-05-27 06:45:00+00:00,0.06999
2026-05-27 07:00:00+00:00,0.104
2026-05-27 07:15:00+00:00,0.06798
2026-05-27 07:30:00+00:00,0.01727
2026-05-27 07:45:00+00:00,0.00369
2026-05-27 08:00:00+00:00,0.011
2026-05-27 08:15:00+00:00,0.00265
2026-05-27 08:30:00+00:00,7e-05
2026-05-27 08:45:00+00:00,-2e-05
2026-05-27 09:00:00+00:00,0.0
2026-05-27 09:15:00+00:00,-3e-05
2026-05-27 09:30:00+00:00,-0.00028
2026-05-27 09:45:00+00:00,-0.00077
2026-05-27 10:00:00+00:00,-0.00078
2026-05-27 10:15:00+00:00,-0.001
2026-05-27 10:30:00+00:00,-0.00121
2026-05-27 10:45:00+00:00,-0.00121
2026-05-27 11:00:00+00:00,-0.00117
2026-05-27 11:15:00+00:00,-0.00137
2026-05-27 11:30:00+00:00,-0.002
2026-05-27 11:45:00+00:00,-0.002
2026-05-27 12:00:00+00:00,-0.00191
2026-05-27 12:15:00+00:00,-0.00128
2026-05-27 12:30:00+00:00,-0.00162
2026-05-27 12:45:00+00:00,-0.00177
2026-05-27 13:00:00+00:00,-0.0018
2026-05-27 13:15:00+00:00,-0.00202
2026-05-27 13:30:00+00:00,-0.0019
2026-05-27 13:45:00+00:00,-0.00109
2026-05-27 14:00:00+00:00,-0.00188
2026-05-27 14:15:00+00:00,-9e-05
2026-05-27 14:30:00+00:00,-1e-05
2026-05-27 14:45:00+00:00,0.00029
2026-05-27 15:00:00+00:00,0.002
2026-05-27 15:15:00+00:00,0.005
2026-05-27 15:30:00+00:00,0.03917
2026-05-27 15:45:00+00:00,0.08266
2026-05-27 16:00:00+00:00,0.03862
2026-05-27 16:15:00+00:00,0.08805
2026-05-27 16:30:00+00:00,0.12137
2026-05-27 16:45:00+00:00,0.14335
2026-05-27 17:00:00+00:00,0.11308
2026-05-27 17:15:00+00:00,0.13451
2026-05-27 17:30:00+00:00,0.14549
2026-05-27 17:45:00+00:00,0.15299
2026-05-27 18:00:00+00:00,0.14099
2026-05-27 18:15:00+00:00,0.14955
2026-05-27 18:30:00+00:00,0.16487
2026-05-27 18:45:00+00:00,0.1713
2026-05-27 19:00:00+00:00,0.16896
2026-05-27 19:15:00+00:00,0.16188
2026-05-27 19:30:00+00:00,0.15484
2026-05-27 19:45:00+00:00,0.14444
2026-05-27 20:00:00+00:00,0.1544
2026-05-27 20:15:00+00:00,0.14569
2026-05-27 20:30:00+00:00,0.1413
2026-05-27 20:45:00+00:00,0.13525
2026-05-27 21:00:00+00:00,0.14032
2026-05-27 21:15:00+00:00,0.13431
2026-05-27 21:30:00+00:00,0.13027
2026-05-27 21:45:00+00:00,0.12892
2026-05-27 22:00:00+00:00,0.1386
2026-05-27 22:15:00+00:00,0.13254
2026-05-27 22:30:00+00:00,0.13061
2026-05-27 22:45:00+00:00,0.13003
2026-05-27 23:00:00+00:00,0.136
2026-05-27 23:15:00+00:00,0.12858
2026-05-27 23:30:00+00:00,0.12785
2026-05-27 23:45:00+00:00,0.12572
2026-05-28 00:00:00+00:00,0.12808
2026-05-28 00:15:00+00:00,0.12579
2026-05-28 00:30:00+00:00,0.12778
2026-05-28 00:45:00+00:00,0.1273
2026-05-28 01:00:00+00:00,0.12704
2026-05-28 01:15:00+00:00,0.12727
2026-05-28 01:30:00+00:00,0.1276
2026-05-28 01:45:00+00:00,0.12754
2026-05-28 02:00:00+00:00,0.12609
2026-05-28 02:15:00+00:00,0.12796
2026-05-28 02:30:00+00:00,0.13081
2026-05-28 02:45:00+00:00,0.1355
2026-05-28 03:00:00+00:00,0.13116
2026-05-28 03:15:00+00:00,0.13481
2026-05-28 03:30:00+00:00,0.13847
2026-05-28 03:45:00+00:00,0.13757
2026-05-28 04:00:00+00:00,0.14672
2026-05-28 04:15:00+00:00,0.15208
2026-05-28 04:30:00+00:00,0.14881
2026-05-28 04:45:00+00:00,0.1462
2026-05-28 05:00:00+00:00,0.15269
2026-05-28 05:15:00+00:00,0.14541
2026-05-28 05:30:00+00:00,0.1367
2026-05-28 05:45:00+00:00,0.11782
2026-05-28 06:00:00+00:00,0.14389
2026-05-28 06:15:00+00:00,0.13171
2026-05-28 06:30:00+00:00,0.12074
2026-05-28 06:45:00+00:00,0.09727
2026-05-28 07:00:00+00:00,0.12388
2026-05-28 07:15:00+00:00,0.09445
2026-05-28 07:30:00+00:00,0.07776
2026-05-28 07:45:00+00:00,0.05408
2026-05-28 08:00:00+00:00,0.05139
2026-05-28 08:15:00+00:00,0.01701
2026-05-28 08:30:00+00:00,0.00632
2026-05-28 08:45:00+00:00,0.00251
2026-05-28 09:00:00+00:00,0.00156
2026-05-28 09:15:00+00:00,0.0007
2026-05-28 09:30:00+00:00,1e-05
2026-05-28 09:45:00+00:00,0.0
2026-05-28 10:00:00+00:00,3e-05
2026-05-28 10:15:00+00:00,0.0
2026-05-28 10:30:00+00:00,-1e-05
2026-05-28 10:45:00+00:00,-1e-05
2026-05-28 11:00:00+00:00,0.0
2026-05-28 11:15:00+00:00,-1e-05
2026-05-28 11:30:00+00:00,-1e-05
2026-05-28 11:45:00+00:00,-3e-05
2026-05-28 12:00:00+00:00,-2e-05
2026-05-28 12:15:00+00:00,0.0
2026-05-28 12:30:00+00:00,0.0
2026-05-28 12:45:00+00:00,2e-05
2026-05-28 13:00:00+00:00,0.0
2026-05-28 13:15:00+00:00,1e-05
2026-05-28 13:30:00+00:00,0.00084
2026-05-28 13:45:00+00:00,0.00434
2026-05-28 14:00:00+00:00,0.00284
2026-05-28 14:15:00+00:00,0.01
2026-05-28 14:30:00+00:00,0.05231
2026-05-28 14:45:00+00:00,0.09343
2026-05-28 15:00:00+00:00,0.06543
2026-05-28 15:15:00+00:00,0.09256
2026-05-28 15:30:00+00:00,0.11101
2026-05-28 15:45:00+00:00,0.13603
2026-05-28 16:00:00+00:00,0.11033
2026-05-28 16:15:00+00:00,0.13009
2026-05-28 16:30:00+00:00,0.14728
2026-05-28 16:45:00+00:00,0.1653
2026-05-28 17:00:00+00:00,0.15447
2026-05-28 17:15:00+00:00,0.17065
2026-05-28 17:30:00+00:00,0.20446
2026-05-28 17:45:00+00:00,0.34083
2026-05-28 18:00:00+00:00,0.26694
2026-05-28 18:15:00+00:00,0.37345
2026-05-28 18:30:00+00:00,0.46831
2026-05-28 18:45:00+00:00,0.46704
2026-05-28 19:00:00+00:00,0.43498
2026-05-28 19:15:00+00:00,0.44202
2026-05-28 19:30:00+00:00,0.36181
2026-05-28 19:45:00+00:00,0.23326
2026-05-28 20:00:00+00:00,0.32171
2026-05-28 20:15:00+00:00,0.21188
2026-05-28 20:30:00+00:00,0.17113
2026-05-28 20:45:00+00:00,0.15828
2026-05-28 21:00:00+00:00,0.17439
2026-05-28 21:15:00+00:00,0.1655
2026-05-28 21:30:00+00:00,0.15542
2026-05-28 21:45:00+00:00,0.14388
2026-05-28 22:00:00+00:00,0.16214
2026-05-28 22:15:00+00:00,0.15173
2026-05-28 22:30:00+00:00,0.137
2026-05-28 22:45:00+00:00,0.1269
2026-05-28 23:00:00+00:00,0.14499
2026-05-28 23:15:00+00:00,0.13701
2026-05-28 23:30:00+00:00,0.12976
2026-05-28 23:45:00+00:00,0.12395
2026-05-29 00:00:00+00:00,0.12943
2026-05-29 00:15:00+00:00,0.12808
2026-05-29 00:30:00+00:00,0.12783
2026-05-29 00:45:00+00:00,0.12656
2026-05-29 01:00:00+00:00,0.12805
2026-05-29 01:15:00+00:00,0.127
2026-05-29 01:30:00+00:00,0.126
2026-05-29 01:45:00+00:00,0.12372
2026-05-29 02:00:00+00:00,0.1243
2026-05-29 02:15:00+00:00,0.125
2026-05-29 02:30:00+00:00,0.1254
2026-05-29 02:45:00+00:00,0.12641
2026-05-29 03:00:00+00:00,0.12507
2026-05-29 03:15:00+00:00,0.1247
2026-05-29 03:30:00+00:00,0.1244
2026-05-29 03:45:00+00:00,0.12781
2026-05-29 04:00:00+00:00,0.13165
2026-05-29 04:15:00+00:00,0.13704
2026-05-29 04:30:00+00:00,0.13249
2026-05-29 04:45:00+00:00,0.12636
2026-05-29 05:00:00+00:00,0.13696
2026-05-29 05:15:00+00:00,0.1301
2026-05-29 05:30:00+00:00,0.12497
2026-05-29 05:45:00+00:00,0.11195
2026-05-29 06:00:00+00:00,0.13521
2026-05-29 06:15:00+00:00,0.12054
2026-05-29 06:30:00+00:00,0.107
2026-05-29 06:45:00+00:00,0.09151
2026-05-29 07:00:00+00:00,0.10814
2026-05-29 07:15:00+00:00,0.08732
2026-05-29 07:30:00+00:00,0.06163
2026-05-29 07:45:00+00:00,0.03054
2026-05-29 08:00:00+00:00,0.039
2026-05-29 08:15:00+00:00,0.01692
2026-05-29 08:30:00+00:00,0.00834
2026-05-29 08:45:00+00:00,0.00385
2026-05-29 09:00:00+00:00,0.00136
2026-05-29 09:15:00+00:00,0.0
2026-05-29 09:30:00+00:00,-5e-05
2026-05-29 09:45:00+00:00,-0.00015
2026-05-29 10:00:00+00:00,-4e-05
2026-05-29 10:15:00+00:00,-4e-05
2026-05-29 10:30:00+00:00,-7e-05
2026-05-29 10:45:00+00:00,-7e-05
2026-05-29 11:00:00+00:00,-9e-05
2026-05-29 11:15:00+00:00,-4e-05
2026-05-29 11:30:00+00:00,-1e-05
2026-05-29 11:45:00+00:00,0.0
2026-05-29 12:00:00+00:00,-0.00021
2026-05-29 12:15:00+00:00,-9e-05
2026-05-29 12:30:00+00:00,0.0
2026-05-29 12:45:00+00:00,0.0003
2026-05-29 13:00:00+00:00,0.00084
2026-05-29 13:15:00+00:00,0.00211
2026-05-29 13:30:00+00:00,0.0091
2026-05-29 13:45:00+00:00,0.02559
2026-05-29 14:00:00+00:00,0.00527
2026-05-29 14:15:00+00:00,0.02931
2026-05-29 14:30:00+00:00,0.07
2026-05-29 14:45:00+00:00,0.10186
2026-05-29 15:00:00+00:00,0.07314
2026-05-29 15:15:00+00:00,0.09063
2026-05-29 15:30:00+00:00,0.11168
2026-05-29 15:45:00+00:00,0.13818
2026-05-29 16:00:00+00:00,0.11236
2026-05-29 16:15:00+00:00,0.12906
2026-05-29 16:30:00+00:00,0.14524
2026-05-29 16:45:00+00:00,0.16128
2026-05-29 17:00:00+00:00,0.14617
2026-05-29 17:15:00+00:00,0.16369
2026-05-29 17:30:00+00:00,0.18434
2026-05-29 17:45:00+00:00,0.20559
2026-05-29 18:00:00+00:00,0.21239
2026-05-29 18:15:00+00:00,0.23721
2026-05-29 18:30:00+00:00,0.25166
2026-05-29 18:45:00+00:00,0.26118
2026-05-29 19:00:00+00:00,0.23799
2026-05-29 19:15:00+00:00,0.20739
2026-05-29 19:30:00+00:00,0.19235
2026-05-29 19:45:00+00:00,0.16789
2026-05-29 20:00:00+00:00,0.18299
2026-05-29 20:15:00+00:00,0.1648
2026-05-29 20:30:00+00:00,0.15527
2026-05-29 20:45:00+00:00,0.14374
2026-05-29 21:00:00+00:00,0.15299
2026-05-29 21:15:00+00:00,0.15071
2026-05-29 21:30:00+00:00,0.14276
2026-05-29 21:45:00+00:00,0.13431
2026-05-29 22:00:00+00:00,0.145
2026-05-29 22:15:00+00:00,0.13685
2026-05-29 22:30:00+00:00,0.13243
2026-05-29 22:45:00+00:00,0.12778
2026-05-29 23:00:00+00:00,0.13339
2026-05-29 23:15:00+00:00,0.1292
2026-05-29 23:30:00+00:00,0.12654
2026-05-29 23:45:00+00:00,0.12467
2026-05-30 00:00:00+00:00,0.12501
2026-05-30 00:15:00+00:00,0.12365
2026-05-30 00:30:00+00:00,0.124
2026-05-30 00:45:00+00:00,0.12243
2026-05-30 01:00:00+00:00,0.12223
2026-05-30 01:15:00+00:00,0.12007
2026-05-30 01:30:00+00:00,0.12086
2026-05-30 01:45:00+00:00,0.12118
2026-05-30 02:00:00+00:00,0.12277
2026-05-30 02:15:00+00:00,0.12433
2026-05-30 02:30:00+00:00,0.12626
2026-05-30 02:45:00+00:00,0.12807
2026-05-30 03:00:00+00:00,0.12862
2026-05-30 03:15:00+00:00,0.12587
2026-05-30 03:30:00+00:00,0.124
2026-05-30 03:45:00+00:00,0.12169
2026-05-30 04:00:00+00:00,0.12356
2026-05-30 04:15:00+00:00,0.1203
2026-05-30 04:30:00+00:00,0.11964
2026-05-30 04:45:00+00:00,0.11247
2026-05-30 05:00:00+00:00,0.12053
2026-05-30 05:15:00+00:00,0.11424
2026-05-30 05:30:00+00:00,0.10848
2026-05-30 05:45:00+00:00,0.09313
2026-05-30 06:00:00+00:00,0.11709
2026-05-30 06:15:00+00:00,0.09674
2026-05-30 06:30:00+00:00,0.07931
2026-05-30 06:45:00+00:00,0.06233
2026-05-30 07:00:00+00:00,0.07559
2026-05-30 07:15:00+00:00,0.04695
2026-05-30 07:30:00+00:00,0.01659
2026-05-30 07:45:00+00:00,0.0076
2026-05-30 08:00:00+00:00,0.00999
2026-05-30 08:15:00+00:00,0.00175
2026-05-30 08:30:00+00:00,0.0001
2026-05-30 08:45:00+00:00,0.0
2026-05-30 09:00:00+00:00,0.0
2026-05-30 09:15:00+00:00,0.0
2026-05-30 09:30:00+00:00,-1e-05
2026-05-30 09:45:00+00:00,-1e-05
2026-05-30 10:00:00+00:00,-1e-05
2026-05-30 10:15:00+00:00,-5e-05
2026-05-30 10:30:00+00:00,-5e-05
2026-05-30 10:45:00+00:00,-0.0001
2026-05-30 11:00:00+00:00,-0.00101
2026-05-30 11:15:00+00:00,-0.00129
2026-05-30 11:30:00+00:00,-0.00144
2026-05-30 11:45:00+00:00,-0.00203
2026-05-30 12:00:00+00:00,-0.00108
2026-05-30 12:15:00+00:00,-0.001
2026-05-30 12:30:00+00:00,-0.00071
2026-05-30 12:45:00+00:00,-0.0002
2026-05-30 13:00:00+00:00,-2e-05
2026-05-30 13:15:00+00:00,-1e-05
2026-05-30 13:30:00+00:00,-1e-05
2026-05-30 13:45:00+00:00,0.0
2026-05-30 14:00:00+00:00,0.0
2026-05-30 14:15:00+00:00,0.0
2026-05-30 14:30:00+00:00,0.00051
2026-05-30 14:45:00+00:00,0.01152
2026-05-30 15:00:00+00:00,0.00844
2026-05-30 15:15:00+00:00,0.04908
2026-05-30 15:30:00+00:00,0.08748
2026-05-30 15:45:00+00:00,0.105
2026-05-30 16:00:00+00:00,0.07897
2026-05-30 16:15:00+00:00,0.10219
2026-05-30 16:30:00+00:00,0.11958
2026-05-30 16:45:00+00:00,0.12729
2026-05-30 17:00:00+00:00,0.1253
2026-05-30 17:15:00+00:00,0.1324
2026-05-30 17:30:00+00:00,0.14621
2026-05-30 17:45:00+00:00,0.15558
2026-05-30 18:00:00+00:00,0.14231
2026-05-30 18:15:00+00:00,0.1552
2026-05-30 18:30:00+00:00,0.16814
2026-05-30 18:45:00+00:00,0.17645
2026-05-30 19:00:00+00:00,0.17221
2026-05-30 19:15:00+00:00,0.17038
2026-05-30 19:30:00+00:00,0.17628
2026-05-30 19:45:00+00:00,0.16851
2026-05-30 20:00:00+00:00,0.17386
2026-05-30 20:15:00+00:00,0.16092
2026-05-30 20:30:00+00:00,0.156
2026-05-30 20:45:00+00:00,0.14683
2026-05-30 21:00:00+00:00,0.15013
2026-05-30 21:15:00+00:00,0.14271
2026-05-30 21:30:00+00:00,0.14061
2026-05-30 21:45:00+00:00,0.13871
2026-05-30 22:00:00+00:00,0.14656
2026-05-30 22:15:00+00:00,0.139
2026-05-30 22:30:00+00:00,0.13418
2026-05-30 22:45:00+00:00,0.12591
2026-05-30 23:00:00+00:00,0.13255
2026-05-30 23:15:00+00:00,0.12961
2026-05-30 23:30:00+00:00,0.12809
2026-05-30 23:45:00+00:00,0.12617
2026-05-31 00:00:00+00:00,0.12754
2026-05-31 00:15:00+00:00,0.12655
2026-05-31 00:30:00+00:00,0.12631
2026-05-31 00:45:00+00:00,0.12326
2026-05-31 01:00:00+00:00,0.12498
2026-05-31 01:15:00+00:00,0.12408
2026-05-31 01:30:00+00:00,0.12516
2026-05-31 01:45:00+00:00,0.12657
2026-05-31 02:00:00+00:00,0.1278
2026-05-31 02:15:00+00:00,0.1276
2026-05-31 02:30:00+00:00,0.1278
2026-05-31 02:45:00+00:00,0.1246
2026-05-31 03:00:00+00:00,0.12899
2026-05-31 03:15:00+00:00,0.12468
2026-05-31 03:30:00+00:00,0.12276
2026-05-31 03:45:00+00:00,0.117
2026-05-31 04:00:00+00:00,0.12304
2026-05-31 04:15:00+00:00,0.11982
2026-05-31 04:30:00+00:00,0.11208
2026-05-31 04:45:00+00:00,0.10507
2026-05-31 05:00:00+00:00,0.11187
2026-05-31 05:15:00+00:00,0.10572
2026-05-31 05:30:00+00:00,0.09924
2026-05-31 05:45:00+00:00,0.08541
2026-05-31 06:00:00+00:00,0.10468
2026-05-31 06:15:00+00:00,0.09456
2026-05-31 06:30:00+00:00,0.08413
2026-05-31 06:45:00+00:00,0.07838
2026-05-31 07:00:00+00:00,0.07789
2026-05-31 07:15:00+00:00,0.06252
2026-05-31 07:30:00+00:00,0.05111
2026-05-31 07:45:00+00:00,0.03364
2026-05-31 08:00:00+00:00,0.0262
2026-05-31 08:15:00+00:00,0.00406
2026-05-31 08:30:00+00:00,1e-05
2026-05-31 08:45:00+00:00,0.0
2026-05-31 09:00:00+00:00,0.0
2026-05-31 09:15:00+00:00,0.0
2026-05-31 09:30:00+00:00,0.0
2026-05-31 09:45:00+00:00,0.0
2026-05-31 10:00:00+00:00,0.0
2026-05-31 10:15:00+00:00,0.0
2026-05-31 10:30:00+00:00,-1e-05
2026-05-31 10:45:00+00:00,-1e-05
2026-05-31 11:00:00+00:00,-1e-05
2026-05-31 11:15:00+00:00,-1e-05
2026-05-31 11:30:00+00:00,-1e-05
2026-05-31 11:45:00+00:00,-1e-05
2026-05-31 12:00:00+00:00,-1e-05
2026-05-31 12:15:00+00:00,-1e-05
2026-05-31 12:30:00+00:00,-1e-05
2026-05-31 12:45:00+00:00,-1e-05
2026-05-31 13:00:00+00:00,-1e-05
2026-05-31 13:15:00+00:00,0.0
2026-05-31 13:30:00+00:00,0.0
2026-05-31 13:45:00+00:00,1e-05
2026-05-31 14:00:00+00:00,0.00773
2026-05-31 14:15:00+00:00,0.03806
2026-05-31 14:30:00+00:00,0.06388
2026-05-31 14:45:00+00:00,0.08634
2026-05-31 15:00:00+00:00,0.06594
2026-05-31 15:15:00+00:00,0.08941
2026-05-31 15:30:00+00:00,0.104
2026-05-31 15:45:00+00:00,0.12435
2026-05-31 16:00:00+00:00,0.104
2026-05-31 16:15:00+00:00,0.11902
2026-05-31 16:30:00+00:00,0.13647
2026-05-31 16:45:00+00:00,0.14957
2026-05-31 17:00:00+00:00,0.13177
2026-05-31 17:15:00+00:00,0.13798
2026-05-31 17:30:00+00:00,0.14522
2026-05-31 17:45:00+00:00,0.15051
2026-05-31 18:00:00+00:00,0.14407
2026-05-31 18:15:00+00:00,0.14798
2026-05-31 18:30:00+00:00,0.15735
2026-05-31 18:45:00+00:00,0.16165
2026-05-31 19:00:00+00:00,0.15851
2026-05-31 19:15:00+00:00,0.15556
2026-05-31 19:30:00+00:00,0.15478
2026-05-31 19:45:00+00:00,0.15529
2026-05-31 20:00:00+00:00,0.16216
2026-05-31 20:15:00+00:00,0.15486
2026-05-31 20:30:00+00:00,0.15094
2026-05-31 20:45:00+00:00,0.14455
2026-05-31 21:00:00+00:00,0.15152
2026-05-31 21:15:00+00:00,0.14695
2026-05-31 21:30:00+00:00,0.14299
2026-05-31 21:45:00+00:00,0.13993
