time,price
2025-12-31 00:00:00+00:00,0.10984000000000001
2025-12-31 00:15:00+00:00,0.07673
2025-12-31 00:30:00+00:00,0.07890000000000001
2025-12-31 00:45:00+00:00,0.0882
2025-12-31 01:00:00+00:00,0.09912
2025-12-31 01:15:00+00:00,0.09989
2025-12-31 01:30:00+00:00,0.07604999999999999
2025-12-31 01:45:00+00:00,0.06355
2025-12-31 02:00:00+00:00,0.06317
2025-12-31 02:15:00+00:00,0.061340000000000006
2025-12-31 02:30:00+00:00,0.062329999999999997
2025-12-31 02:45:00+00:00,0.07836
2025-12-31 03:00:00+00:00,0.05796
2025-12-31 03:15:00+00:00,0.07551999999999999
2025-12-31 03:30:00+00:00,0.07806
2025-12-31 03:45:00+00:00,0.08774
2025-12-31 04:00:00+00:00,0.06664
2025-12-31 04:15:00+00:00,0.0725
2025-12-31 04:30:00+00:00,0.08385
2025-12-31 04:45:00+00:00,0.0911
2025-12-31 05:00:00+00:00,0.046939999999999996
2025-12-31 05:15:00+00:00,0.06713
2025-12-31 05:30:00+00:00,0.08199
2025-12-31 05:45:00+00:00,0.06096
2025-12-31 06:00:00+00:00,0.08996
2025-12-31 06:15:00+00:00,0.10266
2025-12-31 06:30:00+00:00,0.10489
2025-12-31 06:45:00+00:00,0.12838999999999998
2025-12-31 07:00:00+00:00,0.14435
2025-12-31 07:15:00+00:00,0.16515000000000002
2025-12-31 07:30:00+00:00,0.14049
2025-12-31 07:45:00+00:00,0.07911
2025-12-31 08:00:00+00:00,-0.008029999999999999
2025-12-31 08:15:00+00:00,0.0712
2025-12-31 08:30:00+00:00,0.09467
2025-12-31 08:45:00+00:00,0.13972
2025-12-31 09:00:00+00:00,0.0973
2025-12-31 09:15:00+00:00,0.04715
2025-12-31 09:30:00+00:00,0.01021
2025-12-31 09:45:00+00:00,0.04933
2025-12-31 10:00:00+00:00,0.06936
2025-12-31 10:15:00+00:00,0.07642
2025-12-31 10:30:00+00:00,0.05794
2025-12-31 10:45:00+00:00,0.032619999999999996
2025-12-31 11:00:00+00:00,-0.00864
2025-12-31 11:15:00+00:00,0.03021
2025-12-31 11:30:00+00:00,0.06361
2025-12-31 11:45:00+00:00,0.054259999999999996
2025-12-31 12:00:00+00:00,0.07074
2025-12-31 12:15:00+00:00,0.01124
2025-12-31 12:30:00+00:00,0.037770000000000005
2025-12-31 12:45:00+00:00,0.05972
2025-12-31 13:00:00+00:00,0.05391
2025-12-31 13:15:00+00:00,0.09429000000000001
2025-12-31 13:30:00+00:00,0.11483
2025-12-31 13:45:00+00:00,0.13198
2025-12-31 14:00:00+00:00,0.12290999999999999
2025-12-31 14:15:00+00:00,0.11090000000000001
2025-12-31 14:30:00+00:00,0.13218000000000002
2025-12-31 14:45:00+00:00,0.12761
2025-12-31 15:00:00+00:00,0.09968
2025-12-31 15:15:00+00:00,0.09862
2025-12-31 15:30:00+00:00,0.08659
2025-12-31 15:45:00+00:00,0.10526
2025-12-31 16:00:00+00:00,0.11636
2025-12-31 16:15:00+00:00,0.11238
2025-12-31 16:30:00+00:00,0.12933
2025-12-31 16:45:00+00:00,0.03313
2025-12-31 17:00:00+00:00,0.10158
2025-12-31 17:15:00+00:00,0.12193000000000001
2025-12-31 17:30:00+00:00,0.10890999999999999
2025-12-31 17:45:00+00:00,0.02233
2025-12-31 18:00:00+00:00,0.0415
2025-12-31 18:15:00+00:00,0.05795
2025-12-31 18:30:00+00:00,0.05817
2025-12-31 18:45:00+00:00,0.0697
2025-12-31 19:00:00+00:00,0.06511
2025-12-31 19:15:00+00:00,0.01492
2025-12-31 19:30:00+00:00,0.019350000000000003
2025-12-31 19:45:00+00:00,0.02468
2025-12-31 20:00:00+00:00,0.02768
2025-12-31 20:15:00+00:00,0.00557
2025-12-31 20:30:00+00:00,2e-05
2025-12-31 20:45:00+00:00,-0.07174
2025-12-31 21:00:00+00:00,0.03423
2025-12-31 21:15:00+00:00,0.032869999999999996
2025-12-31 21:30:00+00:00,0.03602
2025-12-31 21:45:00+00:00,0.037399999999999996
2025-12-31 22:00:00+00:00,0.06966
2025-12-31 22:15:00+00:00,0.06972
2025-12-31 22:30:00+00:00,0.0355
2025-12-31 22:45:00+00:00,0.05385
2025-12-31 23:00:00+00:00,0.05457
2025-12-31 23:15:00+00:00,0.08213
2025-12-31 23:30:00+00:00,0.11005
2025-12-31 23:45:00+00:00,0.10371999999999999
2026-01-01 00:00:00+00:00,0.09192
2026-01-01 00:15:00+00:00,0.13422
2026-01-01 00:30:00+00:00,0.11075
2026-01-01 00:45:00+00:00,0.14187
2026-01-01 01:00:00+00:00,0.10275
2026-01-01 01:15:00+00:00,0.0853
2026-01-01 01:30:00+00:00,0.10557
2026-01-01 01:45:00+00:00,0.14438
2026-01-01 02:00:00+00:00,0.027960000000000002
2026-01-01 02:15:00+00:00,-0.04992
2026-01-01 02:30:00+00:00,-0.00625
2026-01-01 02:45:00+00:00,0.07465999999999999
2026-01-01 03:00:00+00:00,0.01367
2026-01-01 03:15:00+00:00,0.020579999999999998
2026-01-01 03:30:00+00:00,0.02586
2026-01-01 03:45:00+00:00,0.04019
2026-01-01 04:00:00+00:00,0.06745
2026-01-01 04:15:00+00:00,0.08512
2026-01-01 04:30:00+00:00,0.032990000000000005
2026-01-01 04:45:00+00:00,0.01302
2026-01-01 05:00:00+00:00,-0.030940000000000002
2026-01-01 05:15:00+00:00,0.01292
2026-01-01 05:30:00+00:00,0.04063
2026-01-01 05:45:00+00:00,0.01375
2026-01-01 06:00:00+00:00,0.058
2026-01-01 06:15:00+00:00,0.020120000000000002
2026-01-01 06:30:00+00:00,0.048350000000000004
2026-01-01 06:45:00+00:00,0.03904
2026-01-01 07:00:00+00:00,0.04205
2026-01-01 07:15:00+00:00,0.04672
2026-01-01 07:30:00+00:00,0.01584
2026-01-01 07:45:00+00:00,-0.015359999999999999
2026-01-01 08:00:00+00:00,-0.02089
2026-01-01 08:15:00+00:00,-0.01297
2026-01-01 08:30:00+00:00,-0.00707
2026-01-01 08:45:00+00:00,-0.0067
2026-01-01 09:00:00+00:00,0.00027
2026-01-01 09:15:00+00:00,-0.00321
2026-01-01 09:30:00+00:00,-0.00567
2026-01-01 09:45:00+00:00,-0.00188
2026-01-01 10:00:00+00:00,0.00234
2026-01-01 10:15:00+00:00,0.0043
2026-01-01 10:30:00+00:00,-0.02557
2026-01-01 10:45:00+00:00,-0.02028
2026-01-01 11:00:00+00:00,0.00123
2026-01-01 11:15:00+00:00,-0.00011999999999999999
2026-01-01 11:30:00+00:00,-0.00646
2026-01-01 11:45:00+00:00,-0.0067
2026-01-01 12:00:00+00:00,-0.00697
2026-01-01 12:15:00+00:00,-0.00614
2026-01-01 12:30:00+00:00,0.004889999999999999
2026-01-01 12:45:00+00:00,0.01124
2026-01-01 13:00:00+00:00,0.026809999999999997
2026-01-01 13:15:00+00:00,0.052969999999999996
2026-01-01 13:30:00+00:00,0.07151
2026-01-01 13:45:00+00:00,0.07241
2026-01-01 14:00:00+00:00,0.08209999999999999
2026-01-01 14:15:00+00:00,0.07903
2026-01-01 14:30:00+00:00,0.05004
2026-01-01 14:45:00+00:00,0.05988
2026-01-01 15:00:00+00:00,0.05083
2026-01-01 15:15:00+00:00,0.05216
2026-01-01 15:30:00+00:00,0.06598000000000001
2026-01-01 15:45:00+00:00,0.03232
2026-01-01 16:00:00+00:00,0.03507
2026-01-01 16:15:00+00:00,0.04865
2026-01-01 16:30:00+00:00,0.03719
2026-01-01 16:45:00+00:00,0.0495
2026-01-01 17:00:00+00:00,0.07476000000000001
2026-01-01 17:15:00+00:00,0.08936
2026-01-01 17:30:00+00:00,0.10684
2026-01-01 17:45:00+00:00,0.09608
2026-01-01 18:00:00+00:00,0.09733
2026-01-01 18:15:00+00:00,0.03853
2026-01-01 18:30:00+00:00,0.036520000000000004
2026-01-01 18:45:00+00:00,0.05625
2026-01-01 19:00:00+00:00,0.07135999999999999
2026-01-01 19:15:00+00:00,0.04784
2026-01-01 19:30:00+00:00,0.02918
2026-01-01 19:45:00+00:00,0.053810000000000004
2026-01-01 20:00:00+00:00,0.13416999999999998
2026-01-01 20:15:00+00:00,0.10798
2026-01-01 20:30:00+00:00,0.10642
2026-01-01 20:45:00+00:00,0.1335
2026-01-01 21:00:00+00:00,0.12764
2026-01-01 21:15:00+00:00,0.1133
2026-01-01 21:30:00+00:00,0.11605
2026-01-01 21:45:00+00:00,0.04456
2026-01-01 22:00:00+00:00,0.10395
2026-01-01 22:15:00+00:00,0.09545000000000001
2026-01-01 22:30:00+00:00,0.10368000000000001
2026-01-01 22:45:00+00:00,0.06861
2026-01-01 23:00:00+00:00,0.12625
2026-01-01 23:15:00+00:00,0.18528999999999998
2026-01-01 23:30:00+00:00,0.14739
2026-01-01 23:45:00+00:00,0.06357
2026-01-02 00:00:00+00:00,0.05173
2026-01-02 00:15:00+00:00,0.0787
2026-01-02 00:30:00+00:00,0.06475
2026-01-02 00:45:00+00:00,0.08206000000000001
2026-01-02 01:00:00+00:00,0.08301
2026-01-02 01:15:00+00:00,0.0505
2026-01-02 01:30:00+00:00,0.05815
2026-01-02 01:45:00+00:00,0.05855
2026-01-02 02:00:00+00:00,0.08275
2026-01-02 02:15:00+00:00,0.11298
2026-01-02 02:30:00+00:00,0.10959
2026-01-02 02:45:00+00:00,0.10231
2026-01-02 03:00:00+00:00,0.09545999999999999
2026-01-02 03:15:00+00:00,0.10116
2026-01-02 03:30:00+00:00,0.12481
2026-01-02 03:45:00+00:00,0.13511
2026-01-02 04:00:00+00:00,0.12448999999999999
2026-01-02 04:15:00+00:00,0.13136
2026-01-02 04:30:00+00:00,0.12781
2026-01-02 04:45:00+00:00,0.11596
2026-01-02 05:00:00+00:00,0.11631999999999999
2026-01-02 05:15:00+00:00,0.07622
2026-01-02 05:30:00+00:00,0.05806
2026-01-02 05:45:00+00:00,0.05294
2026-01-02 06:00:00+00:00,0.04893
2026-01-02 06:15:00+00:00,0.09920999999999999
2026-01-02 06:30:00+00:00,0.04807
2026-01-02 06:45:00+00:00,0.04994
2026-01-02 07:00:00+00:00,0.06912
2026-01-02 07:15:00+00:00,0.07039
2026-01-02 07:30:00+00:00,0.11109999999999999
2026-01-02 07:45:00+00:00,0.11485
2026-01-02 08:00:00+00:00,0.14739
2026-01-02 08:15:00+00:00,0.15077000000000002
2026-01-02 08:30:00+00:00,0.09620000000000001
2026-01-02 08:45:00+00:00,0.08712
2026-01-02 09:00:00+00:00,0.11724
2026-01-02 09:15:00+00:00,0.16632
2026-01-02 09:30:00+00:00,0.1321
2026-01-02 09:45:00+00:00,0.15797
2026-01-02 10:00:00+00:00,0.07956999999999999
2026-01-02 10:15:00+00:00,0.15026
2026-01-02 10:30:00+00:00,0.12818000000000002
2026-01-02 10:45:00+00:00,0.06787
2026-01-02 11:00:00+00:00,0.06674
2026-01-02 11:15:00+00:00,0.05626
2026-01-02 11:30:00+00:00,0.06537000000000001
2026-01-02 11:45:00+00:00,0.06639
2026-01-02 12:00:00+00:00,0.06921
2026-01-02 12:15:00+00:00,0.06636
2026-01-02 12:30:00+00:00,0.07722
2026-01-02 12:45:00+00:00,0.07898999999999999
2026-01-02 13:00:00+00:00,0.09439
2026-01-02 13:15:00+00:00,0.09939
2026-01-02 13:30:00+00:00,0.12401999999999999
2026-01-02 13:45:00+00:00,0.11712
2026-01-02 14:00:00+00:00,0.14446
2026-01-02 14:15:00+00:00,0.15344
2026-01-02 14:30:00+00:00,0.15121
2026-01-02 14:45:00+00:00,0.14991
2026-01-02 15:00:00+00:00,0.1445
2026-01-02 15:15:00+00:00,0.12548
2026-01-02 15:30:00+00:00,0.08655
2026-01-02 15:45:00+00:00,0.06767000000000001
2026-01-02 16:00:00+00:00,0.08375
2026-01-02 16:15:00+00:00,0.07387
2026-01-02 16:30:00+00:00,0.09911
2026-01-02 16:45:00+00:00,0.09429000000000001
2026-01-02 17:00:00+00:00,0.06347
2026-01-02 17:15:00+00:00,0.07288
2026-01-02 17:30:00+00:00,0.07488
2026-01-02 17:45:00+00:00,0.06222
2026-01-02 18:00:00+00:00,0.13154
2026-01-02 18:15:00+00:00,0.13361
2026-01-02 18:30:00+00:00,0.15534
2026-01-02 18:45:00+00:00,0.11627
2026-01-02 19:00:00+00:00,0.11006
2026-01-02 19:15:00+00:00,0.10864
2026-01-02 19:30:00+00:00,0.10502
2026-01-02 19:45:00+00:00,0.10045
2026-01-02 20:00:00+00:00,0.11284000000000001
2026-01-02 20:15:00+00:00,0.13111
2026-01-02 20:30:00+00:00,0.14169
2026-01-02 20:45:00+00:00,0.1382
2026-01-02 21:00:00+00:00,0.15878
2026-01-02 21:15:00+00:00,0.14978999999999998
2026-01-02 21:30:00+00:00,0.13434000000000001
2026-01-02 21:45:00+00:00,0.1326
2026-01-02 22:00:00+00:00,0.12025
2026-01-02 22:15:00+00:00,0.08353000000000001
2026-01-02 22:30:00+00:00,0.10334
2026-01-02 22:45:00+00:00,0.08011
2026-01-02 23:00:00+00:00,0.0067599999999999995
2026-01-02 23:15:00+00:00,0.04268
2026-01-02 23:30:00+00:00,0.01617
2026-01-02 23:45:00+00:00,0.01063
2026-01-03 00:00:00+00:00,0.06403
2026-01-03 00:15:00+00:00,0.08584
2026-01-03 00:30:00+00:00,0.03469
2026-01-03 00:45:00+00:00,0.044219999999999995
2026-01-03 01:00:00+00:00,0.07657
2026-01-03 01:15:00+00:00,0.09789
2026-01-03 01:30:00+00:00,0.10281
2026-01-03 01:45:00+00:00,0.10779999999999999
2026-01-03 02:00:00+00:00,0.13035
2026-01-03 02:15:00+00:00,0.1267
2026-01-03 02:30:00+00:00,0.13191
2026-01-03 02:45:00+00:00,0.11222
2026-01-03 03:00:00+00:00,0.0013700000000000001
2026-01-03 03:15:00+00:00,0.04974
2026-01-03 03:30:00+00:00,0.024079999999999997
2026-01-03 03:45:00+00:00,0.022920000000000003
2026-01-03 04:00:00+00:00,0.027170000000000003
2026-01-03 04:15:00+00:00,0.02209
2026-01-03 04:30:00+00:00,0.09623000000000001
2026-01-03 04:45:00+00:00,0.11692
2026-01-03 05:00:00+00:00,0.06634000000000001
2026-01-03 05:15:00+00:00,0.05521
2026-01-03 05:30:00+00:00,0.052829999999999995
2026-01-03 05:45:00+00:00,0.044270000000000004
2026-01-03 06:00:00+00:00,0.05793
2026-01-03 06:15:00+00:00,0.07135
2026-01-03 06:30:00+00:00,0.09173
2026-01-03 06:45:00+00:00,0.08242000000000001
2026-01-03 07:00:00+00:00,0.04617
2026-01-03 07:15:00+00:00,0.06218
2026-01-03 07:30:00+00:00,0.06312
2026-01-03 07:45:00+00:00,0.08229
2026-01-03 08:00:00+00:00,0.06096
2026-01-03 08:15:00+00:00,0.07823000000000001
2026-01-03 08:30:00+00:00,0.07027
2026-01-03 08:45:00+00:00,0.06779
2026-01-03 09:00:00+00:00,0.0803
2026-01-03 09:15:00+00:00,0.07069
2026-01-03 09:30:00+00:00,0.09517
2026-01-03 09:45:00+00:00,0.10998000000000001
2026-01-03 10:00:00+00:00,0.07309
2026-01-03 10:15:00+00:00,0.07031
2026-01-03 10:30:00+00:00,0.05609
2026-01-03 10:45:00+00:00,0.055979999999999995
2026-01-03 11:00:00+00:00,0.04647
2026-01-03 11:15:00+00:00,0.05342
2026-01-03 11:30:00+00:00,0.05905
2026-01-03 11:45:00+00:00,0.09617
2026-01-03 12:00:00+00:00,0.09414
2026-01-03 12:15:00+00:00,0.07072
2026-01-03 12:30:00+00:00,0.06558
2026-01-03 12:45:00+00:00,0.07015
2026-01-03 13:00:00+00:00,0.07393999999999999
2026-01-03 13:15:00+00:00,0.07179
2026-01-03 13:30:00+00:00,0.07969
2026-01-03 13:45:00+00:00,0.11348
2026-01-03 14:00:00+00:00,0.13894
2026-01-03 14:15:00+00:00,0.13858
2026-01-03 14:30:00+00:00,0.1252
2026-01-03 14:45:00+00:00,0.13734
2026-01-03 15:00:00+00:00,0.12772
2026-01-03 15:15:00+00:00,0.07590000000000001
2026-01-03 15:30:00+00:00,0.11435
2026-01-03 15:45:00+00:00,0.10318000000000001
2026-01-03 16:00:00+00:00,0.05687
2026-01-03 16:15:00+00:00,0.07451
2026-01-03 16:30:00+00:00,0.06649
2026-01-03 16:45:00+00:00,0.07709999999999999
2026-01-03 17:00:00+00:00,0.062259999999999996
2026-01-03 17:15:00+00:00,0.11453
2026-01-03 17:30:00+00:00,0.07524
2026-01-03 17:45:00+00:00,0.10142
2026-01-03 18:00:00+00:00,0.07395
2026-01-03 18:15:00+00:00,0.03147
2026-01-03 18:30:00+00:00,0.05237
2026-01-03 18:45:00+00:00,0.06983
2026-01-03 19:00:00+00:00,0.1429
2026-01-03 19:15:00+00:00,0.14959
2026-01-03 19:30:00+00:00,0.36860000000000004
2026-01-03 19:45:00+00:00,0.12671
2026-01-03 20:00:00+00:00,0.12944
2026-01-03 20:15:00+00:00,0.13309
2026-01-03 20:30:00+00:00,0.12702
2026-01-03 20:45:00+00:00,0.12163
2026-01-03 21:00:00+00:00,0.08079
2026-01-03 21:15:00+00:00,0.06548999999999999
2026-01-03 21:30:00+00:00,0.056119999999999996
2026-01-03 21:45:00+00:00,0.060039999999999996
2026-01-03 22:00:00+00:00,0.11090000000000001
2026-01-03 22:15:00+00:00,0.10876000000000001
2026-01-03 22:30:00+00:00,0.11291
2026-01-03 22:45:00+00:00,0.10029
2026-01-03 23:00:00+00:00,0.13704
2026-01-03 23:15:00+00:00,0.14959999999999998
2026-01-03 23:30:00+00:00,0.13077
2026-01-03 23:45:00+00:00,0.055049999999999995
2026-01-04 00:00:00+00:00,0.1308
2026-01-04 00:15:00+00:00,0.1155
2026-01-04 00:30:00+00:00,0.08528
2026-01-04 00:45:00+00:00,0.09195
2026-01-04 01:00:00+00:00,0.12063
2026-01-04 01:15:00+00:00,0.08322
2026-01-04 01:30:00+00:00,0.0746
2026-01-04 01:45:00+00:00,0.03861
2026-01-04 02:00:00+00:00,0.03523
2026-01-04 02:15:00+00:00,0.01909
2026-01-04 02:30:00+00:00,0.0252
2026-01-04 02:45:00+00:00,0.02616
2026-01-04 03:00:00+00:00,0.1468
2026-01-04 03:15:00+00:00,0.14035
2026-01-04 03:30:00+00:00,0.17853
2026-01-04 03:45:00+00:00,0.09006
2026-01-04 04:00:00+00:00,0.0783
2026-01-04 04:15:00+00:00,0.0856
2026-01-04 04:30:00+00:00,0.1092
2026-01-04 04:45:00+00:00,0.10536
2026-01-04 05:00:00+00:00,0.09523999999999999
2026-01-04 05:15:00+00:00,0.09584999999999999
2026-01-04 05:30:00+00:00,0.10895
2026-01-04 05:45:00+00:00,0.10247
2026-01-04 06:00:00+00:00,0.10614
2026-01-04 06:15:00+00:00,0.07490000000000001
2026-01-04 06:30:00+00:00,0.10198
2026-01-04 06:45:00+00:00,0.09109
2026-01-04 07:00:00+00:00,0.09492
2026-01-04 07:15:00+00:00,0.07429000000000001
2026-01-04 07:30:00+00:00,0.07352
2026-01-04 07:45:00+00:00,0.06487000000000001
2026-01-04 08:00:00+00:00,0.07003
2026-01-04 08:15:00+00:00,0.09306
2026-01-04 08:30:00+00:00,0.06982
2026-01-04 08:45:00+00:00,0.06319
2026-01-04 09:00:00+00:00,0.08618
2026-01-04 09:15:00+00:00,0.08694
2026-01-04 09:30:00+00:00,0.0831
2026-01-04 09:45:00+00:00,0.05457
2026-01-04 10:00:00+00:00,0.10407
2026-01-04 10:15:00+00:00,0.09466
2026-01-04 10:30:00+00:00,0.08773
2026-01-04 10:45:00+00:00,0.09112
2026-01-04 11:00:00+00:00,0.07646
2026-01-04 11:15:00+00:00,0.04164
2026-01-04 11:30:00+00:00,0.00975
2026-01-04 11:45:00+00:00,0.00163
2026-01-04 12:00:00+00:00,0.09945999999999999
2026-01-04 12:15:00+00:00,0.07122
2026-01-04 12:30:00+00:00,0.06337
2026-01-04 12:45:00+00:00,0.055
2026-01-04 13:00:00+00:00,0.11877
2026-01-04 13:15:00+00:00,0.10855
2026-01-04 13:30:00+00:00,0.1176
2026-01-04 13:45:00+00:00,0.12919
2026-01-04 14:00:00+00:00,0.06197
2026-01-04 14:15:00+00:00,0.0974
2026-01-04 14:30:00+00:00,0.13783
2026-01-04 14:45:00+00:00,0.13703
2026-01-04 15:00:00+00:00,0.13193000000000002
2026-01-04 15:15:00+00:00,0.14206
2026-01-04 15:30:00+00:00,0.14567
2026-01-04 15:45:00+00:00,0.15071
2026-01-04 16:00:00+00:00,0.16047999999999998
2026-01-04 16:15:00+00:00,0.16881000000000002
2026-01-04 16:30:00+00:00,0.16553
2026-01-04 16:45:00+00:00,0.17143
2026-01-04 17:00:00+00:00,0.14673
2026-01-04 17:15:00+00:00,0.1564
2026-01-04 17:30:00+00:00,0.13926
2026-01-04 17:45:00+00:00,0.18264
2026-01-04 18:00:00+00:00,0.168
2026-01-04 18:15:00+00:00,0.16629
2026-01-04 18:30:00+00:00,0.10751999999999999
2026-01-04 18:45:00+00:00,0.11141
2026-01-04 19:00:00+00:00,0.13812
2026-01-04 19:15:00+00:00,0.13358
2026-01-04 19:30:00+00:00,0.14052
2026-01-04 19:45:00+00:00,0.14338
2026-01-04 20:00:00+00:00,0.15485
2026-01-04 20:15:00+00:00,0.10342
2026-01-04 20:30:00+00:00,0.14411000000000002
2026-01-04 20:45:00+00:00,0.1416
2026-01-04 21:00:00+00:00,0.14492
2026-01-04 21:15:00+00:00,0.14032
2026-01-04 21:30:00+00:00,0.14006
2026-01-04 21:45:00+00:00,0.14723
2026-01-04 22:00:00+00:00,0.16104
2026-01-04 22:15:00+00:00,0.08159000000000001
2026-01-04 22:30:00+00:00,0.11278
2026-01-04 22:45:00+00:00,0.1145
2026-01-04 23:00:00+00:00,0.15144
2026-01-04 23:15:00+00:00,0.11204
2026-01-04 23:30:00+00:00,0.07483
2026-01-04 23:45:00+00:00,0.08048999999999999
2026-01-05 00:00:00+00:00,0.13925
2026-01-05 00:15:00+00:00,0.13194999999999998
2026-01-05 00:30:00+00:00,0.14521
2026-01-05 00:45:00+00:00,0.14142
2026-01-05 01:00:00+00:00,0.07798000000000001
2026-01-05 01:15:00+00:00,0.09273
2026-01-05 01:30:00+00:00,0.10396
2026-01-05 01:45:00+00:00,0.06620000000000001
2026-01-05 02:00:00+00:00,0.0702
2026-01-05 02:15:00+00:00,0.0677
2026-01-05 02:30:00+00:00,0.08957
2026-01-05 02:45:00+00:00,0.10116
2026-01-05 03:00:00+00:00,0.09511
2026-01-05 03:15:00+00:00,0.06718
2026-01-05 03:30:00+00:00,0.11087999999999999
2026-01-05 03:45:00+00:00,0.08475
2026-01-05 04:00:00+00:00,0.06346
2026-01-05 04:15:00+00:00,0.04263
2026-01-05 04:30:00+00:00,0.10491
2026-01-05 04:45:00+00:00,0.11825
2026-01-05 05:00:00+00:00,0.07536
2026-01-05 05:15:00+00:00,0.12685
2026-01-05 05:30:00+00:00,0.14001
2026-01-05 05:45:00+00:00,0.11253
2026-01-05 06:00:00+00:00,0.07096
2026-01-05 06:15:00+00:00,0.08939
2026-01-05 06:30:00+00:00,0.16962
2026-01-05 06:45:00+00:00,0.16566999999999998
2026-01-05 07:00:00+00:00,0.11472
2026-01-05 07:15:00+00:00,0.14298
2026-01-05 07:30:00+00:00,0.15385
2026-01-05 07:45:00+00:00,0.11493
2026-01-05 08:00:00+00:00,0.18844
2026-01-05 08:15:00+00:00,0.20402
2026-01-05 08:30:00+00:00,0.21481999999999998
2026-01-05 08:45:00+00:00,0.24631
2026-01-05 09:00:00+00:00,0.27529000000000003
2026-01-05 09:15:00+00:00,0.28599
2026-01-05 09:30:00+00:00,0.23624
2026-01-05 09:45:00+00:00,0.22699
2026-01-05 10:00:00+00:00,0.1737
2026-01-05 10:15:00+00:00,0.16554
2026-01-05 10:30:00+00:00,0.12777
2026-01-05 10:45:00+00:00,0.14589
2026-01-05 11:00:00+00:00,0.19124000000000002
2026-01-05 11:15:00+00:00,0.23599
2026-01-05 11:30:00+00:00,0.43019
2026-01-05 11:45:00+00:00,0.39792
2026-01-05 12:00:00+00:00,0.38503
2026-01-05 12:15:00+00:00,0.32230000000000003
2026-01-05 12:30:00+00:00,0.34996
2026-01-05 12:45:00+00:00,0.44376
2026-01-05 13:00:00+00:00,0.19888999999999998
2026-01-05 13:15:00+00:00,0.20616
2026-01-05 13:30:00+00:00,0.1864
2026-01-05 13:45:00+00:00,0.21996000000000002
2026-01-05 14:00:00+00:00,0.20417
2026-01-05 14:15:00+00:00,0.34589
2026-01-05 14:30:00+00:00,0.36466000000000004
2026-01-05 14:45:00+00:00,0.35014999999999996
2026-01-05 15:00:00+00:00,0.26865
2026-01-05 15:15:00+00:00,0.28674
2026-01-05 15:30:00+00:00,0.36175
2026-01-05 15:45:00+00:00,0.41189
2026-01-05 16:00:00+00:00,0.78624
2026-01-05 16:15:00+00:00,0.7983300000000001
2026-01-05 16:30:00+00:00,0.75925
2026-01-05 16:45:00+00:00,0.87864
2026-01-05 17:00:00+00:00,1.01935
2026-01-05 17:15:00+00:00,0.94716
2026-01-05 17:30:00+00:00,1.1186800000000001
2026-01-05 17:45:00+00:00,1.24353
2026-01-05 18:00:00+00:00,1.43195
2026-01-05 18:15:00+00:00,0.63918
2026-01-05 18:30:00+00:00,0.59349
2026-01-05 18:45:00+00:00,0.27812
2026-01-05 19:00:00+00:00,0.29006
2026-01-05 19:15:00+00:00,0.16771
2026-01-05 19:30:00+00:00,0.1581
2026-01-05 19:45:00+00:00,0.19606
2026-01-05 20:00:00+00:00,0.2822
2026-01-05 20:15:00+00:00,0.22183
2026-01-05 20:30:00+00:00,0.22213999999999998
2026-01-05 20:45:00+00:00,0.22272999999999998
2026-01-05 21:00:00+00:00,0.17980000000000002
2026-01-05 21:15:00+00:00,0.17085
2026-01-05 21:30:00+00:00,0.19088
2026-01-05 21:45:00+00:00,0.19015
2026-01-05 22:00:00+00:00,0.19377
2026-01-05 22:15:00+00:00,0.19852
2026-01-05 22:30:00+00:00,0.18004
2026-01-05 22:45:00+00:00,0.18911
2026-01-05 23:00:00+00:00,0.22094999999999998
2026-01-05 23:15:00+00:00,0.17475
2026-01-05 23:30:00+00:00,0.18850999999999998
2026-01-05 23:45:00+00:00,0.16648
2026-01-06 00:00:00+00:00,0.26266
2026-01-06 00:15:00+00:00,0.19666
2026-01-06 00:30:00+00:00,0.17484
2026-01-06 00:45:00+00:00,0.17091
2026-01-06 01:00:00+00:00,0.16749
2026-01-06 01:15:00+00:00,0.17043
2026-01-06 01:30:00+00:00,0.18136000000000002
2026-01-06 01:45:00+00:00,0.16102
2026-01-06 02:00:00+00:00,0.17617
2026-01-06 02:15:00+00:00,0.14477
2026-01-06 02:30:00+00:00,0.17419
2026-01-06 02:45:00+00:00,0.17177
2026-01-06 03:00:00+00:00,0.18396
2026-01-06 03:15:00+00:00,0.18336000000000002
2026-01-06 03:30:00+00:00,0.18097
2026-01-06 03:45:00+00:00,0.17802
2026-01-06 04:00:00+00:00,0.18469999999999998
2026-01-06 04:15:00+00:00,0.1735
2026-01-06 04:30:00+00:00,0.18656999999999999
2026-01-06 04:45:00+00:00,0.23284
2026-01-06 05:00:00+00:00,0.21046
2026-01-06 05:15:00+00:00,0.21905000000000002
2026-01-06 05:30:00+00:00,0.20549
2026-01-06 05:45:00+00:00,0.18519
2026-01-06 06:00:00+00:00,0.1301
2026-01-06 06:15:00+00:00,0.22593000000000002
2026-01-06 06:30:00+00:00,0.201
2026-01-06 06:45:00+00:00,0.28248
2026-01-06 07:00:00+00:00,0.36524
2026-01-06 07:15:00+00:00,0.36907
2026-01-06 07:30:00+00:00,0.31083
2026-01-06 07:45:00+00:00,0.28514999999999996
2026-01-06 08:00:00+00:00,0.41186
2026-01-06 08:15:00+00:00,0.40469
2026-01-06 08:30:00+00:00,0.45289999999999997
2026-01-06 08:45:00+00:00,0.5775
2026-01-06 09:00:00+00:00,1.32525
2026-01-06 09:15:00+00:00,0.61793
2026-01-06 09:30:00+00:00,0.67928
2026-01-06 09:45:00+00:00,0.43954000000000004
2026-01-06 10:00:00+00:00,0.5306900000000001
2026-01-06 10:15:00+00:00,0.40191000000000004
2026-01-06 10:30:00+00:00,0.44971
2026-01-06 10:45:00+00:00,0.6040399999999999
2026-01-06 11:00:00+00:00,0.48239
2026-01-06 11:15:00+00:00,0.45183999999999996
2026-01-06 11:30:00+00:00,0.38609
2026-01-06 11:45:00+00:00,0.24871000000000001
2026-01-06 12:00:00+00:00,0.35525
2026-01-06 12:15:00+00:00,0.37199
2026-01-06 12:30:00+00:00,0.35579
2026-01-06 12:45:00+00:00,0.31481
2026-01-06 13:00:00+00:00,0.37641
2026-01-06 13:15:00+00:00,0.33706
2026-01-06 13:30:00+00:00,0.35675
2026-01-06 13:45:00+00:00,0.38826
2026-01-06 14:00:00+00:00,0.41006
2026-01-06 14:15:00+00:00,0.4128
2026-01-06 14:30:00+00:00,0.42519
2026-01-06 14:45:00+00:00,0.39159
2026-01-06 15:00:00+00:00,0.38459
2026-01-06 15:15:00+00:00,0.45867
2026-01-06 15:30:00+00:00,0.34479000000000004
2026-01-06 15:45:00+00:00,0.44539999999999996
2026-01-06 16:00:00+00:00,0.23471
2026-01-06 16:15:00+00:00,0.23509
2026-01-06 16:30:00+00:00,0.32454
2026-01-06 16:45:00+00:00,0.27498
2026-01-06 17:00:00+00:00,0.28824
2026-01-06 17:15:00+00:00,0.09068000000000001
2026-01-06 17:30:00+00:00,0.08029
2026-01-06 17:45:00+00:00,0.09429000000000001
2026-01-06 18:00:00+00:00,0.09412000000000001
2026-01-06 18:15:00+00:00,0.08344
2026-01-06 18:30:00+00:00,0.12436
2026-01-06 18:45:00+00:00,0.20215
2026-01-06 19:00:00+00:00,0.17364
2026-01-06 19:15:00+00:00,0.13933
2026-01-06 19:30:00+00:00,0.15422
2026-01-06 19:45:00+00:00,0.13113999999999998
2026-01-06 20:00:00+00:00,0.12603
2026-01-06 20:15:00+00:00,0.14481
2026-01-06 20:30:00+00:00,0.12595
2026-01-06 20:45:00+00:00,0.13012
2026-01-06 21:00:00+00:00,0.13483
2026-01-06 21:15:00+00:00,0.13604
2026-01-06 21:30:00+00:00,0.13908
2026-01-06 21:45:00+00:00,0.11754
2026-01-06 22:00:00+00:00,0.14093
2026-01-06 22:15:00+00:00,0.08123000000000001
2026-01-06 22:30:00+00:00,0.09734000000000001
2026-01-06 22:45:00+00:00,0.12409999999999999
2026-01-06 23:00:00+00:00,0.05341
2026-01-06 23:15:00+00:00,0.06025
2026-01-06 23:30:00+00:00,0.06078
2026-01-06 23:45:00+00:00,0.07110999999999999
2026-01-07 00:00:00+00:00,0.10909999999999999
2026-01-07 00:15:00+00:00,0.1184
2026-01-07 00:30:00+00:00,0.102
2026-01-07 00:45:00+00:00,0.11145000000000001
2026-01-07 01:00:00+00:00,0.12129000000000001
2026-01-07 01:15:00+00:00,0.09645999999999999
2026-01-07 01:30:00+00:00,0.11426
2026-01-07 01:45:00+00:00,0.10839
2026-01-07 02:00:00+00:00,0.07465000000000001
2026-01-07 02:15:00+00:00,0.09201000000000001
2026-01-07 02:30:00+00:00,0.06861
2026-01-07 02:45:00+00:00,0.06196
2026-01-07 03:00:00+00:00,0.06754
2026-01-07 03:15:00+00:00,0.06089
2026-01-07 03:30:00+00:00,0.05819
2026-01-07 03:45:00+00:00,0.05375
2026-01-07 04:00:00+00:00,0.09206
2026-01-07 04:15:00+00:00,0.09595000000000001
2026-01-07 04:30:00+00:00,0.11555
2026-01-07 04:45:00+00:00,0.142
2026-01-07 05:00:00+00:00,0.030420000000000003
2026-01-07 05:15:00+00:00,0.06570999999999999
2026-01-07 05:30:00+00:00,0.11826
2026-01-07 05:45:00+00:00,0.1134
2026-01-07 06:00:00+00:00,0.060840000000000005
2026-01-07 06:15:00+00:00,0.10793000000000001
2026-01-07 06:30:00+00:00,0.10779000000000001
2026-01-07 06:45:00+00:00,0.10784999999999999
2026-01-07 07:00:00+00:00,0.1428
2026-01-07 07:15:00+00:00,0.15230000000000002
2026-01-07 07:30:00+00:00,0.1529
2026-01-07 07:45:00+00:00,0.14906
2026-01-07 08:00:00+00:00,0.148
2026-01-07 08:15:00+00:00,0.16035
2026-01-07 08:30:00+00:00,0.14124
2026-01-07 08:45:00+00:00,0.07942
2026-01-07 09:00:00+00:00,0.04936
2026-01-07 09:15:00+00:00,0.04443
2026-01-07 09:30:00+00:00,0.05595
2026-01-07 09:45:00+00:00,0.06038
2026-01-07 10:00:00+00:00,0.08265
2026-01-07 10:15:00+00:00,0.0773
2026-01-07 10:30:00+00:00,0.03791
2026-01-07 10:45:00+00:00,0.04213
2026-01-07 11:00:00+00:00,0.08319
2026-01-07 11:15:00+00:00,0.08954000000000001
2026-01-07 11:30:00+00:00,0.039979999999999995
2026-01-07 11:45:00+00:00,0.0847
2026-01-07 12:00:00+00:00,0.06939000000000001
2026-01-07 12:15:00+00:00,0.06379
2026-01-07 12:30:00+00:00,0.0877
2026-01-07 12:45:00+00:00,0.07989
2026-01-07 13:00:00+00:00,0.05601
2026-01-07 13:15:00+00:00,0.10797
2026-01-07 13:30:00+00:00,0.12395
2026-01-07 13:45:00+00:00,0.12768000000000002
2026-01-07 14:00:00+00:00,0.11756
2026-01-07 14:15:00+00:00,0.10692
2026-01-07 14:30:00+00:00,0.13411
2026-01-07 14:45:00+00:00,0.12398999999999999
2026-01-07 15:00:00+00:00,0.14164
2026-01-07 15:15:00+00:00,0.11347
2026-01-07 15:30:00+00:00,0.10961
2026-01-07 15:45:00+00:00,0.10475
2026-01-07 16:00:00+00:00,0.12473000000000001
2026-01-07 16:15:00+00:00,0.13596
2026-01-07 16:30:00+00:00,0.12965000000000002
2026-01-07 16:45:00+00:00,0.13503
2026-01-07 17:00:00+00:00,0.13503
2026-01-07 17:15:00+00:00,0.13055
2026-01-07 17:30:00+00:00,0.1468
2026-01-07 17:45:00+00:00,0.15513
2026-01-07 18:00:00+00:00,0.11549
2026-01-07 18:15:00+00:00,0.13003
2026-01-07 18:30:00+00:00,0.13394
2026-01-07 18:45:00+00:00,0.14649
2026-01-07 19:00:00+00:00,0.17091
2026-01-07 19:15:00+00:00,0.16886
2026-01-07 19:30:00+00:00,0.13824
2026-01-07 19:45:00+00:00,0.16213999999999998
2026-01-07 20:00:00+00:00,0.13268000000000002
2026-01-07 20:15:00+00:00,0.15087
2026-01-07 20:30:00+00:00,0.15657
2026-01-07 20:45:00+00:00,0.11776
2026-01-07 21:00:00+00:00,0.17455
2026-01-07 21:15:00+00:00,0.05967
2026-01-07 21:30:00+00:00,0.07132
2026-01-07 21:45:00+00:00,0.0818
2026-01-07 22:00:00+00:00,0.09244
2026-01-07 22:15:00+00:00,0.12963999999999998
2026-01-07 22:30:00+00:00,0.10486
2026-01-07 22:45:00+00:00,0.13756000000000002
2026-01-07 23:00:00+00:00,0.13338
2026-01-07 23:15:00+00:00,0.13063
2026-01-07 23:30:00+00:00,0.12079999999999999
2026-01-07 23:45:00+00:00,0.1264
2026-01-08 00:00:00+00:00,0.15093
2026-01-08 00:15:00+00:00,0.15622999999999998
2026-01-08 00:30:00+00:00,0.15144
2026-01-08 00:45:00+00:00,0.12351999999999999
2026-01-08 01:00:00+00:00,0.12237999999999999
2026-01-08 01:15:00+00:00,0.11516
2026-01-08 01:30:00+00:00,0.11495
2026-01-08 01:45:00+00:00,0.10684
2026-01-08 02:00:00+00:00,0.1065
2026-01-08 02:15:00+00:00,0.10603
2026-01-08 02:30:00+00:00,0.10636
2026-01-08 02:45:00+00:00,0.0943
2026-01-08 03:00:00+00:00,0.09165000000000001
2026-01-08 03:15:00+00:00,0.08581
2026-01-08 03:30:00+00:00,0.12067
2026-01-08 03:45:00+00:00,0.08325
2026-01-08 04:00:00+00:00,0.13546
2026-01-08 04:15:00+00:00,0.11315
2026-01-08 04:30:00+00:00,0.10427
2026-01-08 04:45:00+00:00,0.09287999999999999
2026-01-08 05:00:00+00:00,0.16851
2026-01-08 05:15:00+00:00,0.16143000000000002
2026-01-08 05:30:00+00:00,0.19159
2026-01-08 05:45:00+00:00,0.21630000000000002
2026-01-08 06:00:00+00:00,0.26842
2026-01-08 06:15:00+00:00,0.19698
2026-01-08 06:30:00+00:00,0.13246
2026-01-08 06:45:00+00:00,0.24541
2026-01-08 07:00:00+00:00,0.13894
2026-01-08 07:15:00+00:00,0.12886
2026-01-08 07:30:00+00:00,0.12001
2026-01-08 07:45:00+00:00,0.26483999999999996
2026-01-08 08:00:00+00:00,0.27294999999999997
2026-01-08 08:15:00+00:00,0.30584
2026-01-08 08:30:00+00:00,0.41513
2026-01-08 08:45:00+00:00,0.39206
2026-01-08 09:00:00+00:00,0.43695999999999996
2026-01-08 09:15:00+00:00,0.46236
2026-01-08 09:30:00+00:00,0.47464
2026-01-08 09:45:00+00:00,0.42069999999999996
2026-01-08 10:00:00+00:00,0.30851999999999996
2026-01-08 10:15:00+00:00,0.31311
2026-01-08 10:30:00+00:00,0.28705
2026-01-08 10:45:00+00:00,0.30681
2026-01-08 11:00:00+00:00,0.31313
2026-01-08 11:15:00+00:00,0.32424000000000003
2026-01-08 11:30:00+00:00,0.41428
2026-01-08 11:45:00+00:00,0.44471
2026-01-08 12:00:00+00:00,0.43917
2026-01-08 12:15:00+00:00,0.47325
2026-01-08 12:30:00+00:00,0.42097
2026-01-08 12:45:00+00:00,0.34534
2026-01-08 13:00:00+00:00,0.28681
2026-01-08 13:15:00+00:00,0.32912
2026-01-08 13:30:00+00:00,0.39454
2026-01-08 13:45:00+00:00,0.35224
2026-01-08 14:00:00+00:00,0.23725
2026-01-08 14:15:00+00:00,0.26205
2026-01-08 14:30:00+00:00,0.2725
2026-01-08 14:45:00+00:00,0.293
2026-01-08 15:00:00+00:00,0.27303
2026-01-08 15:15:00+00:00,0.30742
2026-01-08 15:30:00+00:00,0.3004
2026-01-08 15:45:00+00:00,0.27654
2026-01-08 16:00:00+00:00,0.34168
2026-01-08 16:15:00+00:00,0.3409
2026-01-08 16:30:00+00:00,0.74214
2026-01-08 16:45:00+00:00,1.2133
2026-01-08 17:00:00+00:00,1.37685
2026-01-08 17:15:00+00:00,1.08074
2026-01-08 17:30:00+00:00,2.07328
2026-01-08 17:45:00+00:00,1.6456
2026-01-08 18:00:00+00:00,0.98122
2026-01-08 18:15:00+00:00,0.44881
2026-01-08 18:30:00+00:00,0.31795999999999996
2026-01-08 18:45:00+00:00,0.22166999999999998
2026-01-08 19:00:00+00:00,0.07598999999999999
2026-01-08 19:15:00+00:00,0.08649
2026-01-08 19:30:00+00:00,0.11012999999999999
2026-01-08 19:45:00+00:00,0.09799
2026-01-08 20:00:00+00:00,0.19507
2026-01-08 20:15:00+00:00,0.39465
2026-01-08 20:30:00+00:00,0.19976
2026-01-08 20:45:00+00:00,0.06647
2026-01-08 21:00:00+00:00,0.05571
2026-01-08 21:15:00+00:00,0.0376
2026-01-08 21:30:00+00:00,0.04087
2026-01-08 21:45:00+00:00,0.12013
2026-01-08 22:00:00+00:00,0.23915999999999998
2026-01-08 22:15:00+00:00,0.25681
2026-01-08 22:30:00+00:00,0.31901
2026-01-08 22:45:00+00:00,0.17485
2026-01-08 23:00:00+00:00,0.18625999999999998
2026-01-08 23:15:00+00:00,0.17814
2026-01-08 23:30:00+00:00,0.08167
2026-01-08 23:45:00+00:00,0.13653
2026-01-09 00:00:00+00:00,0.14086
2026-01-09 00:15:00+00:00,0.06996
2026-01-09 00:30:00+00:00,0.13804
2026-01-09 00:45:00+00:00,0.09906000000000001
2026-01-09 01:00:00+00:00,0.07883
2026-01-09 01:15:00+00:00,0.04346
2026-01-09 01:30:00+00:00,0.010490000000000001
2026-01-09 01:45:00+00:00,0.04517
2026-01-09 02:00:00+00:00,0.11431999999999999
2026-01-09 02:15:00+00:00,0.07107
2026-01-09 02:30:00+00:00,0.038630000000000005
2026-01-09 02:45:00+00:00,0.05478
2026-01-09 03:00:00+00:00,0.03434
2026-01-09 03:15:00+00:00,0.07471
2026-01-09 03:30:00+00:00,0.10327
2026-01-09 03:45:00+00:00,0.07831999999999999
2026-01-09 04:00:00+00:00,0.08641
2026-01-09 04:15:00+00:00,0.02486
2026-01-09 04:30:00+00:00,0.06498999999999999
2026-01-09 04:45:00+00:00,0.03995
2026-01-09 05:00:00+00:00,-1.2779800000000001
2026-01-09 05:15:00+00:00,-0.00512
2026-01-09 05:30:00+00:00,0.04832
2026-01-09 05:45:00+00:00,0.05889
2026-01-09 06:00:00+00:00,0.03674
2026-01-09 06:15:00+00:00,0.05874
2026-01-09 06:30:00+00:00,0.03474
2026-01-09 06:45:00+00:00,0.08672
2026-01-09 07:00:00+00:00,0.06871
2026-01-09 07:15:00+00:00,0.08194
2026-01-09 07:30:00+00:00,0.11383
2026-01-09 07:45:00+00:00,0.12574
2026-01-09 08:00:00+00:00,0.14535
2026-01-09 08:15:00+00:00,0.12655
2026-01-09 08:30:00+00:00,0.09437999999999999
2026-01-09 08:45:00+00:00,0.09663
2026-01-09 09:00:00+00:00,0.08373
2026-01-09 09:15:00+00:00,0.07775
2026-01-09 09:30:00+00:00,0.11663
2026-01-09 09:45:00+00:00,0.07778
2026-01-09 10:00:00+00:00,0.10073
2026-01-09 10:15:00+00:00,0.0803
2026-01-09 10:30:00+00:00,0.05783
2026-01-09 10:45:00+00:00,0.04145
2026-01-09 11:00:00+00:00,0.07919
2026-01-09 11:15:00+00:00,0.09448000000000001
2026-01-09 11:30:00+00:00,0.11069
2026-01-09 11:45:00+00:00,0.13290000000000002
2026-01-09 12:00:00+00:00,0.1608
2026-01-09 12:15:00+00:00,0.14048
2026-01-09 12:30:00+00:00,0.14513
2026-01-09 12:45:00+00:00,0.1222
2026-01-09 13:00:00+00:00,0.11793000000000001
2026-01-09 13:15:00+00:00,0.07112
2026-01-09 13:30:00+00:00,0.08238
2026-01-09 13:45:00+00:00,0.09196
2026-01-09 14:00:00+00:00,0.06342
2026-01-09 14:15:00+00:00,0.09512000000000001
2026-01-09 14:30:00+00:00,0.10078
2026-01-09 14:45:00+00:00,0.11685
2026-01-09 15:00:00+00:00,0.13719
2026-01-09 15:15:00+00:00,0.14029
2026-01-09 15:30:00+00:00,0.14425
2026-01-09 15:45:00+00:00,0.15850999999999998
2026-01-09 16:00:00+00:00,0.14740999999999999
2026-01-09 16:15:00+00:00,0.16191
2026-01-09 16:30:00+00:00,0.18119
2026-01-09 16:45:00+00:00,0.21349
2026-01-09 17:00:00+00:00,0.01438
2026-01-09 17:15:00+00:00,0.02258
2026-01-09 17:30:00+00:00,0.054509999999999996
2026-01-09 17:45:00+00:00,0.12295
2026-01-09 18:00:00+00:00,0.11993999999999999
2026-01-09 18:15:00+00:00,0.10102
2026-01-09 18:30:00+00:00,0.10422
2026-01-09 18:45:00+00:00,0.08671
2026-01-09 19:00:00+00:00,0.05065
2026-01-09 19:15:00+00:00,0.01761
2026-01-09 19:30:00+00:00,0.11281000000000001
2026-01-09 19:45:00+00:00,0.10786
2026-01-09 20:00:00+00:00,0.13085
2026-01-09 20:15:00+00:00,0.15138
2026-01-09 20:30:00+00:00,0.1423
2026-01-09 20:45:00+00:00,0.12165999999999999
2026-01-09 21:00:00+00:00,0.17169
2026-01-09 21:15:00+00:00,0.16340000000000002
2026-01-09 21:30:00+00:00,0.156
2026-01-09 21:45:00+00:00,0.15194
2026-01-09 22:00:00+00:00,0.14282
2026-01-09 22:15:00+00:00,0.044219999999999995
2026-01-09 22:30:00+00:00,0.0348
2026-01-09 22:45:00+00:00,0.024489999999999998
2026-01-09 23:00:00+00:00,0.04467
2026-01-09 23:15:00+00:00,0.07408
2026-01-09 23:30:00+00:00,0.08546
2026-01-09 23:45:00+00:00,0.09854
2026-01-10 00:00:00+00:00,0.11657
2026-01-10 00:15:00+00:00,0.11765
2026-01-10 00:30:00+00:00,0.11773
2026-01-10 00:45:00+00:00,0.11316
2026-01-10 01:00:00+00:00,0.10268000000000001
2026-01-10 01:15:00+00:00,0.08816
2026-01-10 01:30:00+00:00,0.10065
2026-01-10 01:45:00+00:00,0.08818000000000001
2026-01-10 02:00:00+00:00,0.0615
2026-01-10 02:15:00+00:00,0.06749
2026-01-10 02:30:00+00:00,0.06891
2026-01-10 02:45:00+00:00,0.08696
2026-01-10 03:00:00+00:00,0.09916
2026-01-10 03:15:00+00:00,0.09448999999999999
2026-01-10 03:30:00+00:00,0.10008
2026-01-10 03:45:00+00:00,0.07726999999999999
2026-01-10 04:00:00+00:00,0.09436
2026-01-10 04:15:00+00:00,0.07651999999999999
2026-01-10 04:30:00+00:00,0.02939
2026-01-10 04:45:00+00:00,0.0859
2026-01-10 05:00:00+00:00,0.08243
2026-01-10 05:15:00+00:00,0.07848999999999999
2026-01-10 05:30:00+00:00,0.11815
2026-01-10 05:45:00+00:00,0.11318
2026-01-10 06:00:00+00:00,0.11145999999999999
2026-01-10 06:15:00+00:00,0.09966
2026-01-10 06:30:00+00:00,0.10507
2026-01-10 06:45:00+00:00,0.09179999999999999
2026-01-10 07:00:00+00:00,0.09831000000000001
2026-01-10 07:15:00+00:00,0.09459000000000001
2026-01-10 07:30:00+00:00,0.01774
2026-01-10 07:45:00+00:00,-0.08813
2026-01-10 08:00:00+00:00,0.16622
2026-01-10 08:15:00+00:00,0.16274
2026-01-10 08:30:00+00:00,0.16013
2026-01-10 08:45:00+00:00,0.16399
2026-01-10 09:00:00+00:00,0.16559000000000001
2026-01-10 09:15:00+00:00,0.17366
2026-01-10 09:30:00+00:00,0.1675
2026-01-10 09:45:00+00:00,0.16797
2026-01-10 10:00:00+00:00,0.1359
2026-01-10 10:15:00+00:00,0.08315
2026-01-10 10:30:00+00:00,0.17081
2026-01-10 10:45:00+00:00,0.17105
2026-01-10 11:00:00+00:00,0.13756000000000002
2026-01-10 11:15:00+00:00,0.11655
2026-01-10 11:30:00+00:00,0.1083
2026-01-10 11:45:00+00:00,0.07442
2026-01-10 12:00:00+00:00,0.08878
2026-01-10 12:15:00+00:00,0.09126999999999999
2026-01-10 12:30:00+00:00,0.08901
2026-01-10 12:45:00+00:00,0.10592
2026-01-10 13:00:00+00:00,0.11945
2026-01-10 13:15:00+00:00,0.12722
2026-01-10 13:30:00+00:00,0.13565
2026-01-10 13:45:00+00:00,0.13999
2026-01-10 14:00:00+00:00,0.15219
2026-01-10 14:15:00+00:00,0.15386000000000002
2026-01-10 14:30:00+00:00,0.14805000000000001
2026-01-10 14:45:00+00:00,0.15469
2026-01-10 15:00:00+00:00,0.09173999999999999
2026-01-10 15:15:00+00:00,0.08066
2026-01-10 15:30:00+00:00,0.07101
2026-01-10 15:45:00+00:00,0.08756
2026-01-10 16:00:00+00:00,0.1185
2026-01-10 16:15:00+00:00,0.11237
2026-01-10 16:30:00+00:00,0.09670000000000001
2026-01-10 16:45:00+00:00,0.08191
2026-01-10 17:00:00+00:00,0.10845999999999999
2026-01-10 17:15:00+00:00,0.09417
2026-01-10 17:30:00+00:00,0.11503000000000001
2026-01-10 17:45:00+00:00,0.10056
2026-01-10 18:00:00+00:00,0.10442
2026-01-10 18:15:00+00:00,0.08922
2026-01-10 18:30:00+00:00,0.09983
2026-01-10 18:45:00+00:00,0.10754999999999999
2026-01-10 19:00:00+00:00,0.08275
2026-01-10 19:15:00+00:00,0.09854
2026-01-10 19:30:00+00:00,0.0823
2026-01-10 19:45:00+00:00,0.08506
2026-01-10 20:00:00+00:00,0.12138
2026-01-10 20:15:00+00:00,0.11806
2026-01-10 20:30:00+00:00,0.10626000000000001
2026-01-10 20:45:00+00:00,0.10247
2026-01-10 21:00:00+00:00,0.11763
2026-01-10 21:15:00+00:00,0.11884
2026-01-10 21:30:00+00:00,0.11464
2026-01-10 21:45:00+00:00,0.1007
2026-01-10 22:00:00+00:00,0.0973
2026-01-10 22:15:00+00:00,0.08979000000000001
2026-01-10 22:30:00+00:00,0.08123000000000001
2026-01-10 22:45:00+00:00,0.07912999999999999
2026-01-10 23:00:00+00:00,0.11179
2026-01-10 23:15:00+00:00,0.14464
2026-01-10 23:30:00+00:00,0.1351
2026-01-10 23:45:00+00:00,0.10975
2026-01-11 00:00:00+00:00,0.11509
2026-01-11 00:15:00+00:00,0.11907999999999999
2026-01-11 00:30:00+00:00,0.11118
2026-01-11 00:45:00+00:00,0.10948000000000001
2026-01-11 01:00:00+00:00,0.10805
2026-01-11 01:15:00+00:00,0.11318
2026-01-11 01:30:00+00:00,0.10473
2026-01-11 01:45:00+00:00,0.10807
2026-01-11 02:00:00+00:00,0.10244
2026-01-11 02:15:00+00:00,0.11208
2026-01-11 02:30:00+00:00,0.10536
2026-01-11 02:45:00+00:00,0.09856000000000001
2026-01-11 03:00:00+00:00,0.1057
2026-01-11 03:15:00+00:00,0.09698000000000001
2026-01-11 03:30:00+00:00,0.10015
2026-01-11 03:45:00+00:00,0.08843999999999999
2026-01-11 04:00:00+00:00,0.10414
2026-01-11 04:15:00+00:00,0.10832
2026-01-11 04:30:00+00:00,0.10893000000000001
2026-01-11 04:45:00+00:00,0.10723999999999999
2026-01-11 05:00:00+00:00,0.11664
2026-01-11 05:15:00+00:00,0.0985
2026-01-11 05:30:00+00:00,0.11243
2026-01-11 05:45:00+00:00,0.10776000000000001
2026-01-11 06:00:00+00:00,0.11439
2026-01-11 06:15:00+00:00,0.09276999999999999
2026-01-11 06:30:00+00:00,0.09809
2026-01-11 06:45:00+00:00,0.09586
2026-01-11 07:00:00+00:00,0.09248999999999999
2026-01-11 07:15:00+00:00,0.10765999999999999
2026-01-11 07:30:00+00:00,0.12159
2026-01-11 07:45:00+00:00,0.11245999999999999
2026-01-11 08:00:00+00:00,0.13240000000000002
2026-01-11 08:15:00+00:00,0.13346
2026-01-11 08:30:00+00:00,0.14689
2026-01-11 08:45:00+00:00,0.15262
2026-01-11 09:00:00+00:00,0.13861
2026-01-11 09:15:00+00:00,0.11734
2026-01-11 09:30:00+00:00,0.08737
2026-01-11 09:45:00+00:00,0.07927
2026-01-11 10:00:00+00:00,0.12503
2026-01-11 10:15:00+00:00,0.12749
2026-01-11 10:30:00+00:00,0.11599
2026-01-11 10:45:00+00:00,0.09115999999999999
2026-01-11 11:00:00+00:00,0.11342
2026-01-11 11:15:00+00:00,0.09720999999999999
2026-01-11 11:30:00+00:00,0.09644
2026-01-11 11:45:00+00:00,0.09022
2026-01-11 12:00:00+00:00,0.1019
2026-01-11 12:15:00+00:00,0.09307
2026-01-11 12:30:00+00:00,0.10425
2026-01-11 12:45:00+00:00,0.10369
2026-01-11 13:00:00+00:00,0.11370000000000001
2026-01-11 13:15:00+00:00,0.11503000000000001
2026-01-11 13:30:00+00:00,0.12113
2026-01-11 13:45:00+00:00,0.13438999999999998
2026-01-11 14:00:00+00:00,0.11657
2026-01-11 14:15:00+00:00,0.13749
2026-01-11 14:30:00+00:00,0.14413
2026-01-11 14:45:00+00:00,0.14699
2026-01-11 15:00:00+00:00,0.13259
2026-01-11 15:15:00+00:00,0.09838
2026-01-11 15:30:00+00:00,0.10133
2026-01-11 15:45:00+00:00,0.11466
2026-01-11 16:00:00+00:00,0.12005
2026-01-11 16:15:00+00:00,0.1295
2026-01-11 16:30:00+00:00,0.14311000000000001
2026-01-11 16:45:00+00:00,0.14435
2026-01-11 17:00:00+00:00,0.15324000000000002
2026-01-11 17:15:00+00:00,0.15184
2026-01-11 17:30:00+00:00,0.15575999999999998
2026-01-11 17:45:00+00:00,0.16663
2026-01-11 18:00:00+00:00,0.16222999999999999
2026-01-11 18:15:00+00:00,0.1454
2026-01-11 18:30:00+00:00,0.14458000000000001
2026-01-11 18:45:00+00:00,0.13726
2026-01-11 19:00:00+00:00,0.12296
2026-01-11 19:15:00+00:00,0.12159
2026-01-11 19:30:00+00:00,0.15103
2026-01-11 19:45:00+00:00,0.06003
2026-01-11 20:00:00+00:00,0.0818
2026-01-11 20:15:00+00:00,0.08147
2026-01-11 20:30:00+00:00,0.08601
2026-01-11 20:45:00+00:00,0.0876
2026-01-11 21:00:00+00:00,0.13444
2026-01-11 21:15:00+00:00,0.13533
2026-01-11 21:30:00+00:00,0.11139
2026-01-11 21:45:00+00:00,0.0825
2026-01-11 22:00:00+00:00,0.14274
2026-01-11 22:15:00+00:00,0.12757
2026-01-11 22:30:00+00:00,0.12737
2026-01-11 22:45:00+00:00,0.10772
2026-01-11 23:00:00+00:00,0.12969999999999998
2026-01-11 23:15:00+00:00,0.12182
2026-01-11 23:30:00+00:00,0.14841
2026-01-11 23:45:00+00:00,0.16508
2026-01-12 00:00:00+00:00,0.10839
2026-01-12 00:15:00+00:00,0.08886
2026-01-12 00:30:00+00:00,0.08404
2026-01-12 00:45:00+00:00,0.08436
2026-01-12 01:00:00+00:00,0.08639
2026-01-12 01:15:00+00:00,0.08008
2026-01-12 01:30:00+00:00,0.09292
2026-01-12 01:45:00+00:00,0.07873000000000001
2026-01-12 02:00:00+00:00,0.10102
2026-01-12 02:15:00+00:00,0.09087
2026-01-12 02:30:00+00:00,0.08034999999999999
2026-01-12 02:45:00+00:00,0.07219
2026-01-12 03:00:00+00:00,0.07313
2026-01-12 03:15:00+00:00,0.0677
2026-01-12 03:30:00+00:00,0.09369
2026-01-12 03:45:00+00:00,0.11109000000000001
2026-01-12 04:00:00+00:00,0.07535
2026-01-12 04:15:00+00:00,0.07361
2026-01-12 04:30:00+00:00,0.11156
2026-01-12 04:45:00+00:00,0.12303
2026-01-12 05:00:00+00:00,0.24497
2026-01-12 05:15:00+00:00,0.14041
2026-01-12 05:30:00+00:00,0.17547
2026-01-12 05:45:00+00:00,0.16151
2026-01-12 06:00:00+00:00,0.22709000000000001
2026-01-12 06:15:00+00:00,0.21911000000000003
2026-01-12 06:30:00+00:00,0.20005
2026-01-12 06:45:00+00:00,0.20194
2026-01-12 07:00:00+00:00,0.18635
2026-01-12 07:15:00+00:00,0.20057
2026-01-12 07:30:00+00:00,0.20615
2026-01-12 07:45:00+00:00,0.1911
2026-01-12 08:00:00+00:00,0.06701
2026-01-12 08:15:00+00:00,0.08344
2026-01-12 08:30:00+00:00,0.15872999999999998
2026-01-12 08:45:00+00:00,0.18994
2026-01-12 09:00:00+00:00,0.16546
2026-01-12 09:15:00+00:00,0.1625
2026-01-12 09:30:00+00:00,0.16818
2026-01-12 09:45:00+00:00,0.15822999999999998
2026-01-12 10:00:00+00:00,0.17690999999999998
2026-01-12 10:15:00+00:00,0.19029
2026-01-12 10:30:00+00:00,0.18365
2026-01-12 10:45:00+00:00,0.15818000000000002
2026-01-12 11:00:00+00:00,0.19675
2026-01-12 11:15:00+00:00,0.18180000000000002
2026-01-12 11:30:00+00:00,0.17687999999999998
2026-01-12 11:45:00+00:00,0.182
2026-01-12 12:00:00+00:00,0.18825
2026-01-12 12:15:00+00:00,0.17189
2026-01-12 12:30:00+00:00,0.18091
2026-01-12 12:45:00+00:00,0.16129
2026-01-12 13:00:00+00:00,0.13608
2026-01-12 13:15:00+00:00,0.13453
2026-01-12 13:30:00+00:00,0.13571
2026-01-12 13:45:00+00:00,0.15494
2026-01-12 14:00:00+00:00,0.17889
2026-01-12 14:15:00+00:00,0.17371
2026-01-12 14:30:00+00:00,0.20498
2026-01-12 14:45:00+00:00,0.19902
2026-01-12 15:00:00+00:00,0.30434
2026-01-12 15:15:00+00:00,0.41244
2026-01-12 15:30:00+00:00,0.30836
2026-01-12 15:45:00+00:00,0.37464
2026-01-12 16:00:00+00:00,0.2834
2026-01-12 16:15:00+00:00,0.25572
2026-01-12 16:30:00+00:00,0.15505000000000002
2026-01-12 16:45:00+00:00,0.11058
2026-01-12 17:00:00+00:00,0.07842
2026-01-12 17:15:00+00:00,0.17221
2026-01-12 17:30:00+00:00,0.14493999999999999
2026-01-12 17:45:00+00:00,0.1541
2026-01-12 18:00:00+00:00,0.07959000000000001
2026-01-12 18:15:00+00:00,0.1494
2026-01-12 18:30:00+00:00,0.14269
2026-01-12 18:45:00+00:00,0.13288999999999998
2026-01-12 19:00:00+00:00,0.13817
2026-01-12 19:15:00+00:00,0.18181999999999998
2026-01-12 19:30:00+00:00,0.18261000000000002
2026-01-12 19:45:00+00:00,0.15827000000000002
2026-01-12 20:00:00+00:00,0.0965
2026-01-12 20:15:00+00:00,0.13828000000000001
2026-01-12 20:30:00+00:00,0.06388
2026-01-12 20:45:00+00:00,0.062049999999999994
2026-01-12 21:00:00+00:00,0.08403000000000001
2026-01-12 21:15:00+00:00,0.09811
2026-01-12 21:30:00+00:00,0.07443000000000001
2026-01-12 21:45:00+00:00,0.0665
2026-01-12 22:00:00+00:00,0.0777
2026-01-12 22:15:00+00:00,0.08047
2026-01-12 22:30:00+00:00,0.08484
2026-01-12 22:45:00+00:00,0.0937
2026-01-12 23:00:00+00:00,0.20176
2026-01-12 23:15:00+00:00,0.15458000000000002
2026-01-12 23:30:00+00:00,0.11942
2026-01-12 23:45:00+00:00,0.12128
2026-01-13 00:00:00+00:00,0.08215
2026-01-13 00:15:00+00:00,0.11292
2026-01-13 00:30:00+00:00,0.10285
2026-01-13 00:45:00+00:00,0.09269
2026-01-13 01:00:00+00:00,0.09593
2026-01-13 01:15:00+00:00,0.08220999999999999
2026-01-13 01:30:00+00:00,0.07133
2026-01-13 01:45:00+00:00,0.07776000000000001
2026-01-13 02:00:00+00:00,0.07129
2026-01-13 02:15:00+00:00,0.07768000000000001
2026-01-13 02:30:00+00:00,0.0828
2026-01-13 02:45:00+00:00,0.10482999999999999
2026-01-13 03:00:00+00:00,0.10193
2026-01-13 03:15:00+00:00,0.10884
2026-01-13 03:30:00+00:00,0.11753
2026-01-13 03:45:00+00:00,0.12743000000000002
2026-01-13 04:00:00+00:00,0.12724
2026-01-13 04:15:00+00:00,0.08803
2026-01-13 04:30:00+00:00,0.07053
2026-01-13 04:45:00+00:00,0.08503
2026-01-13 05:00:00+00:00,0.15324000000000002
2026-01-13 05:15:00+00:00,0.10294
2026-01-13 05:30:00+00:00,0.15609
2026-01-13 05:45:00+00:00,0.17325
2026-01-13 06:00:00+00:00,0.15697
2026-01-13 06:15:00+00:00,0.13881
2026-01-13 06:30:00+00:00,0.11438
2026-01-13 06:45:00+00:00,0.11747
2026-01-13 07:00:00+00:00,0.1402
2026-01-13 07:15:00+00:00,0.15194
2026-01-13 07:30:00+00:00,0.16466
2026-01-13 07:45:00+00:00,0.17623
2026-01-13 08:00:00+00:00,0.1694
2026-01-13 08:15:00+00:00,0.17009
2026-01-13 08:30:00+00:00,0.16863999999999998
2026-01-13 08:45:00+00:00,0.15886
2026-01-13 09:00:00+00:00,0.24178
2026-01-13 09:15:00+00:00,0.11411
2026-01-13 09:30:00+00:00,0.10328
2026-01-13 09:45:00+00:00,0.09433
2026-01-13 10:00:00+00:00,0.07701999999999999
2026-01-13 10:15:00+00:00,0.06257
2026-01-13 10:30:00+00:00,0.13587
2026-01-13 10:45:00+00:00,0.14068
2026-01-13 11:00:00+00:00,0.11783
2026-01-13 11:15:00+00:00,0.06456999999999999
2026-01-13 11:30:00+00:00,0.07078
2026-01-13 11:45:00+00:00,0.08445
2026-01-13 12:00:00+00:00,0.10679000000000001
2026-01-13 12:15:00+00:00,0.12056
2026-01-13 12:30:00+00:00,0.08298
2026-01-13 12:45:00+00:00,0.08571
2026-01-13 13:00:00+00:00,0.13322
2026-01-13 13:15:00+00:00,0.13151
2026-01-13 13:30:00+00:00,0.14659
2026-01-13 13:45:00+00:00,0.13767
2026-01-13 14:00:00+00:00,0.12096
2026-01-13 14:15:00+00:00,0.12311
2026-01-13 14:30:00+00:00,0.11944
2026-01-13 14:45:00+00:00,0.1254
2026-01-13 15:00:00+00:00,0.069
2026-01-13 15:15:00+00:00,0.08419
2026-01-13 15:30:00+00:00,0.12140999999999999
2026-01-13 15:45:00+00:00,0.13668
2026-01-13 16:00:00+00:00,0.13227
2026-01-13 16:15:00+00:00,0.09326000000000001
2026-01-13 16:30:00+00:00,0.10375
2026-01-13 16:45:00+00:00,0.12233
2026-01-13 17:00:00+00:00,0.11737
2026-01-13 17:15:00+00:00,0.12244
2026-01-13 17:30:00+00:00,0.10436
2026-01-13 17:45:00+00:00,0.1479
2026-01-13 18:00:00+00:00,0.15356
2026-01-13 18:15:00+00:00,0.14175
2026-01-13 18:30:00+00:00,0.16519
2026-01-13 18:45:00+00:00,0.13836
2026-01-13 19:00:00+00:00,0.06526
2026-01-13 19:15:00+00:00,-0.02562
2026-01-13 19:30:00+00:00,0.07565000000000001
2026-01-13 19:45:00+00:00,0.09368000000000001
2026-01-13 20:00:00+00:00,0.12603
2026-01-13 20:15:00+00:00,0.11062999999999999
2026-01-13 20:30:00+00:00,0.04554
2026-01-13 20:45:00+00:00,-0.013800000000000002
2026-01-13 21:00:00+00:00,0.06744
2026-01-13 21:15:00+00:00,0.06377000000000001
2026-01-13 21:30:00+00:00,0.06420000000000001
2026-01-13 21:45:00+00:00,0.04156
2026-01-13 22:00:00+00:00,0.08907999999999999
2026-01-13 22:15:00+00:00,0.08895
2026-01-13 22:30:00+00:00,0.09545000000000001
2026-01-13 22:45:00+00:00,0.11053
2026-01-13 23:00:00+00:00,0.10066
2026-01-13 23:15:00+00:00,0.11891
2026-01-13 23:30:00+00:00,0.10473
2026-01-13 23:45:00+00:00,0.11219
2026-01-14 00:00:00+00:00,0.12809
2026-01-14 00:15:00+00:00,0.12919999999999998
2026-01-14 00:30:00+00:00,0.11952
2026-01-14 00:45:00+00:00,0.047560000000000005
2026-01-14 01:00:00+00:00,0.07814
2026-01-14 01:15:00+00:00,0.0762
2026-01-14 01:30:00+00:00,0.09229000000000001
2026-01-14 01:45:00+00:00,0.10648
2026-01-14 02:00:00+00:00,0.11409
2026-01-14 02:15:00+00:00,0.10466
2026-01-14 02:30:00+00:00,0.11876
2026-01-14 02:45:00+00:00,0.11378
2026-01-14 03:00:00+00:00,0.02213
2026-01-14 03:15:00+00:00,0.037509999999999995
2026-01-14 03:30:00+00:00,0.04083
2026-01-14 03:45:00+00:00,0.07615000000000001
2026-01-14 04:00:00+00:00,0.11942
2026-01-14 04:15:00+00:00,0.09673000000000001
2026-01-14 04:30:00+00:00,0.12544
2026-01-14 04:45:00+00:00,0.12775
2026-01-14 05:00:00+00:00,0.05646
2026-01-14 05:15:00+00:00,0.05586
2026-01-14 05:30:00+00:00,0.10324
2026-01-14 05:45:00+00:00,0.11454
2026-01-14 06:00:00+00:00,0.06071
2026-01-14 06:15:00+00:00,0.0020499999999999997
2026-01-14 06:30:00+00:00,0.06193
2026-01-14 06:45:00+00:00,0.09331999999999999
2026-01-14 07:00:00+00:00,0.12237
2026-01-14 07:15:00+00:00,0.13621
2026-01-14 07:30:00+00:00,0.13545
2026-01-14 07:45:00+00:00,0.10157
2026-01-14 08:00:00+00:00,0.13566999999999999
2026-01-14 08:15:00+00:00,0.16379
2026-01-14 08:30:00+00:00,0.16055
2026-01-14 08:45:00+00:00,0.14324
2026-01-14 09:00:00+00:00,0.17078
2026-01-14 09:15:00+00:00,0.14881999999999998
2026-01-14 09:30:00+00:00,0.07795999999999999
2026-01-14 09:45:00+00:00,0.08717
2026-01-14 10:00:00+00:00,0.11846999999999999
2026-01-14 10:15:00+00:00,0.06763
2026-01-14 10:30:00+00:00,0.07684
2026-01-14 10:45:00+00:00,0.11926
2026-01-14 11:00:00+00:00,0.10525
2026-01-14 11:15:00+00:00,0.10833
2026-01-14 11:30:00+00:00,0.06615
2026-01-14 11:45:00+00:00,0.05829
2026-01-14 12:00:00+00:00,0.02975
2026-01-14 12:15:00+00:00,0.06278
2026-01-14 12:30:00+00:00,0.06375
2026-01-14 12:45:00+00:00,0.056229999999999995
2026-01-14 13:00:00+00:00,0.07462
2026-01-14 13:15:00+00:00,0.12419
2026-01-14 13:30:00+00:00,0.07732
2026-01-14 13:45:00+00:00,0.13989
2026-01-14 14:00:00+00:00,0.13636
2026-01-14 14:15:00+00:00,0.1447
2026-01-14 14:30:00+00:00,0.12303
2026-01-14 14:45:00+00:00,0.14548
2026-01-14 15:00:00+00:00,0.09491
2026-01-14 15:15:00+00:00,0.09502
2026-01-14 15:30:00+00:00,0.08948
2026-01-14 15:45:00+00:00,0.15949000000000002
2026-01-14 16:00:00+00:00,0.16318000000000002
2026-01-14 16:15:00+00:00,0.18930000000000002
2026-01-14 16:30:00+00:00,0.21447999999999998
2026-01-14 16:45:00+00:00,0.26252
2026-01-14 17:00:00+00:00,0.24031
2026-01-14 17:15:00+00:00,0.20577
2026-01-14 17:30:00+00:00,0.17649
2026-01-14 17:45:00+00:00,0.17984999999999998
2026-01-14 18:00:00+00:00,0.13502
2026-01-14 18:15:00+00:00,0.09281
2026-01-14 18:30:00+00:00,0.09107
2026-01-14 18:45:00+00:00,0.1237
2026-01-14 19:00:00+00:00,0.15356
2026-01-14 19:15:00+00:00,0.1712
2026-01-14 19:30:00+00:00,0.15102000000000002
2026-01-14 19:45:00+00:00,0.12928
2026-01-14 20:00:00+00:00,0.14968
2026-01-14 20:15:00+00:00,0.1514
2026-01-14 20:30:00+00:00,0.16199000000000002
2026-01-14 20:45:00+00:00,0.16501
2026-01-14 21:00:00+00:00,0.18106
2026-01-14 21:15:00+00:00,0.08715
2026-01-14 21:30:00+00:00,0.0855
2026-01-14 21:45:00+00:00,0.08641
2026-01-14 22:00:00+00:00,0.08316
2026-01-14 22:15:00+00:00,0.08665
2026-01-14 22:30:00+00:00,0.14348
2026-01-14 22:45:00+00:00,0.07443000000000001
2026-01-14 23:00:00+00:00,0.08072
2026-01-14 23:15:00+00:00,0.06958
2026-01-14 23:30:00+00:00,0.045090000000000005
2026-01-14 23:45:00+00:00,0.08666
2026-01-15 00:00:00+00:00,0.07018
2026-01-15 00:15:00+00:00,0.06116
2026-01-15 00:30:00+00:00,0.059609999999999996
2026-01-15 00:45:00+00:00,0.0635
2026-01-15 01:00:00+00:00,0.09312000000000001
2026-01-15 01:15:00+00:00,0.06266
2026-01-15 01:30:00+00:00,0.10625
2026-01-15 01:45:00+00:00,0.10393000000000001
2026-01-15 02:00:00+00:00,0.09439
2026-01-15 02:15:00+00:00,0.10049
2026-01-15 02:30:00+00:00,0.09945
2026-01-15 02:45:00+00:00,0.11034999999999999
2026-01-15 03:00:00+00:00,0.11904
2026-01-15 03:15:00+00:00,0.07213
2026-01-15 03:30:00+00:00,0.04518
2026-01-15 03:45:00+00:00,0.09619
2026-01-15 04:00:00+00:00,0.12541
2026-01-15 04:15:00+00:00,0.07876999999999999
2026-01-15 04:30:00+00:00,0.09467
2026-01-15 04:45:00+00:00,0.11662
2026-01-15 05:00:00+00:00,0.10640999999999999
2026-01-15 05:15:00+00:00,0.08538
2026-01-15 05:30:00+00:00,0.07089
2026-01-15 05:45:00+00:00,0.1128
2026-01-15 06:00:00+00:00,0.11778
2026-01-15 06:15:00+00:00,0.12583
2026-01-15 06:30:00+00:00,0.14253
2026-01-15 06:45:00+00:00,0.13651
2026-01-15 07:00:00+00:00,0.14266
2026-01-15 07:15:00+00:00,0.10837999999999999
2026-01-15 07:30:00+00:00,0.14586000000000002
2026-01-15 07:45:00+00:00,0.15458000000000002
2026-01-15 08:00:00+00:00,0.16473
2026-01-15 08:15:00+00:00,0.15165
2026-01-15 08:30:00+00:00,0.15088
2026-01-15 08:45:00+00:00,0.10118
2026-01-15 09:00:00+00:00,0.10296999999999999
2026-01-15 09:15:00+00:00,0.06798
2026-01-15 09:30:00+00:00,0.05663
2026-01-15 09:45:00+00:00,0.05996
2026-01-15 10:00:00+00:00,0.06448000000000001
2026-01-15 10:15:00+00:00,0.07535
2026-01-15 10:30:00+00:00,0.07508
2026-01-15 10:45:00+00:00,0.05086
2026-01-15 11:00:00+00:00,0.044090000000000004
2026-01-15 11:15:00+00:00,0.060829999999999995
2026-01-15 11:30:00+00:00,0.06118
2026-01-15 11:45:00+00:00,0.06404
2026-01-15 12:00:00+00:00,0.07001
2026-01-15 12:15:00+00:00,0.06862
2026-01-15 12:30:00+00:00,0.07692
2026-01-15 12:45:00+00:00,0.07076
2026-01-15 13:00:00+00:00,0.0938
2026-01-15 13:15:00+00:00,0.10931999999999999
2026-01-15 13:30:00+00:00,0.13899
2026-01-15 13:45:00+00:00,0.12378
2026-01-15 14:00:00+00:00,0.12196
2026-01-15 14:15:00+00:00,0.13735
2026-01-15 14:30:00+00:00,0.19100999999999999
2026-01-15 14:45:00+00:00,0.17056
2026-01-15 15:00:00+00:00,0.08719
2026-01-15 15:15:00+00:00,0.12362999999999999
2026-01-15 15:30:00+00:00,0.17071
2026-01-15 15:45:00+00:00,0.19207
2026-01-15 16:00:00+00:00,0.091
2026-01-15 16:15:00+00:00,0.11337
2026-01-15 16:30:00+00:00,0.11305
2026-01-15 16:45:00+00:00,0.11166
2026-01-15 17:00:00+00:00,0.13579
2026-01-15 17:15:00+00:00,0.14401
2026-01-15 17:30:00+00:00,0.15936
2026-01-15 17:45:00+00:00,0.16227
2026-01-15 18:00:00+00:00,0.07484
2026-01-15 18:15:00+00:00,0.06684
2026-01-15 18:30:00+00:00,0.09194
2026-01-15 18:45:00+00:00,0.12673
2026-01-15 19:00:00+00:00,0.09523999999999999
2026-01-15 19:15:00+00:00,0.06914000000000001
2026-01-15 19:30:00+00:00,0.06861
2026-01-15 19:45:00+00:00,0.06684999999999999
2026-01-15 20:00:00+00:00,0.09414
2026-01-15 20:15:00+00:00,0.13241999999999998
2026-01-15 20:30:00+00:00,0.07973000000000001
2026-01-15 20:45:00+00:00,0.05668
2026-01-15 21:00:00+00:00,0.14879
2026-01-15 21:15:00+00:00,0.10951000000000001
2026-01-15 21:30:00+00:00,0.11493
2026-01-15 21:45:00+00:00,0.12769
2026-01-15 22:00:00+00:00,0.09722
2026-01-15 22:15:00+00:00,0.07244
2026-01-15 22:30:00+00:00,0.08698
2026-01-15 22:45:00+00:00,0.09620999999999999
2026-01-15 23:00:00+00:00,0.08848
2026-01-15 23:15:00+00:00,0.13111
2026-01-15 23:30:00+00:00,0.13253
2026-01-15 23:45:00+00:00,0.12761
2026-01-16 00:00:00+00:00,0.06943
2026-01-16 00:15:00+00:00,0.03336
2026-01-16 00:30:00+00:00,0.09298999999999999
2026-01-16 00:45:00+00:00,0.04234
2026-01-16 01:00:00+00:00,0.06399
2026-01-16 01:15:00+00:00,0.06005
2026-01-16 01:30:00+00:00,0.05759
2026-01-16 01:45:00+00:00,0.06382
2026-01-16 02:00:00+00:00,0.07697
2026-01-16 02:15:00+00:00,0.08374
2026-01-16 02:30:00+00:00,0.09965
2026-01-16 02:45:00+00:00,0.09766
2026-01-16 03:00:00+00:00,0.05509
2026-01-16 03:15:00+00:00,0.06781000000000001
2026-01-16 03:30:00+00:00,0.08254
2026-01-16 03:45:00+00:00,0.09193000000000001
2026-01-16 04:00:00+00:00,0.12558
2026-01-16 04:15:00+00:00,0.13229
2026-01-16 04:30:00+00:00,0.12322
2026-01-16 04:45:00+00:00,0.11458
2026-01-16 05:00:00+00:00,0.12066
2026-01-16 05:15:00+00:00,0.033659999999999995
2026-01-16 05:30:00+00:00,0.045899999999999996
2026-01-16 05:45:00+00:00,0.09631999999999999
2026-01-16 06:00:00+00:00,0.11064
2026-01-16 06:15:00+00:00,0.12847
2026-01-16 06:30:00+00:00,0.12411
2026-01-16 06:45:00+00:00,0.14113
2026-01-16 07:00:00+00:00,0.13505
2026-01-16 07:15:00+00:00,0.16094
2026-01-16 07:30:00+00:00,0.19549
2026-01-16 07:45:00+00:00,0.05827
2026-01-16 08:00:00+00:00,0.07573
2026-01-16 08:15:00+00:00,0.09117
2026-01-16 08:30:00+00:00,0.13086
2026-01-16 08:45:00+00:00,0.05735
2026-01-16 09:00:00+00:00,0.12996000000000002
2026-01-16 09:15:00+00:00,0.12233
2026-01-16 09:30:00+00:00,0.10975
2026-01-16 09:45:00+00:00,0.09395999999999999
2026-01-16 10:00:00+00:00,0.13751
2026-01-16 10:15:00+00:00,0.03635
2026-01-16 10:30:00+00:00,0.009
2026-01-16 10:45:00+00:00,0.03156
2026-01-16 11:00:00+00:00,0.12168000000000001
2026-01-16 11:15:00+00:00,0.1295
2026-01-16 11:30:00+00:00,0.07232999999999999
2026-01-16 11:45:00+00:00,0.026670000000000003
2026-01-16 12:00:00+00:00,0.041229999999999996
2026-01-16 12:15:00+00:00,0.0103
2026-01-16 12:30:00+00:00,0.01463
2026-01-16 12:45:00+00:00,0.09497
2026-01-16 13:00:00+00:00,0.10524
2026-01-16 13:15:00+00:00,0.05815
2026-01-16 13:30:00+00:00,0.11234000000000001
2026-01-16 13:45:00+00:00,0.12601
2026-01-16 14:00:00+00:00,0.06215
2026-01-16 14:15:00+00:00,0.07174
2026-01-16 14:30:00+00:00,0.14698
2026-01-16 14:45:00+00:00,0.12039
2026-01-16 15:00:00+00:00,0.09018999999999999
2026-01-16 15:15:00+00:00,0.07239
2026-01-16 15:30:00+00:00,0.0825
2026-01-16 15:45:00+00:00,0.10832
2026-01-16 16:00:00+00:00,0.09963
2026-01-16 16:15:00+00:00,0.1133
2026-01-16 16:30:00+00:00,0.11411
2026-01-16 16:45:00+00:00,0.11629
2026-01-16 17:00:00+00:00,0.13347
2026-01-16 17:15:00+00:00,0.13691
2026-01-16 17:30:00+00:00,0.0865
2026-01-16 17:45:00+00:00,0.14341
2026-01-16 18:00:00+00:00,0.13844
2026-01-16 18:15:00+00:00,0.15468
2026-01-16 18:30:00+00:00,0.15997999999999998
2026-01-16 18:45:00+00:00,0.09115000000000001
2026-01-16 19:00:00+00:00,0.09054000000000001
2026-01-16 19:15:00+00:00,0.13234
2026-01-16 19:30:00+00:00,0.16181
2026-01-16 19:45:00+00:00,0.14212
2026-01-16 20:00:00+00:00,0.1134
2026-01-16 20:15:00+00:00,0.09670999999999999
2026-01-16 20:30:00+00:00,0.11491
2026-01-16 20:45:00+00:00,0.08331000000000001
2026-01-16 21:00:00+00:00,0.15195
2026-01-16 21:15:00+00:00,0.12858
2026-01-16 21:30:00+00:00,0.10984999999999999
2026-01-16 21:45:00+00:00,0.14509
2026-01-16 22:00:00+00:00,0.11733
2026-01-16 22:15:00+00:00,0.135
2026-01-16 22:30:00+00:00,0.14682
2026-01-16 22:45:00+00:00,0.11889
2026-01-16 23:00:00+00:00,0.18356
2026-01-16 23:15:00+00:00,0.16186
2026-01-16 23:30:00+00:00,0.14416
2026-01-16 23:45:00+00:00,0.1358
2026-01-17 00:00:00+00:00,0.11499
2026-01-17 00:15:00+00:00,0.1311
2026-01-17 00:30:00+00:00,0.09636
2026-01-17 00:45:00+00:00,0.09072
2026-01-17 01:00:00+00:00,0.10177
2026-01-17 01:15:00+00:00,0.10574
2026-01-17 01:30:00+00:00,0.09322
2026-01-17 01:45:00+00:00,0.09351000000000001
2026-01-17 02:00:00+00:00,0.1163
2026-01-17 02:15:00+00:00,0.10178
2026-01-17 02:30:00+00:00,0.09893
2026-01-17 02:45:00+00:00,0.1043
2026-01-17 03:00:00+00:00,0.09345999999999999
2026-01-17 03:15:00+00:00,0.08859
2026-01-17 03:30:00+00:00,0.11754
2026-01-17 03:45:00+00:00,0.09765
2026-01-17 04:00:00+00:00,0.09165999999999999
2026-01-17 04:15:00+00:00,0.08725
2026-01-17 04:30:00+00:00,0.08509
2026-01-17 04:45:00+00:00,0.08225
2026-01-17 05:00:00+00:00,0.12553
2026-01-17 05:15:00+00:00,0.12748
2026-01-17 05:30:00+00:00,0.13833
2026-01-17 05:45:00+00:00,0.13582
2026-01-17 06:00:00+00:00,0.12348
2026-01-17 06:15:00+00:00,0.12805000000000002
2026-01-17 06:30:00+00:00,0.15130000000000002
2026-01-17 06:45:00+00:00,0.13312000000000002
2026-01-17 07:00:00+00:00,0.11052
2026-01-17 07:15:00+00:00,0.10157
2026-01-17 07:30:00+00:00,0.12763
2026-01-17 07:45:00+00:00,0.1383
2026-01-17 08:00:00+00:00,0.14028
2026-01-17 08:15:00+00:00,0.13091999999999998
2026-01-17 08:30:00+00:00,0.1253
2026-01-17 08:45:00+00:00,0.11154
2026-01-17 09:00:00+00:00,0.15882
2026-01-17 09:15:00+00:00,0.13994
2026-01-17 09:30:00+00:00,0.10812000000000001
2026-01-17 09:45:00+00:00,0.08488
2026-01-17 10:00:00+00:00,0.08181999999999999
2026-01-17 10:15:00+00:00,0.10182
2026-01-17 10:30:00+00:00,0.11294
2026-01-17 10:45:00+00:00,0.10429000000000001
2026-01-17 11:00:00+00:00,0.13915
2026-01-17 11:15:00+00:00,0.14894
2026-01-17 11:30:00+00:00,0.18499000000000002
2026-01-17 11:45:00+00:00,0.08402
2026-01-17 12:00:00+00:00,0.09642
2026-01-17 12:15:00+00:00,0.07918
2026-01-17 12:30:00+00:00,0.08228
2026-01-17 12:45:00+00:00,0.08583
2026-01-17 13:00:00+00:00,0.0689
2026-01-17 13:15:00+00:00,0.08325
2026-01-17 13:30:00+00:00,0.08776
2026-01-17 13:45:00+00:00,0.10601999999999999
2026-01-17 14:00:00+00:00,0.12729000000000001
2026-01-17 14:15:00+00:00,0.14509
2026-01-17 14:30:00+00:00,0.17377
2026-01-17 14:45:00+00:00,0.15622999999999998
2026-01-17 15:00:00+00:00,0.14769
2026-01-17 15:15:00+00:00,0.10583
2026-01-17 15:30:00+00:00,0.15763
2026-01-17 15:45:00+00:00,0.1326
2026-01-17 16:00:00+00:00,0.11059000000000001
2026-01-17 16:15:00+00:00,0.09601000000000001
2026-01-17 16:30:00+00:00,0.09501000000000001
2026-01-17 16:45:00+00:00,0.11649
2026-01-17 17:00:00+00:00,0.09923
2026-01-17 17:15:00+00:00,0.10958
2026-01-17 17:30:00+00:00,0.09090999999999999
2026-01-17 17:45:00+00:00,0.08879000000000001
2026-01-17 18:00:00+00:00,0.14172
2026-01-17 18:15:00+00:00,0.15202000000000002
2026-01-17 18:30:00+00:00,0.15238
2026-01-17 18:45:00+00:00,0.15496000000000001
2026-01-17 19:00:00+00:00,0.1673
2026-01-17 19:15:00+00:00,0.10399
2026-01-17 19:30:00+00:00,0.09824
2026-01-17 19:45:00+00:00,0.09564
2026-01-17 20:00:00+00:00,0.09221
2026-01-17 20:15:00+00:00,0.08231000000000001
2026-01-17 20:30:00+00:00,0.10307
2026-01-17 20:45:00+00:00,0.09445999999999999
2026-01-17 21:00:00+00:00,0.09520999999999999
2026-01-17 21:15:00+00:00,0.09706000000000001
2026-01-17 21:30:00+00:00,0.09673000000000001
2026-01-17 21:45:00+00:00,0.09078
2026-01-17 22:00:00+00:00,0.08855
2026-01-17 22:15:00+00:00,0.09240999999999999
2026-01-17 22:30:00+00:00,0.10206
2026-01-17 22:45:00+00:00,0.08641
2026-01-17 23:00:00+00:00,0.09343000000000001
2026-01-17 23:15:00+00:00,0.11951
2026-01-17 23:30:00+00:00,0.08543
2026-01-17 23:45:00+00:00,0.08827
2026-01-18 00:00:00+00:00,0.07868
2026-01-18 00:15:00+00:00,0.06773
2026-01-18 00:30:00+00:00,0.06764
2026-01-18 00:45:00+00:00,0.06325
2026-01-18 01:00:00+00:00,0.09361
2026-01-18 01:15:00+00:00,0.11445
2026-01-18 01:30:00+00:00,0.10848999999999999
2026-01-18 01:45:00+00:00,0.10025
2026-01-18 02:00:00+00:00,0.08561
2026-01-18 02:15:00+00:00,0.09183
2026-01-18 02:30:00+00:00,0.07174
2026-01-18 02:45:00+00:00,0.09909
2026-01-18 03:00:00+00:00,0.08567
2026-01-18 03:15:00+00:00,0.09097
2026-01-18 03:30:00+00:00,0.08572
2026-01-18 03:45:00+00:00,0.07866
2026-01-18 04:00:00+00:00,0.11208
2026-01-18 04:15:00+00:00,0.09838
2026-01-18 04:30:00+00:00,0.11772
2026-01-18 04:45:00+00:00,0.14737999999999998
2026-01-18 05:00:00+00:00,0.12956
2026-01-18 05:15:00+00:00,0.13179
2026-01-18 05:30:00+00:00,0.11851
2026-01-18 05:45:00+00:00,0.09886
2026-01-18 06:00:00+00:00,0.09554
2026-01-18 06:15:00+00:00,0.1003
2026-01-18 06:30:00+00:00,0.0947
2026-01-18 06:45:00+00:00,0.11077
2026-01-18 07:00:00+00:00,0.09179000000000001
2026-01-18 07:15:00+00:00,0.08812
2026-01-18 07:30:00+00:00,0.09445999999999999
2026-01-18 07:45:00+00:00,0.12147
2026-01-18 08:00:00+00:00,0.1443
2026-01-18 08:15:00+00:00,0.11528000000000001
2026-01-18 08:30:00+00:00,0.13766
2026-01-18 08:45:00+00:00,0.10662999999999999
2026-01-18 09:00:00+00:00,0.11802
2026-01-18 09:15:00+00:00,0.1146
2026-01-18 09:30:00+00:00,0.08270999999999999
2026-01-18 09:45:00+00:00,0.08776
2026-01-18 10:00:00+00:00,0.08037000000000001
2026-01-18 10:15:00+00:00,0.06647
2026-01-18 10:30:00+00:00,0.05464
2026-01-18 10:45:00+00:00,0.07506
2026-01-18 11:00:00+00:00,0.16735
2026-01-18 11:15:00+00:00,0.13701
2026-01-18 11:30:00+00:00,0.15427000000000002
2026-01-18 11:45:00+00:00,0.1386
2026-01-18 12:00:00+00:00,0.13976
2026-01-18 12:15:00+00:00,0.11449
2026-01-18 12:30:00+00:00,0.09540000000000001
2026-01-18 12:45:00+00:00,0.08882
2026-01-18 13:00:00+00:00,0.07915000000000001
2026-01-18 13:15:00+00:00,0.13063999999999998
2026-01-18 13:30:00+00:00,0.14024
2026-01-18 13:45:00+00:00,0.14066
2026-01-18 14:00:00+00:00,0.13088
2026-01-18 14:15:00+00:00,0.1347
2026-01-18 14:30:00+00:00,0.16282
2026-01-18 14:45:00+00:00,0.16166
2026-01-18 15:00:00+00:00,0.11223999999999999
2026-01-18 15:15:00+00:00,0.11444
2026-01-18 15:30:00+00:00,0.11937
2026-01-18 15:45:00+00:00,0.1347
2026-01-18 16:00:00+00:00,0.11639000000000001
2026-01-18 16:15:00+00:00,0.13027
2026-01-18 16:30:00+00:00,0.15638
2026-01-18 16:45:00+00:00,0.18099
2026-01-18 17:00:00+00:00,0.12254000000000001
2026-01-18 17:15:00+00:00,0.14999
2026-01-18 17:30:00+00:00,0.14596
2026-01-18 17:45:00+00:00,0.18012999999999998
2026-01-18 18:00:00+00:00,0.17986000000000002
2026-01-18 18:15:00+00:00,0.18878999999999999
2026-01-18 18:30:00+00:00,0.202
2026-01-18 18:45:00+00:00,0.17822
2026-01-18 19:00:00+00:00,0.15975
2026-01-18 19:15:00+00:00,0.1469
2026-01-18 19:30:00+00:00,0.14008
2026-01-18 19:45:00+00:00,0.08417
2026-01-18 20:00:00+00:00,0.07919
2026-01-18 20:15:00+00:00,0.06912
2026-01-18 20:30:00+00:00,0.06899
2026-01-18 20:45:00+00:00,0.06964000000000001
2026-01-18 21:00:00+00:00,0.09040000000000001
2026-01-18 21:15:00+00:00,0.11645
2026-01-18 21:30:00+00:00,0.11270999999999999
2026-01-18 21:45:00+00:00,0.13691
2026-01-18 22:00:00+00:00,0.13498
2026-01-18 22:15:00+00:00,0.10368000000000001
2026-01-18 22:30:00+00:00,0.13419999999999999
2026-01-18 22:45:00+00:00,0.11122
2026-01-18 23:00:00+00:00,0.07581
2026-01-18 23:15:00+00:00,0.07720999999999999
2026-01-18 23:30:00+00:00,0.062229999999999994
2026-01-18 23:45:00+00:00,0.07162
2026-01-19 00:00:00+00:00,0.08884
2026-01-19 00:15:00+00:00,0.07296
2026-01-19 00:30:00+00:00,0.08728
2026-01-19 00:45:00+00:00,0.06720000000000001
2026-01-19 01:00:00+00:00,0.08009000000000001
2026-01-19 01:15:00+00:00,0.06589
2026-01-19 01:30:00+00:00,0.057030000000000004
2026-01-19 01:45:00+00:00,0.05275
2026-01-19 02:00:00+00:00,0.06197999999999999
2026-01-19 02:15:00+00:00,0.10184
2026-01-19 02:30:00+00:00,0.0685
2026-01-19 02:45:00+00:00,0.08611
2026-01-19 03:00:00+00:00,0.11918000000000001
2026-01-19 03:15:00+00:00,0.10854000000000001
2026-01-19 03:30:00+00:00,0.12312999999999999
2026-01-19 03:45:00+00:00,0.13884
2026-01-19 04:00:00+00:00,0.10593999999999999
2026-01-19 04:15:00+00:00,0.13459000000000002
2026-01-19 04:30:00+00:00,0.12473999999999999
2026-01-19 04:45:00+00:00,0.14012
2026-01-19 05:00:00+00:00,0.14457
2026-01-19 05:15:00+00:00,0.09572
2026-01-19 05:30:00+00:00,0.1031
2026-01-19 05:45:00+00:00,0.14024
2026-01-19 06:00:00+00:00,0.09268000000000001
2026-01-19 06:15:00+00:00,0.14076
2026-01-19 06:30:00+00:00,0.15419
2026-01-19 06:45:00+00:00,0.14622
2026-01-19 07:00:00+00:00,0.15800999999999998
2026-01-19 07:15:00+00:00,0.12915000000000001
2026-01-19 07:30:00+00:00,0.14659
2026-01-19 07:45:00+00:00,0.15121
2026-01-19 08:00:00+00:00,0.1666
2026-01-19 08:15:00+00:00,0.10047
2026-01-19 08:30:00+00:00,0.10348
2026-01-19 08:45:00+00:00,0.07011
2026-01-19 09:00:00+00:00,0.14041
2026-01-19 09:15:00+00:00,0.12422
2026-01-19 09:30:00+00:00,0.12835
2026-01-19 09:45:00+00:00,0.09445999999999999
2026-01-19 10:00:00+00:00,0.09147
2026-01-19 10:15:00+00:00,0.07202
2026-01-19 10:30:00+00:00,0.0686
2026-01-19 10:45:00+00:00,0.03565
2026-01-19 11:00:00+00:00,0.07870999999999999
2026-01-19 11:15:00+00:00,0.07525
2026-01-19 11:30:00+00:00,0.07038
2026-01-19 11:45:00+00:00,0.07063
2026-01-19 12:00:00+00:00,0.06178
2026-01-19 12:15:00+00:00,0.05228
2026-01-19 12:30:00+00:00,0.06794
2026-01-19 12:45:00+00:00,0.06328
2026-01-19 13:00:00+00:00,0.05787
2026-01-19 13:15:00+00:00,0.06828000000000001
2026-01-19 13:30:00+00:00,0.07987999999999999
2026-01-19 13:45:00+00:00,0.0937
2026-01-19 14:00:00+00:00,0.08796
2026-01-19 14:15:00+00:00,0.16598
2026-01-19 14:30:00+00:00,0.17261
2026-01-19 14:45:00+00:00,0.17059
2026-01-19 15:00:00+00:00,0.07804000000000001
2026-01-19 15:15:00+00:00,0.0874
2026-01-19 15:30:00+00:00,0.08637
2026-01-19 15:45:00+00:00,0.09275
2026-01-19 16:00:00+00:00,0.09131
2026-01-19 16:15:00+00:00,0.13049000000000002
2026-01-19 16:30:00+00:00,0.13069
2026-01-19 16:45:00+00:00,0.13147
2026-01-19 17:00:00+00:00,0.12409999999999999
2026-01-19 17:15:00+00:00,0.1269
2026-01-19 17:30:00+00:00,0.13046000000000002
2026-01-19 17:45:00+00:00,0.14098
2026-01-19 18:00:00+00:00,0.16024000000000002
2026-01-19 18:15:00+00:00,0.18434
2026-01-19 18:30:00+00:00,0.17725
2026-01-19 18:45:00+00:00,0.17640999999999998
2026-01-19 19:00:00+00:00,0.17918
2026-01-19 19:15:00+00:00,0.16836
2026-01-19 19:30:00+00:00,0.18872999999999998
2026-01-19 19:45:00+00:00,0.20934999999999998
2026-01-19 20:00:00+00:00,0.17179
2026-01-19 20:15:00+00:00,0.1418
2026-01-19 20:30:00+00:00,0.15369
2026-01-19 20:45:00+00:00,0.13995
2026-01-19 21:00:00+00:00,0.10429000000000001
2026-01-19 21:15:00+00:00,0.15425
2026-01-19 21:30:00+00:00,0.15155000000000002
2026-01-19 21:45:00+00:00,0.13595
2026-01-19 22:00:00+00:00,0.15256
2026-01-19 22:15:00+00:00,0.09719
2026-01-19 22:30:00+00:00,0.10005
2026-01-19 22:45:00+00:00,0.13718
2026-01-19 23:00:00+00:00,0.08456
2026-01-19 23:15:00+00:00,0.08977
2026-01-19 23:30:00+00:00,0.09591
2026-01-19 23:45:00+00:00,0.14381
2026-01-20 00:00:00+00:00,0.14335
2026-01-20 00:15:00+00:00,0.10071
2026-01-20 00:30:00+00:00,0.10803
2026-01-20 00:45:00+00:00,0.1177
2026-01-20 01:00:00+00:00,0.15039
2026-01-20 01:15:00+00:00,0.14678
2026-01-20 01:30:00+00:00,0.12407
2026-01-20 01:45:00+00:00,0.09151999999999999
2026-01-20 02:00:00+00:00,0.14498
2026-01-20 02:15:00+00:00,0.09935
2026-01-20 02:30:00+00:00,0.10241
2026-01-20 02:45:00+00:00,0.10326
2026-01-20 03:00:00+00:00,0.12298999999999999
2026-01-20 03:15:00+00:00,0.12340000000000001
2026-01-20 03:30:00+00:00,0.10097
2026-01-20 03:45:00+00:00,0.1232
2026-01-20 04:00:00+00:00,0.12811
2026-01-20 04:15:00+00:00,0.11914
2026-01-20 04:30:00+00:00,0.15137
2026-01-20 04:45:00+00:00,0.15508000000000002
2026-01-20 05:00:00+00:00,0.10995
2026-01-20 05:15:00+00:00,0.17206
2026-01-20 05:30:00+00:00,0.18691
2026-01-20 05:45:00+00:00,0.18546
2026-01-20 06:00:00+00:00,0.19022
2026-01-20 06:15:00+00:00,0.23808
2026-01-20 06:30:00+00:00,0.44326
2026-01-20 06:45:00+00:00,0.72361
2026-01-20 07:00:00+00:00,0.40085000000000004
2026-01-20 07:15:00+00:00,0.26118
2026-01-20 07:30:00+00:00,0.12242
2026-01-20 07:45:00+00:00,0.10178
2026-01-20 08:00:00+00:00,0.14934
2026-01-20 08:15:00+00:00,0.13632
2026-01-20 08:30:00+00:00,0.10491
2026-01-20 08:45:00+00:00,0.08785
2026-01-20 09:00:00+00:00,0.11781
2026-01-20 09:15:00+00:00,0.09021
2026-01-20 09:30:00+00:00,0.07194
2026-01-20 09:45:00+00:00,0.07243000000000001
2026-01-20 10:00:00+00:00,0.14699
2026-01-20 10:15:00+00:00,0.09659000000000001
2026-01-20 10:30:00+00:00,0.0915
2026-01-20 10:45:00+00:00,0.07733
2026-01-20 11:00:00+00:00,0.07748999999999999
2026-01-20 11:15:00+00:00,0.0742
2026-01-20 11:30:00+00:00,0.07498
2026-01-20 11:45:00+00:00,0.06856999999999999
2026-01-20 12:00:00+00:00,0.06851
2026-01-20 12:15:00+00:00,0.07242
2026-01-20 12:30:00+00:00,0.06377000000000001
2026-01-20 12:45:00+00:00,0.06214
2026-01-20 13:00:00+00:00,0.06592
2026-01-20 13:15:00+00:00,0.0864
2026-01-20 13:30:00+00:00,0.08188
2026-01-20 13:45:00+00:00,0.09112999999999999
2026-01-20 14:00:00+00:00,0.08757
2026-01-20 14:15:00+00:00,0.15430000000000002
2026-01-20 14:30:00+00:00,0.17874
2026-01-20 14:45:00+00:00,0.22554
2026-01-20 15:00:00+00:00,0.1668
2026-01-20 15:15:00+00:00,0.17899
2026-01-20 15:30:00+00:00,0.15367
2026-01-20 15:45:00+00:00,0.11631999999999999
2026-01-20 16:00:00+00:00,0.09406
2026-01-20 16:15:00+00:00,0.14433
2026-01-20 16:30:00+00:00,0.126
2026-01-20 16:45:00+00:00,0.11704
2026-01-20 17:00:00+00:00,0.10898000000000001
2026-01-20 17:15:00+00:00,0.11505
2026-01-20 17:30:00+00:00,0.1411
2026-01-20 17:45:00+00:00,0.09849
2026-01-20 18:00:00+00:00,0.09670999999999999
2026-01-20 18:15:00+00:00,0.11042
2026-01-20 18:30:00+00:00,0.16044999999999998
2026-01-20 18:45:00+00:00,0.16194999999999998
2026-01-20 19:00:00+00:00,0.07132
2026-01-20 19:15:00+00:00,0.08239
2026-01-20 19:30:00+00:00,0.13576
2026-01-20 19:45:00+00:00,0.15628
2026-01-20 20:00:00+00:00,0.15259999999999999
2026-01-20 20:15:00+00:00,0.15077000000000002
2026-01-20 20:30:00+00:00,0.15453
2026-01-20 20:45:00+00:00,0.07512
2026-01-20 21:00:00+00:00,0.06991
2026-01-20 21:15:00+00:00,0.07845999999999999
2026-01-20 21:30:00+00:00,0.08001000000000001
2026-01-20 21:45:00+00:00,0.12572
2026-01-20 22:00:00+00:00,0.10648
2026-01-20 22:15:00+00:00,0.11828
2026-01-20 22:30:00+00:00,0.10618999999999999
2026-01-20 22:45:00+00:00,0.093
2026-01-20 23:00:00+00:00,0.0761
2026-01-20 23:15:00+00:00,0.09054999999999999
2026-01-20 23:30:00+00:00,0.10976999999999999
2026-01-20 23:45:00+00:00,0.13675
2026-01-21 00:00:00+00:00,0.09573000000000001
2026-01-21 00:15:00+00:00,0.13138
2026-01-21 00:30:00+00:00,0.11734
2026-01-21 00:45:00+00:00,0.08776
2026-01-21 01:00:00+00:00,0.11753
2026-01-21 01:15:00+00:00,0.08551
2026-01-21 01:30:00+00:00,0.08047
2026-01-21 01:45:00+00:00,0.07618000000000001
2026-01-21 02:00:00+00:00,0.07847
2026-01-21 02:15:00+00:00,0.12032999999999999
2026-01-21 02:30:00+00:00,0.1398
2026-01-21 02:45:00+00:00,0.08731
2026-01-21 03:00:00+00:00,0.08094
2026-01-21 03:15:00+00:00,0.07263
2026-01-21 03:30:00+00:00,0.06997
2026-01-21 03:45:00+00:00,0.06196
2026-01-21 04:00:00+00:00,0.05939
2026-01-21 04:15:00+00:00,0.06381
2026-01-21 04:30:00+00:00,0.14343
2026-01-21 04:45:00+00:00,0.15688
2026-01-21 05:00:00+00:00,0.1444
2026-01-21 05:15:00+00:00,0.12943000000000002
2026-01-21 05:30:00+00:00,0.1651
2026-01-21 05:45:00+00:00,0.1363
2026-01-21 06:00:00+00:00,0.16256
2026-01-21 06:15:00+00:00,0.09493
2026-01-21 06:30:00+00:00,0.1222
2026-01-21 06:45:00+00:00,0.15783000000000003
2026-01-21 07:00:00+00:00,0.22863
2026-01-21 07:15:00+00:00,0.23149
2026-01-21 07:30:00+00:00,0.1728
2026-01-21 07:45:00+00:00,0.13135
2026-01-21 08:00:00+00:00,0.1792
2026-01-21 08:15:00+00:00,0.19346000000000002
2026-01-21 08:30:00+00:00,0.0887
2026-01-21 08:45:00+00:00,0.07509
2026-01-21 09:00:00+00:00,0.08547
2026-01-21 09:15:00+00:00,0.06793
2026-01-21 09:30:00+00:00,0.0731
2026-01-21 09:45:00+00:00,0.10062
2026-01-21 10:00:00+00:00,0.13447
2026-01-21 10:15:00+00:00,0.14262
2026-01-21 10:30:00+00:00,0.12863999999999998
2026-01-21 10:45:00+00:00,0.07682
2026-01-21 11:00:00+00:00,0.07704000000000001
2026-01-21 11:15:00+00:00,0.11609
2026-01-21 11:30:00+00:00,0.08564
2026-01-21 11:45:00+00:00,0.07758
2026-01-21 12:00:00+00:00,0.09104000000000001
2026-01-21 12:15:00+00:00,0.08759
2026-01-21 12:30:00+00:00,0.10665999999999999
2026-01-21 12:45:00+00:00,0.10031
2026-01-21 13:00:00+00:00,0.06904
2026-01-21 13:15:00+00:00,0.06456999999999999
2026-01-21 13:30:00+00:00,0.06665
2026-01-21 13:45:00+00:00,0.07925
2026-01-21 14:00:00+00:00,0.07892
2026-01-21 14:15:00+00:00,0.08596
2026-01-21 14:30:00+00:00,0.09154000000000001
2026-01-21 14:45:00+00:00,0.13221
2026-01-21 15:00:00+00:00,0.12997
2026-01-21 15:15:00+00:00,0.11158
2026-01-21 15:30:00+00:00,0.12104999999999999
2026-01-21 15:45:00+00:00,0.09237000000000001
2026-01-21 16:00:00+00:00,0.0634
2026-01-21 16:15:00+00:00,0.07998000000000001
2026-01-21 16:30:00+00:00,0.08603
2026-01-21 16:45:00+00:00,0.12951
2026-01-21 17:00:00+00:00,0.08159999999999999
2026-01-21 17:15:00+00:00,0.12122
2026-01-21 17:30:00+00:00,0.09638
2026-01-21 17:45:00+00:00,0.10631
2026-01-21 18:00:00+00:00,0.07636
2026-01-21 18:15:00+00:00,0.07279000000000001
2026-01-21 18:30:00+00:00,0.12454000000000001
2026-01-21 18:45:00+00:00,0.13288999999999998
2026-01-21 19:00:00+00:00,0.12434
2026-01-21 19:15:00+00:00,0.11072
2026-01-21 19:30:00+00:00,0.117
2026-01-21 19:45:00+00:00,0.11629
2026-01-21 20:00:00+00:00,0.12390999999999999
2026-01-21 20:15:00+00:00,0.11852
2026-01-21 20:30:00+00:00,0.11556999999999999
2026-01-21 20:45:00+00:00,0.04245
2026-01-21 21:00:00+00:00,0.07307999999999999
2026-01-21 21:15:00+00:00,0.09103
2026-01-21 21:30:00+00:00,0.08446
2026-01-21 21:45:00+00:00,0.12603
2026-01-21 22:00:00+00:00,0.13875
2026-01-21 22:15:00+00:00,0.11701
2026-01-21 22:30:00+00:00,0.12833
2026-01-21 22:45:00+00:00,0.12142
2026-01-21 23:00:00+00:00,0.11712
2026-01-21 23:15:00+00:00,0.0022299999999999998
2026-01-21 23:30:00+00:00,0.09986
2026-01-21 23:45:00+00:00,0.09403
2026-01-22 00:00:00+00:00,0.13587
2026-01-22 00:15:00+00:00,0.13188
2026-01-22 00:30:00+00:00,0.05286
2026-01-22 00:45:00+00:00,0.10653
2026-01-22 01:00:00+00:00,0.11535
2026-01-22 01:15:00+00:00,0.12859
2026-01-22 01:30:00+00:00,0.13334000000000001
2026-01-22 01:45:00+00:00,0.12808
2026-01-22 02:00:00+00:00,0.13898
2026-01-22 02:15:00+00:00,0.12944
2026-01-22 02:30:00+00:00,0.10901000000000001
2026-01-22 02:45:00+00:00,0.07783
2026-01-22 03:00:00+00:00,0.06851
2026-01-22 03:15:00+00:00,0.05796
2026-01-22 03:30:00+00:00,0.05002
2026-01-22 03:45:00+00:00,0.05192
2026-01-22 04:00:00+00:00,0.05972
2026-01-22 04:15:00+00:00,0.10937999999999999
2026-01-22 04:30:00+00:00,0.11793000000000001
2026-01-22 04:45:00+00:00,0.10862000000000001
2026-01-22 05:00:00+00:00,0.14651
2026-01-22 05:15:00+00:00,0.13563999999999998
2026-01-22 05:30:00+00:00,0.16263999999999998
2026-01-22 05:45:00+00:00,0.18688999999999997
2026-01-22 06:00:00+00:00,0.17991
2026-01-22 06:15:00+00:00,0.19818
2026-01-22 06:30:00+00:00,0.17171
2026-01-22 06:45:00+00:00,0.08974
2026-01-22 07:00:00+00:00,0.13735
2026-01-22 07:15:00+00:00,0.14934
2026-01-22 07:30:00+00:00,0.16663999999999998
2026-01-22 07:45:00+00:00,0.16275
2026-01-22 08:00:00+00:00,0.16887
2026-01-22 08:15:00+00:00,0.18166
2026-01-22 08:30:00+00:00,0.19319
2026-01-22 08:45:00+00:00,0.15430000000000002
2026-01-22 09:00:00+00:00,0.20094
2026-01-22 09:15:00+00:00,0.15175
2026-01-22 09:30:00+00:00,0.14687
2026-01-22 09:45:00+00:00,0.14087
2026-01-22 10:00:00+00:00,0.14142
2026-01-22 10:15:00+00:00,0.16616
2026-01-22 10:30:00+00:00,0.15336000000000002
2026-01-22 10:45:00+00:00,0.15569999999999998
2026-01-22 11:00:00+00:00,0.10654999999999999
2026-01-22 11:15:00+00:00,0.07612999999999999
2026-01-22 11:30:00+00:00,0.08261
2026-01-22 11:45:00+00:00,0.08414
2026-01-22 12:00:00+00:00,0.12262999999999999
2026-01-22 12:15:00+00:00,0.11148000000000001
2026-01-22 12:30:00+00:00,0.01995
2026-01-22 12:45:00+00:00,0.0626
2026-01-22 13:00:00+00:00,0.12934
2026-01-22 13:15:00+00:00,0.18223
2026-01-22 13:30:00+00:00,0.12548
2026-01-22 13:45:00+00:00,0.09844
2026-01-22 14:00:00+00:00,0.1474
2026-01-22 14:15:00+00:00,0.15006999999999998
2026-01-22 14:30:00+00:00,0.16546
2026-01-22 14:45:00+00:00,0.16623
2026-01-22 15:00:00+00:00,0.17281
2026-01-22 15:15:00+00:00,0.05296
2026-01-22 15:30:00+00:00,0.05967
2026-01-22 15:45:00+00:00,0.08929999999999999
2026-01-22 16:00:00+00:00,0.08857999999999999
2026-01-22 16:15:00+00:00,0.14992
2026-01-22 16:30:00+00:00,0.15969
2026-01-22 16:45:00+00:00,0.16346
2026-01-22 17:00:00+00:00,0.17529
2026-01-22 17:15:00+00:00,0.16344
2026-01-22 17:30:00+00:00,0.16691
2026-01-22 17:45:00+00:00,0.14141
2026-01-22 18:00:00+00:00,0.09433
2026-01-22 18:15:00+00:00,0.09165999999999999
2026-01-22 18:30:00+00:00,0.07876999999999999
2026-01-22 18:45:00+00:00,0.10151
2026-01-22 19:00:00+00:00,0.10391
2026-01-22 19:15:00+00:00,0.14502
2026-01-22 19:30:00+00:00,0.1029
2026-01-22 19:45:00+00:00,0.10855
2026-01-22 20:00:00+00:00,0.06365
2026-01-22 20:15:00+00:00,0.09579
2026-01-22 20:30:00+00:00,0.08959
2026-01-22 20:45:00+00:00,0.07389
2026-01-22 21:00:00+00:00,0.0923
2026-01-22 21:15:00+00:00,0.07228
2026-01-22 21:30:00+00:00,0.07216
2026-01-22 21:45:00+00:00,0.08868000000000001
2026-01-22 22:00:00+00:00,0.09248
2026-01-22 22:15:00+00:00,0.09876
2026-01-22 22:30:00+00:00,0.046990000000000004
2026-01-22 22:45:00+00:00,0.045700000000000005
2026-01-22 23:00:00+00:00,0.08809
2026-01-22 23:15:00+00:00,0.10975
2026-01-22 23:30:00+00:00,0.13503
2026-01-22 23:45:00+00:00,0.12639
2026-01-23 00:00:00+00:00,0.11781
2026-01-23 00:15:00+00:00,0.09526000000000001
2026-01-23 00:30:00+00:00,0.09658
2026-01-23 00:45:00+00:00,0.07244
2026-01-23 01:00:00+00:00,0.05973
2026-01-23 01:15:00+00:00,0.05917
2026-01-23 01:30:00+00:00,0.04077
2026-01-23 01:45:00+00:00,0.07226
2026-01-23 02:00:00+00:00,0.05002
2026-01-23 02:15:00+00:00,0.07501999999999999
2026-01-23 02:30:00+00:00,0.09603
2026-01-23 02:45:00+00:00,0.10786
2026-01-23 03:00:00+00:00,0.11309999999999999
2026-01-23 03:15:00+00:00,0.11141
2026-01-23 03:30:00+00:00,0.11576
2026-01-23 03:45:00+00:00,0.10690000000000001
2026-01-23 04:00:00+00:00,0.12125
2026-01-23 04:15:00+00:00,0.11444
2026-01-23 04:30:00+00:00,0.13015000000000002
2026-01-23 04:45:00+00:00,0.11923
2026-01-23 05:00:00+00:00,0.055420000000000004
2026-01-23 05:15:00+00:00,0.04868
2026-01-23 05:30:00+00:00,0.14135
2026-01-23 05:45:00+00:00,0.14723
2026-01-23 06:00:00+00:00,0.15189
2026-01-23 06:15:00+00:00,0.14668
2026-01-23 06:30:00+00:00,0.13113
2026-01-23 06:45:00+00:00,0.13319
2026-01-23 07:00:00+00:00,0.14902
2026-01-23 07:15:00+00:00,0.15675999999999998
2026-01-23 07:30:00+00:00,0.15231999999999998
2026-01-23 07:45:00+00:00,0.15949000000000002
2026-01-23 08:00:00+00:00,0.16946
2026-01-23 08:15:00+00:00,0.17364
2026-01-23 08:30:00+00:00,0.18114
2026-01-23 08:45:00+00:00,0.13868
2026-01-23 09:00:00+00:00,0.0855
2026-01-23 09:15:00+00:00,0.08613
2026-01-23 09:30:00+00:00,0.1354
2026-01-23 09:45:00+00:00,0.12606
2026-01-23 10:00:00+00:00,0.11495
2026-01-23 10:15:00+00:00,0.11609
2026-01-23 10:30:00+00:00,0.12214
2026-01-23 10:45:00+00:00,0.1436
2026-01-23 11:00:00+00:00,0.12311
2026-01-23 11:15:00+00:00,0.12312000000000001
2026-01-23 11:30:00+00:00,0.09781999999999999
2026-01-23 11:45:00+00:00,0.06836
2026-01-23 12:00:00+00:00,0.10375
2026-01-23 12:15:00+00:00,0.12368000000000001
2026-01-23 12:30:00+00:00,0.12828
2026-01-23 12:45:00+00:00,0.09104999999999999
2026-01-23 13:00:00+00:00,0.11563
2026-01-23 13:15:00+00:00,0.05625
2026-01-23 13:30:00+00:00,0.046950000000000006
2026-01-23 13:45:00+00:00,0.04869
2026-01-23 14:00:00+00:00,0.055369999999999996
2026-01-23 14:15:00+00:00,0.13643
2026-01-23 14:30:00+00:00,0.13903000000000001
2026-01-23 14:45:00+00:00,0.14192
2026-01-23 15:00:00+00:00,0.14314
2026-01-23 15:15:00+00:00,0.15969999999999998
2026-01-23 15:30:00+00:00,0.16628
2026-01-23 15:45:00+00:00,0.18344
2026-01-23 16:00:00+00:00,0.17288
2026-01-23 16:15:00+00:00,0.15183000000000002
2026-01-23 16:30:00+00:00,0.15753
2026-01-23 16:45:00+00:00,0.1613
2026-01-23 17:00:00+00:00,0.18533000000000002
2026-01-23 17:15:00+00:00,0.16433
2026-01-23 17:30:00+00:00,0.14836000000000002
2026-01-23 17:45:00+00:00,0.11814
2026-01-23 18:00:00+00:00,0.07303
2026-01-23 18:15:00+00:00,0.08109000000000001
2026-01-23 18:30:00+00:00,0.07587
2026-01-23 18:45:00+00:00,0.11753
2026-01-23 19:00:00+00:00,0.03646
2026-01-23 19:15:00+00:00,0.07393999999999999
2026-01-23 19:30:00+00:00,0.11006
2026-01-23 19:45:00+00:00,0.11179
2026-01-23 20:00:00+00:00,0.10956
2026-01-23 20:15:00+00:00,0.10876999999999999
2026-01-23 20:30:00+00:00,0.11615
2026-01-23 20:45:00+00:00,0.06527
2026-01-23 21:00:00+00:00,0.13722
2026-01-23 21:15:00+00:00,0.08688
2026-01-23 21:30:00+00:00,0.10221
2026-01-23 21:45:00+00:00,0.11592
2026-01-23 22:00:00+00:00,0.10476
2026-01-23 22:15:00+00:00,0.1108
2026-01-23 22:30:00+00:00,0.054229999999999993
2026-01-23 22:45:00+00:00,0.12114
2026-01-23 23:00:00+00:00,0.10102
2026-01-23 23:15:00+00:00,0.0767
2026-01-23 23:30:00+00:00,0.04703
2026-01-23 23:45:00+00:00,0.08139
2026-01-24 00:00:00+00:00,0.07518000000000001
2026-01-24 00:15:00+00:00,0.11708
2026-01-24 00:30:00+00:00,0.07890000000000001
2026-01-24 00:45:00+00:00,0.11452
2026-01-24 01:00:00+00:00,0.053130000000000004
2026-01-24 01:15:00+00:00,0.10775
2026-01-24 01:30:00+00:00,0.11968999999999999
2026-01-24 01:45:00+00:00,0.11383
2026-01-24 02:00:00+00:00,0.13059
2026-01-24 02:15:00+00:00,0.14178
2026-01-24 02:30:00+00:00,0.13538999999999998
2026-01-24 02:45:00+00:00,0.12011
2026-01-24 03:00:00+00:00,0.11693
2026-01-24 03:15:00+00:00,0.0606
2026-01-24 03:30:00+00:00,0.11106999999999999
2026-01-24 03:45:00+00:00,0.08469
2026-01-24 04:00:00+00:00,0.12122
2026-01-24 04:15:00+00:00,0.10264
2026-01-24 04:30:00+00:00,0.10529999999999999
2026-01-24 04:45:00+00:00,0.05898
2026-01-24 05:00:00+00:00,0.06520000000000001
2026-01-24 05:15:00+00:00,0.055909999999999994
2026-01-24 05:30:00+00:00,0.06419
2026-01-24 05:45:00+00:00,0.03581
2026-01-24 06:00:00+00:00,0.08945
2026-01-24 06:15:00+00:00,0.12398999999999999
2026-01-24 06:30:00+00:00,0.13903000000000001
2026-01-24 06:45:00+00:00,0.15869999999999998
2026-01-24 07:00:00+00:00,0.1418
2026-01-24 07:15:00+00:00,0.16072
2026-01-24 07:30:00+00:00,0.15497
2026-01-24 07:45:00+00:00,0.13588
2026-01-24 08:00:00+00:00,0.11776
2026-01-24 08:15:00+00:00,0.11899
2026-01-24 08:30:00+00:00,0.14293
2026-01-24 08:45:00+00:00,0.13484000000000002
2026-01-24 09:00:00+00:00,0.1707
2026-01-24 09:15:00+00:00,0.17562
2026-01-24 09:30:00+00:00,0.11666
2026-01-24 09:45:00+00:00,0.10328
2026-01-24 10:00:00+00:00,0.1085
2026-01-24 10:15:00+00:00,0.14234
2026-01-24 10:30:00+00:00,0.1152
2026-01-24 10:45:00+00:00,0.13394999999999999
2026-01-24 11:00:00+00:00,0.1442
2026-01-24 11:15:00+00:00,0.16786
2026-01-24 11:30:00+00:00,0.16931000000000002
2026-01-24 11:45:00+00:00,0.14215
2026-01-24 12:00:00+00:00,0.1311
2026-01-24 12:15:00+00:00,0.11145999999999999
2026-01-24 12:30:00+00:00,0.10496
2026-01-24 12:45:00+00:00,0.10309
2026-01-24 13:00:00+00:00,0.11448
2026-01-24 13:15:00+00:00,0.09570000000000001
2026-01-24 13:30:00+00:00,0.10679000000000001
2026-01-24 13:45:00+00:00,0.10439
2026-01-24 14:00:00+00:00,0.15588
2026-01-24 14:15:00+00:00,0.117
2026-01-24 14:30:00+00:00,0.12735
2026-01-24 14:45:00+00:00,0.08571
2026-01-24 15:00:00+00:00,0.07958
2026-01-24 15:15:00+00:00,0.12896000000000002
2026-01-24 15:30:00+00:00,0.16275
2026-01-24 15:45:00+00:00,0.16146000000000002
2026-01-24 16:00:00+00:00,0.15491
2026-01-24 16:15:00+00:00,0.12804
2026-01-24 16:30:00+00:00,0.14975
2026-01-24 16:45:00+00:00,0.16255
2026-01-24 17:00:00+00:00,0.16072
2026-01-24 17:15:00+00:00,0.16221000000000002
2026-01-24 17:30:00+00:00,0.1595
2026-01-24 17:45:00+00:00,0.16491
2026-01-24 18:00:00+00:00,0.15746000000000002
2026-01-24 18:15:00+00:00,0.12222
2026-01-24 18:30:00+00:00,0.11772
2026-01-24 18:45:00+00:00,0.0989
2026-01-24 19:00:00+00:00,0.15337
2026-01-24 19:15:00+00:00,0.13897
2026-01-24 19:30:00+00:00,0.13419
2026-01-24 19:45:00+00:00,0.14451
2026-01-24 20:00:00+00:00,0.09004000000000001
2026-01-24 20:15:00+00:00,0.10336
2026-01-24 20:30:00+00:00,0.12229999999999999
2026-01-24 20:45:00+00:00,0.13717
2026-01-24 21:00:00+00:00,0.10744
2026-01-24 21:15:00+00:00,0.10586
2026-01-24 21:30:00+00:00,0.13304
2026-01-24 21:45:00+00:00,0.12304999999999999
2026-01-24 22:00:00+00:00,0.10556
2026-01-24 22:15:00+00:00,0.13231
2026-01-24 22:30:00+00:00,0.08777
2026-01-24 22:45:00+00:00,0.07804000000000001
2026-01-24 23:00:00+00:00,0.07276
2026-01-24 23:15:00+00:00,0.07121
2026-01-24 23:30:00+00:00,0.0756
2026-01-24 23:45:00+00:00,0.07887000000000001
2026-01-25 00:00:00+00:00,0.12257
2026-01-25 00:15:00+00:00,0.13554
2026-01-25 00:30:00+00:00,0.10179
2026-01-25 00:45:00+00:00,0.09548999999999999
2026-01-25 01:00:00+00:00,0.08872
2026-01-25 01:15:00+00:00,0.11617
2026-01-25 01:30:00+00:00,0.11156
2026-01-25 01:45:00+00:00,0.11779
2026-01-25 02:00:00+00:00,0.09786
2026-01-25 02:15:00+00:00,0.0979
2026-01-25 02:30:00+00:00,0.09104000000000001
2026-01-25 02:45:00+00:00,0.08006999999999999
2026-01-25 03:00:00+00:00,0.11561
2026-01-25 03:15:00+00:00,0.109
2026-01-25 03:30:00+00:00,0.1012
2026-01-25 03:45:00+00:00,0.09581999999999999
2026-01-25 04:00:00+00:00,0.11334000000000001
2026-01-25 04:15:00+00:00,0.10309
2026-01-25 04:30:00+00:00,0.12249
2026-01-25 04:45:00+00:00,0.13398
2026-01-25 05:00:00+00:00,0.12603
2026-01-25 05:15:00+00:00,0.09725
2026-01-25 05:30:00+00:00,0.08807
2026-01-25 05:45:00+00:00,0.0785
2026-01-25 06:00:00+00:00,0.07524
2026-01-25 06:15:00+00:00,0.06608
2026-01-25 06:30:00+00:00,0.08934
2026-01-25 06:45:00+00:00,0.10311
2026-01-25 07:00:00+00:00,0.10424
2026-01-25 07:15:00+00:00,0.0907
2026-01-25 07:30:00+00:00,0.08696
2026-01-25 07:45:00+00:00,0.06738
2026-01-25 08:00:00+00:00,0.09301000000000001
2026-01-25 08:15:00+00:00,0.08381999999999999
2026-01-25 08:30:00+00:00,0.04876
2026-01-25 08:45:00+00:00,0.05753
2026-01-25 09:00:00+00:00,0.06716
2026-01-25 09:15:00+00:00,0.11202
2026-01-25 09:30:00+00:00,0.07567
2026-01-25 09:45:00+00:00,0.07473
2026-01-25 10:00:00+00:00,0.08044
2026-01-25 10:15:00+00:00,0.12332
2026-01-25 10:30:00+00:00,0.12148
2026-01-25 10:45:00+00:00,0.15147
2026-01-25 11:00:00+00:00,0.15797
2026-01-25 11:15:00+00:00,0.15256
2026-01-25 11:30:00+00:00,0.15835
2026-01-25 11:45:00+00:00,0.16598
2026-01-25 12:00:00+00:00,0.12437000000000001
2026-01-25 12:15:00+00:00,0.12276000000000001
2026-01-25 12:30:00+00:00,0.13194999999999998
2026-01-25 12:45:00+00:00,0.14085
2026-01-25 13:00:00+00:00,0.15059999999999998
2026-01-25 13:15:00+00:00,0.17529
2026-01-25 13:30:00+00:00,0.17583000000000001
2026-01-25 13:45:00+00:00,0.15909
2026-01-25 14:00:00+00:00,0.10106
2026-01-25 14:15:00+00:00,0.09441
2026-01-25 14:30:00+00:00,0.13063999999999998
2026-01-25 14:45:00+00:00,0.14867
2026-01-25 15:00:00+00:00,0.15381999999999998
2026-01-25 15:15:00+00:00,0.15954
2026-01-25 15:30:00+00:00,0.18403999999999998
2026-01-25 15:45:00+00:00,0.17236
2026-01-25 16:00:00+00:00,0.18456
2026-01-25 16:15:00+00:00,0.20116
2026-01-25 16:30:00+00:00,0.17684
2026-01-25 16:45:00+00:00,0.18819
2026-01-25 17:00:00+00:00,0.17575
2026-01-25 17:15:00+00:00,0.17524
2026-01-25 17:30:00+00:00,0.18287
2026-01-25 17:45:00+00:00,0.18244
2026-01-25 18:00:00+00:00,0.21029
2026-01-25 18:15:00+00:00,0.19283
2026-01-25 18:30:00+00:00,0.17073
2026-01-25 18:45:00+00:00,0.16393000000000002
2026-01-25 19:00:00+00:00,0.12712
2026-01-25 19:15:00+00:00,0.1193
2026-01-25 19:30:00+00:00,0.10643999999999999
2026-01-25 19:45:00+00:00,0.09491
2026-01-25 20:00:00+00:00,0.12414
2026-01-25 20:15:00+00:00,0.13421
2026-01-25 20:30:00+00:00,0.13638999999999998
2026-01-25 20:45:00+00:00,0.12559
2026-01-25 21:00:00+00:00,0.16865
2026-01-25 21:15:00+00:00,0.18372999999999998
2026-01-25 21:30:00+00:00,0.19361
2026-01-25 21:45:00+00:00,0.18799000000000002
2026-01-25 22:00:00+00:00,0.21503999999999998
2026-01-25 22:15:00+00:00,0.22013
2026-01-25 22:30:00+00:00,0.19735
2026-01-25 22:45:00+00:00,0.15847
2026-01-25 23:00:00+00:00,0.15489
2026-01-25 23:15:00+00:00,0.1261
2026-01-25 23:30:00+00:00,0.16729
2026-01-25 23:45:00+00:00,0.15631
2026-01-26 00:00:00+00:00,0.17678
2026-01-26 00:15:00+00:00,0.18325999999999998
2026-01-26 00:30:00+00:00,0.17576
2026-01-26 00:45:00+00:00,0.15234999999999999
2026-01-26 01:00:00+00:00,0.14305
2026-01-26 01:15:00+00:00,0.08866
2026-01-26 01:30:00+00:00,0.11783
2026-01-26 01:45:00+00:00,0.08109000000000001
2026-01-26 02:00:00+00:00,0.06996
2026-01-26 02:15:00+00:00,0.09036
2026-01-26 02:30:00+00:00,0.09506999999999999
2026-01-26 02:45:00+00:00,0.15533000000000002
2026-01-26 03:00:00+00:00,0.14504
2026-01-26 03:15:00+00:00,0.14594
2026-01-26 03:30:00+00:00,0.16318000000000002
2026-01-26 03:45:00+00:00,0.13605
2026-01-26 04:00:00+00:00,0.12537
2026-01-26 04:15:00+00:00,0.10588
2026-01-26 04:30:00+00:00,0.12662
2026-01-26 04:45:00+00:00,0.12036
2026-01-26 05:00:00+00:00,0.05047
2026-01-26 05:15:00+00:00,0.03689
2026-01-26 05:30:00+00:00,0.046380000000000005
2026-01-26 05:45:00+00:00,0.11581999999999999
2026-01-26 06:00:00+00:00,0.07127
2026-01-26 06:15:00+00:00,0.15784
2026-01-26 06:30:00+00:00,0.053090000000000005
2026-01-26 06:45:00+00:00,0.043429999999999996
2026-01-26 07:00:00+00:00,0.1133
2026-01-26 07:15:00+00:00,0.15528
2026-01-26 07:30:00+00:00,0.17989
2026-01-26 07:45:00+00:00,0.18081999999999998
2026-01-26 08:00:00+00:00,0.19788999999999998
2026-01-26 08:15:00+00:00,0.20354
2026-01-26 08:30:00+00:00,0.218
2026-01-26 08:45:00+00:00,0.217
2026-01-26 09:00:00+00:00,0.18785
2026-01-26 09:15:00+00:00,0.18193
2026-01-26 09:30:00+00:00,0.15
2026-01-26 09:45:00+00:00,0.15794
2026-01-26 10:00:00+00:00,0.18339
2026-01-26 10:15:00+00:00,0.20840999999999998
2026-01-26 10:30:00+00:00,0.21738
2026-01-26 10:45:00+00:00,0.22444
2026-01-26 11:00:00+00:00,0.18312
2026-01-26 11:15:00+00:00,0.18978
2026-01-26 11:30:00+00:00,0.19965
2026-01-26 11:45:00+00:00,0.1918
2026-01-26 12:00:00+00:00,0.20740999999999998
2026-01-26 12:15:00+00:00,0.19344
2026-01-26 12:30:00+00:00,0.17753
2026-01-26 12:45:00+00:00,0.18796000000000002
2026-01-26 13:00:00+00:00,0.17474
2026-01-26 13:15:00+00:00,0.20414
2026-01-26 13:30:00+00:00,0.18231
2026-01-26 13:45:00+00:00,0.17587
2026-01-26 14:00:00+00:00,0.11818000000000001
2026-01-26 14:15:00+00:00,0.09562000000000001
2026-01-26 14:30:00+00:00,0.15622
2026-01-26 14:45:00+00:00,0.13591
2026-01-26 15:00:00+00:00,0.10736
2026-01-26 15:15:00+00:00,0.14754
2026-01-26 15:30:00+00:00,0.16426
2026-01-26 15:45:00+00:00,0.19704
2026-01-26 16:00:00+00:00,0.21949000000000002
2026-01-26 16:15:00+00:00,0.21719
2026-01-26 16:30:00+00:00,0.15093
2026-01-26 16:45:00+00:00,0.19611
2026-01-26 17:00:00+00:00,0.19683
2026-01-26 17:15:00+00:00,0.22829
2026-01-26 17:30:00+00:00,0.22861
2026-01-26 17:45:00+00:00,0.16981
2026-01-26 18:00:00+00:00,0.18611000000000003
2026-01-26 18:15:00+00:00,0.14204
2026-01-26 18:30:00+00:00,0.17356
2026-01-26 18:45:00+00:00,0.15809
2026-01-26 19:00:00+00:00,0.20978
2026-01-26 19:15:00+00:00,0.18017
2026-01-26 19:30:00+00:00,0.17203
2026-01-26 19:45:00+00:00,0.11783
2026-01-26 20:00:00+00:00,0.18511000000000002
2026-01-26 20:15:00+00:00,0.18462
2026-01-26 20:30:00+00:00,0.18419999999999997
2026-01-26 20:45:00+00:00,0.10606
2026-01-26 21:00:00+00:00,0.16296000000000002
2026-01-26 21:15:00+00:00,0.10216
2026-01-26 21:30:00+00:00,0.08852
2026-01-26 21:45:00+00:00,0.07151
2026-01-26 22:00:00+00:00,0.09952
2026-01-26 22:15:00+00:00,0.12495
2026-01-26 22:30:00+00:00,0.08702
2026-01-26 22:45:00+00:00,0.09795000000000001
2026-01-26 23:00:00+00:00,0.11017
2026-01-26 23:15:00+00:00,0.13663
2026-01-26 23:30:00+00:00,0.12165000000000001
2026-01-26 23:45:00+00:00,0.12757
2026-01-27 00:00:00+00:00,0.15527000000000002
2026-01-27 00:15:00+00:00,0.14824
2026-01-27 00:30:00+00:00,0.15447
2026-01-27 00:45:00+00:00,0.15900999999999998
2026-01-27 01:00:00+00:00,0.15537
2026-01-27 01:15:00+00:00,0.17003000000000001
2026-01-27 01:30:00+00:00,0.18041
2026-01-27 01:45:00+00:00,0.09625
2026-01-27 02:00:00+00:00,0.10194
2026-01-27 02:15:00+00:00,0.08608
2026-01-27 02:30:00+00:00,0.07736
2026-01-27 02:45:00+00:00,0.07284
2026-01-27 03:00:00+00:00,0.09537000000000001
2026-01-27 03:15:00+00:00,0.1384
2026-01-27 03:30:00+00:00,0.15956
2026-01-27 03:45:00+00:00,0.15289
2026-01-27 04:00:00+00:00,0.15966
2026-01-27 04:15:00+00:00,0.17773
2026-01-27 04:30:00+00:00,0.18228999999999998
2026-01-27 04:45:00+00:00,0.19613
2026-01-27 05:00:00+00:00,0.19241
2026-01-27 05:15:00+00:00,0.18115
2026-01-27 05:30:00+00:00,0.12136
2026-01-27 05:45:00+00:00,0.09844
2026-01-27 06:00:00+00:00,0.18099
2026-01-27 06:15:00+00:00,0.18786000000000003
2026-01-27 06:30:00+00:00,0.22636
2026-01-27 06:45:00+00:00,0.23303000000000001
2026-01-27 07:00:00+00:00,0.24615
2026-01-27 07:15:00+00:00,0.26175
2026-01-27 07:30:00+00:00,0.27948
2026-01-27 07:45:00+00:00,0.15827000000000002
2026-01-27 08:00:00+00:00,0.10699
2026-01-27 08:15:00+00:00,0.08962
2026-01-27 08:30:00+00:00,0.14065
2026-01-27 08:45:00+00:00,0.16953000000000001
2026-01-27 09:00:00+00:00,0.09988
2026-01-27 09:15:00+00:00,0.10253
2026-01-27 09:30:00+00:00,0.08506999999999999
2026-01-27 09:45:00+00:00,0.09886
2026-01-27 10:00:00+00:00,0.09634999999999999
2026-01-27 10:15:00+00:00,0.13519
2026-01-27 10:30:00+00:00,0.10145
2026-01-27 10:45:00+00:00,0.13924
2026-01-27 11:00:00+00:00,0.14031
2026-01-27 11:15:00+00:00,0.12035
2026-01-27 11:30:00+00:00,0.15028
2026-01-27 11:45:00+00:00,0.14614
2026-01-27 12:00:00+00:00,0.14228
2026-01-27 12:15:00+00:00,0.13075
2026-01-27 12:30:00+00:00,0.09259
2026-01-27 12:45:00+00:00,0.09451000000000001
2026-01-27 13:00:00+00:00,0.10234
2026-01-27 13:15:00+00:00,0.09634000000000001
2026-01-27 13:30:00+00:00,0.08805
2026-01-27 13:45:00+00:00,0.10365
2026-01-27 14:00:00+00:00,0.09537000000000001
2026-01-27 14:15:00+00:00,0.09561
2026-01-27 14:30:00+00:00,0.09587999999999999
2026-01-27 14:45:00+00:00,0.09345999999999999
2026-01-27 15:00:00+00:00,0.10375
2026-01-27 15:15:00+00:00,0.12117
2026-01-27 15:30:00+00:00,0.08932999999999999
2026-01-27 15:45:00+00:00,0.11349
2026-01-27 16:00:00+00:00,0.15657
2026-01-27 16:15:00+00:00,0.12264
2026-01-27 16:30:00+00:00,0.09668
2026-01-27 16:45:00+00:00,0.12718000000000002
2026-01-27 17:00:00+00:00,0.15059
2026-01-27 17:15:00+00:00,0.18161000000000002
2026-01-27 17:30:00+00:00,0.18980000000000002
2026-01-27 17:45:00+00:00,0.19741999999999998
2026-01-27 18:00:00+00:00,0.11104
2026-01-27 18:15:00+00:00,0.10639
2026-01-27 18:30:00+00:00,0.15115
2026-01-27 18:45:00+00:00,0.15593
2026-01-27 19:00:00+00:00,0.11804
2026-01-27 19:15:00+00:00,0.12419
2026-01-27 19:30:00+00:00,0.13059
2026-01-27 19:45:00+00:00,0.15006999999999998
2026-01-27 20:00:00+00:00,0.17983000000000002
2026-01-27 20:15:00+00:00,0.17686000000000002
2026-01-27 20:30:00+00:00,0.19138
2026-01-27 20:45:00+00:00,0.17958000000000002
2026-01-27 21:00:00+00:00,0.20396
2026-01-27 21:15:00+00:00,0.14919
2026-01-27 21:30:00+00:00,0.14869
2026-01-27 21:45:00+00:00,0.07903
2026-01-27 22:00:00+00:00,0.14362
2026-01-27 22:15:00+00:00,0.104
2026-01-27 22:30:00+00:00,0.06899
2026-01-27 22:45:00+00:00,0.07598999999999999
2026-01-27 23:00:00+00:00,0.16087
2026-01-27 23:15:00+00:00,0.15128999999999998
2026-01-27 23:30:00+00:00,0.11988
2026-01-27 23:45:00+00:00,0.09609999999999999
2026-01-28 00:00:00+00:00,0.09939
2026-01-28 00:15:00+00:00,0.1252
2026-01-28 00:30:00+00:00,0.11938
2026-01-28 00:45:00+00:00,0.10515000000000001
2026-01-28 01:00:00+00:00,0.0872
2026-01-28 01:15:00+00:00,0.06770999999999999
2026-01-28 01:30:00+00:00,0.09366
2026-01-28 01:45:00+00:00,0.10219
2026-01-28 02:00:00+00:00,0.10202
2026-01-28 02:15:00+00:00,0.09469
2026-01-28 02:30:00+00:00,0.09228
2026-01-28 02:45:00+00:00,0.09135
2026-01-28 03:00:00+00:00,0.11714
2026-01-28 03:15:00+00:00,0.10906
2026-01-28 03:30:00+00:00,0.09786
2026-01-28 03:45:00+00:00,0.11771
2026-01-28 04:00:00+00:00,0.06551
2026-01-28 04:15:00+00:00,0.06082
2026-01-28 04:30:00+00:00,0.07747
2026-01-28 04:45:00+00:00,0.06926
2026-01-28 05:00:00+00:00,0.05878
2026-01-28 05:15:00+00:00,0.07163
2026-01-28 05:30:00+00:00,0.10112
2026-01-28 05:45:00+00:00,0.17328
2026-01-28 06:00:00+00:00,0.16103
2026-01-28 06:15:00+00:00,0.17909999999999998
2026-01-28 06:30:00+00:00,0.17937999999999998
2026-01-28 06:45:00+00:00,0.16488
2026-01-28 07:00:00+00:00,0.15147
2026-01-28 07:15:00+00:00,0.12731
2026-01-28 07:30:00+00:00,0.15302000000000002
2026-01-28 07:45:00+00:00,0.15234999999999999
2026-01-28 08:00:00+00:00,0.16678
2026-01-28 08:15:00+00:00,0.15888999999999998
2026-01-28 08:30:00+00:00,0.14383
2026-01-28 08:45:00+00:00,0.11851
2026-01-28 09:00:00+00:00,0.15728
2026-01-28 09:15:00+00:00,0.10272
2026-01-28 09:30:00+00:00,0.11578000000000001
2026-01-28 09:45:00+00:00,0.13797
2026-01-28 10:00:00+00:00,0.16465000000000002
2026-01-28 10:15:00+00:00,0.14684999999999998
2026-01-28 10:30:00+00:00,0.17443
2026-01-28 10:45:00+00:00,0.19133
2026-01-28 11:00:00+00:00,0.20768999999999999
2026-01-28 11:15:00+00:00,0.26489999999999997
2026-01-28 11:30:00+00:00,0.23183
2026-01-28 11:45:00+00:00,0.21368
2026-01-28 12:00:00+00:00,0.25059
2026-01-28 12:15:00+00:00,0.24323
2026-01-28 12:30:00+00:00,0.20671
2026-01-28 12:45:00+00:00,0.25658
2026-01-28 13:00:00+00:00,0.22268000000000002
2026-01-28 13:15:00+00:00,0.22118000000000002
2026-01-28 13:30:00+00:00,0.23346
2026-01-28 13:45:00+00:00,0.22832
2026-01-28 14:00:00+00:00,0.18206999999999998
2026-01-28 14:15:00+00:00,0.19948
2026-01-28 14:30:00+00:00,0.17851
2026-01-28 14:45:00+00:00,0.15578999999999998
2026-01-28 15:00:00+00:00,0.2129
2026-01-28 15:15:00+00:00,0.15244
2026-01-28 15:30:00+00:00,0.1673
2026-01-28 15:45:00+00:00,0.1469
2026-01-28 16:00:00+00:00,0.16834
2026-01-28 16:15:00+00:00,0.15488
2026-01-28 16:30:00+00:00,0.21134999999999998
2026-01-28 16:45:00+00:00,0.18741999999999998
2026-01-28 17:00:00+00:00,0.13225
2026-01-28 17:15:00+00:00,0.13866
2026-01-28 17:30:00+00:00,0.15774000000000002
2026-01-28 17:45:00+00:00,0.15067
2026-01-28 18:00:00+00:00,0.15824000000000002
2026-01-28 18:15:00+00:00,0.16558
2026-01-28 18:30:00+00:00,0.16665
2026-01-28 18:45:00+00:00,0.13744
2026-01-28 19:00:00+00:00,0.19969
2026-01-28 19:15:00+00:00,0.15862
2026-01-28 19:30:00+00:00,0.18713
2026-01-28 19:45:00+00:00,0.1288
2026-01-28 20:00:00+00:00,0.15065
2026-01-28 20:15:00+00:00,0.14682
2026-01-28 20:30:00+00:00,0.12762
2026-01-28 20:45:00+00:00,0.14174
2026-01-28 21:00:00+00:00,0.12921000000000002
2026-01-28 21:15:00+00:00,0.13872
2026-01-28 21:30:00+00:00,0.13609000000000002
2026-01-28 21:45:00+00:00,0.13518
2026-01-28 22:00:00+00:00,0.1367
2026-01-28 22:15:00+00:00,0.106
2026-01-28 22:30:00+00:00,0.12440999999999999
2026-01-28 22:45:00+00:00,0.12693000000000002
2026-01-28 23:00:00+00:00,0.12728
2026-01-28 23:15:00+00:00,0.13391
2026-01-28 23:30:00+00:00,0.12132
2026-01-28 23:45:00+00:00,0.10275
2026-01-29 00:00:00+00:00,0.12237
2026-01-29 00:15:00+00:00,0.11275
2026-01-29 00:30:00+00:00,0.10207
2026-01-29 00:45:00+00:00,0.11803
2026-01-29 01:00:00+00:00,0.12134
2026-01-29 01:15:00+00:00,0.11905
2026-01-29 01:30:00+00:00,0.09973
2026-01-29 01:45:00+00:00,0.09408
2026-01-29 02:00:00+00:00,0.1378
2026-01-29 02:15:00+00:00,0.12434
2026-01-29 02:30:00+00:00,0.10321
2026-01-29 02:45:00+00:00,0.1097
2026-01-29 03:00:00+00:00,0.11778
2026-01-29 03:15:00+00:00,0.10844
2026-01-29 03:30:00+00:00,0.048119999999999996
2026-01-29 03:45:00+00:00,0.0339
2026-01-29 04:00:00+00:00,0.07992
2026-01-29 04:15:00+00:00,0.0592
2026-01-29 04:30:00+00:00,0.07189
2026-01-29 04:45:00+00:00,0.07217
2026-01-29 05:00:00+00:00,0.06216
2026-01-29 05:15:00+00:00,0.1325
2026-01-29 05:30:00+00:00,0.14797
2026-01-29 05:45:00+00:00,0.16115000000000002
2026-01-29 06:00:00+00:00,0.15069
2026-01-29 06:15:00+00:00,0.18997
2026-01-29 06:30:00+00:00,0.1004
2026-01-29 06:45:00+00:00,0.15922
2026-01-29 07:00:00+00:00,0.18474000000000002
2026-01-29 07:15:00+00:00,0.18334
2026-01-29 07:30:00+00:00,0.26514
2026-01-29 07:45:00+00:00,0.25664
2026-01-29 08:00:00+00:00,0.37210000000000004
2026-01-29 08:15:00+00:00,0.29679
2026-01-29 08:30:00+00:00,0.42634
2026-01-29 08:45:00+00:00,0.45263
2026-01-29 09:00:00+00:00,0.21975
2026-01-29 09:15:00+00:00,0.1596
2026-01-29 09:30:00+00:00,0.2004
2026-01-29 09:45:00+00:00,0.1854
2026-01-29 10:00:00+00:00,0.14059
2026-01-29 10:15:00+00:00,0.12723
2026-01-29 10:30:00+00:00,0.19791
2026-01-29 10:45:00+00:00,0.18547999999999998
2026-01-29 11:00:00+00:00,0.16574
2026-01-29 11:15:00+00:00,0.16113999999999998
2026-01-29 11:30:00+00:00,0.12118999999999999
2026-01-29 11:45:00+00:00,0.12455
2026-01-29 12:00:00+00:00,0.19340000000000002
2026-01-29 12:15:00+00:00,0.21419
2026-01-29 12:30:00+00:00,0.29935
2026-01-29 12:45:00+00:00,0.27982999999999997
2026-01-29 13:00:00+00:00,0.25931
2026-01-29 13:15:00+00:00,0.27686
2026-01-29 13:30:00+00:00,0.26208
2026-01-29 13:45:00+00:00,0.22322999999999998
2026-01-29 14:00:00+00:00,0.1685
2026-01-29 14:15:00+00:00,0.14814
2026-01-29 14:30:00+00:00,0.13191
2026-01-29 14:45:00+00:00,0.1177
2026-01-29 15:00:00+00:00,0.12214
2026-01-29 15:15:00+00:00,0.12135
2026-01-29 15:30:00+00:00,0.11373
2026-01-29 15:45:00+00:00,0.16788999999999998
2026-01-29 16:00:00+00:00,0.18441
2026-01-29 16:15:00+00:00,0.20218
2026-01-29 16:30:00+00:00,0.21519
2026-01-29 16:45:00+00:00,0.22590000000000002
2026-01-29 17:00:00+00:00,0.26206999999999997
2026-01-29 17:15:00+00:00,0.25490999999999997
2026-01-29 17:30:00+00:00,0.23676
2026-01-29 17:45:00+00:00,0.23265
2026-01-29 18:00:00+00:00,0.24323
2026-01-29 18:15:00+00:00,0.25637
2026-01-29 18:30:00+00:00,0.2284
2026-01-29 18:45:00+00:00,0.15369
2026-01-29 19:00:00+00:00,0.13885
2026-01-29 19:15:00+00:00,0.12721
2026-01-29 19:30:00+00:00,0.16343000000000002
2026-01-29 19:45:00+00:00,0.15371
2026-01-29 20:00:00+00:00,0.24087999999999998
2026-01-29 20:15:00+00:00,0.20363
2026-01-29 20:30:00+00:00,0.19458
2026-01-29 20:45:00+00:00,0.18258000000000002
2026-01-29 21:00:00+00:00,0.16577
2026-01-29 21:15:00+00:00,0.19184
2026-01-29 21:30:00+00:00,0.17132
2026-01-29 21:45:00+00:00,0.17547
2026-01-29 22:00:00+00:00,0.08639
2026-01-29 22:15:00+00:00,0.08209000000000001
2026-01-29 22:30:00+00:00,0.08089
2026-01-29 22:45:00+00:00,0.09026
2026-01-29 23:00:00+00:00,0.13353
2026-01-29 23:15:00+00:00,0.14391
2026-01-29 23:30:00+00:00,0.1144
2026-01-29 23:45:00+00:00,0.11238
2026-01-30 00:00:00+00:00,0.13015000000000002
2026-01-30 00:15:00+00:00,0.1215
2026-01-30 00:30:00+00:00,0.12768000000000002
2026-01-30 00:45:00+00:00,0.12443000000000001
2026-01-30 01:00:00+00:00,0.12156
2026-01-30 01:15:00+00:00,0.11086
2026-01-30 01:30:00+00:00,0.12722
2026-01-30 01:45:00+00:00,0.11736
2026-01-30 02:00:00+00:00,0.11636
2026-01-30 02:15:00+00:00,0.09096
2026-01-30 02:30:00+00:00,0.10707
2026-01-30 02:45:00+00:00,0.12386
2026-01-30 03:00:00+00:00,0.13661
2026-01-30 03:15:00+00:00,0.13661
2026-01-30 03:30:00+00:00,0.12766
2026-01-30 03:45:00+00:00,0.13390000000000002
2026-01-30 04:00:00+00:00,0.12284
2026-01-30 04:15:00+00:00,0.11333
2026-01-30 04:30:00+00:00,0.12445
2026-01-30 04:45:00+00:00,0.08577
2026-01-30 05:00:00+00:00,0.14555
2026-01-30 05:15:00+00:00,0.14589
2026-01-30 05:30:00+00:00,0.19653
2026-01-30 05:45:00+00:00,0.20231
2026-01-30 06:00:00+00:00,0.12159
2026-01-30 06:15:00+00:00,0.18418
2026-01-30 06:30:00+00:00,0.16643
2026-01-30 06:45:00+00:00,0.16958
2026-01-30 07:00:00+00:00,0.14475
2026-01-30 07:15:00+00:00,0.14555
2026-01-30 07:30:00+00:00,0.1606
2026-01-30 07:45:00+00:00,0.17859
2026-01-30 08:00:00+00:00,0.19893
2026-01-30 08:15:00+00:00,0.1861
2026-01-30 08:30:00+00:00,0.19366999999999998
2026-01-30 08:45:00+00:00,0.20879
2026-01-30 09:00:00+00:00,0.23687
2026-01-30 09:15:00+00:00,0.22381
2026-01-30 09:30:00+00:00,0.23968
2026-01-30 09:45:00+00:00,0.2171
2026-01-30 10:00:00+00:00,0.19215000000000002
2026-01-30 10:15:00+00:00,0.11314
2026-01-30 10:30:00+00:00,0.08735
2026-01-30 10:45:00+00:00,0.08984
2026-01-30 11:00:00+00:00,0.1023
2026-01-30 11:15:00+00:00,0.11256000000000001
2026-01-30 11:30:00+00:00,0.13213999999999998
2026-01-30 11:45:00+00:00,0.09082
2026-01-30 12:00:00+00:00,0.07434
2026-01-30 12:15:00+00:00,0.09409999999999999
2026-01-30 12:30:00+00:00,0.10656
2026-01-30 12:45:00+00:00,0.09762
2026-01-30 13:00:00+00:00,0.11092
2026-01-30 13:15:00+00:00,0.11213
2026-01-30 13:30:00+00:00,0.12746
2026-01-30 13:45:00+00:00,0.15359
2026-01-30 14:00:00+00:00,0.18137999999999999
2026-01-30 14:15:00+00:00,0.14339
2026-01-30 14:30:00+00:00,0.16099000000000002
2026-01-30 14:45:00+00:00,0.12853
2026-01-30 15:00:00+00:00,0.17079
2026-01-30 15:15:00+00:00,0.21366
2026-01-30 15:30:00+00:00,0.22278
2026-01-30 15:45:00+00:00,0.21362
2026-01-30 16:00:00+00:00,0.15730000000000002
2026-01-30 16:15:00+00:00,0.13506
2026-01-30 16:30:00+00:00,0.19988
2026-01-30 16:45:00+00:00,0.23664
2026-01-30 17:00:00+00:00,0.24647
2026-01-30 17:15:00+00:00,0.1881
2026-01-30 17:30:00+00:00,0.16281
2026-01-30 17:45:00+00:00,0.14592
2026-01-30 18:00:00+00:00,0.16605
2026-01-30 18:15:00+00:00,0.1894
2026-01-30 18:30:00+00:00,0.15505000000000002
2026-01-30 18:45:00+00:00,0.10723999999999999
2026-01-30 19:00:00+00:00,0.08062000000000001
2026-01-30 19:15:00+00:00,0.15066
2026-01-30 19:30:00+00:00,0.14194
2026-01-30 19:45:00+00:00,0.05817
2026-01-30 20:00:00+00:00,0.06141
2026-01-30 20:15:00+00:00,0.06498999999999999
2026-01-30 20:30:00+00:00,0.07028
2026-01-30 20:45:00+00:00,0.10739
2026-01-30 21:00:00+00:00,0.1701
2026-01-30 21:15:00+00:00,0.14733000000000002
2026-01-30 21:30:00+00:00,0.13211
2026-01-30 21:45:00+00:00,0.11714
2026-01-30 22:00:00+00:00,0.12971000000000002
2026-01-30 22:15:00+00:00,0.17858000000000002
2026-01-30 22:30:00+00:00,0.19075
2026-01-30 22:45:00+00:00,0.14027
2026-01-30 23:00:00+00:00,0.19408
2026-01-30 23:15:00+00:00,0.14338
2026-01-30 23:30:00+00:00,0.10271
2026-01-30 23:45:00+00:00,0.09481999999999999
2026-01-31 00:00:00+00:00,0.08738
2026-01-31 00:15:00+00:00,0.11262
2026-01-31 00:30:00+00:00,0.12001
2026-01-31 00:45:00+00:00,0.11704
2026-01-31 01:00:00+00:00,0.08647
2026-01-31 01:15:00+00:00,0.1216
2026-01-31 01:30:00+00:00,0.12581
2026-01-31 01:45:00+00:00,0.09703
2026-01-31 02:00:00+00:00,0.08559
2026-01-31 02:15:00+00:00,0.09644
2026-01-31 02:30:00+00:00,0.13569
2026-01-31 02:45:00+00:00,0.16134
2026-01-31 03:00:00+00:00,0.12018999999999999
2026-01-31 03:15:00+00:00,0.0574
2026-01-31 03:30:00+00:00,0.0464
2026-01-31 03:45:00+00:00,0.06423999999999999
2026-01-31 04:00:00+00:00,0.06573000000000001
2026-01-31 04:15:00+00:00,0.07998999999999999
2026-01-31 04:30:00+00:00,0.07015
2026-01-31 04:45:00+00:00,0.08483
2026-01-31 05:00:00+00:00,0.02798
2026-01-31 05:15:00+00:00,0.06665
2026-01-31 05:30:00+00:00,0.0525
2026-01-31 05:45:00+00:00,0.05282
2026-01-31 06:00:00+00:00,0.10734
2026-01-31 06:15:00+00:00,0.11461
2026-01-31 06:30:00+00:00,0.06877
2026-01-31 06:45:00+00:00,0.08122
2026-01-31 07:00:00+00:00,0.09003
2026-01-31 07:15:00+00:00,0.09412999999999999
2026-01-31 07:30:00+00:00,0.08169
2026-01-31 07:45:00+00:00,0.06922
2026-01-31 08:00:00+00:00,0.07422
2026-01-31 08:15:00+00:00,0.09498000000000001
2026-01-31 08:30:00+00:00,0.08356
2026-01-31 08:45:00+00:00,0.10393000000000001
2026-01-31 09:00:00+00:00,0.11040000000000001
2026-01-31 09:15:00+00:00,0.11277
2026-01-31 09:30:00+00:00,0.11959
2026-01-31 09:45:00+00:00,0.12961
2026-01-31 10:00:00+00:00,0.12904
2026-01-31 10:15:00+00:00,0.13624
2026-01-31 10:30:00+00:00,0.14121
2026-01-31 10:45:00+00:00,0.13036
2026-01-31 11:00:00+00:00,0.13706000000000002
2026-01-31 11:15:00+00:00,0.13216
2026-01-31 11:30:00+00:00,0.14529
2026-01-31 11:45:00+00:00,0.11679
2026-01-31 12:00:00+00:00,0.11845
2026-01-31 12:15:00+00:00,0.08578
2026-01-31 12:30:00+00:00,0.11810999999999999
2026-01-31 12:45:00+00:00,0.0825
2026-01-31 13:00:00+00:00,0.08493
2026-01-31 13:15:00+00:00,0.10117
2026-01-31 13:30:00+00:00,0.09897
2026-01-31 13:45:00+00:00,0.09709000000000001
2026-01-31 14:00:00+00:00,0.11874
2026-01-31 14:15:00+00:00,0.09559999999999999
2026-01-31 14:30:00+00:00,0.10615999999999999
2026-01-31 14:45:00+00:00,0.12704000000000001
2026-01-31 15:00:00+00:00,0.10384
2026-01-31 15:15:00+00:00,0.12615
2026-01-31 15:30:00+00:00,0.14099
2026-01-31 15:45:00+00:00,0.07517
2026-01-31 16:00:00+00:00,0.07443000000000001
2026-01-31 16:15:00+00:00,0.09178
2026-01-31 16:30:00+00:00,0.15612
2026-01-31 16:45:00+00:00,0.14415
2026-01-31 17:00:00+00:00,0.14864
2026-01-31 17:15:00+00:00,0.15537
2026-01-31 17:30:00+00:00,0.16571
2026-01-31 17:45:00+00:00,0.10919
2026-01-31 18:00:00+00:00,0.11598
2026-01-31 18:15:00+00:00,0.09087
2026-01-31 18:30:00+00:00,0.10153
2026-01-31 18:45:00+00:00,0.10682
2026-01-31 19:00:00+00:00,0.12996000000000002
2026-01-31 19:15:00+00:00,0.13229
2026-01-31 19:30:00+00:00,0.16319
2026-01-31 19:45:00+00:00,0.12337000000000001
2026-01-31 20:00:00+00:00,0.14809999999999998
2026-01-31 20:15:00+00:00,0.09598999999999999
2026-01-31 20:30:00+00:00,0.09179000000000001
2026-01-31 20:45:00+00:00,0.07773999999999999
2026-01-31 21:00:00+00:00,0.15161000000000002
2026-01-31 21:15:00+00:00,0.14931
2026-01-31 21:30:00+00:00,0.15465
2026-01-31 21:45:00+00:00,0.11713
2026-01-31 22:00:00+00:00,0.10171
2026-01-31 22:15:00+00:00,0.10690999999999999
2026-01-31 22:30:00+00:00,0.08748
2026-01-31 22:45:00+00:00,0.07363
2026-01-31 23:00:00+00:00,0.11757
2026-01-31 23:15:00+00:00,0.1153
2026-01-31 23:30:00+00:00,0.14896
2026-01-31 23:45:00+00:00,0.1354
2026-02-01 00:00:00+00:00,0.14777
2026-02-01 00:15:00+00:00,0.14744
2026-02-01 00:30:00+00:00,0.13476
2026-02-01 00:45:00+00:00,0.10805
2026-02-01 01:00:00+00:00,0.11326
2026-02-01 01:15:00+00:00,0.08888
2026-02-01 01:30:00+00:00,0.09776
2026-02-01 01:45:00+00:00,0.08669
2026-02-01 02:00:00+00:00,0.1275
2026-02-01 02:15:00+00:00,0.14682
2026-02-01 02:30:00+00:00,0.14337
2026-02-01 02:45:00+00:00,0.1308
2026-02-01 03:00:00+00:00,0.14242
2026-02-01 03:15:00+00:00,0.13084
2026-02-01 03:30:00+00:00,0.11679
2026-02-01 03:45:00+00:00,0.10776000000000001
2026-02-01 04:00:00+00:00,0.10027
2026-02-01 04:15:00+00:00,0.09797
2026-02-01 04:30:00+00:00,0.08623
2026-02-01 04:45:00+00:00,0.0925
2026-02-01 05:00:00+00:00,0.09021
2026-02-01 05:15:00+00:00,0.11927
2026-02-01 05:30:00+00:00,0.12476000000000001
2026-02-01 05:45:00+00:00,0.11344
2026-02-01 06:00:00+00:00,0.10807
2026-02-01 06:15:00+00:00,0.1134
2026-02-01 06:30:00+00:00,0.12217
2026-02-01 06:45:00+00:00,0.14115
2026-02-01 07:00:00+00:00,0.15528999999999998
2026-02-01 07:15:00+00:00,0.13588
2026-02-01 07:30:00+00:00,0.09398999999999999
2026-02-01 07:45:00+00:00,0.11288
2026-02-01 08:00:00+00:00,0.08299
2026-02-01 08:15:00+00:00,0.07904000000000001
2026-02-01 08:30:00+00:00,0.06787
2026-02-01 08:45:00+00:00,0.09639
2026-02-01 09:00:00+00:00,0.11895
2026-02-01 09:15:00+00:00,0.13957
2026-02-01 09:30:00+00:00,0.13325
2026-02-01 09:45:00+00:00,0.12577
2026-02-01 10:00:00+00:00,0.1406
2026-02-01 10:15:00+00:00,0.12921000000000002
2026-02-01 10:30:00+00:00,0.07898999999999999
2026-02-01 10:45:00+00:00,0.09056
2026-02-01 11:00:00+00:00,0.07645
2026-02-01 11:15:00+00:00,0.08101
2026-02-01 11:30:00+00:00,0.10046
2026-02-01 11:45:00+00:00,0.10862999999999999
2026-02-01 12:00:00+00:00,0.11705
2026-02-01 12:15:00+00:00,0.12018999999999999
2026-02-01 12:30:00+00:00,0.10917
2026-02-01 12:45:00+00:00,0.11745
2026-02-01 13:00:00+00:00,0.12322
2026-02-01 13:15:00+00:00,0.11523
2026-02-01 13:30:00+00:00,0.10404000000000001
2026-02-01 13:45:00+00:00,0.08303
2026-02-01 14:00:00+00:00,0.09915
2026-02-01 14:15:00+00:00,0.07859999999999999
2026-02-01 14:30:00+00:00,0.06837
2026-02-01 14:45:00+00:00,0.07604000000000001
2026-02-01 15:00:00+00:00,0.08663
2026-02-01 15:15:00+00:00,0.08366
2026-02-01 15:30:00+00:00,0.0778
2026-02-01 15:45:00+00:00,0.08048000000000001
2026-02-01 16:00:00+00:00,0.12154000000000001
2026-02-01 16:15:00+00:00,0.14667
2026-02-01 16:30:00+00:00,0.16416
2026-02-01 16:45:00+00:00,0.16841
2026-02-01 17:00:00+00:00,0.18371
2026-02-01 17:15:00+00:00,0.15312
2026-02-01 17:30:00+00:00,0.09809999999999999
2026-02-01 17:45:00+00:00,0.14295
2026-02-01 18:00:00+00:00,0.11711
2026-02-01 18:15:00+00:00,0.1265
2026-02-01 18:30:00+00:00,0.09702
2026-02-01 18:45:00+00:00,0.13405
2026-02-01 19:00:00+00:00,0.14449
2026-02-01 19:15:00+00:00,0.14648
2026-02-01 19:30:00+00:00,0.08861
2026-02-01 19:45:00+00:00,0.10131
2026-02-01 20:00:00+00:00,0.07858
2026-02-01 20:15:00+00:00,0.09573999999999999
2026-02-01 20:30:00+00:00,0.09712
2026-02-01 20:45:00+00:00,0.09466
2026-02-01 21:00:00+00:00,0.13104
2026-02-01 21:15:00+00:00,0.14065
2026-02-01 21:30:00+00:00,0.12462999999999999
2026-02-01 21:45:00+00:00,0.09831000000000001
2026-02-01 22:00:00+00:00,0.10277
2026-02-01 22:15:00+00:00,0.10208
2026-02-01 22:30:00+00:00,0.09515000000000001
2026-02-01 22:45:00+00:00,0.08899
2026-02-01 23:00:00+00:00,0.05354
2026-02-01 23:15:00+00:00,0.10926999999999999
2026-02-01 23:30:00+00:00,0.13112000000000001
2026-02-01 23:45:00+00:00,0.08195999999999999
2026-02-02 00:00:00+00:00,0.12224
2026-02-02 00:15:00+00:00,0.11370999999999999
2026-02-02 00:30:00+00:00,0.1455
2026-02-02 00:45:00+00:00,0.13962
2026-02-02 01:00:00+00:00,0.13304
2026-02-02 01:15:00+00:00,0.1281
2026-02-02 01:30:00+00:00,0.09581999999999999
2026-02-02 01:45:00+00:00,0.1148
2026-02-02 02:00:00+00:00,0.12606
2026-02-02 02:15:00+00:00,0.13072
2026-02-02 02:30:00+00:00,0.14129
2026-02-02 02:45:00+00:00,0.12548
2026-02-02 03:00:00+00:00,0.08861
2026-02-02 03:15:00+00:00,0.12304999999999999
2026-02-02 03:30:00+00:00,0.11979000000000001
2026-02-02 03:45:00+00:00,0.10586
2026-02-02 04:00:00+00:00,0.09701
2026-02-02 04:15:00+00:00,0.07389
2026-02-02 04:30:00+00:00,0.13085
2026-02-02 04:45:00+00:00,0.13636
2026-02-02 05:00:00+00:00,0.1497
2026-02-02 05:15:00+00:00,0.17061
2026-02-02 05:30:00+00:00,0.19603
2026-02-02 05:45:00+00:00,0.17018
2026-02-02 06:00:00+00:00,0.14665999999999998
2026-02-02 06:15:00+00:00,0.14093
2026-02-02 06:30:00+00:00,0.15313
2026-02-02 06:45:00+00:00,0.12286
2026-02-02 07:00:00+00:00,0.13329
2026-02-02 07:15:00+00:00,0.12225
2026-02-02 07:30:00+00:00,0.131
2026-02-02 07:45:00+00:00,0.147
2026-02-02 08:00:00+00:00,0.16413
2026-02-02 08:15:00+00:00,0.13154
2026-02-02 08:30:00+00:00,0.10682
2026-02-02 08:45:00+00:00,0.0745
2026-02-02 09:00:00+00:00,0.08591
2026-02-02 09:15:00+00:00,0.12988999999999998
2026-02-02 09:30:00+00:00,0.14381
2026-02-02 09:45:00+00:00,0.16929
2026-02-02 10:00:00+00:00,0.14449
2026-02-02 10:15:00+00:00,0.16726
2026-02-02 10:30:00+00:00,0.17809
2026-02-02 10:45:00+00:00,0.13116
2026-02-02 11:00:00+00:00,0.15318
2026-02-02 11:15:00+00:00,0.12047
2026-02-02 11:30:00+00:00,0.13551
2026-02-02 11:45:00+00:00,0.08452
2026-02-02 12:00:00+00:00,0.08549
2026-02-02 12:15:00+00:00,0.09937
2026-02-02 12:30:00+00:00,0.13934
2026-02-02 12:45:00+00:00,0.13219999999999998
2026-02-02 13:00:00+00:00,0.14076
2026-02-02 13:15:00+00:00,0.20113999999999999
2026-02-02 13:30:00+00:00,0.11272
2026-02-02 13:45:00+00:00,0.14393999999999998
2026-02-02 14:00:00+00:00,0.06797
2026-02-02 14:15:00+00:00,0.08395999999999999
2026-02-02 14:30:00+00:00,0.0783
2026-02-02 14:45:00+00:00,0.07894
2026-02-02 15:00:00+00:00,0.13795
2026-02-02 15:15:00+00:00,0.11576
2026-02-02 15:30:00+00:00,0.10342
2026-02-02 15:45:00+00:00,0.08474
2026-02-02 16:00:00+00:00,0.11435
2026-02-02 16:15:00+00:00,0.14830000000000002
2026-02-02 16:30:00+00:00,0.18715
2026-02-02 16:45:00+00:00,0.19988999999999998
2026-02-02 17:00:00+00:00,0.191
2026-02-02 17:15:00+00:00,0.22734000000000001
2026-02-02 17:30:00+00:00,0.229
2026-02-02 17:45:00+00:00,0.21164
2026-02-02 18:00:00+00:00,0.20545
2026-02-02 18:15:00+00:00,0.25879
2026-02-02 18:30:00+00:00,0.23705
2026-02-02 18:45:00+00:00,0.2314
2026-02-02 19:00:00+00:00,0.14238
2026-02-02 19:15:00+00:00,0.14969
2026-02-02 19:30:00+00:00,0.1443
2026-02-02 19:45:00+00:00,0.11765
2026-02-02 20:00:00+00:00,0.16113
2026-02-02 20:15:00+00:00,0.17715
2026-02-02 20:30:00+00:00,0.17409
2026-02-02 20:45:00+00:00,0.17746
2026-02-02 21:00:00+00:00,0.24530000000000002
2026-02-02 21:15:00+00:00,0.14016
2026-02-02 21:30:00+00:00,0.15819999999999998
2026-02-02 21:45:00+00:00,0.10931
2026-02-02 22:00:00+00:00,0.08293
2026-02-02 22:15:00+00:00,0.07941
2026-02-02 22:30:00+00:00,0.08632
2026-02-02 22:45:00+00:00,0.10697
2026-02-02 23:00:00+00:00,0.10518000000000001
2026-02-02 23:15:00+00:00,0.10377
2026-02-02 23:30:00+00:00,0.11571
2026-02-02 23:45:00+00:00,0.09303
2026-02-03 00:00:00+00:00,0.12674
2026-02-03 00:15:00+00:00,0.12598
2026-02-03 00:30:00+00:00,0.14055
2026-02-03 00:45:00+00:00,0.10901000000000001
2026-02-03 01:00:00+00:00,0.10425
2026-02-03 01:15:00+00:00,0.10751999999999999
2026-02-03 01:30:00+00:00,0.13040000000000002
2026-02-03 01:45:00+00:00,0.10024
2026-02-03 02:00:00+00:00,0.11445999999999999
2026-02-03 02:15:00+00:00,0.10317
2026-02-03 02:30:00+00:00,0.12664
2026-02-03 02:45:00+00:00,0.12262999999999999
2026-02-03 03:00:00+00:00,0.11752
2026-02-03 03:15:00+00:00,0.11989
2026-02-03 03:30:00+00:00,0.12495
2026-02-03 03:45:00+00:00,0.12648
2026-02-03 04:00:00+00:00,0.09323000000000001
2026-02-03 04:15:00+00:00,0.09869
2026-02-03 04:30:00+00:00,0.124
2026-02-03 04:45:00+00:00,0.12994999999999998
2026-02-03 05:00:00+00:00,0.31187
2026-02-03 05:15:00+00:00,-0.0028
2026-02-03 05:30:00+00:00,0.07366
2026-02-03 05:45:00+00:00,0.10906
2026-02-03 06:00:00+00:00,0.08990999999999999
2026-02-03 06:15:00+00:00,0.09908
2026-02-03 06:30:00+00:00,0.08464
2026-02-03 06:45:00+00:00,0.07676000000000001
2026-02-03 07:00:00+00:00,0.11253
2026-02-03 07:15:00+00:00,0.09955
2026-02-03 07:30:00+00:00,0.14158
2026-02-03 07:45:00+00:00,0.14428
2026-02-03 08:00:00+00:00,0.21769999999999998
2026-02-03 08:15:00+00:00,0.0863
2026-02-03 08:30:00+00:00,0.07637999999999999
2026-02-03 08:45:00+00:00,0.08424
2026-02-03 09:00:00+00:00,0.15017
2026-02-03 09:15:00+00:00,0.15103999999999998
2026-02-03 09:30:00+00:00,0.17258
2026-02-03 09:45:00+00:00,0.15374000000000002
2026-02-03 10:00:00+00:00,0.15866
2026-02-03 10:15:00+00:00,0.16071000000000002
2026-02-03 10:30:00+00:00,0.20286
2026-02-03 10:45:00+00:00,0.07468000000000001
2026-02-03 11:00:00+00:00,0.17325
2026-02-03 11:15:00+00:00,0.13498
2026-02-03 11:30:00+00:00,0.07765999999999999
2026-02-03 11:45:00+00:00,0.07225
2026-02-03 12:00:00+00:00,0.13083
2026-02-03 12:15:00+00:00,0.13272
2026-02-03 12:30:00+00:00,0.18772
2026-02-03 12:45:00+00:00,0.14392
2026-02-03 13:00:00+00:00,0.14686000000000002
2026-02-03 13:15:00+00:00,0.17879
2026-02-03 13:30:00+00:00,0.16415000000000002
2026-02-03 13:45:00+00:00,0.17201
2026-02-03 14:00:00+00:00,0.14614
2026-02-03 14:15:00+00:00,0.17025
2026-02-03 14:30:00+00:00,0.08573
2026-02-03 14:45:00+00:00,0.13394
2026-02-03 15:00:00+00:00,0.13216999999999998
2026-02-03 15:15:00+00:00,0.15125
2026-02-03 15:30:00+00:00,0.1581
2026-02-03 15:45:00+00:00,0.011689999999999999
2026-02-03 16:00:00+00:00,0.08448
2026-02-03 16:15:00+00:00,0.12714
2026-02-03 16:30:00+00:00,0.13888999999999999
2026-02-03 16:45:00+00:00,0.18114
2026-02-03 17:00:00+00:00,0.08559
2026-02-03 17:15:00+00:00,0.06289
2026-02-03 17:30:00+00:00,0.09762
2026-02-03 17:45:00+00:00,0.13479
2026-02-03 18:00:00+00:00,0.13684000000000002
2026-02-03 18:15:00+00:00,0.13669
2026-02-03 18:30:00+00:00,0.12699
2026-02-03 18:45:00+00:00,0.11539
2026-02-03 19:00:00+00:00,0.16498
2026-02-03 19:15:00+00:00,0.19903
2026-02-03 19:30:00+00:00,0.15936
2026-02-03 19:45:00+00:00,0.17804
2026-02-03 20:00:00+00:00,0.19272
2026-02-03 20:15:00+00:00,0.17404
2026-02-03 20:30:00+00:00,0.16046000000000002
2026-02-03 20:45:00+00:00,0.13697
2026-02-03 21:00:00+00:00,0.18209
2026-02-03 21:15:00+00:00,0.17058
2026-02-03 21:30:00+00:00,0.1771
2026-02-03 21:45:00+00:00,0.14001
2026-02-03 22:00:00+00:00,0.1551
2026-02-03 22:15:00+00:00,0.14199
2026-02-03 22:30:00+00:00,0.10873999999999999
2026-02-03 22:45:00+00:00,0.09895
2026-02-03 23:00:00+00:00,0.11992
2026-02-03 23:15:00+00:00,0.1032
2026-02-03 23:30:00+00:00,0.11123999999999999
2026-02-03 23:45:00+00:00,0.12364
2026-02-04 00:00:00+00:00,0.12473000000000001
2026-02-04 00:15:00+00:00,0.10665000000000001
2026-02-04 00:30:00+00:00,0.08197
2026-02-04 00:45:00+00:00,0.07073
2026-02-04 01:00:00+00:00,0.09162999999999999
2026-02-04 01:15:00+00:00,0.1
2026-02-04 01:30:00+00:00,0.09720000000000001
2026-02-04 01:45:00+00:00,0.09527
2026-02-04 02:00:00+00:00,0.09323000000000001
2026-02-04 02:15:00+00:00,0.1002
2026-02-04 02:30:00+00:00,0.10518999999999999
2026-02-04 02:45:00+00:00,0.09695000000000001
2026-02-04 03:00:00+00:00,0.11434
2026-02-04 03:15:00+00:00,0.12198
2026-02-04 03:30:00+00:00,0.14295
2026-02-04 03:45:00+00:00,0.12765
2026-02-04 04:00:00+00:00,0.11673
2026-02-04 04:15:00+00:00,0.11613
2026-02-04 04:30:00+00:00,0.12167
2026-02-04 04:45:00+00:00,0.13838
2026-02-04 05:00:00+00:00,0.07817
2026-02-04 05:15:00+00:00,0.10736
2026-02-04 05:30:00+00:00,0.11356000000000001
2026-02-04 05:45:00+00:00,0.13919
2026-02-04 06:00:00+00:00,0.18428999999999998
2026-02-04 06:15:00+00:00,0.1689
2026-02-04 06:30:00+00:00,0.18250999999999998
2026-02-04 06:45:00+00:00,0.18711000000000003
2026-02-04 07:00:00+00:00,0.17890999999999999
2026-02-04 07:15:00+00:00,0.19465000000000002
2026-02-04 07:30:00+00:00,0.18214
2026-02-04 07:45:00+00:00,0.14335
2026-02-04 08:00:00+00:00,0.09095
2026-02-04 08:15:00+00:00,0.13134
2026-02-04 08:30:00+00:00,0.13744
2026-02-04 08:45:00+00:00,0.13252
2026-02-04 09:00:00+00:00,0.17596
2026-02-04 09:15:00+00:00,0.13799
2026-02-04 09:30:00+00:00,0.16759000000000002
2026-02-04 09:45:00+00:00,0.17465
2026-02-04 10:00:00+00:00,0.18045
2026-02-04 10:15:00+00:00,0.17018
2026-02-04 10:30:00+00:00,0.16996
2026-02-04 10:45:00+00:00,0.16999
2026-02-04 11:00:00+00:00,0.17496
2026-02-04 11:15:00+00:00,0.16405
2026-02-04 11:30:00+00:00,0.15943000000000002
2026-02-04 11:45:00+00:00,0.10106
2026-02-04 12:00:00+00:00,0.09004999999999999
2026-02-04 12:15:00+00:00,0.07348
2026-02-04 12:30:00+00:00,0.13436
2026-02-04 12:45:00+00:00,0.13431
2026-02-04 13:00:00+00:00,0.13138999999999998
2026-02-04 13:15:00+00:00,0.14809
2026-02-04 13:30:00+00:00,0.22447999999999999
2026-02-04 13:45:00+00:00,0.20524
2026-02-04 14:00:00+00:00,0.12039
2026-02-04 14:15:00+00:00,0.12481999999999999
2026-02-04 14:30:00+00:00,0.13155
2026-02-04 14:45:00+00:00,0.12534
2026-02-04 15:00:00+00:00,0.07817
2026-02-04 15:15:00+00:00,0.10906
2026-02-04 15:30:00+00:00,0.11964
2026-02-04 15:45:00+00:00,0.16375
2026-02-04 16:00:00+00:00,0.14557
2026-02-04 16:15:00+00:00,0.15602000000000002
2026-02-04 16:30:00+00:00,0.17149
2026-02-04 16:45:00+00:00,0.17034
2026-02-04 17:00:00+00:00,0.18439
2026-02-04 17:15:00+00:00,0.185
2026-02-04 17:30:00+00:00,0.18611000000000003
2026-02-04 17:45:00+00:00,0.19851
2026-02-04 18:00:00+00:00,0.06858
2026-02-04 18:15:00+00:00,0.075
2026-02-04 18:30:00+00:00,0.12545
2026-02-04 18:45:00+00:00,0.13153
2026-02-04 19:00:00+00:00,0.09695000000000001
2026-02-04 19:15:00+00:00,0.10617
2026-02-04 19:30:00+00:00,0.08478
2026-02-04 19:45:00+00:00,0.07279000000000001
2026-02-04 20:00:00+00:00,0.11362
2026-02-04 20:15:00+00:00,0.10075
2026-02-04 20:30:00+00:00,0.08963
2026-02-04 20:45:00+00:00,0.07756
2026-02-04 21:00:00+00:00,0.11281999999999999
2026-02-04 21:15:00+00:00,0.10928
2026-02-04 21:30:00+00:00,0.12107
2026-02-04 21:45:00+00:00,0.09648999999999999
2026-02-04 22:00:00+00:00,0.09128
2026-02-04 22:15:00+00:00,0.10936
2026-02-04 22:30:00+00:00,0.10901999999999999
2026-02-04 22:45:00+00:00,0.08524
2026-02-04 23:00:00+00:00,0.088
2026-02-04 23:15:00+00:00,0.07088
2026-02-04 23:30:00+00:00,0.11315
2026-02-04 23:45:00+00:00,0.12268000000000001
2026-02-05 00:00:00+00:00,0.12613
2026-02-05 00:15:00+00:00,0.11833
2026-02-05 00:30:00+00:00,0.10809
2026-02-05 00:45:00+00:00,0.09642
2026-02-05 01:00:00+00:00,0.09148999999999999
2026-02-05 01:15:00+00:00,0.09594
2026-02-05 01:30:00+00:00,0.116
2026-02-05 01:45:00+00:00,0.1045
2026-02-05 02:00:00+00:00,0.09594
2026-02-05 02:15:00+00:00,0.13059
2026-02-05 02:30:00+00:00,0.1258
2026-02-05 02:45:00+00:00,0.10786
2026-02-05 03:00:00+00:00,0.08857999999999999
2026-02-05 03:15:00+00:00,0.10118
2026-02-05 03:30:00+00:00,0.09698000000000001
2026-02-05 03:45:00+00:00,0.10104
2026-02-05 04:00:00+00:00,0.10581
2026-02-05 04:15:00+00:00,0.13325
2026-02-05 04:30:00+00:00,0.1164
2026-02-05 04:45:00+00:00,0.13157
2026-02-05 05:00:00+00:00,0.05782
2026-02-05 05:15:00+00:00,0.1351
2026-02-05 05:30:00+00:00,0.16423
2026-02-05 05:45:00+00:00,0.17384
2026-02-05 06:00:00+00:00,0.14866
2026-02-05 06:15:00+00:00,0.16851
2026-02-05 06:30:00+00:00,0.17253
2026-02-05 06:45:00+00:00,0.18322999999999998
2026-02-05 07:00:00+00:00,0.18123
2026-02-05 07:15:00+00:00,0.15405000000000002
2026-02-05 07:30:00+00:00,0.17117
2026-02-05 07:45:00+00:00,0.16324
2026-02-05 08:00:00+00:00,0.12088
2026-02-05 08:15:00+00:00,0.11173999999999999
2026-02-05 08:30:00+00:00,0.14884999999999998
2026-02-05 08:45:00+00:00,0.14515999999999998
2026-02-05 09:00:00+00:00,0.09553
2026-02-05 09:15:00+00:00,0.0888
2026-02-05 09:30:00+00:00,0.08812
2026-02-05 09:45:00+00:00,0.10471
2026-02-05 10:00:00+00:00,0.08469
2026-02-05 10:15:00+00:00,0.08011
2026-02-05 10:30:00+00:00,0.08534
2026-02-05 10:45:00+00:00,0.07245
2026-02-05 11:00:00+00:00,0.10636
2026-02-05 11:15:00+00:00,0.12029000000000001
2026-02-05 11:30:00+00:00,0.09645999999999999
2026-02-05 11:45:00+00:00,0.0828
2026-02-05 12:00:00+00:00,0.12625
2026-02-05 12:15:00+00:00,0.08604
2026-02-05 12:30:00+00:00,0.09333
2026-02-05 12:45:00+00:00,0.08131999999999999
2026-02-05 13:00:00+00:00,0.08585
2026-02-05 13:15:00+00:00,0.07443999999999999
2026-02-05 13:30:00+00:00,0.11451
2026-02-05 13:45:00+00:00,0.1258
2026-02-05 14:00:00+00:00,0.12877000000000002
2026-02-05 14:15:00+00:00,0.13407
2026-02-05 14:30:00+00:00,0.12246
2026-02-05 14:45:00+00:00,0.12565
2026-02-05 15:00:00+00:00,0.12475
2026-02-05 15:15:00+00:00,0.17489
2026-02-05 15:30:00+00:00,0.16557
2026-02-05 15:45:00+00:00,0.12772
2026-02-05 16:00:00+00:00,0.12215999999999999
2026-02-05 16:15:00+00:00,0.12617
2026-02-05 16:30:00+00:00,0.17289
2026-02-05 16:45:00+00:00,0.18911
2026-02-05 17:00:00+00:00,0.13829
2026-02-05 17:15:00+00:00,0.1487
2026-02-05 17:30:00+00:00,0.14941
2026-02-05 17:45:00+00:00,0.15446000000000001
2026-02-05 18:00:00+00:00,0.18771000000000002
2026-02-05 18:15:00+00:00,0.1871
2026-02-05 18:30:00+00:00,0.23643
2026-02-05 18:45:00+00:00,0.20128000000000001
2026-02-05 19:00:00+00:00,0.23595
2026-02-05 19:15:00+00:00,0.22435
2026-02-05 19:30:00+00:00,0.21061000000000002
2026-02-05 19:45:00+00:00,0.17926
2026-02-05 20:00:00+00:00,0.15746000000000002
2026-02-05 20:15:00+00:00,0.15922999999999998
2026-02-05 20:30:00+00:00,0.15509
2026-02-05 20:45:00+00:00,0.15696000000000002
2026-02-05 21:00:00+00:00,0.10966
2026-02-05 21:15:00+00:00,0.10326
2026-02-05 21:30:00+00:00,0.1071
2026-02-05 21:45:00+00:00,0.10779000000000001
2026-02-05 22:00:00+00:00,0.11178
2026-02-05 22:15:00+00:00,0.10979000000000001
2026-02-05 22:30:00+00:00,0.1103
2026-02-05 22:45:00+00:00,0.11719
2026-02-05 23:00:00+00:00,0.14664
2026-02-05 23:15:00+00:00,0.15649000000000002
2026-02-05 23:30:00+00:00,0.14445
2026-02-05 23:45:00+00:00,0.13075
2026-02-06 00:00:00+00:00,0.10488
2026-02-06 00:15:00+00:00,0.10259
2026-02-06 00:30:00+00:00,0.1065
2026-02-06 00:45:00+00:00,0.12614
2026-02-06 01:00:00+00:00,0.13144999999999998
2026-02-06 01:15:00+00:00,0.12223
2026-02-06 01:30:00+00:00,0.13108
2026-02-06 01:45:00+00:00,0.09922
2026-02-06 02:00:00+00:00,0.11192
2026-02-06 02:15:00+00:00,0.13829
2026-02-06 02:30:00+00:00,0.15514
2026-02-06 02:45:00+00:00,0.14191
2026-02-06 03:00:00+00:00,0.09504
2026-02-06 03:15:00+00:00,0.09537999999999999
2026-02-06 03:30:00+00:00,0.09270999999999999
2026-02-06 03:45:00+00:00,0.08334
2026-02-06 04:00:00+00:00,0.08428000000000001
2026-02-06 04:15:00+00:00,0.1182
2026-02-06 04:30:00+00:00,0.12658
2026-02-06 04:45:00+00:00,0.13291999999999998
2026-02-06 05:00:00+00:00,0.14959
2026-02-06 05:15:00+00:00,0.15550999999999998
2026-02-06 05:30:00+00:00,0.16008
2026-02-06 05:45:00+00:00,0.14035
2026-02-06 06:00:00+00:00,0.18641
2026-02-06 06:15:00+00:00,0.22479
2026-02-06 06:30:00+00:00,0.1839
2026-02-06 06:45:00+00:00,0.15221
2026-02-06 07:00:00+00:00,0.14322
2026-02-06 07:15:00+00:00,0.15563
2026-02-06 07:30:00+00:00,0.15143
2026-02-06 07:45:00+00:00,0.14711000000000002
2026-02-06 08:00:00+00:00,0.10934999999999999
2026-02-06 08:15:00+00:00,0.12190999999999999
2026-02-06 08:30:00+00:00,0.13795
2026-02-06 08:45:00+00:00,0.16694
2026-02-06 09:00:00+00:00,0.20776
2026-02-06 09:15:00+00:00,0.20448
2026-02-06 09:30:00+00:00,0.2048
2026-02-06 09:45:00+00:00,0.17994
2026-02-06 10:00:00+00:00,0.22284
2026-02-06 10:15:00+00:00,0.24830000000000002
2026-02-06 10:30:00+00:00,0.10698
2026-02-06 10:45:00+00:00,0.10182
2026-02-06 11:00:00+00:00,0.14776
2026-02-06 11:15:00+00:00,0.14323
2026-02-06 11:30:00+00:00,0.11245999999999999
2026-02-06 11:45:00+00:00,0.12014
2026-02-06 12:00:00+00:00,0.13231
2026-02-06 12:15:00+00:00,0.14477
2026-02-06 12:30:00+00:00,0.12708
2026-02-06 12:45:00+00:00,0.10054
2026-02-06 13:00:00+00:00,0.09529
2026-02-06 13:15:00+00:00,0.11666
2026-02-06 13:30:00+00:00,0.12767
2026-02-06 13:45:00+00:00,0.12574
2026-02-06 14:00:00+00:00,0.1191
2026-02-06 14:15:00+00:00,0.11566
2026-02-06 14:30:00+00:00,0.13416999999999998
2026-02-06 14:45:00+00:00,0.12157
2026-02-06 15:00:00+00:00,0.15913
2026-02-06 15:15:00+00:00,0.13244
2026-02-06 15:30:00+00:00,0.15488
2026-02-06 15:45:00+00:00,0.15805000000000002
2026-02-06 16:00:00+00:00,0.15438
2026-02-06 16:15:00+00:00,0.16677
2026-02-06 16:30:00+00:00,0.19094999999999998
2026-02-06 16:45:00+00:00,0.19219999999999998
2026-02-06 17:00:00+00:00,0.18350999999999998
2026-02-06 17:15:00+00:00,0.12905
2026-02-06 17:30:00+00:00,0.19063
2026-02-06 17:45:00+00:00,0.20146
2026-02-06 18:00:00+00:00,0.13172999999999999
2026-02-06 18:15:00+00:00,0.11314
2026-02-06 18:30:00+00:00,0.11137000000000001
2026-02-06 18:45:00+00:00,0.11703
2026-02-06 19:00:00+00:00,0.14815
2026-02-06 19:15:00+00:00,0.10432999999999999
2026-02-06 19:30:00+00:00,0.10943000000000001
2026-02-06 19:45:00+00:00,0.09065000000000001
2026-02-06 20:00:00+00:00,0.18503999999999998
2026-02-06 20:15:00+00:00,0.13034
2026-02-06 20:30:00+00:00,0.11218
2026-02-06 20:45:00+00:00,0.08736
2026-02-06 21:00:00+00:00,0.09212999999999999
2026-02-06 21:15:00+00:00,0.13849
2026-02-06 21:30:00+00:00,0.09559999999999999
2026-02-06 21:45:00+00:00,0.13085
2026-02-06 22:00:00+00:00,0.12273
2026-02-06 22:15:00+00:00,0.11473
2026-02-06 22:30:00+00:00,0.12965000000000002
2026-02-06 22:45:00+00:00,0.09429000000000001
2026-02-06 23:00:00+00:00,0.12297
2026-02-06 23:15:00+00:00,0.08649
2026-02-06 23:30:00+00:00,0.08414
2026-02-06 23:45:00+00:00,0.08189
2026-02-07 00:00:00+00:00,0.09749
2026-02-07 00:15:00+00:00,0.08506999999999999
2026-02-07 00:30:00+00:00,0.10995999999999999
2026-02-07 00:45:00+00:00,0.10590999999999999
2026-02-07 01:00:00+00:00,0.14285
2026-02-07 01:15:00+00:00,0.1381
2026-02-07 01:30:00+00:00,0.13811
2026-02-07 01:45:00+00:00,0.13138999999999998
2026-02-07 02:00:00+00:00,0.08306999999999999
2026-02-07 02:15:00+00:00,0.07091
2026-02-07 02:30:00+00:00,0.07267
2026-02-07 02:45:00+00:00,0.08621
2026-02-07 03:00:00+00:00,0.07442
2026-02-07 03:15:00+00:00,0.07325
2026-02-07 03:30:00+00:00,0.0747
2026-02-07 03:45:00+00:00,0.11431999999999999
2026-02-07 04:00:00+00:00,0.13087000000000001
2026-02-07 04:15:00+00:00,0.09583
2026-02-07 04:30:00+00:00,0.09190000000000001
2026-02-07 04:45:00+00:00,0.07449
2026-02-07 05:00:00+00:00,0.08131000000000001
2026-02-07 05:15:00+00:00,0.07447
2026-02-07 05:30:00+00:00,0.10522
2026-02-07 05:45:00+00:00,0.08204
2026-02-07 06:00:00+00:00,0.07019
2026-02-07 06:15:00+00:00,0.09237000000000001
2026-02-07 06:30:00+00:00,0.08928
2026-02-07 06:45:00+00:00,0.10152
2026-02-07 07:00:00+00:00,0.09334999999999999
2026-02-07 07:15:00+00:00,0.07609
2026-02-07 07:30:00+00:00,0.06708
2026-02-07 07:45:00+00:00,0.0674
2026-02-07 08:00:00+00:00,0.09072
2026-02-07 08:15:00+00:00,0.10552
2026-02-07 08:30:00+00:00,0.06911
2026-02-07 08:45:00+00:00,0.06367
2026-02-07 09:00:00+00:00,0.07726000000000001
2026-02-07 09:15:00+00:00,0.06809
2026-02-07 09:30:00+00:00,0.06812
2026-02-07 09:45:00+00:00,0.1028
2026-02-07 10:00:00+00:00,0.09972
2026-02-07 10:15:00+00:00,0.10253
2026-02-07 10:30:00+00:00,0.1114
2026-02-07 10:45:00+00:00,0.09117
2026-02-07 11:00:00+00:00,0.09898
2026-02-07 11:15:00+00:00,0.11358
2026-02-07 11:30:00+00:00,0.1134
2026-02-07 11:45:00+00:00,0.11907999999999999
2026-02-07 12:00:00+00:00,0.08493
2026-02-07 12:15:00+00:00,0.07512
2026-02-07 12:30:00+00:00,0.08476
2026-02-07 12:45:00+00:00,0.10678
2026-02-07 13:00:00+00:00,0.08164
2026-02-07 13:15:00+00:00,0.09123
2026-02-07 13:30:00+00:00,0.08576
2026-02-07 13:45:00+00:00,0.08706
2026-02-07 14:00:00+00:00,0.06284000000000001
2026-02-07 14:15:00+00:00,0.08932999999999999
2026-02-07 14:30:00+00:00,0.09303
2026-02-07 14:45:00+00:00,0.08782
2026-02-07 15:00:00+00:00,0.07553
2026-02-07 15:15:00+00:00,0.08861
2026-02-07 15:30:00+00:00,0.12804
2026-02-07 15:45:00+00:00,0.13733
2026-02-07 16:00:00+00:00,0.08084000000000001
2026-02-07 16:15:00+00:00,0.09026999999999999
2026-02-07 16:30:00+00:00,0.15339
2026-02-07 16:45:00+00:00,0.15749000000000002
2026-02-07 17:00:00+00:00,0.13362000000000002
2026-02-07 17:15:00+00:00,0.14809
2026-02-07 17:30:00+00:00,0.14076
2026-02-07 17:45:00+00:00,0.14995
2026-02-07 18:00:00+00:00,0.1564
2026-02-07 18:15:00+00:00,0.13931
2026-02-07 18:30:00+00:00,0.09689
2026-02-07 18:45:00+00:00,0.13197
2026-02-07 19:00:00+00:00,0.13516
2026-02-07 19:15:00+00:00,0.13851
2026-02-07 19:30:00+00:00,0.13166
2026-02-07 19:45:00+00:00,0.10633
2026-02-07 20:00:00+00:00,0.12431
2026-02-07 20:15:00+00:00,0.30491
2026-02-07 20:30:00+00:00,0.08756
2026-02-07 20:45:00+00:00,0.08627
2026-02-07 21:00:00+00:00,0.14212
2026-02-07 21:15:00+00:00,0.09948
2026-02-07 21:30:00+00:00,0.09165999999999999
2026-02-07 21:45:00+00:00,0.08805
2026-02-07 22:00:00+00:00,0.10016
2026-02-07 22:15:00+00:00,0.10767
2026-02-07 22:30:00+00:00,0.10241
2026-02-07 22:45:00+00:00,0.06822
2026-02-07 23:00:00+00:00,0.11843000000000001
2026-02-07 23:15:00+00:00,0.10233
2026-02-07 23:30:00+00:00,0.12211
2026-02-07 23:45:00+00:00,0.08206000000000001
2026-02-08 00:00:00+00:00,0.13125
2026-02-08 00:15:00+00:00,0.12793000000000002
2026-02-08 00:30:00+00:00,0.11192
2026-02-08 00:45:00+00:00,0.10038
2026-02-08 01:00:00+00:00,0.08279
2026-02-08 01:15:00+00:00,0.08076
2026-02-08 01:30:00+00:00,0.0768
2026-02-08 01:45:00+00:00,0.10221
2026-02-08 02:00:00+00:00,0.12745
2026-02-08 02:15:00+00:00,0.155
2026-02-08 02:30:00+00:00,0.14309
2026-02-08 02:45:00+00:00,0.13419999999999999
2026-02-08 03:00:00+00:00,0.11152
2026-02-08 03:15:00+00:00,0.11318
2026-02-08 03:30:00+00:00,0.10879000000000001
2026-02-08 03:45:00+00:00,0.10736
2026-02-08 04:00:00+00:00,0.13604
2026-02-08 04:15:00+00:00,0.14285
2026-02-08 04:30:00+00:00,0.15678
2026-02-08 04:45:00+00:00,0.16984
2026-02-08 05:00:00+00:00,0.11621
2026-02-08 05:15:00+00:00,0.09562000000000001
2026-02-08 05:30:00+00:00,0.09678
2026-02-08 05:45:00+00:00,0.09786
2026-02-08 06:00:00+00:00,0.11692
2026-02-08 06:15:00+00:00,0.11499
2026-02-08 06:30:00+00:00,0.12746
2026-02-08 06:45:00+00:00,0.10115
2026-02-08 07:00:00+00:00,0.08348
2026-02-08 07:15:00+00:00,0.06602
2026-02-08 07:30:00+00:00,0.06874
2026-02-08 07:45:00+00:00,0.08109000000000001
2026-02-08 08:00:00+00:00,0.06946
2026-02-08 08:15:00+00:00,0.06818
2026-02-08 08:30:00+00:00,0.07110999999999999
2026-02-08 08:45:00+00:00,0.05702
2026-02-08 09:00:00+00:00,0.11286
2026-02-08 09:15:00+00:00,0.08151
2026-02-08 09:30:00+00:00,0.07864
2026-02-08 09:45:00+00:00,0.06395
2026-02-08 10:00:00+00:00,0.08309
2026-02-08 10:15:00+00:00,0.1379
2026-02-08 10:30:00+00:00,0.1359
2026-02-08 10:45:00+00:00,0.08668000000000001
2026-02-08 11:00:00+00:00,0.07922
2026-02-08 11:15:00+00:00,0.12981
2026-02-08 11:30:00+00:00,0.073
2026-02-08 11:45:00+00:00,0.08651
2026-02-08 12:00:00+00:00,0.08320999999999999
2026-02-08 12:15:00+00:00,0.07285
2026-02-08 12:30:00+00:00,0.08127
2026-02-08 12:45:00+00:00,0.06718
2026-02-08 13:00:00+00:00,0.08995
2026-02-08 13:15:00+00:00,0.0866
2026-02-08 13:30:00+00:00,0.08078
2026-02-08 13:45:00+00:00,0.0868
2026-02-08 14:00:00+00:00,0.05972
2026-02-08 14:15:00+00:00,0.07109
2026-02-08 14:30:00+00:00,0.08957
2026-02-08 14:45:00+00:00,0.11451
2026-02-08 15:00:00+00:00,0.13266
2026-02-08 15:15:00+00:00,0.15475999999999998
2026-02-08 15:30:00+00:00,0.15366
2026-02-08 15:45:00+00:00,0.17231
2026-02-08 16:00:00+00:00,0.09219
2026-02-08 16:15:00+00:00,0.10647
2026-02-08 16:30:00+00:00,0.1431
2026-02-08 16:45:00+00:00,0.19035
2026-02-08 17:00:00+00:00,0.15827000000000002
2026-02-08 17:15:00+00:00,0.16563
2026-02-08 17:30:00+00:00,0.14268
2026-02-08 17:45:00+00:00,0.1321
2026-02-08 18:00:00+00:00,0.11009000000000001
2026-02-08 18:15:00+00:00,0.13161
2026-02-08 18:30:00+00:00,0.08258
2026-02-08 18:45:00+00:00,0.07751999999999999
2026-02-08 19:00:00+00:00,0.09753
2026-02-08 19:15:00+00:00,0.07808
2026-02-08 19:30:00+00:00,0.08845
2026-02-08 19:45:00+00:00,0.07773000000000001
2026-02-08 20:00:00+00:00,0.08568
2026-02-08 20:15:00+00:00,0.06908
2026-02-08 20:30:00+00:00,0.08365
2026-02-08 20:45:00+00:00,0.09026999999999999
2026-02-08 21:00:00+00:00,0.1165
2026-02-08 21:15:00+00:00,0.08857999999999999
2026-02-08 21:30:00+00:00,0.08105
2026-02-08 21:45:00+00:00,0.08145999999999999
2026-02-08 22:00:00+00:00,0.09112999999999999
2026-02-08 22:15:00+00:00,0.09031
2026-02-08 22:30:00+00:00,0.09517
2026-02-08 22:45:00+00:00,0.10908
2026-02-08 23:00:00+00:00,0.11833
2026-02-08 23:15:00+00:00,0.12081
2026-02-08 23:30:00+00:00,0.07251
2026-02-08 23:45:00+00:00,0.10219
2026-02-09 00:00:00+00:00,0.10152
2026-02-09 00:15:00+00:00,0.07637999999999999
2026-02-09 00:30:00+00:00,0.0834
2026-02-09 00:45:00+00:00,0.09601000000000001
2026-02-09 01:00:00+00:00,0.08224
2026-02-09 01:15:00+00:00,0.06543
2026-02-09 01:30:00+00:00,0.066
2026-02-09 01:45:00+00:00,0.07098
2026-02-09 02:00:00+00:00,0.08874
2026-02-09 02:15:00+00:00,0.10092
2026-02-09 02:30:00+00:00,0.10137
2026-02-09 02:45:00+00:00,0.09264
2026-02-09 03:00:00+00:00,0.09573999999999999
2026-02-09 03:15:00+00:00,0.10359
2026-02-09 03:30:00+00:00,0.08043
2026-02-09 03:45:00+00:00,0.10479999999999999
2026-02-09 04:00:00+00:00,0.08954000000000001
2026-02-09 04:15:00+00:00,0.07825
2026-02-09 04:30:00+00:00,0.10969
2026-02-09 04:45:00+00:00,0.13035
2026-02-09 05:00:00+00:00,0.15331999999999998
2026-02-09 05:15:00+00:00,0.1691
2026-02-09 05:30:00+00:00,0.16962
2026-02-09 05:45:00+00:00,0.16752
2026-02-09 06:00:00+00:00,0.17271
2026-02-09 06:15:00+00:00,0.1837
2026-02-09 06:30:00+00:00,0.15785
2026-02-09 06:45:00+00:00,0.20375
2026-02-09 07:00:00+00:00,0.18866
2026-02-09 07:15:00+00:00,0.16677
2026-02-09 07:30:00+00:00,0.18034999999999998
2026-02-09 07:45:00+00:00,0.17026
2026-02-09 08:00:00+00:00,0.10962000000000001
2026-02-09 08:15:00+00:00,0.10086
2026-02-09 08:30:00+00:00,0.10834
2026-02-09 08:45:00+00:00,0.11391
2026-02-09 09:00:00+00:00,0.09986
2026-02-09 09:15:00+00:00,0.08695
2026-02-09 09:30:00+00:00,0.08753
2026-02-09 09:45:00+00:00,0.09605
2026-02-09 10:00:00+00:00,0.11159999999999999
2026-02-09 10:15:00+00:00,0.05694
2026-02-09 10:30:00+00:00,0.10145
2026-02-09 10:45:00+00:00,0.08276
2026-02-09 11:00:00+00:00,0.14605
2026-02-09 11:15:00+00:00,0.14678
2026-02-09 11:30:00+00:00,0.15378
2026-02-09 11:45:00+00:00,0.15803
2026-02-09 12:00:00+00:00,0.17031
2026-02-09 12:15:00+00:00,0.14746
2026-02-09 12:30:00+00:00,0.14173
2026-02-09 12:45:00+00:00,0.16807
2026-02-09 13:00:00+00:00,0.14765
2026-02-09 13:15:00+00:00,0.16782
2026-02-09 13:30:00+00:00,0.24972999999999998
2026-02-09 13:45:00+00:00,0.11247
2026-02-09 14:00:00+00:00,0.10366
2026-02-09 14:15:00+00:00,0.08593
2026-02-09 14:30:00+00:00,0.11034000000000001
2026-02-09 14:45:00+00:00,0.1461
2026-02-09 15:00:00+00:00,0.10776999999999999
2026-02-09 15:15:00+00:00,0.10547
2026-02-09 15:30:00+00:00,0.09612000000000001
2026-02-09 15:45:00+00:00,0.11277
2026-02-09 16:00:00+00:00,0.11895
2026-02-09 16:15:00+00:00,0.14559
2026-02-09 16:30:00+00:00,0.16871
2026-02-09 16:45:00+00:00,0.15472999999999998
2026-02-09 17:00:00+00:00,0.16611
2026-02-09 17:15:00+00:00,0.16783
2026-02-09 17:30:00+00:00,0.17468
2026-02-09 17:45:00+00:00,0.15934
2026-02-09 18:00:00+00:00,0.18681999999999999
2026-02-09 18:15:00+00:00,0.18202000000000002
2026-02-09 18:30:00+00:00,0.19691999999999998
2026-02-09 18:45:00+00:00,0.18652000000000002
2026-02-09 19:00:00+00:00,0.07675
2026-02-09 19:15:00+00:00,0.08245000000000001
2026-02-09 19:30:00+00:00,0.09508
2026-02-09 19:45:00+00:00,0.10083
2026-02-09 20:00:00+00:00,0.12543
2026-02-09 20:15:00+00:00,0.14225
2026-02-09 20:30:00+00:00,0.13885
2026-02-09 20:45:00+00:00,0.08811
2026-02-09 21:00:00+00:00,0.11223999999999999
2026-02-09 21:15:00+00:00,0.12294
2026-02-09 21:30:00+00:00,0.08915000000000001
2026-02-09 21:45:00+00:00,0.08004
2026-02-09 22:00:00+00:00,0.08831
2026-02-09 22:15:00+00:00,0.10252
2026-02-09 22:30:00+00:00,0.0948
2026-02-09 22:45:00+00:00,0.10876000000000001
2026-02-09 23:00:00+00:00,0.14
2026-02-09 23:15:00+00:00,0.13416999999999998
2026-02-09 23:30:00+00:00,0.13338
2026-02-09 23:45:00+00:00,0.13573
2026-02-10 00:00:00+00:00,0.12390999999999999
2026-02-10 00:15:00+00:00,0.11697
2026-02-10 00:30:00+00:00,0.13282
2026-02-10 00:45:00+00:00,0.12585
2026-02-10 01:00:00+00:00,0.11725
2026-02-10 01:15:00+00:00,0.12587
2026-02-10 01:30:00+00:00,0.11672
2026-02-10 01:45:00+00:00,0.11075
2026-02-10 02:00:00+00:00,0.09436
2026-02-10 02:15:00+00:00,0.09459999999999999
2026-02-10 02:30:00+00:00,0.10066
2026-02-10 02:45:00+00:00,0.10321999999999999
2026-02-10 03:00:00+00:00,0.08324
2026-02-10 03:15:00+00:00,0.11636
2026-02-10 03:30:00+00:00,0.10147
2026-02-10 03:45:00+00:00,0.11829
2026-02-10 04:00:00+00:00,0.09787
2026-02-10 04:15:00+00:00,0.08616
2026-02-10 04:30:00+00:00,0.09737
2026-02-10 04:45:00+00:00,0.13038999999999998
2026-02-10 05:00:00+00:00,0.15791999999999998
2026-02-10 05:15:00+00:00,0.15209
2026-02-10 05:30:00+00:00,0.17836000000000002
2026-02-10 05:45:00+00:00,0.16090000000000002
2026-02-10 06:00:00+00:00,0.15850999999999998
2026-02-10 06:15:00+00:00,0.09994
2026-02-10 06:30:00+00:00,0.13374
2026-02-10 06:45:00+00:00,0.11011
2026-02-10 07:00:00+00:00,0.12251999999999999
2026-02-10 07:15:00+00:00,0.12304000000000001
2026-02-10 07:30:00+00:00,0.1313
2026-02-10 07:45:00+00:00,0.09340000000000001
2026-02-10 08:00:00+00:00,0.10862999999999999
2026-02-10 08:15:00+00:00,0.11148999999999999
2026-02-10 08:30:00+00:00,0.11226
2026-02-10 08:45:00+00:00,0.09297
2026-02-10 09:00:00+00:00,0.08798
2026-02-10 09:15:00+00:00,0.07055
2026-02-10 09:30:00+00:00,0.06122
2026-02-10 09:45:00+00:00,0.06041
2026-02-10 10:00:00+00:00,0.09028
2026-02-10 10:15:00+00:00,0.07711
2026-02-10 10:30:00+00:00,0.0735
2026-02-10 10:45:00+00:00,0.06197
2026-02-10 11:00:00+00:00,0.11398
2026-02-10 11:15:00+00:00,0.11458
2026-02-10 11:30:00+00:00,0.07009
2026-02-10 11:45:00+00:00,0.05942
2026-02-10 12:00:00+00:00,0.10622
2026-02-10 12:15:00+00:00,0.09949
2026-02-10 12:30:00+00:00,0.09865
2026-02-10 12:45:00+00:00,0.08025
2026-02-10 13:00:00+00:00,0.07977
2026-02-10 13:15:00+00:00,0.07959999999999999
2026-02-10 13:30:00+00:00,0.10026
2026-02-10 13:45:00+00:00,0.09409999999999999
2026-02-10 14:00:00+00:00,0.07438
2026-02-10 14:15:00+00:00,0.10587
2026-02-10 14:30:00+00:00,0.14302
2026-02-10 14:45:00+00:00,0.15456999999999999
2026-02-10 15:00:00+00:00,0.17386000000000001
2026-02-10 15:15:00+00:00,0.09314
2026-02-10 15:30:00+00:00,0.13662
2026-02-10 15:45:00+00:00,0.12978
2026-02-10 16:00:00+00:00,0.10407
2026-02-10 16:15:00+00:00,0.1138
2026-02-10 16:30:00+00:00,0.11646
2026-02-10 16:45:00+00:00,0.11553000000000001
2026-02-10 17:00:00+00:00,0.09995
2026-02-10 17:15:00+00:00,0.09695999999999999
2026-02-10 17:30:00+00:00,0.13090000000000002
2026-02-10 17:45:00+00:00,0.13315000000000002
2026-02-10 18:00:00+00:00,0.1775
2026-02-10 18:15:00+00:00,0.17046
2026-02-10 18:30:00+00:00,0.18239
2026-02-10 18:45:00+00:00,0.18741
2026-02-10 19:00:00+00:00,0.15886
2026-02-10 19:15:00+00:00,0.09759000000000001
2026-02-10 19:30:00+00:00,0.12057999999999999
2026-02-10 19:45:00+00:00,0.12465000000000001
2026-02-10 20:00:00+00:00,0.14363
2026-02-10 20:15:00+00:00,0.15778999999999999
2026-02-10 20:30:00+00:00,0.16847
2026-02-10 20:45:00+00:00,0.09047
2026-02-10 21:00:00+00:00,0.10955
2026-02-10 21:15:00+00:00,0.09002
2026-02-10 21:30:00+00:00,0.0785
2026-02-10 21:45:00+00:00,0.07509
2026-02-10 22:00:00+00:00,0.07459
2026-02-10 22:15:00+00:00,0.08
2026-02-10 22:30:00+00:00,0.07648999999999999
2026-02-10 22:45:00+00:00,0.07212
2026-02-10 23:00:00+00:00,0.09967000000000001
2026-02-10 23:15:00+00:00,0.08821999999999999
2026-02-10 23:30:00+00:00,0.07615000000000001
2026-02-10 23:45:00+00:00,0.08483
2026-02-11 00:00:00+00:00,0.09847
2026-02-11 00:15:00+00:00,0.09747
2026-02-11 00:30:00+00:00,0.08934
2026-02-11 00:45:00+00:00,0.08929000000000001
2026-02-11 01:00:00+00:00,0.10264
2026-02-11 01:15:00+00:00,0.12211
2026-02-11 01:30:00+00:00,0.10238
2026-02-11 01:45:00+00:00,0.08467
2026-02-11 02:00:00+00:00,0.06824
2026-02-11 02:15:00+00:00,0.06071
2026-02-11 02:30:00+00:00,0.09119
2026-02-11 02:45:00+00:00,0.08721999999999999
2026-02-11 03:00:00+00:00,0.09793
2026-02-11 03:15:00+00:00,0.09945
2026-02-11 03:30:00+00:00,0.1028
2026-02-11 03:45:00+00:00,0.10431
2026-02-11 04:00:00+00:00,0.0825
2026-02-11 04:15:00+00:00,0.09151999999999999
2026-02-11 04:30:00+00:00,0.12557
2026-02-11 04:45:00+00:00,0.10920999999999999
2026-02-11 05:00:00+00:00,0.09462999999999999
2026-02-11 05:15:00+00:00,0.11395000000000001
2026-02-11 05:30:00+00:00,0.11802
2026-02-11 05:45:00+00:00,0.15189
2026-02-11 06:00:00+00:00,0.13391
2026-02-11 06:15:00+00:00,0.1621
2026-02-11 06:30:00+00:00,0.14048
2026-02-11 06:45:00+00:00,0.14023
2026-02-11 07:00:00+00:00,0.14824
2026-02-11 07:15:00+00:00,0.14233
2026-02-11 07:30:00+00:00,0.11854
2026-02-11 07:45:00+00:00,0.11314
2026-02-11 08:00:00+00:00,0.11961
2026-02-11 08:15:00+00:00,0.11734
2026-02-11 08:30:00+00:00,0.09333
2026-02-11 08:45:00+00:00,0.10817
2026-02-11 09:00:00+00:00,0.09353
2026-02-11 09:15:00+00:00,0.10343000000000001
2026-02-11 09:30:00+00:00,0.08417
2026-02-11 09:45:00+00:00,0.10723
2026-02-11 10:00:00+00:00,0.13571
2026-02-11 10:15:00+00:00,0.21030000000000001
2026-02-11 10:30:00+00:00,0.14095
2026-02-11 10:45:00+00:00,0.08055
2026-02-11 11:00:00+00:00,0.08103
2026-02-11 11:15:00+00:00,0.09506
2026-02-11 11:30:00+00:00,0.10687999999999999
2026-02-11 11:45:00+00:00,0.15206
2026-02-11 12:00:00+00:00,0.13166
2026-02-11 12:15:00+00:00,0.1259
2026-02-11 12:30:00+00:00,0.10034
2026-02-11 12:45:00+00:00,0.09036
2026-02-11 13:00:00+00:00,0.13616
2026-02-11 13:15:00+00:00,0.13713
2026-02-11 13:30:00+00:00,0.12001
2026-02-11 13:45:00+00:00,0.16821
2026-02-11 14:00:00+00:00,0.08155
2026-02-11 14:15:00+00:00,0.08993999999999999
2026-02-11 14:30:00+00:00,0.10886
2026-02-11 14:45:00+00:00,0.11731
2026-02-11 15:00:00+00:00,0.12085
2026-02-11 15:15:00+00:00,0.12715
2026-02-11 15:30:00+00:00,0.15309999999999999
2026-02-11 15:45:00+00:00,0.15078
2026-02-11 16:00:00+00:00,0.16829
2026-02-11 16:15:00+00:00,0.09228
2026-02-11 16:30:00+00:00,0.1484
2026-02-11 16:45:00+00:00,0.12367
2026-02-11 17:00:00+00:00,0.13535
2026-02-11 17:15:00+00:00,0.13541
2026-02-11 17:30:00+00:00,0.15452000000000002
2026-02-11 17:45:00+00:00,0.08461
2026-02-11 18:00:00+00:00,0.08847
2026-02-11 18:15:00+00:00,0.13238
2026-02-11 18:30:00+00:00,0.11476
2026-02-11 18:45:00+00:00,0.12172
2026-02-11 19:00:00+00:00,0.13729
2026-02-11 19:15:00+00:00,0.11504
2026-02-11 19:30:00+00:00,0.09920999999999999
2026-02-11 19:45:00+00:00,0.09723000000000001
2026-02-11 20:00:00+00:00,0.17236
2026-02-11 20:15:00+00:00,0.16721
2026-02-11 20:30:00+00:00,0.10687
2026-02-11 20:45:00+00:00,0.08439
2026-02-11 21:00:00+00:00,0.14046
2026-02-11 21:15:00+00:00,0.08312
2026-02-11 21:30:00+00:00,0.09376000000000001
2026-02-11 21:45:00+00:00,0.11129
2026-02-11 22:00:00+00:00,0.11546
2026-02-11 22:15:00+00:00,0.12442
2026-02-11 22:30:00+00:00,0.16509000000000001
2026-02-11 22:45:00+00:00,0.07776000000000001
2026-02-11 23:00:00+00:00,0.09098
2026-02-11 23:15:00+00:00,0.08977
2026-02-11 23:30:00+00:00,0.1123
2026-02-11 23:45:00+00:00,0.08093
2026-02-12 00:00:00+00:00,0.07488
2026-02-12 00:15:00+00:00,0.11031999999999999
2026-02-12 00:30:00+00:00,0.08061
2026-02-12 00:45:00+00:00,0.07048
2026-02-12 01:00:00+00:00,0.06953
2026-02-12 01:15:00+00:00,0.08809
2026-02-12 01:30:00+00:00,0.10748999999999999
2026-02-12 01:45:00+00:00,0.10206
2026-02-12 02:00:00+00:00,0.0915
2026-02-12 02:15:00+00:00,0.06112
2026-02-12 02:30:00+00:00,0.08675
2026-02-12 02:45:00+00:00,0.08027
2026-02-12 03:00:00+00:00,0.07207
2026-02-12 03:15:00+00:00,0.06439
2026-02-12 03:30:00+00:00,0.09209
2026-02-12 03:45:00+00:00,0.07709
2026-02-12 04:00:00+00:00,0.10369
2026-02-12 04:15:00+00:00,0.10321999999999999
2026-02-12 04:30:00+00:00,0.10858
2026-02-12 04:45:00+00:00,0.11402
2026-02-12 05:00:00+00:00,0.12667
2026-02-12 05:15:00+00:00,0.0886
2026-02-12 05:30:00+00:00,0.07941
2026-02-12 05:45:00+00:00,0.13144999999999998
2026-02-12 06:00:00+00:00,0.07464
2026-02-12 06:15:00+00:00,0.10073
2026-02-12 06:30:00+00:00,0.07798999999999999
2026-02-12 06:45:00+00:00,0.08385
2026-02-12 07:00:00+00:00,0.11205
2026-02-12 07:15:00+00:00,0.11744
2026-02-12 07:30:00+00:00,0.09991
2026-02-12 07:45:00+00:00,0.07683
2026-02-12 08:00:00+00:00,0.08736
2026-02-12 08:15:00+00:00,0.06667000000000001
2026-02-12 08:30:00+00:00,0.0533
2026-02-12 08:45:00+00:00,0.054259999999999996
2026-02-12 09:00:00+00:00,0.09723000000000001
2026-02-12 09:15:00+00:00,0.08918999999999999
2026-02-12 09:30:00+00:00,0.10784
2026-02-12 09:45:00+00:00,0.07526000000000001
2026-02-12 10:00:00+00:00,0.1113
2026-02-12 10:15:00+00:00,0.10479999999999999
2026-02-12 10:30:00+00:00,0.1142
2026-02-12 10:45:00+00:00,0.10339
2026-02-12 11:00:00+00:00,0.07295
2026-02-12 11:15:00+00:00,0.06909
2026-02-12 11:30:00+00:00,0.056240000000000005
2026-02-12 11:45:00+00:00,0.056229999999999995
2026-02-12 12:00:00+00:00,0.09194
2026-02-12 12:15:00+00:00,0.10016
2026-02-12 12:30:00+00:00,0.10862999999999999
2026-02-12 12:45:00+00:00,0.10374
2026-02-12 13:00:00+00:00,0.07189
2026-02-12 13:15:00+00:00,0.07079
2026-02-12 13:30:00+00:00,0.07642
2026-02-12 13:45:00+00:00,0.0664
2026-02-12 14:00:00+00:00,0.08061
2026-02-12 14:15:00+00:00,0.09641
2026-02-12 14:30:00+00:00,0.07962999999999999
2026-02-12 14:45:00+00:00,0.07362
2026-02-12 15:00:00+00:00,0.07163
2026-02-12 15:15:00+00:00,0.06609000000000001
2026-02-12 15:30:00+00:00,0.06061
2026-02-12 15:45:00+00:00,0.0665
2026-02-12 16:00:00+00:00,0.08825
2026-02-12 16:15:00+00:00,0.07608
2026-02-12 16:30:00+00:00,0.09412000000000001
2026-02-12 16:45:00+00:00,0.11838
2026-02-12 17:00:00+00:00,0.14213
2026-02-12 17:15:00+00:00,0.15452000000000002
2026-02-12 17:30:00+00:00,0.11736
2026-02-12 17:45:00+00:00,0.11116
2026-02-12 18:00:00+00:00,0.10665000000000001
2026-02-12 18:15:00+00:00,0.08947
2026-02-12 18:30:00+00:00,0.09398999999999999
2026-02-12 18:45:00+00:00,0.05906
2026-02-12 19:00:00+00:00,0.07211
2026-02-12 19:15:00+00:00,0.07829000000000001
2026-02-12 19:30:00+00:00,0.08295999999999999
2026-02-12 19:45:00+00:00,0.07916
2026-02-12 20:00:00+00:00,0.10208
2026-02-12 20:15:00+00:00,0.06044
2026-02-12 20:30:00+00:00,0.08345999999999999
2026-02-12 20:45:00+00:00,0.05008
2026-02-12 21:00:00+00:00,0.09986
2026-02-12 21:15:00+00:00,0.10001
2026-02-12 21:30:00+00:00,0.11683
2026-02-12 21:45:00+00:00,0.10861
2026-02-12 22:00:00+00:00,0.10558
2026-02-12 22:15:00+00:00,0.09326000000000001
2026-02-12 22:30:00+00:00,0.08986
2026-02-12 22:45:00+00:00,0.10203
2026-02-12 23:00:00+00:00,0.08295
2026-02-12 23:15:00+00:00,0.10276
2026-02-12 23:30:00+00:00,0.1092
2026-02-12 23:45:00+00:00,0.11288
2026-02-13 00:00:00+00:00,0.07887000000000001
2026-02-13 00:15:00+00:00,0.08658
2026-02-13 00:30:00+00:00,0.08137
2026-02-13 00:45:00+00:00,0.060399999999999995
2026-02-13 01:00:00+00:00,0.06579
2026-02-13 01:15:00+00:00,0.06816
2026-02-13 01:30:00+00:00,0.07793000000000001
2026-02-13 01:45:00+00:00,0.07722
2026-02-13 02:00:00+00:00,0.07706
2026-02-13 02:15:00+00:00,0.08047
2026-02-13 02:30:00+00:00,0.07177
2026-02-13 02:45:00+00:00,0.06035
2026-02-13 03:00:00+00:00,0.06344
2026-02-13 03:15:00+00:00,0.07481
2026-02-13 03:30:00+00:00,0.07249
2026-02-13 03:45:00+00:00,0.08925
2026-02-13 04:00:00+00:00,0.10295
2026-02-13 04:15:00+00:00,0.10919
2026-02-13 04:30:00+00:00,0.11411
2026-02-13 04:45:00+00:00,0.11791
2026-02-13 05:00:00+00:00,0.11142
2026-02-13 05:15:00+00:00,0.07054
2026-02-13 05:30:00+00:00,0.0745
2026-02-13 05:45:00+00:00,0.1046
2026-02-13 06:00:00+00:00,0.11452
2026-02-13 06:15:00+00:00,0.13654
2026-02-13 06:30:00+00:00,0.14201
2026-02-13 06:45:00+00:00,0.12422
2026-02-13 07:00:00+00:00,0.15930000000000002
2026-02-13 07:15:00+00:00,0.18258000000000002
2026-02-13 07:30:00+00:00,0.16108
2026-02-13 07:45:00+00:00,0.10086
2026-02-13 08:00:00+00:00,0.13216999999999998
2026-02-13 08:15:00+00:00,0.13188999999999998
2026-02-13 08:30:00+00:00,0.093
2026-02-13 08:45:00+00:00,0.06506999999999999
2026-02-13 09:00:00+00:00,0.09051000000000001
2026-02-13 09:15:00+00:00,0.10495
2026-02-13 09:30:00+00:00,0.09615
2026-02-13 09:45:00+00:00,0.09101000000000001
2026-02-13 10:00:00+00:00,0.07492
2026-02-13 10:15:00+00:00,0.11495
2026-02-13 10:30:00+00:00,0.10604999999999999
2026-02-13 10:45:00+00:00,0.09784999999999999
2026-02-13 11:00:00+00:00,0.11281999999999999
2026-02-13 11:15:00+00:00,0.10956
2026-02-13 11:30:00+00:00,0.10956
2026-02-13 11:45:00+00:00,0.11916
2026-02-13 12:00:00+00:00,0.11855
2026-02-13 12:15:00+00:00,0.12527
2026-02-13 12:30:00+00:00,0.11495999999999999
2026-02-13 12:45:00+00:00,0.12137
2026-02-13 13:00:00+00:00,0.16875
2026-02-13 13:15:00+00:00,0.14435
2026-02-13 13:30:00+00:00,0.13876
2026-02-13 13:45:00+00:00,0.16959
2026-02-13 14:00:00+00:00,0.13063
2026-02-13 14:15:00+00:00,0.09617
2026-02-13 14:30:00+00:00,0.1156
2026-02-13 14:45:00+00:00,0.11909
2026-02-13 15:00:00+00:00,0.08774
2026-02-13 15:15:00+00:00,0.08721
2026-02-13 15:30:00+00:00,0.08397
2026-02-13 15:45:00+00:00,0.06342
2026-02-13 16:00:00+00:00,0.06992
2026-02-13 16:15:00+00:00,0.07199
2026-02-13 16:30:00+00:00,0.08889
2026-02-13 16:45:00+00:00,0.08493
2026-02-13 17:00:00+00:00,0.08129
2026-02-13 17:15:00+00:00,0.09133
2026-02-13 17:30:00+00:00,0.09042
2026-02-13 17:45:00+00:00,0.08105
2026-02-13 18:00:00+00:00,0.10762000000000001
2026-02-13 18:15:00+00:00,0.10715000000000001
2026-02-13 18:30:00+00:00,0.12994
2026-02-13 18:45:00+00:00,0.12824000000000002
2026-02-13 19:00:00+00:00,0.12085
2026-02-13 19:15:00+00:00,0.08029
2026-02-13 19:30:00+00:00,0.08787
2026-02-13 19:45:00+00:00,0.07387
2026-02-13 20:00:00+00:00,0.08204
2026-02-13 20:15:00+00:00,0.1146
2026-02-13 20:30:00+00:00,0.11144
2026-02-13 20:45:00+00:00,0.08796
2026-02-13 21:00:00+00:00,0.12312999999999999
2026-02-13 21:15:00+00:00,0.11645
2026-02-13 21:30:00+00:00,0.08398
2026-02-13 21:45:00+00:00,0.0844
2026-02-13 22:00:00+00:00,0.10515000000000001
2026-02-13 22:15:00+00:00,0.10589
2026-02-13 22:30:00+00:00,0.10893000000000001
2026-02-13 22:45:00+00:00,0.11037999999999999
2026-02-13 23:00:00+00:00,0.12786
2026-02-13 23:15:00+00:00,0.12567
2026-02-13 23:30:00+00:00,0.13311
2026-02-13 23:45:00+00:00,0.10338
2026-02-14 00:00:00+00:00,0.11347
2026-02-14 00:15:00+00:00,0.08948
2026-02-14 00:30:00+00:00,0.07585
2026-02-14 00:45:00+00:00,0.07484
2026-02-14 01:00:00+00:00,0.06912
2026-02-14 01:15:00+00:00,0.06909
2026-02-14 01:30:00+00:00,0.06935
2026-02-14 01:45:00+00:00,0.0932
2026-02-14 02:00:00+00:00,0.10504000000000001
2026-02-14 02:15:00+00:00,0.11338
2026-02-14 02:30:00+00:00,0.08893000000000001
2026-02-14 02:45:00+00:00,0.07621
2026-02-14 03:00:00+00:00,0.06453
2026-02-14 03:15:00+00:00,0.07175
2026-02-14 03:30:00+00:00,0.07490000000000001
2026-02-14 03:45:00+00:00,0.11634
2026-02-14 04:00:00+00:00,0.10807
2026-02-14 04:15:00+00:00,0.07456
2026-02-14 04:30:00+00:00,0.07493999999999999
2026-02-14 04:45:00+00:00,0.08298
2026-02-14 05:00:00+00:00,0.07525
2026-02-14 05:15:00+00:00,0.09537999999999999
2026-02-14 05:30:00+00:00,0.08572
2026-02-14 05:45:00+00:00,0.10081
2026-02-14 06:00:00+00:00,0.09171
2026-02-14 06:15:00+00:00,0.08392000000000001
2026-02-14 06:30:00+00:00,0.08162
2026-02-14 06:45:00+00:00,0.07562999999999999
2026-02-14 07:00:00+00:00,0.11662
2026-02-14 07:15:00+00:00,0.10759
2026-02-14 07:30:00+00:00,0.10737999999999999
2026-02-14 07:45:00+00:00,0.13734
2026-02-14 08:00:00+00:00,0.1316
2026-02-14 08:15:00+00:00,0.14991
2026-02-14 08:30:00+00:00,0.14475
2026-02-14 08:45:00+00:00,0.16316
2026-02-14 09:00:00+00:00,0.1605
2026-02-14 09:15:00+00:00,0.15719999999999998
2026-02-14 09:30:00+00:00,0.14146
2026-02-14 09:45:00+00:00,0.12759
2026-02-14 10:00:00+00:00,0.09009
2026-02-14 10:15:00+00:00,0.10073
2026-02-14 10:30:00+00:00,0.13078
2026-02-14 10:45:00+00:00,0.13163
2026-02-14 11:00:00+00:00,0.15655000000000002
2026-02-14 11:15:00+00:00,0.15205000000000002
2026-02-14 11:30:00+00:00,0.14665999999999998
2026-02-14 11:45:00+00:00,0.15705000000000002
2026-02-14 12:00:00+00:00,0.14065
2026-02-14 12:15:00+00:00,0.11474
2026-02-14 12:30:00+00:00,0.13761
2026-02-14 12:45:00+00:00,0.14542
2026-02-14 13:00:00+00:00,0.15025
2026-02-14 13:15:00+00:00,0.14774
2026-02-14 13:30:00+00:00,0.14009
2026-02-14 13:45:00+00:00,0.15585
2026-02-14 14:00:00+00:00,0.18037
2026-02-14 14:15:00+00:00,0.1719
2026-02-14 14:30:00+00:00,0.1701
2026-02-14 14:45:00+00:00,0.17265
2026-02-14 15:00:00+00:00,0.13926
2026-02-14 15:15:00+00:00,0.13409000000000001
2026-02-14 15:30:00+00:00,0.11902
2026-02-14 15:45:00+00:00,0.118
2026-02-14 16:00:00+00:00,0.09854
2026-02-14 16:15:00+00:00,0.10805
2026-02-14 16:30:00+00:00,0.12115000000000001
2026-02-14 16:45:00+00:00,0.15275
2026-02-14 17:00:00+00:00,0.16154
2026-02-14 17:15:00+00:00,0.1021
2026-02-14 17:30:00+00:00,0.09770000000000001
2026-02-14 17:45:00+00:00,0.09799
2026-02-14 18:00:00+00:00,0.112
2026-02-14 18:15:00+00:00,0.13251
2026-02-14 18:30:00+00:00,0.12937
2026-02-14 18:45:00+00:00,0.11643
2026-02-14 19:00:00+00:00,0.14709
2026-02-14 19:15:00+00:00,0.12136
2026-02-14 19:30:00+00:00,0.13127
2026-02-14 19:45:00+00:00,0.12538
2026-02-14 20:00:00+00:00,0.13928000000000001
2026-02-14 20:15:00+00:00,0.13249
2026-02-14 20:30:00+00:00,0.13596
2026-02-14 20:45:00+00:00,0.09909
2026-02-14 21:00:00+00:00,0.09248999999999999
2026-02-14 21:15:00+00:00,0.11193
2026-02-14 21:30:00+00:00,0.11748
2026-02-14 21:45:00+00:00,0.09976
2026-02-14 22:00:00+00:00,0.14639
2026-02-14 22:15:00+00:00,0.14129
2026-02-14 22:30:00+00:00,0.12528
2026-02-14 22:45:00+00:00,0.11604
2026-02-14 23:00:00+00:00,0.10073
2026-02-14 23:15:00+00:00,0.12121
2026-02-14 23:30:00+00:00,0.13882
2026-02-14 23:45:00+00:00,0.11458
2026-02-15 00:00:00+00:00,0.1254
2026-02-15 00:15:00+00:00,0.12219
2026-02-15 00:30:00+00:00,0.11561
2026-02-15 00:45:00+00:00,0.08861
2026-02-15 01:00:00+00:00,0.09658
2026-02-15 01:15:00+00:00,0.08726
2026-02-15 01:30:00+00:00,0.08951
2026-02-15 01:45:00+00:00,0.10183
2026-02-15 02:00:00+00:00,0.11259000000000001
2026-02-15 02:15:00+00:00,0.12827000000000002
2026-02-15 02:30:00+00:00,0.13221
2026-02-15 02:45:00+00:00,0.12229999999999999
2026-02-15 03:00:00+00:00,0.14281
2026-02-15 03:15:00+00:00,0.0973
2026-02-15 03:30:00+00:00,0.13172999999999999
2026-02-15 03:45:00+00:00,0.10936
2026-02-15 04:00:00+00:00,0.08842
2026-02-15 04:15:00+00:00,0.09303
2026-02-15 04:30:00+00:00,0.08803
2026-02-15 04:45:00+00:00,0.08629
2026-02-15 05:00:00+00:00,0.10565000000000001
2026-02-15 05:15:00+00:00,0.12484999999999999
2026-02-15 05:30:00+00:00,0.12401999999999999
2026-02-15 05:45:00+00:00,0.10403
2026-02-15 06:00:00+00:00,0.07707
2026-02-15 06:15:00+00:00,0.07781
2026-02-15 06:30:00+00:00,0.08417
2026-02-15 06:45:00+00:00,0.1124
2026-02-15 07:00:00+00:00,0.14315
2026-02-15 07:15:00+00:00,0.1742
2026-02-15 07:30:00+00:00,0.15602000000000002
2026-02-15 07:45:00+00:00,0.07984999999999999
2026-02-15 08:00:00+00:00,0.07299
2026-02-15 08:15:00+00:00,0.059770000000000004
2026-02-15 08:30:00+00:00,0.10346
2026-02-15 08:45:00+00:00,0.09153
2026-02-15 09:00:00+00:00,0.06774
2026-02-15 09:15:00+00:00,0.12154000000000001
2026-02-15 09:30:00+00:00,0.12498000000000001
2026-02-15 09:45:00+00:00,0.07242
2026-02-15 10:00:00+00:00,0.06695000000000001
2026-02-15 10:15:00+00:00,0.07162
2026-02-15 10:30:00+00:00,0.14017
2026-02-15 10:45:00+00:00,0.040780000000000004
2026-02-15 11:00:00+00:00,0.039799999999999995
2026-02-15 11:15:00+00:00,0.03625
2026-02-15 11:30:00+00:00,0.0058200000000000005
2026-02-15 11:45:00+00:00,0.01489
2026-02-15 12:00:00+00:00,0.01287
2026-02-15 12:15:00+00:00,-0.0054
2026-02-15 12:30:00+00:00,-0.00878
2026-02-15 12:45:00+00:00,-0.01236
2026-02-15 13:00:00+00:00,-0.01168
2026-02-15 13:15:00+00:00,-0.00705
2026-02-15 13:30:00+00:00,0.02388
2026-02-15 13:45:00+00:00,-0.038119999999999994
2026-02-15 14:00:00+00:00,-0.03423
2026-02-15 14:15:00+00:00,0.09616
2026-02-15 14:30:00+00:00,-0.02377
2026-02-15 14:45:00+00:00,0.054799999999999995
2026-02-15 15:00:00+00:00,0.00020999999999999998
2026-02-15 15:15:00+00:00,0.1303
2026-02-15 15:30:00+00:00,0.1187
2026-02-15 15:45:00+00:00,0.12483
2026-02-15 16:00:00+00:00,-0.03678
2026-02-15 16:15:00+00:00,-0.02287
2026-02-15 16:30:00+00:00,0.018
2026-02-15 16:45:00+00:00,0.06365
2026-02-15 17:00:00+00:00,0.06191
2026-02-15 17:15:00+00:00,0.046369999999999995
2026-02-15 17:30:00+00:00,0.03885
2026-02-15 17:45:00+00:00,0.08034999999999999
2026-02-15 18:00:00+00:00,0.09498000000000001
2026-02-15 18:15:00+00:00,0.1155
2026-02-15 18:30:00+00:00,0.1482
2026-02-15 18:45:00+00:00,0.10362
2026-02-15 19:00:00+00:00,0.06327
2026-02-15 19:15:00+00:00,0.03538
2026-02-15 19:30:00+00:00,0.04028
2026-02-15 19:45:00+00:00,0.0538
2026-02-15 20:00:00+00:00,0.06164
2026-02-15 20:15:00+00:00,0.09648000000000001
2026-02-15 20:30:00+00:00,0.10662999999999999
2026-02-15 20:45:00+00:00,0.10153
2026-02-15 21:00:00+00:00,0.12204000000000001
2026-02-15 21:15:00+00:00,0.1345
2026-02-15 21:30:00+00:00,0.13468
2026-02-15 21:45:00+00:00,0.11459
2026-02-15 22:00:00+00:00,0.13181
2026-02-15 22:15:00+00:00,0.12651
2026-02-15 22:30:00+00:00,0.10044
2026-02-15 22:45:00+00:00,0.08623
2026-02-15 23:00:00+00:00,0.08789
2026-02-15 23:15:00+00:00,0.09108
2026-02-15 23:30:00+00:00,0.04969
2026-02-15 23:45:00+00:00,0.041960000000000004
2026-02-16 00:00:00+00:00,0.10144
2026-02-16 00:15:00+00:00,0.08136
2026-02-16 00:30:00+00:00,0.09364
2026-02-16 00:45:00+00:00,0.09466
2026-02-16 01:00:00+00:00,0.10687
2026-02-16 01:15:00+00:00,0.10984999999999999
2026-02-16 01:30:00+00:00,0.10196
2026-02-16 01:45:00+00:00,0.05792
2026-02-16 02:00:00+00:00,0.08613
2026-02-16 02:15:00+00:00,0.03964
2026-02-16 02:30:00+00:00,0.05724
2026-02-16 02:45:00+00:00,0.044270000000000004
2026-02-16 03:00:00+00:00,0.06279
2026-02-16 03:15:00+00:00,0.05246
2026-02-16 03:30:00+00:00,0.10086
2026-02-16 03:45:00+00:00,0.09575
2026-02-16 04:00:00+00:00,0.09189
2026-02-16 04:15:00+00:00,0.10171
2026-02-16 04:30:00+00:00,-0.037880000000000004
2026-02-16 04:45:00+00:00,-0.01061
2026-02-16 05:00:00+00:00,0.01843
2026-02-16 05:15:00+00:00,0.07542
2026-02-16 05:30:00+00:00,0.06709999999999999
2026-02-16 05:45:00+00:00,0.08664
2026-02-16 06:00:00+00:00,0.028140000000000002
2026-02-16 06:15:00+00:00,0.04949
2026-02-16 06:30:00+00:00,0.04009
2026-02-16 06:45:00+00:00,0.019899999999999998
2026-02-16 07:00:00+00:00,0.06702
2026-02-16 07:15:00+00:00,0.09068000000000001
2026-02-16 07:30:00+00:00,0.08849
2026-02-16 07:45:00+00:00,0.0808
2026-02-16 08:00:00+00:00,0.1155
2026-02-16 08:15:00+00:00,0.13924
2026-02-16 08:30:00+00:00,0.12016
2026-02-16 08:45:00+00:00,0.12365999999999999
2026-02-16 09:00:00+00:00,0.11864
2026-02-16 09:15:00+00:00,0.09231
2026-02-16 09:30:00+00:00,0.10389
2026-02-16 09:45:00+00:00,0.10429000000000001
2026-02-16 10:00:00+00:00,0.12254000000000001
2026-02-16 10:15:00+00:00,0.06275
2026-02-16 10:30:00+00:00,0.12301000000000001
2026-02-16 10:45:00+00:00,0.1197
2026-02-16 11:00:00+00:00,0.12694
2026-02-16 11:15:00+00:00,0.16993
2026-02-16 11:30:00+00:00,0.13286
2026-02-16 11:45:00+00:00,0.12063
2026-02-16 12:00:00+00:00,0.07854000000000001
2026-02-16 12:15:00+00:00,0.047490000000000004
2026-02-16 12:30:00+00:00,0.07606
2026-02-16 12:45:00+00:00,0.06924
2026-02-16 13:00:00+00:00,0.09905
2026-02-16 13:15:00+00:00,0.11863
2026-02-16 13:30:00+00:00,0.15786
2026-02-16 13:45:00+00:00,0.17103
2026-02-16 14:00:00+00:00,0.06078
2026-02-16 14:15:00+00:00,0.060020000000000004
2026-02-16 14:30:00+00:00,0.08092
2026-02-16 14:45:00+00:00,0.10537
2026-02-16 15:00:00+00:00,0.08205
2026-02-16 15:15:00+00:00,0.13953
2026-02-16 15:30:00+00:00,0.14017
2026-02-16 15:45:00+00:00,0.08921
2026-02-16 16:00:00+00:00,0.11105
2026-02-16 16:15:00+00:00,0.11684
2026-02-16 16:30:00+00:00,0.11388
2026-02-16 16:45:00+00:00,0.09567
2026-02-16 17:00:00+00:00,0.12508
2026-02-16 17:15:00+00:00,0.13725
2026-02-16 17:30:00+00:00,0.15808000000000003
2026-02-16 17:45:00+00:00,0.15929
2026-02-16 18:00:00+00:00,0.16505
2026-02-16 18:15:00+00:00,0.16632
2026-02-16 18:30:00+00:00,0.14179
2026-02-16 18:45:00+00:00,0.13363
2026-02-16 19:00:00+00:00,0.15538999999999997
2026-02-16 19:15:00+00:00,0.15084999999999998
2026-02-16 19:30:00+00:00,0.14457
2026-02-16 19:45:00+00:00,0.09654
2026-02-16 20:00:00+00:00,0.14143
2026-02-16 20:15:00+00:00,0.14969
2026-02-16 20:30:00+00:00,0.14934999999999998
2026-02-16 20:45:00+00:00,0.08406999999999999
2026-02-16 21:00:00+00:00,0.12795
2026-02-16 21:15:00+00:00,0.11534
2026-02-16 21:30:00+00:00,0.11026000000000001
2026-02-16 21:45:00+00:00,0.08142
2026-02-16 22:00:00+00:00,0.11916
2026-02-16 22:15:00+00:00,0.1216
2026-02-16 22:30:00+00:00,0.13140000000000002
2026-02-16 22:45:00+00:00,0.11788
2026-02-16 23:00:00+00:00,0.11997
2026-02-16 23:15:00+00:00,0.11555
2026-02-16 23:30:00+00:00,0.10562
2026-02-16 23:45:00+00:00,0.12122
2026-02-17 00:00:00+00:00,0.08037000000000001
2026-02-17 00:15:00+00:00,0.06484999999999999
2026-02-17 00:30:00+00:00,0.07381
2026-02-17 00:45:00+00:00,0.08937
2026-02-17 01:00:00+00:00,0.08302
2026-02-17 01:15:00+00:00,0.07079
2026-02-17 01:30:00+00:00,0.0706
2026-02-17 01:45:00+00:00,0.0879
2026-02-17 02:00:00+00:00,0.09356
2026-02-17 02:15:00+00:00,0.07549
2026-02-17 02:30:00+00:00,0.0815
2026-02-17 02:45:00+00:00,0.07668000000000001
2026-02-17 03:00:00+00:00,0.09878
2026-02-17 03:15:00+00:00,0.08433
2026-02-17 03:30:00+00:00,0.07706
2026-02-17 03:45:00+00:00,0.09419
2026-02-17 04:00:00+00:00,0.10171
2026-02-17 04:15:00+00:00,0.09912
2026-02-17 04:30:00+00:00,0.11004000000000001
2026-02-17 04:45:00+00:00,0.11773
2026-02-17 05:00:00+00:00,0.14669
2026-02-17 05:15:00+00:00,0.10445
2026-02-17 05:30:00+00:00,0.08181000000000001
2026-02-17 05:45:00+00:00,0.13966
2026-02-17 06:00:00+00:00,0.12794
2026-02-17 06:15:00+00:00,0.13575
2026-02-17 06:30:00+00:00,0.09799
2026-02-17 06:45:00+00:00,0.13913
2026-02-17 07:00:00+00:00,0.14018
2026-02-17 07:15:00+00:00,0.14933000000000002
2026-02-17 07:30:00+00:00,0.16476
2026-02-17 07:45:00+00:00,0.19218000000000002
2026-02-17 08:00:00+00:00,0.1651
2026-02-17 08:15:00+00:00,0.13069999999999998
2026-02-17 08:30:00+00:00,0.14911000000000002
2026-02-17 08:45:00+00:00,0.16159
2026-02-17 09:00:00+00:00,0.08984
2026-02-17 09:15:00+00:00,0.06531
2026-02-17 09:30:00+00:00,0.08338
2026-02-17 09:45:00+00:00,0.13302
2026-02-17 10:00:00+00:00,0.16944
2026-02-17 10:15:00+00:00,0.17208
2026-02-17 10:30:00+00:00,0.18311000000000002
2026-02-17 10:45:00+00:00,0.19555
2026-02-17 11:00:00+00:00,0.17961000000000002
2026-02-17 11:15:00+00:00,0.13745
2026-02-17 11:30:00+00:00,0.11447
2026-02-17 11:45:00+00:00,0.10833
2026-02-17 12:00:00+00:00,0.09831000000000001
2026-02-17 12:15:00+00:00,0.08014
2026-02-17 12:30:00+00:00,0.1108
2026-02-17 12:45:00+00:00,0.10728
2026-02-17 13:00:00+00:00,0.10152
2026-02-17 13:15:00+00:00,0.08195000000000001
2026-02-17 13:30:00+00:00,0.04962
2026-02-17 13:45:00+00:00,0.0551
2026-02-17 14:00:00+00:00,0.062240000000000004
2026-02-17 14:15:00+00:00,0.02872
2026-02-17 14:30:00+00:00,0.06565
2026-02-17 14:45:00+00:00,0.11877
2026-02-17 15:00:00+00:00,0.12963
2026-02-17 15:15:00+00:00,0.11478000000000001
2026-02-17 15:30:00+00:00,0.12596
2026-02-17 15:45:00+00:00,0.13119999999999998
2026-02-17 16:00:00+00:00,0.13191999999999998
2026-02-17 16:15:00+00:00,0.15425
2026-02-17 16:30:00+00:00,0.1716
2026-02-17 16:45:00+00:00,0.18446
2026-02-17 17:00:00+00:00,0.09175
2026-02-17 17:15:00+00:00,0.0935
2026-02-17 17:30:00+00:00,0.10482
2026-02-17 17:45:00+00:00,0.09381999999999999
2026-02-17 18:00:00+00:00,0.06752
2026-02-17 18:15:00+00:00,0.06962
2026-02-17 18:30:00+00:00,0.07209
2026-02-17 18:45:00+00:00,0.09681000000000001
2026-02-17 19:00:00+00:00,0.1264
2026-02-17 19:15:00+00:00,0.06189
2026-02-17 19:30:00+00:00,0.0634
2026-02-17 19:45:00+00:00,0.06398
2026-02-17 20:00:00+00:00,0.07968
2026-02-17 20:15:00+00:00,0.06281
2026-02-17 20:30:00+00:00,0.11109000000000001
2026-02-17 20:45:00+00:00,0.11444
2026-02-17 21:00:00+00:00,0.12854
2026-02-17 21:15:00+00:00,0.07593000000000001
2026-02-17 21:30:00+00:00,0.07808
2026-02-17 21:45:00+00:00,0.10556
2026-02-17 22:00:00+00:00,0.10527
2026-02-17 22:15:00+00:00,0.11291
2026-02-17 22:30:00+00:00,0.12208
2026-02-17 22:45:00+00:00,0.08438
2026-02-17 23:00:00+00:00,0.08399
2026-02-17 23:15:00+00:00,0.06731000000000001
2026-02-17 23:30:00+00:00,0.067
2026-02-17 23:45:00+00:00,0.04327
2026-02-18 00:00:00+00:00,0.09659999999999999
2026-02-18 00:15:00+00:00,0.06491
2026-02-18 00:30:00+00:00,0.06787
2026-02-18 00:45:00+00:00,0.06888
2026-02-18 01:00:00+00:00,0.05039
2026-02-18 01:15:00+00:00,0.05754
2026-02-18 01:30:00+00:00,0.05017
2026-02-18 01:45:00+00:00,0.07063
2026-02-18 02:00:00+00:00,0.07284
2026-02-18 02:15:00+00:00,0.07789
2026-02-18 02:30:00+00:00,0.09022
2026-02-18 02:45:00+00:00,0.08033
2026-02-18 03:00:00+00:00,0.08199
2026-02-18 03:15:00+00:00,0.08159999999999999
2026-02-18 03:30:00+00:00,0.08651
2026-02-18 03:45:00+00:00,0.10582
2026-02-18 04:00:00+00:00,0.09336
2026-02-18 04:15:00+00:00,0.10475
2026-02-18 04:30:00+00:00,0.14012
2026-02-18 04:45:00+00:00,0.12981
2026-02-18 05:00:00+00:00,0.04834
2026-02-18 05:15:00+00:00,0.07006
2026-02-18 05:30:00+00:00,0.13845
2026-02-18 05:45:00+00:00,0.17701
2026-02-18 06:00:00+00:00,0.17311
2026-02-18 06:15:00+00:00,0.15486000000000003
2026-02-18 06:30:00+00:00,0.18387
2026-02-18 06:45:00+00:00,0.14392
2026-02-18 07:00:00+00:00,0.16272999999999999
2026-02-18 07:15:00+00:00,0.16812
2026-02-18 07:30:00+00:00,0.17805
2026-02-18 07:45:00+00:00,0.16695
2026-02-18 08:00:00+00:00,0.17871
2026-02-18 08:15:00+00:00,0.18888999999999997
2026-02-18 08:30:00+00:00,0.17541
2026-02-18 08:45:00+00:00,0.1004
2026-02-18 09:00:00+00:00,0.11715
2026-02-18 09:15:00+00:00,0.13391
2026-02-18 09:30:00+00:00,0.09048
2026-02-18 09:45:00+00:00,0.06806999999999999
2026-02-18 10:00:00+00:00,0.054009999999999996
2026-02-18 10:15:00+00:00,0.04448
2026-02-18 10:30:00+00:00,0.04254
2026-02-18 10:45:00+00:00,0.03033
2026-02-18 11:00:00+00:00,0.06118
2026-02-18 11:15:00+00:00,0.04278
2026-02-18 11:30:00+00:00,0.05568
2026-02-18 11:45:00+00:00,0.08621
2026-02-18 12:00:00+00:00,0.10851999999999999
2026-02-18 12:15:00+00:00,0.07244
2026-02-18 12:30:00+00:00,0.05769
2026-02-18 12:45:00+00:00,0.0409
2026-02-18 13:00:00+00:00,0.10251
2026-02-18 13:15:00+00:00,0.07931
2026-02-18 13:30:00+00:00,0.05158
2026-02-18 13:45:00+00:00,0.0476
2026-02-18 14:00:00+00:00,0.0535
2026-02-18 14:15:00+00:00,0.07769
2026-02-18 14:30:00+00:00,0.07651000000000001
2026-02-18 14:45:00+00:00,0.09237000000000001
2026-02-18 15:00:00+00:00,0.10615000000000001
2026-02-18 15:15:00+00:00,0.12621
2026-02-18 15:30:00+00:00,0.15728999999999999
2026-02-18 15:45:00+00:00,0.15697
2026-02-18 16:00:00+00:00,0.15265
2026-02-18 16:15:00+00:00,0.19529
2026-02-18 16:30:00+00:00,0.20583
2026-02-18 16:45:00+00:00,0.17715
2026-02-18 17:00:00+00:00,0.12921000000000002
2026-02-18 17:15:00+00:00,0.14837
2026-02-18 17:30:00+00:00,0.16507
2026-02-18 17:45:00+00:00,0.14284
2026-02-18 18:00:00+00:00,0.12696
2026-02-18 18:15:00+00:00,0.12905
2026-02-18 18:30:00+00:00,0.07740000000000001
2026-02-18 18:45:00+00:00,0.11575
2026-02-18 19:00:00+00:00,0.14093
2026-02-18 19:15:00+00:00,0.11073000000000001
2026-02-18 19:30:00+00:00,0.10293000000000001
2026-02-18 19:45:00+00:00,0.11042
2026-02-18 20:00:00+00:00,0.09906999999999999
2026-02-18 20:15:00+00:00,0.11354
2026-02-18 20:30:00+00:00,0.115
2026-02-18 20:45:00+00:00,0.1151
2026-02-18 21:00:00+00:00,0.11731
2026-02-18 21:15:00+00:00,0.10772
2026-02-18 21:30:00+00:00,0.09365000000000001
2026-02-18 21:45:00+00:00,0.05905
2026-02-18 22:00:00+00:00,0.09742
2026-02-18 22:15:00+00:00,0.11241
2026-02-18 22:30:00+00:00,0.08624
2026-02-18 22:45:00+00:00,0.07970000000000001
2026-02-18 23:00:00+00:00,0.10586
2026-02-18 23:15:00+00:00,0.12143000000000001
2026-02-18 23:30:00+00:00,0.12001
2026-02-18 23:45:00+00:00,0.06896
2026-02-19 00:00:00+00:00,0.07451
2026-02-19 00:15:00+00:00,0.06625
2026-02-19 00:30:00+00:00,0.07081
2026-02-19 00:45:00+00:00,0.07171
2026-02-19 01:00:00+00:00,0.08893999999999999
2026-02-19 01:15:00+00:00,0.10668000000000001
2026-02-19 01:30:00+00:00,0.06836
2026-02-19 01:45:00+00:00,0.07051
2026-02-19 02:00:00+00:00,0.07661
2026-02-19 02:15:00+00:00,0.06368
2026-02-19 02:30:00+00:00,0.05702
2026-02-19 02:45:00+00:00,0.049530000000000005
2026-02-19 03:00:00+00:00,0.08683
2026-02-19 03:15:00+00:00,0.08654
2026-02-19 03:30:00+00:00,0.07803
2026-02-19 03:45:00+00:00,0.08361
2026-02-19 04:00:00+00:00,0.09072
2026-02-19 04:15:00+00:00,0.08419
2026-02-19 04:30:00+00:00,0.10694
2026-02-19 04:45:00+00:00,0.10260999999999999
2026-02-19 05:00:00+00:00,0.10375
2026-02-19 05:15:00+00:00,0.019309999999999997
2026-02-19 05:30:00+00:00,0.00107
2026-02-19 05:45:00+00:00,0.06439
2026-02-19 06:00:00+00:00,0.01551
2026-02-19 06:15:00+00:00,-0.00752
2026-02-19 06:30:00+00:00,0.09301000000000001
2026-02-19 06:45:00+00:00,0.10676999999999999
2026-02-19 07:00:00+00:00,0.11598
2026-02-19 07:15:00+00:00,0.17799
2026-02-19 07:30:00+00:00,0.1499
2026-02-19 07:45:00+00:00,0.1253
2026-02-19 08:00:00+00:00,0.13844
2026-02-19 08:15:00+00:00,0.19251
2026-02-19 08:30:00+00:00,0.14371
2026-02-19 08:45:00+00:00,0.14629
2026-02-19 09:00:00+00:00,0.15759
2026-02-19 09:15:00+00:00,0.18302000000000002
2026-02-19 09:30:00+00:00,0.11721
2026-02-19 09:45:00+00:00,0.08258
2026-02-19 10:00:00+00:00,0.073
2026-02-19 10:15:00+00:00,0.09909
2026-02-19 10:30:00+00:00,0.09839
2026-02-19 10:45:00+00:00,0.14998
2026-02-19 11:00:00+00:00,0.17884
2026-02-19 11:15:00+00:00,0.039200000000000006
2026-02-19 11:30:00+00:00,0.0029300000000000003
2026-02-19 11:45:00+00:00,0.01503
2026-02-19 12:00:00+00:00,0.018690000000000002
2026-02-19 12:15:00+00:00,0.04306
2026-02-19 12:30:00+00:00,0.09334999999999999
2026-02-19 12:45:00+00:00,0.10726000000000001
2026-02-19 13:00:00+00:00,0.023629999999999998
2026-02-19 13:15:00+00:00,0.03565
2026-02-19 13:30:00+00:00,0.09515000000000001
2026-02-19 13:45:00+00:00,0.10893000000000001
2026-02-19 14:00:00+00:00,0.11184000000000001
2026-02-19 14:15:00+00:00,0.12176000000000001
2026-02-19 14:30:00+00:00,0.11261
2026-02-19 14:45:00+00:00,0.11944
2026-02-19 15:00:00+00:00,0.10392
2026-02-19 15:15:00+00:00,0.12326999999999999
2026-02-19 15:30:00+00:00,0.12645
2026-02-19 15:45:00+00:00,0.12934
2026-02-19 16:00:00+00:00,0.14436000000000002
2026-02-19 16:15:00+00:00,0.08545
2026-02-19 16:30:00+00:00,0.05429
2026-02-19 16:45:00+00:00,0.11156
2026-02-19 17:00:00+00:00,0.10925
2026-02-19 17:15:00+00:00,0.11103
2026-02-19 17:30:00+00:00,0.11809
2026-02-19 17:45:00+00:00,0.10859999999999999
2026-02-19 18:00:00+00:00,0.08131000000000001
2026-02-19 18:15:00+00:00,0.05632
2026-02-19 18:30:00+00:00,0.08868999999999999
2026-02-19 18:45:00+00:00,0.0848
2026-02-19 19:00:00+00:00,0.10394
2026-02-19 19:15:00+00:00,0.10466
2026-02-19 19:30:00+00:00,0.0793
2026-02-19 19:45:00+00:00,0.09531
2026-02-19 20:00:00+00:00,0.10063
2026-02-19 20:15:00+00:00,0.10175
2026-02-19 20:30:00+00:00,0.12248
2026-02-19 20:45:00+00:00,0.07064
2026-02-19 21:00:00+00:00,0.12774
2026-02-19 21:15:00+00:00,0.0969
2026-02-19 21:30:00+00:00,0.09817000000000001
2026-02-19 21:45:00+00:00,0.08581
2026-02-19 22:00:00+00:00,0.10485
2026-02-19 22:15:00+00:00,0.06895
2026-02-19 22:30:00+00:00,0.07335
2026-02-19 22:45:00+00:00,0.06555
2026-02-19 23:00:00+00:00,0.0545
2026-02-19 23:15:00+00:00,0.04604
2026-02-19 23:30:00+00:00,0.06333
2026-02-19 23:45:00+00:00,0.07465000000000001
2026-02-20 00:00:00+00:00,0.12681
2026-02-20 00:15:00+00:00,0.12805000000000002
2026-02-20 00:30:00+00:00,0.10970999999999999
2026-02-20 00:45:00+00:00,0.10152
2026-02-20 01:00:00+00:00,0.09459000000000001
2026-02-20 01:15:00+00:00,0.08897
2026-02-20 01:30:00+00:00,0.09828
2026-02-20 01:45:00+00:00,0.06354
2026-02-20 02:00:00+00:00,0.05353
2026-02-20 02:15:00+00:00,0.04267
2026-02-20 02:30:00+00:00,0.0345
2026-02-20 02:45:00+00:00,0.0385
2026-02-20 03:00:00+00:00,0.09140999999999999
2026-02-20 03:15:00+00:00,0.09986
2026-02-20 03:30:00+00:00,0.037939999999999995
2026-02-20 03:45:00+00:00,0.013380000000000001
2026-02-20 04:00:00+00:00,0.10573
2026-02-20 04:15:00+00:00,0.09695999999999999
2026-02-20 04:30:00+00:00,0.05874
2026-02-20 04:45:00+00:00,0.0518
2026-02-20 05:00:00+00:00,0.0384
2026-02-20 05:15:00+00:00,0.0437
2026-02-20 05:30:00+00:00,0.05928
2026-02-20 05:45:00+00:00,0.07122
2026-02-20 06:00:00+00:00,0.06106
2026-02-20 06:15:00+00:00,0.10856
2026-02-20 06:30:00+00:00,0.11155
2026-02-20 06:45:00+00:00,0.12872
2026-02-20 07:00:00+00:00,0.12437999999999999
2026-02-20 07:15:00+00:00,0.12046
2026-02-20 07:30:00+00:00,0.13499
2026-02-20 07:45:00+00:00,0.12142
2026-02-20 08:00:00+00:00,0.032130000000000006
2026-02-20 08:15:00+00:00,0.11040000000000001
2026-02-20 08:30:00+00:00,0.10859
2026-02-20 08:45:00+00:00,0.1128
2026-02-20 09:00:00+00:00,0.12766
2026-02-20 09:15:00+00:00,0.1243
2026-02-20 09:30:00+00:00,0.47485000000000005
2026-02-20 09:45:00+00:00,0.02571
2026-02-20 10:00:00+00:00,0.03189
2026-02-20 10:15:00+00:00,0.11362
2026-02-20 10:30:00+00:00,0.12818000000000002
2026-02-20 10:45:00+00:00,0.108
2026-02-20 11:00:00+00:00,0.1485
2026-02-20 11:15:00+00:00,0.13546
2026-02-20 11:30:00+00:00,0.27474
2026-02-20 11:45:00+00:00,0.1462
2026-02-20 12:00:00+00:00,0.12561
2026-02-20 12:15:00+00:00,0.11828
2026-02-20 12:30:00+00:00,0.14238
2026-02-20 12:45:00+00:00,0.19947
2026-02-20 13:00:00+00:00,0.15547999999999998
2026-02-20 13:15:00+00:00,0.22932
2026-02-20 13:30:00+00:00,0.16597
2026-02-20 13:45:00+00:00,0.18988
2026-02-20 14:00:00+00:00,0.07706
2026-02-20 14:15:00+00:00,0.02562
2026-02-20 14:30:00+00:00,0.17147
2026-02-20 14:45:00+00:00,0.13444
2026-02-20 15:00:00+00:00,0.14806
2026-02-20 15:15:00+00:00,0.14513
2026-02-20 15:30:00+00:00,0.19408
2026-02-20 15:45:00+00:00,0.27011
2026-02-20 16:00:00+00:00,0.32321
2026-02-20 16:15:00+00:00,0.13266999999999998
2026-02-20 16:30:00+00:00,0.12891
2026-02-20 16:45:00+00:00,0.12573
2026-02-20 17:00:00+00:00,0.10706
2026-02-20 17:15:00+00:00,0.05749
2026-02-20 17:30:00+00:00,0.05166
2026-02-20 17:45:00+00:00,0.06173
2026-02-20 18:00:00+00:00,0.04725
2026-02-20 18:15:00+00:00,0.05589
2026-02-20 18:30:00+00:00,0.032100000000000004
2026-02-20 18:45:00+00:00,0.02798
2026-02-20 19:00:00+00:00,0.06522
2026-02-20 19:15:00+00:00,0.09958
2026-02-20 19:30:00+00:00,0.0793
2026-02-20 19:45:00+00:00,0.01486
2026-02-20 20:00:00+00:00,-0.009890000000000001
2026-02-20 20:15:00+00:00,0.032799999999999996
2026-02-20 20:30:00+00:00,0.02216
2026-02-20 20:45:00+00:00,0.02274
2026-02-20 21:00:00+00:00,0.09709000000000001
2026-02-20 21:15:00+00:00,-0.004
2026-02-20 21:30:00+00:00,0.03056
2026-02-20 21:45:00+00:00,0.08053
2026-02-20 22:00:00+00:00,0.0989
2026-02-20 22:15:00+00:00,-0.00694
2026-02-20 22:30:00+00:00,-0.02232
2026-02-20 22:45:00+00:00,0.06431999999999999
2026-02-20 23:00:00+00:00,0.09376999999999999
2026-02-20 23:15:00+00:00,0.09847
2026-02-20 23:30:00+00:00,0.08218
2026-02-20 23:45:00+00:00,0.01331
2026-02-21 00:00:00+00:00,0.00233
2026-02-21 00:15:00+00:00,0.00235
2026-02-21 00:30:00+00:00,0.00598
2026-02-21 00:45:00+00:00,0.0024700000000000004
2026-02-21 01:00:00+00:00,-0.00054
2026-02-21 01:15:00+00:00,0.02614
2026-02-21 01:30:00+00:00,-0.01461
2026-02-21 01:45:00+00:00,0.00991
2026-02-21 02:00:00+00:00,-0.010119999999999999
2026-02-21 02:15:00+00:00,-0.01072
2026-02-21 02:30:00+00:00,-0.00526
2026-02-21 02:45:00+00:00,0.0067
2026-02-21 03:00:00+00:00,0.0272
2026-02-21 03:15:00+00:00,0.06441
2026-02-21 03:30:00+00:00,0.03774
2026-02-21 03:45:00+00:00,-0.0078
2026-02-21 04:00:00+00:00,0.00783
2026-02-21 04:15:00+00:00,-0.00447
2026-02-21 04:30:00+00:00,-0.006889999999999999
2026-02-21 04:45:00+00:00,0.0057
2026-02-21 05:00:00+00:00,-0.02296
2026-02-21 05:15:00+00:00,0.00391
2026-02-21 05:30:00+00:00,0.038619999999999995
2026-02-21 05:45:00+00:00,-0.0005
2026-02-21 06:00:00+00:00,-0.019870000000000002
2026-02-21 06:15:00+00:00,0.00726
2026-02-21 06:30:00+00:00,-0.06278
2026-02-21 06:45:00+00:00,-0.0221
2026-02-21 07:00:00+00:00,-0.05755
2026-02-21 07:15:00+00:00,-0.04237
2026-02-21 07:30:00+00:00,0.021070000000000002
2026-02-21 07:45:00+00:00,-0.04685
2026-02-21 08:00:00+00:00,0.07099
2026-02-21 08:15:00+00:00,0.0436
2026-02-21 08:30:00+00:00,0.04264
2026-02-21 08:45:00+00:00,0.05268
2026-02-21 09:00:00+00:00,0.06865
2026-02-21 09:15:00+00:00,0.09132
2026-02-21 09:30:00+00:00,0.077
2026-02-21 09:45:00+00:00,0.10884
2026-02-21 10:00:00+00:00,0.13656000000000001
2026-02-21 10:15:00+00:00,0.11944
2026-02-21 10:30:00+00:00,0.1589
2026-02-21 10:45:00+00:00,0.13978
2026-02-21 11:00:00+00:00,0.08889
2026-02-21 11:15:00+00:00,0.071
2026-02-21 11:30:00+00:00,0.09636
2026-02-21 11:45:00+00:00,0.11234999999999999
2026-02-21 12:00:00+00:00,0.10643999999999999
2026-02-21 12:15:00+00:00,0.10914
2026-02-21 12:30:00+00:00,0.10697
2026-02-21 12:45:00+00:00,0.0228
2026-02-21 13:00:00+00:00,0.08856
2026-02-21 13:15:00+00:00,0.05136
2026-02-21 13:30:00+00:00,0.07720999999999999
2026-02-21 13:45:00+00:00,0.09781000000000001
2026-02-21 14:00:00+00:00,0.11359
2026-02-21 14:15:00+00:00,0.15213
2026-02-21 14:30:00+00:00,0.07628
2026-02-21 14:45:00+00:00,0.06922
2026-02-21 15:00:00+00:00,0.11603
2026-02-21 15:15:00+00:00,0.13876
2026-02-21 15:30:00+00:00,0.14074
2026-02-21 15:45:00+00:00,0.14699
2026-02-21 16:00:00+00:00,0.16925
2026-02-21 16:15:00+00:00,0.15430000000000002
2026-02-21 16:30:00+00:00,0.16594
2026-02-21 16:45:00+00:00,0.12562
2026-02-21 17:00:00+00:00,0.11618
2026-02-21 17:15:00+00:00,0.08204
2026-02-21 17:30:00+00:00,0.08748
2026-02-21 17:45:00+00:00,0.08468
2026-02-21 18:00:00+00:00,0.11461
2026-02-21 18:15:00+00:00,0.1386
2026-02-21 18:30:00+00:00,0.14640999999999998
2026-02-21 18:45:00+00:00,0.17082
2026-02-21 19:00:00+00:00,0.1494
2026-02-21 19:15:00+00:00,0.04438
2026-02-21 19:30:00+00:00,0.07413
2026-02-21 19:45:00+00:00,0.05662
2026-02-21 20:00:00+00:00,0.05011
2026-02-21 20:15:00+00:00,0.039439999999999996
2026-02-21 20:30:00+00:00,0.03449
2026-02-21 20:45:00+00:00,0.03603
2026-02-21 21:00:00+00:00,0.10098
2026-02-21 21:15:00+00:00,0.11377
2026-02-21 21:30:00+00:00,0.10844
2026-02-21 21:45:00+00:00,0.12371
2026-02-21 22:00:00+00:00,0.12016
2026-02-21 22:15:00+00:00,0.15725
2026-02-21 22:30:00+00:00,0.20999
2026-02-21 22:45:00+00:00,0.192
2026-02-21 23:00:00+00:00,0.061619999999999994
2026-02-21 23:15:00+00:00,0.03461
2026-02-21 23:30:00+00:00,0.04811
2026-02-21 23:45:00+00:00,0.03065
2026-02-22 00:00:00+00:00,0.0991
2026-02-22 00:15:00+00:00,0.10099
2026-02-22 00:30:00+00:00,0.14145
2026-02-22 00:45:00+00:00,0.11442000000000001
2026-02-22 01:00:00+00:00,0.13776
2026-02-22 01:15:00+00:00,0.09428
2026-02-22 01:30:00+00:00,0.09139
2026-02-22 01:45:00+00:00,0.09063
2026-02-22 02:00:00+00:00,0.07865000000000001
2026-02-22 02:15:00+00:00,0.03814
2026-02-22 02:30:00+00:00,0.01943
2026-02-22 02:45:00+00:00,0.03413
2026-02-22 03:00:00+00:00,0.04279
2026-02-22 03:15:00+00:00,0.06986
2026-02-22 03:30:00+00:00,0.08801
2026-02-22 03:45:00+00:00,0.10028000000000001
2026-02-22 04:00:00+00:00,0.09603
2026-02-22 04:15:00+00:00,0.06545000000000001
2026-02-22 04:30:00+00:00,0.07531
2026-02-22 04:45:00+00:00,0.06654
2026-02-22 05:00:00+00:00,0.04572
2026-02-22 05:15:00+00:00,0.0076500000000000005
2026-02-22 05:30:00+00:00,0.03778
2026-02-22 05:45:00+00:00,0.032409999999999994
2026-02-22 06:00:00+00:00,0.05378
2026-02-22 06:15:00+00:00,0.05774
2026-02-22 06:30:00+00:00,0.05543
2026-02-22 06:45:00+00:00,0.0665
2026-02-22 07:00:00+00:00,0.06781000000000001
2026-02-22 07:15:00+00:00,0.01886
2026-02-22 07:30:00+00:00,0.01275
2026-02-22 07:45:00+00:00,0.00365
2026-02-22 08:00:00+00:00,0.054880000000000005
2026-02-22 08:15:00+00:00,0.07643000000000001
2026-02-22 08:30:00+00:00,0.06378
2026-02-22 08:45:00+00:00,0.07579000000000001
2026-02-22 09:00:00+00:00,-0.02238
2026-02-22 09:15:00+00:00,0.04808
2026-02-22 09:30:00+00:00,0.04068
2026-02-22 09:45:00+00:00,0.04226
2026-02-22 10:00:00+00:00,-0.02093
2026-02-22 10:15:00+00:00,0.01853
2026-02-22 10:30:00+00:00,0.01471
2026-02-22 10:45:00+00:00,0.040619999999999996
2026-02-22 11:00:00+00:00,0.02569
2026-02-22 11:15:00+00:00,0.06459000000000001
2026-02-22 11:30:00+00:00,0.08615
2026-02-22 11:45:00+00:00,0.060840000000000005
2026-02-22 12:00:00+00:00,0.00331
2026-02-22 12:15:00+00:00,0.04204
2026-02-22 12:30:00+00:00,0.032979999999999995
2026-02-22 12:45:00+00:00,0.05898
2026-02-22 13:00:00+00:00,0.08579
2026-02-22 13:15:00+00:00,0.08256999999999999
2026-02-22 13:30:00+00:00,0.0619
2026-02-22 13:45:00+00:00,0.04209
2026-02-22 14:00:00+00:00,0.06142
2026-02-22 14:15:00+00:00,0.09203
2026-02-22 14:30:00+00:00,0.10659
2026-02-22 14:45:00+00:00,0.08682
2026-02-22 15:00:00+00:00,0.07861
2026-02-22 15:15:00+00:00,0.08424
2026-02-22 15:30:00+00:00,0.07155
2026-02-22 15:45:00+00:00,0.08488
2026-02-22 16:00:00+00:00,0.08569
2026-02-22 16:15:00+00:00,0.10385
2026-02-22 16:30:00+00:00,0.09490000000000001
2026-02-22 16:45:00+00:00,0.09401999999999999
2026-02-22 17:00:00+00:00,0.08592
2026-02-22 17:15:00+00:00,0.04981
2026-02-22 17:30:00+00:00,0.08657
2026-02-22 17:45:00+00:00,0.09282
2026-02-22 18:00:00+00:00,0.09379000000000001
2026-02-22 18:15:00+00:00,0.09436
2026-02-22 18:30:00+00:00,0.09509000000000001
2026-02-22 18:45:00+00:00,0.09558
2026-02-22 19:00:00+00:00,0.1047
2026-02-22 19:15:00+00:00,0.10169
2026-02-22 19:30:00+00:00,0.09153
2026-02-22 19:45:00+00:00,0.038979999999999994
2026-02-22 20:00:00+00:00,0.05019
2026-02-22 20:15:00+00:00,0.039409999999999994
2026-02-22 20:30:00+00:00,0.07382
2026-02-22 20:45:00+00:00,0.055409999999999994
2026-02-22 21:00:00+00:00,0.10252
2026-02-22 21:15:00+00:00,-0.00359
2026-02-22 21:30:00+00:00,0.01653
2026-02-22 21:45:00+00:00,0.03771
2026-02-22 22:00:00+00:00,0.023399999999999997
2026-02-22 22:15:00+00:00,0.00914
2026-02-22 22:30:00+00:00,0.01604
2026-02-22 22:45:00+00:00,0.05546
2026-02-22 23:00:00+00:00,0.049409999999999996
2026-02-22 23:15:00+00:00,0.04018
2026-02-22 23:30:00+00:00,0.04097
2026-02-22 23:45:00+00:00,0.04961
2026-02-23 00:00:00+00:00,0.05076
2026-02-23 00:15:00+00:00,0.01311
2026-02-23 00:30:00+00:00,0.00948
2026-02-23 00:45:00+00:00,0.0068
2026-02-23 01:00:00+00:00,-0.01834
2026-02-23 01:15:00+00:00,0.0076100000000000004
2026-02-23 01:30:00+00:00,0.00782
2026-02-23 01:45:00+00:00,0.0029
2026-02-23 02:00:00+00:00,0.01858
2026-02-23 02:15:00+00:00,0.01925
2026-02-23 02:30:00+00:00,0.01125
2026-02-23 02:45:00+00:00,0.01804
2026-02-23 03:00:00+00:00,0.00259
2026-02-23 03:15:00+00:00,0.00136
2026-02-23 03:30:00+00:00,0.0007099999999999999
2026-02-23 03:45:00+00:00,0.00604
2026-02-23 04:00:00+00:00,0.06044
2026-02-23 04:15:00+00:00,0.024730000000000002
2026-02-23 04:30:00+00:00,0.05967
2026-02-23 04:45:00+00:00,0.06871
2026-02-23 05:00:00+00:00,0.12201000000000001
2026-02-23 05:15:00+00:00,0.06349
2026-02-23 05:30:00+00:00,0.11023000000000001
2026-02-23 05:45:00+00:00,0.0892
2026-02-23 06:00:00+00:00,0.09766
2026-02-23 06:15:00+00:00,0.12375
2026-02-23 06:30:00+00:00,0.13544
2026-02-23 06:45:00+00:00,0.11462
2026-02-23 07:00:00+00:00,0.16621
2026-02-23 07:15:00+00:00,0.13572
2026-02-23 07:30:00+00:00,0.06768
2026-02-23 07:45:00+00:00,0.08134999999999999
2026-02-23 08:00:00+00:00,0.0177
2026-02-23 08:15:00+00:00,0.00654
2026-02-23 08:30:00+00:00,0.054490000000000004
2026-02-23 08:45:00+00:00,0.07025
2026-02-23 09:00:00+00:00,0.02472
2026-02-23 09:15:00+00:00,0.04809
2026-02-23 09:30:00+00:00,0.016059999999999998
2026-02-23 09:45:00+00:00,0.04546
2026-02-23 10:00:00+00:00,0.09395
2026-02-23 10:15:00+00:00,0.10005
2026-02-23 10:30:00+00:00,0.0927
2026-02-23 10:45:00+00:00,0.10448
2026-02-23 11:00:00+00:00,0.12786
2026-02-23 11:15:00+00:00,0.124
2026-02-23 11:30:00+00:00,0.10911
2026-02-23 11:45:00+00:00,0.09090000000000001
2026-02-23 12:00:00+00:00,0.07962999999999999
2026-02-23 12:15:00+00:00,0.0679
2026-02-23 12:30:00+00:00,0.04298
2026-02-23 12:45:00+00:00,0.00505
2026-02-23 13:00:00+00:00,0.0297
2026-02-23 13:15:00+00:00,0.05166
2026-02-23 13:30:00+00:00,0.04192
2026-02-23 13:45:00+00:00,0.00595
2026-02-23 14:00:00+00:00,0.08637
2026-02-23 14:15:00+00:00,0.041909999999999996
2026-02-23 14:30:00+00:00,0.05985
2026-02-23 14:45:00+00:00,0.05132
2026-02-23 15:00:00+00:00,0.03491
2026-02-23 15:15:00+00:00,0.03407
2026-02-23 15:30:00+00:00,0.05091
2026-02-23 15:45:00+00:00,0.10468000000000001
2026-02-23 16:00:00+00:00,0.07769
2026-02-23 16:15:00+00:00,0.09912
2026-02-23 16:30:00+00:00,0.12938999999999998
2026-02-23 16:45:00+00:00,0.11327
2026-02-23 17:00:00+00:00,0.11658
2026-02-23 17:15:00+00:00,0.07265
2026-02-23 17:30:00+00:00,0.062439999999999996
2026-02-23 17:45:00+00:00,0.02556
2026-02-23 18:00:00+00:00,0.060700000000000004
2026-02-23 18:15:00+00:00,0.09078
2026-02-23 18:30:00+00:00,0.08315
2026-02-23 18:45:00+00:00,0.08965999999999999
2026-02-23 19:00:00+00:00,0.09720999999999999
2026-02-23 19:15:00+00:00,0.10909
2026-02-23 19:30:00+00:00,0.128
2026-02-23 19:45:00+00:00,0.15263
2026-02-23 20:00:00+00:00,0.12462000000000001
2026-02-23 20:15:00+00:00,0.11673
2026-02-23 20:30:00+00:00,0.10366
2026-02-23 20:45:00+00:00,0.10585
2026-02-23 21:00:00+00:00,0.12886
2026-02-23 21:15:00+00:00,0.11899
2026-02-23 21:30:00+00:00,0.07508
2026-02-23 21:45:00+00:00,0.04376
2026-02-23 22:00:00+00:00,0.06431
2026-02-23 22:15:00+00:00,0.057890000000000004
2026-02-23 22:30:00+00:00,0.06365
2026-02-23 22:45:00+00:00,0.08333
2026-02-23 23:00:00+00:00,0.12011
2026-02-23 23:15:00+00:00,0.14724
2026-02-23 23:30:00+00:00,0.14964
2026-02-23 23:45:00+00:00,0.1457
2026-02-24 00:00:00+00:00,0.13622
2026-02-24 00:15:00+00:00,0.13456
2026-02-24 00:30:00+00:00,0.13852
2026-02-24 00:45:00+00:00,0.15071
2026-02-24 01:00:00+00:00,0.12196
2026-02-24 01:15:00+00:00,0.06042
2026-02-24 01:30:00+00:00,0.09619
2026-02-24 01:45:00+00:00,0.1098
2026-02-24 02:00:00+00:00,0.11351
2026-02-24 02:15:00+00:00,0.13186
2026-02-24 02:30:00+00:00,0.12423999999999999
2026-02-24 02:45:00+00:00,0.10028000000000001
2026-02-24 03:00:00+00:00,0.11072
2026-02-24 03:15:00+00:00,0.08412
2026-02-24 03:30:00+00:00,0.11438
2026-02-24 03:45:00+00:00,0.11909
2026-02-24 04:00:00+00:00,0.10304
2026-02-24 04:15:00+00:00,0.09154999999999999
2026-02-24 04:30:00+00:00,0.1186
2026-02-24 04:45:00+00:00,0.11175
2026-02-24 05:00:00+00:00,0.15736
2026-02-24 05:15:00+00:00,0.0864
2026-02-24 05:30:00+00:00,0.13867
2026-02-24 05:45:00+00:00,0.15730000000000002
2026-02-24 06:00:00+00:00,0.18464
2026-02-24 06:15:00+00:00,0.25021
2026-02-24 06:30:00+00:00,0.24534
2026-02-24 06:45:00+00:00,0.16629
2026-02-24 07:00:00+00:00,0.09670999999999999
2026-02-24 07:15:00+00:00,0.10539
2026-02-24 07:30:00+00:00,0.0995
2026-02-24 07:45:00+00:00,0.09570000000000001
2026-02-24 08:00:00+00:00,0.0687
2026-02-24 08:15:00+00:00,0.08313
2026-02-24 08:30:00+00:00,0.07784
2026-02-24 08:45:00+00:00,0.08016
2026-02-24 09:00:00+00:00,0.06314
2026-02-24 09:15:00+00:00,0.06218
2026-02-24 09:30:00+00:00,0.07923000000000001
2026-02-24 09:45:00+00:00,0.09381
2026-02-24 10:00:00+00:00,0.14889
2026-02-24 10:15:00+00:00,0.09312000000000001
2026-02-24 10:30:00+00:00,0.0874
2026-02-24 10:45:00+00:00,0.06645999999999999
2026-02-24 11:00:00+00:00,0.08835
2026-02-24 11:15:00+00:00,0.12287000000000001
2026-02-24 11:30:00+00:00,0.10442
2026-02-24 11:45:00+00:00,0.10548
2026-02-24 12:00:00+00:00,0.11694
2026-02-24 12:15:00+00:00,0.08541
2026-02-24 12:30:00+00:00,0.09617
2026-02-24 12:45:00+00:00,0.07954
2026-02-24 13:00:00+00:00,0.08129
2026-02-24 13:15:00+00:00,0.08334
2026-02-24 13:30:00+00:00,0.06609000000000001
2026-02-24 13:45:00+00:00,0.06818
2026-02-24 14:00:00+00:00,0.12165999999999999
2026-02-24 14:15:00+00:00,0.13523
2026-02-24 14:30:00+00:00,0.08701
2026-02-24 14:45:00+00:00,0.06434000000000001
2026-02-24 15:00:00+00:00,0.048100000000000004
2026-02-24 15:15:00+00:00,0.06192
2026-02-24 15:30:00+00:00,0.08406
2026-02-24 15:45:00+00:00,0.18004
2026-02-24 16:00:00+00:00,0.10706
2026-02-24 16:15:00+00:00,0.15487
2026-02-24 16:30:00+00:00,0.21642
2026-02-24 16:45:00+00:00,0.18169
2026-02-24 17:00:00+00:00,0.08893000000000001
2026-02-24 17:15:00+00:00,0.10762999999999999
2026-02-24 17:30:00+00:00,0.12659
2026-02-24 17:45:00+00:00,0.13931
2026-02-24 18:00:00+00:00,0.14485
2026-02-24 18:15:00+00:00,0.15711000000000003
2026-02-24 18:30:00+00:00,0.07767
2026-02-24 18:45:00+00:00,0.07737000000000001
2026-02-24 19:00:00+00:00,0.12716
2026-02-24 19:15:00+00:00,0.13359000000000001
2026-02-24 19:30:00+00:00,0.12594
2026-02-24 19:45:00+00:00,0.13113999999999998
2026-02-24 20:00:00+00:00,0.148
2026-02-24 20:15:00+00:00,0.13304
2026-02-24 20:30:00+00:00,0.14423
2026-02-24 20:45:00+00:00,0.11943000000000001
2026-02-24 21:00:00+00:00,0.09063
2026-02-24 21:15:00+00:00,0.13819
2026-02-24 21:30:00+00:00,0.14787
2026-02-24 21:45:00+00:00,0.13101
2026-02-24 22:00:00+00:00,0.10086
2026-02-24 22:15:00+00:00,0.11433
2026-02-24 22:30:00+00:00,0.0865
2026-02-24 22:45:00+00:00,0.09222
2026-02-24 23:00:00+00:00,0.13363
2026-02-24 23:15:00+00:00,0.1338
2026-02-24 23:30:00+00:00,0.13126
2026-02-24 23:45:00+00:00,0.09719
2026-02-25 00:00:00+00:00,0.11112000000000001
2026-02-25 00:15:00+00:00,0.08665
2026-02-25 00:30:00+00:00,0.07217
2026-02-25 00:45:00+00:00,0.09431
2026-02-25 01:00:00+00:00,0.09981999999999999
2026-02-25 01:15:00+00:00,0.08803
2026-02-25 01:30:00+00:00,0.08743000000000001
2026-02-25 01:45:00+00:00,0.10832
2026-02-25 02:00:00+00:00,0.12579
2026-02-25 02:15:00+00:00,0.12355
2026-02-25 02:30:00+00:00,0.13037
2026-02-25 02:45:00+00:00,0.12344
2026-02-25 03:00:00+00:00,0.12513
2026-02-25 03:15:00+00:00,0.13445
2026-02-25 03:30:00+00:00,0.13491
2026-02-25 03:45:00+00:00,0.15034999999999998
2026-02-25 04:00:00+00:00,0.11789
2026-02-25 04:15:00+00:00,0.11259999999999999
2026-02-25 04:30:00+00:00,0.14472
2026-02-25 04:45:00+00:00,0.1189
2026-02-25 05:00:00+00:00,0.22540000000000002
2026-02-25 05:15:00+00:00,0.20294
2026-02-25 05:30:00+00:00,0.27463
2026-02-25 05:45:00+00:00,0.5494
2026-02-25 06:00:00+00:00,0.56253
2026-02-25 06:15:00+00:00,0.27341000000000004
2026-02-25 06:30:00+00:00,0.16738999999999998
2026-02-25 06:45:00+00:00,0.1108
2026-02-25 07:00:00+00:00,0.09061
2026-02-25 07:15:00+00:00,0.08339
2026-02-25 07:30:00+00:00,0.05937
2026-02-25 07:45:00+00:00,0.07182
2026-02-25 08:00:00+00:00,0.14412
2026-02-25 08:15:00+00:00,0.1849
2026-02-25 08:30:00+00:00,0.06123
2026-02-25 08:45:00+00:00,0.05694
2026-02-25 09:00:00+00:00,0.14027
2026-02-25 09:15:00+00:00,0.13341
2026-02-25 09:30:00+00:00,0.11233
2026-02-25 09:45:00+00:00,0.13967
2026-02-25 10:00:00+00:00,0.14006
2026-02-25 10:15:00+00:00,0.10875
2026-02-25 10:30:00+00:00,0.10592
2026-02-25 10:45:00+00:00,0.06203
2026-02-25 11:00:00+00:00,0.06768
2026-02-25 11:15:00+00:00,0.09087999999999999
2026-02-25 11:30:00+00:00,0.08019
2026-02-25 11:45:00+00:00,0.02674
2026-02-25 12:00:00+00:00,0.09556
2026-02-25 12:15:00+00:00,0.08084000000000001
2026-02-25 12:30:00+00:00,0.018260000000000002
2026-02-25 12:45:00+00:00,0.00756
2026-02-25 13:00:00+00:00,0.00087
2026-02-25 13:15:00+00:00,0.03972
2026-02-25 13:30:00+00:00,0.05677
2026-02-25 13:45:00+00:00,0.01575
2026-02-25 14:00:00+00:00,0.02818
2026-02-25 14:15:00+00:00,0.019829999999999997
2026-02-25 14:30:00+00:00,-0.01377
2026-02-25 14:45:00+00:00,0.07206
2026-02-25 15:00:00+00:00,0.050159999999999996
2026-02-25 15:15:00+00:00,0.10883
2026-02-25 15:30:00+00:00,0.11575
2026-02-25 15:45:00+00:00,0.20643999999999998
2026-02-25 16:00:00+00:00,0.13473
2026-02-25 16:15:00+00:00,0.15016
2026-02-25 16:30:00+00:00,0.19438999999999998
2026-02-25 16:45:00+00:00,0.12309
2026-02-25 17:00:00+00:00,0.08608
2026-02-25 17:15:00+00:00,0.06872
2026-02-25 17:30:00+00:00,0.06893
2026-02-25 17:45:00+00:00,0.08188
2026-02-25 18:00:00+00:00,0.10787000000000001
2026-02-25 18:15:00+00:00,0.06781000000000001
2026-02-25 18:30:00+00:00,0.057
2026-02-25 18:45:00+00:00,0.0592
2026-02-25 19:00:00+00:00,0.11366
2026-02-25 19:15:00+00:00,0.048549999999999996
2026-02-25 19:30:00+00:00,0.08444
2026-02-25 19:45:00+00:00,0.09784000000000001
2026-02-25 20:00:00+00:00,0.047420000000000004
2026-02-25 20:15:00+00:00,0.03043
2026-02-25 20:30:00+00:00,0.04869
2026-02-25 20:45:00+00:00,0.057210000000000004
2026-02-25 21:00:00+00:00,0.04008
2026-02-25 21:15:00+00:00,0.02825
2026-02-25 21:30:00+00:00,0.07743000000000001
2026-02-25 21:45:00+00:00,0.10352
2026-02-25 22:00:00+00:00,0.11166
2026-02-25 22:15:00+00:00,0.09578
2026-02-25 22:30:00+00:00,0.03678
2026-02-25 22:45:00+00:00,0.02853
2026-02-25 23:00:00+00:00,0.00801
2026-02-25 23:15:00+00:00,0.06667000000000001
2026-02-25 23:30:00+00:00,0.047310000000000005
2026-02-25 23:45:00+00:00,0.06303
2026-02-26 00:00:00+00:00,0.05558
2026-02-26 00:15:00+00:00,0.00528
2026-02-26 00:30:00+00:00,0.04958
2026-02-26 00:45:00+00:00,0.05631
2026-02-26 01:00:00+00:00,0.06305
2026-02-26 01:15:00+00:00,0.05059
2026-02-26 01:30:00+00:00,0.05817
2026-02-26 01:45:00+00:00,0.0631
2026-02-26 02:00:00+00:00,0.06927
2026-02-26 02:15:00+00:00,0.08347
2026-02-26 02:30:00+00:00,0.08443
2026-02-26 02:45:00+00:00,0.04331
2026-02-26 03:00:00+00:00,0.06987
2026-02-26 03:15:00+00:00,0.0389
2026-02-26 03:30:00+00:00,0.05018
2026-02-26 03:45:00+00:00,0.030449999999999998
2026-02-26 04:00:00+00:00,0.03648
2026-02-26 04:15:00+00:00,0.06382
2026-02-26 04:30:00+00:00,0.08131999999999999
2026-02-26 04:45:00+00:00,0.07998999999999999
2026-02-26 05:00:00+00:00,0.01821
2026-02-26 05:15:00+00:00,0.02091
2026-02-26 05:30:00+00:00,0.08696
2026-02-26 05:45:00+00:00,0.08168
2026-02-26 06:00:00+00:00,0.04646
2026-02-26 06:15:00+00:00,0.06963
2026-02-26 06:30:00+00:00,0.08787
2026-02-26 06:45:00+00:00,0.10197
2026-02-26 07:00:00+00:00,0.04009
2026-02-26 07:15:00+00:00,-0.00333
2026-02-26 07:30:00+00:00,-0.03444
2026-02-26 07:45:00+00:00,0.01173
2026-02-26 08:00:00+00:00,0.09487999999999999
2026-02-26 08:15:00+00:00,0.11029000000000001
2026-02-26 08:30:00+00:00,0.08045000000000001
2026-02-26 08:45:00+00:00,0.08834
2026-02-26 09:00:00+00:00,0.01273
2026-02-26 09:15:00+00:00,-0.00294
2026-02-26 09:30:00+00:00,-0.00714
2026-02-26 09:45:00+00:00,0.00442
2026-02-26 10:00:00+00:00,0.00461
2026-02-26 10:15:00+00:00,0.00852
2026-02-26 10:30:00+00:00,0.00728
2026-02-26 10:45:00+00:00,-0.01847
2026-02-26 11:00:00+00:00,-0.00114
2026-02-26 11:15:00+00:00,-0.06456
2026-02-26 11:30:00+00:00,-0.06434999999999999
2026-02-26 11:45:00+00:00,-0.02094
2026-02-26 12:00:00+00:00,-0.01643
2026-02-26 12:15:00+00:00,-0.02214
2026-02-26 12:30:00+00:00,-0.01451
2026-02-26 12:45:00+00:00,-0.0172
2026-02-26 13:00:00+00:00,-0.00929
2026-02-26 13:15:00+00:00,-0.01672
2026-02-26 13:30:00+00:00,-0.02011
2026-02-26 13:45:00+00:00,-0.01131
2026-02-26 14:00:00+00:00,-0.0014199999999999998
2026-02-26 14:15:00+00:00,-0.0012900000000000001
2026-02-26 14:30:00+00:00,0.02535
2026-02-26 14:45:00+00:00,0.0519
2026-02-26 15:00:00+00:00,0.01384
2026-02-26 15:15:00+00:00,0.19106
2026-02-26 15:30:00+00:00,0.11953
2026-02-26 15:45:00+00:00,0.13881
2026-02-26 16:00:00+00:00,0.07464
2026-02-26 16:15:00+00:00,0.07992
2026-02-26 16:30:00+00:00,0.09158
2026-02-26 16:45:00+00:00,0.07633
2026-02-26 17:00:00+00:00,0.07693000000000001
2026-02-26 17:15:00+00:00,0.06513
2026-02-26 17:30:00+00:00,0.06044
2026-02-26 17:45:00+00:00,0.06247
2026-02-26 18:00:00+00:00,0.09286
2026-02-26 18:15:00+00:00,0.06542
2026-02-26 18:30:00+00:00,0.046939999999999996
2026-02-26 18:45:00+00:00,0.04725
2026-02-26 19:00:00+00:00,0.09301999999999999
2026-02-26 19:15:00+00:00,0.09829
2026-02-26 19:30:00+00:00,0.09748
2026-02-26 19:45:00+00:00,0.05724
2026-02-26 20:00:00+00:00,0.05824
2026-02-26 20:15:00+00:00,0.04995
2026-02-26 20:30:00+00:00,0.04907
2026-02-26 20:45:00+00:00,0.04639
2026-02-26 21:00:00+00:00,0.047700000000000006
2026-02-26 21:15:00+00:00,0.04548
2026-02-26 21:30:00+00:00,0.05067
2026-02-26 21:45:00+00:00,0.08562
2026-02-26 22:00:00+00:00,0.07424
2026-02-26 22:15:00+00:00,0.08274
2026-02-26 22:30:00+00:00,0.07817
2026-02-26 22:45:00+00:00,0.07168000000000001
2026-02-26 23:00:00+00:00,0.08893000000000001
2026-02-26 23:15:00+00:00,0.06467
2026-02-26 23:30:00+00:00,0.05078
2026-02-26 23:45:00+00:00,0.062119999999999995
2026-02-27 00:00:00+00:00,0.02077
2026-02-27 00:15:00+00:00,-0.056479999999999995
2026-02-27 00:30:00+00:00,0.0178
2026-02-27 00:45:00+00:00,0.07972
2026-02-27 01:00:00+00:00,0.04692
2026-02-27 01:15:00+00:00,0.0394
2026-02-27 01:30:00+00:00,0.06516
2026-02-27 01:45:00+00:00,0.00726
2026-02-27 02:00:00+00:00,0.04325
2026-02-27 02:15:00+00:00,0.0399
2026-02-27 02:30:00+00:00,0.03726
2026-02-27 02:45:00+00:00,0.05687
2026-02-27 03:00:00+00:00,0.04237
2026-02-27 03:15:00+00:00,0.0711
2026-02-27 03:30:00+00:00,0.0897
2026-02-27 03:45:00+00:00,0.06554
2026-02-27 04:00:00+00:00,0.06674
2026-02-27 04:15:00+00:00,0.06078
2026-02-27 04:30:00+00:00,0.08320999999999999
2026-02-27 04:45:00+00:00,0.06089
2026-02-27 05:00:00+00:00,-0.0352
2026-02-27 05:15:00+00:00,0.027100000000000003
2026-02-27 05:30:00+00:00,0.07474
2026-02-27 05:45:00+00:00,0.08143
2026-02-27 06:00:00+00:00,0.0999
2026-02-27 06:15:00+00:00,0.12185
2026-02-27 06:30:00+00:00,0.12977
2026-02-27 06:45:00+00:00,0.10129
2026-02-27 07:00:00+00:00,0.10865999999999999
2026-02-27 07:15:00+00:00,-0.02927
2026-02-27 07:30:00+00:00,-0.02984
2026-02-27 07:45:00+00:00,0.01551
2026-02-27 08:00:00+00:00,-0.02472
2026-02-27 08:15:00+00:00,-0.03481
2026-02-27 08:30:00+00:00,0.00135
2026-02-27 08:45:00+00:00,0.08655
2026-02-27 09:00:00+00:00,0.0025099999999999996
2026-02-27 09:15:00+00:00,-0.00436
2026-02-27 09:30:00+00:00,-0.00931
2026-02-27 09:45:00+00:00,-0.033409999999999995
2026-02-27 10:00:00+00:00,-0.06256
2026-02-27 10:15:00+00:00,-0.05724
2026-02-27 10:30:00+00:00,-0.09273
2026-02-27 10:45:00+00:00,-0.01308
2026-02-27 11:00:00+00:00,-0.03086
2026-02-27 11:15:00+00:00,-0.0422
2026-02-27 11:30:00+00:00,-0.055409999999999994
2026-02-27 11:45:00+00:00,-0.03563
2026-02-27 12:00:00+00:00,-0.06651
2026-02-27 12:15:00+00:00,-0.07399
2026-02-27 12:30:00+00:00,-0.01444
2026-02-27 12:45:00+00:00,-0.03158
2026-02-27 13:00:00+00:00,-0.02868
2026-02-27 13:15:00+00:00,-0.01713
2026-02-27 13:30:00+00:00,-0.036770000000000004
2026-02-27 13:45:00+00:00,-0.06439
2026-02-27 14:00:00+00:00,-0.013949999999999999
2026-02-27 14:15:00+00:00,-0.00622
2026-02-27 14:30:00+00:00,-0.07245
2026-02-27 14:45:00+00:00,-0.00597
2026-02-27 15:00:00+00:00,0.10366
2026-02-27 15:15:00+00:00,0.10862999999999999
2026-02-27 15:30:00+00:00,0.12314
2026-02-27 15:45:00+00:00,0.16412000000000002
2026-02-27 16:00:00+00:00,0.06995
2026-02-27 16:15:00+00:00,0.1014
2026-02-27 16:30:00+00:00,0.09604
2026-02-27 16:45:00+00:00,0.06923
2026-02-27 17:00:00+00:00,0.04217
2026-02-27 17:15:00+00:00,0.02414
2026-02-27 17:30:00+00:00,0.00093
2026-02-27 17:45:00+00:00,0.03929
2026-02-27 18:00:00+00:00,0.06881
2026-02-27 18:15:00+00:00,0.07135
2026-02-27 18:30:00+00:00,0.07108
2026-02-27 18:45:00+00:00,0.061090000000000005
2026-02-27 19:00:00+00:00,0.06067
2026-02-27 19:15:00+00:00,0.06495999999999999
2026-02-27 19:30:00+00:00,0.0916
2026-02-27 19:45:00+00:00,0.10099
2026-02-27 20:00:00+00:00,0.10781
2026-02-27 20:15:00+00:00,0.10606
2026-02-27 20:30:00+00:00,0.060340000000000005
2026-02-27 20:45:00+00:00,0.060649999999999996
2026-02-27 21:00:00+00:00,0.07402
2026-02-27 21:15:00+00:00,0.07493000000000001
2026-02-27 21:30:00+00:00,0.09359
2026-02-27 21:45:00+00:00,0.10553
2026-02-27 22:00:00+00:00,0.1134
2026-02-27 22:15:00+00:00,0.12381
2026-02-27 22:30:00+00:00,0.1308
2026-02-27 22:45:00+00:00,0.10488
2026-02-27 23:00:00+00:00,0.0695
2026-02-27 23:15:00+00:00,0.07698999999999999
2026-02-27 23:30:00+00:00,0.06026
2026-02-27 23:45:00+00:00,0.056850000000000005
2026-02-28 00:00:00+00:00,0.071
2026-02-28 00:15:00+00:00,0.0823
2026-02-28 00:30:00+00:00,0.07659
2026-02-28 00:45:00+00:00,0.12562
2026-02-28 01:00:00+00:00,0.12203
2026-02-28 01:15:00+00:00,0.06984
2026-02-28 01:30:00+00:00,0.10998999999999999
2026-02-28 01:45:00+00:00,0.07817
2026-02-28 02:00:00+00:00,0.12226999999999999
2026-02-28 02:15:00+00:00,0.06956
2026-02-28 02:30:00+00:00,0.07268000000000001
2026-02-28 02:45:00+00:00,0.08512
2026-02-28 03:00:00+00:00,0.07625
2026-02-28 03:15:00+00:00,0.0624
2026-02-28 03:30:00+00:00,0.053520000000000005
2026-02-28 03:45:00+00:00,0.0474
2026-02-28 04:00:00+00:00,0.06172
2026-02-28 04:15:00+00:00,0.09298000000000001
2026-02-28 04:30:00+00:00,0.07748000000000001
2026-02-28 04:45:00+00:00,0.09511
2026-02-28 05:00:00+00:00,0.07887000000000001
2026-02-28 05:15:00+00:00,0.07379000000000001
2026-02-28 05:30:00+00:00,0.07704000000000001
2026-02-28 05:45:00+00:00,0.07291
2026-02-28 06:00:00+00:00,0.07244
2026-02-28 06:15:00+00:00,0.06441
2026-02-28 06:30:00+00:00,0.038130000000000004
2026-02-28 06:45:00+00:00,0.0034100000000000003
2026-02-28 07:00:00+00:00,0.04564
2026-02-28 07:15:00+00:00,0.04557
2026-02-28 07:30:00+00:00,0.03864
2026-02-28 07:45:00+00:00,0.00415
2026-02-28 08:00:00+00:00,-0.02921
2026-02-28 08:15:00+00:00,0.053619999999999994
2026-02-28 08:30:00+00:00,-0.00739
2026-02-28 08:45:00+00:00,-0.03693
2026-02-28 09:00:00+00:00,-0.03264
2026-02-28 09:15:00+00:00,0.07243000000000001
2026-02-28 09:30:00+00:00,-0.01111
2026-02-28 09:45:00+00:00,-0.0052
2026-02-28 10:00:00+00:00,-0.00771
2026-02-28 10:15:00+00:00,-0.00898
2026-02-28 10:30:00+00:00,0.0068
2026-02-28 10:45:00+00:00,-0.02946
2026-02-28 11:00:00+00:00,-0.032729999999999995
2026-02-28 11:15:00+00:00,-0.00159
2026-02-28 11:30:00+00:00,0.00442
2026-02-28 11:45:00+00:00,0.00738
2026-02-28 12:00:00+00:00,-0.01009
2026-02-28 12:15:00+00:00,-0.01048
2026-02-28 12:30:00+00:00,-0.01107
2026-02-28 12:45:00+00:00,0.00841
2026-02-28 13:00:00+00:00,0.00451
2026-02-28 13:15:00+00:00,-0.013630000000000001
2026-02-28 13:30:00+00:00,-0.00861
2026-02-28 13:45:00+00:00,0.00013000000000000002
2026-02-28 14:00:00+00:00,-0.07079
2026-02-28 14:15:00+00:00,-0.17704
2026-02-28 14:30:00+00:00,-0.04155
2026-02-28 14:45:00+00:00,0.05089
2026-02-28 15:00:00+00:00,-0.009179999999999999
2026-02-28 15:15:00+00:00,-0.11306000000000001
2026-02-28 15:30:00+00:00,0.09559000000000001
2026-02-28 15:45:00+00:00,0.06759
2026-02-28 16:00:00+00:00,0.014539999999999999
2026-02-28 16:15:00+00:00,-0.00587
2026-02-28 16:30:00+00:00,-0.03515
2026-02-28 16:45:00+00:00,0.01345
2026-02-28 17:00:00+00:00,0.02905
2026-02-28 17:15:00+00:00,0.062119999999999995
2026-02-28 17:30:00+00:00,0.05096
2026-02-28 17:45:00+00:00,0.01647
2026-02-28 18:00:00+00:00,0.02569
2026-02-28 18:15:00+00:00,0.05294
2026-02-28 18:30:00+00:00,0.08633
2026-02-28 18:45:00+00:00,0.07508
2026-02-28 19:00:00+00:00,0.05006
2026-02-28 19:15:00+00:00,0.04625
2026-02-28 19:30:00+00:00,0.032380000000000006
2026-02-28 19:45:00+00:00,0.03086
2026-02-28 20:00:00+00:00,0.05316
2026-02-28 20:15:00+00:00,0.05214
2026-02-28 20:30:00+00:00,0.06
2026-02-28 20:45:00+00:00,0.05975
2026-02-28 21:00:00+00:00,0.08454
2026-02-28 21:15:00+00:00,0.03915
2026-02-28 21:30:00+00:00,0.07188
2026-02-28 21:45:00+00:00,0.06948
2026-02-28 22:00:00+00:00,0.05199
2026-02-28 22:15:00+00:00,0.04918
2026-02-28 22:30:00+00:00,0.04996
2026-02-28 22:45:00+00:00,0.05086
2026-02-28 23:00:00+00:00,0.0074800000000000005
2026-02-28 23:15:00+00:00,-0.05622
2026-02-28 23:30:00+00:00,-0.04937
2026-02-28 23:45:00+00:00,0.00856
2026-03-01 00:00:00+00:00,0.02492
2026-03-01 00:15:00+00:00,0.0216
2026-03-01 00:30:00+00:00,0.04919
2026-03-01 00:45:00+00:00,0.05348
2026-03-01 01:00:00+00:00,0.023
2026-03-01 01:15:00+00:00,0.02854
2026-03-01 01:30:00+00:00,0.019399999999999997
2026-03-01 01:45:00+00:00,0.03171
2026-03-01 02:00:00+00:00,0.06256
2026-03-01 02:15:00+00:00,0.08234999999999999
2026-03-01 02:30:00+00:00,0.0523
2026-03-01 02:45:00+00:00,0.04001
2026-03-01 03:00:00+00:00,0.04117
2026-03-01 03:15:00+00:00,0.03259
2026-03-01 03:30:00+00:00,0.02054
2026-03-01 03:45:00+00:00,-0.00435
2026-03-01 04:00:00+00:00,0.00151
2026-03-01 04:15:00+00:00,0.00464
2026-03-01 04:30:00+00:00,-0.01122
2026-03-01 04:45:00+00:00,0.00214
2026-03-01 05:00:00+00:00,0.00099
2026-03-01 05:15:00+00:00,0.00731
2026-03-01 05:30:00+00:00,0.00871
2026-03-01 05:45:00+00:00,0.0051600000000000005
2026-03-01 06:00:00+00:00,0.07742
2026-03-01 06:15:00+00:00,0.08231999999999999
2026-03-01 06:30:00+00:00,0.0735
2026-03-01 06:45:00+00:00,0.0775
2026-03-01 07:00:00+00:00,0.09498000000000001
2026-03-01 07:15:00+00:00,0.09237000000000001
2026-03-01 07:30:00+00:00,0.05432
2026-03-01 07:45:00+00:00,0.051840000000000004
2026-03-01 08:00:00+00:00,0.10114
2026-03-01 08:15:00+00:00,0.05008
2026-03-01 08:30:00+00:00,0.01754
2026-03-01 08:45:00+00:00,-0.01396
2026-03-01 09:00:00+00:00,-0.007679999999999999
2026-03-01 09:15:00+00:00,-0.01325
2026-03-01 09:30:00+00:00,-0.0088
2026-03-01 09:45:00+00:00,-0.01033
2026-03-01 10:00:00+00:00,0.01286
2026-03-01 10:15:00+00:00,0.00546
2026-03-01 10:30:00+00:00,-0.00382
2026-03-01 10:45:00+00:00,0.00233
2026-03-01 11:00:00+00:00,-0.0065899999999999995
2026-03-01 11:15:00+00:00,-0.03431
2026-03-01 11:30:00+00:00,-0.026949999999999998
2026-03-01 11:45:00+00:00,-0.0249
2026-03-01 12:00:00+00:00,-0.016890000000000002
2026-03-01 12:15:00+00:00,-0.011009999999999999
2026-03-01 12:30:00+00:00,-0.01439
2026-03-01 12:45:00+00:00,-0.013460000000000001
2026-03-01 13:00:00+00:00,-0.00828
2026-03-01 13:15:00+00:00,-0.00342
2026-03-01 13:30:00+00:00,-0.01033
2026-03-01 13:45:00+00:00,-0.04423
2026-03-01 14:00:00+00:00,-0.06123
2026-03-01 14:15:00+00:00,-0.03302
2026-03-01 14:30:00+00:00,-0.042140000000000004
2026-03-01 14:45:00+00:00,-1.47504
2026-03-01 15:00:00+00:00,-0.02216
2026-03-01 15:15:00+00:00,-0.016190000000000003
2026-03-01 15:30:00+00:00,0.07894
2026-03-01 15:45:00+00:00,0.09433
2026-03-01 16:00:00+00:00,0.11129
2026-03-01 16:15:00+00:00,0.11856
2026-03-01 16:30:00+00:00,0.08713
2026-03-01 16:45:00+00:00,0.12212999999999999
2026-03-01 17:00:00+00:00,0.15324000000000002
2026-03-01 17:15:00+00:00,0.15803999999999999
2026-03-01 17:30:00+00:00,0.14373
2026-03-01 17:45:00+00:00,0.12
2026-03-01 18:00:00+00:00,0.14981
2026-03-01 18:15:00+00:00,0.08311
2026-03-01 18:30:00+00:00,0.032119999999999996
2026-03-01 18:45:00+00:00,0.05856
2026-03-01 19:00:00+00:00,0.1076
2026-03-01 19:15:00+00:00,0.03415
2026-03-01 19:30:00+00:00,0.031030000000000002
2026-03-01 19:45:00+00:00,0.044219999999999995
2026-03-01 20:00:00+00:00,0.04646
2026-03-01 20:15:00+00:00,0.08448
2026-03-01 20:30:00+00:00,0.08086
2026-03-01 20:45:00+00:00,0.07462
2026-03-01 21:00:00+00:00,0.03589
2026-03-01 21:15:00+00:00,0.03505
2026-03-01 21:30:00+00:00,0.01349
2026-03-01 21:45:00+00:00,0.027399999999999997
2026-03-01 22:00:00+00:00,0.03541
2026-03-01 22:15:00+00:00,0.0385
2026-03-01 22:30:00+00:00,0.038880000000000005
2026-03-01 22:45:00+00:00,0.05346
2026-03-01 23:00:00+00:00,-0.006719999999999999
2026-03-01 23:15:00+00:00,0.09195
2026-03-01 23:30:00+00:00,0.046090000000000006
2026-03-01 23:45:00+00:00,0.06827
2026-03-02 00:00:00+00:00,0.09694
2026-03-02 00:15:00+00:00,0.11125
2026-03-02 00:30:00+00:00,0.09933
2026-03-02 00:45:00+00:00,0.03721
2026-03-02 01:00:00+00:00,0.04796
2026-03-02 01:15:00+00:00,0.0417
2026-03-02 01:30:00+00:00,0.04758
2026-03-02 01:45:00+00:00,0.04372
2026-03-02 02:00:00+00:00,0.08914
2026-03-02 02:15:00+00:00,0.07064
2026-03-02 02:30:00+00:00,0.05079
2026-03-02 02:45:00+00:00,0.10678
2026-03-02 03:00:00+00:00,0.09359
2026-03-02 03:15:00+00:00,0.09718
2026-03-02 03:30:00+00:00,0.13723
2026-03-02 03:45:00+00:00,0.09992
2026-03-02 04:00:00+00:00,0.04536
2026-03-02 04:15:00+00:00,0.04968
2026-03-02 04:30:00+00:00,0.03263
2026-03-02 04:45:00+00:00,0.11175
2026-03-02 05:00:00+00:00,0.11495
2026-03-02 05:15:00+00:00,0.11166
2026-03-02 05:30:00+00:00,0.07436
2026-03-02 05:45:00+00:00,0.06758
2026-03-02 06:00:00+00:00,0.11568
2026-03-02 06:15:00+00:00,0.10651000000000001
2026-03-02 06:30:00+00:00,0.08348
2026-03-02 06:45:00+00:00,0.08227
2026-03-02 07:00:00+00:00,0.08631
2026-03-02 07:15:00+00:00,0.03621
2026-03-02 07:30:00+00:00,0.03409
2026-03-02 07:45:00+00:00,0.10285
2026-03-02 08:00:00+00:00,0.12869999999999998
2026-03-02 08:15:00+00:00,0.17378
2026-03-02 08:30:00+00:00,0.04542
2026-03-02 08:45:00+00:00,0.05815
2026-03-02 09:00:00+00:00,0.10582
2026-03-02 09:15:00+00:00,0.04458
2026-03-02 09:30:00+00:00,0.03304
2026-03-02 09:45:00+00:00,0.01678
2026-03-02 10:00:00+00:00,-0.04311
2026-03-02 10:15:00+00:00,-0.027559999999999998
2026-03-02 10:30:00+00:00,-0.02109
2026-03-02 10:45:00+00:00,-0.02533
2026-03-02 11:00:00+00:00,-0.01257
2026-03-02 11:15:00+00:00,-0.01436
2026-03-02 11:30:00+00:00,-0.020329999999999997
2026-03-02 11:45:00+00:00,-0.02607
2026-03-02 12:00:00+00:00,-0.02009
2026-03-02 12:15:00+00:00,-0.01849
2026-03-02 12:30:00+00:00,-0.01457
2026-03-02 12:45:00+00:00,-0.019780000000000002
2026-03-02 13:00:00+00:00,-0.019350000000000003
2026-03-02 13:15:00+00:00,-0.016550000000000002
2026-03-02 13:30:00+00:00,0.02745
2026-03-02 13:45:00+00:00,0.00526
2026-03-02 14:00:00+00:00,0.02105
2026-03-02 14:15:00+00:00,0.00209
2026-03-02 14:30:00+00:00,0.09011
2026-03-02 14:45:00+00:00,0.08303
2026-03-02 15:00:00+00:00,0.032600000000000004
2026-03-02 15:15:00+00:00,0.04646
2026-03-02 15:30:00+00:00,0.08249
2026-03-02 15:45:00+00:00,0.12685
2026-03-02 16:00:00+00:00,0.07103
2026-03-02 16:15:00+00:00,0.15552000000000002
2026-03-02 16:30:00+00:00,0.11899
2026-03-02 16:45:00+00:00,0.17037
2026-03-02 17:00:00+00:00,0.17456
2026-03-02 17:15:00+00:00,0.14375
2026-03-02 17:30:00+00:00,0.10535
2026-03-02 17:45:00+00:00,0.14085
2026-03-02 18:00:00+00:00,0.09619
2026-03-02 18:15:00+00:00,0.09543
2026-03-02 18:30:00+00:00,0.12668000000000001
2026-03-02 18:45:00+00:00,0.0828
2026-03-02 19:00:00+00:00,0.14746
2026-03-02 19:15:00+00:00,0.12844
2026-03-02 19:30:00+00:00,0.13954
2026-03-02 19:45:00+00:00,0.07943
2026-03-02 20:00:00+00:00,0.10115
2026-03-02 20:15:00+00:00,0.05485
2026-03-02 20:30:00+00:00,0.10589
2026-03-02 20:45:00+00:00,0.07658
2026-03-02 21:00:00+00:00,0.08398
2026-03-02 21:15:00+00:00,0.06494
2026-03-02 21:30:00+00:00,0.04871
2026-03-02 21:45:00+00:00,0.04252
2026-03-02 22:00:00+00:00,0.07640999999999999
2026-03-02 22:15:00+00:00,0.07532
2026-03-02 22:30:00+00:00,0.05735
2026-03-02 22:45:00+00:00,0.05867
2026-03-02 23:00:00+00:00,0.06406
2026-03-02 23:15:00+00:00,0.0516
2026-03-02 23:30:00+00:00,0.07238
2026-03-02 23:45:00+00:00,0.10834
2026-03-03 00:00:00+00:00,0.10341
2026-03-03 00:15:00+00:00,0.09337999999999999
2026-03-03 00:30:00+00:00,0.07271
2026-03-03 00:45:00+00:00,0.06339
2026-03-03 01:00:00+00:00,0.06714
2026-03-03 01:15:00+00:00,0.07353
2026-03-03 01:30:00+00:00,0.07615000000000001
2026-03-03 01:45:00+00:00,0.09226000000000001
2026-03-03 02:00:00+00:00,0.09537999999999999
2026-03-03 02:15:00+00:00,0.10243000000000001
2026-03-03 02:30:00+00:00,0.113
2026-03-03 02:45:00+00:00,0.10898000000000001
2026-03-03 03:00:00+00:00,0.12577
2026-03-03 03:15:00+00:00,0.11145000000000001
2026-03-03 03:30:00+00:00,0.09126000000000001
2026-03-03 03:45:00+00:00,0.11463
2026-03-03 04:00:00+00:00,0.07648
2026-03-03 04:15:00+00:00,0.0887
2026-03-03 04:30:00+00:00,0.1141
2026-03-03 04:45:00+00:00,0.11858
2026-03-03 05:00:00+00:00,0.09795000000000001
2026-03-03 05:15:00+00:00,0.14045
2026-03-03 05:30:00+00:00,0.15233000000000002
2026-03-03 05:45:00+00:00,0.11911
2026-03-03 06:00:00+00:00,0.10296
2026-03-03 06:15:00+00:00,0.0975
2026-03-03 06:30:00+00:00,0.13366999999999998
2026-03-03 06:45:00+00:00,0.09884
2026-03-03 07:00:00+00:00,0.0923
2026-03-03 07:15:00+00:00,0.07635
2026-03-03 07:30:00+00:00,0.0985
2026-03-03 07:45:00+00:00,0.05759
2026-03-03 08:00:00+00:00,0.10776000000000001
2026-03-03 08:15:00+00:00,0.11073000000000001
2026-03-03 08:30:00+00:00,0.11833
2026-03-03 08:45:00+00:00,0.15888
2026-03-03 09:00:00+00:00,0.21894
2026-03-03 09:15:00+00:00,0.14157
2026-03-03 09:30:00+00:00,0.08788
2026-03-03 09:45:00+00:00,0.01839
2026-03-03 10:00:00+00:00,0.011869999999999999
2026-03-03 10:15:00+00:00,0.020989999999999998
2026-03-03 10:30:00+00:00,0.07606
2026-03-03 10:45:00+00:00,0.01085
2026-03-03 11:00:00+00:00,0.02594
2026-03-03 11:15:00+00:00,0.02561
2026-03-03 11:30:00+00:00,-0.00318
2026-03-03 11:45:00+00:00,-0.00419
2026-03-03 12:00:00+00:00,-0.01262
2026-03-03 12:15:00+00:00,0.060649999999999996
2026-03-03 12:30:00+00:00,-0.01218
2026-03-03 12:45:00+00:00,-0.00628
2026-03-03 13:00:00+00:00,-0.00749
2026-03-03 13:15:00+00:00,0.02274
2026-03-03 13:30:00+00:00,0.11854
2026-03-03 13:45:00+00:00,0.09409000000000001
2026-03-03 14:00:00+00:00,0.12306
2026-03-03 14:15:00+00:00,0.10359
2026-03-03 14:30:00+00:00,0.03535
2026-03-03 14:45:00+00:00,0.11477
2026-03-03 15:00:00+00:00,0.05775
2026-03-03 15:15:00+00:00,0.06756999999999999
2026-03-03 15:30:00+00:00,0.0664
2026-03-03 15:45:00+00:00,0.0626
2026-03-03 16:00:00+00:00,0.04396
2026-03-03 16:15:00+00:00,0.06178
2026-03-03 16:30:00+00:00,0.0884
2026-03-03 16:45:00+00:00,0.09242
2026-03-03 17:00:00+00:00,0.08868999999999999
2026-03-03 17:15:00+00:00,0.09647
2026-03-03 17:30:00+00:00,0.09634000000000001
2026-03-03 17:45:00+00:00,0.10603
2026-03-03 18:00:00+00:00,0.16318000000000002
2026-03-03 18:15:00+00:00,0.1047
2026-03-03 18:30:00+00:00,0.08406
2026-03-03 18:45:00+00:00,0.09881999999999999
2026-03-03 19:00:00+00:00,0.10737000000000001
2026-03-03 19:15:00+00:00,0.08184000000000001
2026-03-03 19:30:00+00:00,0.12759
2026-03-03 19:45:00+00:00,0.15904
2026-03-03 20:00:00+00:00,0.16394999999999998
2026-03-03 20:15:00+00:00,0.1581
2026-03-03 20:30:00+00:00,0.09626
2026-03-03 20:45:00+00:00,0.10472
2026-03-03 21:00:00+00:00,0.08088
2026-03-03 21:15:00+00:00,0.09026999999999999
2026-03-03 21:30:00+00:00,0.1264
2026-03-03 21:45:00+00:00,0.11511
2026-03-03 22:00:00+00:00,0.16586
2026-03-03 22:15:00+00:00,0.1028
2026-03-03 22:30:00+00:00,0.07809
2026-03-03 22:45:00+00:00,0.08838
2026-03-03 23:00:00+00:00,0.06442
2026-03-03 23:15:00+00:00,0.08637
2026-03-03 23:30:00+00:00,0.09979
2026-03-03 23:45:00+00:00,0.11606999999999999
2026-03-04 00:00:00+00:00,0.12608
2026-03-04 00:15:00+00:00,0.10175
2026-03-04 00:30:00+00:00,0.08327
2026-03-04 00:45:00+00:00,0.07603
2026-03-04 01:00:00+00:00,0.06487000000000001
2026-03-04 01:15:00+00:00,0.06695000000000001
2026-03-04 01:30:00+00:00,0.10069
2026-03-04 01:45:00+00:00,0.1026
2026-03-04 02:00:00+00:00,0.11701
2026-03-04 02:15:00+00:00,0.10443999999999999
2026-03-04 02:30:00+00:00,0.08977
2026-03-04 02:45:00+00:00,0.09161
2026-03-04 03:00:00+00:00,0.09
2026-03-04 03:15:00+00:00,0.11054
2026-03-04 03:30:00+00:00,0.105
2026-03-04 03:45:00+00:00,0.12925999999999999
2026-03-04 04:00:00+00:00,0.11323
2026-03-04 04:15:00+00:00,0.11203
2026-03-04 04:30:00+00:00,0.13746
2026-03-04 04:45:00+00:00,0.17284
2026-03-04 05:00:00+00:00,0.06559999999999999
2026-03-04 05:15:00+00:00,0.09167
2026-03-04 05:30:00+00:00,0.14712
2026-03-04 05:45:00+00:00,0.10504000000000001
2026-03-04 06:00:00+00:00,0.139
2026-03-04 06:15:00+00:00,0.21647
2026-03-04 06:30:00+00:00,0.09478
2026-03-04 06:45:00+00:00,0.10001
2026-03-04 07:00:00+00:00,0.18180000000000002
2026-03-04 07:15:00+00:00,0.07257999999999999
2026-03-04 07:30:00+00:00,0.06978
2026-03-04 07:45:00+00:00,0.0694
2026-03-04 08:00:00+00:00,0.08977
2026-03-04 08:15:00+00:00,0.07461
2026-03-04 08:30:00+00:00,0.07041
2026-03-04 08:45:00+00:00,0.09888
2026-03-04 09:00:00+00:00,0.2023
2026-03-04 09:15:00+00:00,0.02284
2026-03-04 09:30:00+00:00,0.09381
2026-03-04 09:45:00+00:00,0.12956
2026-03-04 10:00:00+00:00,0.14178
2026-03-04 10:15:00+00:00,0.12731
2026-03-04 10:30:00+00:00,0.106
2026-03-04 10:45:00+00:00,0.07927
2026-03-04 11:00:00+00:00,0.01156
2026-03-04 11:15:00+00:00,0.00974
2026-03-04 11:30:00+00:00,0.00067
2026-03-04 11:45:00+00:00,0.00329
2026-03-04 12:00:00+00:00,-0.01124
2026-03-04 12:15:00+00:00,-0.01339
2026-03-04 12:30:00+00:00,-0.00729
2026-03-04 12:45:00+00:00,0.01662
2026-03-04 13:00:00+00:00,0.08275
2026-03-04 13:15:00+00:00,0.1202
2026-03-04 13:30:00+00:00,0.10475
2026-03-04 13:45:00+00:00,0.12988
2026-03-04 14:00:00+00:00,0.03467
2026-03-04 14:15:00+00:00,0.09092
2026-03-04 14:30:00+00:00,0.10334
2026-03-04 14:45:00+00:00,0.10948000000000001
2026-03-04 15:00:00+00:00,0.07634
2026-03-04 15:15:00+00:00,0.06647
2026-03-04 15:30:00+00:00,0.04341
2026-03-04 15:45:00+00:00,0.09003
2026-03-04 16:00:00+00:00,0.07374
2026-03-04 16:15:00+00:00,0.14292
2026-03-04 16:30:00+00:00,0.14758000000000002
2026-03-04 16:45:00+00:00,0.10614
2026-03-04 17:00:00+00:00,0.08789
2026-03-04 17:15:00+00:00,0.12106
2026-03-04 17:30:00+00:00,0.10286
2026-03-04 17:45:00+00:00,0.09665
2026-03-04 18:00:00+00:00,0.12906
2026-03-04 18:15:00+00:00,0.10968000000000001
2026-03-04 18:30:00+00:00,0.09053
2026-03-04 18:45:00+00:00,0.08838
2026-03-04 19:00:00+00:00,0.08456999999999999
2026-03-04 19:15:00+00:00,0.1386
2026-03-04 19:30:00+00:00,0.13475
2026-03-04 19:45:00+00:00,0.08381
2026-03-04 20:00:00+00:00,0.08807999999999999
2026-03-04 20:15:00+00:00,0.12339
2026-03-04 20:30:00+00:00,0.11605
2026-03-04 20:45:00+00:00,0.07093
2026-03-04 21:00:00+00:00,0.14449
2026-03-04 21:15:00+00:00,0.10256
2026-03-04 21:30:00+00:00,0.10608
2026-03-04 21:45:00+00:00,0.09845000000000001
2026-03-04 22:00:00+00:00,0.07093
2026-03-04 22:15:00+00:00,0.06564
2026-03-04 22:30:00+00:00,0.08536
2026-03-04 22:45:00+00:00,0.09533
2026-03-04 23:00:00+00:00,0.12281
2026-03-04 23:15:00+00:00,0.10937000000000001
2026-03-04 23:30:00+00:00,0.13449
2026-03-04 23:45:00+00:00,0.10764
2026-03-05 00:00:00+00:00,0.11664
2026-03-05 00:15:00+00:00,0.09283
2026-03-05 00:30:00+00:00,0.09246
2026-03-05 00:45:00+00:00,0.07304000000000001
2026-03-05 01:00:00+00:00,0.08206999999999999
2026-03-05 01:15:00+00:00,0.10252
2026-03-05 01:30:00+00:00,0.09987
2026-03-05 01:45:00+00:00,0.10387
2026-03-05 02:00:00+00:00,0.09917000000000001
2026-03-05 02:15:00+00:00,0.10163
2026-03-05 02:30:00+00:00,0.07318999999999999
2026-03-05 02:45:00+00:00,0.08212
2026-03-05 03:00:00+00:00,0.07734999999999999
2026-03-05 03:15:00+00:00,0.09704
2026-03-05 03:30:00+00:00,0.09036
2026-03-05 03:45:00+00:00,0.0892
2026-03-05 04:00:00+00:00,0.07890000000000001
2026-03-05 04:15:00+00:00,0.08178
2026-03-05 04:30:00+00:00,0.08101
2026-03-05 04:45:00+00:00,0.07132
2026-03-05 05:00:00+00:00,0.13888999999999999
2026-03-05 05:15:00+00:00,0.12715
2026-03-05 05:30:00+00:00,0.15478
2026-03-05 05:45:00+00:00,0.17455
2026-03-05 06:00:00+00:00,0.16888
2026-03-05 06:15:00+00:00,0.17516
2026-03-05 06:30:00+00:00,0.17476
2026-03-05 06:45:00+00:00,0.17911000000000002
2026-03-05 07:00:00+00:00,0.11694
2026-03-05 07:15:00+00:00,0.032409999999999994
2026-03-05 07:30:00+00:00,0.06437000000000001
2026-03-05 07:45:00+00:00,0.11169
2026-03-05 08:00:00+00:00,0.11431000000000001
2026-03-05 08:15:00+00:00,0.13636
2026-03-05 08:30:00+00:00,0.16551
2026-03-05 08:45:00+00:00,0.18559
2026-03-05 09:00:00+00:00,0.12840000000000001
2026-03-05 09:15:00+00:00,0.11443
2026-03-05 09:30:00+00:00,0.21508000000000002
2026-03-05 09:45:00+00:00,0.09849
2026-03-05 10:00:00+00:00,0.12154000000000001
2026-03-05 10:15:00+00:00,0.14408
2026-03-05 10:30:00+00:00,0.13079
2026-03-05 10:45:00+00:00,0.11356000000000001
2026-03-05 11:00:00+00:00,0.1006
2026-03-05 11:15:00+00:00,0.09914
2026-03-05 11:30:00+00:00,0.03084
2026-03-05 11:45:00+00:00,0.027460000000000002
2026-03-05 12:00:00+00:00,0.02782
2026-03-05 12:15:00+00:00,-0.01712
2026-03-05 12:30:00+00:00,-0.01275
2026-03-05 12:45:00+00:00,-0.01662
2026-03-05 13:00:00+00:00,0.04099
2026-03-05 13:15:00+00:00,-0.00191
2026-03-05 13:30:00+00:00,0.02154
2026-03-05 13:45:00+00:00,0.07423
2026-03-05 14:00:00+00:00,0.11031
2026-03-05 14:15:00+00:00,0.14065
2026-03-05 14:30:00+00:00,0.12473999999999999
2026-03-05 14:45:00+00:00,0.11326
2026-03-05 15:00:00+00:00,0.03995
2026-03-05 15:15:00+00:00,0.07923999999999999
2026-03-05 15:30:00+00:00,0.16049000000000002
2026-03-05 15:45:00+00:00,0.14815
2026-03-05 16:00:00+00:00,0.17053000000000001
2026-03-05 16:15:00+00:00,0.18018
2026-03-05 16:30:00+00:00,0.3053
2026-03-05 16:45:00+00:00,0.65713
2026-03-05 17:00:00+00:00,0.09569
2026-03-05 17:15:00+00:00,0.09633
2026-03-05 17:30:00+00:00,0.10175
2026-03-05 17:45:00+00:00,0.10646
2026-03-05 18:00:00+00:00,0.10937999999999999
2026-03-05 18:15:00+00:00,0.04922
2026-03-05 18:30:00+00:00,0.06481
2026-03-05 18:45:00+00:00,0.07232999999999999
2026-03-05 19:00:00+00:00,0.14755000000000001
2026-03-05 19:15:00+00:00,0.12879
2026-03-05 19:30:00+00:00,0.03477
2026-03-05 19:45:00+00:00,0.03665
2026-03-05 20:00:00+00:00,0.06619
2026-03-05 20:15:00+00:00,0.10445
2026-03-05 20:30:00+00:00,0.09058
2026-03-05 20:45:00+00:00,0.1051
2026-03-05 21:00:00+00:00,0.10908
2026-03-05 21:15:00+00:00,0.08658
2026-03-05 21:30:00+00:00,0.07316
2026-03-05 21:45:00+00:00,0.07575
2026-03-05 22:00:00+00:00,0.10256
2026-03-05 22:15:00+00:00,0.12082999999999999
2026-03-05 22:30:00+00:00,0.12013
2026-03-05 22:45:00+00:00,0.10439
2026-03-05 23:00:00+00:00,0.13308
2026-03-05 23:15:00+00:00,0.12822999999999998
2026-03-05 23:30:00+00:00,0.11209000000000001
2026-03-05 23:45:00+00:00,0.11251
2026-03-06 00:00:00+00:00,0.13604
2026-03-06 00:15:00+00:00,0.12798
2026-03-06 00:30:00+00:00,0.11581999999999999
2026-03-06 00:45:00+00:00,0.14161
2026-03-06 01:00:00+00:00,0.15134999999999998
2026-03-06 01:15:00+00:00,0.15308000000000002
2026-03-06 01:30:00+00:00,0.11604
2026-03-06 01:45:00+00:00,0.11475
2026-03-06 02:00:00+00:00,0.1227
2026-03-06 02:15:00+00:00,0.14784999999999998
2026-03-06 02:30:00+00:00,0.14605
2026-03-06 02:45:00+00:00,0.15475
2026-03-06 03:00:00+00:00,0.09079999999999999
2026-03-06 03:15:00+00:00,0.12387999999999999
2026-03-06 03:30:00+00:00,0.12594
2026-03-06 03:45:00+00:00,0.15268
2026-03-06 04:00:00+00:00,0.12588
2026-03-06 04:15:00+00:00,0.14497
2026-03-06 04:30:00+00:00,0.10426
2026-03-06 04:45:00+00:00,0.13036
2026-03-06 05:00:00+00:00,0.16171000000000002
2026-03-06 05:15:00+00:00,0.17062
2026-03-06 05:30:00+00:00,0.23395
2026-03-06 05:45:00+00:00,0.17327
2026-03-06 06:00:00+00:00,0.20318
2026-03-06 06:15:00+00:00,0.17278
2026-03-06 06:30:00+00:00,0.17388
2026-03-06 06:45:00+00:00,0.10726000000000001
2026-03-06 07:00:00+00:00,0.10643999999999999
2026-03-06 07:15:00+00:00,0.08572
2026-03-06 07:30:00+00:00,0.23178
2026-03-06 07:45:00+00:00,0.09151999999999999
2026-03-06 08:00:00+00:00,0.06473000000000001
2026-03-06 08:15:00+00:00,0.08436
2026-03-06 08:30:00+00:00,0.07425
2026-03-06 08:45:00+00:00,0.09351000000000001
2026-03-06 09:00:00+00:00,0.12958
2026-03-06 09:15:00+00:00,0.1153
2026-03-06 09:30:00+00:00,0.11733
2026-03-06 09:45:00+00:00,0.11785999999999999
2026-03-06 10:00:00+00:00,0.03014
2026-03-06 10:15:00+00:00,0.06629
2026-03-06 10:30:00+00:00,0.065
2026-03-06 10:45:00+00:00,0.04983
2026-03-06 11:00:00+00:00,0.04982
2026-03-06 11:15:00+00:00,0.0246
2026-03-06 11:30:00+00:00,0.055630000000000006
2026-03-06 11:45:00+00:00,0.031239999999999997
2026-03-06 12:00:00+00:00,0.07562999999999999
2026-03-06 12:15:00+00:00,0.06736
2026-03-06 12:30:00+00:00,0.0878
2026-03-06 12:45:00+00:00,0.13157
2026-03-06 13:00:00+00:00,0.12271
2026-03-06 13:15:00+00:00,0.13311
2026-03-06 13:30:00+00:00,0.07490000000000001
2026-03-06 13:45:00+00:00,0.07429000000000001
2026-03-06 14:00:00+00:00,0.08338
2026-03-06 14:15:00+00:00,0.14683000000000002
2026-03-06 14:30:00+00:00,0.10967
2026-03-06 14:45:00+00:00,0.13415000000000002
2026-03-06 15:00:00+00:00,0.13434000000000001
2026-03-06 15:15:00+00:00,0.17392
2026-03-06 15:30:00+00:00,0.23998
2026-03-06 15:45:00+00:00,0.15587
2026-03-06 16:00:00+00:00,0.16088999999999998
2026-03-06 16:15:00+00:00,0.18618
2026-03-06 16:30:00+00:00,0.12049
2026-03-06 16:45:00+00:00,0.16899
2026-03-06 17:00:00+00:00,0.12001
2026-03-06 17:15:00+00:00,0.13229
2026-03-06 17:30:00+00:00,0.13219
2026-03-06 17:45:00+00:00,0.1247
2026-03-06 18:00:00+00:00,0.12644
2026-03-06 18:15:00+00:00,0.10614
2026-03-06 18:30:00+00:00,0.09176999999999999
2026-03-06 18:45:00+00:00,0.0955
2026-03-06 19:00:00+00:00,0.12334999999999999
2026-03-06 19:15:00+00:00,0.11029000000000001
2026-03-06 19:30:00+00:00,0.11323
2026-03-06 19:45:00+00:00,0.11361
2026-03-06 20:00:00+00:00,0.1693
2026-03-06 20:15:00+00:00,0.15206999999999998
2026-03-06 20:30:00+00:00,0.14067
2026-03-06 20:45:00+00:00,0.10928
2026-03-06 21:00:00+00:00,0.15641999999999998
2026-03-06 21:15:00+00:00,0.15266
2026-03-06 21:30:00+00:00,0.12175
2026-03-06 21:45:00+00:00,0.12378
2026-03-06 22:00:00+00:00,0.14817
2026-03-06 22:15:00+00:00,0.13892
2026-03-06 22:30:00+00:00,0.12669
2026-03-06 22:45:00+00:00,0.10884
2026-03-06 23:00:00+00:00,0.12894
2026-03-06 23:15:00+00:00,0.14594
2026-03-06 23:30:00+00:00,0.13393
2026-03-06 23:45:00+00:00,0.11757
2026-03-07 00:00:00+00:00,0.15178
2026-03-07 00:15:00+00:00,0.14621
2026-03-07 00:30:00+00:00,0.13748
2026-03-07 00:45:00+00:00,0.12476000000000001
2026-03-07 01:00:00+00:00,0.15727000000000002
2026-03-07 01:15:00+00:00,0.13348
2026-03-07 01:30:00+00:00,0.14783000000000002
2026-03-07 01:45:00+00:00,0.15784
2026-03-07 02:00:00+00:00,0.13991
2026-03-07 02:15:00+00:00,0.14562
2026-03-07 02:30:00+00:00,0.17577
2026-03-07 02:45:00+00:00,0.15854
2026-03-07 03:00:00+00:00,0.1391
2026-03-07 03:15:00+00:00,0.14842
2026-03-07 03:30:00+00:00,0.16172
2026-03-07 03:45:00+00:00,0.16094
2026-03-07 04:00:00+00:00,0.12143000000000001
2026-03-07 04:15:00+00:00,0.11142
2026-03-07 04:30:00+00:00,0.15115
2026-03-07 04:45:00+00:00,0.15447999999999998
2026-03-07 05:00:00+00:00,0.16153
2026-03-07 05:15:00+00:00,0.14261000000000001
2026-03-07 05:30:00+00:00,0.15043
2026-03-07 05:45:00+00:00,0.10265
2026-03-07 06:00:00+00:00,0.09073
2026-03-07 06:15:00+00:00,0.13867
2026-03-07 06:30:00+00:00,0.06845
2026-03-07 06:45:00+00:00,0.07328
2026-03-07 07:00:00+00:00,0.11045
2026-03-07 07:15:00+00:00,0.12837
2026-03-07 07:30:00+00:00,0.12888
2026-03-07 07:45:00+00:00,0.08461
2026-03-07 08:00:00+00:00,0.08070999999999999
2026-03-07 08:15:00+00:00,0.05019
2026-03-07 08:30:00+00:00,0.13919
2026-03-07 08:45:00+00:00,0.15444
2026-03-07 09:00:00+00:00,0.18377000000000002
2026-03-07 09:15:00+00:00,0.2412
2026-03-07 09:30:00+00:00,0.20698
2026-03-07 09:45:00+00:00,0.11008
2026-03-07 10:00:00+00:00,0.16519999999999999
2026-03-07 10:15:00+00:00,0.13009
2026-03-07 10:30:00+00:00,0.12315999999999999
2026-03-07 10:45:00+00:00,0.08807
2026-03-07 11:00:00+00:00,0.01228
2026-03-07 11:15:00+00:00,0.0019299999999999999
2026-03-07 11:30:00+00:00,0.03058
2026-03-07 11:45:00+00:00,0.00707
2026-03-07 12:00:00+00:00,-0.00811
2026-03-07 12:15:00+00:00,-0.01236
2026-03-07 12:30:00+00:00,-0.00267
2026-03-07 12:45:00+00:00,-0.004900000000000001
2026-03-07 13:00:00+00:00,0.08718000000000001
2026-03-07 13:15:00+00:00,0.04372
2026-03-07 13:30:00+00:00,0.032619999999999996
2026-03-07 13:45:00+00:00,0.0595
2026-03-07 14:00:00+00:00,0.06703
2026-03-07 14:15:00+00:00,0.09122
2026-03-07 14:30:00+00:00,0.12046
2026-03-07 14:45:00+00:00,0.05328
2026-03-07 15:00:00+00:00,0.12458
2026-03-07 15:15:00+00:00,0.07814
2026-03-07 15:30:00+00:00,0.10187
2026-03-07 15:45:00+00:00,0.13874
2026-03-07 16:00:00+00:00,0.11964
2026-03-07 16:15:00+00:00,0.12001
2026-03-07 16:30:00+00:00,0.13275
2026-03-07 16:45:00+00:00,0.13758
2026-03-07 17:00:00+00:00,0.10235
2026-03-07 17:15:00+00:00,0.12601
2026-03-07 17:30:00+00:00,0.11505
2026-03-07 17:45:00+00:00,0.11979000000000001
2026-03-07 18:00:00+00:00,0.1171
2026-03-07 18:15:00+00:00,0.09943
2026-03-07 18:30:00+00:00,0.1046
2026-03-07 18:45:00+00:00,0.10432999999999999
2026-03-07 19:00:00+00:00,0.11041
2026-03-07 19:15:00+00:00,0.09601000000000001
2026-03-07 19:30:00+00:00,0.12697
2026-03-07 19:45:00+00:00,0.09816
2026-03-07 20:00:00+00:00,0.14155
2026-03-07 20:15:00+00:00,0.13421
2026-03-07 20:30:00+00:00,0.10719
2026-03-07 20:45:00+00:00,0.12615
2026-03-07 21:00:00+00:00,0.13945
2026-03-07 21:15:00+00:00,0.11827
2026-03-07 21:30:00+00:00,0.14418999999999998
2026-03-07 21:45:00+00:00,0.12464
2026-03-07 22:00:00+00:00,0.12936
2026-03-07 22:15:00+00:00,0.11935
2026-03-07 22:30:00+00:00,0.1381
2026-03-07 22:45:00+00:00,0.14072
2026-03-07 23:00:00+00:00,0.11136
2026-03-07 23:15:00+00:00,0.11406999999999999
2026-03-07 23:30:00+00:00,0.11562
2026-03-07 23:45:00+00:00,0.10382
2026-03-08 00:00:00+00:00,0.12840000000000001
2026-03-08 00:15:00+00:00,0.13022999999999998
2026-03-08 00:30:00+00:00,0.11103
2026-03-08 00:45:00+00:00,0.09728
2026-03-08 01:00:00+00:00,0.09223999999999999
2026-03-08 01:15:00+00:00,0.11589
2026-03-08 01:30:00+00:00,0.10967
2026-03-08 01:45:00+00:00,0.12868000000000002
2026-03-08 02:00:00+00:00,0.14053
2026-03-08 02:15:00+00:00,0.12532
2026-03-08 02:30:00+00:00,0.14961000000000002
2026-03-08 02:45:00+00:00,0.15687
2026-03-08 03:00:00+00:00,0.15711000000000003
2026-03-08 03:15:00+00:00,0.16669
2026-03-08 03:30:00+00:00,0.16268000000000002
2026-03-08 03:45:00+00:00,0.15938
2026-03-08 04:00:00+00:00,0.15406
2026-03-08 04:15:00+00:00,0.13666999999999999
2026-03-08 04:30:00+00:00,0.16784000000000002
2026-03-08 04:45:00+00:00,0.1723
2026-03-08 05:00:00+00:00,0.14467
2026-03-08 05:15:00+00:00,0.16945
2026-03-08 05:30:00+00:00,0.12984
2026-03-08 05:45:00+00:00,0.12279000000000001
2026-03-08 06:00:00+00:00,0.1785
2026-03-08 06:15:00+00:00,0.16737
2026-03-08 06:30:00+00:00,0.09159
2026-03-08 06:45:00+00:00,0.09343000000000001
2026-03-08 07:00:00+00:00,0.12991
2026-03-08 07:15:00+00:00,0.11295000000000001
2026-03-08 07:30:00+00:00,0.09265999999999999
2026-03-08 07:45:00+00:00,0.07826999999999999
2026-03-08 08:00:00+00:00,0.04761
2026-03-08 08:15:00+00:00,0.03943
2026-03-08 08:30:00+00:00,0.024579999999999998
2026-03-08 08:45:00+00:00,0.01266
2026-03-08 09:00:00+00:00,0.03657
2026-03-08 09:15:00+00:00,0.00562
2026-03-08 09:30:00+00:00,0.00281
2026-03-08 09:45:00+00:00,-0.00481
2026-03-08 10:00:00+00:00,-7.000000000000001e-05
2026-03-08 10:15:00+00:00,-0.00857
2026-03-08 10:30:00+00:00,0.00062
2026-03-08 10:45:00+00:00,-0.01726
2026-03-08 11:00:00+00:00,-0.00782
2026-03-08 11:15:00+00:00,-0.022609999999999998
2026-03-08 11:30:00+00:00,-0.02271
2026-03-08 11:45:00+00:00,-0.02804
2026-03-08 12:00:00+00:00,-0.03792
2026-03-08 12:15:00+00:00,-0.046380000000000005
2026-03-08 12:30:00+00:00,1e-05
2026-03-08 12:45:00+00:00,-0.0033
2026-03-08 13:00:00+00:00,-0.048909999999999995
2026-03-08 13:15:00+00:00,-0.03597
2026-03-08 13:30:00+00:00,-0.01102
2026-03-08 13:45:00+00:00,-0.01918
2026-03-08 14:00:00+00:00,0.01123
2026-03-08 14:15:00+00:00,0.0215
2026-03-08 14:30:00+00:00,0.0
2026-03-08 14:45:00+00:00,0.05266
2026-03-08 15:00:00+00:00,0.13316
2026-03-08 15:15:00+00:00,0.12816
2026-03-08 15:30:00+00:00,0.17572
2026-03-08 15:45:00+00:00,0.1661
2026-03-08 16:00:00+00:00,0.08491
2026-03-08 16:15:00+00:00,0.06902
2026-03-08 16:30:00+00:00,0.15073
2026-03-08 16:45:00+00:00,0.17883000000000002
2026-03-08 17:00:00+00:00,0.11204
2026-03-08 17:15:00+00:00,0.13885
2026-03-08 17:30:00+00:00,0.12297
2026-03-08 17:45:00+00:00,0.16758
2026-03-08 18:00:00+00:00,0.18336000000000002
2026-03-08 18:15:00+00:00,0.17058
2026-03-08 18:30:00+00:00,0.12013
2026-03-08 18:45:00+00:00,0.10845999999999999
2026-03-08 19:00:00+00:00,0.10662
2026-03-08 19:15:00+00:00,0.111
2026-03-08 19:30:00+00:00,0.11056
2026-03-08 19:45:00+00:00,0.10638
2026-03-08 20:00:00+00:00,0.13071000000000002
2026-03-08 20:15:00+00:00,0.10632
2026-03-08 20:30:00+00:00,0.08367000000000001
2026-03-08 20:45:00+00:00,0.08454
2026-03-08 21:00:00+00:00,0.09817000000000001
2026-03-08 21:15:00+00:00,0.11674
2026-03-08 21:30:00+00:00,0.11853
2026-03-08 21:45:00+00:00,0.13599
2026-03-08 22:00:00+00:00,0.14855000000000002
2026-03-08 22:15:00+00:00,0.07179
2026-03-08 22:30:00+00:00,0.12003
2026-03-08 22:45:00+00:00,0.10842
2026-03-08 23:00:00+00:00,0.10898999999999999
2026-03-08 23:15:00+00:00,0.09386
2026-03-08 23:30:00+00:00,0.09602
2026-03-08 23:45:00+00:00,0.08977
2026-03-09 00:00:00+00:00,0.10626999999999999
2026-03-09 00:15:00+00:00,0.09531999999999999
2026-03-09 00:30:00+00:00,0.09751
2026-03-09 00:45:00+00:00,0.10937000000000001
2026-03-09 01:00:00+00:00,0.10640999999999999
2026-03-09 01:15:00+00:00,0.14356
2026-03-09 01:30:00+00:00,0.1447
2026-03-09 01:45:00+00:00,0.15281999999999998
2026-03-09 02:00:00+00:00,0.10132
2026-03-09 02:15:00+00:00,0.08915000000000001
2026-03-09 02:30:00+00:00,0.10076
2026-03-09 02:45:00+00:00,0.12395
2026-03-09 03:00:00+00:00,0.0973
2026-03-09 03:15:00+00:00,0.10373
2026-03-09 03:30:00+00:00,0.09684999999999999
2026-03-09 03:45:00+00:00,0.11372
2026-03-09 04:00:00+00:00,0.11222
2026-03-09 04:15:00+00:00,0.14836000000000002
2026-03-09 04:30:00+00:00,0.14764
2026-03-09 04:45:00+00:00,0.14576
2026-03-09 05:00:00+00:00,0.16666
2026-03-09 05:15:00+00:00,0.16102
2026-03-09 05:30:00+00:00,0.17206
2026-03-09 05:45:00+00:00,0.20123
2026-03-09 06:00:00+00:00,0.22711
2026-03-09 06:15:00+00:00,0.19702
2026-03-09 06:30:00+00:00,0.19878
2026-03-09 06:45:00+00:00,0.16096000000000002
2026-03-09 07:00:00+00:00,0.17771
2026-03-09 07:15:00+00:00,0.15757
2026-03-09 07:30:00+00:00,0.15622
2026-03-09 07:45:00+00:00,0.16582
2026-03-09 08:00:00+00:00,0.07481
2026-03-09 08:15:00+00:00,0.15349000000000002
2026-03-09 08:30:00+00:00,0.14753
2026-03-09 08:45:00+00:00,0.14145
2026-03-09 09:00:00+00:00,0.14684
2026-03-09 09:15:00+00:00,0.14721
2026-03-09 09:30:00+00:00,0.05089
2026-03-09 09:45:00+00:00,0.12024
2026-03-09 10:00:00+00:00,0.14891
2026-03-09 10:15:00+00:00,0.06420999999999999
2026-03-09 10:30:00+00:00,0.06501
2026-03-09 10:45:00+00:00,0.05087
2026-03-09 11:00:00+00:00,0.043840000000000004
2026-03-09 11:15:00+00:00,0.038590000000000006
2026-03-09 11:30:00+00:00,0.062490000000000004
2026-03-09 11:45:00+00:00,0.0562
2026-03-09 12:00:00+00:00,0.10543999999999999
2026-03-09 12:15:00+00:00,0.08437
2026-03-09 12:30:00+00:00,0.09137
2026-03-09 12:45:00+00:00,0.07725
2026-03-09 13:00:00+00:00,0.05225
2026-03-09 13:15:00+00:00,0.07931999999999999
2026-03-09 13:30:00+00:00,0.09262999999999999
2026-03-09 13:45:00+00:00,0.07607
2026-03-09 14:00:00+00:00,0.10551
2026-03-09 14:15:00+00:00,0.14093
2026-03-09 14:30:00+00:00,0.12115000000000001
2026-03-09 14:45:00+00:00,0.11687
2026-03-09 15:00:00+00:00,0.16144999999999998
2026-03-09 15:15:00+00:00,0.18728999999999998
2026-03-09 15:30:00+00:00,0.16090000000000002
2026-03-09 15:45:00+00:00,0.12079000000000001
2026-03-09 16:00:00+00:00,0.14063
2026-03-09 16:15:00+00:00,0.19244
2026-03-09 16:30:00+00:00,0.26918000000000003
2026-03-09 16:45:00+00:00,0.43336
2026-03-09 17:00:00+00:00,0.47556
2026-03-09 17:15:00+00:00,0.30227
2026-03-09 17:30:00+00:00,0.25499
2026-03-09 17:45:00+00:00,0.20151
2026-03-09 18:00:00+00:00,0.15166
2026-03-09 18:15:00+00:00,0.15106
2026-03-09 18:30:00+00:00,0.12803
2026-03-09 18:45:00+00:00,0.13425
2026-03-09 19:00:00+00:00,0.20072
2026-03-09 19:15:00+00:00,0.21141
2026-03-09 19:30:00+00:00,0.19493000000000002
2026-03-09 19:45:00+00:00,0.12629
2026-03-09 20:00:00+00:00,0.13094999999999998
2026-03-09 20:15:00+00:00,0.11992
2026-03-09 20:30:00+00:00,0.11205
2026-03-09 20:45:00+00:00,0.1188
2026-03-09 21:00:00+00:00,0.11163
2026-03-09 21:15:00+00:00,0.12522
2026-03-09 21:30:00+00:00,0.14489
2026-03-09 21:45:00+00:00,0.13299
2026-03-09 22:00:00+00:00,0.1626
2026-03-09 22:15:00+00:00,0.11479
2026-03-09 22:30:00+00:00,0.10845999999999999
2026-03-09 22:45:00+00:00,0.1298
2026-03-09 23:00:00+00:00,0.15086000000000002
2026-03-09 23:15:00+00:00,0.1691
2026-03-09 23:30:00+00:00,0.18585
2026-03-09 23:45:00+00:00,0.16224
2026-03-10 00:00:00+00:00,0.12694
2026-03-10 00:15:00+00:00,0.09894
2026-03-10 00:30:00+00:00,0.11109000000000001
2026-03-10 00:45:00+00:00,0.12785
2026-03-10 01:00:00+00:00,0.09132
2026-03-10 01:15:00+00:00,0.0905
2026-03-10 01:30:00+00:00,0.07668000000000001
2026-03-10 01:45:00+00:00,0.10084
2026-03-10 02:00:00+00:00,0.10177
2026-03-10 02:15:00+00:00,0.11855
2026-03-10 02:30:00+00:00,0.10471
2026-03-10 02:45:00+00:00,0.11206
2026-03-10 03:00:00+00:00,0.11314
2026-03-10 03:15:00+00:00,0.10844
2026-03-10 03:30:00+00:00,0.11181
2026-03-10 03:45:00+00:00,0.14398
2026-03-10 04:00:00+00:00,0.10456
2026-03-10 04:15:00+00:00,0.11875
2026-03-10 04:30:00+00:00,0.11409
2026-03-10 04:45:00+00:00,0.12175
2026-03-10 05:00:00+00:00,0.17785
2026-03-10 05:15:00+00:00,0.19488
2026-03-10 05:30:00+00:00,0.2114
2026-03-10 05:45:00+00:00,0.13261
2026-03-10 06:00:00+00:00,0.19853
2026-03-10 06:15:00+00:00,0.14765
2026-03-10 06:30:00+00:00,0.16507
2026-03-10 06:45:00+00:00,0.15246
2026-03-10 07:00:00+00:00,0.16125
2026-03-10 07:15:00+00:00,0.10296999999999999
2026-03-10 07:30:00+00:00,0.08709
2026-03-10 07:45:00+00:00,0.06522
2026-03-10 08:00:00+00:00,0.10404000000000001
2026-03-10 08:15:00+00:00,0.08659
2026-03-10 08:30:00+00:00,0.08602
2026-03-10 08:45:00+00:00,0.08073999999999999
2026-03-10 09:00:00+00:00,0.14603
2026-03-10 09:15:00+00:00,0.16348
2026-03-10 09:30:00+00:00,0.20076
2026-03-10 09:45:00+00:00,0.04697
2026-03-10 10:00:00+00:00,0.0803
2026-03-10 10:15:00+00:00,0.11852
2026-03-10 10:30:00+00:00,0.13877
2026-03-10 10:45:00+00:00,0.13637
2026-03-10 11:00:00+00:00,0.06586
2026-03-10 11:15:00+00:00,0.07784999999999999
2026-03-10 11:30:00+00:00,0.10962000000000001
2026-03-10 11:45:00+00:00,0.08927
2026-03-10 12:00:00+00:00,0.055799999999999995
2026-03-10 12:15:00+00:00,0.06256
2026-03-10 12:30:00+00:00,0.13585
2026-03-10 12:45:00+00:00,0.11723
2026-03-10 13:00:00+00:00,0.11806
2026-03-10 13:15:00+00:00,0.1047
2026-03-10 13:30:00+00:00,0.09948
2026-03-10 13:45:00+00:00,0.07231
2026-03-10 14:00:00+00:00,0.04907
2026-03-10 14:15:00+00:00,0.034159999999999996
2026-03-10 14:30:00+00:00,0.13251
2026-03-10 14:45:00+00:00,0.13122999999999999
2026-03-10 15:00:00+00:00,0.14345
2026-03-10 15:15:00+00:00,0.1519
2026-03-10 15:30:00+00:00,0.16077000000000002
2026-03-10 15:45:00+00:00,0.16663999999999998
2026-03-10 16:00:00+00:00,0.09603
2026-03-10 16:15:00+00:00,0.10237
2026-03-10 16:30:00+00:00,0.11587
2026-03-10 16:45:00+00:00,0.11717
2026-03-10 17:00:00+00:00,0.09294
2026-03-10 17:15:00+00:00,0.11517000000000001
2026-03-10 17:30:00+00:00,0.14408
2026-03-10 17:45:00+00:00,0.14673
2026-03-10 18:00:00+00:00,0.12051
2026-03-10 18:15:00+00:00,0.09167
2026-03-10 18:30:00+00:00,0.10984000000000001
2026-03-10 18:45:00+00:00,0.16466999999999998
2026-03-10 19:00:00+00:00,0.20856
2026-03-10 19:15:00+00:00,0.11876
2026-03-10 19:30:00+00:00,0.1107
2026-03-10 19:45:00+00:00,0.11056999999999999
2026-03-10 20:00:00+00:00,0.13041999999999998
2026-03-10 20:15:00+00:00,0.14864
2026-03-10 20:30:00+00:00,0.13405
2026-03-10 20:45:00+00:00,0.12549
2026-03-10 21:00:00+00:00,0.14714
2026-03-10 21:15:00+00:00,0.14987999999999999
2026-03-10 21:30:00+00:00,0.15299000000000001
2026-03-10 21:45:00+00:00,0.04521
2026-03-10 22:00:00+00:00,0.08059000000000001
2026-03-10 22:15:00+00:00,0.045829999999999996
2026-03-10 22:30:00+00:00,0.08073000000000001
2026-03-10 22:45:00+00:00,0.054700000000000006
2026-03-10 23:00:00+00:00,0.1416
2026-03-10 23:15:00+00:00,0.17083
2026-03-10 23:30:00+00:00,0.18853
2026-03-10 23:45:00+00:00,0.20911000000000002
2026-03-11 00:00:00+00:00,0.18396
2026-03-11 00:15:00+00:00,0.19003
2026-03-11 00:30:00+00:00,0.19149000000000002
2026-03-11 00:45:00+00:00,0.16857
2026-03-11 01:00:00+00:00,0.13837
2026-03-11 01:15:00+00:00,0.09099
2026-03-11 01:30:00+00:00,0.05572
2026-03-11 01:45:00+00:00,0.056369999999999996
2026-03-11 02:00:00+00:00,0.06459999999999999
2026-03-11 02:15:00+00:00,0.05788
2026-03-11 02:30:00+00:00,0.01695
2026-03-11 02:45:00+00:00,0.02479
2026-03-11 03:00:00+00:00,0.04614
2026-03-11 03:15:00+00:00,0.10692
2026-03-11 03:30:00+00:00,0.08639
2026-03-11 03:45:00+00:00,0.02842
2026-03-11 04:00:00+00:00,0.05712
2026-03-11 04:15:00+00:00,0.047409999999999994
2026-03-11 04:30:00+00:00,0.053090000000000005
2026-03-11 04:45:00+00:00,0.05773
2026-03-11 05:00:00+00:00,0.02581
2026-03-11 05:15:00+00:00,0.05924
2026-03-11 05:30:00+00:00,0.0597
2026-03-11 05:45:00+00:00,0.0506
2026-03-11 06:00:00+00:00,0.15003999999999998
2026-03-11 06:15:00+00:00,0.14423
2026-03-11 06:30:00+00:00,0.16478
2026-03-11 06:45:00+00:00,0.13312000000000002
2026-03-11 07:00:00+00:00,0.09556
2026-03-11 07:15:00+00:00,0.11278
2026-03-11 07:30:00+00:00,0.09933
2026-03-11 07:45:00+00:00,0.10266
2026-03-11 08:00:00+00:00,0.05465
2026-03-11 08:15:00+00:00,0.09047
2026-03-11 08:30:00+00:00,0.09942000000000001
2026-03-11 08:45:00+00:00,0.09531999999999999
2026-03-11 09:00:00+00:00,-0.06822
2026-03-11 09:15:00+00:00,0.03372
2026-03-11 09:30:00+00:00,0.11702
2026-03-11 09:45:00+00:00,-0.02422
2026-03-11 10:00:00+00:00,-0.00206
2026-03-11 10:15:00+00:00,-0.00567
2026-03-11 10:30:00+00:00,-0.00864
2026-03-11 10:45:00+00:00,-0.019829999999999997
2026-03-11 11:00:00+00:00,-0.00708
2026-03-11 11:15:00+00:00,-0.00666
2026-03-11 11:30:00+00:00,-0.012289999999999999
2026-03-11 11:45:00+00:00,-0.01019
2026-03-11 12:00:00+00:00,-0.00156
2026-03-11 12:15:00+00:00,-0.009519999999999999
2026-03-11 12:30:00+00:00,-0.00156
2026-03-11 12:45:00+00:00,-0.00756
2026-03-11 13:00:00+00:00,-0.01085
2026-03-11 13:15:00+00:00,0.00578
2026-03-11 13:30:00+00:00,0.0022400000000000002
2026-03-11 13:45:00+00:00,0.05478
2026-03-11 14:00:00+00:00,0.05348
2026-03-11 14:15:00+00:00,0.11959
2026-03-11 14:30:00+00:00,0.10664
2026-03-11 14:45:00+00:00,0.004070000000000001
2026-03-11 15:00:00+00:00,0.01376
2026-03-11 15:15:00+00:00,0.06565
2026-03-11 15:30:00+00:00,0.02684
2026-03-11 15:45:00+00:00,0.008960000000000001
2026-03-11 16:00:00+00:00,0.02525
2026-03-11 16:15:00+00:00,0.11222
2026-03-11 16:30:00+00:00,0.12420999999999999
2026-03-11 16:45:00+00:00,0.12397
2026-03-11 17:00:00+00:00,0.14145
2026-03-11 17:15:00+00:00,0.16065000000000002
2026-03-11 17:30:00+00:00,0.156
2026-03-11 17:45:00+00:00,0.16471
2026-03-11 18:00:00+00:00,0.16021000000000002
2026-03-11 18:15:00+00:00,0.18259
2026-03-11 18:30:00+00:00,0.17042
2026-03-11 18:45:00+00:00,0.16677
2026-03-11 19:00:00+00:00,0.17369
2026-03-11 19:15:00+00:00,0.14696
2026-03-11 19:30:00+00:00,0.16888999999999998
2026-03-11 19:45:00+00:00,0.07664
2026-03-11 20:00:00+00:00,0.09745000000000001
2026-03-11 20:15:00+00:00,0.1142
2026-03-11 20:30:00+00:00,0.1266
2026-03-11 20:45:00+00:00,0.030780000000000002
2026-03-11 21:00:00+00:00,0.11531999999999999
2026-03-11 21:15:00+00:00,0.13606000000000001
2026-03-11 21:30:00+00:00,0.13751
2026-03-11 21:45:00+00:00,0.1018
2026-03-11 22:00:00+00:00,0.0762
2026-03-11 22:15:00+00:00,0.08402
2026-03-11 22:30:00+00:00,0.07571
2026-03-11 22:45:00+00:00,0.07312
2026-03-11 23:00:00+00:00,0.0704
2026-03-11 23:15:00+00:00,0.053649999999999996
2026-03-11 23:30:00+00:00,0.040659999999999995
2026-03-11 23:45:00+00:00,0.054810000000000005
2026-03-12 00:00:00+00:00,0.06634000000000001
2026-03-12 00:15:00+00:00,0.07309
2026-03-12 00:30:00+00:00,0.07968
2026-03-12 00:45:00+00:00,0.07409
2026-03-12 01:00:00+00:00,0.07518000000000001
2026-03-12 01:15:00+00:00,0.05189
2026-03-12 01:30:00+00:00,0.06005
2026-03-12 01:45:00+00:00,0.05925
2026-03-12 02:00:00+00:00,0.06752
2026-03-12 02:15:00+00:00,0.1262
2026-03-12 02:30:00+00:00,0.10079
2026-03-12 02:45:00+00:00,0.11034999999999999
2026-03-12 03:00:00+00:00,0.10734
2026-03-12 03:15:00+00:00,0.07387
2026-03-12 03:30:00+00:00,0.062329999999999997
2026-03-12 03:45:00+00:00,0.12197
2026-03-12 04:00:00+00:00,0.09947
2026-03-12 04:15:00+00:00,0.08875
2026-03-12 04:30:00+00:00,0.11270000000000001
2026-03-12 04:45:00+00:00,0.08381999999999999
2026-03-12 05:00:00+00:00,0.12077
2026-03-12 05:15:00+00:00,0.07442
2026-03-12 05:30:00+00:00,0.08542
2026-03-12 05:45:00+00:00,0.0975
2026-03-12 06:00:00+00:00,0.123
2026-03-12 06:15:00+00:00,0.13413999999999998
2026-03-12 06:30:00+00:00,0.15045
2026-03-12 06:45:00+00:00,0.07928
2026-03-12 07:00:00+00:00,0.16962
2026-03-12 07:15:00+00:00,0.0474
2026-03-12 07:30:00+00:00,0.09392
2026-03-12 07:45:00+00:00,0.023440000000000003
2026-03-12 08:00:00+00:00,0.03184
2026-03-12 08:15:00+00:00,0.01641
2026-03-12 08:30:00+00:00,-0.04192
2026-03-12 08:45:00+00:00,0.005030000000000001
2026-03-12 09:00:00+00:00,-0.014150000000000001
2026-03-12 09:15:00+00:00,-0.10834999999999999
2026-03-12 09:30:00+00:00,-0.047630000000000006
2026-03-12 09:45:00+00:00,-0.01491
2026-03-12 10:00:00+00:00,-0.01469
2026-03-12 10:15:00+00:00,-0.0055
2026-03-12 10:30:00+00:00,0.0022299999999999998
2026-03-12 10:45:00+00:00,-0.0103
2026-03-12 11:00:00+00:00,0.006690000000000001
2026-03-12 11:15:00+00:00,0.045450000000000004
2026-03-12 11:30:00+00:00,-0.0045
2026-03-12 11:45:00+00:00,-0.00433
2026-03-12 12:00:00+00:00,-0.012410000000000001
2026-03-12 12:15:00+00:00,-0.01287
2026-03-12 12:30:00+00:00,-0.00649
2026-03-12 12:45:00+00:00,-0.0188
2026-03-12 13:00:00+00:00,-0.00899
2026-03-12 13:15:00+00:00,-0.04549
2026-03-12 13:30:00+00:00,-0.01738
2026-03-12 13:45:00+00:00,-0.00738
2026-03-12 14:00:00+00:00,-0.82311
2026-03-12 14:15:00+00:00,-0.08418
2026-03-12 14:30:00+00:00,-0.01062
2026-03-12 14:45:00+00:00,-0.00534
2026-03-12 15:00:00+00:00,0.07072
2026-03-12 15:15:00+00:00,-0.00784
2026-03-12 15:30:00+00:00,-0.07382999999999999
2026-03-12 15:45:00+00:00,0.09876
2026-03-12 16:00:00+00:00,0.11581999999999999
2026-03-12 16:15:00+00:00,0.14744
2026-03-12 16:30:00+00:00,0.34618
2026-03-12 16:45:00+00:00,1.1910999999999998
2026-03-12 17:00:00+00:00,0.05603
2026-03-12 17:15:00+00:00,0.08009000000000001
2026-03-12 17:30:00+00:00,0.07987999999999999
2026-03-12 17:45:00+00:00,0.09397
2026-03-12 18:00:00+00:00,0.06267
2026-03-12 18:15:00+00:00,0.05675
2026-03-12 18:30:00+00:00,0.04733
2026-03-12 18:45:00+00:00,0.037899999999999996
2026-03-12 19:00:00+00:00,0.02966
2026-03-12 19:15:00+00:00,0.00544
2026-03-12 19:30:00+00:00,0.0077599999999999995
2026-03-12 19:45:00+00:00,0.0019399999999999999
2026-03-12 20:00:00+00:00,0.00275
2026-03-12 20:15:00+00:00,-0.007030000000000001
2026-03-12 20:30:00+00:00,-0.003
2026-03-12 20:45:00+00:00,-0.00521
2026-03-12 21:00:00+00:00,-0.00365
2026-03-12 21:15:00+00:00,0.00206
2026-03-12 21:30:00+00:00,0.01753
2026-03-12 21:45:00+00:00,5.9999999999999995e-05
2026-03-12 22:00:00+00:00,0.00707
2026-03-12 22:15:00+00:00,0.00774
2026-03-12 22:30:00+00:00,0.00636
2026-03-12 22:45:00+00:00,-0.01507
2026-03-12 23:00:00+00:00,-0.005
2026-03-12 23:15:00+00:00,0.00554
2026-03-12 23:30:00+00:00,0.0025099999999999996
2026-03-12 23:45:00+00:00,0.0026
2026-03-13 00:00:00+00:00,-0.03459
2026-03-13 00:15:00+00:00,-0.00574
2026-03-13 00:30:00+00:00,-0.0019
2026-03-13 00:45:00+00:00,0.00423
2026-03-13 01:00:00+00:00,-0.00721
2026-03-13 01:15:00+00:00,0.00962
2026-03-13 01:30:00+00:00,0.0030499999999999998
2026-03-13 01:45:00+00:00,0.0007099999999999999
2026-03-13 02:00:00+00:00,-0.0094
2026-03-13 02:15:00+00:00,-0.00248
2026-03-13 02:30:00+00:00,-0.00267
2026-03-13 02:45:00+00:00,0.00121
2026-03-13 03:00:00+00:00,-0.0007199999999999999
2026-03-13 03:15:00+00:00,-0.00583
2026-03-13 03:30:00+00:00,-0.00432
2026-03-13 03:45:00+00:00,-0.00221
2026-03-13 04:00:00+00:00,-0.00463
2026-03-13 04:15:00+00:00,-0.00213
2026-03-13 04:30:00+00:00,0.0045899999999999995
2026-03-13 04:45:00+00:00,-0.00161
2026-03-13 05:00:00+00:00,0.01473
2026-03-13 05:15:00+00:00,0.01279
2026-03-13 05:30:00+00:00,-0.015960000000000002
2026-03-13 05:45:00+00:00,0.00329
2026-03-13 06:00:00+00:00,0.01557
2026-03-13 06:15:00+00:00,0.0051600000000000005
2026-03-13 06:30:00+00:00,0.0012900000000000001
2026-03-13 06:45:00+00:00,0.04895
2026-03-13 07:00:00+00:00,0.08114
2026-03-13 07:15:00+00:00,0.00647
2026-03-13 07:30:00+00:00,0.08427
2026-03-13 07:45:00+00:00,-0.11278
2026-03-13 08:00:00+00:00,-1.6963199999999998
2026-03-13 08:15:00+00:00,0.00641
2026-03-13 08:30:00+00:00,0.02179
2026-03-13 08:45:00+00:00,-0.08576
2026-03-13 09:00:00+00:00,0.10914
2026-03-13 09:15:00+00:00,0.1115
2026-03-13 09:30:00+00:00,-0.00439
2026-03-13 09:45:00+00:00,0.01918
2026-03-13 10:00:00+00:00,0.04629
2026-03-13 10:15:00+00:00,0.07948999999999999
2026-03-13 10:30:00+00:00,-0.00206
2026-03-13 10:45:00+00:00,0.00874
2026-03-13 11:00:00+00:00,0.01045
2026-03-13 11:15:00+00:00,0.01431
2026-03-13 11:30:00+00:00,0.02503
2026-03-13 11:45:00+00:00,0.017079999999999998
2026-03-13 12:00:00+00:00,0.0128
2026-03-13 12:15:00+00:00,0.040049999999999995
2026-03-13 12:30:00+00:00,-0.01382
2026-03-13 12:45:00+00:00,0.09652
2026-03-13 13:00:00+00:00,0.09448000000000001
2026-03-13 13:15:00+00:00,0.1295
2026-03-13 13:30:00+00:00,0.15306
2026-03-13 13:45:00+00:00,0.23022
2026-03-13 14:00:00+00:00,0.15184
2026-03-13 14:15:00+00:00,0.13758
2026-03-13 14:30:00+00:00,0.0071200000000000005
2026-03-13 14:45:00+00:00,0.08169
2026-03-13 15:00:00+00:00,0.14858000000000002
2026-03-13 15:15:00+00:00,0.11915
2026-03-13 15:30:00+00:00,0.048799999999999996
2026-03-13 15:45:00+00:00,0.09326000000000001
2026-03-13 16:00:00+00:00,0.11852
2026-03-13 16:15:00+00:00,0.15015
2026-03-13 16:30:00+00:00,0.11818000000000001
2026-03-13 16:45:00+00:00,0.10208
2026-03-13 17:00:00+00:00,0.14348
2026-03-13 17:15:00+00:00,0.19993
2026-03-13 17:30:00+00:00,0.13599
2026-03-13 17:45:00+00:00,0.13003
2026-03-13 18:00:00+00:00,0.15121
2026-03-13 18:15:00+00:00,0.20663
2026-03-13 18:30:00+00:00,0.29637
2026-03-13 18:45:00+00:00,0.16984
2026-03-13 19:00:00+00:00,0.30641
2026-03-13 19:15:00+00:00,0.09244
2026-03-13 19:30:00+00:00,0.15959
2026-03-13 19:45:00+00:00,0.13501
2026-03-13 20:00:00+00:00,0.18277000000000002
2026-03-13 20:15:00+00:00,0.15365
2026-03-13 20:30:00+00:00,0.12798
2026-03-13 20:45:00+00:00,0.10379000000000001
2026-03-13 21:00:00+00:00,0.13883
2026-03-13 21:15:00+00:00,0.11724
2026-03-13 21:30:00+00:00,0.09874
2026-03-13 21:45:00+00:00,0.10717
2026-03-13 22:00:00+00:00,0.12587
2026-03-13 22:15:00+00:00,0.11846
2026-03-13 22:30:00+00:00,0.11591
2026-03-13 22:45:00+00:00,0.07865000000000001
2026-03-13 23:00:00+00:00,0.13925
2026-03-13 23:15:00+00:00,0.10113
2026-03-13 23:30:00+00:00,0.08239
2026-03-13 23:45:00+00:00,0.07681
2026-03-14 00:00:00+00:00,0.15095
2026-03-14 00:15:00+00:00,0.09931999999999999
2026-03-14 00:30:00+00:00,0.08654
2026-03-14 00:45:00+00:00,0.08325
2026-03-14 01:00:00+00:00,0.13829
2026-03-14 01:15:00+00:00,0.12601
2026-03-14 01:30:00+00:00,0.14780000000000001
2026-03-14 01:45:00+00:00,0.15263
2026-03-14 02:00:00+00:00,0.14873
2026-03-14 02:15:00+00:00,0.16863999999999998
2026-03-14 02:30:00+00:00,0.16796
2026-03-14 02:45:00+00:00,0.15203999999999998
2026-03-14 03:00:00+00:00,0.15280000000000002
2026-03-14 03:15:00+00:00,0.13709
2026-03-14 03:30:00+00:00,0.12585
2026-03-14 03:45:00+00:00,0.14091
2026-03-14 04:00:00+00:00,0.10284
2026-03-14 04:15:00+00:00,0.108
2026-03-14 04:30:00+00:00,0.10596
2026-03-14 04:45:00+00:00,0.12838
2026-03-14 05:00:00+00:00,0.1037
2026-03-14 05:15:00+00:00,0.12595
2026-03-14 05:30:00+00:00,0.12858
2026-03-14 05:45:00+00:00,0.12473999999999999
2026-03-14 06:00:00+00:00,0.17405
2026-03-14 06:15:00+00:00,0.16694
2026-03-14 06:30:00+00:00,0.15872
2026-03-14 06:45:00+00:00,0.15194
2026-03-14 07:00:00+00:00,0.13169
2026-03-14 07:15:00+00:00,0.12244
2026-03-14 07:30:00+00:00,0.10833
2026-03-14 07:45:00+00:00,0.12915000000000001
2026-03-14 08:00:00+00:00,0.11218
2026-03-14 08:15:00+00:00,0.1113
2026-03-14 08:30:00+00:00,0.10773999999999999
2026-03-14 08:45:00+00:00,0.10135
2026-03-14 09:00:00+00:00,0.09879
2026-03-14 09:15:00+00:00,0.09709000000000001
2026-03-14 09:30:00+00:00,0.14123
2026-03-14 09:45:00+00:00,0.13604
2026-03-14 10:00:00+00:00,0.18119
2026-03-14 10:15:00+00:00,0.20962999999999998
2026-03-14 10:30:00+00:00,0.22519
2026-03-14 10:45:00+00:00,0.22549
2026-03-14 11:00:00+00:00,0.18922
2026-03-14 11:15:00+00:00,0.16895
2026-03-14 11:30:00+00:00,0.15937
2026-03-14 11:45:00+00:00,0.10287
2026-03-14 12:00:00+00:00,0.10485
2026-03-14 12:15:00+00:00,0.09973
2026-03-14 12:30:00+00:00,0.15414
2026-03-14 12:45:00+00:00,0.15321
2026-03-14 13:00:00+00:00,0.15014
2026-03-14 13:15:00+00:00,0.16101
2026-03-14 13:30:00+00:00,0.15343
2026-03-14 13:45:00+00:00,0.15405000000000002
2026-03-14 14:00:00+00:00,0.16088999999999998
2026-03-14 14:15:00+00:00,0.15139
2026-03-14 14:30:00+00:00,0.13512000000000002
2026-03-14 14:45:00+00:00,0.11898
2026-03-14 15:00:00+00:00,0.01682
2026-03-14 15:15:00+00:00,0.08034000000000001
2026-03-14 15:30:00+00:00,0.1661
2026-03-14 15:45:00+00:00,0.14805000000000001
2026-03-14 16:00:00+00:00,0.1598
2026-03-14 16:15:00+00:00,0.15888999999999998
2026-03-14 16:30:00+00:00,0.15087
2026-03-14 16:45:00+00:00,0.11498
2026-03-14 17:00:00+00:00,0.16605
2026-03-14 17:15:00+00:00,0.19499
2026-03-14 17:30:00+00:00,0.21578
2026-03-14 17:45:00+00:00,0.19366999999999998
2026-03-14 18:00:00+00:00,0.17265
2026-03-14 18:15:00+00:00,0.19165000000000001
2026-03-14 18:30:00+00:00,0.21653
2026-03-14 18:45:00+00:00,0.12832
2026-03-14 19:00:00+00:00,0.29587
2026-03-14 19:15:00+00:00,0.11252
2026-03-14 19:30:00+00:00,0.14335
2026-03-14 19:45:00+00:00,0.10948999999999999
2026-03-14 20:00:00+00:00,0.13287000000000002
2026-03-14 20:15:00+00:00,0.13702
2026-03-14 20:30:00+00:00,0.12195
2026-03-14 20:45:00+00:00,0.11501
2026-03-14 21:00:00+00:00,0.098
2026-03-14 21:15:00+00:00,0.10385
2026-03-14 21:30:00+00:00,0.11885
2026-03-14 21:45:00+00:00,0.11746
2026-03-14 22:00:00+00:00,0.13783
2026-03-14 22:15:00+00:00,0.13992
2026-03-14 22:30:00+00:00,0.15181999999999998
2026-03-14 22:45:00+00:00,0.10227
2026-03-14 23:00:00+00:00,0.14873
2026-03-14 23:15:00+00:00,0.17074
2026-03-14 23:30:00+00:00,0.16338
2026-03-14 23:45:00+00:00,0.11129
2026-03-15 00:00:00+00:00,0.13608
2026-03-15 00:15:00+00:00,0.14275
2026-03-15 00:30:00+00:00,0.1453
2026-03-15 00:45:00+00:00,0.12607
2026-03-15 01:00:00+00:00,0.13827
2026-03-15 01:15:00+00:00,0.14937999999999999
2026-03-15 01:30:00+00:00,0.12885
2026-03-15 01:45:00+00:00,0.10728
2026-03-15 02:00:00+00:00,0.08653
2026-03-15 02:15:00+00:00,0.09305
2026-03-15 02:30:00+00:00,0.09104000000000001
2026-03-15 02:45:00+00:00,0.10618000000000001
2026-03-15 03:00:00+00:00,0.10094
2026-03-15 03:15:00+00:00,0.10228
2026-03-15 03:30:00+00:00,0.10051
2026-03-15 03:45:00+00:00,0.09272
2026-03-15 04:00:00+00:00,0.09051000000000001
2026-03-15 04:15:00+00:00,0.08478
2026-03-15 04:30:00+00:00,0.10077
2026-03-15 04:45:00+00:00,0.07972
2026-03-15 05:00:00+00:00,0.11476
2026-03-15 05:15:00+00:00,0.09958
2026-03-15 05:30:00+00:00,0.10333
2026-03-15 05:45:00+00:00,0.10796
2026-03-15 06:00:00+00:00,0.13877
2026-03-15 06:15:00+00:00,0.13609000000000002
2026-03-15 06:30:00+00:00,0.16582
2026-03-15 06:45:00+00:00,0.18156999999999998
2026-03-15 07:00:00+00:00,0.15909
2026-03-15 07:15:00+00:00,0.26313
2026-03-15 07:30:00+00:00,0.20799
2026-03-15 07:45:00+00:00,0.16122
2026-03-15 08:00:00+00:00,0.11188
2026-03-15 08:15:00+00:00,0.14732
2026-03-15 08:30:00+00:00,0.12684
2026-03-15 08:45:00+00:00,0.12468000000000001
2026-03-15 09:00:00+00:00,0.06082
2026-03-15 09:15:00+00:00,0.12532
2026-03-15 09:30:00+00:00,0.26158
2026-03-15 09:45:00+00:00,0.28549
2026-03-15 10:00:00+00:00,0.23978
2026-03-15 10:15:00+00:00,0.24431
2026-03-15 10:30:00+00:00,0.19659000000000001
2026-03-15 10:45:00+00:00,0.20378
2026-03-15 11:00:00+00:00,0.23303000000000001
2026-03-15 11:15:00+00:00,0.21333000000000002
2026-03-15 11:30:00+00:00,0.18216
2026-03-15 11:45:00+00:00,0.0756
2026-03-15 12:00:00+00:00,0.08005
2026-03-15 12:15:00+00:00,0.13791
2026-03-15 12:30:00+00:00,0.11998
2026-03-15 12:45:00+00:00,0.10323
2026-03-15 13:00:00+00:00,0.10106
2026-03-15 13:15:00+00:00,0.13729
2026-03-15 13:30:00+00:00,0.13501
2026-03-15 13:45:00+00:00,0.12215999999999999
2026-03-15 14:00:00+00:00,0.10311
2026-03-15 14:15:00+00:00,0.08666
2026-03-15 14:30:00+00:00,0.08117
2026-03-15 14:45:00+00:00,0.059539999999999996
2026-03-15 15:00:00+00:00,0.11728
2026-03-15 15:15:00+00:00,0.08433
2026-03-15 15:30:00+00:00,0.06516
2026-03-15 15:45:00+00:00,0.04995
2026-03-15 16:00:00+00:00,0.09762
2026-03-15 16:15:00+00:00,0.08554
2026-03-15 16:30:00+00:00,0.08821
2026-03-15 16:45:00+00:00,0.12537
2026-03-15 17:00:00+00:00,0.21077
2026-03-15 17:15:00+00:00,0.11198999999999999
2026-03-15 17:30:00+00:00,0.08545
2026-03-15 17:45:00+00:00,0.0703
2026-03-15 18:00:00+00:00,0.08508
2026-03-15 18:15:00+00:00,0.05919
2026-03-15 18:30:00+00:00,0.09254000000000001
2026-03-15 18:45:00+00:00,0.07964
2026-03-15 19:00:00+00:00,0.10431
2026-03-15 19:15:00+00:00,0.054810000000000005
2026-03-15 19:30:00+00:00,0.08306000000000001
2026-03-15 19:45:00+00:00,0.06303
2026-03-15 20:00:00+00:00,0.09791
2026-03-15 20:15:00+00:00,0.08138
2026-03-15 20:30:00+00:00,0.09609000000000001
2026-03-15 20:45:00+00:00,0.09954
2026-03-15 21:00:00+00:00,0.12129999999999999
2026-03-15 21:15:00+00:00,0.06862
2026-03-15 21:30:00+00:00,0.10517
2026-03-15 21:45:00+00:00,0.07594
2026-03-15 22:00:00+00:00,0.06284000000000001
2026-03-15 22:15:00+00:00,0.07376
2026-03-15 22:30:00+00:00,0.09289
2026-03-15 22:45:00+00:00,0.07138
2026-03-15 23:00:00+00:00,0.039630000000000006
2026-03-15 23:15:00+00:00,0.0507
2026-03-15 23:30:00+00:00,0.032600000000000004
2026-03-15 23:45:00+00:00,0.03453
2026-03-16 00:00:00+00:00,0.02506
2026-03-16 00:15:00+00:00,0.06
2026-03-16 00:30:00+00:00,0.12576
2026-03-16 00:45:00+00:00,0.05485
2026-03-16 01:00:00+00:00,0.02966
2026-03-16 01:15:00+00:00,-0.00332
2026-03-16 01:30:00+00:00,0.06728
2026-03-16 01:45:00+00:00,0.09229000000000001
2026-03-16 02:00:00+00:00,0.06608
2026-03-16 02:15:00+00:00,0.039799999999999995
2026-03-16 02:30:00+00:00,0.09401000000000001
2026-03-16 02:45:00+00:00,0.11009000000000001
2026-03-16 03:00:00+00:00,0.04615
2026-03-16 03:15:00+00:00,-0.00128
2026-03-16 03:30:00+00:00,0.081
2026-03-16 03:45:00+00:00,0.10289
2026-03-16 04:00:00+00:00,0.08777
2026-03-16 04:15:00+00:00,0.09107
2026-03-16 04:30:00+00:00,-0.0184
2026-03-16 04:45:00+00:00,-0.0061600000000000005
2026-03-16 05:00:00+00:00,0.0947
2026-03-16 05:15:00+00:00,0.06731000000000001
2026-03-16 05:30:00+00:00,0.10651000000000001
2026-03-16 05:45:00+00:00,0.11619
2026-03-16 06:00:00+00:00,0.12993000000000002
2026-03-16 06:15:00+00:00,0.135
2026-03-16 06:30:00+00:00,0.14918
2026-03-16 06:45:00+00:00,0.13849
2026-03-16 07:00:00+00:00,0.2228
2026-03-16 07:15:00+00:00,0.47920999999999997
2026-03-16 07:30:00+00:00,0.52435
2026-03-16 07:45:00+00:00,0.24791
2026-03-16 08:00:00+00:00,0.03696
2026-03-16 08:15:00+00:00,0.11769
2026-03-16 08:30:00+00:00,0.12786
2026-03-16 08:45:00+00:00,0.17704
2026-03-16 09:00:00+00:00,-0.0106
2026-03-16 09:15:00+00:00,0.04009
2026-03-16 09:30:00+00:00,0.1252
2026-03-16 09:45:00+00:00,0.10576
2026-03-16 10:00:00+00:00,-0.0003
2026-03-16 10:15:00+00:00,-0.01726
2026-03-16 10:30:00+00:00,-0.00352
2026-03-16 10:45:00+00:00,0.0005600000000000001
2026-03-16 11:00:00+00:00,0.013009999999999999
2026-03-16 11:15:00+00:00,0.06656999999999999
2026-03-16 11:30:00+00:00,0.038810000000000004
2026-03-16 11:45:00+00:00,0.027620000000000002
2026-03-16 12:00:00+00:00,0.05559
2026-03-16 12:15:00+00:00,0.07753
2026-03-16 12:30:00+00:00,0.04667
2026-03-16 12:45:00+00:00,0.024239999999999998
2026-03-16 13:00:00+00:00,0.08234
2026-03-16 13:15:00+00:00,0.10166
2026-03-16 13:30:00+00:00,-0.04227
2026-03-16 13:45:00+00:00,-0.09609000000000001
2026-03-16 14:00:00+00:00,-0.03393
2026-03-16 14:15:00+00:00,-0.02573
2026-03-16 14:30:00+00:00,0.13623
2026-03-16 14:45:00+00:00,0.011970000000000001
2026-03-16 15:00:00+00:00,0.042
2026-03-16 15:15:00+00:00,0.03557
2026-03-16 15:30:00+00:00,0.12453
2026-03-16 15:45:00+00:00,0.05878
2026-03-16 16:00:00+00:00,0.0701
2026-03-16 16:15:00+00:00,0.17771
2026-03-16 16:30:00+00:00,0.24991
2026-03-16 16:45:00+00:00,0.35204
2026-03-16 17:00:00+00:00,0.16341999999999998
2026-03-16 17:15:00+00:00,0.18647
2026-03-16 17:30:00+00:00,0.18703999999999998
2026-03-16 17:45:00+00:00,0.18497999999999998
2026-03-16 18:00:00+00:00,0.16091
2026-03-16 18:15:00+00:00,0.22624
2026-03-16 18:30:00+00:00,0.20369
2026-03-16 18:45:00+00:00,0.16523
2026-03-16 19:00:00+00:00,0.18753
2026-03-16 19:15:00+00:00,0.18114
2026-03-16 19:30:00+00:00,0.19628
2026-03-16 19:45:00+00:00,0.18791
2026-03-16 20:00:00+00:00,0.19733
2026-03-16 20:15:00+00:00,0.19465000000000002
2026-03-16 20:30:00+00:00,0.17001
2026-03-16 20:45:00+00:00,0.10762999999999999
2026-03-16 21:00:00+00:00,0.12164
2026-03-16 21:15:00+00:00,0.10590000000000001
2026-03-16 21:30:00+00:00,0.1566
2026-03-16 21:45:00+00:00,0.14747
2026-03-16 22:00:00+00:00,0.14366
2026-03-16 22:15:00+00:00,0.12254999999999999
2026-03-16 22:30:00+00:00,0.12798
2026-03-16 22:45:00+00:00,0.16041999999999998
2026-03-16 23:00:00+00:00,0.09308
2026-03-16 23:15:00+00:00,0.08909
2026-03-16 23:30:00+00:00,0.08745
2026-03-16 23:45:00+00:00,0.07678
2026-03-17 00:00:00+00:00,0.07715000000000001
2026-03-17 00:15:00+00:00,0.08802
2026-03-17 00:30:00+00:00,0.1222
2026-03-17 00:45:00+00:00,0.09854
2026-03-17 01:00:00+00:00,0.09917000000000001
2026-03-17 01:15:00+00:00,0.10604999999999999
2026-03-17 01:30:00+00:00,0.11112999999999999
2026-03-17 01:45:00+00:00,0.11806
2026-03-17 02:00:00+00:00,0.12153
2026-03-17 02:15:00+00:00,0.11004000000000001
2026-03-17 02:30:00+00:00,0.12641
2026-03-17 02:45:00+00:00,0.10997
2026-03-17 03:00:00+00:00,0.11932
2026-03-17 03:15:00+00:00,0.10808
2026-03-17 03:30:00+00:00,0.11029000000000001
2026-03-17 03:45:00+00:00,0.12398999999999999
2026-03-17 04:00:00+00:00,0.13288999999999998
2026-03-17 04:15:00+00:00,0.12751
2026-03-17 04:30:00+00:00,0.15011000000000002
2026-03-17 04:45:00+00:00,0.15474000000000002
2026-03-17 05:00:00+00:00,0.18131
2026-03-17 05:15:00+00:00,0.16269999999999998
2026-03-17 05:30:00+00:00,0.17351
2026-03-17 05:45:00+00:00,0.21237999999999999
2026-03-17 06:00:00+00:00,0.15159
2026-03-17 06:15:00+00:00,0.15024
2026-03-17 06:30:00+00:00,0.16116999999999998
2026-03-17 06:45:00+00:00,0.17105
2026-03-17 07:00:00+00:00,0.22253
2026-03-17 07:15:00+00:00,0.26933999999999997
2026-03-17 07:30:00+00:00,0.21284999999999998
2026-03-17 07:45:00+00:00,0.19911
2026-03-17 08:00:00+00:00,0.21983000000000003
2026-03-17 08:15:00+00:00,0.17799
2026-03-17 08:30:00+00:00,0.15666
2026-03-17 08:45:00+00:00,0.1512
2026-03-17 09:00:00+00:00,0.09187999999999999
2026-03-17 09:15:00+00:00,0.10611
2026-03-17 09:30:00+00:00,0.16424
2026-03-17 09:45:00+00:00,0.14880000000000002
2026-03-17 10:00:00+00:00,0.14339
2026-03-17 10:15:00+00:00,0.13111
2026-03-17 10:30:00+00:00,0.09107
2026-03-17 10:45:00+00:00,0.08743000000000001
2026-03-17 11:00:00+00:00,0.06991
2026-03-17 11:15:00+00:00,0.05796
2026-03-17 11:30:00+00:00,0.05797
2026-03-17 11:45:00+00:00,0.05133
2026-03-17 12:00:00+00:00,0.14165
2026-03-17 12:15:00+00:00,0.17804
2026-03-17 12:30:00+00:00,0.1776
2026-03-17 12:45:00+00:00,0.13204
2026-03-17 13:00:00+00:00,0.10687999999999999
2026-03-17 13:15:00+00:00,0.14196999999999999
2026-03-17 13:30:00+00:00,0.086
2026-03-17 13:45:00+00:00,0.06766
2026-03-17 14:00:00+00:00,0.128
2026-03-17 14:15:00+00:00,0.15412
2026-03-17 14:30:00+00:00,0.15234999999999999
2026-03-17 14:45:00+00:00,0.18264
2026-03-17 15:00:00+00:00,0.17493999999999998
2026-03-17 15:15:00+00:00,0.16628
2026-03-17 15:30:00+00:00,0.12215000000000001
2026-03-17 15:45:00+00:00,0.10865999999999999
2026-03-17 16:00:00+00:00,0.08981
2026-03-17 16:15:00+00:00,0.14342
2026-03-17 16:30:00+00:00,0.14523
2026-03-17 16:45:00+00:00,0.18519
2026-03-17 17:00:00+00:00,0.19776
2026-03-17 17:15:00+00:00,0.37295
2026-03-17 17:30:00+00:00,0.75109
2026-03-17 17:45:00+00:00,0.28673000000000004
2026-03-17 18:00:00+00:00,0.11487
2026-03-17 18:15:00+00:00,0.09869
2026-03-17 18:30:00+00:00,0.12974000000000002
2026-03-17 18:45:00+00:00,0.15434
2026-03-17 19:00:00+00:00,0.15738999999999997
2026-03-17 19:15:00+00:00,0.10637
2026-03-17 19:30:00+00:00,0.16204
2026-03-17 19:45:00+00:00,0.15957
2026-03-17 20:00:00+00:00,0.18531999999999998
2026-03-17 20:15:00+00:00,0.16097
2026-03-17 20:30:00+00:00,0.13109
2026-03-17 20:45:00+00:00,0.12056
2026-03-17 21:00:00+00:00,0.14175
2026-03-17 21:15:00+00:00,0.15293
2026-03-17 21:30:00+00:00,0.11053
2026-03-17 21:45:00+00:00,0.08193
2026-03-17 22:00:00+00:00,0.07621
2026-03-17 22:15:00+00:00,0.05323
2026-03-17 22:30:00+00:00,0.06705
2026-03-17 22:45:00+00:00,0.06064
2026-03-17 23:00:00+00:00,0.09406999999999999
2026-03-17 23:15:00+00:00,0.07582
2026-03-17 23:30:00+00:00,0.07634
2026-03-17 23:45:00+00:00,0.09434000000000001
2026-03-18 00:00:00+00:00,0.10422
2026-03-18 00:15:00+00:00,0.08675
2026-03-18 00:30:00+00:00,0.09001
2026-03-18 00:45:00+00:00,0.09099
2026-03-18 01:00:00+00:00,0.06341
2026-03-18 01:15:00+00:00,0.06879
2026-03-18 01:30:00+00:00,0.06872
2026-03-18 01:45:00+00:00,0.07127
2026-03-18 02:00:00+00:00,0.06988
2026-03-18 02:15:00+00:00,0.053840000000000006
2026-03-18 02:30:00+00:00,0.0734
2026-03-18 02:45:00+00:00,0.08277
2026-03-18 03:00:00+00:00,0.09501000000000001
2026-03-18 03:15:00+00:00,0.09937
2026-03-18 03:30:00+00:00,0.09598999999999999
2026-03-18 03:45:00+00:00,0.09221
2026-03-18 04:00:00+00:00,0.071
2026-03-18 04:15:00+00:00,0.06952
2026-03-18 04:30:00+00:00,0.08381
2026-03-18 04:45:00+00:00,0.0955
2026-03-18 05:00:00+00:00,0.03365
2026-03-18 05:15:00+00:00,0.11358
2026-03-18 05:30:00+00:00,0.11642
2026-03-18 05:45:00+00:00,0.09495999999999999
2026-03-18 06:00:00+00:00,0.11399
2026-03-18 06:15:00+00:00,0.06251
2026-03-18 06:30:00+00:00,0.05357
2026-03-18 06:45:00+00:00,0.04212
2026-03-18 07:00:00+00:00,0.10897
2026-03-18 07:15:00+00:00,0.10587
2026-03-18 07:30:00+00:00,0.10006999999999999
2026-03-18 07:45:00+00:00,0.14398
2026-03-18 08:00:00+00:00,0.18797
2026-03-18 08:15:00+00:00,-0.02418
2026-03-18 08:30:00+00:00,-0.019969999999999998
2026-03-18 08:45:00+00:00,-0.03703
2026-03-18 09:00:00+00:00,-0.00534
2026-03-18 09:15:00+00:00,-0.02618
2026-03-18 09:30:00+00:00,-0.13818
2026-03-18 09:45:00+00:00,-0.00976
2026-03-18 10:00:00+00:00,0.0032400000000000003
2026-03-18 10:15:00+00:00,-0.01145
2026-03-18 10:30:00+00:00,-0.018359999999999998
2026-03-18 10:45:00+00:00,-0.01072
2026-03-18 11:00:00+00:00,-0.01263
2026-03-18 11:15:00+00:00,-0.01574
2026-03-18 11:30:00+00:00,0.00549
2026-03-18 11:45:00+00:00,-0.01477
2026-03-18 12:00:00+00:00,-0.00719
2026-03-18 12:15:00+00:00,-0.00226
2026-03-18 12:30:00+00:00,0.00609
2026-03-18 12:45:00+00:00,0.00419
2026-03-18 13:00:00+00:00,-0.006809999999999999
2026-03-18 13:15:00+00:00,-0.07142
2026-03-18 13:30:00+00:00,0.052950000000000004
2026-03-18 13:45:00+00:00,0.00925
2026-03-18 14:00:00+00:00,0.011970000000000001
2026-03-18 14:15:00+00:00,-0.00652
2026-03-18 14:30:00+00:00,0.09078
2026-03-18 14:45:00+00:00,0.10251
2026-03-18 15:00:00+00:00,0.11506999999999999
2026-03-18 15:15:00+00:00,0.15618
2026-03-18 15:30:00+00:00,0.11362
2026-03-18 15:45:00+00:00,0.14364
2026-03-18 16:00:00+00:00,0.06856
2026-03-18 16:15:00+00:00,0.16488999999999998
2026-03-18 16:30:00+00:00,0.19143000000000002
2026-03-18 16:45:00+00:00,0.39230000000000004
2026-03-18 17:00:00+00:00,0.10989
2026-03-18 17:15:00+00:00,0.13213999999999998
2026-03-18 17:30:00+00:00,0.16747
2026-03-18 17:45:00+00:00,0.17454
2026-03-18 18:00:00+00:00,0.19938
2026-03-18 18:15:00+00:00,0.23395
2026-03-18 18:30:00+00:00,0.13959
2026-03-18 18:45:00+00:00,0.14912999999999998
2026-03-18 19:00:00+00:00,0.20449
2026-03-18 19:15:00+00:00,0.18936
2026-03-18 19:30:00+00:00,0.11129
2026-03-18 19:45:00+00:00,0.14348
2026-03-18 20:00:00+00:00,0.10714
2026-03-18 20:15:00+00:00,0.07403
2026-03-18 20:30:00+00:00,0.07098
2026-03-18 20:45:00+00:00,0.11597
2026-03-18 21:00:00+00:00,0.12407
2026-03-18 21:15:00+00:00,0.14981
2026-03-18 21:30:00+00:00,0.13711
2026-03-18 21:45:00+00:00,0.08896
2026-03-18 22:00:00+00:00,0.12049
2026-03-18 22:15:00+00:00,0.11245999999999999
2026-03-18 22:30:00+00:00,0.10077
2026-03-18 22:45:00+00:00,0.08943999999999999
2026-03-18 23:00:00+00:00,0.08575
2026-03-18 23:15:00+00:00,0.06751
2026-03-18 23:30:00+00:00,0.06992
2026-03-18 23:45:00+00:00,0.07098
2026-03-19 00:00:00+00:00,0.09601000000000001
2026-03-19 00:15:00+00:00,0.12133
2026-03-19 00:30:00+00:00,0.11692
2026-03-19 00:45:00+00:00,0.12704000000000001
2026-03-19 01:00:00+00:00,0.12966999999999998
2026-03-19 01:15:00+00:00,0.11551
2026-03-19 01:30:00+00:00,0.13376
2026-03-19 01:45:00+00:00,0.14265
2026-03-19 02:00:00+00:00,0.11696
2026-03-19 02:15:00+00:00,0.11238
2026-03-19 02:30:00+00:00,0.12862
2026-03-19 02:45:00+00:00,0.12796
2026-03-19 03:00:00+00:00,0.12329000000000001
2026-03-19 03:15:00+00:00,0.1453
2026-03-19 03:30:00+00:00,0.15688
2026-03-19 03:45:00+00:00,0.16411
2026-03-19 04:00:00+00:00,0.13538999999999998
2026-03-19 04:15:00+00:00,0.13734
2026-03-19 04:30:00+00:00,0.17389
2026-03-19 04:45:00+00:00,0.18102000000000001
2026-03-19 05:00:00+00:00,0.17674
2026-03-19 05:15:00+00:00,0.18756
2026-03-19 05:30:00+00:00,0.25194
2026-03-19 05:45:00+00:00,0.28367000000000003
2026-03-19 06:00:00+00:00,0.16741999999999999
2026-03-19 06:15:00+00:00,0.144
2026-03-19 06:30:00+00:00,0.09851
2026-03-19 06:45:00+00:00,0.09
2026-03-19 07:00:00+00:00,0.11587
2026-03-19 07:15:00+00:00,0.045439999999999994
2026-03-19 07:30:00+00:00,0.09212000000000001
2026-03-19 07:45:00+00:00,0.15195
2026-03-19 08:00:00+00:00,0.20373
2026-03-19 08:15:00+00:00,0.05565
2026-03-19 08:30:00+00:00,0.1076
2026-03-19 08:45:00+00:00,0.14852
2026-03-19 09:00:00+00:00,0.12746
2026-03-19 09:15:00+00:00,0.02921
2026-03-19 09:30:00+00:00,0.02554
2026-03-19 09:45:00+00:00,0.052340000000000005
2026-03-19 10:00:00+00:00,0.13286
2026-03-19 10:15:00+00:00,0.02966
2026-03-19 10:30:00+00:00,0.01366
2026-03-19 10:45:00+00:00,0.00424
2026-03-19 11:00:00+00:00,0.01345
2026-03-19 11:15:00+00:00,-0.00851
2026-03-19 11:30:00+00:00,-0.00139
2026-03-19 11:45:00+00:00,-0.00977
2026-03-19 12:00:00+00:00,-0.009800000000000001
2026-03-19 12:15:00+00:00,0.013859999999999999
2026-03-19 12:30:00+00:00,0.01684
2026-03-19 12:45:00+00:00,0.01126
2026-03-19 13:00:00+00:00,-0.00563
2026-03-19 13:15:00+00:00,0.0010500000000000002
2026-03-19 13:30:00+00:00,0.03681
2026-03-19 13:45:00+00:00,0.02687
2026-03-19 14:00:00+00:00,0.00912
2026-03-19 14:15:00+00:00,0.12134
2026-03-19 14:30:00+00:00,0.08054
2026-03-19 14:45:00+00:00,0.04115
2026-03-19 15:00:00+00:00,0.11892
2026-03-19 15:15:00+00:00,0.055310000000000005
2026-03-19 15:30:00+00:00,0.09404000000000001
2026-03-19 15:45:00+00:00,0.09237999999999999
2026-03-19 16:00:00+00:00,0.05211
2026-03-19 16:15:00+00:00,0.10238
2026-03-19 16:30:00+00:00,0.12328
2026-03-19 16:45:00+00:00,0.18816999999999998
2026-03-19 17:00:00+00:00,0.13325
2026-03-19 17:15:00+00:00,0.11957
2026-03-19 17:30:00+00:00,0.15709
2026-03-19 17:45:00+00:00,0.18217
2026-03-19 18:00:00+00:00,0.25771
2026-03-19 18:15:00+00:00,0.24741
2026-03-19 18:30:00+00:00,0.12812
2026-03-19 18:45:00+00:00,0.15258000000000002
2026-03-19 19:00:00+00:00,0.21613
2026-03-19 19:15:00+00:00,0.12465000000000001
2026-03-19 19:30:00+00:00,0.1935
2026-03-19 19:45:00+00:00,0.15854
2026-03-19 20:00:00+00:00,0.18909
2026-03-19 20:15:00+00:00,0.18527000000000002
2026-03-19 20:30:00+00:00,0.12789
2026-03-19 20:45:00+00:00,0.17612
2026-03-19 21:00:00+00:00,0.19144999999999998
2026-03-19 21:15:00+00:00,0.11234000000000001
2026-03-19 21:30:00+00:00,0.16366999999999998
2026-03-19 21:45:00+00:00,0.16033
2026-03-19 22:00:00+00:00,0.118
2026-03-19 22:15:00+00:00,0.08859
2026-03-19 22:30:00+00:00,0.09048
2026-03-19 22:45:00+00:00,0.09899
2026-03-19 23:00:00+00:00,0.13475
2026-03-19 23:15:00+00:00,0.12988999999999998
2026-03-19 23:30:00+00:00,0.12604
2026-03-19 23:45:00+00:00,0.12759
2026-03-20 00:00:00+00:00,0.09068999999999999
2026-03-20 00:15:00+00:00,0.10590999999999999
2026-03-20 00:30:00+00:00,0.10689
2026-03-20 00:45:00+00:00,0.11724
2026-03-20 01:00:00+00:00,0.13040000000000002
2026-03-20 01:15:00+00:00,0.14496
2026-03-20 01:30:00+00:00,0.1335
2026-03-20 01:45:00+00:00,0.13807
2026-03-20 02:00:00+00:00,0.13973
2026-03-20 02:15:00+00:00,0.1374
2026-03-20 02:30:00+00:00,0.127
2026-03-20 02:45:00+00:00,0.10989
2026-03-20 03:00:00+00:00,0.08828
2026-03-20 03:15:00+00:00,0.06973
2026-03-20 03:30:00+00:00,0.06628
2026-03-20 03:45:00+00:00,0.08045000000000001
2026-03-20 04:00:00+00:00,0.08304
2026-03-20 04:15:00+00:00,0.08989
2026-03-20 04:30:00+00:00,0.12098
2026-03-20 04:45:00+00:00,0.15753999999999999
2026-03-20 05:00:00+00:00,0.15974000000000002
2026-03-20 05:15:00+00:00,0.12718000000000002
2026-03-20 05:30:00+00:00,0.14581
2026-03-20 05:45:00+00:00,0.11848
2026-03-20 06:00:00+00:00,0.17930000000000001
2026-03-20 06:15:00+00:00,0.1832
2026-03-20 06:30:00+00:00,0.18393
2026-03-20 06:45:00+00:00,0.19656
2026-03-20 07:00:00+00:00,0.22229
2026-03-20 07:15:00+00:00,0.21394
2026-03-20 07:30:00+00:00,0.19194999999999998
2026-03-20 07:45:00+00:00,0.18763999999999997
2026-03-20 08:00:00+00:00,0.14969
2026-03-20 08:15:00+00:00,0.1502
2026-03-20 08:30:00+00:00,0.16265000000000002
2026-03-20 08:45:00+00:00,0.048170000000000004
2026-03-20 09:00:00+00:00,0.13892
2026-03-20 09:15:00+00:00,0.10529000000000001
2026-03-20 09:30:00+00:00,0.12059
2026-03-20 09:45:00+00:00,0.03084
2026-03-20 10:00:00+00:00,0.11702
2026-03-20 10:15:00+00:00,0.06336
2026-03-20 10:30:00+00:00,0.055729999999999995
2026-03-20 10:45:00+00:00,0.01175
2026-03-20 11:00:00+00:00,0.02644
2026-03-20 11:15:00+00:00,-0.01486
2026-03-20 11:30:00+00:00,0.00658
2026-03-20 11:45:00+00:00,0.00033
2026-03-20 12:00:00+00:00,0.01936
2026-03-20 12:15:00+00:00,0.02521
2026-03-20 12:30:00+00:00,0.03495
2026-03-20 12:45:00+00:00,0.018609999999999998
2026-03-20 13:00:00+00:00,0.08112
2026-03-20 13:15:00+00:00,0.05349
2026-03-20 13:30:00+00:00,0.0768
2026-03-20 13:45:00+00:00,0.12744
2026-03-20 14:00:00+00:00,0.06931
2026-03-20 14:15:00+00:00,0.08098000000000001
2026-03-20 14:30:00+00:00,0.06096
2026-03-20 14:45:00+00:00,0.05717
2026-03-20 15:00:00+00:00,0.04956
2026-03-20 15:15:00+00:00,0.09670000000000001
2026-03-20 15:30:00+00:00,0.08937
2026-03-20 15:45:00+00:00,0.05877
2026-03-20 16:00:00+00:00,0.0882
2026-03-20 16:15:00+00:00,0.11509
2026-03-20 16:30:00+00:00,0.09058
2026-03-20 16:45:00+00:00,0.11423
2026-03-20 17:00:00+00:00,0.09247
2026-03-20 17:15:00+00:00,0.09659999999999999
2026-03-20 17:30:00+00:00,0.10534
2026-03-20 17:45:00+00:00,0.13645
2026-03-20 18:00:00+00:00,0.16676
2026-03-20 18:15:00+00:00,0.16076
2026-03-20 18:30:00+00:00,0.14096
2026-03-20 18:45:00+00:00,0.13131
2026-03-20 19:00:00+00:00,0.20539
2026-03-20 19:15:00+00:00,0.19879
2026-03-20 19:30:00+00:00,0.17152
2026-03-20 19:45:00+00:00,0.19605
2026-03-20 20:00:00+00:00,0.20201
2026-03-20 20:15:00+00:00,0.21277000000000001
2026-03-20 20:30:00+00:00,0.21978
2026-03-20 20:45:00+00:00,0.09703
2026-03-20 21:00:00+00:00,0.11899
2026-03-20 21:15:00+00:00,0.14912
2026-03-20 21:30:00+00:00,0.14824
2026-03-20 21:45:00+00:00,0.15594999999999998
2026-03-20 22:00:00+00:00,0.16351
2026-03-20 22:15:00+00:00,0.17386000000000001
2026-03-20 22:30:00+00:00,0.15650999999999998
2026-03-20 22:45:00+00:00,0.16846
2026-03-20 23:00:00+00:00,0.14418999999999998
2026-03-20 23:15:00+00:00,0.10993
2026-03-20 23:30:00+00:00,0.10842
2026-03-20 23:45:00+00:00,0.1191
2026-03-21 00:00:00+00:00,0.14493999999999999
2026-03-21 00:15:00+00:00,0.1424
2026-03-21 00:30:00+00:00,0.11295000000000001
2026-03-21 00:45:00+00:00,0.12723
2026-03-21 01:00:00+00:00,0.14241
2026-03-21 01:15:00+00:00,0.13997
2026-03-21 01:30:00+00:00,0.17436000000000001
2026-03-21 01:45:00+00:00,0.15725
2026-03-21 02:00:00+00:00,0.17443999999999998
2026-03-21 02:15:00+00:00,0.14201
2026-03-21 02:30:00+00:00,0.127
2026-03-21 02:45:00+00:00,0.11906
2026-03-21 03:00:00+00:00,0.11167
2026-03-21 03:15:00+00:00,0.112
2026-03-21 03:30:00+00:00,0.09078
2026-03-21 03:45:00+00:00,0.09516
2026-03-21 04:00:00+00:00,0.0955
2026-03-21 04:15:00+00:00,0.11077
2026-03-21 04:30:00+00:00,0.12768000000000002
2026-03-21 04:45:00+00:00,0.13812
2026-03-21 05:00:00+00:00,0.16288
2026-03-21 05:15:00+00:00,0.13872
2026-03-21 05:30:00+00:00,0.09343000000000001
2026-03-21 05:45:00+00:00,0.14547
2026-03-21 06:00:00+00:00,0.17625
2026-03-21 06:15:00+00:00,0.13874
2026-03-21 06:30:00+00:00,0.15422
2026-03-21 06:45:00+00:00,0.15763
2026-03-21 07:00:00+00:00,0.17417
2026-03-21 07:15:00+00:00,0.18778
2026-03-21 07:30:00+00:00,0.2585
2026-03-21 07:45:00+00:00,0.28052
2026-03-21 08:00:00+00:00,0.2698
2026-03-21 08:15:00+00:00,0.28395
2026-03-21 08:30:00+00:00,0.25358
2026-03-21 08:45:00+00:00,0.17412
2026-03-21 09:00:00+00:00,0.16437000000000002
2026-03-21 09:15:00+00:00,0.03946
2026-03-21 09:30:00+00:00,0.21496
2026-03-21 09:45:00+00:00,0.06426000000000001
2026-03-21 10:00:00+00:00,0.055729999999999995
2026-03-21 10:15:00+00:00,0.03491
2026-03-21 10:30:00+00:00,0.01174
2026-03-21 10:45:00+00:00,0.04206
2026-03-21 11:00:00+00:00,0.1212
2026-03-21 11:15:00+00:00,0.11951
2026-03-21 11:30:00+00:00,0.117
2026-03-21 11:45:00+00:00,0.13168000000000002
2026-03-21 12:00:00+00:00,0.12456
2026-03-21 12:15:00+00:00,0.17216
2026-03-21 12:30:00+00:00,0.16186
2026-03-21 12:45:00+00:00,0.13499
2026-03-21 13:00:00+00:00,0.14151
2026-03-21 13:15:00+00:00,0.13334000000000001
2026-03-21 13:30:00+00:00,0.11378
2026-03-21 13:45:00+00:00,0.10066
2026-03-21 14:00:00+00:00,0.14553
2026-03-21 14:15:00+00:00,0.11932999999999999
2026-03-21 14:30:00+00:00,0.04136
2026-03-21 14:45:00+00:00,0.09470999999999999
2026-03-21 15:00:00+00:00,0.11824
2026-03-21 15:15:00+00:00,0.10744
2026-03-21 15:30:00+00:00,0.0777
2026-03-21 15:45:00+00:00,0.1348
2026-03-21 16:00:00+00:00,0.08861
2026-03-21 16:15:00+00:00,0.08928
2026-03-21 16:30:00+00:00,0.10582
2026-03-21 16:45:00+00:00,0.08292000000000001
2026-03-21 17:00:00+00:00,0.10636
2026-03-21 17:15:00+00:00,0.07575
2026-03-21 17:30:00+00:00,0.12813
2026-03-21 17:45:00+00:00,0.15364
2026-03-21 18:00:00+00:00,0.20388
2026-03-21 18:15:00+00:00,0.18944
2026-03-21 18:30:00+00:00,0.1445
2026-03-21 18:45:00+00:00,0.16129
2026-03-21 19:00:00+00:00,0.20693
2026-03-21 19:15:00+00:00,0.21513
2026-03-21 19:30:00+00:00,0.16832
2026-03-21 19:45:00+00:00,0.11402
2026-03-21 20:00:00+00:00,0.14879
2026-03-21 20:15:00+00:00,0.17808000000000002
2026-03-21 20:30:00+00:00,0.17855000000000001
2026-03-21 20:45:00+00:00,0.14562999999999998
2026-03-21 21:00:00+00:00,0.23379
2026-03-21 21:15:00+00:00,0.10646
2026-03-21 21:30:00+00:00,0.07103
2026-03-21 21:45:00+00:00,0.07368999999999999
2026-03-21 22:00:00+00:00,0.06767000000000001
2026-03-21 22:15:00+00:00,0.06351
2026-03-21 22:30:00+00:00,0.04273
2026-03-21 22:45:00+00:00,0.03616
2026-03-21 23:00:00+00:00,0.06111
2026-03-21 23:15:00+00:00,0.04942
2026-03-21 23:30:00+00:00,0.04819
2026-03-21 23:45:00+00:00,0.060759999999999995
2026-03-22 00:00:00+00:00,0.1192
2026-03-22 00:15:00+00:00,0.10357
2026-03-22 00:30:00+00:00,0.06254
2026-03-22 00:45:00+00:00,0.10271
2026-03-22 01:00:00+00:00,0.09756999999999999
2026-03-22 01:15:00+00:00,0.08264
2026-03-22 01:30:00+00:00,0.08823
2026-03-22 01:45:00+00:00,0.09112999999999999
2026-03-22 02:00:00+00:00,0.10571
2026-03-22 02:15:00+00:00,0.11098000000000001
2026-03-22 02:30:00+00:00,0.09203
2026-03-22 02:45:00+00:00,0.10561
2026-03-22 03:00:00+00:00,0.09770000000000001
2026-03-22 03:15:00+00:00,0.10026
2026-03-22 03:30:00+00:00,0.11336
2026-03-22 03:45:00+00:00,0.0697
2026-03-22 04:00:00+00:00,0.07341
2026-03-22 04:15:00+00:00,0.08935
2026-03-22 04:30:00+00:00,0.08622
2026-03-22 04:45:00+00:00,0.09137999999999999
2026-03-22 05:00:00+00:00,0.09878
2026-03-22 05:15:00+00:00,0.10098
2026-03-22 05:30:00+00:00,0.10685
2026-03-22 05:45:00+00:00,0.14155
2026-03-22 06:00:00+00:00,0.12315999999999999
2026-03-22 06:15:00+00:00,0.10739
2026-03-22 06:30:00+00:00,0.13369999999999999
2026-03-22 06:45:00+00:00,0.09092
2026-03-22 07:00:00+00:00,0.11483
2026-03-22 07:15:00+00:00,0.1894
2026-03-22 07:30:00+00:00,0.13044
2026-03-22 07:45:00+00:00,0.1318
2026-03-22 08:00:00+00:00,0.09454000000000001
2026-03-22 08:15:00+00:00,0.02459
2026-03-22 08:30:00+00:00,0.00965
2026-03-22 08:45:00+00:00,-0.01145
2026-03-22 09:00:00+00:00,0.09787
2026-03-22 09:15:00+00:00,0.11429
2026-03-22 09:30:00+00:00,0.02779
2026-03-22 09:45:00+00:00,-0.02129
2026-03-22 10:00:00+00:00,-0.00304
2026-03-22 10:15:00+00:00,-0.019370000000000002
2026-03-22 10:30:00+00:00,-0.01614
2026-03-22 10:45:00+00:00,-0.017920000000000002
2026-03-22 11:00:00+00:00,-0.014410000000000001
2026-03-22 11:15:00+00:00,-0.02146
2026-03-22 11:30:00+00:00,-0.02246
2026-03-22 11:45:00+00:00,-0.02535
2026-03-22 12:00:00+00:00,0.01995
2026-03-22 12:15:00+00:00,0.09
2026-03-22 12:30:00+00:00,-0.01351
2026-03-22 12:45:00+00:00,-0.0067800000000000004
2026-03-22 13:00:00+00:00,-0.31092000000000003
2026-03-22 13:15:00+00:00,-0.017079999999999998
2026-03-22 13:30:00+00:00,-0.01307
2026-03-22 13:45:00+00:00,-0.01209
2026-03-22 14:00:00+00:00,-0.00838
2026-03-22 14:15:00+00:00,-0.01311
2026-03-22 14:30:00+00:00,0.00608
2026-03-22 14:45:00+00:00,0.00533
2026-03-22 15:00:00+00:00,0.07564
2026-03-22 15:15:00+00:00,0.05256
2026-03-22 15:30:00+00:00,0.044719999999999996
2026-03-22 15:45:00+00:00,0.04095
2026-03-22 16:00:00+00:00,0.1245
2026-03-22 16:15:00+00:00,0.08469
2026-03-22 16:30:00+00:00,0.16099000000000002
2026-03-22 16:45:00+00:00,0.14939
2026-03-22 17:00:00+00:00,0.16731000000000001
2026-03-22 17:15:00+00:00,0.13147
2026-03-22 17:30:00+00:00,0.15975
2026-03-22 17:45:00+00:00,0.19246000000000002
2026-03-22 18:00:00+00:00,0.23204
2026-03-22 18:15:00+00:00,0.17548
2026-03-22 18:30:00+00:00,0.19524
2026-03-22 18:45:00+00:00,0.11657
2026-03-22 19:00:00+00:00,0.12885
2026-03-22 19:15:00+00:00,0.10965000000000001
2026-03-22 19:30:00+00:00,0.10391
2026-03-22 19:45:00+00:00,0.10434
2026-03-22 20:00:00+00:00,0.12262999999999999
2026-03-22 20:15:00+00:00,0.10355
2026-03-22 20:30:00+00:00,0.08957999999999999
2026-03-22 20:45:00+00:00,0.08417
2026-03-22 21:00:00+00:00,0.12772
2026-03-22 21:15:00+00:00,0.13005
2026-03-22 21:30:00+00:00,0.17034
2026-03-22 21:45:00+00:00,0.14429
2026-03-22 22:00:00+00:00,0.13358
2026-03-22 22:15:00+00:00,0.13282
2026-03-22 22:30:00+00:00,0.13028
2026-03-22 22:45:00+00:00,0.14651
2026-03-22 23:00:00+00:00,0.16803
2026-03-22 23:15:00+00:00,0.13141
2026-03-22 23:30:00+00:00,0.15056999999999998
2026-03-22 23:45:00+00:00,0.15956
2026-03-23 00:00:00+00:00,0.16385
2026-03-23 00:15:00+00:00,0.1748
2026-03-23 00:30:00+00:00,0.19166999999999998
2026-03-23 00:45:00+00:00,0.17980000000000002
2026-03-23 01:00:00+00:00,0.13874
2026-03-23 01:15:00+00:00,0.13333
2026-03-23 01:30:00+00:00,0.12916
2026-03-23 01:45:00+00:00,0.14486000000000002
2026-03-23 02:00:00+00:00,0.11506999999999999
2026-03-23 02:15:00+00:00,0.13488
2026-03-23 02:30:00+00:00,0.13291999999999998
2026-03-23 02:45:00+00:00,0.15562
2026-03-23 03:00:00+00:00,0.17696
2026-03-23 03:15:00+00:00,0.17874
2026-03-23 03:30:00+00:00,0.18816999999999998
2026-03-23 03:45:00+00:00,0.15322
2026-03-23 04:00:00+00:00,0.13293000000000002
2026-03-23 04:15:00+00:00,0.16757
2026-03-23 04:30:00+00:00,0.18022
2026-03-23 04:45:00+00:00,0.2074
2026-03-23 05:00:00+00:00,0.13538
2026-03-23 05:15:00+00:00,0.16468
2026-03-23 05:30:00+00:00,0.16516999999999998
2026-03-23 05:45:00+00:00,0.14011
2026-03-23 06:00:00+00:00,0.19494
2026-03-23 06:15:00+00:00,0.19915
2026-03-23 06:30:00+00:00,0.20940999999999999
2026-03-23 06:45:00+00:00,0.1265
2026-03-23 07:00:00+00:00,0.29558999999999996
2026-03-23 07:15:00+00:00,0.23573
2026-03-23 07:30:00+00:00,0.05215
2026-03-23 07:45:00+00:00,0.07296
2026-03-23 08:00:00+00:00,0.05191
2026-03-23 08:15:00+00:00,0.04678
2026-03-23 08:30:00+00:00,0.08961
2026-03-23 08:45:00+00:00,0.08384
2026-03-23 09:00:00+00:00,0.032060000000000005
2026-03-23 09:15:00+00:00,0.02459
2026-03-23 09:30:00+00:00,0.09620999999999999
2026-03-23 09:45:00+00:00,0.00934
2026-03-23 10:00:00+00:00,0.01408
2026-03-23 10:15:00+00:00,0.01729
2026-03-23 10:30:00+00:00,-0.01133
2026-03-23 10:45:00+00:00,0.023
2026-03-23 11:00:00+00:00,0.03922
2026-03-23 11:15:00+00:00,0.04809
2026-03-23 11:30:00+00:00,0.08975
2026-03-23 11:45:00+00:00,0.11086
2026-03-23 12:00:00+00:00,0.14712
2026-03-23 12:15:00+00:00,0.12464
2026-03-23 12:30:00+00:00,0.16025
2026-03-23 12:45:00+00:00,0.16132
2026-03-23 13:00:00+00:00,0.12674
2026-03-23 13:15:00+00:00,0.15002000000000001
2026-03-23 13:30:00+00:00,0.15585
2026-03-23 13:45:00+00:00,0.16481
2026-03-23 14:00:00+00:00,0.13724
2026-03-23 14:15:00+00:00,0.06785
2026-03-23 14:30:00+00:00,0.13478
2026-03-23 14:45:00+00:00,0.1455
2026-03-23 15:00:00+00:00,0.14887
2026-03-23 15:15:00+00:00,0.17765
2026-03-23 15:30:00+00:00,0.21871000000000002
2026-03-23 15:45:00+00:00,0.24547
2026-03-23 16:00:00+00:00,0.13463
2026-03-23 16:15:00+00:00,0.08066
2026-03-23 16:30:00+00:00,0.2115
2026-03-23 16:45:00+00:00,0.20438
2026-03-23 17:00:00+00:00,0.15783000000000003
2026-03-23 17:15:00+00:00,0.17172
2026-03-23 17:30:00+00:00,0.16105
2026-03-23 17:45:00+00:00,0.27853
2026-03-23 18:00:00+00:00,0.29486
2026-03-23 18:15:00+00:00,0.28944
2026-03-23 18:30:00+00:00,0.29877
2026-03-23 18:45:00+00:00,0.15783000000000003
2026-03-23 19:00:00+00:00,0.44248000000000004
2026-03-23 19:15:00+00:00,0.24983000000000002
2026-03-23 19:30:00+00:00,0.1814
2026-03-23 19:45:00+00:00,0.10745
2026-03-23 20:00:00+00:00,0.12409
2026-03-23 20:15:00+00:00,0.10116
2026-03-23 20:30:00+00:00,0.10501
2026-03-23 20:45:00+00:00,0.09523000000000001
2026-03-23 21:00:00+00:00,0.11623
2026-03-23 21:15:00+00:00,0.13781000000000002
2026-03-23 21:30:00+00:00,0.14605
2026-03-23 21:45:00+00:00,0.14697
2026-03-23 22:00:00+00:00,0.1638
2026-03-23 22:15:00+00:00,0.08678
2026-03-23 22:30:00+00:00,0.0818
2026-03-23 22:45:00+00:00,0.09064
2026-03-23 23:00:00+00:00,0.16551
2026-03-23 23:15:00+00:00,0.17775
2026-03-23 23:30:00+00:00,0.20549
2026-03-23 23:45:00+00:00,0.18652000000000002
2026-03-24 00:00:00+00:00,0.12935
2026-03-24 00:15:00+00:00,0.12841
2026-03-24 00:30:00+00:00,0.10862999999999999
2026-03-24 00:45:00+00:00,0.07914
2026-03-24 01:00:00+00:00,0.08126
2026-03-24 01:15:00+00:00,0.08971
2026-03-24 01:30:00+00:00,0.11784
2026-03-24 01:45:00+00:00,0.08198
2026-03-24 02:00:00+00:00,0.08075
2026-03-24 02:15:00+00:00,0.06662
2026-03-24 02:30:00+00:00,0.07199
2026-03-24 02:45:00+00:00,0.05331
2026-03-24 03:00:00+00:00,0.09906999999999999
2026-03-24 03:15:00+00:00,0.11765
2026-03-24 03:30:00+00:00,0.13335
2026-03-24 03:45:00+00:00,0.14028
2026-03-24 04:00:00+00:00,0.11337
2026-03-24 04:15:00+00:00,0.09318000000000001
2026-03-24 04:30:00+00:00,0.08601
2026-03-24 04:45:00+00:00,0.07597
2026-03-24 05:00:00+00:00,0.17848
2026-03-24 05:15:00+00:00,0.11749
2026-03-24 05:30:00+00:00,0.08172
2026-03-24 05:45:00+00:00,0.10338
2026-03-24 06:00:00+00:00,0.11467000000000001
2026-03-24 06:15:00+00:00,0.12576
2026-03-24 06:30:00+00:00,0.12641
2026-03-24 06:45:00+00:00,0.12651
2026-03-24 07:00:00+00:00,0.13348
2026-03-24 07:15:00+00:00,0.17815
2026-03-24 07:30:00+00:00,0.1694
2026-03-24 07:45:00+00:00,0.25849
2026-03-24 08:00:00+00:00,0.17402
2026-03-24 08:15:00+00:00,0.12869
2026-03-24 08:30:00+00:00,0.14514
2026-03-24 08:45:00+00:00,0.10676000000000001
2026-03-24 09:00:00+00:00,0.1067
2026-03-24 09:15:00+00:00,0.11676
2026-03-24 09:30:00+00:00,0.055049999999999995
2026-03-24 09:45:00+00:00,0.013779999999999999
2026-03-24 10:00:00+00:00,-0.0030299999999999997
2026-03-24 10:15:00+00:00,-0.01896
2026-03-24 10:30:00+00:00,-0.01033
2026-03-24 10:45:00+00:00,-0.017070000000000002
2026-03-24 11:00:00+00:00,-0.031239999999999997
2026-03-24 11:15:00+00:00,-0.02191
2026-03-24 11:30:00+00:00,-0.02339
2026-03-24 11:45:00+00:00,-0.023170000000000003
2026-03-24 12:00:00+00:00,-0.00311
2026-03-24 12:15:00+00:00,-0.02293
2026-03-24 12:30:00+00:00,-0.01576
2026-03-24 12:45:00+00:00,0.010960000000000001
2026-03-24 13:00:00+00:00,0.038939999999999995
2026-03-24 13:15:00+00:00,0.04201
2026-03-24 13:30:00+00:00,0.05754
2026-03-24 13:45:00+00:00,0.06559000000000001
2026-03-24 14:00:00+00:00,0.03271
2026-03-24 14:15:00+00:00,-0.00195
2026-03-24 14:30:00+00:00,0.06981
2026-03-24 14:45:00+00:00,0.14114
2026-03-24 15:00:00+00:00,0.11781
2026-03-24 15:15:00+00:00,0.18772999999999998
2026-03-24 15:30:00+00:00,0.23075
2026-03-24 15:45:00+00:00,0.21850999999999998
2026-03-24 16:00:00+00:00,0.14853
2026-03-24 16:15:00+00:00,0.20906
2026-03-24 16:30:00+00:00,0.24730000000000002
2026-03-24 16:45:00+00:00,0.03698
2026-03-24 17:00:00+00:00,0.12665
2026-03-24 17:15:00+00:00,0.03047
2026-03-24 17:30:00+00:00,0.11233
2026-03-24 17:45:00+00:00,0.09583
2026-03-24 18:00:00+00:00,0.14747
2026-03-24 18:15:00+00:00,0.14715999999999999
2026-03-24 18:30:00+00:00,0.10129
2026-03-24 18:45:00+00:00,0.08903
2026-03-24 19:00:00+00:00,0.17304
2026-03-24 19:15:00+00:00,0.10008
2026-03-24 19:30:00+00:00,0.01632
2026-03-24 19:45:00+00:00,0.006860000000000001
2026-03-24 20:00:00+00:00,-0.03737
2026-03-24 20:15:00+00:00,0.09351999999999999
2026-03-24 20:30:00+00:00,-0.004900000000000001
2026-03-24 20:45:00+00:00,0.09695999999999999
2026-03-24 21:00:00+00:00,0.03181
2026-03-24 21:15:00+00:00,-0.0346
2026-03-24 21:30:00+00:00,0.01714
2026-03-24 21:45:00+00:00,-0.03982
2026-03-24 22:00:00+00:00,0.08546
2026-03-24 22:15:00+00:00,-0.0154
2026-03-24 22:30:00+00:00,0.00098
2026-03-24 22:45:00+00:00,-0.00869
2026-03-24 23:00:00+00:00,-0.1802
2026-03-24 23:15:00+00:00,-0.06478
2026-03-24 23:30:00+00:00,-0.024
2026-03-24 23:45:00+00:00,-0.04385
2026-03-25 00:00:00+00:00,-0.0013
2026-03-25 00:15:00+00:00,-0.00474
2026-03-25 00:30:00+00:00,-0.02247
2026-03-25 00:45:00+00:00,-0.007019999999999999
2026-03-25 01:00:00+00:00,-0.0072699999999999996
2026-03-25 01:15:00+00:00,-0.0067599999999999995
2026-03-25 01:30:00+00:00,-0.013439999999999999
2026-03-25 01:45:00+00:00,-0.00259
2026-03-25 02:00:00+00:00,-0.04226
2026-03-25 02:15:00+00:00,0.00126
2026-03-25 02:30:00+00:00,-0.0011899999999999999
2026-03-25 02:45:00+00:00,-0.02253
2026-03-25 03:00:00+00:00,-0.07862000000000001
2026-03-25 03:15:00+00:00,-0.08123999999999999
2026-03-25 03:30:00+00:00,0.0005899999999999999
2026-03-25 03:45:00+00:00,-0.0002
2026-03-25 04:00:00+00:00,0.00684
2026-03-25 04:15:00+00:00,0.023149999999999997
2026-03-25 04:30:00+00:00,0.05187
2026-03-25 04:45:00+00:00,0.05113
2026-03-25 05:00:00+00:00,0.04134
2026-03-25 05:15:00+00:00,-0.57786
2026-03-25 05:30:00+00:00,-0.00335
2026-03-25 05:45:00+00:00,0.18378
2026-03-25 06:00:00+00:00,0.14041
2026-03-25 06:15:00+00:00,0.014369999999999999
2026-03-25 06:30:00+00:00,0.00766
2026-03-25 06:45:00+00:00,0.00401
2026-03-25 07:00:00+00:00,0.00898
2026-03-25 07:15:00+00:00,0.00783
2026-03-25 07:30:00+00:00,0.00363
2026-03-25 07:45:00+00:00,0.00956
2026-03-25 08:00:00+00:00,0.08676
2026-03-25 08:15:00+00:00,-0.00541
2026-03-25 08:30:00+00:00,0.073
2026-03-25 08:45:00+00:00,0.08626
2026-03-25 09:00:00+00:00,0.031170000000000003
2026-03-25 09:15:00+00:00,0.06662
2026-03-25 09:30:00+00:00,0.08707
2026-03-25 09:45:00+00:00,0.05894
2026-03-25 10:00:00+00:00,0.06493
2026-03-25 10:15:00+00:00,0.12409999999999999
2026-03-25 10:30:00+00:00,0.06505
2026-03-25 10:45:00+00:00,0.10418999999999999
2026-03-25 11:00:00+00:00,0.05168
2026-03-25 11:15:00+00:00,0.045450000000000004
2026-03-25 11:30:00+00:00,0.12566
2026-03-25 11:45:00+00:00,0.15536000000000003
2026-03-25 12:00:00+00:00,0.17926
2026-03-25 12:15:00+00:00,0.16331
2026-03-25 12:30:00+00:00,0.00561
2026-03-25 12:45:00+00:00,-0.06464
2026-03-25 13:00:00+00:00,0.02505
2026-03-25 13:15:00+00:00,0.02361
2026-03-25 13:30:00+00:00,0.05576
2026-03-25 13:45:00+00:00,0.07732
2026-03-25 14:00:00+00:00,0.12521
2026-03-25 14:15:00+00:00,0.07115
2026-03-25 14:30:00+00:00,0.06991
2026-03-25 14:45:00+00:00,0.07213
2026-03-25 15:00:00+00:00,0.14231
2026-03-25 15:15:00+00:00,0.06689
2026-03-25 15:30:00+00:00,0.13868
2026-03-25 15:45:00+00:00,0.06803000000000001
2026-03-25 16:00:00+00:00,0.15591999999999998
2026-03-25 16:15:00+00:00,0.18528999999999998
2026-03-25 16:30:00+00:00,0.16334
2026-03-25 16:45:00+00:00,0.21234
2026-03-25 17:00:00+00:00,0.23395
2026-03-25 17:15:00+00:00,0.20942
2026-03-25 17:30:00+00:00,0.1742
2026-03-25 17:45:00+00:00,0.2496
2026-03-25 18:00:00+00:00,0.17879
2026-03-25 18:15:00+00:00,0.15491999999999997
2026-03-25 18:30:00+00:00,0.19268000000000002
2026-03-25 18:45:00+00:00,0.15095
2026-03-25 19:00:00+00:00,0.17492
2026-03-25 19:15:00+00:00,0.14440999999999998
2026-03-25 19:30:00+00:00,0.20451
2026-03-25 19:45:00+00:00,0.18774000000000002
2026-03-25 20:00:00+00:00,0.20105
2026-03-25 20:15:00+00:00,0.19271000000000002
2026-03-25 20:30:00+00:00,0.16869
2026-03-25 20:45:00+00:00,0.03511
2026-03-25 21:00:00+00:00,0.08926
2026-03-25 21:15:00+00:00,0.15350999999999998
2026-03-25 21:30:00+00:00,0.15884
2026-03-25 21:45:00+00:00,0.15971000000000002
2026-03-25 22:00:00+00:00,0.08619
2026-03-25 22:15:00+00:00,0.08298
2026-03-25 22:30:00+00:00,0.15336000000000002
2026-03-25 22:45:00+00:00,0.12465999999999999
2026-03-25 23:00:00+00:00,0.11005
2026-03-25 23:15:00+00:00,0.11856
2026-03-25 23:30:00+00:00,0.08277
2026-03-25 23:45:00+00:00,0.08675
2026-03-26 00:00:00+00:00,0.07673
2026-03-26 00:15:00+00:00,0.0872
2026-03-26 00:30:00+00:00,0.09345999999999999
2026-03-26 00:45:00+00:00,0.08003
2026-03-26 01:00:00+00:00,0.04531
2026-03-26 01:15:00+00:00,0.05093
2026-03-26 01:30:00+00:00,0.05571
2026-03-26 01:45:00+00:00,0.05199
2026-03-26 02:00:00+00:00,0.06279
2026-03-26 02:15:00+00:00,0.03803
2026-03-26 02:30:00+00:00,0.032130000000000006
2026-03-26 02:45:00+00:00,0.01569
2026-03-26 03:00:00+00:00,0.02888
2026-03-26 03:15:00+00:00,0.02625
2026-03-26 03:30:00+00:00,0.04982
2026-03-26 03:45:00+00:00,0.1187
2026-03-26 04:00:00+00:00,0.09727
2026-03-26 04:15:00+00:00,0.048799999999999996
2026-03-26 04:30:00+00:00,0.05121
2026-03-26 04:45:00+00:00,0.11056999999999999
2026-03-26 05:00:00+00:00,0.05738
2026-03-26 05:15:00+00:00,0.05796
2026-03-26 05:30:00+00:00,0.11942
2026-03-26 05:45:00+00:00,0.15071
2026-03-26 06:00:00+00:00,0.22106
2026-03-26 06:15:00+00:00,0.18946000000000002
2026-03-26 06:30:00+00:00,0.07778
2026-03-26 06:45:00+00:00,0.12900999999999999
2026-03-26 07:00:00+00:00,0.05205
2026-03-26 07:15:00+00:00,0.05343
2026-03-26 07:30:00+00:00,0.14294
2026-03-26 07:45:00+00:00,0.13456
2026-03-26 08:00:00+00:00,0.09752
2026-03-26 08:15:00+00:00,0.09814
2026-03-26 08:30:00+00:00,0.15585
2026-03-26 08:45:00+00:00,0.21785
2026-03-26 09:00:00+00:00,-0.00644
2026-03-26 09:15:00+00:00,0.16202
2026-03-26 09:30:00+00:00,0.15661000000000003
2026-03-26 09:45:00+00:00,0.0507
2026-03-26 10:00:00+00:00,0.017070000000000002
2026-03-26 10:15:00+00:00,0.15058000000000002
2026-03-26 10:30:00+00:00,0.13975
2026-03-26 10:45:00+00:00,0.005900000000000001
2026-03-26 11:00:00+00:00,-0.00632
2026-03-26 11:15:00+00:00,-0.00661
2026-03-26 11:30:00+00:00,0.06827
2026-03-26 11:45:00+00:00,-0.00775
2026-03-26 12:00:00+00:00,-0.01786
2026-03-26 12:15:00+00:00,0.11616
2026-03-26 12:30:00+00:00,-0.019620000000000002
2026-03-26 12:45:00+00:00,-0.02352
2026-03-26 13:00:00+00:00,-0.06527
2026-03-26 13:15:00+00:00,-0.01899
2026-03-26 13:30:00+00:00,-0.04262
2026-03-26 13:45:00+00:00,-0.01534
2026-03-26 14:00:00+00:00,-0.03163
2026-03-26 14:15:00+00:00,-0.01419
2026-03-26 14:30:00+00:00,-0.01099
2026-03-26 14:45:00+00:00,-0.0128
2026-03-26 15:00:00+00:00,-0.00634
2026-03-26 15:15:00+00:00,0.02514
2026-03-26 15:30:00+00:00,0.00163
2026-03-26 15:45:00+00:00,0.00744
2026-03-26 16:00:00+00:00,0.11275
2026-03-26 16:15:00+00:00,0.13975
2026-03-26 16:30:00+00:00,0.19556
2026-03-26 16:45:00+00:00,0.0573
2026-03-26 17:00:00+00:00,0.12841999999999998
2026-03-26 17:15:00+00:00,0.12329000000000001
2026-03-26 17:30:00+00:00,0.11083
2026-03-26 17:45:00+00:00,0.14667
2026-03-26 18:00:00+00:00,0.18541999999999997
2026-03-26 18:15:00+00:00,0.16338
2026-03-26 18:30:00+00:00,0.18769999999999998
2026-03-26 18:45:00+00:00,0.14631
2026-03-26 19:00:00+00:00,0.06355
2026-03-26 19:15:00+00:00,0.10642
2026-03-26 19:30:00+00:00,0.13319
2026-03-26 19:45:00+00:00,0.13799
2026-03-26 20:00:00+00:00,0.06917
2026-03-26 20:15:00+00:00,0.10217
2026-03-26 20:30:00+00:00,0.07808
2026-03-26 20:45:00+00:00,0.11466
2026-03-26 21:00:00+00:00,0.10357
2026-03-26 21:15:00+00:00,0.14246
2026-03-26 21:30:00+00:00,0.07984999999999999
2026-03-26 21:45:00+00:00,0.12243000000000001
2026-03-26 22:00:00+00:00,0.10596
2026-03-26 22:15:00+00:00,0.08539
2026-03-26 22:30:00+00:00,0.09558
2026-03-26 22:45:00+00:00,0.09870999999999999
2026-03-26 23:00:00+00:00,0.11845
2026-03-26 23:15:00+00:00,0.12606
2026-03-26 23:30:00+00:00,0.14934999999999998
2026-03-26 23:45:00+00:00,0.10624
2026-03-27 00:00:00+00:00,0.11125
2026-03-27 00:15:00+00:00,0.09706999999999999
2026-03-27 00:30:00+00:00,0.0985
2026-03-27 00:45:00+00:00,0.08334
2026-03-27 01:00:00+00:00,0.07248
2026-03-27 01:15:00+00:00,0.06631999999999999
2026-03-27 01:30:00+00:00,0.09108
2026-03-27 01:45:00+00:00,0.08666
2026-03-27 02:00:00+00:00,0.13002
2026-03-27 02:15:00+00:00,0.14253
2026-03-27 02:30:00+00:00,0.13516999999999998
2026-03-27 02:45:00+00:00,0.10554000000000001
2026-03-27 03:00:00+00:00,0.10288
2026-03-27 03:15:00+00:00,0.10604999999999999
2026-03-27 03:30:00+00:00,0.08628
2026-03-27 03:45:00+00:00,0.0634
2026-03-27 04:00:00+00:00,0.05858
2026-03-27 04:15:00+00:00,0.06513
2026-03-27 04:30:00+00:00,0.08095999999999999
2026-03-27 04:45:00+00:00,0.0979
2026-03-27 05:00:00+00:00,0.18641999999999997
2026-03-27 05:15:00+00:00,0.1308
2026-03-27 05:30:00+00:00,0.08882999999999999
2026-03-27 05:45:00+00:00,0.16934
2026-03-27 06:00:00+00:00,0.19923
2026-03-27 06:15:00+00:00,0.09681999999999999
2026-03-27 06:30:00+00:00,0.11544
2026-03-27 06:45:00+00:00,0.12386
2026-03-27 07:00:00+00:00,0.159
2026-03-27 07:15:00+00:00,0.09325
2026-03-27 07:30:00+00:00,0.09764
2026-03-27 07:45:00+00:00,0.06892
2026-03-27 08:00:00+00:00,0.06395
2026-03-27 08:15:00+00:00,0.044270000000000004
2026-03-27 08:30:00+00:00,0.09739
2026-03-27 08:45:00+00:00,0.019039999999999998
2026-03-27 09:00:00+00:00,0.0341
2026-03-27 09:15:00+00:00,0.08212
2026-03-27 09:30:00+00:00,0.12626
2026-03-27 09:45:00+00:00,0.10202
2026-03-27 10:00:00+00:00,0.09375
2026-03-27 10:15:00+00:00,0.12333
2026-03-27 10:30:00+00:00,0.14587999999999998
2026-03-27 10:45:00+00:00,0.13094999999999998
2026-03-27 11:00:00+00:00,0.07279000000000001
2026-03-27 11:15:00+00:00,0.03567
2026-03-27 11:30:00+00:00,0.01955
2026-03-27 11:45:00+00:00,0.0032
2026-03-27 12:00:00+00:00,-0.01263
2026-03-27 12:15:00+00:00,-0.00624
2026-03-27 12:30:00+00:00,-0.01277
2026-03-27 12:45:00+00:00,-0.00893
2026-03-27 13:00:00+00:00,-0.00855
2026-03-27 13:15:00+00:00,-0.014289999999999999
2026-03-27 13:30:00+00:00,-0.01332
2026-03-27 13:45:00+00:00,-0.01264
2026-03-27 14:00:00+00:00,0.08743000000000001
2026-03-27 14:15:00+00:00,0.0426
2026-03-27 14:30:00+00:00,0.03936
2026-03-27 14:45:00+00:00,0.05536
2026-03-27 15:00:00+00:00,0.05013
2026-03-27 15:15:00+00:00,0.12077
2026-03-27 15:30:00+00:00,0.10413
2026-03-27 15:45:00+00:00,0.041299999999999996
2026-03-27 16:00:00+00:00,0.09561
2026-03-27 16:15:00+00:00,0.07981999999999999
2026-03-27 16:30:00+00:00,0.13681000000000001
2026-03-27 16:45:00+00:00,0.13125
2026-03-27 17:00:00+00:00,0.06784
2026-03-27 17:15:00+00:00,0.12247
2026-03-27 17:30:00+00:00,0.14185
2026-03-27 17:45:00+00:00,0.1994
2026-03-27 18:00:00+00:00,0.15563999999999997
2026-03-27 18:15:00+00:00,0.14224
2026-03-27 18:30:00+00:00,0.12746
2026-03-27 18:45:00+00:00,0.10481
2026-03-27 19:00:00+00:00,0.06256
2026-03-27 19:15:00+00:00,0.07522
2026-03-27 19:30:00+00:00,0.06670999999999999
2026-03-27 19:45:00+00:00,0.07196999999999999
2026-03-27 20:00:00+00:00,0.11256999999999999
2026-03-27 20:15:00+00:00,0.14422
2026-03-27 20:30:00+00:00,0.07367
2026-03-27 20:45:00+00:00,0.06385
2026-03-27 21:00:00+00:00,0.14705000000000001
2026-03-27 21:15:00+00:00,0.08222
2026-03-27 21:30:00+00:00,0.06748
2026-03-27 21:45:00+00:00,0.12034
2026-03-27 22:00:00+00:00,0.062439999999999996
2026-03-27 22:15:00+00:00,0.06064
2026-03-27 22:30:00+00:00,0.09197
2026-03-27 22:45:00+00:00,0.07911
2026-03-27 23:00:00+00:00,0.10516
2026-03-27 23:15:00+00:00,0.14039
2026-03-27 23:30:00+00:00,0.10345
2026-03-27 23:45:00+00:00,0.09506
2026-03-28 00:00:00+00:00,0.06731000000000001
2026-03-28 00:15:00+00:00,0.06987
2026-03-28 00:30:00+00:00,0.06914000000000001
2026-03-28 00:45:00+00:00,0.11475
2026-03-28 01:00:00+00:00,0.08976
2026-03-28 01:15:00+00:00,0.08297
2026-03-28 01:30:00+00:00,0.06609000000000001
2026-03-28 01:45:00+00:00,0.09182
2026-03-28 02:00:00+00:00,0.11661
2026-03-28 02:15:00+00:00,0.12846000000000002
2026-03-28 02:30:00+00:00,0.13163999999999998
2026-03-28 02:45:00+00:00,0.10936
2026-03-28 03:00:00+00:00,0.06444
2026-03-28 03:15:00+00:00,0.061020000000000005
2026-03-28 03:30:00+00:00,0.06770999999999999
2026-03-28 03:45:00+00:00,0.08719
2026-03-28 04:00:00+00:00,0.07488
2026-03-28 04:15:00+00:00,0.08181999999999999
2026-03-28 04:30:00+00:00,0.06434999999999999
2026-03-28 04:45:00+00:00,0.05697
2026-03-28 05:00:00+00:00,0.06392
2026-03-28 05:15:00+00:00,0.05786
2026-03-28 05:30:00+00:00,0.06042
2026-03-28 05:45:00+00:00,0.05123
2026-03-28 06:00:00+00:00,0.05714
2026-03-28 06:15:00+00:00,0.02546
2026-03-28 06:30:00+00:00,0.02857
2026-03-28 06:45:00+00:00,0.01276
2026-03-28 07:00:00+00:00,0.14302
2026-03-28 07:15:00+00:00,0.10943000000000001
2026-03-28 07:30:00+00:00,0.06994
2026-03-28 07:45:00+00:00,0.031149999999999997
2026-03-28 08:00:00+00:00,0.04915
2026-03-28 08:15:00+00:00,0.01709
2026-03-28 08:30:00+00:00,-0.00877
2026-03-28 08:45:00+00:00,-0.01024
2026-03-28 09:00:00+00:00,-0.01444
2026-03-28 09:15:00+00:00,-0.00372
2026-03-28 09:30:00+00:00,-0.0033399999999999997
2026-03-28 09:45:00+00:00,-0.0074
2026-03-28 10:00:00+00:00,-0.00534
2026-03-28 10:15:00+00:00,-0.01366
2026-03-28 10:30:00+00:00,0.0022299999999999998
2026-03-28 10:45:00+00:00,-0.01097
2026-03-28 11:00:00+00:00,-0.01511
2026-03-28 11:15:00+00:00,-0.01419
2026-03-28 11:30:00+00:00,-0.01692
2026-03-28 11:45:00+00:00,-0.01317
2026-03-28 12:00:00+00:00,-0.01365
2026-03-28 12:15:00+00:00,-0.00731
2026-03-28 12:30:00+00:00,0.00086
2026-03-28 12:45:00+00:00,0.08421
2026-03-28 13:00:00+00:00,0.03052
2026-03-28 13:15:00+00:00,0.0917
2026-03-28 13:30:00+00:00,0.10475
2026-03-28 13:45:00+00:00,0.13473
2026-03-28 14:00:00+00:00,0.04431
2026-03-28 14:15:00+00:00,0.02221
2026-03-28 14:30:00+00:00,0.036770000000000004
2026-03-28 14:45:00+00:00,0.07422
2026-03-28 15:00:00+00:00,0.09245
2026-03-28 15:15:00+00:00,0.037590000000000005
2026-03-28 15:30:00+00:00,0.08505
2026-03-28 15:45:00+00:00,0.09855
2026-03-28 16:00:00+00:00,0.16197999999999999
2026-03-28 16:15:00+00:00,0.10092
2026-03-28 16:30:00+00:00,0.12591
2026-03-28 16:45:00+00:00,0.17135
2026-03-28 17:00:00+00:00,0.16604
2026-03-28 17:15:00+00:00,0.16440000000000002
2026-03-28 17:30:00+00:00,0.16382
2026-03-28 17:45:00+00:00,0.17503
2026-03-28 18:00:00+00:00,0.19936
2026-03-28 18:15:00+00:00,0.23546
2026-03-28 18:30:00+00:00,0.22156
2026-03-28 18:45:00+00:00,0.20592
2026-03-28 19:00:00+00:00,0.23933000000000001
2026-03-28 19:15:00+00:00,0.08456999999999999
2026-03-28 19:30:00+00:00,0.05038
2026-03-28 19:45:00+00:00,0.05052
2026-03-28 20:00:00+00:00,0.13641
2026-03-28 20:15:00+00:00,0.14772
2026-03-28 20:30:00+00:00,0.08098999999999999
2026-03-28 20:45:00+00:00,0.06866
2026-03-28 21:00:00+00:00,0.08681
2026-03-28 21:15:00+00:00,0.07533
2026-03-28 21:30:00+00:00,0.06946
2026-03-28 21:45:00+00:00,0.06789
2026-03-28 22:00:00+00:00,0.08424
2026-03-28 22:15:00+00:00,0.0825
2026-03-28 22:30:00+00:00,0.10776000000000001
2026-03-28 22:45:00+00:00,0.12140999999999999
2026-03-28 23:00:00+00:00,0.13354
2026-03-28 23:15:00+00:00,0.14734
2026-03-28 23:30:00+00:00,0.13191999999999998
2026-03-28 23:45:00+00:00,0.11276
2026-03-29 00:00:00+00:00,0.08224
2026-03-29 00:15:00+00:00,0.08368
2026-03-29 00:30:00+00:00,0.06901
2026-03-29 00:45:00+00:00,0.08241
2026-03-29 01:00:00+00:00,0.05514
2026-03-29 01:15:00+00:00,0.05373
2026-03-29 01:30:00+00:00,0.045200000000000004
2026-03-29 01:45:00+00:00,0.05539
2026-03-29 02:00:00+00:00,0.09401999999999999
2026-03-29 02:15:00+00:00,0.12243000000000001
2026-03-29 02:30:00+00:00,0.1404
2026-03-29 02:45:00+00:00,0.15672999999999998
2026-03-29 03:00:00+00:00,0.0965
2026-03-29 03:15:00+00:00,0.10134
2026-03-29 03:30:00+00:00,0.07463
2026-03-29 03:45:00+00:00,0.0832
2026-03-29 04:00:00+00:00,0.09437000000000001
2026-03-29 04:15:00+00:00,0.07775
2026-03-29 04:30:00+00:00,0.10962000000000001
2026-03-29 04:45:00+00:00,0.13025
2026-03-29 05:00:00+00:00,0.15296
2026-03-29 05:15:00+00:00,0.17831
2026-03-29 05:30:00+00:00,0.057640000000000004
2026-03-29 05:45:00+00:00,0.061090000000000005
2026-03-29 06:00:00+00:00,0.05601
2026-03-29 06:15:00+00:00,0.024059999999999998
2026-03-29 06:30:00+00:00,0.045020000000000004
2026-03-29 06:45:00+00:00,0.02891
2026-03-29 07:00:00+00:00,0.13371
2026-03-29 07:15:00+00:00,0.1261
2026-03-29 07:30:00+00:00,0.10445
2026-03-29 07:45:00+00:00,0.06103
2026-03-29 08:00:00+00:00,0.048119999999999996
2026-03-29 08:15:00+00:00,0.02382
2026-03-29 08:30:00+00:00,0.10034
2026-03-29 08:45:00+00:00,0.05933
2026-03-29 09:00:00+00:00,0.10327
2026-03-29 09:15:00+00:00,0.08868000000000001
2026-03-29 09:30:00+00:00,0.11164
2026-03-29 09:45:00+00:00,0.00855
2026-03-29 10:00:00+00:00,0.04654
2026-03-29 10:15:00+00:00,0.00789
2026-03-29 10:30:00+00:00,0.08186
2026-03-29 10:45:00+00:00,0.04557
2026-03-29 11:00:00+00:00,0.00931
2026-03-29 11:15:00+00:00,0.02268
2026-03-29 11:30:00+00:00,-0.02299
2026-03-29 11:45:00+00:00,-0.0004
2026-03-29 12:00:00+00:00,-0.0075899999999999995
2026-03-29 12:15:00+00:00,-0.00564
2026-03-29 12:30:00+00:00,-0.0068200000000000005
2026-03-29 12:45:00+00:00,-0.00865
2026-03-29 13:00:00+00:00,0.00852
2026-03-29 13:15:00+00:00,-0.0024100000000000002
2026-03-29 13:30:00+00:00,-0.01062
2026-03-29 13:45:00+00:00,-0.00023
2026-03-29 14:00:00+00:00,0.00067
2026-03-29 14:15:00+00:00,0.02274
2026-03-29 14:30:00+00:00,0.06014
2026-03-29 14:45:00+00:00,0.09939
2026-03-29 15:00:00+00:00,0.08339
2026-03-29 15:15:00+00:00,0.028
2026-03-29 15:30:00+00:00,0.02022
2026-03-29 15:45:00+00:00,0.05543
2026-03-29 16:00:00+00:00,0.023559999999999998
2026-03-29 16:15:00+00:00,0.07697
2026-03-29 16:30:00+00:00,0.06949
2026-03-29 16:45:00+00:00,0.08443
2026-03-29 17:00:00+00:00,0.06291
2026-03-29 17:15:00+00:00,0.05965
2026-03-29 17:30:00+00:00,0.0444
2026-03-29 17:45:00+00:00,0.039049999999999994
2026-03-29 18:00:00+00:00,0.04725
2026-03-29 18:15:00+00:00,0.03756
2026-03-29 18:30:00+00:00,0.05044
2026-03-29 18:45:00+00:00,0.038700000000000005
2026-03-29 19:00:00+00:00,0.1369
2026-03-29 19:15:00+00:00,0.023129999999999998
2026-03-29 19:30:00+00:00,0.01201
2026-03-29 19:45:00+00:00,0.00428
2026-03-29 20:00:00+00:00,0.13721
2026-03-29 20:15:00+00:00,0.01691
2026-03-29 20:30:00+00:00,0.10061
2026-03-29 20:45:00+00:00,-0.00067
2026-03-29 21:00:00+00:00,0.01062
2026-03-29 21:15:00+00:00,0.022170000000000002
2026-03-29 21:30:00+00:00,0.0314
2026-03-29 21:45:00+00:00,0.007030000000000001
2026-03-29 22:00:00+00:00,-0.01866
2026-03-29 22:15:00+00:00,0.01269
2026-03-29 22:30:00+00:00,-0.019149999999999997
2026-03-29 22:45:00+00:00,-0.00929
2026-03-29 23:00:00+00:00,-0.0075
2026-03-29 23:15:00+00:00,0.00536
2026-03-29 23:30:00+00:00,-0.0048
2026-03-29 23:45:00+00:00,-0.009630000000000001
2026-03-30 00:00:00+00:00,0.00508
2026-03-30 00:15:00+00:00,0.0064
2026-03-30 00:30:00+00:00,0.00352
2026-03-30 00:45:00+00:00,0.009210000000000001
2026-03-30 01:00:00+00:00,0.007030000000000001
2026-03-30 01:15:00+00:00,0.00903
2026-03-30 01:30:00+00:00,0.00785
2026-03-30 01:45:00+00:00,0.01024
2026-03-30 02:00:00+00:00,0.00175
2026-03-30 02:15:00+00:00,-0.0105
2026-03-30 02:30:00+00:00,-0.02355
2026-03-30 02:45:00+00:00,-0.01549
2026-03-30 03:00:00+00:00,-0.00713
2026-03-30 03:15:00+00:00,0.06454
2026-03-30 03:30:00+00:00,0.004730000000000001
2026-03-30 03:45:00+00:00,-0.00959
2026-03-30 04:00:00+00:00,-0.02621
2026-03-30 04:15:00+00:00,-0.01045
2026-03-30 04:30:00+00:00,0.02988
2026-03-30 04:45:00+00:00,0.02147
2026-03-30 05:00:00+00:00,0.07467
2026-03-30 05:15:00+00:00,0.10634
2026-03-30 05:30:00+00:00,0.11320000000000001
2026-03-30 05:45:00+00:00,0.08217
2026-03-30 06:00:00+00:00,0.13896
2026-03-30 06:15:00+00:00,0.15184999999999998
2026-03-30 06:30:00+00:00,0.16159
2026-03-30 06:45:00+00:00,0.28645
2026-03-30 07:00:00+00:00,0.16693
2026-03-30 07:15:00+00:00,0.07623999999999999
2026-03-30 07:30:00+00:00,0.10253
2026-03-30 07:45:00+00:00,0.047689999999999996
2026-03-30 08:00:00+00:00,0.09953000000000001
2026-03-30 08:15:00+00:00,0.05595
2026-03-30 08:30:00+00:00,0.04004
2026-03-30 08:45:00+00:00,0.02524
2026-03-30 09:00:00+00:00,0.0008900000000000001
2026-03-30 09:15:00+00:00,-0.00447
2026-03-30 09:30:00+00:00,0.03182
2026-03-30 09:45:00+00:00,-0.0011
2026-03-30 10:00:00+00:00,0.00525
2026-03-30 10:15:00+00:00,-0.00942
2026-03-30 10:30:00+00:00,-0.02022
2026-03-30 10:45:00+00:00,-0.009970000000000001
2026-03-30 11:00:00+00:00,-0.01998
2026-03-30 11:15:00+00:00,-0.014839999999999999
2026-03-30 11:30:00+00:00,-0.01601
2026-03-30 11:45:00+00:00,-0.015519999999999999
2026-03-30 12:00:00+00:00,-0.0533
2026-03-30 12:15:00+00:00,-0.0205
2026-03-30 12:30:00+00:00,-0.01173
2026-03-30 12:45:00+00:00,-0.02946
2026-03-30 13:00:00+00:00,-0.022600000000000002
2026-03-30 13:15:00+00:00,-0.01834
2026-03-30 13:30:00+00:00,-0.01882
2026-03-30 13:45:00+00:00,-0.02947
2026-03-30 14:00:00+00:00,-0.01086
2026-03-30 14:15:00+00:00,-0.08345999999999999
2026-03-30 14:30:00+00:00,-0.02522
2026-03-30 14:45:00+00:00,-0.01475
2026-03-30 15:00:00+00:00,-0.00902
2026-03-30 15:15:00+00:00,-0.01634
2026-03-30 15:30:00+00:00,-0.11904
2026-03-30 15:45:00+00:00,-0.0069900000000000006
2026-03-30 16:00:00+00:00,-0.0033799999999999998
2026-03-30 16:15:00+00:00,0.00314
2026-03-30 16:30:00+00:00,0.01481
2026-03-30 16:45:00+00:00,0.05182
2026-03-30 17:00:00+00:00,0.13437000000000002
2026-03-30 17:15:00+00:00,0.15306999999999998
2026-03-30 17:30:00+00:00,0.17815999999999999
2026-03-30 17:45:00+00:00,0.09358
2026-03-30 18:00:00+00:00,0.1709
2026-03-30 18:15:00+00:00,0.18096
2026-03-30 18:30:00+00:00,0.18413
2026-03-30 18:45:00+00:00,0.2053
2026-03-30 19:00:00+00:00,0.29268
2026-03-30 19:15:00+00:00,0.09603
2026-03-30 19:30:00+00:00,0.16463
2026-03-30 19:45:00+00:00,0.17223
2026-03-30 20:00:00+00:00,0.18206999999999998
2026-03-30 20:15:00+00:00,0.11611
2026-03-30 20:30:00+00:00,0.17162
2026-03-30 20:45:00+00:00,0.17433
2026-03-30 21:00:00+00:00,0.19819
2026-03-30 21:15:00+00:00,0.19658
2026-03-30 21:30:00+00:00,0.13091999999999998
2026-03-30 21:45:00+00:00,0.13471
2026-03-30 22:00:00+00:00,0.16024000000000002
2026-03-30 22:15:00+00:00,0.10111
2026-03-30 22:30:00+00:00,0.07705
2026-03-30 22:45:00+00:00,0.11266
2026-03-30 23:00:00+00:00,0.12863999999999998
2026-03-30 23:15:00+00:00,0.14844
2026-03-30 23:30:00+00:00,0.15859
2026-03-30 23:45:00+00:00,0.15203
2026-03-31 00:00:00+00:00,0.18384
2026-03-31 00:15:00+00:00,0.16327
2026-03-31 00:30:00+00:00,0.18428999999999998
2026-03-31 00:45:00+00:00,0.15791999999999998
2026-03-31 01:00:00+00:00,0.08379
2026-03-31 01:15:00+00:00,0.08015
2026-03-31 01:30:00+00:00,0.08291
2026-03-31 01:45:00+00:00,0.0819
2026-03-31 02:00:00+00:00,0.09234999999999999
2026-03-31 02:15:00+00:00,0.13001
2026-03-31 02:30:00+00:00,0.12966
2026-03-31 02:45:00+00:00,0.10598
2026-03-31 03:00:00+00:00,0.1235
2026-03-31 03:15:00+00:00,0.08186
2026-03-31 03:30:00+00:00,0.14748
2026-03-31 03:45:00+00:00,0.15813
2026-03-31 04:00:00+00:00,0.052
2026-03-31 04:15:00+00:00,0.15399000000000002
2026-03-31 04:30:00+00:00,0.06514
2026-03-31 04:45:00+00:00,0.10528
2026-03-31 05:00:00+00:00,0.17237
2026-03-31 05:15:00+00:00,0.17777
2026-03-31 05:30:00+00:00,0.21012
2026-03-31 05:45:00+00:00,0.17025
2026-03-31 06:00:00+00:00,0.37648000000000004
2026-03-31 06:15:00+00:00,0.23594
2026-03-31 06:30:00+00:00,0.22028
2026-03-31 06:45:00+00:00,0.25925
2026-03-31 07:00:00+00:00,0.53552
2026-03-31 07:15:00+00:00,0.31765
2026-03-31 07:30:00+00:00,0.21733000000000002
2026-03-31 07:45:00+00:00,0.19265000000000002
2026-03-31 08:00:00+00:00,0.13999
2026-03-31 08:15:00+00:00,0.18397
2026-03-31 08:30:00+00:00,0.2065
2026-03-31 08:45:00+00:00,0.08446
2026-03-31 09:00:00+00:00,0.16676
2026-03-31 09:15:00+00:00,0.18988999999999998
2026-03-31 09:30:00+00:00,0.23818
2026-03-31 09:45:00+00:00,0.37529
2026-03-31 10:00:00+00:00,-0.03487
2026-03-31 10:15:00+00:00,0.0116
2026-03-31 10:30:00+00:00,0.14529
2026-03-31 10:45:00+00:00,0.15675
2026-03-31 11:00:00+00:00,0.08454
2026-03-31 11:15:00+00:00,-0.06475
2026-03-31 11:30:00+00:00,0.16862
2026-03-31 11:45:00+00:00,0.03283
2026-03-31 12:00:00+00:00,0.13733
2026-03-31 12:15:00+00:00,0.12158
2026-03-31 12:30:00+00:00,0.04827
2026-03-31 12:45:00+00:00,-0.02123
2026-03-31 13:00:00+00:00,0.01388
2026-03-31 13:15:00+00:00,-0.01094
2026-03-31 13:30:00+00:00,0.03068
2026-03-31 13:45:00+00:00,0.00594
2026-03-31 14:00:00+00:00,0.00161
2026-03-31 14:15:00+00:00,-0.00041
2026-03-31 14:30:00+00:00,0.07328
2026-03-31 14:45:00+00:00,0.11248999999999999
2026-03-31 15:00:00+00:00,0.06448000000000001
2026-03-31 15:15:00+00:00,0.08106000000000001
2026-03-31 15:30:00+00:00,0.03569
2026-03-31 15:45:00+00:00,0.07306
2026-03-31 16:00:00+00:00,0.059179999999999996
2026-03-31 16:15:00+00:00,0.10887000000000001
2026-03-31 16:30:00+00:00,0.04184
2026-03-31 16:45:00+00:00,0.06031
2026-03-31 17:00:00+00:00,0.06016
2026-03-31 17:15:00+00:00,0.06082
2026-03-31 17:30:00+00:00,0.14637
2026-03-31 17:45:00+00:00,0.12697
2026-03-31 18:00:00+00:00,0.16243000000000002
2026-03-31 18:15:00+00:00,0.17609
2026-03-31 18:30:00+00:00,0.18977000000000002
2026-03-31 18:45:00+00:00,0.17897
2026-03-31 19:00:00+00:00,0.1879
2026-03-31 19:15:00+00:00,0.16813
2026-03-31 19:30:00+00:00,0.15106999999999998
2026-03-31 19:45:00+00:00,0.1198
2026-03-31 20:00:00+00:00,0.12214
2026-03-31 20:15:00+00:00,0.16734000000000002
2026-03-31 20:30:00+00:00,0.17694
2026-03-31 20:45:00+00:00,0.20221
2026-03-31 21:00:00+00:00,0.12916
2026-03-31 21:15:00+00:00,0.1326
2026-03-31 21:30:00+00:00,0.11662
2026-03-31 21:45:00+00:00,0.10504000000000001
2026-03-31 22:00:00+00:00,0.10055
2026-03-31 22:15:00+00:00,0.12844
2026-03-31 22:30:00+00:00,0.13486
2026-03-31 22:45:00+00:00,0.11927
2026-03-31 23:00:00+00:00,0.12279999999999999
2026-03-31 23:15:00+00:00,0.11593
2026-03-31 23:30:00+00:00,0.12768000000000002
2026-03-31 23:45:00+00:00,0.10758
2026-04-01 00:00:00+00:00,0.0937
2026-04-01 00:15:00+00:00,0.10091
2026-04-01 00:30:00+00:00,0.08918999999999999
2026-04-01 00:45:00+00:00,0.08818000000000001
2026-04-01 01:00:00+00:00,0.08796
2026-04-01 01:15:00+00:00,0.10362
2026-04-01 01:30:00+00:00,0.12963
2026-04-01 01:45:00+00:00,0.10573
2026-04-01 02:00:00+00:00,0.11142
2026-04-01 02:15:00+00:00,0.09806999999999999
2026-04-01 02:30:00+00:00,0.10176
2026-04-01 02:45:00+00:00,0.10317
2026-04-01 03:00:00+00:00,0.15163
2026-04-01 03:15:00+00:00,0.15696000000000002
2026-04-01 03:30:00+00:00,0.16163999999999998
2026-04-01 03:45:00+00:00,0.16536
2026-04-01 04:00:00+00:00,0.1546
2026-04-01 04:15:00+00:00,0.17189
2026-04-01 04:30:00+00:00,0.18756
2026-04-01 04:45:00+00:00,0.18297999999999998
2026-04-01 05:00:00+00:00,0.19104
2026-04-01 05:15:00+00:00,0.1943
2026-04-01 05:30:00+00:00,0.20601
2026-04-01 05:45:00+00:00,0.16956
2026-04-01 06:00:00+00:00,0.31113999999999997
2026-04-01 06:15:00+00:00,0.19749
2026-04-01 06:30:00+00:00,0.15591999999999998
2026-04-01 06:45:00+00:00,0.14801
2026-04-01 07:00:00+00:00,0.20258
2026-04-01 07:15:00+00:00,0.08762
2026-04-01 07:30:00+00:00,0.13276
2026-04-01 07:45:00+00:00,0.18649000000000002
2026-04-01 08:00:00+00:00,0.22238999999999998
2026-04-01 08:15:00+00:00,0.18831
2026-04-01 08:30:00+00:00,0.19157
2026-04-01 08:45:00+00:00,0.14937
2026-04-01 09:00:00+00:00,0.18369
2026-04-01 09:15:00+00:00,0.13543
2026-04-01 09:30:00+00:00,0.1814
2026-04-01 09:45:00+00:00,0.14752
2026-04-01 10:00:00+00:00,0.16906000000000002
2026-04-01 10:15:00+00:00,0.17590999999999998
2026-04-01 10:30:00+00:00,0.23097
2026-04-01 10:45:00+00:00,-2.9999999999999997e-05
2026-04-01 11:00:00+00:00,0.10839
2026-04-01 11:15:00+00:00,0.17919
2026-04-01 11:30:00+00:00,0.15200999999999998
2026-04-01 11:45:00+00:00,0.0729
2026-04-01 12:00:00+00:00,0.13152
2026-04-01 12:15:00+00:00,0.0877
2026-04-01 12:30:00+00:00,0.11040000000000001
2026-04-01 12:45:00+00:00,0.08231999999999999
2026-04-01 13:00:00+00:00,0.1168
2026-04-01 13:15:00+00:00,0.09104000000000001
2026-04-01 13:30:00+00:00,0.08684
2026-04-01 13:45:00+00:00,-0.00504
2026-04-01 14:00:00+00:00,-0.0044800000000000005
2026-04-01 14:15:00+00:00,-0.30554000000000003
2026-04-01 14:30:00+00:00,0.05256
2026-04-01 14:45:00+00:00,0.06369
2026-04-01 15:00:00+00:00,0.05195
2026-04-01 15:15:00+00:00,0.03933
2026-04-01 15:30:00+00:00,0.06802
2026-04-01 15:45:00+00:00,0.07794
2026-04-01 16:00:00+00:00,0.07965000000000001
2026-04-01 16:15:00+00:00,0.05869
2026-04-01 16:30:00+00:00,0.11553000000000001
2026-04-01 16:45:00+00:00,0.11649
2026-04-01 17:00:00+00:00,0.09003
2026-04-01 17:15:00+00:00,0.11327
2026-04-01 17:30:00+00:00,0.14633000000000002
2026-04-01 17:45:00+00:00,0.14457
2026-04-01 18:00:00+00:00,0.13271
2026-04-01 18:15:00+00:00,0.18166
2026-04-01 18:30:00+00:00,0.17122
2026-04-01 18:45:00+00:00,0.12204000000000001
2026-04-01 19:00:00+00:00,0.13655
2026-04-01 19:15:00+00:00,0.13973
2026-04-01 19:30:00+00:00,0.16957
2026-04-01 19:45:00+00:00,0.17862999999999998
2026-04-01 20:00:00+00:00,0.13337000000000002
2026-04-01 20:15:00+00:00,0.16508
2026-04-01 20:30:00+00:00,0.16319999999999998
2026-04-01 20:45:00+00:00,0.12418000000000001
2026-04-01 21:00:00+00:00,0.12666
2026-04-01 21:15:00+00:00,0.14457
2026-04-01 21:30:00+00:00,0.10995999999999999
2026-04-01 21:45:00+00:00,0.11528000000000001
2026-04-01 22:00:00+00:00,0.15362
2026-04-01 22:15:00+00:00,0.18403999999999998
2026-04-01 22:30:00+00:00,0.16921
2026-04-01 22:45:00+00:00,0.16127
2026-04-01 23:00:00+00:00,0.15422999999999998
2026-04-01 23:15:00+00:00,0.13090000000000002
2026-04-01 23:30:00+00:00,0.1093
2026-04-01 23:45:00+00:00,0.13591999999999999
2026-04-02 00:00:00+00:00,0.14134
2026-04-02 00:15:00+00:00,0.13792
2026-04-02 00:30:00+00:00,0.13236
2026-04-02 00:45:00+00:00,0.13047
2026-04-02 01:00:00+00:00,0.14808000000000002
2026-04-02 01:15:00+00:00,0.14625
2026-04-02 01:30:00+00:00,0.14609
2026-04-02 01:45:00+00:00,0.15115
2026-04-02 02:00:00+00:00,0.16484000000000001
2026-04-02 02:15:00+00:00,0.15259
2026-04-02 02:30:00+00:00,0.13677
2026-04-02 02:45:00+00:00,0.14135
2026-04-02 03:00:00+00:00,0.14271999999999999
2026-04-02 03:15:00+00:00,0.16536
2026-04-02 03:30:00+00:00,0.2041
2026-04-02 03:45:00+00:00,0.20313
2026-04-02 04:00:00+00:00,0.19640000000000002
2026-04-02 04:15:00+00:00,0.19363999999999998
2026-04-02 04:30:00+00:00,0.18593
2026-04-02 04:45:00+00:00,0.17588
2026-04-02 05:00:00+00:00,0.194
2026-04-02 05:15:00+00:00,0.19257
2026-04-02 05:30:00+00:00,0.17930000000000001
2026-04-02 05:45:00+00:00,0.11984
2026-04-02 06:00:00+00:00,0.13312000000000002
2026-04-02 06:15:00+00:00,0.11009000000000001
2026-04-02 06:30:00+00:00,0.17626
2026-04-02 06:45:00+00:00,0.16601
2026-04-02 07:00:00+00:00,0.19344
2026-04-02 07:15:00+00:00,0.10177
2026-04-02 07:30:00+00:00,0.17281
2026-04-02 07:45:00+00:00,0.15497
2026-04-02 08:00:00+00:00,0.19553
2026-04-02 08:15:00+00:00,0.22718
2026-04-02 08:30:00+00:00,0.18672999999999998
2026-04-02 08:45:00+00:00,0.14953
2026-04-02 09:00:00+00:00,0.16066999999999998
2026-04-02 09:15:00+00:00,0.15663
2026-04-02 09:30:00+00:00,0.13805
2026-04-02 09:45:00+00:00,0.15687
2026-04-02 10:00:00+00:00,0.053020000000000005
2026-04-02 10:15:00+00:00,0.0375
2026-04-02 10:30:00+00:00,0.10235999999999999
2026-04-02 10:45:00+00:00,0.09319
2026-04-02 11:00:00+00:00,0.13719
2026-04-02 11:15:00+00:00,0.13616999999999999
2026-04-02 11:30:00+00:00,0.07123
2026-04-02 11:45:00+00:00,0.04176
2026-04-02 12:00:00+00:00,0.04707
2026-04-02 12:15:00+00:00,0.07587999999999999
2026-04-02 12:30:00+00:00,0.021929999999999998
2026-04-02 12:45:00+00:00,0.01271
2026-04-02 13:00:00+00:00,0.10732
2026-04-02 13:15:00+00:00,0.11564
2026-04-02 13:30:00+00:00,0.1288
2026-04-02 13:45:00+00:00,0.14112
2026-04-02 14:00:00+00:00,0.13953
2026-04-02 14:15:00+00:00,0.15041
2026-04-02 14:30:00+00:00,0.17139
2026-04-02 14:45:00+00:00,0.13356
2026-04-02 15:00:00+00:00,0.1355
2026-04-02 15:15:00+00:00,0.13572
2026-04-02 15:30:00+00:00,0.09137
2026-04-02 15:45:00+00:00,0.04776
2026-04-02 16:00:00+00:00,0.03389
2026-04-02 16:15:00+00:00,0.03444
2026-04-02 16:30:00+00:00,0.06894
2026-04-02 16:45:00+00:00,0.13931
2026-04-02 17:00:00+00:00,0.09422
2026-04-02 17:15:00+00:00,0.13113999999999998
2026-04-02 17:30:00+00:00,0.12465999999999999
2026-04-02 17:45:00+00:00,0.15619999999999998
2026-04-02 18:00:00+00:00,0.17045
2026-04-02 18:15:00+00:00,0.17383
2026-04-02 18:30:00+00:00,0.19671
2026-04-02 18:45:00+00:00,0.15677000000000002
2026-04-02 19:00:00+00:00,0.1579
2026-04-02 19:15:00+00:00,0.16140000000000002
2026-04-02 19:30:00+00:00,0.10406
2026-04-02 19:45:00+00:00,0.09273
2026-04-02 20:00:00+00:00,0.14149
2026-04-02 20:15:00+00:00,0.12554
2026-04-02 20:30:00+00:00,0.13634000000000002
2026-04-02 20:45:00+00:00,0.16416999999999998
2026-04-02 21:00:00+00:00,0.18337
2026-04-02 21:15:00+00:00,0.12616
2026-04-02 21:30:00+00:00,0.17098
2026-04-02 21:45:00+00:00,0.13977
2026-04-02 22:00:00+00:00,0.10269
2026-04-02 22:15:00+00:00,0.09662000000000001
2026-04-02 22:30:00+00:00,0.09173
2026-04-02 22:45:00+00:00,0.10611
2026-04-02 23:00:00+00:00,0.11975
2026-04-02 23:15:00+00:00,0.08022
2026-04-02 23:30:00+00:00,0.09306
2026-04-02 23:45:00+00:00,0.0945
2026-04-03 00:00:00+00:00,0.12243000000000001
2026-04-03 00:15:00+00:00,0.0813
2026-04-03 00:30:00+00:00,0.08925
2026-04-03 00:45:00+00:00,0.11454
2026-04-03 01:00:00+00:00,0.10041
2026-04-03 01:15:00+00:00,0.10178
2026-04-03 01:30:00+00:00,0.10561
2026-04-03 01:45:00+00:00,0.12085
2026-04-03 02:00:00+00:00,0.11169
2026-04-03 02:15:00+00:00,0.10892
2026-04-03 02:30:00+00:00,0.10618999999999999
2026-04-03 02:45:00+00:00,0.10412
2026-04-03 03:00:00+00:00,0.0888
2026-04-03 03:15:00+00:00,0.08566
2026-04-03 03:30:00+00:00,0.09531
2026-04-03 03:45:00+00:00,0.12934
2026-04-03 04:00:00+00:00,0.15541
2026-04-03 04:15:00+00:00,0.13905
2026-04-03 04:30:00+00:00,0.16741
2026-04-03 04:45:00+00:00,0.15619
2026-04-03 05:00:00+00:00,0.14113
2026-04-03 05:15:00+00:00,0.10071
2026-04-03 05:30:00+00:00,0.10754000000000001
2026-04-03 05:45:00+00:00,0.06955
2026-04-03 06:00:00+00:00,0.06545999999999999
2026-04-03 06:15:00+00:00,0.10289
2026-04-03 06:30:00+00:00,0.08648
2026-04-03 06:45:00+00:00,0.09057
2026-04-03 07:00:00+00:00,0.11349
2026-04-03 07:15:00+00:00,0.02562
2026-04-03 07:30:00+00:00,0.030420000000000003
2026-04-03 07:45:00+00:00,0.032490000000000005
2026-04-03 08:00:00+00:00,0.0442
2026-04-03 08:15:00+00:00,0.09340000000000001
2026-04-03 08:30:00+00:00,0.09422
2026-04-03 08:45:00+00:00,-0.03146
2026-04-03 09:00:00+00:00,-0.00552
2026-04-03 09:15:00+00:00,0.05198
2026-04-03 09:30:00+00:00,-0.01107
2026-04-03 09:45:00+00:00,-0.01076
2026-04-03 10:00:00+00:00,-0.02657
2026-04-03 10:15:00+00:00,-0.06345
2026-04-03 10:30:00+00:00,-0.08662
2026-04-03 10:45:00+00:00,-0.07046
2026-04-03 11:00:00+00:00,-0.03321
2026-04-03 11:15:00+00:00,-0.03141
2026-04-03 11:30:00+00:00,-0.11488
2026-04-03 11:45:00+00:00,-0.03932
2026-04-03 12:00:00+00:00,-0.02496
2026-04-03 12:15:00+00:00,-0.032189999999999996
2026-04-03 12:30:00+00:00,-0.031129999999999998
2026-04-03 12:45:00+00:00,-0.02729
2026-04-03 13:00:00+00:00,-0.03486
2026-04-03 13:15:00+00:00,-0.02595
2026-04-03 13:30:00+00:00,-0.02014
2026-04-03 13:45:00+00:00,-0.01328
2026-04-03 14:00:00+00:00,0.00387
2026-04-03 14:15:00+00:00,0.01731
2026-04-03 14:30:00+00:00,-0.06403
2026-04-03 14:45:00+00:00,0.011349999999999999
2026-04-03 15:00:00+00:00,0.02293
2026-04-03 15:15:00+00:00,0.03726
2026-04-03 15:30:00+00:00,0.08925
2026-04-03 15:45:00+00:00,0.09217
2026-04-03 16:00:00+00:00,0.09326999999999999
2026-04-03 16:15:00+00:00,0.09654
2026-04-03 16:30:00+00:00,0.11184000000000001
2026-04-03 16:45:00+00:00,0.10898999999999999
2026-04-03 17:00:00+00:00,0.13304
2026-04-03 17:15:00+00:00,0.42341
2026-04-03 17:30:00+00:00,0.27741000000000005
2026-04-03 17:45:00+00:00,0.21706999999999999
2026-04-03 18:00:00+00:00,0.12
2026-04-03 18:15:00+00:00,0.07816
2026-04-03 18:30:00+00:00,0.03705
2026-04-03 18:45:00+00:00,0.01883
2026-04-03 19:00:00+00:00,-0.03986
2026-04-03 19:15:00+00:00,-0.00434
2026-04-03 19:30:00+00:00,-0.00609
2026-04-03 19:45:00+00:00,-0.0050999999999999995
2026-04-03 20:00:00+00:00,0.08794
2026-04-03 20:15:00+00:00,0.0038
2026-04-03 20:30:00+00:00,0.05862
2026-04-03 20:45:00+00:00,0.00879
2026-04-03 21:00:00+00:00,-0.00495
2026-04-03 21:15:00+00:00,-0.00518
2026-04-03 21:30:00+00:00,-0.00366
2026-04-03 21:45:00+00:00,-0.01923
2026-04-03 22:00:00+00:00,0.00426
2026-04-03 22:15:00+00:00,-0.02059
2026-04-03 22:30:00+00:00,0.00354
2026-04-03 22:45:00+00:00,-0.00131
2026-04-03 23:00:00+00:00,0.01131
2026-04-03 23:15:00+00:00,0.01088
2026-04-03 23:30:00+00:00,-0.005900000000000001
2026-04-03 23:45:00+00:00,-0.01183
2026-04-04 00:00:00+00:00,0.0218
2026-04-04 00:15:00+00:00,0.00447
2026-04-04 00:30:00+00:00,-0.02128
2026-04-04 00:45:00+00:00,-0.05239
2026-04-04 01:00:00+00:00,-0.01281
2026-04-04 01:15:00+00:00,-0.00549
2026-04-04 01:30:00+00:00,-0.03579
2026-04-04 01:45:00+00:00,-0.0015400000000000001
2026-04-04 02:00:00+00:00,-0.005860000000000001
2026-04-04 02:15:00+00:00,-0.0067800000000000004
2026-04-04 02:30:00+00:00,-0.0103
2026-04-04 02:45:00+00:00,-0.02271
2026-04-04 03:00:00+00:00,-0.00135
2026-04-04 03:15:00+00:00,-0.00401
2026-04-04 03:30:00+00:00,0.01841
2026-04-04 03:45:00+00:00,0.049280000000000004
2026-04-04 04:00:00+00:00,-0.05285
2026-04-04 04:15:00+00:00,-0.0016
2026-04-04 04:30:00+00:00,-0.01213
2026-04-04 04:45:00+00:00,-0.01253
2026-04-04 05:00:00+00:00,-0.0235
2026-04-04 05:15:00+00:00,0.03814
2026-04-04 05:30:00+00:00,-0.0023799999999999997
2026-04-04 05:45:00+00:00,-0.01912
2026-04-04 06:00:00+00:00,-0.0716
2026-04-04 06:15:00+00:00,-0.09540000000000001
2026-04-04 06:30:00+00:00,-0.013210000000000001
2026-04-04 06:45:00+00:00,0.00587
2026-04-04 07:00:00+00:00,-0.01255
2026-04-04 07:15:00+00:00,-0.0127
2026-04-04 07:30:00+00:00,-0.01045
2026-04-04 07:45:00+00:00,0.00916
2026-04-04 08:00:00+00:00,-0.01271
2026-04-04 08:15:00+00:00,-0.05428
2026-04-04 08:30:00+00:00,-0.02395
2026-04-04 08:45:00+00:00,-0.01428
2026-04-04 09:00:00+00:00,-0.01749
2026-04-04 09:15:00+00:00,-0.06684999999999999
2026-04-04 09:30:00+00:00,-0.02061
2026-04-04 09:45:00+00:00,0.00393
2026-04-04 10:00:00+00:00,0.047560000000000005
2026-04-04 10:15:00+00:00,-0.011300000000000001
2026-04-04 10:30:00+00:00,-0.0141
2026-04-04 10:45:00+00:00,0.0016799999999999999
2026-04-04 11:00:00+00:00,0.02584
2026-04-04 11:15:00+00:00,-0.0076100000000000004
2026-04-04 11:30:00+00:00,0.01086
2026-04-04 11:45:00+00:00,0.00296
2026-04-04 12:00:00+00:00,0.02018
2026-04-04 12:15:00+00:00,0.00796
2026-04-04 12:30:00+00:00,0.0048200000000000005
2026-04-04 12:45:00+00:00,-0.012539999999999999
2026-04-04 13:00:00+00:00,0.0053
2026-04-04 13:15:00+00:00,-0.03321
2026-04-04 13:30:00+00:00,0.0048200000000000005
2026-04-04 13:45:00+00:00,0.00741
2026-04-04 14:00:00+00:00,0.01742
2026-04-04 14:15:00+00:00,0.00326
2026-04-04 14:30:00+00:00,-0.03418
2026-04-04 14:45:00+00:00,0.01227
2026-04-04 15:00:00+00:00,0.0034
2026-04-04 15:15:00+00:00,0.0757
2026-04-04 15:30:00+00:00,-0.03005
2026-04-04 15:45:00+00:00,0.00022
2026-04-04 16:00:00+00:00,0.06467
2026-04-04 16:15:00+00:00,0.08839
2026-04-04 16:30:00+00:00,0.08381
2026-04-04 16:45:00+00:00,0.10653
2026-04-04 17:00:00+00:00,0.10559
2026-04-04 17:15:00+00:00,0.18209999999999998
2026-04-04 17:30:00+00:00,0.27834
2026-04-04 17:45:00+00:00,0.10701000000000001
2026-04-04 18:00:00+00:00,0.31903
2026-04-04 18:15:00+00:00,0.15935
2026-04-04 18:30:00+00:00,0.21411000000000002
2026-04-04 18:45:00+00:00,0.30365
2026-04-04 19:00:00+00:00,0.93438
2026-04-04 19:15:00+00:00,0.44681
2026-04-04 19:30:00+00:00,0.08904999999999999
2026-04-04 19:45:00+00:00,0.0589
2026-04-04 20:00:00+00:00,0.12855
2026-04-04 20:15:00+00:00,0.06885
2026-04-04 20:30:00+00:00,0.01737
2026-04-04 20:45:00+00:00,0.01514
2026-04-04 21:00:00+00:00,0.04567
2026-04-04 21:15:00+00:00,-0.00523
2026-04-04 21:30:00+00:00,-0.01812
2026-04-04 21:45:00+00:00,-0.0112
2026-04-04 22:00:00+00:00,0.03914
2026-04-04 22:15:00+00:00,0.0458
2026-04-04 22:30:00+00:00,0.0014399999999999999
2026-04-04 22:45:00+00:00,-0.005809999999999999
2026-04-04 23:00:00+00:00,0.02409
2026-04-04 23:15:00+00:00,-0.01806
2026-04-04 23:30:00+00:00,0.00163
2026-04-04 23:45:00+00:00,-0.02109
2026-04-05 00:00:00+00:00,0.0516
2026-04-05 00:15:00+00:00,0.00771
2026-04-05 00:30:00+00:00,0.00447
2026-04-05 00:45:00+00:00,0.00196
2026-04-05 01:00:00+00:00,-0.0471
2026-04-05 01:15:00+00:00,-0.02659
2026-04-05 01:30:00+00:00,0.0020499999999999997
2026-04-05 01:45:00+00:00,0.0060999999999999995
2026-04-05 02:00:00+00:00,0.00347
2026-04-05 02:15:00+00:00,0.0033599999999999997
2026-04-05 02:30:00+00:00,0.0060999999999999995
2026-04-05 02:45:00+00:00,0.00813
2026-04-05 03:00:00+00:00,0.00282
2026-04-05 03:15:00+00:00,0.00623
2026-04-05 03:30:00+00:00,-0.00033
2026-04-05 03:45:00+00:00,0.0008399999999999999
2026-04-05 04:00:00+00:00,0.00015
2026-04-05 04:15:00+00:00,-0.00733
2026-04-05 04:30:00+00:00,-0.00405
2026-04-05 04:45:00+00:00,0.00141
2026-04-05 05:00:00+00:00,0.00262
2026-04-05 05:15:00+00:00,0.00054
2026-04-05 05:30:00+00:00,0.0107
2026-04-05 05:45:00+00:00,0.032920000000000005
2026-04-05 06:00:00+00:00,0.14427
2026-04-05 06:15:00+00:00,0.013609999999999999
2026-04-05 06:30:00+00:00,0.08477
2026-04-05 06:45:00+00:00,0.0222
2026-04-05 07:00:00+00:00,0.060039999999999996
2026-04-05 07:15:00+00:00,0.11758
2026-04-05 07:30:00+00:00,-0.00117
2026-04-05 07:45:00+00:00,-0.13753
2026-04-05 08:00:00+00:00,-0.06314
2026-04-05 08:15:00+00:00,0.07021
2026-04-05 08:30:00+00:00,0.06172
2026-04-05 08:45:00+00:00,0.01309
2026-04-05 09:00:00+00:00,-0.06652
2026-04-05 09:15:00+00:00,-0.02457
2026-04-05 09:30:00+00:00,-0.09716
2026-04-05 09:45:00+00:00,-0.09034
2026-04-05 10:00:00+00:00,-0.04621
2026-04-05 10:15:00+00:00,-0.05136
2026-04-05 10:30:00+00:00,-0.16069
2026-04-05 10:45:00+00:00,-0.11573
2026-04-05 11:00:00+00:00,-0.17458
2026-04-05 11:15:00+00:00,-0.166
2026-04-05 11:30:00+00:00,-0.18261000000000002
2026-04-05 11:45:00+00:00,-0.17095
2026-04-05 12:00:00+00:00,-0.11148999999999999
2026-04-05 12:15:00+00:00,-0.11828
2026-04-05 12:30:00+00:00,-0.12715
2026-04-05 12:45:00+00:00,-0.10826999999999999
2026-04-05 13:00:00+00:00,-0.11039
2026-04-05 13:15:00+00:00,-0.08474
2026-04-05 13:30:00+00:00,-0.06701
2026-04-05 13:45:00+00:00,-0.0536
2026-04-05 14:00:00+00:00,-0.020210000000000002
2026-04-05 14:15:00+00:00,-0.03504
2026-04-05 14:30:00+00:00,-0.01377
2026-04-05 14:45:00+00:00,-0.0071200000000000005
2026-04-05 15:00:00+00:00,-0.04413
2026-04-05 15:15:00+00:00,0.00542
2026-04-05 15:30:00+00:00,-0.00827
2026-04-05 15:45:00+00:00,-0.02868
2026-04-05 16:00:00+00:00,0.02469
2026-04-05 16:15:00+00:00,-0.006679999999999999
2026-04-05 16:30:00+00:00,0.00782
2026-04-05 16:45:00+00:00,0.01297
2026-04-05 17:00:00+00:00,0.03196
2026-04-05 17:15:00+00:00,-0.05726
2026-04-05 17:30:00+00:00,-0.11828
2026-04-05 17:45:00+00:00,-0.07255
2026-04-05 18:00:00+00:00,-0.04629
2026-04-05 18:15:00+00:00,-0.031030000000000002
2026-04-05 18:30:00+00:00,-0.00786
2026-04-05 18:45:00+00:00,-0.0072699999999999996
2026-04-05 19:00:00+00:00,-0.03724
2026-04-05 19:15:00+00:00,-0.00912
2026-04-05 19:30:00+00:00,-0.0107
2026-04-05 19:45:00+00:00,-0.022670000000000003
2026-04-05 20:00:00+00:00,-0.00294
2026-04-05 20:15:00+00:00,-0.0325
2026-04-05 20:30:00+00:00,-0.00125
2026-04-05 20:45:00+00:00,0.00019
2026-04-05 21:00:00+00:00,-0.05328
2026-04-05 21:15:00+00:00,-0.0272
2026-04-05 21:30:00+00:00,-0.00554
2026-04-05 21:45:00+00:00,0.00949
2026-04-05 22:00:00+00:00,-0.023629999999999998
2026-04-05 22:15:00+00:00,-0.01064
2026-04-05 22:30:00+00:00,-0.03245
2026-04-05 22:45:00+00:00,-0.011269999999999999
2026-04-05 23:00:00+00:00,-0.06267
2026-04-05 23:15:00+00:00,-0.02975
2026-04-05 23:30:00+00:00,-0.041530000000000004
2026-04-05 23:45:00+00:00,-0.01762
2026-04-06 00:00:00+00:00,-0.0268
2026-04-06 00:15:00+00:00,-0.0011200000000000001
2026-04-06 00:30:00+00:00,-0.00064
2026-04-06 00:45:00+00:00,0.00266
2026-04-06 01:00:00+00:00,0.0014299999999999998
2026-04-06 01:15:00+00:00,-0.00013000000000000002
2026-04-06 01:30:00+00:00,-0.00166
2026-04-06 01:45:00+00:00,-0.02128
2026-04-06 02:00:00+00:00,0.0
2026-04-06 02:15:00+00:00,-0.00636
2026-04-06 02:30:00+00:00,0.00239
2026-04-06 02:45:00+00:00,0.0016899999999999999
2026-04-06 03:00:00+00:00,0.00897
2026-04-06 03:15:00+00:00,0.00458
2026-04-06 03:30:00+00:00,0.00435
2026-04-06 03:45:00+00:00,-0.0023799999999999997
2026-04-06 04:00:00+00:00,0.0024500000000000004
2026-04-06 04:15:00+00:00,0.00117
2026-04-06 04:30:00+00:00,-0.0062
2026-04-06 04:45:00+00:00,-0.012960000000000001
2026-04-06 05:00:00+00:00,0.031760000000000004
2026-04-06 05:15:00+00:00,0.04641
2026-04-06 05:30:00+00:00,0.01294
2026-04-06 05:45:00+00:00,0.02501
2026-04-06 06:00:00+00:00,-0.04294
2026-04-06 06:15:00+00:00,-0.009640000000000001
2026-04-06 06:30:00+00:00,-0.013359999999999999
2026-04-06 06:45:00+00:00,-0.02391
2026-04-06 07:00:00+00:00,-0.01191
2026-04-06 07:15:00+00:00,-0.06304
2026-04-06 07:30:00+00:00,-0.00654
2026-04-06 07:45:00+00:00,-0.00188
2026-04-06 08:00:00+00:00,-0.06734
2026-04-06 08:15:00+00:00,-0.025070000000000002
2026-04-06 08:30:00+00:00,-0.01678
2026-04-06 08:45:00+00:00,-0.02773
2026-04-06 09:00:00+00:00,-0.02525
2026-04-06 09:15:00+00:00,-0.040299999999999996
2026-04-06 09:30:00+00:00,-0.05898
2026-04-06 09:45:00+00:00,-0.10326
2026-04-06 10:00:00+00:00,-0.12043000000000001
2026-04-06 10:15:00+00:00,-0.16054
2026-04-06 10:30:00+00:00,-0.27311
2026-04-06 10:45:00+00:00,-0.33465
2026-04-06 11:00:00+00:00,-0.4061
2026-04-06 11:15:00+00:00,-1.13004
2026-04-06 11:30:00+00:00,-2.1939
2026-04-06 11:45:00+00:00,-4.48231
2026-04-06 12:00:00+00:00,-2.08361
2026-04-06 12:15:00+00:00,-2.41375
2026-04-06 12:30:00+00:00,-6.64276
2026-04-06 12:45:00+00:00,-5.73333
2026-04-06 13:00:00+00:00,-3.9046999999999996
2026-04-06 13:15:00+00:00,-0.82816
2026-04-06 13:30:00+00:00,-0.2018
2026-04-06 13:45:00+00:00,-0.35152999999999995
2026-04-06 14:00:00+00:00,-0.1666
2026-04-06 14:15:00+00:00,-0.1406
2026-04-06 14:30:00+00:00,-0.10883
2026-04-06 14:45:00+00:00,-0.06619
2026-04-06 15:00:00+00:00,-0.06811
2026-04-06 15:15:00+00:00,-0.06475
2026-04-06 15:30:00+00:00,-0.02554
2026-04-06 15:45:00+00:00,-0.01365
2026-04-06 16:00:00+00:00,-1.28098
2026-04-06 16:15:00+00:00,-0.02739
2026-04-06 16:30:00+00:00,0.12029000000000001
2026-04-06 16:45:00+00:00,0.14154
2026-04-06 17:00:00+00:00,0.15766999999999998
2026-04-06 17:15:00+00:00,0.15118
2026-04-06 17:30:00+00:00,0.09171
2026-04-06 17:45:00+00:00,0.11613
2026-04-06 18:00:00+00:00,0.13607
2026-04-06 18:15:00+00:00,0.14915
2026-04-06 18:30:00+00:00,0.15358000000000002
2026-04-06 18:45:00+00:00,0.09906999999999999
2026-04-06 19:00:00+00:00,0.08317000000000001
2026-04-06 19:15:00+00:00,0.09384999999999999
2026-04-06 19:30:00+00:00,0.11481
2026-04-06 19:45:00+00:00,0.10265
2026-04-06 20:00:00+00:00,0.13228
2026-04-06 20:15:00+00:00,0.09952
2026-04-06 20:30:00+00:00,0.09317
2026-04-06 20:45:00+00:00,0.07561
2026-04-06 21:00:00+00:00,0.07826999999999999
2026-04-06 21:15:00+00:00,0.08565
2026-04-06 21:30:00+00:00,0.07041
2026-04-06 21:45:00+00:00,0.08995
2026-04-06 22:00:00+00:00,0.04009
2026-04-06 22:15:00+00:00,0.02875
2026-04-06 22:30:00+00:00,0.023809999999999998
2026-04-06 22:45:00+00:00,0.02823
2026-04-06 23:00:00+00:00,0.10053
2026-04-06 23:15:00+00:00,0.09381
2026-04-06 23:30:00+00:00,0.04733
2026-04-06 23:45:00+00:00,0.03358
2026-04-07 00:00:00+00:00,0.04059
2026-04-07 00:15:00+00:00,0.03175
2026-04-07 00:30:00+00:00,0.03128
2026-04-07 00:45:00+00:00,0.05055
2026-04-07 01:00:00+00:00,0.07084
2026-04-07 01:15:00+00:00,0.10557
2026-04-07 01:30:00+00:00,0.11621
2026-04-07 01:45:00+00:00,0.1167
2026-04-07 02:00:00+00:00,0.08056
2026-04-07 02:15:00+00:00,0.07179
2026-04-07 02:30:00+00:00,0.06843
2026-04-07 02:45:00+00:00,0.10762999999999999
2026-04-07 03:00:00+00:00,0.0579
2026-04-07 03:15:00+00:00,0.06569
2026-04-07 03:30:00+00:00,0.09722
2026-04-07 03:45:00+00:00,0.0849
2026-04-07 04:00:00+00:00,0.08328
2026-04-07 04:15:00+00:00,0.09719
2026-04-07 04:30:00+00:00,0.06595000000000001
2026-04-07 04:45:00+00:00,0.08995
2026-04-07 05:00:00+00:00,0.12458
2026-04-07 05:15:00+00:00,0.1303
2026-04-07 05:30:00+00:00,0.19944
2026-04-07 05:45:00+00:00,0.144
2026-04-07 06:00:00+00:00,0.23943
2026-04-07 06:15:00+00:00,0.14793
2026-04-07 06:30:00+00:00,0.26571
2026-04-07 06:45:00+00:00,0.12658
2026-04-07 07:00:00+00:00,0.07644
2026-04-07 07:15:00+00:00,0.11669
2026-04-07 07:30:00+00:00,0.1105
2026-04-07 07:45:00+00:00,0.06179
2026-04-07 08:00:00+00:00,0.13266999999999998
2026-04-07 08:15:00+00:00,0.20949
2026-04-07 08:30:00+00:00,0.20384
2026-04-07 08:45:00+00:00,0.02149
2026-04-07 09:00:00+00:00,0.01785
2026-04-07 09:15:00+00:00,0.00786
2026-04-07 09:30:00+00:00,0.0062
2026-04-07 09:45:00+00:00,0.07009
2026-04-07 10:00:00+00:00,0.00857
2026-04-07 10:15:00+00:00,0.0038799999999999998
2026-04-07 10:30:00+00:00,-0.01264
2026-04-07 10:45:00+00:00,-0.0014399999999999999
2026-04-07 11:00:00+00:00,-0.01825
2026-04-07 11:15:00+00:00,-0.01431
2026-04-07 11:30:00+00:00,-0.03968
2026-04-07 11:45:00+00:00,-0.047560000000000005
2026-04-07 12:00:00+00:00,-0.06672
2026-04-07 12:15:00+00:00,-0.03972
2026-04-07 12:30:00+00:00,-0.034570000000000004
2026-04-07 12:45:00+00:00,-0.03579
2026-04-07 13:00:00+00:00,-0.03685
2026-04-07 13:15:00+00:00,-0.0526
2026-04-07 13:30:00+00:00,-0.01445
2026-04-07 13:45:00+00:00,-0.01835
2026-04-07 14:00:00+00:00,-0.056479999999999995
2026-04-07 14:15:00+00:00,-0.03787
2026-04-07 14:30:00+00:00,-0.05165
2026-04-07 14:45:00+00:00,-0.03633
2026-04-07 15:00:00+00:00,-0.04077
2026-04-07 15:15:00+00:00,-0.0158
2026-04-07 15:30:00+00:00,0.0043
2026-04-07 15:45:00+00:00,0.016050000000000002
2026-04-07 16:00:00+00:00,0.02106
2026-04-07 16:15:00+00:00,0.07125
2026-04-07 16:30:00+00:00,0.08042
2026-04-07 16:45:00+00:00,0.07327
2026-04-07 17:00:00+00:00,0.07522
2026-04-07 17:15:00+00:00,0.10987000000000001
2026-04-07 17:30:00+00:00,0.11937
2026-04-07 17:45:00+00:00,0.12459
2026-04-07 18:00:00+00:00,0.19247
2026-04-07 18:15:00+00:00,0.16805
2026-04-07 18:30:00+00:00,0.17874
2026-04-07 18:45:00+00:00,0.10317
2026-04-07 19:00:00+00:00,0.05943
2026-04-07 19:15:00+00:00,0.041460000000000004
2026-04-07 19:30:00+00:00,0.09431
2026-04-07 19:45:00+00:00,0.09253
2026-04-07 20:00:00+00:00,0.10074
2026-04-07 20:15:00+00:00,0.09026
2026-04-07 20:30:00+00:00,0.08165
2026-04-07 20:45:00+00:00,0.08795
2026-04-07 21:00:00+00:00,0.10279
2026-04-07 21:15:00+00:00,0.10915000000000001
2026-04-07 21:30:00+00:00,0.053
2026-04-07 21:45:00+00:00,0.05509
2026-04-07 22:00:00+00:00,0.07313
2026-04-07 22:15:00+00:00,0.06276
2026-04-07 22:30:00+00:00,0.08320999999999999
2026-04-07 22:45:00+00:00,0.07317
2026-04-07 23:00:00+00:00,0.06572
2026-04-07 23:15:00+00:00,0.04959
2026-04-07 23:30:00+00:00,0.05212
2026-04-07 23:45:00+00:00,0.06695999999999999
2026-04-08 00:00:00+00:00,0.09134
2026-04-08 00:15:00+00:00,0.09992
2026-04-08 00:30:00+00:00,0.09958
2026-04-08 00:45:00+00:00,0.09742
2026-04-08 01:00:00+00:00,0.10842
2026-04-08 01:15:00+00:00,0.05131
2026-04-08 01:30:00+00:00,0.04869
2026-04-08 01:45:00+00:00,0.0605
2026-04-08 02:00:00+00:00,0.06851
2026-04-08 02:15:00+00:00,0.056659999999999995
2026-04-08 02:30:00+00:00,0.07544
2026-04-08 02:45:00+00:00,0.09584999999999999
2026-04-08 03:00:00+00:00,0.11401
2026-04-08 03:15:00+00:00,0.1
2026-04-08 03:30:00+00:00,0.14884999999999998
2026-04-08 03:45:00+00:00,0.13138
2026-04-08 04:00:00+00:00,0.10662999999999999
2026-04-08 04:15:00+00:00,0.15265
2026-04-08 04:30:00+00:00,0.13576
2026-04-08 04:45:00+00:00,0.12428
2026-04-08 05:00:00+00:00,0.11993999999999999
2026-04-08 05:15:00+00:00,0.10737000000000001
2026-04-08 05:30:00+00:00,0.10692
2026-04-08 05:45:00+00:00,0.08561
2026-04-08 06:00:00+00:00,0.06232
2026-04-08 06:15:00+00:00,0.041890000000000004
2026-04-08 06:30:00+00:00,0.07031
2026-04-08 06:45:00+00:00,0.07453
2026-04-08 07:00:00+00:00,0.13535
2026-04-08 07:15:00+00:00,0.17365
2026-04-08 07:30:00+00:00,0.10482
2026-04-08 07:45:00+00:00,0.12538
2026-04-08 08:00:00+00:00,0.12957
2026-04-08 08:15:00+00:00,0.14434
2026-04-08 08:30:00+00:00,0.00477
2026-04-08 08:45:00+00:00,0.00897
2026-04-08 09:00:00+00:00,-0.0005899999999999999
2026-04-08 09:15:00+00:00,0.06875
2026-04-08 09:30:00+00:00,0.01764
2026-04-08 09:45:00+00:00,-0.0014199999999999998
2026-04-08 10:00:00+00:00,-0.00075
2026-04-08 10:15:00+00:00,0.015189999999999999
2026-04-08 10:30:00+00:00,-0.00628
2026-04-08 10:45:00+00:00,-0.014410000000000001
2026-04-08 11:00:00+00:00,-0.014119999999999999
2026-04-08 11:15:00+00:00,-0.00743
2026-04-08 11:30:00+00:00,-0.019149999999999997
2026-04-08 11:45:00+00:00,-0.01751
2026-04-08 12:00:00+00:00,-0.00564
2026-04-08 12:15:00+00:00,-0.00767
2026-04-08 12:30:00+00:00,-0.00976
2026-04-08 12:45:00+00:00,-0.01464
2026-04-08 13:00:00+00:00,-0.0251
2026-04-08 13:15:00+00:00,-0.01273
2026-04-08 13:30:00+00:00,-0.01074
2026-04-08 13:45:00+00:00,-0.00632
2026-04-08 14:00:00+00:00,-0.014289999999999999
2026-04-08 14:15:00+00:00,-0.00894
2026-04-08 14:30:00+00:00,-0.01423
2026-04-08 14:45:00+00:00,-0.00175
2026-04-08 15:00:00+00:00,-0.005059999999999999
2026-04-08 15:15:00+00:00,0.11849
2026-04-08 15:30:00+00:00,0.05991
2026-04-08 15:45:00+00:00,0.01705
2026-04-08 16:00:00+00:00,0.05274
2026-04-08 16:15:00+00:00,0.0706
2026-04-08 16:30:00+00:00,0.15962
2026-04-08 16:45:00+00:00,0.19724
2026-04-08 17:00:00+00:00,0.10148
2026-04-08 17:15:00+00:00,0.17281
2026-04-08 17:30:00+00:00,0.21706999999999999
2026-04-08 17:45:00+00:00,0.13884
2026-04-08 18:00:00+00:00,0.11609
2026-04-08 18:15:00+00:00,0.14279
2026-04-08 18:30:00+00:00,0.17734
2026-04-08 18:45:00+00:00,0.037689999999999994
2026-04-08 19:00:00+00:00,0.16971
2026-04-08 19:15:00+00:00,0.031190000000000002
2026-04-08 19:30:00+00:00,0.032490000000000005
2026-04-08 19:45:00+00:00,0.10973999999999999
2026-04-08 20:00:00+00:00,0.15208000000000002
2026-04-08 20:15:00+00:00,0.13486
2026-04-08 20:30:00+00:00,0.12293000000000001
2026-04-08 20:45:00+00:00,0.12171
2026-04-08 21:00:00+00:00,0.13134
2026-04-08 21:15:00+00:00,0.09695000000000001
2026-04-08 21:30:00+00:00,0.07018
2026-04-08 21:45:00+00:00,0.08768000000000001
2026-04-08 22:00:00+00:00,0.07303
2026-04-08 22:15:00+00:00,0.16171000000000002
2026-04-08 22:30:00+00:00,0.05713
2026-04-08 22:45:00+00:00,0.04517
2026-04-08 23:00:00+00:00,0.06634000000000001
2026-04-08 23:15:00+00:00,0.07226
2026-04-08 23:30:00+00:00,0.0927
2026-04-08 23:45:00+00:00,0.05074
2026-04-09 00:00:00+00:00,0.06112
2026-04-09 00:15:00+00:00,0.03486
2026-04-09 00:30:00+00:00,0.07415999999999999
2026-04-09 00:45:00+00:00,0.08093
2026-04-09 01:00:00+00:00,0.06272
2026-04-09 01:15:00+00:00,0.05743
2026-04-09 01:30:00+00:00,0.07507
2026-04-09 01:45:00+00:00,0.055229999999999994
2026-04-09 02:00:00+00:00,0.05112
2026-04-09 02:15:00+00:00,0.032119999999999996
2026-04-09 02:30:00+00:00,0.07217
2026-04-09 02:45:00+00:00,0.08309
2026-04-09 03:00:00+00:00,0.10981
2026-04-09 03:15:00+00:00,0.08434
2026-04-09 03:30:00+00:00,0.07382
2026-04-09 03:45:00+00:00,0.06852
2026-04-09 04:00:00+00:00,0.07803
2026-04-09 04:15:00+00:00,0.1013
2026-04-09 04:30:00+00:00,0.0979
2026-04-09 04:45:00+00:00,0.08692
2026-04-09 05:00:00+00:00,0.09143000000000001
2026-04-09 05:15:00+00:00,0.08940000000000001
2026-04-09 05:30:00+00:00,0.0973
2026-04-09 05:45:00+00:00,0.08693000000000001
2026-04-09 06:00:00+00:00,0.05004
2026-04-09 06:15:00+00:00,0.061869999999999994
2026-04-09 06:30:00+00:00,0.02846
2026-04-09 06:45:00+00:00,0.05799
2026-04-09 07:00:00+00:00,0.07876999999999999
2026-04-09 07:15:00+00:00,0.00526
2026-04-09 07:30:00+00:00,-0.08045999999999999
2026-04-09 07:45:00+00:00,-0.00442
2026-04-09 08:00:00+00:00,0.01856
2026-04-09 08:15:00+00:00,-0.0115
2026-04-09 08:30:00+00:00,-0.02013
2026-04-09 08:45:00+00:00,-0.026019999999999998
2026-04-09 09:00:00+00:00,-0.01769
2026-04-09 09:15:00+00:00,-0.026539999999999998
2026-04-09 09:30:00+00:00,-0.03211
2026-04-09 09:45:00+00:00,-0.02359
2026-04-09 10:00:00+00:00,0.14658000000000002
2026-04-09 10:15:00+00:00,-0.02935
2026-04-09 10:30:00+00:00,0.0049299999999999995
2026-04-09 10:45:00+00:00,-0.049640000000000004
2026-04-09 11:00:00+00:00,-0.13955
2026-04-09 11:15:00+00:00,-0.06475
2026-04-09 11:30:00+00:00,-0.03896
2026-04-09 11:45:00+00:00,-0.060579999999999995
2026-04-09 12:00:00+00:00,-0.030670000000000003
2026-04-09 12:15:00+00:00,-0.01616
2026-04-09 12:30:00+00:00,0.032380000000000006
2026-04-09 12:45:00+00:00,-0.038590000000000006
2026-04-09 13:00:00+00:00,0.00166
2026-04-09 13:15:00+00:00,-0.00239
2026-04-09 13:30:00+00:00,-0.05124
2026-04-09 13:45:00+00:00,0.0078
2026-04-09 14:00:00+00:00,0.06470000000000001
2026-04-09 14:15:00+00:00,0.04934
2026-04-09 14:30:00+00:00,0.05903
2026-04-09 14:45:00+00:00,0.05213
2026-04-09 15:00:00+00:00,0.08683
2026-04-09 15:15:00+00:00,0.15934
2026-04-09 15:30:00+00:00,0.14329
2026-04-09 15:45:00+00:00,0.06878000000000001
2026-04-09 16:00:00+00:00,0.022609999999999998
2026-04-09 16:15:00+00:00,0.13823
2026-04-09 16:30:00+00:00,0.07485
2026-04-09 16:45:00+00:00,0.11942
2026-04-09 17:00:00+00:00,0.11693
2026-04-09 17:15:00+00:00,0.1124
2026-04-09 17:30:00+00:00,0.09194
2026-04-09 17:45:00+00:00,0.09454000000000001
2026-04-09 18:00:00+00:00,0.10905
2026-04-09 18:15:00+00:00,0.14235
2026-04-09 18:30:00+00:00,0.14569
2026-04-09 18:45:00+00:00,0.14281
2026-04-09 19:00:00+00:00,0.16745
2026-04-09 19:15:00+00:00,0.025670000000000002
2026-04-09 19:30:00+00:00,0.02273
2026-04-09 19:45:00+00:00,0.05053
2026-04-09 20:00:00+00:00,0.13912
2026-04-09 20:15:00+00:00,0.12949000000000002
2026-04-09 20:30:00+00:00,0.09203
2026-04-09 20:45:00+00:00,0.08827
2026-04-09 21:00:00+00:00,0.08902
2026-04-09 21:15:00+00:00,0.10023
2026-04-09 21:30:00+00:00,0.09425
2026-04-09 21:45:00+00:00,0.02792
2026-04-09 22:00:00+00:00,0.0448
2026-04-09 22:15:00+00:00,0.11475
2026-04-09 22:30:00+00:00,0.09233
2026-04-09 22:45:00+00:00,0.07533
2026-04-09 23:00:00+00:00,0.0997
2026-04-09 23:15:00+00:00,0.01434
2026-04-09 23:30:00+00:00,0.039990000000000005
2026-04-09 23:45:00+00:00,0.05074
2026-04-10 00:00:00+00:00,0.01789
2026-04-10 00:15:00+00:00,0.053399999999999996
2026-04-10 00:30:00+00:00,0.04461
2026-04-10 00:45:00+00:00,0.05124
2026-04-10 01:00:00+00:00,0.08142
2026-04-10 01:15:00+00:00,0.06096
2026-04-10 01:30:00+00:00,0.01749
2026-04-10 01:45:00+00:00,-0.01995
2026-04-10 02:00:00+00:00,0.01871
2026-04-10 02:15:00+00:00,0.04088
2026-04-10 02:30:00+00:00,0.044719999999999996
2026-04-10 02:45:00+00:00,0.11003
2026-04-10 03:00:00+00:00,0.07248
2026-04-10 03:15:00+00:00,0.05231
2026-04-10 03:30:00+00:00,0.00435
2026-04-10 03:45:00+00:00,-0.00091
2026-04-10 04:00:00+00:00,-2.89326
2026-04-10 04:15:00+00:00,-0.12376999999999999
2026-04-10 04:30:00+00:00,-0.02859
2026-04-10 04:45:00+00:00,0.013130000000000001
2026-04-10 05:00:00+00:00,0.02491
2026-04-10 05:15:00+00:00,0.0375
2026-04-10 05:30:00+00:00,0.07068
2026-04-10 05:45:00+00:00,0.10581
2026-04-10 06:00:00+00:00,0.16406
2026-04-10 06:15:00+00:00,0.17297
2026-04-10 06:30:00+00:00,0.18728
2026-04-10 06:45:00+00:00,0.1678
2026-04-10 07:00:00+00:00,0.06915
2026-04-10 07:15:00+00:00,0.14704
2026-04-10 07:30:00+00:00,0.16543
2026-04-10 07:45:00+00:00,0.16503
2026-04-10 08:00:00+00:00,0.18263
2026-04-10 08:15:00+00:00,0.17076
2026-04-10 08:30:00+00:00,0.17298
2026-04-10 08:45:00+00:00,0.18048
2026-04-10 09:00:00+00:00,0.19415000000000002
2026-04-10 09:15:00+00:00,0.20239
2026-04-10 09:30:00+00:00,0.19813
2026-04-10 09:45:00+00:00,0.20077
2026-04-10 10:00:00+00:00,0.18075
2026-04-10 10:15:00+00:00,0.07269
2026-04-10 10:30:00+00:00,0.09734999999999999
2026-04-10 10:45:00+00:00,0.12943000000000002
2026-04-10 11:00:00+00:00,0.09098
2026-04-10 11:15:00+00:00,0.10338
2026-04-10 11:30:00+00:00,0.05422
2026-04-10 11:45:00+00:00,0.07912000000000001
2026-04-10 12:00:00+00:00,0.06936
2026-04-10 12:15:00+00:00,0.03569
2026-04-10 12:30:00+00:00,0.00376
2026-04-10 12:45:00+00:00,-0.01916
2026-04-10 13:00:00+00:00,0.12398999999999999
2026-04-10 13:15:00+00:00,0.0992
2026-04-10 13:30:00+00:00,0.01936
2026-04-10 13:45:00+00:00,0.04542
2026-04-10 14:00:00+00:00,0.05842
2026-04-10 14:15:00+00:00,0.07025
2026-04-10 14:30:00+00:00,0.13584000000000002
2026-04-10 14:45:00+00:00,0.15239
2026-04-10 15:00:00+00:00,0.14274
2026-04-10 15:15:00+00:00,0.056909999999999995
2026-04-10 15:30:00+00:00,0.06342
2026-04-10 15:45:00+00:00,0.061
2026-04-10 16:00:00+00:00,0.16511
2026-04-10 16:15:00+00:00,0.15715
2026-04-10 16:30:00+00:00,0.1227
2026-04-10 16:45:00+00:00,0.13572
2026-04-10 17:00:00+00:00,0.11355
2026-04-10 17:15:00+00:00,0.12437000000000001
2026-04-10 17:30:00+00:00,0.21349
2026-04-10 17:45:00+00:00,0.19299000000000002
2026-04-10 18:00:00+00:00,0.22285
2026-04-10 18:15:00+00:00,0.19579
2026-04-10 18:30:00+00:00,0.17388
2026-04-10 18:45:00+00:00,0.15931
2026-04-10 19:00:00+00:00,0.18731
2026-04-10 19:15:00+00:00,0.19025
2026-04-10 19:30:00+00:00,0.16287000000000001
2026-04-10 19:45:00+00:00,0.19213999999999998
2026-04-10 20:00:00+00:00,0.13374
2026-04-10 20:15:00+00:00,0.13963
2026-04-10 20:30:00+00:00,0.08375
2026-04-10 20:45:00+00:00,0.08924
2026-04-10 21:00:00+00:00,0.14402
2026-04-10 21:15:00+00:00,0.11526
2026-04-10 21:30:00+00:00,0.08927
2026-04-10 21:45:00+00:00,0.07596
2026-04-10 22:00:00+00:00,0.13655
2026-04-10 22:15:00+00:00,0.12444
2026-04-10 22:30:00+00:00,0.15483000000000002
2026-04-10 22:45:00+00:00,0.15311000000000002
2026-04-10 23:00:00+00:00,0.14417
2026-04-10 23:15:00+00:00,0.09798
2026-04-10 23:30:00+00:00,0.07705
2026-04-10 23:45:00+00:00,0.062079999999999996
2026-04-11 00:00:00+00:00,0.11258
2026-04-11 00:15:00+00:00,0.13455
2026-04-11 00:30:00+00:00,0.11842
2026-04-11 00:45:00+00:00,0.10468999999999999
2026-04-11 01:00:00+00:00,0.12907
2026-04-11 01:15:00+00:00,0.12459999999999999
2026-04-11 01:30:00+00:00,0.13825
2026-04-11 01:45:00+00:00,0.12371
2026-04-11 02:00:00+00:00,0.17639
2026-04-11 02:15:00+00:00,0.19004
2026-04-11 02:30:00+00:00,0.1757
2026-04-11 02:45:00+00:00,0.17428
2026-04-11 03:00:00+00:00,0.2327
2026-04-11 03:15:00+00:00,0.19745
2026-04-11 03:30:00+00:00,0.17352
2026-04-11 03:45:00+00:00,0.15535
2026-04-11 04:00:00+00:00,0.19369999999999998
2026-04-11 04:15:00+00:00,0.1758
2026-04-11 04:30:00+00:00,0.09497
2026-04-11 04:45:00+00:00,0.04147
2026-04-11 05:00:00+00:00,0.11765
2026-04-11 05:15:00+00:00,0.20128000000000001
2026-04-11 05:30:00+00:00,0.15569999999999998
2026-04-11 05:45:00+00:00,0.02757
2026-04-11 06:00:00+00:00,0.022789999999999998
2026-04-11 06:15:00+00:00,0.16478
2026-04-11 06:30:00+00:00,0.11303
2026-04-11 06:45:00+00:00,0.20391
2026-04-11 07:00:00+00:00,0.22205000000000003
2026-04-11 07:15:00+00:00,0.15028999999999998
2026-04-11 07:30:00+00:00,0.00426
2026-04-11 07:45:00+00:00,-0.0044800000000000005
2026-04-11 08:00:00+00:00,0.00363
2026-04-11 08:15:00+00:00,-0.01123
2026-04-11 08:30:00+00:00,0.09655
2026-04-11 08:45:00+00:00,0.09969
2026-04-11 09:00:00+00:00,0.06135
2026-04-11 09:15:00+00:00,0.11478000000000001
2026-04-11 09:30:00+00:00,0.12494
2026-04-11 09:45:00+00:00,-0.01014
2026-04-11 10:00:00+00:00,0.03957
2026-04-11 10:15:00+00:00,-0.01557
2026-04-11 10:30:00+00:00,-0.00714
2026-04-11 10:45:00+00:00,-0.0178
2026-04-11 11:00:00+00:00,0.01597
2026-04-11 11:15:00+00:00,-0.02974
2026-04-11 11:30:00+00:00,-0.02299
2026-04-11 11:45:00+00:00,0.00017
2026-04-11 12:00:00+00:00,-0.00728
2026-04-11 12:15:00+00:00,-0.006059999999999999
2026-04-11 12:30:00+00:00,0.02271
2026-04-11 12:45:00+00:00,0.00185
2026-04-11 13:00:00+00:00,-0.08091
2026-04-11 13:15:00+00:00,-0.0014199999999999998
2026-04-11 13:30:00+00:00,0.00062
2026-04-11 13:45:00+00:00,-0.00055
2026-04-11 14:00:00+00:00,0.006730000000000001
2026-04-11 14:15:00+00:00,0.028329999999999998
2026-04-11 14:30:00+00:00,0.00579
2026-04-11 14:45:00+00:00,0.00189
2026-04-11 15:00:00+00:00,-0.00891
2026-04-11 15:15:00+00:00,0.13891
2026-04-11 15:30:00+00:00,0.11201
2026-04-11 15:45:00+00:00,0.01292
2026-04-11 16:00:00+00:00,0.09514
2026-04-11 16:15:00+00:00,0.01779
2026-04-11 16:30:00+00:00,0.09938
2026-04-11 16:45:00+00:00,0.1377
2026-04-11 17:00:00+00:00,0.14388
2026-04-11 17:15:00+00:00,0.17678
2026-04-11 17:30:00+00:00,0.07739
2026-04-11 17:45:00+00:00,0.04117
2026-04-11 18:00:00+00:00,0.013869999999999999
2026-04-11 18:15:00+00:00,0.11025
2026-04-11 18:30:00+00:00,0.10809
2026-04-11 18:45:00+00:00,0.029079999999999998
2026-04-11 19:00:00+00:00,0.051789999999999996
2026-04-11 19:15:00+00:00,0.03959
2026-04-11 19:30:00+00:00,0.03376
2026-04-11 19:45:00+00:00,0.06026
2026-04-11 20:00:00+00:00,0.09345
2026-04-11 20:15:00+00:00,0.10939
2026-04-11 20:30:00+00:00,0.11366
2026-04-11 20:45:00+00:00,0.12265999999999999
2026-04-11 21:00:00+00:00,0.13038999999999998
2026-04-11 21:15:00+00:00,0.13186
2026-04-11 21:30:00+00:00,0.13046000000000002
2026-04-11 21:45:00+00:00,0.14333
2026-04-11 22:00:00+00:00,0.03493
2026-04-11 22:15:00+00:00,0.0051600000000000005
2026-04-11 22:30:00+00:00,0.040799999999999996
2026-04-11 22:45:00+00:00,0.08856
2026-04-11 23:00:00+00:00,0.10595
2026-04-11 23:15:00+00:00,0.13558
2026-04-11 23:30:00+00:00,0.098
2026-04-11 23:45:00+00:00,0.048
2026-04-12 00:00:00+00:00,0.05729
2026-04-12 00:15:00+00:00,0.04529
2026-04-12 00:30:00+00:00,0.04478
2026-04-12 00:45:00+00:00,0.04493
2026-04-12 01:00:00+00:00,0.06725
2026-04-12 01:15:00+00:00,0.08323
2026-04-12 01:30:00+00:00,0.07263
2026-04-12 01:45:00+00:00,0.05917
2026-04-12 02:00:00+00:00,0.0697
2026-04-12 02:15:00+00:00,0.04992
2026-04-12 02:30:00+00:00,0.06433
2026-04-12 02:45:00+00:00,0.05948
2026-04-12 03:00:00+00:00,0.08059999999999999
2026-04-12 03:15:00+00:00,0.0891
2026-04-12 03:30:00+00:00,0.0998
2026-04-12 03:45:00+00:00,0.13431
2026-04-12 04:00:00+00:00,0.07748999999999999
2026-04-12 04:15:00+00:00,0.07983
2026-04-12 04:30:00+00:00,0.08175
2026-04-12 04:45:00+00:00,0.07631
2026-04-12 05:00:00+00:00,0.06792000000000001
2026-04-12 05:15:00+00:00,0.04809
2026-04-12 05:30:00+00:00,0.04138
2026-04-12 05:45:00+00:00,0.05285
2026-04-12 06:00:00+00:00,0.0562
2026-04-12 06:15:00+00:00,0.0697
2026-04-12 06:30:00+00:00,0.12375
2026-04-12 06:45:00+00:00,0.16147999999999998
2026-04-12 07:00:00+00:00,0.0968
2026-04-12 07:15:00+00:00,0.056729999999999996
2026-04-12 07:30:00+00:00,0.0569
2026-04-12 07:45:00+00:00,0.06039
2026-04-12 08:00:00+00:00,0.05156
2026-04-12 08:15:00+00:00,0.054439999999999995
2026-04-12 08:30:00+00:00,0.14955000000000002
2026-04-12 08:45:00+00:00,0.09412000000000001
2026-04-12 09:00:00+00:00,0.07255
2026-04-12 09:15:00+00:00,0.11629
2026-04-12 09:30:00+00:00,0.13978
2026-04-12 09:45:00+00:00,0.12418000000000001
2026-04-12 10:00:00+00:00,0.0993
2026-04-12 10:15:00+00:00,0.06106
2026-04-12 10:30:00+00:00,0.06644
2026-04-12 10:45:00+00:00,0.06459999999999999
2026-04-12 11:00:00+00:00,0.05845
2026-04-12 11:15:00+00:00,0.055729999999999995
2026-04-12 11:30:00+00:00,0.036950000000000004
2026-04-12 11:45:00+00:00,0.03446
2026-04-12 12:00:00+00:00,0.006679999999999999
2026-04-12 12:15:00+00:00,0.0573
2026-04-12 12:30:00+00:00,0.14937
2026-04-12 12:45:00+00:00,0.16734000000000002
2026-04-12 13:00:00+00:00,0.18724000000000002
2026-04-12 13:15:00+00:00,0.20204
2026-04-12 13:30:00+00:00,0.16291
2026-04-12 13:45:00+00:00,0.14343999999999998
2026-04-12 14:00:00+00:00,0.11056
2026-04-12 14:15:00+00:00,0.14136
2026-04-12 14:30:00+00:00,0.14898
2026-04-12 14:45:00+00:00,0.13306
2026-04-12 15:00:00+00:00,0.16237000000000001
2026-04-12 15:15:00+00:00,0.17936000000000002
2026-04-12 15:30:00+00:00,0.17689
2026-04-12 15:45:00+00:00,0.19833
2026-04-12 16:00:00+00:00,0.19078
2026-04-12 16:15:00+00:00,0.1936
2026-04-12 16:30:00+00:00,0.19428
2026-04-12 16:45:00+00:00,0.17562
2026-04-12 17:00:00+00:00,0.17824
2026-04-12 17:15:00+00:00,0.17325
2026-04-12 17:30:00+00:00,0.15555000000000002
2026-04-12 17:45:00+00:00,0.14052
2026-04-12 18:00:00+00:00,0.20323
2026-04-12 18:15:00+00:00,0.19779
2026-04-12 18:30:00+00:00,0.19154
2026-04-12 18:45:00+00:00,0.16813999999999998
2026-04-12 19:00:00+00:00,0.20116
2026-04-12 19:15:00+00:00,0.17555
2026-04-12 19:30:00+00:00,0.11842
2026-04-12 19:45:00+00:00,0.11326
2026-04-12 20:00:00+00:00,0.15284
2026-04-12 20:15:00+00:00,0.13712
2026-04-12 20:30:00+00:00,0.18524000000000002
2026-04-12 20:45:00+00:00,0.1673
2026-04-12 21:00:00+00:00,0.20272
2026-04-12 21:15:00+00:00,0.17884999999999998
2026-04-12 21:30:00+00:00,0.18589
2026-04-12 21:45:00+00:00,0.14702
2026-04-12 22:00:00+00:00,0.14568
2026-04-12 22:15:00+00:00,0.16524
2026-04-12 22:30:00+00:00,0.10333
2026-04-12 22:45:00+00:00,0.10342
2026-04-12 23:00:00+00:00,0.10471
2026-04-12 23:15:00+00:00,0.12821000000000002
2026-04-12 23:30:00+00:00,0.14065
2026-04-12 23:45:00+00:00,0.13766
2026-04-13 00:00:00+00:00,0.12717
2026-04-13 00:15:00+00:00,0.12368000000000001
2026-04-13 00:30:00+00:00,0.10426
2026-04-13 00:45:00+00:00,0.08687
2026-04-13 01:00:00+00:00,0.12966999999999998
2026-04-13 01:15:00+00:00,0.14782
2026-04-13 01:30:00+00:00,0.16369999999999998
2026-04-13 01:45:00+00:00,0.15515
2026-04-13 02:00:00+00:00,0.15396
2026-04-13 02:15:00+00:00,0.1341
2026-04-13 02:30:00+00:00,0.14316
2026-04-13 02:45:00+00:00,0.14517
2026-04-13 03:00:00+00:00,0.09359
2026-04-13 03:15:00+00:00,0.10969
2026-04-13 03:30:00+00:00,0.11043
2026-04-13 03:45:00+00:00,0.12176999999999999
2026-04-13 04:00:00+00:00,0.16316
2026-04-13 04:15:00+00:00,0.17639
2026-04-13 04:30:00+00:00,0.22175999999999998
2026-04-13 04:45:00+00:00,0.23071
2026-04-13 05:00:00+00:00,0.22319999999999998
2026-04-13 05:15:00+00:00,0.23669
2026-04-13 05:30:00+00:00,0.35252
2026-04-13 05:45:00+00:00,0.38545999999999997
2026-04-13 06:00:00+00:00,0.44752
2026-04-13 06:15:00+00:00,0.64489
2026-04-13 06:30:00+00:00,0.49215
2026-04-13 06:45:00+00:00,0.40374
2026-04-13 07:00:00+00:00,0.34220999999999996
2026-04-13 07:15:00+00:00,0.30732
2026-04-13 07:30:00+00:00,0.37779
2026-04-13 07:45:00+00:00,0.30881000000000003
2026-04-13 08:00:00+00:00,0.33614
2026-04-13 08:15:00+00:00,0.39673
2026-04-13 08:30:00+00:00,0.43957999999999997
2026-04-13 08:45:00+00:00,0.30454000000000003
2026-04-13 09:00:00+00:00,0.14246999999999999
2026-04-13 09:15:00+00:00,0.22225999999999999
2026-04-13 09:30:00+00:00,0.57902
2026-04-13 09:45:00+00:00,0.35012
2026-04-13 10:00:00+00:00,0.21012
2026-04-13 10:15:00+00:00,0.18458000000000002
2026-04-13 10:30:00+00:00,0.23521
2026-04-13 10:45:00+00:00,0.22936
2026-04-13 11:00:00+00:00,0.22027000000000002
2026-04-13 11:15:00+00:00,0.14276
2026-04-13 11:30:00+00:00,0.18561000000000002
2026-04-13 11:45:00+00:00,0.13862
2026-04-13 12:00:00+00:00,0.10162
2026-04-13 12:15:00+00:00,0.18785
2026-04-13 12:30:00+00:00,0.18697999999999998
2026-04-13 12:45:00+00:00,0.17633000000000001
2026-04-13 13:00:00+00:00,0.21725999999999998
2026-04-13 13:15:00+00:00,0.19693
2026-04-13 13:30:00+00:00,0.21191
2026-04-13 13:45:00+00:00,0.15434
2026-04-13 14:00:00+00:00,0.21738
2026-04-13 14:15:00+00:00,0.35441
2026-04-13 14:30:00+00:00,0.25278
2026-04-13 14:45:00+00:00,0.23241
2026-04-13 15:00:00+00:00,0.14256
2026-04-13 15:15:00+00:00,0.16271000000000002
2026-04-13 15:30:00+00:00,0.20339
2026-04-13 15:45:00+00:00,0.19533
2026-04-13 16:00:00+00:00,0.26149
2026-04-13 16:15:00+00:00,0.20757
2026-04-13 16:30:00+00:00,0.22519999999999998
2026-04-13 16:45:00+00:00,0.16174000000000002
2026-04-13 17:00:00+00:00,0.20879
2026-04-13 17:15:00+00:00,0.2007
2026-04-13 17:30:00+00:00,0.22938
2026-04-13 17:45:00+00:00,0.19222
2026-04-13 18:00:00+00:00,0.23746
2026-04-13 18:15:00+00:00,0.16538
2026-04-13 18:30:00+00:00,0.23865999999999998
2026-04-13 18:45:00+00:00,0.20278
2026-04-13 19:00:00+00:00,0.15619
2026-04-13 19:15:00+00:00,0.2553
2026-04-13 19:30:00+00:00,0.15119
2026-04-13 19:45:00+00:00,0.10773
2026-04-13 20:00:00+00:00,0.14577
2026-04-13 20:15:00+00:00,0.166
2026-04-13 20:30:00+00:00,0.16795
2026-04-13 20:45:00+00:00,0.16938
2026-04-13 21:00:00+00:00,0.1923
2026-04-13 21:15:00+00:00,0.20516
2026-04-13 21:30:00+00:00,0.19999
2026-04-13 21:45:00+00:00,0.16402
2026-04-13 22:00:00+00:00,0.10428
2026-04-13 22:15:00+00:00,0.16776
2026-04-13 22:30:00+00:00,0.12031
2026-04-13 22:45:00+00:00,0.11156
2026-04-13 23:00:00+00:00,0.10294
2026-04-13 23:15:00+00:00,0.10608
2026-04-13 23:30:00+00:00,0.10241
2026-04-13 23:45:00+00:00,0.08441
2026-04-14 00:00:00+00:00,0.13018000000000002
2026-04-14 00:15:00+00:00,0.13075
2026-04-14 00:30:00+00:00,0.13188999999999998
2026-04-14 00:45:00+00:00,0.09631999999999999
2026-04-14 01:00:00+00:00,0.09495
2026-04-14 01:15:00+00:00,0.08864
2026-04-14 01:30:00+00:00,0.07662999999999999
2026-04-14 01:45:00+00:00,0.06974
2026-04-14 02:00:00+00:00,0.05951
2026-04-14 02:15:00+00:00,0.13234
2026-04-14 02:30:00+00:00,0.08223
2026-04-14 02:45:00+00:00,0.12268000000000001
2026-04-14 03:00:00+00:00,0.12604
2026-04-14 03:15:00+00:00,0.12951
2026-04-14 03:30:00+00:00,0.13024000000000002
2026-04-14 03:45:00+00:00,0.10862999999999999
2026-04-14 04:00:00+00:00,0.16329
2026-04-14 04:15:00+00:00,0.13016
2026-04-14 04:30:00+00:00,0.18803
2026-04-14 04:45:00+00:00,0.19343000000000002
2026-04-14 05:00:00+00:00,0.19756
2026-04-14 05:15:00+00:00,0.20258
2026-04-14 05:30:00+00:00,0.18466
2026-04-14 05:45:00+00:00,0.15637
2026-04-14 06:00:00+00:00,0.22657
2026-04-14 06:15:00+00:00,0.16813
2026-04-14 06:30:00+00:00,0.11106999999999999
2026-04-14 06:45:00+00:00,0.10203
2026-04-14 07:00:00+00:00,0.10540999999999999
2026-04-14 07:15:00+00:00,0.12465999999999999
2026-04-14 07:30:00+00:00,0.13157
2026-04-14 07:45:00+00:00,0.1527
2026-04-14 08:00:00+00:00,0.17828
2026-04-14 08:15:00+00:00,0.15234999999999999
2026-04-14 08:30:00+00:00,0.11775
2026-04-14 08:45:00+00:00,0.12545
2026-04-14 09:00:00+00:00,0.10593000000000001
2026-04-14 09:15:00+00:00,0.08028
2026-04-14 09:30:00+00:00,0.07551000000000001
2026-04-14 09:45:00+00:00,0.08466
2026-04-14 10:00:00+00:00,0.06352000000000001
2026-04-14 10:15:00+00:00,0.05374
2026-04-14 10:30:00+00:00,0.0571
2026-04-14 10:45:00+00:00,0.03234
2026-04-14 11:00:00+00:00,0.07382999999999999
2026-04-14 11:15:00+00:00,0.078
2026-04-14 11:30:00+00:00,0.03748
2026-04-14 11:45:00+00:00,0.03525
2026-04-14 12:00:00+00:00,0.10868000000000001
2026-04-14 12:15:00+00:00,0.09284999999999999
2026-04-14 12:30:00+00:00,0.10131
2026-04-14 12:45:00+00:00,0.12007999999999999
2026-04-14 13:00:00+00:00,0.14071
2026-04-14 13:15:00+00:00,0.15096
2026-04-14 13:30:00+00:00,0.13717
2026-04-14 13:45:00+00:00,0.09956999999999999
2026-04-14 14:00:00+00:00,0.08639
2026-04-14 14:15:00+00:00,0.07923000000000001
2026-04-14 14:30:00+00:00,0.11508
2026-04-14 14:45:00+00:00,0.10793000000000001
2026-04-14 15:00:00+00:00,0.11374
2026-04-14 15:15:00+00:00,0.13978
2026-04-14 15:30:00+00:00,0.16788999999999998
2026-04-14 15:45:00+00:00,0.24341
2026-04-14 16:00:00+00:00,0.13215000000000002
2026-04-14 16:15:00+00:00,0.0938
2026-04-14 16:30:00+00:00,0.12285
2026-04-14 16:45:00+00:00,0.13887
2026-04-14 17:00:00+00:00,0.13598
2026-04-14 17:15:00+00:00,0.16686
2026-04-14 17:30:00+00:00,0.22257
2026-04-14 17:45:00+00:00,0.24728
2026-04-14 18:00:00+00:00,0.2341
2026-04-14 18:15:00+00:00,0.27175
2026-04-14 18:30:00+00:00,0.28266
2026-04-14 18:45:00+00:00,0.26526
2026-04-14 19:00:00+00:00,0.42528
2026-04-14 19:15:00+00:00,0.35536
2026-04-14 19:30:00+00:00,0.26588
2026-04-14 19:45:00+00:00,0.16836
2026-04-14 20:00:00+00:00,0.19922
2026-04-14 20:15:00+00:00,0.11379
2026-04-14 20:30:00+00:00,0.14215
2026-04-14 20:45:00+00:00,0.13361
2026-04-14 21:00:00+00:00,0.14224
2026-04-14 21:15:00+00:00,0.14002
2026-04-14 21:30:00+00:00,0.13956
2026-04-14 21:45:00+00:00,0.11693
2026-04-14 22:00:00+00:00,0.25711
2026-04-14 22:15:00+00:00,0.1834
2026-04-14 22:30:00+00:00,0.21284999999999998
2026-04-14 22:45:00+00:00,0.13391
2026-04-14 23:00:00+00:00,0.12276000000000001
2026-04-14 23:15:00+00:00,0.11865
2026-04-14 23:30:00+00:00,0.10821
2026-04-14 23:45:00+00:00,0.11519
2026-04-15 00:00:00+00:00,0.13094999999999998
2026-04-15 00:15:00+00:00,0.15806
2026-04-15 00:30:00+00:00,0.14695
2026-04-15 00:45:00+00:00,0.14921
2026-04-15 01:00:00+00:00,0.09441
2026-04-15 01:15:00+00:00,0.14196999999999999
2026-04-15 01:30:00+00:00,0.14121
2026-04-15 01:45:00+00:00,0.13518
2026-04-15 02:00:00+00:00,0.13162000000000001
2026-04-15 02:15:00+00:00,0.12671
2026-04-15 02:30:00+00:00,0.12513
2026-04-15 02:45:00+00:00,0.12283
2026-04-15 03:00:00+00:00,0.14773
2026-04-15 03:15:00+00:00,0.15563999999999997
2026-04-15 03:30:00+00:00,0.19154
2026-04-15 03:45:00+00:00,0.17839
2026-04-15 04:00:00+00:00,0.19751
2026-04-15 04:15:00+00:00,0.20363
2026-04-15 04:30:00+00:00,0.32385
2026-04-15 04:45:00+00:00,0.22043000000000001
2026-04-15 05:00:00+00:00,0.21406
2026-04-15 05:15:00+00:00,0.19684000000000001
2026-04-15 05:30:00+00:00,0.22047999999999998
2026-04-15 05:45:00+00:00,0.09866
2026-04-15 06:00:00+00:00,0.17836000000000002
2026-04-15 06:15:00+00:00,0.13375
2026-04-15 06:30:00+00:00,0.15853
2026-04-15 06:45:00+00:00,0.15253
2026-04-15 07:00:00+00:00,0.23953
2026-04-15 07:15:00+00:00,0.30226
2026-04-15 07:30:00+00:00,0.16819
2026-04-15 07:45:00+00:00,0.07818000000000001
2026-04-15 08:00:00+00:00,0.08563
2026-04-15 08:15:00+00:00,0.15328999999999998
2026-04-15 08:30:00+00:00,0.11596
2026-04-15 08:45:00+00:00,0.10171
2026-04-15 09:00:00+00:00,0.1097
2026-04-15 09:15:00+00:00,0.060590000000000005
2026-04-15 09:30:00+00:00,0.04753
2026-04-15 09:45:00+00:00,0.03189
2026-04-15 10:00:00+00:00,0.03334
2026-04-15 10:15:00+00:00,0.09456999999999999
2026-04-15 10:30:00+00:00,0.10685
2026-04-15 10:45:00+00:00,0.09245
2026-04-15 11:00:00+00:00,0.10945
2026-04-15 11:15:00+00:00,0.10516
2026-04-15 11:30:00+00:00,0.054810000000000005
2026-04-15 11:45:00+00:00,0.01236
2026-04-15 12:00:00+00:00,0.02915
2026-04-15 12:15:00+00:00,0.071
2026-04-15 12:30:00+00:00,0.05332
2026-04-15 12:45:00+00:00,0.11145000000000001
2026-04-15 13:00:00+00:00,0.13612
2026-04-15 13:15:00+00:00,0.15981
2026-04-15 13:30:00+00:00,0.07829000000000001
2026-04-15 13:45:00+00:00,0.05156
2026-04-15 14:00:00+00:00,0.09490000000000001
2026-04-15 14:15:00+00:00,0.12693000000000002
2026-04-15 14:30:00+00:00,0.145
2026-04-15 14:45:00+00:00,0.12487999999999999
2026-04-15 15:00:00+00:00,0.12414
2026-04-15 15:15:00+00:00,0.10585
2026-04-15 15:30:00+00:00,0.16088999999999998
2026-04-15 15:45:00+00:00,0.14109
2026-04-15 16:00:00+00:00,0.20247
2026-04-15 16:15:00+00:00,0.1616
2026-04-15 16:30:00+00:00,0.13194
2026-04-15 16:45:00+00:00,0.19318000000000002
2026-04-15 17:00:00+00:00,0.14999
2026-04-15 17:15:00+00:00,0.21261000000000002
2026-04-15 17:30:00+00:00,0.12697
2026-04-15 17:45:00+00:00,0.13966
2026-04-15 18:00:00+00:00,0.15674000000000002
2026-04-15 18:15:00+00:00,0.14595
2026-04-15 18:30:00+00:00,0.1778
2026-04-15 18:45:00+00:00,0.12991
2026-04-15 19:00:00+00:00,0.17576
2026-04-15 19:15:00+00:00,0.17426
2026-04-15 19:30:00+00:00,0.16113
2026-04-15 19:45:00+00:00,0.10241
2026-04-15 20:00:00+00:00,0.12774
2026-04-15 20:15:00+00:00,0.13656000000000001
2026-04-15 20:30:00+00:00,0.13771
2026-04-15 20:45:00+00:00,0.13641999999999999
2026-04-15 21:00:00+00:00,0.09613
2026-04-15 21:15:00+00:00,0.10167
2026-04-15 21:30:00+00:00,0.08792
2026-04-15 21:45:00+00:00,0.11571
2026-04-15 22:00:00+00:00,0.16269
2026-04-15 22:15:00+00:00,0.17626
2026-04-15 22:30:00+00:00,0.1845
2026-04-15 22:45:00+00:00,0.17164
2026-04-15 23:00:00+00:00,0.16699
2026-04-15 23:15:00+00:00,0.07901999999999999
2026-04-15 23:30:00+00:00,0.08426
2026-04-15 23:45:00+00:00,0.08275
2026-04-16 00:00:00+00:00,0.06362
2026-04-16 00:15:00+00:00,0.06559999999999999
2026-04-16 00:30:00+00:00,0.06813
2026-04-16 00:45:00+00:00,0.13713999999999998
2026-04-16 01:00:00+00:00,0.12687
2026-04-16 01:15:00+00:00,0.05661
2026-04-16 01:30:00+00:00,0.09054999999999999
2026-04-16 01:45:00+00:00,0.06812
2026-04-16 02:00:00+00:00,0.14615999999999998
2026-04-16 02:15:00+00:00,0.1186
2026-04-16 02:30:00+00:00,0.10723999999999999
2026-04-16 02:45:00+00:00,0.0942
2026-04-16 03:00:00+00:00,0.16497
2026-04-16 03:15:00+00:00,0.14331
2026-04-16 03:30:00+00:00,0.05374
2026-04-16 03:45:00+00:00,0.14782
2026-04-16 04:00:00+00:00,0.08463
2026-04-16 04:15:00+00:00,0.14206
2026-04-16 04:30:00+00:00,0.14235
2026-04-16 04:45:00+00:00,0.1571
2026-04-16 05:00:00+00:00,0.29325999999999997
2026-04-16 05:15:00+00:00,0.19372
2026-04-16 05:30:00+00:00,0.17880000000000001
2026-04-16 05:45:00+00:00,0.16912
2026-04-16 06:00:00+00:00,0.24365
2026-04-16 06:15:00+00:00,0.10694
2026-04-16 06:30:00+00:00,0.17681
2026-04-16 06:45:00+00:00,0.08832
2026-04-16 07:00:00+00:00,0.06153
2026-04-16 07:15:00+00:00,0.11363
2026-04-16 07:30:00+00:00,0.08938
2026-04-16 07:45:00+00:00,0.08069
2026-04-16 08:00:00+00:00,0.1499
2026-04-16 08:15:00+00:00,0.08978
2026-04-16 08:30:00+00:00,0.060840000000000005
2026-04-16 08:45:00+00:00,0.05975
2026-04-16 09:00:00+00:00,0.06422
2026-04-16 09:15:00+00:00,0.03114
2026-04-16 09:30:00+00:00,0.02407
2026-04-16 09:45:00+00:00,0.04219
2026-04-16 10:00:00+00:00,0.02125
2026-04-16 10:15:00+00:00,0.07302
2026-04-16 10:30:00+00:00,0.1093
2026-04-16 10:45:00+00:00,0.11729
2026-04-16 11:00:00+00:00,0.13696
2026-04-16 11:15:00+00:00,0.17601
2026-04-16 11:30:00+00:00,0.09201999999999999
2026-04-16 11:45:00+00:00,0.07423
2026-04-16 12:00:00+00:00,0.06479
2026-04-16 12:15:00+00:00,0.05877
2026-04-16 12:30:00+00:00,0.10772
2026-04-16 12:45:00+00:00,0.09540000000000001
2026-04-16 13:00:00+00:00,0.10085
2026-04-16 13:15:00+00:00,0.10218
2026-04-16 13:30:00+00:00,0.11086
2026-04-16 13:45:00+00:00,0.13878000000000001
2026-04-16 14:00:00+00:00,0.08917
2026-04-16 14:15:00+00:00,0.11866
2026-04-16 14:30:00+00:00,0.08239
2026-04-16 14:45:00+00:00,0.06718
2026-04-16 15:00:00+00:00,0.06823
2026-04-16 15:15:00+00:00,0.07998999999999999
2026-04-16 15:30:00+00:00,0.06627
2026-04-16 15:45:00+00:00,0.08123000000000001
2026-04-16 16:00:00+00:00,0.07407
2026-04-16 16:15:00+00:00,0.14749
2026-04-16 16:30:00+00:00,0.14575
2026-04-16 16:45:00+00:00,0.13463999999999998
2026-04-16 17:00:00+00:00,0.09367
2026-04-16 17:15:00+00:00,0.14112
2026-04-16 17:30:00+00:00,0.11882
2026-04-16 17:45:00+00:00,0.12007
2026-04-16 18:00:00+00:00,0.1176
2026-04-16 18:15:00+00:00,0.15852000000000002
2026-04-16 18:30:00+00:00,0.17381
2026-04-16 18:45:00+00:00,0.18125
2026-04-16 19:00:00+00:00,0.21261000000000002
2026-04-16 19:15:00+00:00,0.17087
2026-04-16 19:30:00+00:00,0.14374
2026-04-16 19:45:00+00:00,0.15156
2026-04-16 20:00:00+00:00,0.09948
2026-04-16 20:15:00+00:00,0.10265
2026-04-16 20:30:00+00:00,0.13011
2026-04-16 20:45:00+00:00,0.13151
2026-04-16 21:00:00+00:00,0.10389
2026-04-16 21:15:00+00:00,0.09716
2026-04-16 21:30:00+00:00,0.08474
2026-04-16 21:45:00+00:00,0.06988
2026-04-16 22:00:00+00:00,0.11203
2026-04-16 22:15:00+00:00,0.13735
2026-04-16 22:30:00+00:00,0.11504
2026-04-16 22:45:00+00:00,0.07887000000000001
2026-04-16 23:00:00+00:00,0.09344
2026-04-16 23:15:00+00:00,0.07755
2026-04-16 23:30:00+00:00,0.07022
2026-04-16 23:45:00+00:00,0.06674
2026-04-17 00:00:00+00:00,0.11461
2026-04-17 00:15:00+00:00,0.08743000000000001
2026-04-17 00:30:00+00:00,0.09403
2026-04-17 00:45:00+00:00,0.08633
2026-04-17 01:00:00+00:00,0.09684999999999999
2026-04-17 01:15:00+00:00,0.10961
2026-04-17 01:30:00+00:00,0.08671
2026-04-17 01:45:00+00:00,0.08708
2026-04-17 02:00:00+00:00,0.06877
2026-04-17 02:15:00+00:00,0.05857
2026-04-17 02:30:00+00:00,0.06669
2026-04-17 02:45:00+00:00,0.07490999999999999
2026-04-17 03:00:00+00:00,0.09758
2026-04-17 03:15:00+00:00,0.08823
2026-04-17 03:30:00+00:00,0.12784
2026-04-17 03:45:00+00:00,0.13672
2026-04-17 04:00:00+00:00,0.09301999999999999
2026-04-17 04:15:00+00:00,0.0923
2026-04-17 04:30:00+00:00,0.08211
2026-04-17 04:45:00+00:00,0.09451000000000001
2026-04-17 05:00:00+00:00,0.09645000000000001
2026-04-17 05:15:00+00:00,0.08781
2026-04-17 05:30:00+00:00,0.08567
2026-04-17 05:45:00+00:00,0.07595
2026-04-17 06:00:00+00:00,0.08053
2026-04-17 06:15:00+00:00,0.11832
2026-04-17 06:30:00+00:00,0.15213
2026-04-17 06:45:00+00:00,0.119
2026-04-17 07:00:00+00:00,0.11678
2026-04-17 07:15:00+00:00,0.10945
2026-04-17 07:30:00+00:00,0.1378
2026-04-17 07:45:00+00:00,0.21722
2026-04-17 08:00:00+00:00,0.14071
2026-04-17 08:15:00+00:00,0.14656
2026-04-17 08:30:00+00:00,0.09834
2026-04-17 08:45:00+00:00,0.08839
2026-04-17 09:00:00+00:00,0.028579999999999998
2026-04-17 09:15:00+00:00,-0.00115
2026-04-17 09:30:00+00:00,-0.01264
2026-04-17 09:45:00+00:00,0.01777
2026-04-17 10:00:00+00:00,-0.00943
2026-04-17 10:15:00+00:00,-0.0112
2026-04-17 10:30:00+00:00,0.00344
2026-04-17 10:45:00+00:00,-0.00658
2026-04-17 11:00:00+00:00,0.08543
2026-04-17 11:15:00+00:00,0.04979
2026-04-17 11:30:00+00:00,0.042
2026-04-17 11:45:00+00:00,0.0436
2026-04-17 12:00:00+00:00,0.0058200000000000005
2026-04-17 12:15:00+00:00,0.01433
2026-04-17 12:30:00+00:00,0.00254
2026-04-17 12:45:00+00:00,5e-05
2026-04-17 13:00:00+00:00,-0.02398
2026-04-17 13:15:00+00:00,-0.03128
2026-04-17 13:30:00+00:00,-0.01594
2026-04-17 13:45:00+00:00,0.00281
2026-04-17 14:00:00+00:00,0.07865000000000001
2026-04-17 14:15:00+00:00,0.10789
2026-04-17 14:30:00+00:00,0.10035
2026-04-17 14:45:00+00:00,0.11066
2026-04-17 15:00:00+00:00,0.09627
2026-04-17 15:15:00+00:00,0.05038
2026-04-17 15:30:00+00:00,0.0852
2026-04-17 15:45:00+00:00,0.07542
2026-04-17 16:00:00+00:00,0.03995
2026-04-17 16:15:00+00:00,0.044090000000000004
2026-04-17 16:30:00+00:00,0.04632
2026-04-17 16:45:00+00:00,0.09395999999999999
2026-04-17 17:00:00+00:00,0.07148
2026-04-17 17:15:00+00:00,0.08451
2026-04-17 17:30:00+00:00,0.09495
2026-04-17 17:45:00+00:00,0.08329
2026-04-17 18:00:00+00:00,0.08245000000000001
2026-04-17 18:15:00+00:00,0.09154999999999999
2026-04-17 18:30:00+00:00,0.10501
2026-04-17 18:45:00+00:00,0.11852
2026-04-17 19:00:00+00:00,0.15569
2026-04-17 19:15:00+00:00,0.10141
2026-04-17 19:30:00+00:00,0.09254000000000001
2026-04-17 19:45:00+00:00,0.08809
2026-04-17 20:00:00+00:00,0.10327
2026-04-17 20:15:00+00:00,0.11598
2026-04-17 20:30:00+00:00,0.09616
2026-04-17 20:45:00+00:00,0.09034
2026-04-17 21:00:00+00:00,0.12231
2026-04-17 21:15:00+00:00,0.11845
2026-04-17 21:30:00+00:00,0.11816
2026-04-17 21:45:00+00:00,0.11231000000000001
2026-04-17 22:00:00+00:00,0.0932
2026-04-17 22:15:00+00:00,0.12531
2026-04-17 22:30:00+00:00,0.10449
2026-04-17 22:45:00+00:00,0.10645
2026-04-17 23:00:00+00:00,0.12
2026-04-17 23:15:00+00:00,0.12196
2026-04-17 23:30:00+00:00,0.14204
2026-04-17 23:45:00+00:00,0.13132
2026-04-18 00:00:00+00:00,0.13096000000000002
2026-04-18 00:15:00+00:00,0.12196
2026-04-18 00:30:00+00:00,0.10434
2026-04-18 00:45:00+00:00,0.13422
2026-04-18 01:00:00+00:00,0.12504
2026-04-18 01:15:00+00:00,0.08828
2026-04-18 01:30:00+00:00,0.0925
2026-04-18 01:45:00+00:00,0.11204
2026-04-18 02:00:00+00:00,0.12240999999999999
2026-04-18 02:15:00+00:00,0.10482
2026-04-18 02:30:00+00:00,0.10501
2026-04-18 02:45:00+00:00,0.10803
2026-04-18 03:00:00+00:00,0.11538
2026-04-18 03:15:00+00:00,0.11818000000000001
2026-04-18 03:30:00+00:00,0.08170000000000001
2026-04-18 03:45:00+00:00,0.11040000000000001
2026-04-18 04:00:00+00:00,0.08356999999999999
2026-04-18 04:15:00+00:00,0.06884
2026-04-18 04:30:00+00:00,0.09151000000000001
2026-04-18 04:45:00+00:00,0.07132
2026-04-18 05:00:00+00:00,0.07017
2026-04-18 05:15:00+00:00,0.06629
2026-04-18 05:30:00+00:00,0.08508
2026-04-18 05:45:00+00:00,0.12367
2026-04-18 06:00:00+00:00,0.11064
2026-04-18 06:15:00+00:00,0.10371999999999999
2026-04-18 06:30:00+00:00,0.13146000000000002
2026-04-18 06:45:00+00:00,0.15734
2026-04-18 07:00:00+00:00,0.15366
2026-04-18 07:15:00+00:00,0.1985
2026-04-18 07:30:00+00:00,0.39905
2026-04-18 07:45:00+00:00,0.18630000000000002
2026-04-18 08:00:00+00:00,0.15944999999999998
2026-04-18 08:15:00+00:00,0.13939
2026-04-18 08:30:00+00:00,1.38216
2026-04-18 08:45:00+00:00,0.72824
2026-04-18 09:00:00+00:00,0.07737000000000001
2026-04-18 09:15:00+00:00,0.04697
2026-04-18 09:30:00+00:00,0.06044
2026-04-18 09:45:00+00:00,0.05956
2026-04-18 10:00:00+00:00,0.031129999999999998
2026-04-18 10:15:00+00:00,-0.00017999999999999998
2026-04-18 10:30:00+00:00,0.0917
2026-04-18 10:45:00+00:00,0.00956
2026-04-18 11:00:00+00:00,0.07687999999999999
2026-04-18 11:15:00+00:00,0.0844
2026-04-18 11:30:00+00:00,0.11995
2026-04-18 11:45:00+00:00,0.12649
2026-04-18 12:00:00+00:00,0.13722
2026-04-18 12:15:00+00:00,0.38671
2026-04-18 12:30:00+00:00,0.36602999999999997
2026-04-18 12:45:00+00:00,0.387
2026-04-18 13:00:00+00:00,0.12239
2026-04-18 13:15:00+00:00,0.12017
2026-04-18 13:30:00+00:00,0.19081
2026-04-18 13:45:00+00:00,0.19762000000000002
2026-04-18 14:00:00+00:00,0.15413
2026-04-18 14:15:00+00:00,0.15199000000000001
2026-04-18 14:30:00+00:00,0.14193
2026-04-18 14:45:00+00:00,0.13413
2026-04-18 15:00:00+00:00,0.07767
2026-04-18 15:15:00+00:00,0.0865
2026-04-18 15:30:00+00:00,0.07961
2026-04-18 15:45:00+00:00,0.08879000000000001
2026-04-18 16:00:00+00:00,0.13313
2026-04-18 16:15:00+00:00,0.15206
2026-04-18 16:30:00+00:00,0.14717
2026-04-18 16:45:00+00:00,0.10624
2026-04-18 17:00:00+00:00,0.08809
2026-04-18 17:15:00+00:00,0.0844
2026-04-18 17:30:00+00:00,0.08817
2026-04-18 17:45:00+00:00,0.08876
2026-04-18 18:00:00+00:00,0.10883
2026-04-18 18:15:00+00:00,0.12243000000000001
2026-04-18 18:30:00+00:00,0.10525
2026-04-18 18:45:00+00:00,0.09658
2026-04-18 19:00:00+00:00,0.0905
2026-04-18 19:15:00+00:00,0.09073
2026-04-18 19:30:00+00:00,0.09023
2026-04-18 19:45:00+00:00,0.12537
2026-04-18 20:00:00+00:00,0.13112000000000001
2026-04-18 20:15:00+00:00,0.08796
2026-04-18 20:30:00+00:00,0.10191
2026-04-18 20:45:00+00:00,0.09315000000000001
2026-04-18 21:00:00+00:00,0.09237999999999999
2026-04-18 21:15:00+00:00,0.09057
2026-04-18 21:30:00+00:00,0.12866999999999998
2026-04-18 21:45:00+00:00,0.13041999999999998
2026-04-18 22:00:00+00:00,0.12345
2026-04-18 22:15:00+00:00,0.11945
2026-04-18 22:30:00+00:00,0.14503
2026-04-18 22:45:00+00:00,0.13962
2026-04-18 23:00:00+00:00,0.13158
2026-04-18 23:15:00+00:00,0.12054000000000001
2026-04-18 23:30:00+00:00,0.11839
2026-04-18 23:45:00+00:00,0.10219
2026-04-19 00:00:00+00:00,0.1388
2026-04-19 00:15:00+00:00,0.12653
2026-04-19 00:30:00+00:00,0.09845999999999999
2026-04-19 00:45:00+00:00,0.09243000000000001
2026-04-19 01:00:00+00:00,0.09131
2026-04-19 01:15:00+00:00,0.039409999999999994
2026-04-19 01:30:00+00:00,0.08123999999999999
2026-04-19 01:45:00+00:00,0.0675
2026-04-19 02:00:00+00:00,0.08923
2026-04-19 02:15:00+00:00,0.09743
2026-04-19 02:30:00+00:00,0.0855
2026-04-19 02:45:00+00:00,0.08012000000000001
2026-04-19 03:00:00+00:00,0.08255
2026-04-19 03:15:00+00:00,0.049049999999999996
2026-04-19 03:30:00+00:00,0.023940000000000003
2026-04-19 03:45:00+00:00,0.04589
2026-04-19 04:00:00+00:00,0.060270000000000004
2026-04-19 04:15:00+00:00,0.07734999999999999
2026-04-19 04:30:00+00:00,0.08459
2026-04-19 04:45:00+00:00,0.1057
2026-04-19 05:00:00+00:00,0.13018000000000002
2026-04-19 05:15:00+00:00,0.11829
2026-04-19 05:30:00+00:00,0.02088
2026-04-19 05:45:00+00:00,0.02004
2026-04-19 06:00:00+00:00,0.02511
2026-04-19 06:15:00+00:00,0.02596
2026-04-19 06:30:00+00:00,0.00332
2026-04-19 06:45:00+00:00,0.07454000000000001
2026-04-19 07:00:00+00:00,0.02709
2026-04-19 07:15:00+00:00,0.0072
2026-04-19 07:30:00+00:00,0.01209
2026-04-19 07:45:00+00:00,0.027780000000000003
2026-04-19 08:00:00+00:00,-0.01308
2026-04-19 08:15:00+00:00,0.05607
2026-04-19 08:30:00+00:00,0.00028000000000000003
2026-04-19 08:45:00+00:00,0.10364
2026-04-19 09:00:00+00:00,0.005
2026-04-19 09:15:00+00:00,0.09723000000000001
2026-04-19 09:30:00+00:00,0.06813
2026-04-19 09:45:00+00:00,0.0844
2026-04-19 10:00:00+00:00,0.0947
2026-04-19 10:15:00+00:00,0.17053000000000001
2026-04-19 10:30:00+00:00,0.01397
2026-04-19 10:45:00+00:00,0.01016
2026-04-19 11:00:00+00:00,-0.00051
2026-04-19 11:15:00+00:00,-0.016329999999999997
2026-04-19 11:30:00+00:00,0.02429
2026-04-19 11:45:00+00:00,-0.019219999999999998
2026-04-19 12:00:00+00:00,0.01747
2026-04-19 12:15:00+00:00,-0.014060000000000001
2026-04-19 12:30:00+00:00,-0.02142
2026-04-19 12:45:00+00:00,-0.01834
2026-04-19 13:00:00+00:00,-0.00878
2026-04-19 13:15:00+00:00,-0.01045
2026-04-19 13:30:00+00:00,-0.01384
2026-04-19 13:45:00+00:00,-0.00543
2026-04-19 14:00:00+00:00,0.00076
2026-04-19 14:15:00+00:00,-0.00714
2026-04-19 14:30:00+00:00,-0.02944
2026-04-19 14:45:00+00:00,-0.01283
2026-04-19 15:00:00+00:00,-0.0012900000000000001
2026-04-19 15:15:00+00:00,0.0064800000000000005
2026-04-19 15:30:00+00:00,0.09822
2026-04-19 15:45:00+00:00,0.092
2026-04-19 16:00:00+00:00,0.11223999999999999
2026-04-19 16:15:00+00:00,0.1196
2026-04-19 16:30:00+00:00,0.10533
2026-04-19 16:45:00+00:00,0.08710999999999999
2026-04-19 17:00:00+00:00,0.09115000000000001
2026-04-19 17:15:00+00:00,0.08735
2026-04-19 17:30:00+00:00,0.0601
2026-04-19 17:45:00+00:00,0.08521
2026-04-19 18:00:00+00:00,0.09591
2026-04-19 18:15:00+00:00,0.11303
2026-04-19 18:30:00+00:00,0.10124
2026-04-19 18:45:00+00:00,0.09129000000000001
2026-04-19 19:00:00+00:00,0.11973
2026-04-19 19:15:00+00:00,0.12721
2026-04-19 19:30:00+00:00,0.10729999999999999
2026-04-19 19:45:00+00:00,0.07604000000000001
2026-04-19 20:00:00+00:00,0.11134000000000001
2026-04-19 20:15:00+00:00,0.09197
2026-04-19 20:30:00+00:00,0.06364
2026-04-19 20:45:00+00:00,0.07365000000000001
2026-04-19 21:00:00+00:00,0.07237
2026-04-19 21:15:00+00:00,0.056600000000000004
2026-04-19 21:30:00+00:00,0.05875
2026-04-19 21:45:00+00:00,0.07273
2026-04-19 22:00:00+00:00,0.10235999999999999
2026-04-19 22:15:00+00:00,0.12513
2026-04-19 22:30:00+00:00,0.10934999999999999
2026-04-19 22:45:00+00:00,0.11984
2026-04-19 23:00:00+00:00,0.09038
2026-04-19 23:15:00+00:00,0.09172
2026-04-19 23:30:00+00:00,0.0892
2026-04-19 23:45:00+00:00,0.09490000000000001
2026-04-20 00:00:00+00:00,0.10701000000000001
2026-04-20 00:15:00+00:00,0.1193
2026-04-20 00:30:00+00:00,0.09901
2026-04-20 00:45:00+00:00,0.07891
2026-04-20 01:00:00+00:00,0.07514
2026-04-20 01:15:00+00:00,0.07268000000000001
2026-04-20 01:30:00+00:00,0.08314
2026-04-20 01:45:00+00:00,0.09856999999999999
2026-04-20 02:00:00+00:00,0.09151999999999999
2026-04-20 02:15:00+00:00,0.09497
2026-04-20 02:30:00+00:00,0.11615
2026-04-20 02:45:00+00:00,0.10817
2026-04-20 03:00:00+00:00,0.09981999999999999
2026-04-20 03:15:00+00:00,0.10684
2026-04-20 03:30:00+00:00,0.12603
2026-04-20 03:45:00+00:00,0.15728
2026-04-20 04:00:00+00:00,0.13623
2026-04-20 04:15:00+00:00,0.13984
2026-04-20 04:30:00+00:00,0.16694
2026-04-20 04:45:00+00:00,0.16585
2026-04-20 05:00:00+00:00,0.19588
2026-04-20 05:15:00+00:00,0.06591
2026-04-20 05:30:00+00:00,0.08097
2026-04-20 05:45:00+00:00,0.10327
2026-04-20 06:00:00+00:00,0.06628
2026-04-20 06:15:00+00:00,0.05536
2026-04-20 06:30:00+00:00,0.027510000000000003
2026-04-20 06:45:00+00:00,0.007980000000000001
2026-04-20 07:00:00+00:00,0.10351
2026-04-20 07:15:00+00:00,0.04322
2026-04-20 07:30:00+00:00,0.03621
2026-04-20 07:45:00+00:00,0.10216
2026-04-20 08:00:00+00:00,0.1199
2026-04-20 08:15:00+00:00,0.16657
2026-04-20 08:30:00+00:00,0.040979999999999996
2026-04-20 08:45:00+00:00,0.038329999999999996
2026-04-20 09:00:00+00:00,0.04603
2026-04-20 09:15:00+00:00,0.12475
2026-04-20 09:30:00+00:00,0.14779
2026-04-20 09:45:00+00:00,0.13878000000000001
2026-04-20 10:00:00+00:00,0.19312
2026-04-20 10:15:00+00:00,0.09945
2026-04-20 10:30:00+00:00,0.25326
2026-04-20 10:45:00+00:00,0.25393
2026-04-20 11:00:00+00:00,0.23038999999999998
2026-04-20 11:15:00+00:00,0.15586000000000003
2026-04-20 11:30:00+00:00,0.15593
2026-04-20 11:45:00+00:00,0.08022
2026-04-20 12:00:00+00:00,0.1022
2026-04-20 12:15:00+00:00,0.08571
2026-04-20 12:30:00+00:00,0.0619
2026-04-20 12:45:00+00:00,0.09031
2026-04-20 13:00:00+00:00,0.15893000000000002
2026-04-20 13:15:00+00:00,0.038079999999999996
2026-04-20 13:30:00+00:00,0.07546
2026-04-20 13:45:00+00:00,0.11866
2026-04-20 14:00:00+00:00,0.07565000000000001
2026-04-20 14:15:00+00:00,0.08245000000000001
2026-04-20 14:30:00+00:00,0.07277
2026-04-20 14:45:00+00:00,0.09751
2026-04-20 15:00:00+00:00,0.11203
2026-04-20 15:15:00+00:00,0.06387
2026-04-20 15:30:00+00:00,0.13343
2026-04-20 15:45:00+00:00,0.08635
2026-04-20 16:00:00+00:00,0.08876
2026-04-20 16:15:00+00:00,0.13706000000000002
2026-04-20 16:30:00+00:00,0.14456
2026-04-20 16:45:00+00:00,0.1849
2026-04-20 17:00:00+00:00,0.1371
2026-04-20 17:15:00+00:00,0.13427
2026-04-20 17:30:00+00:00,0.18284
2026-04-20 17:45:00+00:00,0.41693
2026-04-20 18:00:00+00:00,0.6641900000000001
2026-04-20 18:15:00+00:00,0.15586000000000003
2026-04-20 18:30:00+00:00,0.11767
2026-04-20 18:45:00+00:00,0.10923999999999999
2026-04-20 19:00:00+00:00,0.1067
2026-04-20 19:15:00+00:00,0.09040000000000001
2026-04-20 19:30:00+00:00,0.13391999999999998
2026-04-20 19:45:00+00:00,0.15990000000000001
2026-04-20 20:00:00+00:00,0.15631
2026-04-20 20:15:00+00:00,0.12726
2026-04-20 20:30:00+00:00,0.15405000000000002
2026-04-20 20:45:00+00:00,0.13299
2026-04-20 21:00:00+00:00,0.1018
2026-04-20 21:15:00+00:00,0.08286
2026-04-20 21:30:00+00:00,0.09434000000000001
2026-04-20 21:45:00+00:00,0.052770000000000004
2026-04-20 22:00:00+00:00,0.04516
2026-04-20 22:15:00+00:00,0.11562
2026-04-20 22:30:00+00:00,0.09878
2026-04-20 22:45:00+00:00,0.09967000000000001
2026-04-20 23:00:00+00:00,0.10324
2026-04-20 23:15:00+00:00,0.11254
2026-04-20 23:30:00+00:00,0.11186
2026-04-20 23:45:00+00:00,0.11284999999999999
2026-04-21 00:00:00+00:00,0.05232
2026-04-21 00:15:00+00:00,0.05779
2026-04-21 00:30:00+00:00,0.09409999999999999
2026-04-21 00:45:00+00:00,0.1056
2026-04-21 01:00:00+00:00,0.10603
2026-04-21 01:15:00+00:00,0.10189
2026-04-21 01:30:00+00:00,0.09253
2026-04-21 01:45:00+00:00,0.0865
2026-04-21 02:00:00+00:00,0.09912
2026-04-21 02:15:00+00:00,0.08594
2026-04-21 02:30:00+00:00,0.09298999999999999
2026-04-21 02:45:00+00:00,0.07295
2026-04-21 03:00:00+00:00,0.09627
2026-04-21 03:15:00+00:00,0.11493
2026-04-21 03:30:00+00:00,0.11929000000000001
2026-04-21 03:45:00+00:00,0.12361
2026-04-21 04:00:00+00:00,0.14502
2026-04-21 04:15:00+00:00,0.12755
2026-04-21 04:30:00+00:00,0.14626
2026-04-21 04:45:00+00:00,0.15722999999999998
2026-04-21 05:00:00+00:00,0.18074
2026-04-21 05:15:00+00:00,0.19728
2026-04-21 05:30:00+00:00,0.14373
2026-04-21 05:45:00+00:00,0.16465000000000002
2026-04-21 06:00:00+00:00,0.25155
2026-04-21 06:15:00+00:00,0.50249
2026-04-21 06:30:00+00:00,0.20188
2026-04-21 06:45:00+00:00,0.21434
2026-04-21 07:00:00+00:00,0.05347
2026-04-21 07:15:00+00:00,0.07129
2026-04-21 07:30:00+00:00,0.14368999999999998
2026-04-21 07:45:00+00:00,0.13852
2026-04-21 08:00:00+00:00,0.13624
2026-04-21 08:15:00+00:00,0.12493000000000001
2026-04-21 08:30:00+00:00,0.055600000000000004
2026-04-21 08:45:00+00:00,-0.0014199999999999998
2026-04-21 09:00:00+00:00,0.0051600000000000005
2026-04-21 09:15:00+00:00,-1e-05
2026-04-21 09:30:00+00:00,-0.00158
2026-04-21 09:45:00+00:00,8e-05
2026-04-21 10:00:00+00:00,0.00317
2026-04-21 10:15:00+00:00,-0.009859999999999999
2026-04-21 10:30:00+00:00,-0.00126
2026-04-21 10:45:00+00:00,0.10014
2026-04-21 11:00:00+00:00,0.09207
2026-04-21 11:15:00+00:00,0.01266
2026-04-21 11:30:00+00:00,0.011380000000000001
2026-04-21 11:45:00+00:00,-0.00786
2026-04-21 12:00:00+00:00,-0.00242
2026-04-21 12:15:00+00:00,-0.0073
2026-04-21 12:30:00+00:00,-0.00583
2026-04-21 12:45:00+00:00,-0.0056
2026-04-21 13:00:00+00:00,0.023510000000000003
2026-04-21 13:15:00+00:00,0.00443
2026-04-21 13:30:00+00:00,0.02284
2026-04-21 13:45:00+00:00,0.04883
2026-04-21 14:00:00+00:00,0.09384
2026-04-21 14:15:00+00:00,0.14534
2026-04-21 14:30:00+00:00,0.13594
2026-04-21 14:45:00+00:00,0.10373
2026-04-21 15:00:00+00:00,0.04473
2026-04-21 15:15:00+00:00,0.03893
2026-04-21 15:30:00+00:00,0.14604
2026-04-21 15:45:00+00:00,0.06656999999999999
2026-04-21 16:00:00+00:00,0.09879
2026-04-21 16:15:00+00:00,0.08451
2026-04-21 16:30:00+00:00,0.05942
2026-04-21 16:45:00+00:00,0.09873
2026-04-21 17:00:00+00:00,0.0702
2026-04-21 17:15:00+00:00,0.07413
2026-04-21 17:30:00+00:00,0.12096
2026-04-21 17:45:00+00:00,0.10252
2026-04-21 18:00:00+00:00,0.17765
2026-04-21 18:15:00+00:00,0.08959
2026-04-21 18:30:00+00:00,0.17168
2026-04-21 18:45:00+00:00,0.12875
2026-04-21 19:00:00+00:00,0.15796000000000002
2026-04-21 19:15:00+00:00,0.08320999999999999
2026-04-21 19:30:00+00:00,0.05799
2026-04-21 19:45:00+00:00,0.07083
2026-04-21 20:00:00+00:00,0.1182
2026-04-21 20:15:00+00:00,0.06575
2026-04-21 20:30:00+00:00,0.06636
2026-04-21 20:45:00+00:00,0.07173
2026-04-21 21:00:00+00:00,0.09594
2026-04-21 21:15:00+00:00,0.10407999999999999
2026-04-21 21:30:00+00:00,0.07456
2026-04-21 21:45:00+00:00,0.08485
2026-04-21 22:00:00+00:00,0.07812999999999999
2026-04-21 22:15:00+00:00,0.06247
2026-04-21 22:30:00+00:00,0.07078
2026-04-21 22:45:00+00:00,0.07409
2026-04-21 23:00:00+00:00,0.08784
2026-04-21 23:15:00+00:00,0.11591
2026-04-21 23:30:00+00:00,0.11529
2026-04-21 23:45:00+00:00,0.11558
2026-04-22 00:00:00+00:00,0.10693000000000001
2026-04-22 00:15:00+00:00,0.07791
2026-04-22 00:30:00+00:00,0.08877
2026-04-22 00:45:00+00:00,0.0895
2026-04-22 01:00:00+00:00,0.06001
2026-04-22 01:15:00+00:00,0.08897
2026-04-22 01:30:00+00:00,0.10457
2026-04-22 01:45:00+00:00,0.10792
2026-04-22 02:00:00+00:00,0.07585
2026-04-22 02:15:00+00:00,0.07953
2026-04-22 02:30:00+00:00,0.11788
2026-04-22 02:45:00+00:00,0.12056
2026-04-22 03:00:00+00:00,0.0885
2026-04-22 03:15:00+00:00,0.10235999999999999
2026-04-22 03:30:00+00:00,0.14468
2026-04-22 03:45:00+00:00,0.16103
2026-04-22 04:00:00+00:00,0.17558
2026-04-22 04:15:00+00:00,0.16638999999999998
2026-04-22 04:30:00+00:00,0.22229
2026-04-22 04:45:00+00:00,0.21639
2026-04-22 05:00:00+00:00,0.3485
2026-04-22 05:15:00+00:00,0.09033
2026-04-22 05:30:00+00:00,0.09975
2026-04-22 05:45:00+00:00,0.12209
2026-04-22 06:00:00+00:00,0.09733
2026-04-22 06:15:00+00:00,0.07435
2026-04-22 06:30:00+00:00,0.07845999999999999
2026-04-22 06:45:00+00:00,0.11378
2026-04-22 07:00:00+00:00,0.24891
2026-04-22 07:15:00+00:00,0.11723
2026-04-22 07:30:00+00:00,0.02555
2026-04-22 07:45:00+00:00,0.08445
2026-04-22 08:00:00+00:00,0.13111
2026-04-22 08:15:00+00:00,-0.061700000000000005
2026-04-22 08:30:00+00:00,-0.19529
2026-04-22 08:45:00+00:00,0.10639
2026-04-22 09:00:00+00:00,0.40008
2026-04-22 09:15:00+00:00,0.02216
2026-04-22 09:30:00+00:00,0.00128
2026-04-22 09:45:00+00:00,-0.00226
2026-04-22 10:00:00+00:00,-0.0628
2026-04-22 10:15:00+00:00,-0.04036
2026-04-22 10:30:00+00:00,-0.037579999999999995
2026-04-22 10:45:00+00:00,0.00974
2026-04-22 11:00:00+00:00,0.02411
2026-04-22 11:15:00+00:00,-0.01943
2026-04-22 11:30:00+00:00,-0.02336
2026-04-22 11:45:00+00:00,-0.02499
2026-04-22 12:00:00+00:00,-0.02918
2026-04-22 12:15:00+00:00,-0.02897
2026-04-22 12:30:00+00:00,-0.02206
2026-04-22 12:45:00+00:00,-0.019280000000000002
2026-04-22 13:00:00+00:00,-0.03404
2026-04-22 13:15:00+00:00,-0.04401
2026-04-22 13:30:00+00:00,-0.02051
2026-04-22 13:45:00+00:00,-0.01414
2026-04-22 14:00:00+00:00,-0.038079999999999996
2026-04-22 14:15:00+00:00,-0.02429
2026-04-22 14:30:00+00:00,-0.02113
2026-04-22 14:45:00+00:00,-0.02112
2026-04-22 15:00:00+00:00,-0.22275
2026-04-22 15:15:00+00:00,-0.024550000000000002
2026-04-22 15:30:00+00:00,0.00044
2026-04-22 15:45:00+00:00,0.037880000000000004
2026-04-22 16:00:00+00:00,0.01103
2026-04-22 16:15:00+00:00,0.019579999999999997
2026-04-22 16:30:00+00:00,0.14687
2026-04-22 16:45:00+00:00,0.22116
2026-04-22 17:00:00+00:00,0.03909000000000001
2026-04-22 17:15:00+00:00,0.14347
2026-04-22 17:30:00+00:00,0.16699
2026-04-22 17:45:00+00:00,0.20579
2026-04-22 18:00:00+00:00,0.11598
2026-04-22 18:15:00+00:00,0.09978000000000001
2026-04-22 18:30:00+00:00,0.14851
2026-04-22 18:45:00+00:00,0.17026
2026-04-22 19:00:00+00:00,0.26009
2026-04-22 19:15:00+00:00,0.03372
2026-04-22 19:30:00+00:00,0.03352
2026-04-22 19:45:00+00:00,-0.01337
2026-04-22 20:00:00+00:00,0.03157
2026-04-22 20:15:00+00:00,0.039020000000000006
2026-04-22 20:30:00+00:00,0.09772
2026-04-22 20:45:00+00:00,0.05588
2026-04-22 21:00:00+00:00,0.052520000000000004
2026-04-22 21:15:00+00:00,0.05256
2026-04-22 21:30:00+00:00,0.09501000000000001
2026-04-22 21:45:00+00:00,0.08704
2026-04-22 22:00:00+00:00,0.1163
2026-04-22 22:15:00+00:00,0.12129999999999999
2026-04-22 22:30:00+00:00,0.11406999999999999
2026-04-22 22:45:00+00:00,0.11529
2026-04-22 23:00:00+00:00,0.1275
2026-04-22 23:15:00+00:00,0.1359
2026-04-22 23:30:00+00:00,0.14734999999999998
2026-04-22 23:45:00+00:00,0.14322
2026-04-23 00:00:00+00:00,0.14397
2026-04-23 00:15:00+00:00,0.13569
2026-04-23 00:30:00+00:00,0.14886000000000002
2026-04-23 00:45:00+00:00,0.16116999999999998
2026-04-23 01:00:00+00:00,0.07246999999999999
2026-04-23 01:15:00+00:00,0.10048
2026-04-23 01:30:00+00:00,0.11095000000000001
2026-04-23 01:45:00+00:00,0.12781
2026-04-23 02:00:00+00:00,0.12046
2026-04-23 02:15:00+00:00,0.1278
2026-04-23 02:30:00+00:00,0.14454
2026-04-23 02:45:00+00:00,0.10549
2026-04-23 03:00:00+00:00,0.11168
2026-04-23 03:15:00+00:00,0.13597
2026-04-23 03:30:00+00:00,0.13413999999999998
2026-04-23 03:45:00+00:00,0.14004
2026-04-23 04:00:00+00:00,0.13311
2026-04-23 04:15:00+00:00,0.16587000000000002
2026-04-23 04:30:00+00:00,0.17949
2026-04-23 04:45:00+00:00,0.16190000000000002
2026-04-23 05:00:00+00:00,0.11961
2026-04-23 05:15:00+00:00,0.0721
2026-04-23 05:30:00+00:00,0.06012
2026-04-23 05:45:00+00:00,0.07116
2026-04-23 06:00:00+00:00,0.07174
2026-04-23 06:15:00+00:00,0.047909999999999994
2026-04-23 06:30:00+00:00,-0.04388
2026-04-23 06:45:00+00:00,0.0152
2026-04-23 07:00:00+00:00,0.12183
2026-04-23 07:15:00+00:00,0.16586
2026-04-23 07:30:00+00:00,0.13611
2026-04-23 07:45:00+00:00,0.08733
2026-04-23 08:00:00+00:00,-0.01572
2026-04-23 08:15:00+00:00,-0.02773
2026-04-23 08:30:00+00:00,0.011300000000000001
2026-04-23 08:45:00+00:00,-0.00163
2026-04-23 09:00:00+00:00,-0.004849999999999999
2026-04-23 09:15:00+00:00,-0.0075899999999999995
2026-04-23 09:30:00+00:00,-0.01302
2026-04-23 09:45:00+00:00,-0.02101
2026-04-23 10:00:00+00:00,-0.0349
2026-04-23 10:15:00+00:00,0.00426
2026-04-23 10:30:00+00:00,0.0018
2026-04-23 10:45:00+00:00,-0.03415
2026-04-23 11:00:00+00:00,-0.01957
2026-04-23 11:15:00+00:00,-0.0513
2026-04-23 11:30:00+00:00,-0.04224
2026-04-23 11:45:00+00:00,-0.047450000000000006
2026-04-23 12:00:00+00:00,-0.03268
2026-04-23 12:15:00+00:00,-0.02594
2026-04-23 12:30:00+00:00,-0.027370000000000002
2026-04-23 12:45:00+00:00,-0.02355
2026-04-23 13:00:00+00:00,-0.02181
2026-04-23 13:15:00+00:00,-0.01968
2026-04-23 13:30:00+00:00,0.01117
2026-04-23 13:45:00+00:00,-0.01059
2026-04-23 14:00:00+00:00,-0.0065
2026-04-23 14:15:00+00:00,-0.00721
2026-04-23 14:30:00+00:00,-0.00872
2026-04-23 14:45:00+00:00,-0.01106
2026-04-23 15:00:00+00:00,-0.19366
2026-04-23 15:15:00+00:00,0.08552
2026-04-23 15:30:00+00:00,0.10295
2026-04-23 15:45:00+00:00,0.0070999999999999995
2026-04-23 16:00:00+00:00,0.12832
2026-04-23 16:15:00+00:00,0.13802
2026-04-23 16:30:00+00:00,0.08053
2026-04-23 16:45:00+00:00,0.03943
2026-04-23 17:00:00+00:00,0.13272
2026-04-23 17:15:00+00:00,0.14736000000000002
2026-04-23 17:30:00+00:00,0.14672
2026-04-23 17:45:00+00:00,0.18553999999999998
2026-04-23 18:00:00+00:00,0.42698
2026-04-23 18:15:00+00:00,0.13688
2026-04-23 18:30:00+00:00,0.10997
2026-04-23 18:45:00+00:00,0.12716
2026-04-23 19:00:00+00:00,0.05288
2026-04-23 19:15:00+00:00,0.04936
2026-04-23 19:30:00+00:00,0.0499
2026-04-23 19:45:00+00:00,0.10507999999999999
2026-04-23 20:00:00+00:00,0.14637
2026-04-23 20:15:00+00:00,0.13457
2026-04-23 20:30:00+00:00,0.12142
2026-04-23 20:45:00+00:00,0.13078
2026-04-23 21:00:00+00:00,0.1381
2026-04-23 21:15:00+00:00,0.11106
2026-04-23 21:30:00+00:00,0.13523
2026-04-23 21:45:00+00:00,0.06378
2026-04-23 22:00:00+00:00,0.08139
2026-04-23 22:15:00+00:00,0.05225
2026-04-23 22:30:00+00:00,0.04109
2026-04-23 22:45:00+00:00,0.0517
2026-04-23 23:00:00+00:00,0.08543
2026-04-23 23:15:00+00:00,0.08584
2026-04-23 23:30:00+00:00,0.05397
2026-04-23 23:45:00+00:00,0.05238
2026-04-24 00:00:00+00:00,0.045700000000000005
2026-04-24 00:15:00+00:00,0.06619
2026-04-24 00:30:00+00:00,0.06993
2026-04-24 00:45:00+00:00,0.09497
2026-04-24 01:00:00+00:00,0.08531
2026-04-24 01:15:00+00:00,0.09290999999999999
2026-04-24 01:30:00+00:00,0.07479999999999999
2026-04-24 01:45:00+00:00,0.06879
2026-04-24 02:00:00+00:00,0.05515
2026-04-24 02:15:00+00:00,0.03979
2026-04-24 02:30:00+00:00,0.0474
2026-04-24 02:45:00+00:00,0.07845999999999999
2026-04-24 03:00:00+00:00,0.05285
2026-04-24 03:15:00+00:00,0.03625
2026-04-24 03:30:00+00:00,0.10288
2026-04-24 03:45:00+00:00,0.10385
2026-04-24 04:00:00+00:00,0.13041999999999998
2026-04-24 04:15:00+00:00,0.15838
2026-04-24 04:30:00+00:00,0.16504
2026-04-24 04:45:00+00:00,0.17729
2026-04-24 05:00:00+00:00,0.1774
2026-04-24 05:15:00+00:00,0.20679
2026-04-24 05:30:00+00:00,0.1757
2026-04-24 05:45:00+00:00,0.13247
2026-04-24 06:00:00+00:00,0.11535
2026-04-24 06:15:00+00:00,0.11898
2026-04-24 06:30:00+00:00,0.11331000000000001
2026-04-24 06:45:00+00:00,0.10659
2026-04-24 07:00:00+00:00,0.13129
2026-04-24 07:15:00+00:00,0.13681000000000001
2026-04-24 07:30:00+00:00,0.17665999999999998
2026-04-24 07:45:00+00:00,0.17598
2026-04-24 08:00:00+00:00,0.01259
2026-04-24 08:15:00+00:00,0.0836
2026-04-24 08:30:00+00:00,0.054479999999999994
2026-04-24 08:45:00+00:00,-0.00538
2026-04-24 09:00:00+00:00,0.054799999999999995
2026-04-24 09:15:00+00:00,-0.00117
2026-04-24 09:30:00+00:00,0.055990000000000005
2026-04-24 09:45:00+00:00,0.00062
2026-04-24 10:00:00+00:00,-0.00061
2026-04-24 10:15:00+00:00,0.03596
2026-04-24 10:30:00+00:00,0.015960000000000002
2026-04-24 10:45:00+00:00,-0.008039999999999999
2026-04-24 11:00:00+00:00,-0.00145
2026-04-24 11:15:00+00:00,-0.00782
2026-04-24 11:30:00+00:00,-0.02142
2026-04-24 11:45:00+00:00,-0.023420000000000003
2026-04-24 12:00:00+00:00,-0.03374
2026-04-24 12:15:00+00:00,-0.023969999999999998
2026-04-24 12:30:00+00:00,-0.02068
2026-04-24 12:45:00+00:00,-0.02221
2026-04-24 13:00:00+00:00,0.00229
2026-04-24 13:15:00+00:00,-0.0156
2026-04-24 13:30:00+00:00,-0.01119
2026-04-24 13:45:00+00:00,-0.01196
2026-04-24 14:00:00+00:00,-0.00197
2026-04-24 14:15:00+00:00,-0.00561
2026-04-24 14:30:00+00:00,-0.00314
2026-04-24 14:45:00+00:00,0.08241
2026-04-24 15:00:00+00:00,0.04457
2026-04-24 15:15:00+00:00,0.12557
2026-04-24 15:30:00+00:00,0.010119999999999999
2026-04-24 15:45:00+00:00,0.011470000000000001
2026-04-24 16:00:00+00:00,-0.05511
2026-04-24 16:15:00+00:00,0.01095
2026-04-24 16:30:00+00:00,0.13656000000000001
2026-04-24 16:45:00+00:00,0.05485
2026-04-24 17:00:00+00:00,0.012
2026-04-24 17:15:00+00:00,0.1264
2026-04-24 17:30:00+00:00,0.11183
2026-04-24 17:45:00+00:00,0.11338
2026-04-24 18:00:00+00:00,0.01853
2026-04-24 18:15:00+00:00,0.0577
2026-04-24 18:30:00+00:00,0.09071
2026-04-24 18:45:00+00:00,0.14
2026-04-24 19:00:00+00:00,0.17887999999999998
2026-04-24 19:15:00+00:00,0.17724
2026-04-24 19:30:00+00:00,0.14052
2026-04-24 19:45:00+00:00,0.07006
2026-04-24 20:00:00+00:00,0.18843000000000001
2026-04-24 20:15:00+00:00,0.14409
2026-04-24 20:30:00+00:00,0.07036
2026-04-24 20:45:00+00:00,0.07831
2026-04-24 21:00:00+00:00,0.1124
2026-04-24 21:15:00+00:00,0.12743000000000002
2026-04-24 21:30:00+00:00,0.17754
2026-04-24 21:45:00+00:00,0.15944999999999998
2026-04-24 22:00:00+00:00,0.12612
2026-04-24 22:15:00+00:00,0.07757
2026-04-24 22:30:00+00:00,0.1011
2026-04-24 22:45:00+00:00,0.07481
2026-04-24 23:00:00+00:00,0.08874
2026-04-24 23:15:00+00:00,0.10299
2026-04-24 23:30:00+00:00,0.0876
2026-04-24 23:45:00+00:00,0.06909
2026-04-25 00:00:00+00:00,0.06963
2026-04-25 00:15:00+00:00,0.07501000000000001
2026-04-25 00:30:00+00:00,0.10801999999999999
2026-04-25 00:45:00+00:00,0.10199
2026-04-25 01:00:00+00:00,0.11466
2026-04-25 01:15:00+00:00,0.11389
2026-04-25 01:30:00+00:00,0.12850999999999999
2026-04-25 01:45:00+00:00,0.12207
2026-04-25 02:00:00+00:00,0.12915000000000001
2026-04-25 02:15:00+00:00,0.14736000000000002
2026-04-25 02:30:00+00:00,0.16319999999999998
2026-04-25 02:45:00+00:00,0.14168
2026-04-25 03:00:00+00:00,0.10624
2026-04-25 03:15:00+00:00,0.1164
2026-04-25 03:30:00+00:00,0.11717
2026-04-25 03:45:00+00:00,0.12041
2026-04-25 04:00:00+00:00,0.06401000000000001
2026-04-25 04:15:00+00:00,0.09026
2026-04-25 04:30:00+00:00,0.062490000000000004
2026-04-25 04:45:00+00:00,0.05914
2026-04-25 05:00:00+00:00,0.055159999999999994
2026-04-25 05:15:00+00:00,0.05328
2026-04-25 05:30:00+00:00,0.07961
2026-04-25 05:45:00+00:00,0.104
2026-04-25 06:00:00+00:00,0.12295
2026-04-25 06:15:00+00:00,0.032299999999999995
2026-04-25 06:30:00+00:00,0.06639
2026-04-25 06:45:00+00:00,0.00314
2026-04-25 07:00:00+00:00,0.09145
2026-04-25 07:15:00+00:00,0.06556000000000001
2026-04-25 07:30:00+00:00,0.02088
2026-04-25 07:45:00+00:00,0.02188
2026-04-25 08:00:00+00:00,0.14966
2026-04-25 08:15:00+00:00,0.00314
2026-04-25 08:30:00+00:00,-0.04219
2026-04-25 08:45:00+00:00,0.08209000000000001
2026-04-25 09:00:00+00:00,-0.019010000000000003
2026-04-25 09:15:00+00:00,0.10063
2026-04-25 09:30:00+00:00,-0.01704
2026-04-25 09:45:00+00:00,0.01319
2026-04-25 10:00:00+00:00,-0.08091
2026-04-25 10:15:00+00:00,-0.14165
2026-04-25 10:30:00+00:00,0.038520000000000006
2026-04-25 10:45:00+00:00,-0.08765
2026-04-25 11:00:00+00:00,-0.07288
2026-04-25 11:15:00+00:00,-0.10355
2026-04-25 11:30:00+00:00,-0.22623
2026-04-25 11:45:00+00:00,-0.39892
2026-04-25 12:00:00+00:00,-0.08279
2026-04-25 12:15:00+00:00,-0.09714
2026-04-25 12:30:00+00:00,-0.10969
2026-04-25 12:45:00+00:00,-0.10036
2026-04-25 13:00:00+00:00,-0.0974
2026-04-25 13:15:00+00:00,-0.0673
2026-04-25 13:30:00+00:00,-0.07809999999999999
2026-04-25 13:45:00+00:00,-0.037509999999999995
2026-04-25 14:00:00+00:00,-0.04678
2026-04-25 14:15:00+00:00,-0.037700000000000004
2026-04-25 14:30:00+00:00,-0.0175
2026-04-25 14:45:00+00:00,-0.01052
2026-04-25 15:00:00+00:00,-0.77179
2026-04-25 15:15:00+00:00,-0.13964
2026-04-25 15:30:00+00:00,0.00361
2026-04-25 15:45:00+00:00,0.053020000000000005
2026-04-25 16:00:00+00:00,-0.045649999999999996
2026-04-25 16:15:00+00:00,-4.52395
2026-04-25 16:30:00+00:00,-0.00782
2026-04-25 16:45:00+00:00,0.06075
2026-04-25 17:00:00+00:00,0.0927
2026-04-25 17:15:00+00:00,0.08606
2026-04-25 17:30:00+00:00,0.11352
2026-04-25 17:45:00+00:00,0.12822
2026-04-25 18:00:00+00:00,0.031920000000000004
2026-04-25 18:15:00+00:00,-0.02434
2026-04-25 18:30:00+00:00,-0.00709
2026-04-25 18:45:00+00:00,0.056420000000000005
2026-04-25 19:00:00+00:00,0.07236
2026-04-25 19:15:00+00:00,0.09026
2026-04-25 19:30:00+00:00,0.02271
2026-04-25 19:45:00+00:00,0.02682
2026-04-25 20:00:00+00:00,0.07679000000000001
2026-04-25 20:15:00+00:00,0.050140000000000004
2026-04-25 20:30:00+00:00,0.04278
2026-04-25 20:45:00+00:00,0.00867
2026-04-25 21:00:00+00:00,0.019870000000000002
2026-04-25 21:15:00+00:00,0.04069
2026-04-25 21:30:00+00:00,0.037149999999999996
2026-04-25 21:45:00+00:00,0.06291
2026-04-25 22:00:00+00:00,0.09472
2026-04-25 22:15:00+00:00,0.1162
2026-04-25 22:30:00+00:00,0.11475
2026-04-25 22:45:00+00:00,0.09831000000000001
2026-04-25 23:00:00+00:00,0.11034999999999999
2026-04-25 23:15:00+00:00,0.08965000000000001
2026-04-25 23:30:00+00:00,0.08239
2026-04-25 23:45:00+00:00,0.08308
2026-04-26 00:00:00+00:00,0.05198
2026-04-26 00:15:00+00:00,0.01713
2026-04-26 00:30:00+00:00,0.04642
2026-04-26 00:45:00+00:00,0.03427
2026-04-26 01:00:00+00:00,0.038259999999999995
2026-04-26 01:15:00+00:00,0.05257
2026-04-26 01:30:00+00:00,0.06075
2026-04-26 01:45:00+00:00,0.08315
2026-04-26 02:00:00+00:00,0.060020000000000004
2026-04-26 02:15:00+00:00,0.05627
2026-04-26 02:30:00+00:00,0.059179999999999996
2026-04-26 02:45:00+00:00,0.10217
2026-04-26 03:00:00+00:00,0.08802
2026-04-26 03:15:00+00:00,0.08467
2026-04-26 03:30:00+00:00,0.05325
2026-04-26 03:45:00+00:00,0.05866
2026-04-26 04:00:00+00:00,0.05596
2026-04-26 04:15:00+00:00,0.05929
2026-04-26 04:30:00+00:00,0.07033
2026-04-26 04:45:00+00:00,0.10487
2026-04-26 05:00:00+00:00,0.07941
2026-04-26 05:15:00+00:00,0.04936
2026-04-26 05:30:00+00:00,0.08721999999999999
2026-04-26 05:45:00+00:00,0.01325
2026-04-26 06:00:00+00:00,0.10539
2026-04-26 06:15:00+00:00,0.12179000000000001
2026-04-26 06:30:00+00:00,0.13763
2026-04-26 06:45:00+00:00,-0.00368
2026-04-26 07:00:00+00:00,0.02102
2026-04-26 07:15:00+00:00,0.00859
2026-04-26 07:30:00+00:00,0.00114
2026-04-26 07:45:00+00:00,-0.00574
2026-04-26 08:00:00+00:00,0.019170000000000003
2026-04-26 08:15:00+00:00,0.21121
2026-04-26 08:30:00+00:00,0.07112
2026-04-26 08:45:00+00:00,0.0877
2026-04-26 09:00:00+00:00,-0.00554
2026-04-26 09:15:00+00:00,-0.02293
2026-04-26 09:30:00+00:00,-0.10504000000000001
2026-04-26 09:45:00+00:00,-0.14063
2026-04-26 10:00:00+00:00,-0.11059000000000001
2026-04-26 10:15:00+00:00,-0.21493
2026-04-26 10:30:00+00:00,-0.23138
2026-04-26 10:45:00+00:00,-0.28412
2026-04-26 11:00:00+00:00,-0.34876999999999997
2026-04-26 11:15:00+00:00,-0.29099
2026-04-26 11:30:00+00:00,-0.42741
2026-04-26 11:45:00+00:00,-0.61146
2026-04-26 12:00:00+00:00,-0.60639
2026-04-26 12:15:00+00:00,-0.6500499999999999
2026-04-26 12:30:00+00:00,-0.5631900000000001
2026-04-26 12:45:00+00:00,-0.62773
2026-04-26 13:00:00+00:00,-0.35588
2026-04-26 13:15:00+00:00,-0.19000999999999998
2026-04-26 13:30:00+00:00,-0.11884
2026-04-26 13:45:00+00:00,-0.08459
2026-04-26 14:00:00+00:00,-0.09820999999999999
2026-04-26 14:15:00+00:00,-0.056549999999999996
2026-04-26 14:30:00+00:00,-0.0157
2026-04-26 14:45:00+00:00,-0.02291
2026-04-26 15:00:00+00:00,0.00157
2026-04-26 15:15:00+00:00,-0.031059999999999997
2026-04-26 15:30:00+00:00,-0.01584
2026-04-26 15:45:00+00:00,-0.0538
2026-04-26 16:00:00+00:00,-0.011980000000000001
2026-04-26 16:15:00+00:00,0.1787
2026-04-26 16:30:00+00:00,0.07564
2026-04-26 16:45:00+00:00,0.0888
2026-04-26 17:00:00+00:00,0.08197
2026-04-26 17:15:00+00:00,0.12340000000000001
2026-04-26 17:30:00+00:00,0.14338
2026-04-26 17:45:00+00:00,0.15272
2026-04-26 18:00:00+00:00,0.15785
2026-04-26 18:15:00+00:00,0.17845
2026-04-26 18:30:00+00:00,0.16005
2026-04-26 18:45:00+00:00,0.17021
2026-04-26 19:00:00+00:00,0.16663999999999998
2026-04-26 19:15:00+00:00,0.11574
2026-04-26 19:30:00+00:00,0.10403
2026-04-26 19:45:00+00:00,0.14038
2026-04-26 20:00:00+00:00,0.11167
2026-04-26 20:15:00+00:00,0.13616
2026-04-26 20:30:00+00:00,0.12841999999999998
2026-04-26 20:45:00+00:00,0.12395999999999999
2026-04-26 21:00:00+00:00,0.14969
2026-04-26 21:15:00+00:00,0.16398
2026-04-26 21:30:00+00:00,0.095
2026-04-26 21:45:00+00:00,0.09451999999999999
2026-04-26 22:00:00+00:00,0.11946999999999999
2026-04-26 22:15:00+00:00,0.15418
2026-04-26 22:30:00+00:00,0.14202
2026-04-26 22:45:00+00:00,0.11402
2026-04-26 23:00:00+00:00,0.09403
2026-04-26 23:15:00+00:00,0.08903
2026-04-26 23:30:00+00:00,0.10961
2026-04-26 23:45:00+00:00,0.09537000000000001
2026-04-27 00:00:00+00:00,0.09778
2026-04-27 00:15:00+00:00,0.11204
2026-04-27 00:30:00+00:00,0.09942000000000001
2026-04-27 00:45:00+00:00,0.11294
2026-04-27 01:00:00+00:00,0.1151
2026-04-27 01:15:00+00:00,0.125
2026-04-27 01:30:00+00:00,0.13257
2026-04-27 01:45:00+00:00,0.14994
2026-04-27 02:00:00+00:00,0.12001
2026-04-27 02:15:00+00:00,0.13605
2026-04-27 02:30:00+00:00,0.133
2026-04-27 02:45:00+00:00,0.13631000000000001
2026-04-27 03:00:00+00:00,0.13976
2026-04-27 03:15:00+00:00,0.16196000000000002
2026-04-27 03:30:00+00:00,0.1756
2026-04-27 03:45:00+00:00,0.14971
2026-04-27 04:00:00+00:00,0.09636
2026-04-27 04:15:00+00:00,0.14046
2026-04-27 04:30:00+00:00,0.1141
2026-04-27 04:45:00+00:00,0.09962
2026-04-27 05:00:00+00:00,0.09418000000000001
2026-04-27 05:15:00+00:00,0.05657
2026-04-27 05:30:00+00:00,0.05486
2026-04-27 05:45:00+00:00,0.04714
2026-04-27 06:00:00+00:00,0.09278
2026-04-27 06:15:00+00:00,0.040170000000000004
2026-04-27 06:30:00+00:00,0.03537
2026-04-27 06:45:00+00:00,0.020649999999999998
2026-04-27 07:00:00+00:00,0.039659999999999994
2026-04-27 07:15:00+00:00,0.01048
2026-04-27 07:30:00+00:00,0.03382
2026-04-27 07:45:00+00:00,0.07676000000000001
2026-04-27 08:00:00+00:00,0.12738
2026-04-27 08:15:00+00:00,0.01754
2026-04-27 08:30:00+00:00,0.05203
2026-04-27 08:45:00+00:00,0.13684000000000002
2026-04-27 09:00:00+00:00,0.02673
2026-04-27 09:15:00+00:00,-0.00411
2026-04-27 09:30:00+00:00,-0.00858
2026-04-27 09:45:00+00:00,-0.01383
2026-04-27 10:00:00+00:00,-0.01745
2026-04-27 10:15:00+00:00,-0.045509999999999995
2026-04-27 10:30:00+00:00,-0.035840000000000004
2026-04-27 10:45:00+00:00,-0.06021
2026-04-27 11:00:00+00:00,0.00163
2026-04-27 11:15:00+00:00,-0.011
2026-04-27 11:30:00+00:00,-0.01566
2026-04-27 11:45:00+00:00,-0.00604
2026-04-27 12:00:00+00:00,0.0026
2026-04-27 12:15:00+00:00,-0.00715
2026-04-27 12:30:00+00:00,-0.00878
2026-04-27 12:45:00+00:00,-0.02623
2026-04-27 13:00:00+00:00,-0.039850000000000003
2026-04-27 13:15:00+00:00,-0.03639
2026-04-27 13:30:00+00:00,-0.03890999999999999
2026-04-27 13:45:00+00:00,-0.020730000000000002
2026-04-27 14:00:00+00:00,-0.01262
2026-04-27 14:15:00+00:00,-0.00212
2026-04-27 14:30:00+00:00,0.02221
2026-04-27 14:45:00+00:00,0.03423
2026-04-27 15:00:00+00:00,0.12344
2026-04-27 15:15:00+00:00,0.13523
2026-04-27 15:30:00+00:00,0.09186
2026-04-27 15:45:00+00:00,0.09162000000000001
2026-04-27 16:00:00+00:00,0.05672
2026-04-27 16:15:00+00:00,0.040670000000000005
2026-04-27 16:30:00+00:00,0.08029
2026-04-27 16:45:00+00:00,0.12117
2026-04-27 17:00:00+00:00,0.06569
2026-04-27 17:15:00+00:00,0.07728
2026-04-27 17:30:00+00:00,0.11499
2026-04-27 17:45:00+00:00,0.11328
2026-04-27 18:00:00+00:00,0.10296999999999999
2026-04-27 18:15:00+00:00,0.10993
2026-04-27 18:30:00+00:00,0.11779
2026-04-27 18:45:00+00:00,0.1226
2026-04-27 19:00:00+00:00,0.21752000000000002
2026-04-27 19:15:00+00:00,0.056850000000000005
2026-04-27 19:30:00+00:00,0.06242
2026-04-27 19:45:00+00:00,0.06033
2026-04-27 20:00:00+00:00,0.07585
2026-04-27 20:15:00+00:00,0.12423999999999999
2026-04-27 20:30:00+00:00,0.08117
2026-04-27 20:45:00+00:00,0.08218
2026-04-27 21:00:00+00:00,0.10228
2026-04-27 21:15:00+00:00,0.08916
2026-04-27 21:30:00+00:00,0.09342
2026-04-27 21:45:00+00:00,0.05564
2026-04-27 22:00:00+00:00,0.10773999999999999
2026-04-27 22:15:00+00:00,0.10167
2026-04-27 22:30:00+00:00,0.12401000000000001
2026-04-27 22:45:00+00:00,0.11122
2026-04-27 23:00:00+00:00,0.14003
2026-04-27 23:15:00+00:00,0.12118000000000001
2026-04-27 23:30:00+00:00,0.09004999999999999
2026-04-27 23:45:00+00:00,0.12004000000000001
2026-04-28 00:00:00+00:00,0.10618999999999999
2026-04-28 00:15:00+00:00,0.11422
2026-04-28 00:30:00+00:00,0.12364
2026-04-28 00:45:00+00:00,0.12729000000000001
2026-04-28 01:00:00+00:00,0.09523999999999999
2026-04-28 01:15:00+00:00,0.09545999999999999
2026-04-28 01:30:00+00:00,0.09420999999999999
2026-04-28 01:45:00+00:00,0.09245
2026-04-28 02:00:00+00:00,0.07328
2026-04-28 02:15:00+00:00,0.06559999999999999
2026-04-28 02:30:00+00:00,0.07784
2026-04-28 02:45:00+00:00,0.08059000000000001
2026-04-28 03:00:00+00:00,0.07231
2026-04-28 03:15:00+00:00,0.06452
2026-04-28 03:30:00+00:00,0.046509999999999996
2026-04-28 03:45:00+00:00,0.03909000000000001
2026-04-28 04:00:00+00:00,0.06197999999999999
2026-04-28 04:15:00+00:00,0.05294
2026-04-28 04:30:00+00:00,0.0616
2026-04-28 04:45:00+00:00,0.10204
2026-04-28 05:00:00+00:00,0.12163
2026-04-28 05:15:00+00:00,0.13046000000000002
2026-04-28 05:30:00+00:00,0.10811
2026-04-28 05:45:00+00:00,0.10011
2026-04-28 06:00:00+00:00,0.09614
2026-04-28 06:15:00+00:00,0.13035
2026-04-28 06:30:00+00:00,0.03521
2026-04-28 06:45:00+00:00,0.05718
2026-04-28 07:00:00+00:00,0.04356
2026-04-28 07:15:00+00:00,-0.00788
2026-04-28 07:30:00+00:00,-0.00877
2026-04-28 07:45:00+00:00,-0.012199999999999999
2026-04-28 08:00:00+00:00,-0.0229
2026-04-28 08:15:00+00:00,-0.02117
2026-04-28 08:30:00+00:00,-0.037090000000000005
2026-04-28 08:45:00+00:00,-0.01661
2026-04-28 09:00:00+00:00,0.12526
2026-04-28 09:15:00+00:00,0.00228
2026-04-28 09:30:00+00:00,0.045869999999999994
2026-04-28 09:45:00+00:00,0.004719999999999999
2026-04-28 10:00:00+00:00,0.06962
2026-04-28 10:15:00+00:00,-0.005690000000000001
2026-04-28 10:30:00+00:00,-0.00321
2026-04-28 10:45:00+00:00,-0.00808
2026-04-28 11:00:00+00:00,-0.01319
2026-04-28 11:15:00+00:00,-0.00221
2026-04-28 11:30:00+00:00,-0.00643
2026-04-28 11:45:00+00:00,0.004030000000000001
2026-04-28 12:00:00+00:00,-0.004
2026-04-28 12:15:00+00:00,-0.01025
2026-04-28 12:30:00+00:00,-0.008289999999999999
2026-04-28 12:45:00+00:00,-0.011130000000000001
2026-04-28 13:00:00+00:00,0.0052
2026-04-28 13:15:00+00:00,-0.05105
2026-04-28 13:30:00+00:00,-0.00594
2026-04-28 13:45:00+00:00,-2.9999999999999997e-05
2026-04-28 14:00:00+00:00,0.00817
2026-04-28 14:15:00+00:00,0.010199999999999999
2026-04-28 14:30:00+00:00,-0.01402
2026-04-28 14:45:00+00:00,0.014
2026-04-28 15:00:00+00:00,0.00067
2026-04-28 15:15:00+00:00,0.03177
2026-04-28 15:30:00+00:00,0.08712
2026-04-28 15:45:00+00:00,0.00422
2026-04-28 16:00:00+00:00,0.09809
2026-04-28 16:15:00+00:00,0.12140999999999999
2026-04-28 16:30:00+00:00,0.12059
2026-04-28 16:45:00+00:00,0.11827
2026-04-28 17:00:00+00:00,0.11313
2026-04-28 17:15:00+00:00,0.11838
2026-04-28 17:30:00+00:00,0.12619
2026-04-28 17:45:00+00:00,0.15336000000000002
2026-04-28 18:00:00+00:00,0.15247999999999998
2026-04-28 18:15:00+00:00,0.13846
2026-04-28 18:30:00+00:00,0.04025
2026-04-28 18:45:00+00:00,0.0596
2026-04-28 19:00:00+00:00,0.10489
2026-04-28 19:15:00+00:00,0.09709000000000001
2026-04-28 19:30:00+00:00,0.11718
2026-04-28 19:45:00+00:00,0.07326
2026-04-28 20:00:00+00:00,0.10725
2026-04-28 20:15:00+00:00,0.11556
2026-04-28 20:30:00+00:00,0.07734999999999999
2026-04-28 20:45:00+00:00,0.06844
2026-04-28 21:00:00+00:00,0.09964
2026-04-28 21:15:00+00:00,0.10145
2026-04-28 21:30:00+00:00,0.10359
2026-04-28 21:45:00+00:00,0.08387
2026-04-28 22:00:00+00:00,0.10128
2026-04-28 22:15:00+00:00,0.05937
2026-04-28 22:30:00+00:00,0.10049
2026-04-28 22:45:00+00:00,0.07956999999999999
2026-04-28 23:00:00+00:00,0.13625
2026-04-28 23:15:00+00:00,0.07762000000000001
2026-04-28 23:30:00+00:00,0.08859
2026-04-28 23:45:00+00:00,0.08721999999999999
2026-04-29 00:00:00+00:00,0.05393
2026-04-29 00:15:00+00:00,0.04107
2026-04-29 00:30:00+00:00,0.05428
2026-04-29 00:45:00+00:00,0.07106
2026-04-29 01:00:00+00:00,0.07773999999999999
2026-04-29 01:15:00+00:00,0.08904000000000001
2026-04-29 01:30:00+00:00,0.08508
2026-04-29 01:45:00+00:00,0.09677
2026-04-29 02:00:00+00:00,0.09345999999999999
2026-04-29 02:15:00+00:00,0.06994
2026-04-29 02:30:00+00:00,0.07797
2026-04-29 02:45:00+00:00,0.06684
2026-04-29 03:00:00+00:00,0.06118
2026-04-29 03:15:00+00:00,0.05038
2026-04-29 03:30:00+00:00,0.08561
2026-04-29 03:45:00+00:00,0.09885
2026-04-29 04:00:00+00:00,0.05875
2026-04-29 04:15:00+00:00,0.09545000000000001
2026-04-29 04:30:00+00:00,0.12461
2026-04-29 04:45:00+00:00,0.16221000000000002
2026-04-29 05:00:00+00:00,0.28146
2026-04-29 05:15:00+00:00,0.31895
2026-04-29 05:30:00+00:00,0.25725
2026-04-29 05:45:00+00:00,0.13399
2026-04-29 06:00:00+00:00,0.19744
2026-04-29 06:15:00+00:00,0.25833999999999996
2026-04-29 06:30:00+00:00,0.2216
2026-04-29 06:45:00+00:00,0.0005200000000000001
2026-04-29 07:00:00+00:00,0.04804
2026-04-29 07:15:00+00:00,0.13158
2026-04-29 07:30:00+00:00,0.020989999999999998
2026-04-29 07:45:00+00:00,0.00232
2026-04-29 08:00:00+00:00,-0.0009599999999999999
2026-04-29 08:15:00+00:00,-0.01593
2026-04-29 08:30:00+00:00,-0.00302
2026-04-29 08:45:00+00:00,-0.01957
2026-04-29 09:00:00+00:00,-0.022109999999999998
2026-04-29 09:15:00+00:00,0.1212
2026-04-29 09:30:00+00:00,-0.00227
2026-04-29 09:45:00+00:00,-0.01262
2026-04-29 10:00:00+00:00,0.00232
2026-04-29 10:15:00+00:00,0.031760000000000004
2026-04-29 10:30:00+00:00,-0.0841
2026-04-29 10:45:00+00:00,0.02409
2026-04-29 11:00:00+00:00,-0.01102
2026-04-29 11:15:00+00:00,0.01436
2026-04-29 11:30:00+00:00,-0.01844
2026-04-29 11:45:00+00:00,-0.01988
2026-04-29 12:00:00+00:00,-0.00315
2026-04-29 12:15:00+00:00,0.00023999999999999998
2026-04-29 12:30:00+00:00,-0.01028
2026-04-29 12:45:00+00:00,-0.0081
2026-04-29 13:00:00+00:00,0.00033
2026-04-29 13:15:00+00:00,-0.00375
2026-04-29 13:30:00+00:00,-0.00439
2026-04-29 13:45:00+00:00,0.00281
2026-04-29 14:00:00+00:00,0.00344
2026-04-29 14:15:00+00:00,0.0025800000000000003
2026-04-29 14:30:00+00:00,0.01682
2026-04-29 14:45:00+00:00,-0.0012
2026-04-29 15:00:00+00:00,0.013699999999999999
2026-04-29 15:15:00+00:00,0.10790000000000001
2026-04-29 15:30:00+00:00,0.08389
2026-04-29 15:45:00+00:00,0.08075
2026-04-29 16:00:00+00:00,0.11427
2026-04-29 16:15:00+00:00,0.12583
2026-04-29 16:30:00+00:00,0.15039
2026-04-29 16:45:00+00:00,0.11486
2026-04-29 17:00:00+00:00,0.08554
2026-04-29 17:15:00+00:00,0.10464
2026-04-29 17:30:00+00:00,0.15763
2026-04-29 17:45:00+00:00,0.20246
2026-04-29 18:00:00+00:00,0.24443
2026-04-29 18:15:00+00:00,0.38206
2026-04-29 18:30:00+00:00,0.13056
2026-04-29 18:45:00+00:00,0.14864
2026-04-29 19:00:00+00:00,0.15066
2026-04-29 19:15:00+00:00,0.15384
2026-04-29 19:30:00+00:00,0.15563
2026-04-29 19:45:00+00:00,0.13386
2026-04-29 20:00:00+00:00,0.17324
2026-04-29 20:15:00+00:00,0.0984
2026-04-29 20:30:00+00:00,0.09801
2026-04-29 20:45:00+00:00,0.12525
2026-04-29 21:00:00+00:00,0.1119
2026-04-29 21:15:00+00:00,0.14353
2026-04-29 21:30:00+00:00,0.11493
2026-04-29 21:45:00+00:00,0.10773
2026-04-29 22:00:00+00:00,0.13874
2026-04-29 22:15:00+00:00,0.14261000000000001
2026-04-29 22:30:00+00:00,0.14178
2026-04-29 22:45:00+00:00,0.10890000000000001
2026-04-29 23:00:00+00:00,0.10635
2026-04-29 23:15:00+00:00,0.09476000000000001
2026-04-29 23:30:00+00:00,0.09625
2026-04-29 23:45:00+00:00,0.0878
2026-04-30 00:00:00+00:00,0.10106
2026-04-30 00:15:00+00:00,0.11328
2026-04-30 00:30:00+00:00,0.12029000000000001
2026-04-30 00:45:00+00:00,0.14214
2026-04-30 01:00:00+00:00,0.13466999999999998
2026-04-30 01:15:00+00:00,0.14879
2026-04-30 01:30:00+00:00,0.15653
2026-04-30 01:45:00+00:00,0.14136
2026-04-30 02:00:00+00:00,0.11395999999999999
2026-04-30 02:15:00+00:00,0.10107
2026-04-30 02:30:00+00:00,0.1129
2026-04-30 02:45:00+00:00,0.13133
2026-04-30 03:00:00+00:00,0.15969999999999998
2026-04-30 03:15:00+00:00,0.16656
2026-04-30 03:30:00+00:00,0.17893
2026-04-30 03:45:00+00:00,0.17125
2026-04-30 04:00:00+00:00,0.16132
2026-04-30 04:15:00+00:00,0.17191
2026-04-30 04:30:00+00:00,0.18211000000000002
2026-04-30 04:45:00+00:00,0.1749
2026-04-30 05:00:00+00:00,0.12315000000000001
2026-04-30 05:15:00+00:00,0.20331
2026-04-30 05:30:00+00:00,0.19594999999999999
2026-04-30 05:45:00+00:00,0.22047
2026-04-30 06:00:00+00:00,0.37154000000000004
2026-04-30 06:15:00+00:00,0.11216
2026-04-30 06:30:00+00:00,0.09356
2026-04-30 06:45:00+00:00,0.08939
2026-04-30 07:00:00+00:00,0.13721
2026-04-30 07:15:00+00:00,0.00985
2026-04-30 07:30:00+00:00,0.009349999999999999
2026-04-30 07:45:00+00:00,-0.00498
2026-04-30 08:00:00+00:00,0.01873
2026-04-30 08:15:00+00:00,0.01231
2026-04-30 08:30:00+00:00,0.01134
2026-04-30 08:45:00+00:00,0.0028599999999999997
2026-04-30 09:00:00+00:00,0.07017
2026-04-30 09:15:00+00:00,0.00562
2026-04-30 09:30:00+00:00,0.00453
2026-04-30 09:45:00+00:00,0.00346
2026-04-30 10:00:00+00:00,-0.0025099999999999996
2026-04-30 10:15:00+00:00,0.00511
2026-04-30 10:30:00+00:00,-0.00418
2026-04-30 10:45:00+00:00,-0.0041600000000000005
2026-04-30 11:00:00+00:00,0.00916
2026-04-30 11:15:00+00:00,0.01778
2026-04-30 11:30:00+00:00,-0.01011
2026-04-30 11:45:00+00:00,-0.00471
2026-04-30 12:00:00+00:00,-0.0037400000000000003
2026-04-30 12:15:00+00:00,0.015519999999999999
2026-04-30 12:30:00+00:00,0.01657
2026-04-30 12:45:00+00:00,-0.0057
2026-04-30 13:00:00+00:00,0.00221
2026-04-30 13:15:00+00:00,0.0062900000000000005
2026-04-30 13:30:00+00:00,0.030100000000000002
2026-04-30 13:45:00+00:00,-0.00726
2026-04-30 14:00:00+00:00,-0.01059
2026-04-30 14:15:00+00:00,0.020980000000000002
2026-04-30 14:30:00+00:00,0.03048
2026-04-30 14:45:00+00:00,0.12225
2026-04-30 15:00:00+00:00,0.05468
2026-04-30 15:15:00+00:00,0.00273
2026-04-30 15:30:00+00:00,-0.026969999999999997
2026-04-30 15:45:00+00:00,0.00954
2026-04-30 16:00:00+00:00,0.05602
2026-04-30 16:15:00+00:00,0.04247
2026-04-30 16:30:00+00:00,-0.03227
2026-04-30 16:45:00+00:00,0.046479999999999994
2026-04-30 17:00:00+00:00,0.08443
2026-04-30 17:15:00+00:00,0.13672
2026-04-30 17:30:00+00:00,0.154
2026-04-30 17:45:00+00:00,0.28847
2026-04-30 18:00:00+00:00,0.12724
2026-04-30 18:15:00+00:00,0.17890999999999999
2026-04-30 18:30:00+00:00,0.11834
2026-04-30 18:45:00+00:00,0.12526
2026-04-30 19:00:00+00:00,0.10173
2026-04-30 19:15:00+00:00,0.33864
2026-04-30 19:30:00+00:00,0.09714
2026-04-30 19:45:00+00:00,0.06584000000000001
2026-04-30 20:00:00+00:00,0.07634
2026-04-30 20:15:00+00:00,0.06933
2026-04-30 20:30:00+00:00,0.08103
2026-04-30 20:45:00+00:00,0.06836
2026-04-30 21:00:00+00:00,0.08436
2026-04-30 21:15:00+00:00,0.060759999999999995
2026-04-30 21:30:00+00:00,0.06453
2026-04-30 21:45:00+00:00,0.06848
2026-04-30 22:00:00+00:00,0.12273
2026-04-30 22:15:00+00:00,0.10108
2026-04-30 22:30:00+00:00,0.11131
2026-04-30 22:45:00+00:00,0.11023000000000001
2026-04-30 23:00:00+00:00,0.12498999999999999
2026-04-30 23:15:00+00:00,0.09477
2026-04-30 23:30:00+00:00,0.07367
2026-04-30 23:45:00+00:00,0.06731000000000001
2026-05-01 00:00:00+00:00,0.07403
2026-05-01 00:15:00+00:00,0.12837
2026-05-01 00:30:00+00:00,0.12608
2026-05-01 00:45:00+00:00,0.12187
2026-05-01 01:00:00+00:00,0.12140999999999999
2026-05-01 01:15:00+00:00,0.09727
2026-05-01 01:30:00+00:00,0.12952000000000002
2026-05-01 01:45:00+00:00,0.11907999999999999
2026-05-01 02:00:00+00:00,0.10387
2026-05-01 02:15:00+00:00,0.07518000000000001
2026-05-01 02:30:00+00:00,0.10911
2026-05-01 02:45:00+00:00,0.10579999999999999
2026-05-01 03:00:00+00:00,0.10947
2026-05-01 03:15:00+00:00,0.10687
2026-05-01 03:30:00+00:00,0.10681
2026-05-01 03:45:00+00:00,0.10703
2026-05-01 04:00:00+00:00,0.12002
2026-05-01 04:15:00+00:00,0.09526000000000001
2026-05-01 04:30:00+00:00,0.12902000000000002
2026-05-01 04:45:00+00:00,0.08627
2026-05-01 05:00:00+00:00,0.038979999999999994
2026-05-01 05:15:00+00:00,-0.00261
2026-05-01 05:30:00+00:00,0.02334
2026-05-01 05:45:00+00:00,0.01443
2026-05-01 06:00:00+00:00,0.0394
2026-05-01 06:15:00+00:00,0.10235999999999999
2026-05-01 06:30:00+00:00,0.00877
2026-05-01 06:45:00+00:00,0.0035299999999999997
2026-05-01 07:00:00+00:00,0.22909000000000002
2026-05-01 07:15:00+00:00,0.10069
2026-05-01 07:30:00+00:00,0.09703
2026-05-01 07:45:00+00:00,0.00428
2026-05-01 08:00:00+00:00,-0.00866
2026-05-01 08:15:00+00:00,-0.0071200000000000005
2026-05-01 08:30:00+00:00,-0.016390000000000002
2026-05-01 08:45:00+00:00,0.01039
2026-05-01 09:00:00+00:00,-0.01097
2026-05-01 09:15:00+00:00,-0.01796
2026-05-01 09:30:00+00:00,-0.03132
2026-05-01 09:45:00+00:00,-0.10004
2026-05-01 10:00:00+00:00,-0.12376999999999999
2026-05-01 10:15:00+00:00,-0.13488
2026-05-01 10:30:00+00:00,-0.13440000000000002
2026-05-01 10:45:00+00:00,-0.20648
2026-05-01 11:00:00+00:00,-0.18886
2026-05-01 11:15:00+00:00,-0.20605
2026-05-01 11:30:00+00:00,-0.33485000000000004
2026-05-01 11:45:00+00:00,-0.84853
2026-05-01 12:00:00+00:00,-0.02847
2026-05-01 12:15:00+00:00,-0.39427
2026-05-01 12:30:00+00:00,-0.22299000000000002
2026-05-01 12:45:00+00:00,-0.18453
2026-05-01 13:00:00+00:00,-0.18081
2026-05-01 13:15:00+00:00,-0.19813999999999998
2026-05-01 13:30:00+00:00,-0.05945
2026-05-01 13:45:00+00:00,-0.04086
2026-05-01 14:00:00+00:00,-0.008289999999999999
2026-05-01 14:15:00+00:00,0.00817
2026-05-01 14:30:00+00:00,-0.016329999999999997
2026-05-01 14:45:00+00:00,-0.03055
2026-05-01 15:00:00+00:00,0.08097
2026-05-01 15:15:00+00:00,-0.009460000000000001
2026-05-01 15:30:00+00:00,-0.16225
2026-05-01 15:45:00+00:00,-0.01332
2026-05-01 16:00:00+00:00,0.0022400000000000002
2026-05-01 16:15:00+00:00,0.04958
2026-05-01 16:30:00+00:00,0.0407
2026-05-01 16:45:00+00:00,0.08055
2026-05-01 17:00:00+00:00,0.02417
2026-05-01 17:15:00+00:00,0.05884
2026-05-01 17:30:00+00:00,0.09794
2026-05-01 17:45:00+00:00,0.2516
2026-05-01 18:00:00+00:00,0.35473000000000005
2026-05-01 18:15:00+00:00,0.44994
2026-05-01 18:30:00+00:00,0.22952
2026-05-01 18:45:00+00:00,0.28512
2026-05-01 19:00:00+00:00,0.87424
2026-05-01 19:15:00+00:00,2.16255
2026-05-01 19:30:00+00:00,2.69286
2026-05-01 19:45:00+00:00,0.22909000000000002
2026-05-01 20:00:00+00:00,0.16526
2026-05-01 20:15:00+00:00,0.12929
2026-05-01 20:30:00+00:00,0.081
2026-05-01 20:45:00+00:00,0.16954
2026-05-01 21:00:00+00:00,0.11106
2026-05-01 21:15:00+00:00,0.09906000000000001
2026-05-01 21:30:00+00:00,0.08416
2026-05-01 21:45:00+00:00,0.08918999999999999
2026-05-01 22:00:00+00:00,0.053840000000000006
2026-05-01 22:15:00+00:00,0.05168
2026-05-01 22:30:00+00:00,0.07665000000000001
2026-05-01 22:45:00+00:00,0.08324
2026-05-01 23:00:00+00:00,0.128
2026-05-01 23:15:00+00:00,0.09009
2026-05-01 23:30:00+00:00,0.08787
2026-05-01 23:45:00+00:00,0.0689
2026-05-02 00:00:00+00:00,0.06868
2026-05-02 00:15:00+00:00,0.08731
2026-05-02 00:30:00+00:00,0.0868
2026-05-02 00:45:00+00:00,0.09462000000000001
2026-05-02 01:00:00+00:00,0.13127
2026-05-02 01:15:00+00:00,0.13044
2026-05-02 01:30:00+00:00,0.13363999999999998
2026-05-02 01:45:00+00:00,0.13179
2026-05-02 02:00:00+00:00,0.12437999999999999
2026-05-02 02:15:00+00:00,0.1019
2026-05-02 02:30:00+00:00,0.08056999999999999
2026-05-02 02:45:00+00:00,0.11195000000000001
2026-05-02 03:00:00+00:00,0.08904000000000001
2026-05-02 03:15:00+00:00,0.10674
2026-05-02 03:30:00+00:00,0.0819
2026-05-02 03:45:00+00:00,0.078
2026-05-02 04:00:00+00:00,0.06559000000000001
2026-05-02 04:15:00+00:00,0.06951
2026-05-02 04:30:00+00:00,0.07175
2026-05-02 04:45:00+00:00,0.062020000000000006
2026-05-02 05:00:00+00:00,0.02225
2026-05-02 05:15:00+00:00,0.01462
2026-05-02 05:30:00+00:00,0.023
2026-05-02 05:45:00+00:00,0.00107
2026-05-02 06:00:00+00:00,0.007549999999999999
2026-05-02 06:15:00+00:00,5e-05
2026-05-02 06:30:00+00:00,0.01617
2026-05-02 06:45:00+00:00,0.015470000000000001
2026-05-02 07:00:00+00:00,0.11416
2026-05-02 07:15:00+00:00,0.01293
2026-05-02 07:30:00+00:00,0.0008900000000000001
2026-05-02 07:45:00+00:00,-0.02605
2026-05-02 08:00:00+00:00,-0.0022400000000000002
2026-05-02 08:15:00+00:00,-0.0015
2026-05-02 08:30:00+00:00,-0.00445
2026-05-02 08:45:00+00:00,-0.01084
2026-05-02 09:00:00+00:00,0.00082
2026-05-02 09:15:00+00:00,-0.0038599999999999997
2026-05-02 09:30:00+00:00,-0.00468
2026-05-02 09:45:00+00:00,-0.018969999999999997
2026-05-02 10:00:00+00:00,-0.02962
2026-05-02 10:15:00+00:00,-0.028329999999999998
2026-05-02 10:30:00+00:00,-0.03392
2026-05-02 10:45:00+00:00,-0.06211
2026-05-02 11:00:00+00:00,-0.02996
2026-05-02 11:15:00+00:00,-0.048659999999999995
2026-05-02 11:30:00+00:00,-0.04924
2026-05-02 11:45:00+00:00,-0.05937
2026-05-02 12:00:00+00:00,-0.01148
2026-05-02 12:15:00+00:00,-0.012320000000000001
2026-05-02 12:30:00+00:00,-0.011380000000000001
2026-05-02 12:45:00+00:00,-0.00321
2026-05-02 13:00:00+00:00,-0.019530000000000002
2026-05-02 13:15:00+00:00,-0.012029999999999999
2026-05-02 13:30:00+00:00,-0.013349999999999999
2026-05-02 13:45:00+00:00,0.0023
2026-05-02 14:00:00+00:00,-0.042
2026-05-02 14:15:00+00:00,-0.00268
2026-05-02 14:30:00+00:00,-0.03748
2026-05-02 14:45:00+00:00,-0.01114
2026-05-02 15:00:00+00:00,-0.02451
2026-05-02 15:15:00+00:00,-0.01952
2026-05-02 15:30:00+00:00,-0.009970000000000001
2026-05-02 15:45:00+00:00,-0.00312
2026-05-02 16:00:00+00:00,0.15683000000000002
2026-05-02 16:15:00+00:00,0.15519999999999998
2026-05-02 16:30:00+00:00,0.06552
2026-05-02 16:45:00+00:00,0.05818
2026-05-02 17:00:00+00:00,0.05808
2026-05-02 17:15:00+00:00,0.07496
2026-05-02 17:30:00+00:00,0.10767
2026-05-02 17:45:00+00:00,0.12528
2026-05-02 18:00:00+00:00,0.09663
2026-05-02 18:15:00+00:00,0.12719
2026-05-02 18:30:00+00:00,0.15014
2026-05-02 18:45:00+00:00,0.12089
2026-05-02 19:00:00+00:00,0.1638
2026-05-02 19:15:00+00:00,0.13668
2026-05-02 19:30:00+00:00,0.14554
2026-05-02 19:45:00+00:00,0.1259
2026-05-02 20:00:00+00:00,0.11574
2026-05-02 20:15:00+00:00,0.08513
2026-05-02 20:30:00+00:00,0.08651
2026-05-02 20:45:00+00:00,0.07855
2026-05-02 21:00:00+00:00,0.12747
2026-05-02 21:15:00+00:00,0.08928
2026-05-02 21:30:00+00:00,0.08619
2026-05-02 21:45:00+00:00,0.07274
2026-05-02 22:00:00+00:00,0.08708
2026-05-02 22:15:00+00:00,0.09638
2026-05-02 22:30:00+00:00,0.09229000000000001
2026-05-02 22:45:00+00:00,0.07656
2026-05-02 23:00:00+00:00,0.10565999999999999
2026-05-02 23:15:00+00:00,0.094
2026-05-02 23:30:00+00:00,0.09559000000000001
2026-05-02 23:45:00+00:00,0.09248
2026-05-03 00:00:00+00:00,0.13661
2026-05-03 00:15:00+00:00,0.12742
2026-05-03 00:30:00+00:00,0.15514
2026-05-03 00:45:00+00:00,0.14548
2026-05-03 01:00:00+00:00,0.16693
2026-05-03 01:15:00+00:00,0.17593
2026-05-03 01:30:00+00:00,0.19903
2026-05-03 01:45:00+00:00,0.18363
2026-05-03 02:00:00+00:00,0.10182
2026-05-03 02:15:00+00:00,0.13724
2026-05-03 02:30:00+00:00,0.14823
2026-05-03 02:45:00+00:00,0.15768000000000001
2026-05-03 03:00:00+00:00,0.15472
2026-05-03 03:15:00+00:00,0.10731
2026-05-03 03:30:00+00:00,0.15027000000000001
2026-05-03 03:45:00+00:00,0.1323
2026-05-03 04:00:00+00:00,0.13696
2026-05-03 04:15:00+00:00,0.11236
2026-05-03 04:30:00+00:00,0.07914
2026-05-03 04:45:00+00:00,0.0629
2026-05-03 05:00:00+00:00,0.060200000000000004
2026-05-03 05:15:00+00:00,0.05883
2026-05-03 05:30:00+00:00,0.05332
2026-05-03 05:45:00+00:00,0.05844
2026-05-03 06:00:00+00:00,0.00029
2026-05-03 06:15:00+00:00,0.02207
2026-05-03 06:30:00+00:00,0.05447
2026-05-03 06:45:00+00:00,-0.00724
2026-05-03 07:00:00+00:00,0.02786
2026-05-03 07:15:00+00:00,0.018920000000000003
2026-05-03 07:30:00+00:00,0.08756
2026-05-03 07:45:00+00:00,-0.18505000000000002
2026-05-03 08:00:00+00:00,-0.00405
2026-05-03 08:15:00+00:00,-0.1708
2026-05-03 08:30:00+00:00,-0.021
2026-05-03 08:45:00+00:00,-0.03699
2026-05-03 09:00:00+00:00,0.00523
2026-05-03 09:15:00+00:00,-0.019809999999999998
2026-05-03 09:30:00+00:00,-0.01428
2026-05-03 09:45:00+00:00,-0.01431
2026-05-03 10:00:00+00:00,-0.00903
2026-05-03 10:15:00+00:00,-0.00771
2026-05-03 10:30:00+00:00,-0.005860000000000001
2026-05-03 10:45:00+00:00,0.06669
2026-05-03 11:00:00+00:00,-0.02506
2026-05-03 11:15:00+00:00,-0.008150000000000001
2026-05-03 11:30:00+00:00,-0.00549
2026-05-03 11:45:00+00:00,-0.006849999999999999
2026-05-03 12:00:00+00:00,-0.02698
2026-05-03 12:15:00+00:00,-0.00443
2026-05-03 12:30:00+00:00,-0.00197
2026-05-03 12:45:00+00:00,-0.00107
2026-05-03 13:00:00+00:00,-0.0033900000000000002
2026-05-03 13:15:00+00:00,-0.0025
2026-05-03 13:30:00+00:00,0.03896
2026-05-03 13:45:00+00:00,0.00058
2026-05-03 14:00:00+00:00,0.01805
2026-05-03 14:15:00+00:00,0.0095
2026-05-03 14:30:00+00:00,0.09967000000000001
2026-05-03 14:45:00+00:00,0.12781
2026-05-03 15:00:00+00:00,0.13091
2026-05-03 15:15:00+00:00,0.0958
2026-05-03 15:30:00+00:00,0.09359999999999999
2026-05-03 15:45:00+00:00,0.08217
2026-05-03 16:00:00+00:00,0.06517
2026-05-03 16:15:00+00:00,0.08687
2026-05-03 16:30:00+00:00,0.06636
2026-05-03 16:45:00+00:00,0.08784
2026-05-03 17:00:00+00:00,0.08752
2026-05-03 17:15:00+00:00,0.09906000000000001
2026-05-03 17:30:00+00:00,0.10158
2026-05-03 17:45:00+00:00,0.08837
2026-05-03 18:00:00+00:00,0.10205
2026-05-03 18:15:00+00:00,0.13222
2026-05-03 18:30:00+00:00,0.13225
2026-05-03 18:45:00+00:00,0.10502
2026-05-03 19:00:00+00:00,0.10367
2026-05-03 19:15:00+00:00,0.12909
2026-05-03 19:30:00+00:00,0.09063
2026-05-03 19:45:00+00:00,0.07870999999999999
2026-05-03 20:00:00+00:00,0.06455
2026-05-03 20:15:00+00:00,0.05057
2026-05-03 20:30:00+00:00,0.04907
2026-05-03 20:45:00+00:00,0.02842
2026-05-03 21:00:00+00:00,0.07855
2026-05-03 21:15:00+00:00,0.1077
2026-05-03 21:30:00+00:00,0.11564
2026-05-03 21:45:00+00:00,0.12573
2026-05-03 22:00:00+00:00,0.08976
2026-05-03 22:15:00+00:00,0.09345
2026-05-03 22:30:00+00:00,0.12721
2026-05-03 22:45:00+00:00,0.12563
2026-05-03 23:00:00+00:00,0.08929999999999999
2026-05-03 23:15:00+00:00,0.07601999999999999
2026-05-03 23:30:00+00:00,0.06317
2026-05-03 23:45:00+00:00,0.10955
2026-05-04 00:00:00+00:00,0.12816999999999998
2026-05-04 00:15:00+00:00,0.09767
2026-05-04 00:30:00+00:00,0.09246
2026-05-04 00:45:00+00:00,0.08561
2026-05-04 01:00:00+00:00,0.10942
2026-05-04 01:15:00+00:00,0.10754999999999999
2026-05-04 01:30:00+00:00,0.11270000000000001
2026-05-04 01:45:00+00:00,0.10158
2026-05-04 02:00:00+00:00,0.08574
2026-05-04 02:15:00+00:00,0.07693000000000001
2026-05-04 02:30:00+00:00,0.11004000000000001
2026-05-04 02:45:00+00:00,0.11426
2026-05-04 03:00:00+00:00,0.09087
2026-05-04 03:15:00+00:00,0.12765
2026-05-04 03:30:00+00:00,0.1559
2026-05-04 03:45:00+00:00,0.15196
2026-05-04 04:00:00+00:00,0.15596000000000002
2026-05-04 04:15:00+00:00,0.16604
2026-05-04 04:30:00+00:00,0.16328
2026-05-04 04:45:00+00:00,0.1167
2026-05-04 05:00:00+00:00,0.11497
2026-05-04 05:15:00+00:00,0.11356999999999999
2026-05-04 05:30:00+00:00,0.15634
2026-05-04 05:45:00+00:00,0.10295
2026-05-04 06:00:00+00:00,0.09417
2026-05-04 06:15:00+00:00,0.07406
2026-05-04 06:30:00+00:00,0.06926
2026-05-04 06:45:00+00:00,0.0741
2026-05-04 07:00:00+00:00,0.07252
2026-05-04 07:15:00+00:00,0.05198
2026-05-04 07:30:00+00:00,0.06338
2026-05-04 07:45:00+00:00,0.046439999999999995
2026-05-04 08:00:00+00:00,0.056659999999999995
2026-05-04 08:15:00+00:00,0.053340000000000005
2026-05-04 08:30:00+00:00,0.03601
2026-05-04 08:45:00+00:00,0.028489999999999998
2026-05-04 09:00:00+00:00,0.055009999999999996
2026-05-04 09:15:00+00:00,0.07465000000000001
2026-05-04 09:30:00+00:00,0.09644
2026-05-04 09:45:00+00:00,0.10525
2026-05-04 10:00:00+00:00,0.05863
2026-05-04 10:15:00+00:00,0.07018
2026-05-04 10:30:00+00:00,0.11824
2026-05-04 10:45:00+00:00,0.17912999999999998
2026-05-04 11:00:00+00:00,0.08251
2026-05-04 11:15:00+00:00,0.09109
2026-05-04 11:30:00+00:00,0.09616
2026-05-04 11:45:00+00:00,0.09744
2026-05-04 12:00:00+00:00,0.07772
2026-05-04 12:15:00+00:00,0.07361
2026-05-04 12:30:00+00:00,0.14365
2026-05-04 12:45:00+00:00,0.08746
2026-05-04 13:00:00+00:00,0.06252
2026-05-04 13:15:00+00:00,0.07465000000000001
2026-05-04 13:30:00+00:00,0.07052
2026-05-04 13:45:00+00:00,0.07954
2026-05-04 14:00:00+00:00,0.056479999999999995
2026-05-04 14:15:00+00:00,0.054549999999999994
2026-05-04 14:30:00+00:00,0.11927
2026-05-04 14:45:00+00:00,0.12952000000000002
2026-05-04 15:00:00+00:00,0.13358
2026-05-04 15:15:00+00:00,0.13244
2026-05-04 15:30:00+00:00,0.13684000000000002
2026-05-04 15:45:00+00:00,0.13994
2026-05-04 16:00:00+00:00,0.15984
2026-05-04 16:15:00+00:00,0.18084
2026-05-04 16:30:00+00:00,0.14155
2026-05-04 16:45:00+00:00,0.13886
2026-05-04 17:00:00+00:00,0.09916
2026-05-04 17:15:00+00:00,0.08667
2026-05-04 17:30:00+00:00,0.11004000000000001
2026-05-04 17:45:00+00:00,0.12378
2026-05-04 18:00:00+00:00,0.14784
2026-05-04 18:15:00+00:00,0.16108
2026-05-04 18:30:00+00:00,0.15214
2026-05-04 18:45:00+00:00,0.19032
2026-05-04 19:00:00+00:00,0.31603
2026-05-04 19:15:00+00:00,0.10295
2026-05-04 19:30:00+00:00,0.1045
2026-05-04 19:45:00+00:00,0.09023
2026-05-04 20:00:00+00:00,0.10309
2026-05-04 20:15:00+00:00,0.15894999999999998
2026-05-04 20:30:00+00:00,0.10173
2026-05-04 20:45:00+00:00,0.0953
2026-05-04 21:00:00+00:00,0.09615
2026-05-04 21:15:00+00:00,0.11717
2026-05-04 21:30:00+00:00,0.14635
2026-05-04 21:45:00+00:00,0.14597
2026-05-04 22:00:00+00:00,0.12279000000000001
2026-05-04 22:15:00+00:00,0.09927
2026-05-04 22:30:00+00:00,0.12372
2026-05-04 22:45:00+00:00,0.14136
2026-05-04 23:00:00+00:00,0.11239
2026-05-04 23:15:00+00:00,0.10765000000000001
2026-05-04 23:30:00+00:00,0.10517
2026-05-04 23:45:00+00:00,0.11443
2026-05-05 00:00:00+00:00,0.1093
2026-05-05 00:15:00+00:00,0.10919
2026-05-05 00:30:00+00:00,0.0849
2026-05-05 00:45:00+00:00,0.08793000000000001
2026-05-05 01:00:00+00:00,0.08537
2026-05-05 01:15:00+00:00,0.08775
2026-05-05 01:30:00+00:00,0.08643
2026-05-05 01:45:00+00:00,0.10669
2026-05-05 02:00:00+00:00,0.09167
2026-05-05 02:15:00+00:00,0.09922
2026-05-05 02:30:00+00:00,0.10721
2026-05-05 02:45:00+00:00,0.10039000000000001
2026-05-05 03:00:00+00:00,0.13154
2026-05-05 03:15:00+00:00,0.12458
2026-05-05 03:30:00+00:00,0.17676
2026-05-05 03:45:00+00:00,0.09906000000000001
2026-05-05 04:00:00+00:00,0.09412999999999999
2026-05-05 04:15:00+00:00,0.17327
2026-05-05 04:30:00+00:00,0.21378
2026-05-05 04:45:00+00:00,0.19572
2026-05-05 05:00:00+00:00,0.13957
2026-05-05 05:15:00+00:00,0.16555
2026-05-05 05:30:00+00:00,0.19253
2026-05-05 05:45:00+00:00,0.18053
2026-05-05 06:00:00+00:00,0.21181999999999998
2026-05-05 06:15:00+00:00,0.20294
2026-05-05 06:30:00+00:00,0.14462
2026-05-05 06:45:00+00:00,0.13541999999999998
2026-05-05 07:00:00+00:00,0.18102000000000001
2026-05-05 07:15:00+00:00,0.13299
2026-05-05 07:30:00+00:00,0.14831
2026-05-05 07:45:00+00:00,0.19335
2026-05-05 08:00:00+00:00,0.17684
2026-05-05 08:15:00+00:00,0.16269
2026-05-05 08:30:00+00:00,0.1186
2026-05-05 08:45:00+00:00,0.10687999999999999
2026-05-05 09:00:00+00:00,0.17057
2026-05-05 09:15:00+00:00,0.16638
2026-05-05 09:30:00+00:00,0.15522
2026-05-05 09:45:00+00:00,0.11463
2026-05-05 10:00:00+00:00,0.11256999999999999
2026-05-05 10:15:00+00:00,0.09228
2026-05-05 10:30:00+00:00,0.09312999999999999
2026-05-05 10:45:00+00:00,0.09859
2026-05-05 11:00:00+00:00,0.16566999999999998
2026-05-05 11:15:00+00:00,0.18076
2026-05-05 11:30:00+00:00,0.12624
2026-05-05 11:45:00+00:00,0.09433
2026-05-05 12:00:00+00:00,0.15352000000000002
2026-05-05 12:15:00+00:00,0.1982
2026-05-05 12:30:00+00:00,0.16641
2026-05-05 12:45:00+00:00,0.10883
2026-05-05 13:00:00+00:00,0.15893000000000002
2026-05-05 13:15:00+00:00,0.17968
2026-05-05 13:30:00+00:00,0.16959
2026-05-05 13:45:00+00:00,0.17475
2026-05-05 14:00:00+00:00,0.16774
2026-05-05 14:15:00+00:00,0.14927
2026-05-05 14:30:00+00:00,0.13516
2026-05-05 14:45:00+00:00,0.14671
2026-05-05 15:00:00+00:00,0.1092
2026-05-05 15:15:00+00:00,0.14414
2026-05-05 15:30:00+00:00,0.15808000000000003
2026-05-05 15:45:00+00:00,0.16338999999999998
2026-05-05 16:00:00+00:00,0.15536000000000003
2026-05-05 16:15:00+00:00,0.15938999999999998
2026-05-05 16:30:00+00:00,0.19729
2026-05-05 16:45:00+00:00,0.21037999999999998
2026-05-05 17:00:00+00:00,0.19165000000000001
2026-05-05 17:15:00+00:00,0.19475
2026-05-05 17:30:00+00:00,0.20615
2026-05-05 17:45:00+00:00,0.23101
2026-05-05 18:00:00+00:00,0.21834
2026-05-05 18:15:00+00:00,0.23443
2026-05-05 18:30:00+00:00,0.24098
2026-05-05 18:45:00+00:00,0.2386
2026-05-05 19:00:00+00:00,0.30254000000000003
2026-05-05 19:15:00+00:00,0.23223
2026-05-05 19:30:00+00:00,0.19244
2026-05-05 19:45:00+00:00,0.18556999999999998
2026-05-05 20:00:00+00:00,0.11439
2026-05-05 20:15:00+00:00,0.10445
2026-05-05 20:30:00+00:00,0.11120999999999999
2026-05-05 20:45:00+00:00,0.09831000000000001
2026-05-05 21:00:00+00:00,0.11771
2026-05-05 21:15:00+00:00,0.1333
2026-05-05 21:30:00+00:00,0.12962
2026-05-05 21:45:00+00:00,0.10112
2026-05-05 22:00:00+00:00,0.11875
2026-05-05 22:15:00+00:00,0.09935
2026-05-05 22:30:00+00:00,0.10626000000000001
2026-05-05 22:45:00+00:00,0.09806999999999999
2026-05-05 23:00:00+00:00,0.12289
2026-05-05 23:15:00+00:00,0.10486
2026-05-05 23:30:00+00:00,0.10442
2026-05-05 23:45:00+00:00,0.09204999999999999
2026-05-06 00:00:00+00:00,0.10679000000000001
2026-05-06 00:15:00+00:00,0.09486
2026-05-06 00:30:00+00:00,0.09819
2026-05-06 00:45:00+00:00,0.11104
2026-05-06 01:00:00+00:00,0.11413
2026-05-06 01:15:00+00:00,0.10172
2026-05-06 01:30:00+00:00,0.1167
2026-05-06 01:45:00+00:00,0.11646
2026-05-06 02:00:00+00:00,0.09789
2026-05-06 02:15:00+00:00,0.09015999999999999
2026-05-06 02:30:00+00:00,0.09195
2026-05-06 02:45:00+00:00,0.09028
2026-05-06 03:00:00+00:00,0.0665
2026-05-06 03:15:00+00:00,0.08843999999999999
2026-05-06 03:30:00+00:00,0.109
2026-05-06 03:45:00+00:00,0.10554999999999999
2026-05-06 04:00:00+00:00,0.08565
2026-05-06 04:15:00+00:00,0.12392
2026-05-06 04:30:00+00:00,0.11045
2026-05-06 04:45:00+00:00,0.10708
2026-05-06 05:00:00+00:00,0.1075
2026-05-06 05:15:00+00:00,0.11153
2026-05-06 05:30:00+00:00,0.10993
2026-05-06 05:45:00+00:00,0.10418999999999999
2026-05-06 06:00:00+00:00,0.06314
2026-05-06 06:15:00+00:00,0.08528
2026-05-06 06:30:00+00:00,0.1051
2026-05-06 06:45:00+00:00,0.09431999999999999
2026-05-06 07:00:00+00:00,0.13556
2026-05-06 07:15:00+00:00,0.1487
2026-05-06 07:30:00+00:00,0.0693
2026-05-06 07:45:00+00:00,0.0589
2026-05-06 08:00:00+00:00,0.07584
2026-05-06 08:15:00+00:00,0.09312000000000001
2026-05-06 08:30:00+00:00,0.09709999999999999
2026-05-06 08:45:00+00:00,0.12104999999999999
2026-05-06 09:00:00+00:00,0.10733
2026-05-06 09:15:00+00:00,0.10426
2026-05-06 09:30:00+00:00,0.11719
2026-05-06 09:45:00+00:00,0.13215000000000002
2026-05-06 10:00:00+00:00,0.09340999999999999
2026-05-06 10:15:00+00:00,0.07152
2026-05-06 10:30:00+00:00,0.08882
2026-05-06 10:45:00+00:00,0.08671
2026-05-06 11:00:00+00:00,0.07781999999999999
2026-05-06 11:15:00+00:00,0.10218
2026-05-06 11:30:00+00:00,0.10044
2026-05-06 11:45:00+00:00,0.11261
2026-05-06 12:00:00+00:00,0.12974000000000002
2026-05-06 12:15:00+00:00,0.12578
2026-05-06 12:30:00+00:00,0.10962000000000001
2026-05-06 12:45:00+00:00,0.09914
2026-05-06 13:00:00+00:00,0.08565
2026-05-06 13:15:00+00:00,0.0831
2026-05-06 13:30:00+00:00,0.0825
2026-05-06 13:45:00+00:00,0.09272
2026-05-06 14:00:00+00:00,0.14038
2026-05-06 14:15:00+00:00,0.1615
2026-05-06 14:30:00+00:00,0.15003999999999998
2026-05-06 14:45:00+00:00,0.15744999999999998
2026-05-06 15:00:00+00:00,0.16699
2026-05-06 15:15:00+00:00,0.21434
2026-05-06 15:30:00+00:00,0.19494
2026-05-06 15:45:00+00:00,0.18388
2026-05-06 16:00:00+00:00,0.17246
2026-05-06 16:15:00+00:00,0.20186
2026-05-06 16:30:00+00:00,0.13002
2026-05-06 16:45:00+00:00,0.10973999999999999
2026-05-06 17:00:00+00:00,0.14881
2026-05-06 17:15:00+00:00,0.15518
2026-05-06 17:30:00+00:00,0.16465000000000002
2026-05-06 17:45:00+00:00,0.13207
2026-05-06 18:00:00+00:00,0.13794
2026-05-06 18:15:00+00:00,0.13812
2026-05-06 18:30:00+00:00,0.14572
2026-05-06 18:45:00+00:00,0.12372
2026-05-06 19:00:00+00:00,0.13113999999999998
2026-05-06 19:15:00+00:00,0.13801
2026-05-06 19:30:00+00:00,0.13336
2026-05-06 19:45:00+00:00,0.17521
2026-05-06 20:00:00+00:00,0.22299000000000002
2026-05-06 20:15:00+00:00,0.15453
2026-05-06 20:30:00+00:00,0.15668
2026-05-06 20:45:00+00:00,0.11952
2026-05-06 21:00:00+00:00,0.13021000000000002
2026-05-06 21:15:00+00:00,0.10574
2026-05-06 21:30:00+00:00,0.10862999999999999
2026-05-06 21:45:00+00:00,0.10274
2026-05-06 22:00:00+00:00,0.1162
2026-05-06 22:15:00+00:00,0.10563
2026-05-06 22:30:00+00:00,0.09911
2026-05-06 22:45:00+00:00,0.09495999999999999
2026-05-06 23:00:00+00:00,0.15236000000000002
2026-05-06 23:15:00+00:00,0.13865
2026-05-06 23:30:00+00:00,0.14761000000000002
2026-05-06 23:45:00+00:00,0.10035
2026-05-07 00:00:00+00:00,0.09497
2026-05-07 00:15:00+00:00,0.1176
2026-05-07 00:30:00+00:00,0.11657
2026-05-07 00:45:00+00:00,0.10052
2026-05-07 01:00:00+00:00,0.08384
2026-05-07 01:15:00+00:00,0.07392
2026-05-07 01:30:00+00:00,0.07468999999999999
2026-05-07 01:45:00+00:00,0.08355
2026-05-07 02:00:00+00:00,0.1225
2026-05-07 02:15:00+00:00,0.11103
2026-05-07 02:30:00+00:00,0.09925
2026-05-07 02:45:00+00:00,0.09154000000000001
2026-05-07 03:00:00+00:00,0.05835
2026-05-07 03:15:00+00:00,0.10409
2026-05-07 03:30:00+00:00,0.1181
2026-05-07 03:45:00+00:00,0.12524
2026-05-07 04:00:00+00:00,0.09226000000000001
2026-05-07 04:15:00+00:00,0.13849
2026-05-07 04:30:00+00:00,0.10083
2026-05-07 04:45:00+00:00,0.14378
2026-05-07 05:00:00+00:00,0.15562
2026-05-07 05:15:00+00:00,0.16076
2026-05-07 05:30:00+00:00,0.16925
2026-05-07 05:45:00+00:00,0.15146
2026-05-07 06:00:00+00:00,0.12356
2026-05-07 06:15:00+00:00,0.10327
2026-05-07 06:30:00+00:00,0.15656
2026-05-07 06:45:00+00:00,0.11320000000000001
2026-05-07 07:00:00+00:00,0.16955
2026-05-07 07:15:00+00:00,0.11424
2026-05-07 07:30:00+00:00,0.12090000000000001
2026-05-07 07:45:00+00:00,0.10972
2026-05-07 08:00:00+00:00,0.12143999999999999
2026-05-07 08:15:00+00:00,0.09570000000000001
2026-05-07 08:30:00+00:00,0.0987
2026-05-07 08:45:00+00:00,0.10218
2026-05-07 09:00:00+00:00,0.09059
2026-05-07 09:15:00+00:00,0.11808
2026-05-07 09:30:00+00:00,0.13028
2026-05-07 09:45:00+00:00,0.13616
2026-05-07 10:00:00+00:00,0.09209999999999999
2026-05-07 10:15:00+00:00,0.08123000000000001
2026-05-07 10:30:00+00:00,0.08541
2026-05-07 10:45:00+00:00,0.09909
2026-05-07 11:00:00+00:00,0.11392000000000001
2026-05-07 11:15:00+00:00,0.10995
2026-05-07 11:30:00+00:00,0.11473
2026-05-07 11:45:00+00:00,0.11627
2026-05-07 12:00:00+00:00,0.17482
2026-05-07 12:15:00+00:00,0.12326000000000001
2026-05-07 12:30:00+00:00,0.10407
2026-05-07 12:45:00+00:00,0.13165000000000002
2026-05-07 13:00:00+00:00,0.08949
2026-05-07 13:15:00+00:00,0.09086
2026-05-07 13:30:00+00:00,0.1008
2026-05-07 13:45:00+00:00,0.09931
2026-05-07 14:00:00+00:00,0.08406999999999999
2026-05-07 14:15:00+00:00,0.08056
2026-05-07 14:30:00+00:00,0.0892
2026-05-07 14:45:00+00:00,0.15415
2026-05-07 15:00:00+00:00,0.16025999999999999
2026-05-07 15:15:00+00:00,0.09915
2026-05-07 15:30:00+00:00,0.22469
2026-05-07 15:45:00+00:00,0.20174
2026-05-07 16:00:00+00:00,0.16687000000000002
2026-05-07 16:15:00+00:00,0.17931
2026-05-07 16:30:00+00:00,0.20308
2026-05-07 16:45:00+00:00,0.31906
2026-05-07 17:00:00+00:00,0.12073
2026-05-07 17:15:00+00:00,0.14789
2026-05-07 17:30:00+00:00,0.27013
2026-05-07 17:45:00+00:00,0.2902
2026-05-07 18:00:00+00:00,0.22036
2026-05-07 18:15:00+00:00,0.28218
2026-05-07 18:30:00+00:00,0.18707
2026-05-07 18:45:00+00:00,0.18747999999999998
2026-05-07 19:00:00+00:00,0.27187
2026-05-07 19:15:00+00:00,0.24115999999999999
2026-05-07 19:30:00+00:00,0.29304
2026-05-07 19:45:00+00:00,0.10611
2026-05-07 20:00:00+00:00,0.47962
2026-05-07 20:15:00+00:00,0.22791
2026-05-07 20:30:00+00:00,0.21336000000000002
2026-05-07 20:45:00+00:00,0.27816
2026-05-07 21:00:00+00:00,0.12932
2026-05-07 21:15:00+00:00,0.19772
2026-05-07 21:30:00+00:00,0.2001
2026-05-07 21:45:00+00:00,0.11493
2026-05-07 22:00:00+00:00,0.19841
2026-05-07 22:15:00+00:00,0.20789
2026-05-07 22:30:00+00:00,0.20439
2026-05-07 22:45:00+00:00,0.09553
2026-05-07 23:00:00+00:00,0.11781
2026-05-07 23:15:00+00:00,0.10272
2026-05-07 23:30:00+00:00,0.13169
2026-05-07 23:45:00+00:00,0.13813999999999999
2026-05-08 00:00:00+00:00,0.15747
2026-05-08 00:15:00+00:00,0.14476
2026-05-08 00:30:00+00:00,0.14537
2026-05-08 00:45:00+00:00,0.14864
2026-05-08 01:00:00+00:00,0.12261
2026-05-08 01:15:00+00:00,0.12272
2026-05-08 01:30:00+00:00,0.12725
2026-05-08 01:45:00+00:00,0.14459
2026-05-08 02:00:00+00:00,0.14764
2026-05-08 02:15:00+00:00,0.15544
2026-05-08 02:30:00+00:00,0.12405
2026-05-08 02:45:00+00:00,0.15087
2026-05-08 03:00:00+00:00,0.15521000000000001
2026-05-08 03:15:00+00:00,0.12153
2026-05-08 03:30:00+00:00,0.18812
2026-05-08 03:45:00+00:00,0.11597
2026-05-08 04:00:00+00:00,0.17134
2026-05-08 04:15:00+00:00,0.20663
2026-05-08 04:30:00+00:00,0.22088
2026-05-08 04:45:00+00:00,0.20006000000000002
2026-05-08 05:00:00+00:00,0.15159
2026-05-08 05:15:00+00:00,0.15450999999999998
2026-05-08 05:30:00+00:00,0.115
2026-05-08 05:45:00+00:00,0.1385
2026-05-08 06:00:00+00:00,0.18089
2026-05-08 06:15:00+00:00,0.22638
2026-05-08 06:30:00+00:00,0.09368000000000001
2026-05-08 06:45:00+00:00,0.06448999999999999
2026-05-08 07:00:00+00:00,0.09576000000000001
2026-05-08 07:15:00+00:00,0.07895999999999999
2026-05-08 07:30:00+00:00,0.06781999999999999
2026-05-08 07:45:00+00:00,0.0995
2026-05-08 08:00:00+00:00,0.08170999999999999
2026-05-08 08:15:00+00:00,0.07085
2026-05-08 08:30:00+00:00,0.06236
2026-05-08 08:45:00+00:00,0.058929999999999996
2026-05-08 09:00:00+00:00,0.04373
2026-05-08 09:15:00+00:00,0.03848
2026-05-08 09:30:00+00:00,0.03404
2026-05-08 09:45:00+00:00,0.02649
2026-05-08 10:00:00+00:00,0.025670000000000002
2026-05-08 10:15:00+00:00,-0.7
2026-05-08 10:30:00+00:00,-0.01117
2026-05-08 10:45:00+00:00,0.006809999999999999
2026-05-08 11:00:00+00:00,0.05142
2026-05-08 11:15:00+00:00,0.0502
2026-05-08 11:30:00+00:00,0.03848
2026-05-08 11:45:00+00:00,0.09248
2026-05-08 12:00:00+00:00,0.022109999999999998
2026-05-08 12:15:00+00:00,0.053810000000000004
2026-05-08 12:30:00+00:00,0.04875
2026-05-08 12:45:00+00:00,0.07801999999999999
2026-05-08 13:00:00+00:00,0.08832
2026-05-08 13:15:00+00:00,0.06554
2026-05-08 13:30:00+00:00,0.07665000000000001
2026-05-08 13:45:00+00:00,0.06023
2026-05-08 14:00:00+00:00,0.05085
2026-05-08 14:15:00+00:00,0.1175
2026-05-08 14:30:00+00:00,0.07798999999999999
2026-05-08 14:45:00+00:00,0.01776
2026-05-08 15:00:00+00:00,0.05169
2026-05-08 15:15:00+00:00,0.09343000000000001
2026-05-08 15:30:00+00:00,0.07806
2026-05-08 15:45:00+00:00,0.10479999999999999
2026-05-08 16:00:00+00:00,0.07029
2026-05-08 16:15:00+00:00,0.07664
2026-05-08 16:30:00+00:00,0.1262
2026-05-08 16:45:00+00:00,0.12747
2026-05-08 17:00:00+00:00,0.09748
2026-05-08 17:15:00+00:00,0.0708
2026-05-08 17:30:00+00:00,0.12994
2026-05-08 17:45:00+00:00,0.14826
2026-05-08 18:00:00+00:00,0.15819
2026-05-08 18:15:00+00:00,0.18716
2026-05-08 18:30:00+00:00,0.17283
2026-05-08 18:45:00+00:00,0.124
2026-05-08 19:00:00+00:00,0.11455
2026-05-08 19:15:00+00:00,0.15158000000000002
2026-05-08 19:30:00+00:00,0.19235
2026-05-08 19:45:00+00:00,0.13125
2026-05-08 20:00:00+00:00,0.14284
2026-05-08 20:15:00+00:00,0.15843000000000002
2026-05-08 20:30:00+00:00,0.15988999999999998
2026-05-08 20:45:00+00:00,0.15369999999999998
2026-05-08 21:00:00+00:00,0.16508
2026-05-08 21:15:00+00:00,0.17478
2026-05-08 21:30:00+00:00,0.17105
2026-05-08 21:45:00+00:00,0.1686
2026-05-08 22:00:00+00:00,0.16887
2026-05-08 22:15:00+00:00,0.16072999999999998
2026-05-08 22:30:00+00:00,0.16973
2026-05-08 22:45:00+00:00,0.1499
2026-05-08 23:00:00+00:00,0.14881999999999998
2026-05-08 23:15:00+00:00,0.14654
2026-05-08 23:30:00+00:00,0.15363
2026-05-08 23:45:00+00:00,0.15900999999999998
2026-05-09 00:00:00+00:00,0.13961
2026-05-09 00:15:00+00:00,0.16141999999999998
2026-05-09 00:30:00+00:00,0.1364
2026-05-09 00:45:00+00:00,0.13848
2026-05-09 01:00:00+00:00,0.17233
2026-05-09 01:15:00+00:00,0.18522999999999998
2026-05-09 01:30:00+00:00,0.20864
2026-05-09 01:45:00+00:00,0.17231
2026-05-09 02:00:00+00:00,0.13685
2026-05-09 02:15:00+00:00,0.15069
2026-05-09 02:30:00+00:00,0.15697999999999998
2026-05-09 02:45:00+00:00,0.16104
2026-05-09 03:00:00+00:00,0.13224
2026-05-09 03:15:00+00:00,0.11913
2026-05-09 03:30:00+00:00,0.09328
2026-05-09 03:45:00+00:00,0.08238
2026-05-09 04:00:00+00:00,0.09986
2026-05-09 04:15:00+00:00,0.10653
2026-05-09 04:30:00+00:00,0.13984
2026-05-09 04:45:00+00:00,0.11653
2026-05-09 05:00:00+00:00,0.15150999999999998
2026-05-09 05:15:00+00:00,0.13765
2026-05-09 05:30:00+00:00,0.16284
2026-05-09 05:45:00+00:00,0.1606
2026-05-09 06:00:00+00:00,0.22279
2026-05-09 06:15:00+00:00,0.33403
2026-05-09 06:30:00+00:00,0.248
2026-05-09 06:45:00+00:00,0.26914
2026-05-09 07:00:00+00:00,0.19038999999999998
2026-05-09 07:15:00+00:00,0.17821
2026-05-09 07:30:00+00:00,0.09029000000000001
2026-05-09 07:45:00+00:00,0.206
2026-05-09 08:00:00+00:00,0.20667
2026-05-09 08:15:00+00:00,0.10798
2026-05-09 08:30:00+00:00,-0.05793
2026-05-09 08:45:00+00:00,0.02194
2026-05-09 09:00:00+00:00,-0.02479
2026-05-09 09:15:00+00:00,0.00533
2026-05-09 09:30:00+00:00,-0.00992
2026-05-09 09:45:00+00:00,-0.01455
2026-05-09 10:00:00+00:00,-0.01393
2026-05-09 10:15:00+00:00,-0.00674
2026-05-09 10:30:00+00:00,0.01747
2026-05-09 10:45:00+00:00,0.0030299999999999997
2026-05-09 11:00:00+00:00,0.0061200000000000004
2026-05-09 11:15:00+00:00,-0.00032
2026-05-09 11:30:00+00:00,-0.00456
2026-05-09 11:45:00+00:00,0.00505
2026-05-09 12:00:00+00:00,0.02027
2026-05-09 12:15:00+00:00,-0.01746
2026-05-09 12:30:00+00:00,-0.006860000000000001
2026-05-09 12:45:00+00:00,-0.009210000000000001
2026-05-09 13:00:00+00:00,-0.05158
2026-05-09 13:15:00+00:00,-0.06214
2026-05-09 13:30:00+00:00,-0.03721
2026-05-09 13:45:00+00:00,-0.04968
2026-05-09 14:00:00+00:00,-0.01417
2026-05-09 14:15:00+00:00,-0.0444
2026-05-09 14:30:00+00:00,-0.024239999999999998
2026-05-09 14:45:00+00:00,-0.02969
2026-05-09 15:00:00+00:00,-0.00754
2026-05-09 15:15:00+00:00,0.08565
2026-05-09 15:30:00+00:00,0.10939
2026-05-09 15:45:00+00:00,0.09869
2026-05-09 16:00:00+00:00,0.08106999999999999
2026-05-09 16:15:00+00:00,0.10209
2026-05-09 16:30:00+00:00,0.04977
2026-05-09 16:45:00+00:00,0.1045
2026-05-09 17:00:00+00:00,0.06489
2026-05-09 17:15:00+00:00,0.09752
2026-05-09 17:30:00+00:00,0.12440999999999999
2026-05-09 17:45:00+00:00,0.08283
2026-05-09 18:00:00+00:00,0.13441999999999998
2026-05-09 18:15:00+00:00,0.1675
2026-05-09 18:30:00+00:00,0.19277
2026-05-09 18:45:00+00:00,0.09159
2026-05-09 19:00:00+00:00,0.16156
2026-05-09 19:15:00+00:00,0.17196
2026-05-09 19:30:00+00:00,0.15593
2026-05-09 19:45:00+00:00,0.1358
2026-05-09 20:00:00+00:00,0.08111
2026-05-09 20:15:00+00:00,0.08585
2026-05-09 20:30:00+00:00,0.10306
2026-05-09 20:45:00+00:00,0.1202
2026-05-09 21:00:00+00:00,0.13111
2026-05-09 21:15:00+00:00,0.09525
2026-05-09 21:30:00+00:00,0.08964
2026-05-09 21:45:00+00:00,0.12346
2026-05-09 22:00:00+00:00,0.08274
2026-05-09 22:15:00+00:00,0.09562999999999999
2026-05-09 22:30:00+00:00,0.09858
2026-05-09 22:45:00+00:00,0.08749
2026-05-09 23:00:00+00:00,0.09264
2026-05-09 23:15:00+00:00,0.15441999999999997
2026-05-09 23:30:00+00:00,0.13537000000000002
2026-05-09 23:45:00+00:00,0.14136
2026-05-10 00:00:00+00:00,0.13445
2026-05-10 00:15:00+00:00,0.13553
2026-05-10 00:30:00+00:00,0.12673
2026-05-10 00:45:00+00:00,0.13795
2026-05-10 01:00:00+00:00,0.09218000000000001
2026-05-10 01:15:00+00:00,0.12041
2026-05-10 01:30:00+00:00,0.07855
2026-05-10 01:45:00+00:00,0.08619
2026-05-10 02:00:00+00:00,0.08778
2026-05-10 02:15:00+00:00,0.11829
2026-05-10 02:30:00+00:00,0.08901
2026-05-10 02:45:00+00:00,0.10831
2026-05-10 03:00:00+00:00,0.12096
2026-05-10 03:15:00+00:00,0.08105
2026-05-10 03:30:00+00:00,0.07734
2026-05-10 03:45:00+00:00,0.11137000000000001
2026-05-10 04:00:00+00:00,0.10674
2026-05-10 04:15:00+00:00,0.1149
2026-05-10 04:30:00+00:00,0.1205
2026-05-10 04:45:00+00:00,0.0598
2026-05-10 05:00:00+00:00,0.121
2026-05-10 05:15:00+00:00,0.16323
2026-05-10 05:30:00+00:00,0.10087
2026-05-10 05:45:00+00:00,0.08743000000000001
2026-05-10 06:00:00+00:00,0.10558
2026-05-10 06:15:00+00:00,0.1238
2026-05-10 06:30:00+00:00,0.08634
2026-05-10 06:45:00+00:00,0.019899999999999998
2026-05-10 07:00:00+00:00,0.0005200000000000001
2026-05-10 07:15:00+00:00,-0.02139
2026-05-10 07:30:00+00:00,-0.016730000000000002
2026-05-10 07:45:00+00:00,-0.04537
2026-05-10 08:00:00+00:00,-0.05303
2026-05-10 08:15:00+00:00,-0.07128
2026-05-10 08:30:00+00:00,-0.03558
2026-05-10 08:45:00+00:00,-0.02472
2026-05-10 09:00:00+00:00,-0.0008399999999999999
2026-05-10 09:15:00+00:00,-0.01453
2026-05-10 09:30:00+00:00,-0.039509999999999997
2026-05-10 09:45:00+00:00,-0.04249
2026-05-10 10:00:00+00:00,-0.0531
2026-05-10 10:15:00+00:00,-0.01188
2026-05-10 10:30:00+00:00,-0.04348
2026-05-10 10:45:00+00:00,-0.03086
2026-05-10 11:00:00+00:00,-0.0071200000000000005
2026-05-10 11:15:00+00:00,-0.00393
2026-05-10 11:30:00+00:00,-0.01377
2026-05-10 11:45:00+00:00,-0.01062
2026-05-10 12:00:00+00:00,0.00381
2026-05-10 12:15:00+00:00,-0.01014
2026-05-10 12:30:00+00:00,-0.02425
2026-05-10 12:45:00+00:00,0.0009599999999999999
2026-05-10 13:00:00+00:00,-0.041299999999999996
2026-05-10 13:15:00+00:00,-0.009210000000000001
2026-05-10 13:30:00+00:00,-0.0077599999999999995
2026-05-10 13:45:00+00:00,-0.01247
2026-05-10 14:00:00+00:00,-0.06617
2026-05-10 14:15:00+00:00,-0.03473
2026-05-10 14:30:00+00:00,-0.063
2026-05-10 14:45:00+00:00,-0.024460000000000003
2026-05-10 15:00:00+00:00,0.01051
2026-05-10 15:15:00+00:00,0.00728
2026-05-10 15:30:00+00:00,0.07048
2026-05-10 15:45:00+00:00,0.06423000000000001
2026-05-10 16:00:00+00:00,0.08817
2026-05-10 16:15:00+00:00,0.13656000000000001
2026-05-10 16:30:00+00:00,0.11684
2026-05-10 16:45:00+00:00,0.12906
2026-05-10 17:00:00+00:00,0.10219
2026-05-10 17:15:00+00:00,0.10636
2026-05-10 17:30:00+00:00,0.0886
2026-05-10 17:45:00+00:00,0.12561
2026-05-10 18:00:00+00:00,0.13826
2026-05-10 18:15:00+00:00,0.16338
2026-05-10 18:30:00+00:00,0.15284
2026-05-10 18:45:00+00:00,0.09767
2026-05-10 19:00:00+00:00,0.07947
2026-05-10 19:15:00+00:00,0.0959
2026-05-10 19:30:00+00:00,0.10948000000000001
2026-05-10 19:45:00+00:00,0.12381
2026-05-10 20:00:00+00:00,0.1646
2026-05-10 20:15:00+00:00,0.16926
2026-05-10 20:30:00+00:00,0.17506
2026-05-10 20:45:00+00:00,0.22849
2026-05-10 21:00:00+00:00,0.1193
2026-05-10 21:15:00+00:00,0.08404
2026-05-10 21:30:00+00:00,0.109
2026-05-10 21:45:00+00:00,0.09781000000000001
2026-05-10 22:00:00+00:00,0.10225
2026-05-10 22:15:00+00:00,0.10088
2026-05-10 22:30:00+00:00,0.08116
2026-05-10 22:45:00+00:00,0.08985
2026-05-10 23:00:00+00:00,0.12284
2026-05-10 23:15:00+00:00,0.11823
2026-05-10 23:30:00+00:00,0.11315
2026-05-10 23:45:00+00:00,0.1077
2026-05-11 00:00:00+00:00,0.12311
2026-05-11 00:15:00+00:00,0.13862
2026-05-11 00:30:00+00:00,0.13792
2026-05-11 00:45:00+00:00,0.12447
2026-05-11 01:00:00+00:00,0.09643
2026-05-11 01:15:00+00:00,0.07615000000000001
2026-05-11 01:30:00+00:00,0.08928
2026-05-11 01:45:00+00:00,0.08335
2026-05-11 02:00:00+00:00,0.09303
2026-05-11 02:15:00+00:00,0.08001000000000001
2026-05-11 02:30:00+00:00,0.08170000000000001
2026-05-11 02:45:00+00:00,0.0818
2026-05-11 03:00:00+00:00,0.12638
2026-05-11 03:15:00+00:00,0.09979
2026-05-11 03:30:00+00:00,0.0829
2026-05-11 03:45:00+00:00,0.06959
2026-05-11 04:00:00+00:00,0.07690999999999999
2026-05-11 04:15:00+00:00,0.1077
2026-05-11 04:30:00+00:00,0.09536
2026-05-11 04:45:00+00:00,0.1411
2026-05-11 05:00:00+00:00,0.11524
2026-05-11 05:15:00+00:00,0.1417
2026-05-11 05:30:00+00:00,0.14968
2026-05-11 05:45:00+00:00,0.13966
2026-05-11 06:00:00+00:00,0.11134999999999999
2026-05-11 06:15:00+00:00,0.14423
2026-05-11 06:30:00+00:00,0.16546
2026-05-11 06:45:00+00:00,0.14909
2026-05-11 07:00:00+00:00,0.04094
2026-05-11 07:15:00+00:00,0.14590999999999998
2026-05-11 07:30:00+00:00,0.15522
2026-05-11 07:45:00+00:00,0.12183
2026-05-11 08:00:00+00:00,0.06586
2026-05-11 08:15:00+00:00,0.09623999999999999
2026-05-11 08:30:00+00:00,0.09331999999999999
2026-05-11 08:45:00+00:00,0.04348
2026-05-11 09:00:00+00:00,0.056600000000000004
2026-05-11 09:15:00+00:00,0.054020000000000006
2026-05-11 09:30:00+00:00,0.08322
2026-05-11 09:45:00+00:00,0.09179999999999999
2026-05-11 10:00:00+00:00,0.040740000000000005
2026-05-11 10:15:00+00:00,0.006019999999999999
2026-05-11 10:30:00+00:00,-0.004059999999999999
2026-05-11 10:45:00+00:00,-0.0046
2026-05-11 11:00:00+00:00,0.09244
2026-05-11 11:15:00+00:00,0.062380000000000005
2026-05-11 11:30:00+00:00,0.02878
2026-05-11 11:45:00+00:00,0.06106
2026-05-11 12:00:00+00:00,0.10715000000000001
2026-05-11 12:15:00+00:00,0.13536
2026-05-11 12:30:00+00:00,0.09836
2026-05-11 12:45:00+00:00,0.13894
2026-05-11 13:00:00+00:00,0.04899
2026-05-11 13:15:00+00:00,0.13534000000000002
2026-05-11 13:30:00+00:00,0.11952
2026-05-11 13:45:00+00:00,0.10722
2026-05-11 14:00:00+00:00,0.09491
2026-05-11 14:15:00+00:00,0.03362
2026-05-11 14:30:00+00:00,0.06266
2026-05-11 14:45:00+00:00,0.07306
2026-05-11 15:00:00+00:00,0.08899
2026-05-11 15:15:00+00:00,0.11045
2026-05-11 15:30:00+00:00,0.03461
2026-05-11 15:45:00+00:00,0.049280000000000004
2026-05-11 16:00:00+00:00,0.07549
2026-05-11 16:15:00+00:00,0.046619999999999995
2026-05-11 16:30:00+00:00,0.10009
2026-05-11 16:45:00+00:00,0.0993
2026-05-11 17:00:00+00:00,0.11284999999999999
2026-05-11 17:15:00+00:00,0.109
2026-05-11 17:30:00+00:00,0.11238
2026-05-11 17:45:00+00:00,0.11116
2026-05-11 18:00:00+00:00,0.07501000000000001
2026-05-11 18:15:00+00:00,0.13026
2026-05-11 18:30:00+00:00,0.11745
2026-05-11 18:45:00+00:00,0.08229
2026-05-11 19:00:00+00:00,0.06142
2026-05-11 19:15:00+00:00,0.08782
2026-05-11 19:30:00+00:00,0.10842
2026-05-11 19:45:00+00:00,0.0835
2026-05-11 20:00:00+00:00,0.12231
2026-05-11 20:15:00+00:00,0.1305
2026-05-11 20:30:00+00:00,0.13099
2026-05-11 20:45:00+00:00,0.12578
2026-05-11 21:00:00+00:00,0.1243
2026-05-11 21:15:00+00:00,0.12866
2026-05-11 21:30:00+00:00,0.1293
2026-05-11 21:45:00+00:00,0.10972
2026-05-11 22:00:00+00:00,0.12168000000000001
2026-05-11 22:15:00+00:00,0.13678
2026-05-11 22:30:00+00:00,0.14005
2026-05-11 22:45:00+00:00,0.12545
2026-05-11 23:00:00+00:00,0.05778
2026-05-11 23:15:00+00:00,0.06923
2026-05-11 23:30:00+00:00,0.08291
2026-05-11 23:45:00+00:00,0.05175
2026-05-12 00:00:00+00:00,0.08784
2026-05-12 00:15:00+00:00,0.10512
2026-05-12 00:30:00+00:00,0.10764
2026-05-12 00:45:00+00:00,0.10359
2026-05-12 01:00:00+00:00,0.06332
2026-05-12 01:15:00+00:00,0.06308
2026-05-12 01:30:00+00:00,0.06171
2026-05-12 01:45:00+00:00,0.0474
2026-05-12 02:00:00+00:00,0.055240000000000004
2026-05-12 02:15:00+00:00,0.05588
2026-05-12 02:30:00+00:00,0.048490000000000005
2026-05-12 02:45:00+00:00,0.085
2026-05-12 03:00:00+00:00,0.10740999999999999
2026-05-12 03:15:00+00:00,0.12039
2026-05-12 03:30:00+00:00,0.12713
2026-05-12 03:45:00+00:00,0.12459999999999999
2026-05-12 04:00:00+00:00,0.10948000000000001
2026-05-12 04:15:00+00:00,0.12773
2026-05-12 04:30:00+00:00,0.113
2026-05-12 04:45:00+00:00,0.08303
2026-05-12 05:00:00+00:00,0.09670999999999999
2026-05-12 05:15:00+00:00,0.07234
2026-05-12 05:30:00+00:00,0.08943999999999999
2026-05-12 05:45:00+00:00,0.09691
2026-05-12 06:00:00+00:00,0.04131
2026-05-12 06:15:00+00:00,0.048159999999999994
2026-05-12 06:30:00+00:00,0.10601000000000001
2026-05-12 06:45:00+00:00,0.10690999999999999
2026-05-12 07:00:00+00:00,0.07123
2026-05-12 07:15:00+00:00,0.03917
2026-05-12 07:30:00+00:00,0.09622
2026-05-12 07:45:00+00:00,0.09679
2026-05-12 08:00:00+00:00,0.10787999999999999
2026-05-12 08:15:00+00:00,0.11315
2026-05-12 08:30:00+00:00,0.10276
2026-05-12 08:45:00+00:00,0.17288
2026-05-12 09:00:00+00:00,0.14254
2026-05-12 09:15:00+00:00,0.11465
2026-05-12 09:30:00+00:00,0.11777
2026-05-12 09:45:00+00:00,0.02773
2026-05-12 10:00:00+00:00,0.02974
2026-05-12 10:15:00+00:00,0.07266
2026-05-12 10:30:00+00:00,0.06391
2026-05-12 10:45:00+00:00,0.01103
2026-05-12 11:00:00+00:00,0.04692
2026-05-12 11:15:00+00:00,0.06706000000000001
2026-05-12 11:30:00+00:00,0.08963
2026-05-12 11:45:00+00:00,0.00831
2026-05-12 12:00:00+00:00,0.01309
2026-05-12 12:15:00+00:00,0.015960000000000002
2026-05-12 12:30:00+00:00,0.009630000000000001
2026-05-12 12:45:00+00:00,0.019309999999999997
2026-05-12 13:00:00+00:00,0.01813
2026-05-12 13:15:00+00:00,0.02171
2026-05-12 13:30:00+00:00,0.05199
2026-05-12 13:45:00+00:00,0.09848
2026-05-12 14:00:00+00:00,0.13705
2026-05-12 14:15:00+00:00,0.14368
2026-05-12 14:30:00+00:00,0.11252
2026-05-12 14:45:00+00:00,0.10363
2026-05-12 15:00:00+00:00,0.13218000000000002
2026-05-12 15:15:00+00:00,0.19838999999999998
2026-05-12 15:30:00+00:00,0.20897
2026-05-12 15:45:00+00:00,0.11728
2026-05-12 16:00:00+00:00,0.12082999999999999
2026-05-12 16:15:00+00:00,0.15314
2026-05-12 16:30:00+00:00,0.19179
2026-05-12 16:45:00+00:00,0.18935
2026-05-12 17:00:00+00:00,0.20589
2026-05-12 17:15:00+00:00,0.09670000000000001
2026-05-12 17:30:00+00:00,0.08645
2026-05-12 17:45:00+00:00,0.14927
2026-05-12 18:00:00+00:00,0.11270000000000001
2026-05-12 18:15:00+00:00,0.11995
2026-05-12 18:30:00+00:00,0.10823
2026-05-12 18:45:00+00:00,0.09623999999999999
2026-05-12 19:00:00+00:00,0.18239
2026-05-12 19:15:00+00:00,0.17203
2026-05-12 19:30:00+00:00,0.10911
2026-05-12 19:45:00+00:00,0.10209
2026-05-12 20:00:00+00:00,0.10581
2026-05-12 20:15:00+00:00,0.10642
2026-05-12 20:30:00+00:00,0.08528
2026-05-12 20:45:00+00:00,0.09919
2026-05-12 21:00:00+00:00,0.13182
2026-05-12 21:15:00+00:00,0.13018000000000002
2026-05-12 21:30:00+00:00,0.13624
2026-05-12 21:45:00+00:00,0.06228
2026-05-12 22:00:00+00:00,0.09168000000000001
2026-05-12 22:15:00+00:00,0.08726
2026-05-12 22:30:00+00:00,0.11973
2026-05-12 22:45:00+00:00,0.08195000000000001
2026-05-12 23:00:00+00:00,0.04775
2026-05-12 23:15:00+00:00,0.05717
2026-05-12 23:30:00+00:00,0.04423
2026-05-12 23:45:00+00:00,0.04603
2026-05-13 00:00:00+00:00,0.08031999999999999
2026-05-13 00:15:00+00:00,0.10031
2026-05-13 00:30:00+00:00,0.06243
2026-05-13 00:45:00+00:00,0.04335
2026-05-13 01:00:00+00:00,0.04933
2026-05-13 01:15:00+00:00,0.054479999999999994
2026-05-13 01:30:00+00:00,0.10022
2026-05-13 01:45:00+00:00,0.09573999999999999
2026-05-13 02:00:00+00:00,0.030010000000000002
2026-05-13 02:15:00+00:00,0.05593
2026-05-13 02:30:00+00:00,0.11608
2026-05-13 02:45:00+00:00,0.13126
2026-05-13 03:00:00+00:00,0.1341
2026-05-13 03:15:00+00:00,0.1467
2026-05-13 03:30:00+00:00,0.14806999999999998
2026-05-13 03:45:00+00:00,0.11657
2026-05-13 04:00:00+00:00,0.16053
2026-05-13 04:15:00+00:00,0.15655000000000002
2026-05-13 04:30:00+00:00,0.18339
2026-05-13 04:45:00+00:00,0.18625999999999998
2026-05-13 05:00:00+00:00,0.26603
2026-05-13 05:15:00+00:00,0.20086
2026-05-13 05:30:00+00:00,0.276
2026-05-13 05:45:00+00:00,0.23748
2026-05-13 06:00:00+00:00,0.30551
2026-05-13 06:15:00+00:00,0.27268000000000003
2026-05-13 06:30:00+00:00,0.28252999999999995
2026-05-13 06:45:00+00:00,0.11758
2026-05-13 07:00:00+00:00,0.09673999999999999
2026-05-13 07:15:00+00:00,0.11729
2026-05-13 07:30:00+00:00,0.16218000000000002
2026-05-13 07:45:00+00:00,0.16513999999999998
2026-05-13 08:00:00+00:00,0.09135
2026-05-13 08:15:00+00:00,0.039409999999999994
2026-05-13 08:30:00+00:00,0.01748
2026-05-13 08:45:00+00:00,-0.08421
2026-05-13 09:00:00+00:00,0.018760000000000002
2026-05-13 09:15:00+00:00,0.01234
2026-05-13 09:30:00+00:00,0.02069
2026-05-13 09:45:00+00:00,0.01345
2026-05-13 10:00:00+00:00,0.020370000000000003
2026-05-13 10:15:00+00:00,0.02671
2026-05-13 10:30:00+00:00,0.022359999999999998
2026-05-13 10:45:00+00:00,0.038979999999999994
2026-05-13 11:00:00+00:00,0.09054000000000001
2026-05-13 11:15:00+00:00,0.10625
2026-05-13 11:30:00+00:00,0.08454
2026-05-13 11:45:00+00:00,0.09798
2026-05-13 12:00:00+00:00,0.09148
2026-05-13 12:15:00+00:00,0.086
2026-05-13 12:30:00+00:00,0.10129
2026-05-13 12:45:00+00:00,0.07954
2026-05-13 13:00:00+00:00,0.04498
2026-05-13 13:15:00+00:00,0.08499
2026-05-13 13:30:00+00:00,0.027600000000000003
2026-05-13 13:45:00+00:00,0.03339
2026-05-13 14:00:00+00:00,0.034390000000000004
2026-05-13 14:15:00+00:00,0.0134
2026-05-13 14:30:00+00:00,0.0842
2026-05-13 14:45:00+00:00,0.09021
2026-05-13 15:00:00+00:00,0.06486
2026-05-13 15:15:00+00:00,0.09292
2026-05-13 15:30:00+00:00,0.04413
2026-05-13 15:45:00+00:00,0.12456
2026-05-13 16:00:00+00:00,0.13016
2026-05-13 16:15:00+00:00,0.14969
2026-05-13 16:30:00+00:00,0.16275
2026-05-13 16:45:00+00:00,0.16143000000000002
2026-05-13 17:00:00+00:00,0.16802
2026-05-13 17:15:00+00:00,0.17535
2026-05-13 17:30:00+00:00,0.18907
2026-05-13 17:45:00+00:00,0.19216
2026-05-13 18:00:00+00:00,0.18669
2026-05-13 18:15:00+00:00,0.20876
2026-05-13 18:30:00+00:00,0.1985
2026-05-13 18:45:00+00:00,0.22025
2026-05-13 19:00:00+00:00,0.20073
2026-05-13 19:15:00+00:00,0.13516
2026-05-13 19:30:00+00:00,0.10707
2026-05-13 19:45:00+00:00,0.15149
2026-05-13 20:00:00+00:00,0.10562
2026-05-13 20:15:00+00:00,0.15494999999999998
2026-05-13 20:30:00+00:00,0.14561000000000002
2026-05-13 20:45:00+00:00,0.07128
2026-05-13 21:00:00+00:00,0.14728
2026-05-13 21:15:00+00:00,0.13978
2026-05-13 21:30:00+00:00,0.13568
2026-05-13 21:45:00+00:00,0.09985
2026-05-13 22:00:00+00:00,0.14453
2026-05-13 22:15:00+00:00,0.16715
2026-05-13 22:30:00+00:00,0.20551
2026-05-13 22:45:00+00:00,0.31345999999999996
2026-05-13 23:00:00+00:00,0.10998999999999999
2026-05-13 23:15:00+00:00,0.10513
2026-05-13 23:30:00+00:00,0.12461
2026-05-13 23:45:00+00:00,0.12081
2026-05-14 00:00:00+00:00,0.13421
2026-05-14 00:15:00+00:00,0.12825
2026-05-14 00:30:00+00:00,0.13591999999999999
2026-05-14 00:45:00+00:00,0.1166
2026-05-14 01:00:00+00:00,0.11148999999999999
2026-05-14 01:15:00+00:00,0.11776
2026-05-14 01:30:00+00:00,0.14125
2026-05-14 01:45:00+00:00,0.12344
2026-05-14 02:00:00+00:00,0.1724
2026-05-14 02:15:00+00:00,0.16496
2026-05-14 02:30:00+00:00,0.11826
2026-05-14 02:45:00+00:00,0.11354
2026-05-14 03:00:00+00:00,0.09705
2026-05-14 03:15:00+00:00,0.060450000000000004
2026-05-14 03:30:00+00:00,0.07834999999999999
2026-05-14 03:45:00+00:00,0.10637
2026-05-14 04:00:00+00:00,0.13641
2026-05-14 04:15:00+00:00,0.12795
2026-05-14 04:30:00+00:00,0.09242
2026-05-14 04:45:00+00:00,0.10823999999999999
2026-05-14 05:00:00+00:00,0.14755000000000001
2026-05-14 05:15:00+00:00,0.2622
2026-05-14 05:30:00+00:00,0.08384
2026-05-14 05:45:00+00:00,0.10229
2026-05-14 06:00:00+00:00,0.05571
2026-05-14 06:15:00+00:00,0.06037
2026-05-14 06:30:00+00:00,0.12743000000000002
2026-05-14 06:45:00+00:00,0.13469
2026-05-14 07:00:00+00:00,0.06464
2026-05-14 07:15:00+00:00,0.06748
2026-05-14 07:30:00+00:00,0.04027
2026-05-14 07:45:00+00:00,0.01288
2026-05-14 08:00:00+00:00,0.03932
2026-05-14 08:15:00+00:00,-0.01329
2026-05-14 08:30:00+00:00,-0.01081
2026-05-14 08:45:00+00:00,-0.01589
2026-05-14 09:00:00+00:00,-0.00858
2026-05-14 09:15:00+00:00,-0.01669
2026-05-14 09:30:00+00:00,-0.02234
2026-05-14 09:45:00+00:00,-0.02377
2026-05-14 10:00:00+00:00,-0.02367
2026-05-14 10:15:00+00:00,-0.01018
2026-05-14 10:30:00+00:00,-0.01822
2026-05-14 10:45:00+00:00,-0.018690000000000002
2026-05-14 11:00:00+00:00,0.05747
2026-05-14 11:15:00+00:00,-0.011710000000000002
2026-05-14 11:30:00+00:00,-0.01739
2026-05-14 11:45:00+00:00,-0.00999
2026-05-14 12:00:00+00:00,-0.01143
2026-05-14 12:15:00+00:00,-0.02599
2026-05-14 12:30:00+00:00,0.020460000000000002
2026-05-14 12:45:00+00:00,0.00069
2026-05-14 13:00:00+00:00,-0.02213
2026-05-14 13:15:00+00:00,-0.0261
2026-05-14 13:30:00+00:00,-0.01452
2026-05-14 13:45:00+00:00,-0.01139
2026-05-14 14:00:00+00:00,-0.0052
2026-05-14 14:15:00+00:00,0.00671
2026-05-14 14:30:00+00:00,0.08857999999999999
2026-05-14 14:45:00+00:00,0.09122
2026-05-14 15:00:00+00:00,0.11531
2026-05-14 15:15:00+00:00,0.09841
2026-05-14 15:30:00+00:00,0.07488
2026-05-14 15:45:00+00:00,0.08733
2026-05-14 16:00:00+00:00,0.07714
2026-05-14 16:15:00+00:00,0.0634
2026-05-14 16:30:00+00:00,0.01154
2026-05-14 16:45:00+00:00,0.02834
2026-05-14 17:00:00+00:00,0.03954
2026-05-14 17:15:00+00:00,0.07740000000000001
2026-05-14 17:30:00+00:00,0.10925
2026-05-14 17:45:00+00:00,0.09658
2026-05-14 18:00:00+00:00,0.09004999999999999
2026-05-14 18:15:00+00:00,0.08792
2026-05-14 18:30:00+00:00,0.12683
2026-05-14 18:45:00+00:00,0.14153
2026-05-14 19:00:00+00:00,0.10504000000000001
2026-05-14 19:15:00+00:00,0.12997999999999998
2026-05-14 19:30:00+00:00,0.10186
2026-05-14 19:45:00+00:00,0.11846999999999999
2026-05-14 20:00:00+00:00,0.10157
2026-05-14 20:15:00+00:00,0.14531
2026-05-14 20:30:00+00:00,0.15958
2026-05-14 20:45:00+00:00,0.16053
2026-05-14 21:00:00+00:00,0.16821
2026-05-14 21:15:00+00:00,0.15555000000000002
2026-05-14 21:30:00+00:00,0.14054
2026-05-14 21:45:00+00:00,0.14075
2026-05-14 22:00:00+00:00,0.16769
2026-05-14 22:15:00+00:00,0.09936
2026-05-14 22:30:00+00:00,0.12673
2026-05-14 22:45:00+00:00,0.12736
2026-05-14 23:00:00+00:00,0.16768
2026-05-14 23:15:00+00:00,0.18468
2026-05-14 23:30:00+00:00,0.14690999999999999
2026-05-14 23:45:00+00:00,0.12969999999999998
2026-05-15 00:00:00+00:00,0.10086
2026-05-15 00:15:00+00:00,0.08671
2026-05-15 00:30:00+00:00,0.12382
2026-05-15 00:45:00+00:00,0.12287000000000001
2026-05-15 01:00:00+00:00,0.12564
2026-05-15 01:15:00+00:00,0.13863999999999999
2026-05-15 01:30:00+00:00,0.16172999999999998
2026-05-15 01:45:00+00:00,0.15855000000000002
2026-05-15 02:00:00+00:00,0.16943
2026-05-15 02:15:00+00:00,0.15572
2026-05-15 02:30:00+00:00,0.15109999999999998
2026-05-15 02:45:00+00:00,0.16853
2026-05-15 03:00:00+00:00,0.09320999999999999
2026-05-15 03:15:00+00:00,0.12018000000000001
2026-05-15 03:30:00+00:00,0.11022
2026-05-15 03:45:00+00:00,0.13957
2026-05-15 04:00:00+00:00,0.10156
2026-05-15 04:15:00+00:00,0.12143000000000001
2026-05-15 04:30:00+00:00,0.11375
2026-05-15 04:45:00+00:00,0.09842000000000001
2026-05-15 05:00:00+00:00,0.09724
2026-05-15 05:15:00+00:00,0.0498
2026-05-15 05:30:00+00:00,0.06442
2026-05-15 05:45:00+00:00,0.050159999999999996
2026-05-15 06:00:00+00:00,0.07795999999999999
2026-05-15 06:15:00+00:00,0.033030000000000004
2026-05-15 06:30:00+00:00,-0.0008100000000000001
2026-05-15 06:45:00+00:00,0.019039999999999998
2026-05-15 07:00:00+00:00,0.10445
2026-05-15 07:15:00+00:00,0.09063
2026-05-15 07:30:00+00:00,0.08884
2026-05-15 07:45:00+00:00,-0.00372
2026-05-15 08:00:00+00:00,0.04391
2026-05-15 08:15:00+00:00,-0.00093
2026-05-15 08:30:00+00:00,0.01567
2026-05-15 08:45:00+00:00,0.00722
2026-05-15 09:00:00+00:00,0.12931
2026-05-15 09:15:00+00:00,0.04451
2026-05-15 09:30:00+00:00,0.11126000000000001
2026-05-15 09:45:00+00:00,0.05304
2026-05-15 10:00:00+00:00,0.01828
2026-05-15 10:15:00+00:00,0.03049
2026-05-15 10:30:00+00:00,0.02491
2026-05-15 10:45:00+00:00,0.02132
2026-05-15 11:00:00+00:00,-0.027870000000000002
2026-05-15 11:15:00+00:00,-0.00795
2026-05-15 11:30:00+00:00,0.0030600000000000002
2026-05-15 11:45:00+00:00,-0.01249
2026-05-15 12:00:00+00:00,-0.00941
2026-05-15 12:15:00+00:00,-0.0007700000000000001
2026-05-15 12:30:00+00:00,-0.01436
2026-05-15 12:45:00+00:00,-0.00113
2026-05-15 13:00:00+00:00,0.00164
2026-05-15 13:15:00+00:00,0.0022
2026-05-15 13:30:00+00:00,0.00825
2026-05-15 13:45:00+00:00,0.01657
2026-05-15 14:00:00+00:00,0.008199999999999999
2026-05-15 14:15:00+00:00,0.08976
2026-05-15 14:30:00+00:00,0.10181
2026-05-15 14:45:00+00:00,0.01082
2026-05-15 15:00:00+00:00,0.02081
2026-05-15 15:15:00+00:00,0.11818000000000001
2026-05-15 15:30:00+00:00,0.13026
2026-05-15 15:45:00+00:00,0.045520000000000005
2026-05-15 16:00:00+00:00,0.05916
2026-05-15 16:15:00+00:00,0.07984999999999999
2026-05-15 16:30:00+00:00,0.0673
2026-05-15 16:45:00+00:00,0.10129
2026-05-15 17:00:00+00:00,0.12149
2026-05-15 17:15:00+00:00,0.15089
2026-05-15 17:30:00+00:00,0.13944
2026-05-15 17:45:00+00:00,0.14227
2026-05-15 18:00:00+00:00,0.109
2026-05-15 18:15:00+00:00,0.13465
2026-05-15 18:30:00+00:00,0.13391
2026-05-15 18:45:00+00:00,0.14269
2026-05-15 19:00:00+00:00,0.10262
2026-05-15 19:15:00+00:00,0.15816
2026-05-15 19:30:00+00:00,0.15724000000000002
2026-05-15 19:45:00+00:00,0.11731
2026-05-15 20:00:00+00:00,0.22387
2026-05-15 20:15:00+00:00,0.10154
2026-05-15 20:30:00+00:00,0.13637
2026-05-15 20:45:00+00:00,0.13431
2026-05-15 21:00:00+00:00,0.14403
2026-05-15 21:15:00+00:00,0.11426
2026-05-15 21:30:00+00:00,0.10798
2026-05-15 21:45:00+00:00,0.10477
2026-05-15 22:00:00+00:00,0.14768
2026-05-15 22:15:00+00:00,0.14583000000000002
2026-05-15 22:30:00+00:00,0.14936000000000002
2026-05-15 22:45:00+00:00,0.06252
2026-05-15 23:00:00+00:00,0.08413
2026-05-15 23:15:00+00:00,0.10199
2026-05-15 23:30:00+00:00,0.13663999999999998
2026-05-15 23:45:00+00:00,0.16094
2026-05-16 00:00:00+00:00,0.15527000000000002
2026-05-16 00:15:00+00:00,0.11037000000000001
2026-05-16 00:30:00+00:00,0.12190999999999999
2026-05-16 00:45:00+00:00,0.14255
2026-05-16 01:00:00+00:00,0.1295
2026-05-16 01:15:00+00:00,0.07249
2026-05-16 01:30:00+00:00,0.07873999999999999
2026-05-16 01:45:00+00:00,0.1343
2026-05-16 02:00:00+00:00,0.14571
2026-05-16 02:15:00+00:00,0.1657
2026-05-16 02:30:00+00:00,0.16094999999999998
2026-05-16 02:45:00+00:00,0.18422
2026-05-16 03:00:00+00:00,0.06387
2026-05-16 03:15:00+00:00,0.04448
2026-05-16 03:30:00+00:00,0.06745
2026-05-16 03:45:00+00:00,0.13273
2026-05-16 04:00:00+00:00,0.0994
2026-05-16 04:15:00+00:00,0.07876999999999999
2026-05-16 04:30:00+00:00,0.07425
2026-05-16 04:45:00+00:00,0.09876
2026-05-16 05:00:00+00:00,0.1047
2026-05-16 05:15:00+00:00,0.12592
2026-05-16 05:30:00+00:00,0.046009999999999995
2026-05-16 05:45:00+00:00,0.05233
2026-05-16 06:00:00+00:00,0.07629000000000001
2026-05-16 06:15:00+00:00,0.02229
2026-05-16 06:30:00+00:00,0.03623
2026-05-16 06:45:00+00:00,0.0197
2026-05-16 07:00:00+00:00,0.01323
2026-05-16 07:15:00+00:00,-0.01438
2026-05-16 07:30:00+00:00,-0.01506
2026-05-16 07:45:00+00:00,0.00252
2026-05-16 08:00:00+00:00,0.06569
2026-05-16 08:15:00+00:00,0.02426
2026-05-16 08:30:00+00:00,0.02302
2026-05-16 08:45:00+00:00,0.018600000000000002
2026-05-16 09:00:00+00:00,0.04184
2026-05-16 09:15:00+00:00,-0.00362
2026-05-16 09:30:00+00:00,0.05588
2026-05-16 09:45:00+00:00,-0.011130000000000001
2026-05-16 10:00:00+00:00,0.00691
2026-05-16 10:15:00+00:00,-0.01116
2026-05-16 10:30:00+00:00,0.00733
2026-05-16 10:45:00+00:00,0.00147
2026-05-16 11:00:00+00:00,0.0048200000000000005
2026-05-16 11:15:00+00:00,-0.00314
2026-05-16 11:30:00+00:00,-0.006809999999999999
2026-05-16 11:45:00+00:00,0.00747
2026-05-16 12:00:00+00:00,0.00304
2026-05-16 12:15:00+00:00,0.00020999999999999998
2026-05-16 12:30:00+00:00,0.0083
2026-05-16 12:45:00+00:00,0.07049
2026-05-16 13:00:00+00:00,0.02562
2026-05-16 13:15:00+00:00,0.00111
2026-05-16 13:30:00+00:00,0.05665
2026-05-16 13:45:00+00:00,0.05575
2026-05-16 14:00:00+00:00,0.05317
2026-05-16 14:15:00+00:00,0.07226
2026-05-16 14:30:00+00:00,0.03848
2026-05-16 14:45:00+00:00,0.052219999999999996
2026-05-16 15:00:00+00:00,0.023530000000000002
2026-05-16 15:15:00+00:00,0.09959
2026-05-16 15:30:00+00:00,0.11718
2026-05-16 15:45:00+00:00,0.1171
2026-05-16 16:00:00+00:00,0.13296
2026-05-16 16:15:00+00:00,0.1176
2026-05-16 16:30:00+00:00,0.10237
2026-05-16 16:45:00+00:00,0.11026999999999999
2026-05-16 17:00:00+00:00,0.13771
2026-05-16 17:15:00+00:00,0.10906999999999999
2026-05-16 17:30:00+00:00,0.08675
2026-05-16 17:45:00+00:00,0.08893000000000001
2026-05-16 18:00:00+00:00,0.10998999999999999
2026-05-16 18:15:00+00:00,0.13097
2026-05-16 18:30:00+00:00,0.16913999999999998
2026-05-16 18:45:00+00:00,0.10859999999999999
2026-05-16 19:00:00+00:00,0.1151
2026-05-16 19:15:00+00:00,0.14061
2026-05-16 19:30:00+00:00,0.16949
2026-05-16 19:45:00+00:00,0.13233
2026-05-16 20:00:00+00:00,0.09716
2026-05-16 20:15:00+00:00,0.07054
2026-05-16 20:30:00+00:00,0.07237
2026-05-16 20:45:00+00:00,0.07418999999999999
2026-05-16 21:00:00+00:00,0.07296
2026-05-16 21:15:00+00:00,0.05399
2026-05-16 21:30:00+00:00,0.0549
2026-05-16 21:45:00+00:00,0.06049
2026-05-16 22:00:00+00:00,0.08187
2026-05-16 22:15:00+00:00,0.10227
2026-05-16 22:30:00+00:00,0.08591
2026-05-16 22:45:00+00:00,0.07176
2026-05-16 23:00:00+00:00,0.07423
2026-05-16 23:15:00+00:00,0.0736
2026-05-16 23:30:00+00:00,0.08076
2026-05-16 23:45:00+00:00,0.0917
2026-05-17 00:00:00+00:00,0.08606
2026-05-17 00:15:00+00:00,0.12140999999999999
2026-05-17 00:30:00+00:00,0.12423999999999999
2026-05-17 00:45:00+00:00,0.13566
2026-05-17 01:00:00+00:00,0.1301
2026-05-17 01:15:00+00:00,0.12479000000000001
2026-05-17 01:30:00+00:00,0.14538
2026-05-17 01:45:00+00:00,0.19383
2026-05-17 02:00:00+00:00,0.13083
2026-05-17 02:15:00+00:00,0.15719
2026-05-17 02:30:00+00:00,0.12455
2026-05-17 02:45:00+00:00,0.1036
2026-05-17 03:00:00+00:00,0.0875
2026-05-17 03:15:00+00:00,0.05819
2026-05-17 03:30:00+00:00,0.12365999999999999
2026-05-17 03:45:00+00:00,0.11
2026-05-17 04:00:00+00:00,0.13338999999999998
2026-05-17 04:15:00+00:00,0.18103
2026-05-17 04:30:00+00:00,0.1016
2026-05-17 04:45:00+00:00,0.09414
2026-05-17 05:00:00+00:00,0.08613
2026-05-17 05:15:00+00:00,0.08506999999999999
2026-05-17 05:30:00+00:00,0.09581999999999999
2026-05-17 05:45:00+00:00,0.08008
2026-05-17 06:00:00+00:00,0.09237999999999999
2026-05-17 06:15:00+00:00,0.09604
2026-05-17 06:30:00+00:00,-0.022850000000000002
2026-05-17 06:45:00+00:00,-0.02072
2026-05-17 07:00:00+00:00,0.02223
2026-05-17 07:15:00+00:00,-0.01583
2026-05-17 07:30:00+00:00,-0.01763
2026-05-17 07:45:00+00:00,-0.02019
2026-05-17 08:00:00+00:00,1e-05
2026-05-17 08:15:00+00:00,-0.01247
2026-05-17 08:30:00+00:00,-0.01304
2026-05-17 08:45:00+00:00,-0.0066500000000000005
2026-05-17 09:00:00+00:00,0.01866
2026-05-17 09:15:00+00:00,0.045439999999999994
2026-05-17 09:30:00+00:00,0.027469999999999998
2026-05-17 09:45:00+00:00,-0.00483
2026-05-17 10:00:00+00:00,-0.01059
2026-05-17 10:15:00+00:00,0.01094
2026-05-17 10:30:00+00:00,0.00455
2026-05-17 10:45:00+00:00,0.01235
2026-05-17 11:00:00+00:00,-0.00246
2026-05-17 11:15:00+00:00,-0.011980000000000001
2026-05-17 11:30:00+00:00,-0.00539
2026-05-17 11:45:00+00:00,-0.00594
2026-05-17 12:00:00+00:00,-0.00237
2026-05-17 12:15:00+00:00,0.00209
2026-05-17 12:30:00+00:00,-0.0007099999999999999
2026-05-17 12:45:00+00:00,-0.0039900000000000005
2026-05-17 13:00:00+00:00,0.009640000000000001
2026-05-17 13:15:00+00:00,-0.0025299999999999997
2026-05-17 13:30:00+00:00,0.09758
2026-05-17 13:45:00+00:00,0.09304000000000001
2026-05-17 14:00:00+00:00,0.07582
2026-05-17 14:15:00+00:00,0.13887
2026-05-17 14:30:00+00:00,0.15434
2026-05-17 14:45:00+00:00,0.10723999999999999
2026-05-17 15:00:00+00:00,0.13912
2026-05-17 15:15:00+00:00,0.16458
2026-05-17 15:30:00+00:00,0.18847999999999998
2026-05-17 15:45:00+00:00,0.18359
2026-05-17 16:00:00+00:00,0.16108
2026-05-17 16:15:00+00:00,0.20304
2026-05-17 16:30:00+00:00,0.16138
2026-05-17 16:45:00+00:00,0.20029
2026-05-17 17:00:00+00:00,0.18596000000000001
2026-05-17 17:15:00+00:00,0.18733000000000002
2026-05-17 17:30:00+00:00,0.15093
2026-05-17 17:45:00+00:00,0.14187
2026-05-17 18:00:00+00:00,0.15912
2026-05-17 18:15:00+00:00,0.17213
2026-05-17 18:30:00+00:00,0.15118
2026-05-17 18:45:00+00:00,0.16374
2026-05-17 19:00:00+00:00,0.15706
2026-05-17 19:15:00+00:00,0.19893
2026-05-17 19:30:00+00:00,0.20508
2026-05-17 19:45:00+00:00,0.25253
2026-05-17 20:00:00+00:00,0.32297000000000003
2026-05-17 20:15:00+00:00,0.18446
2026-05-17 20:30:00+00:00,0.14949
2026-05-17 20:45:00+00:00,0.12909
2026-05-17 21:00:00+00:00,0.16716999999999999
2026-05-17 21:15:00+00:00,0.1636
2026-05-17 21:30:00+00:00,0.18428
2026-05-17 21:45:00+00:00,0.17464
2026-05-17 22:00:00+00:00,0.23903
2026-05-17 22:15:00+00:00,0.14878
2026-05-17 22:30:00+00:00,0.20887999999999998
2026-05-17 22:45:00+00:00,0.17563
2026-05-17 23:00:00+00:00,0.18284999999999998
2026-05-17 23:15:00+00:00,0.20996
2026-05-17 23:30:00+00:00,0.15297999999999998
2026-05-17 23:45:00+00:00,0.14108
2026-05-18 00:00:00+00:00,0.11344
2026-05-18 00:15:00+00:00,0.09185
2026-05-18 00:30:00+00:00,0.11774
2026-05-18 00:45:00+00:00,0.11172
2026-05-18 01:00:00+00:00,0.15622
2026-05-18 01:15:00+00:00,0.17958000000000002
2026-05-18 01:30:00+00:00,0.14955000000000002
2026-05-18 01:45:00+00:00,0.13477
2026-05-18 02:00:00+00:00,0.1357
2026-05-18 02:15:00+00:00,0.1364
2026-05-18 02:30:00+00:00,0.13978
2026-05-18 02:45:00+00:00,0.13843
2026-05-18 03:00:00+00:00,0.14386000000000002
2026-05-18 03:15:00+00:00,0.13991
2026-05-18 03:30:00+00:00,0.12472
2026-05-18 03:45:00+00:00,0.10599
2026-05-18 04:00:00+00:00,0.1727
2026-05-18 04:15:00+00:00,0.16008
2026-05-18 04:30:00+00:00,0.17593999999999999
2026-05-18 04:45:00+00:00,0.19303
2026-05-18 05:00:00+00:00,0.18442
2026-05-18 05:15:00+00:00,0.12038
2026-05-18 05:30:00+00:00,0.12256
2026-05-18 05:45:00+00:00,0.11575
2026-05-18 06:00:00+00:00,0.125
2026-05-18 06:15:00+00:00,0.10427
2026-05-18 06:30:00+00:00,0.0986
2026-05-18 06:45:00+00:00,0.0937
2026-05-18 07:00:00+00:00,0.15336000000000002
2026-05-18 07:15:00+00:00,0.09318000000000001
2026-05-18 07:30:00+00:00,0.13822
2026-05-18 07:45:00+00:00,0.12051
2026-05-18 08:00:00+00:00,0.08447
2026-05-18 08:15:00+00:00,0.121
2026-05-18 08:30:00+00:00,0.11494
2026-05-18 08:45:00+00:00,0.02905
2026-05-18 09:00:00+00:00,0.052829999999999995
2026-05-18 09:15:00+00:00,0.04458
2026-05-18 09:30:00+00:00,0.00915
2026-05-18 09:45:00+00:00,0.011179999999999999
2026-05-18 10:00:00+00:00,0.03422
2026-05-18 10:15:00+00:00,0.10486
2026-05-18 10:30:00+00:00,0.14065
2026-05-18 10:45:00+00:00,0.14486000000000002
2026-05-18 11:00:00+00:00,0.13158
2026-05-18 11:15:00+00:00,0.14225
2026-05-18 11:30:00+00:00,0.13291
2026-05-18 11:45:00+00:00,0.13863999999999999
2026-05-18 12:00:00+00:00,0.07293999999999999
2026-05-18 12:15:00+00:00,0.03447
2026-05-18 12:30:00+00:00,0.05557
2026-05-18 12:45:00+00:00,0.09132
2026-05-18 13:00:00+00:00,0.061939999999999995
2026-05-18 13:15:00+00:00,0.05727
2026-05-18 13:30:00+00:00,0.0683
2026-05-18 13:45:00+00:00,0.05778
2026-05-18 14:00:00+00:00,0.05536
2026-05-18 14:15:00+00:00,0.06334000000000001
2026-05-18 14:30:00+00:00,0.10072
2026-05-18 14:45:00+00:00,0.07848000000000001
2026-05-18 15:00:00+00:00,0.0644
2026-05-18 15:15:00+00:00,0.03502
2026-05-18 15:30:00+00:00,0.031190000000000002
2026-05-18 15:45:00+00:00,0.05714
2026-05-18 16:00:00+00:00,0.09833
2026-05-18 16:15:00+00:00,0.1009
2026-05-18 16:30:00+00:00,0.09659999999999999
2026-05-18 16:45:00+00:00,0.15697999999999998
2026-05-18 17:00:00+00:00,0.12102
2026-05-18 17:15:00+00:00,0.15586000000000003
2026-05-18 17:30:00+00:00,0.17379
2026-05-18 17:45:00+00:00,0.25569
2026-05-18 18:00:00+00:00,0.14612999999999998
2026-05-18 18:15:00+00:00,0.16166
2026-05-18 18:30:00+00:00,0.14396
2026-05-18 18:45:00+00:00,0.1197
2026-05-18 19:00:00+00:00,0.10504000000000001
2026-05-18 19:15:00+00:00,0.12005
2026-05-18 19:30:00+00:00,0.15602000000000002
2026-05-18 19:45:00+00:00,0.1464
2026-05-18 20:00:00+00:00,0.20956
2026-05-18 20:15:00+00:00,0.16303
2026-05-18 20:30:00+00:00,0.16728
2026-05-18 20:45:00+00:00,0.17448
2026-05-18 21:00:00+00:00,0.1295
2026-05-18 21:15:00+00:00,0.13241
2026-05-18 21:30:00+00:00,0.15885
2026-05-18 21:45:00+00:00,0.18546
2026-05-18 22:00:00+00:00,0.175
2026-05-18 22:15:00+00:00,0.12333
2026-05-18 22:30:00+00:00,0.12903
2026-05-18 22:45:00+00:00,0.14019
2026-05-18 23:00:00+00:00,0.19853
2026-05-18 23:15:00+00:00,0.16219
2026-05-18 23:30:00+00:00,0.15191
2026-05-18 23:45:00+00:00,0.13440000000000002
2026-05-19 00:00:00+00:00,0.15546000000000001
2026-05-19 00:15:00+00:00,0.16219
2026-05-19 00:30:00+00:00,0.14236000000000001
2026-05-19 00:45:00+00:00,0.14485
2026-05-19 01:00:00+00:00,0.12665
2026-05-19 01:15:00+00:00,0.1303
2026-05-19 01:30:00+00:00,0.13125
2026-05-19 01:45:00+00:00,0.11921999999999999
2026-05-19 02:00:00+00:00,0.14271
2026-05-19 02:15:00+00:00,0.15944
2026-05-19 02:30:00+00:00,0.16451
2026-05-19 02:45:00+00:00,0.16421
2026-05-19 03:00:00+00:00,0.18248
2026-05-19 03:15:00+00:00,0.16118000000000002
2026-05-19 03:30:00+00:00,0.16696
2026-05-19 03:45:00+00:00,0.19813
2026-05-19 04:00:00+00:00,0.19621
2026-05-19 04:15:00+00:00,0.20761000000000002
2026-05-19 04:30:00+00:00,0.21635
2026-05-19 04:45:00+00:00,0.20555
2026-05-19 05:00:00+00:00,0.1987
2026-05-19 05:15:00+00:00,0.16225
2026-05-19 05:30:00+00:00,0.19113999999999998
2026-05-19 05:45:00+00:00,0.16959
2026-05-19 06:00:00+00:00,0.26854
2026-05-19 06:15:00+00:00,0.16182
2026-05-19 06:30:00+00:00,0.07212
2026-05-19 06:45:00+00:00,0.07235
2026-05-19 07:00:00+00:00,0.06003
2026-05-19 07:15:00+00:00,0.04237
2026-05-19 07:30:00+00:00,0.0504
2026-05-19 07:45:00+00:00,0.01853
2026-05-19 08:00:00+00:00,-0.01883
2026-05-19 08:15:00+00:00,-0.01076
2026-05-19 08:30:00+00:00,-0.02624
2026-05-19 08:45:00+00:00,-0.0066500000000000005
2026-05-19 09:00:00+00:00,0.02305
2026-05-19 09:15:00+00:00,0.01803
2026-05-19 09:30:00+00:00,0.009210000000000001
2026-05-19 09:45:00+00:00,0.04355
2026-05-19 10:00:00+00:00,0.0039
2026-05-19 10:15:00+00:00,-0.01167
2026-05-19 10:30:00+00:00,0.0029500000000000004
2026-05-19 10:45:00+00:00,-0.00903
2026-05-19 11:00:00+00:00,0.03304
2026-05-19 11:15:00+00:00,0.01801
2026-05-19 11:30:00+00:00,-0.00085
2026-05-19 11:45:00+00:00,0.01272
2026-05-19 12:00:00+00:00,0.10478
2026-05-19 12:15:00+00:00,0.14794
2026-05-19 12:30:00+00:00,0.11079
2026-05-19 12:45:00+00:00,0.06788
2026-05-19 13:00:00+00:00,0.10302
2026-05-19 13:15:00+00:00,0.12476000000000001
2026-05-19 13:30:00+00:00,0.08376
2026-05-19 13:45:00+00:00,0.07517
2026-05-19 14:00:00+00:00,0.04886
2026-05-19 14:15:00+00:00,0.12972999999999998
2026-05-19 14:30:00+00:00,0.11162000000000001
2026-05-19 14:45:00+00:00,0.11079
2026-05-19 15:00:00+00:00,0.10681
2026-05-19 15:15:00+00:00,0.13894
2026-05-19 15:30:00+00:00,0.16431
2026-05-19 15:45:00+00:00,0.1691
2026-05-19 16:00:00+00:00,0.15731
2026-05-19 16:15:00+00:00,0.11164
2026-05-19 16:30:00+00:00,0.14703
2026-05-19 16:45:00+00:00,0.15106
2026-05-19 17:00:00+00:00,0.13141
2026-05-19 17:15:00+00:00,0.12325
2026-05-19 17:30:00+00:00,0.12771
2026-05-19 17:45:00+00:00,0.10637
2026-05-19 18:00:00+00:00,0.15949000000000002
2026-05-19 18:15:00+00:00,0.16955
2026-05-19 18:30:00+00:00,0.16705
2026-05-19 18:45:00+00:00,0.17314
2026-05-19 19:00:00+00:00,0.053770000000000005
2026-05-19 19:15:00+00:00,0.16127
2026-05-19 19:30:00+00:00,0.16772
2026-05-19 19:45:00+00:00,0.14163
2026-05-19 20:00:00+00:00,0.14502
2026-05-19 20:15:00+00:00,0.16781000000000001
2026-05-19 20:30:00+00:00,0.17724
2026-05-19 20:45:00+00:00,0.17454
2026-05-19 21:00:00+00:00,0.17965
2026-05-19 21:15:00+00:00,0.11298
2026-05-19 21:30:00+00:00,0.15222
2026-05-19 21:45:00+00:00,0.14875
2026-05-19 22:00:00+00:00,0.17295
2026-05-19 22:15:00+00:00,0.18108000000000002
2026-05-19 22:30:00+00:00,0.1889
2026-05-19 22:45:00+00:00,0.18028
2026-05-19 23:00:00+00:00,0.18383000000000002
2026-05-19 23:15:00+00:00,0.20386
2026-05-19 23:30:00+00:00,0.21644999999999998
2026-05-19 23:45:00+00:00,0.12689
2026-05-20 00:00:00+00:00,0.11374
2026-05-20 00:15:00+00:00,0.1193
2026-05-20 00:30:00+00:00,0.15100999999999998
2026-05-20 00:45:00+00:00,0.18238
2026-05-20 01:00:00+00:00,0.17822
2026-05-20 01:15:00+00:00,0.10818000000000001
2026-05-20 01:30:00+00:00,0.10817
2026-05-20 01:45:00+00:00,0.08635
2026-05-20 02:00:00+00:00,0.13338999999999998
2026-05-20 02:15:00+00:00,0.13723
2026-05-20 02:30:00+00:00,0.15122
2026-05-20 02:45:00+00:00,0.14047
2026-05-20 03:00:00+00:00,0.14205
2026-05-20 03:15:00+00:00,0.16015000000000001
2026-05-20 03:30:00+00:00,0.14956999999999998
2026-05-20 03:45:00+00:00,0.13929
2026-05-20 04:00:00+00:00,0.16713
2026-05-20 04:15:00+00:00,0.14386000000000002
2026-05-20 04:30:00+00:00,0.14631
2026-05-20 04:45:00+00:00,0.151
2026-05-20 05:00:00+00:00,0.19326
2026-05-20 05:15:00+00:00,0.15389
2026-05-20 05:30:00+00:00,0.10956
2026-05-20 05:45:00+00:00,0.09918
2026-05-20 06:00:00+00:00,0.15444999999999998
2026-05-20 06:15:00+00:00,0.14934
2026-05-20 06:30:00+00:00,0.1625
2026-05-20 06:45:00+00:00,0.165
2026-05-20 07:00:00+00:00,0.17987
2026-05-20 07:15:00+00:00,0.17415
2026-05-20 07:30:00+00:00,0.16847
2026-05-20 07:45:00+00:00,0.18413
2026-05-20 08:00:00+00:00,0.19943
2026-05-20 08:15:00+00:00,0.21309
2026-05-20 08:30:00+00:00,0.15946000000000002
2026-05-20 08:45:00+00:00,0.13301
2026-05-20 09:00:00+00:00,0.12755
2026-05-20 09:15:00+00:00,0.11309999999999999
2026-05-20 09:30:00+00:00,0.07545
2026-05-20 09:45:00+00:00,0.09591
2026-05-20 10:00:00+00:00,0.13673
2026-05-20 10:15:00+00:00,0.16848
2026-05-20 10:30:00+00:00,0.00318
2026-05-20 10:45:00+00:00,0.04015
2026-05-20 11:00:00+00:00,0.06343
2026-05-20 11:15:00+00:00,0.039520000000000007
2026-05-20 11:30:00+00:00,0.02379
2026-05-20 11:45:00+00:00,0.12644
2026-05-20 12:00:00+00:00,0.045759999999999995
2026-05-20 12:15:00+00:00,0.0265
2026-05-20 12:30:00+00:00,0.04319
2026-05-20 12:45:00+00:00,0.06096
2026-05-20 13:00:00+00:00,0.12269
2026-05-20 13:15:00+00:00,0.12017
2026-05-20 13:30:00+00:00,0.06636
2026-05-20 13:45:00+00:00,0.07906999999999999
2026-05-20 14:00:00+00:00,0.11316
2026-05-20 14:15:00+00:00,0.11779
2026-05-20 14:30:00+00:00,0.11173000000000001
2026-05-20 14:45:00+00:00,0.11616
2026-05-20 15:00:00+00:00,0.17787
2026-05-20 15:15:00+00:00,0.28058999999999995
2026-05-20 15:30:00+00:00,0.18866
2026-05-20 15:45:00+00:00,0.18509
2026-05-20 16:00:00+00:00,0.20379
2026-05-20 16:15:00+00:00,0.22788999999999998
2026-05-20 16:30:00+00:00,0.17954
2026-05-20 16:45:00+00:00,0.08501
2026-05-20 17:00:00+00:00,0.10626999999999999
2026-05-20 17:15:00+00:00,0.1697
2026-05-20 17:30:00+00:00,0.16687000000000002
2026-05-20 17:45:00+00:00,0.13012
2026-05-20 18:00:00+00:00,0.11019
2026-05-20 18:15:00+00:00,0.14305
2026-05-20 18:30:00+00:00,0.17508
2026-05-20 18:45:00+00:00,0.21650999999999998
2026-05-20 19:00:00+00:00,0.20264
2026-05-20 19:15:00+00:00,0.19865
2026-05-20 19:30:00+00:00,0.19695
2026-05-20 19:45:00+00:00,0.20801
2026-05-20 20:00:00+00:00,0.29096
2026-05-20 20:15:00+00:00,0.21947999999999998
2026-05-20 20:30:00+00:00,0.12112
2026-05-20 20:45:00+00:00,0.15047
2026-05-20 21:00:00+00:00,0.12922
2026-05-20 21:15:00+00:00,0.16158
2026-05-20 21:30:00+00:00,0.16611
2026-05-20 21:45:00+00:00,0.17321
2026-05-20 22:00:00+00:00,0.16831000000000002
2026-05-20 22:15:00+00:00,0.17239
2026-05-20 22:30:00+00:00,0.12470999999999999
2026-05-20 22:45:00+00:00,0.13341999999999998
2026-05-20 23:00:00+00:00,0.15123
2026-05-20 23:15:00+00:00,0.14456
2026-05-20 23:30:00+00:00,0.12927000000000002
2026-05-20 23:45:00+00:00,0.12863
2026-05-21 00:00:00+00:00,0.10998999999999999
2026-05-21 00:15:00+00:00,0.09642
2026-05-21 00:30:00+00:00,0.09464
2026-05-21 00:45:00+00:00,0.08138
2026-05-21 01:00:00+00:00,0.11083
2026-05-21 01:15:00+00:00,0.10965000000000001
2026-05-21 01:30:00+00:00,0.10434
2026-05-21 01:45:00+00:00,0.08001000000000001
2026-05-21 02:00:00+00:00,0.09135
2026-05-21 02:15:00+00:00,0.08477
2026-05-21 02:30:00+00:00,0.07940000000000001
2026-05-21 02:45:00+00:00,0.10729000000000001
2026-05-21 03:00:00+00:00,0.1252
2026-05-21 03:15:00+00:00,0.13675
2026-05-21 03:30:00+00:00,0.11893000000000001
2026-05-21 03:45:00+00:00,0.10947
2026-05-21 04:00:00+00:00,0.09058
2026-05-21 04:15:00+00:00,0.14285
2026-05-21 04:30:00+00:00,0.17079
2026-05-21 04:45:00+00:00,0.19463
2026-05-21 05:00:00+00:00,0.18988999999999998
2026-05-21 05:15:00+00:00,0.17708000000000002
2026-05-21 05:30:00+00:00,0.18236000000000002
2026-05-21 05:45:00+00:00,0.1879
2026-05-21 06:00:00+00:00,0.21672999999999998
2026-05-21 06:15:00+00:00,0.20204
2026-05-21 06:30:00+00:00,0.17045
2026-05-21 06:45:00+00:00,0.062130000000000005
2026-05-21 07:00:00+00:00,0.03271
2026-05-21 07:15:00+00:00,0.022019999999999998
2026-05-21 07:30:00+00:00,0.05213
2026-05-21 07:45:00+00:00,0.03861
2026-05-21 08:00:00+00:00,0.047009999999999996
2026-05-21 08:15:00+00:00,0.02068
2026-05-21 08:30:00+00:00,0.017929999999999998
2026-05-21 08:45:00+00:00,-0.0067599999999999995
2026-05-21 09:00:00+00:00,0.01875
2026-05-21 09:15:00+00:00,0.08795
2026-05-21 09:30:00+00:00,0.13347
2026-05-21 09:45:00+00:00,0.18145
2026-05-21 10:00:00+00:00,0.18478999999999998
2026-05-21 10:15:00+00:00,0.2297
2026-05-21 10:30:00+00:00,0.19698
2026-05-21 10:45:00+00:00,0.16172
2026-05-21 11:00:00+00:00,0.16648
2026-05-21 11:15:00+00:00,0.26677999999999996
2026-05-21 11:30:00+00:00,0.12578
2026-05-21 11:45:00+00:00,0.02633
2026-05-21 12:00:00+00:00,0.07217
2026-05-21 12:15:00+00:00,0.032600000000000004
2026-05-21 12:30:00+00:00,0.030719999999999997
2026-05-21 12:45:00+00:00,0.03465
2026-05-21 13:00:00+00:00,0.06742000000000001
2026-05-21 13:15:00+00:00,0.01282
2026-05-21 13:30:00+00:00,0.06836
2026-05-21 13:45:00+00:00,0.039189999999999996
2026-05-21 14:00:00+00:00,-0.01334
2026-05-21 14:15:00+00:00,-0.0344
2026-05-21 14:30:00+00:00,-0.00095
2026-05-21 14:45:00+00:00,-0.00477
2026-05-21 15:00:00+00:00,0.008490000000000001
2026-05-21 15:15:00+00:00,0.05737
2026-05-21 15:30:00+00:00,0.0242
2026-05-21 15:45:00+00:00,0.0809
2026-05-21 16:00:00+00:00,0.015050000000000001
2026-05-21 16:15:00+00:00,0.14892
2026-05-21 16:30:00+00:00,0.16302
2026-05-21 16:45:00+00:00,0.16849
2026-05-21 17:00:00+00:00,0.09739
2026-05-21 17:15:00+00:00,0.10870999999999999
2026-05-21 17:30:00+00:00,0.17357
2026-05-21 17:45:00+00:00,0.15872
2026-05-21 18:00:00+00:00,0.1345
2026-05-21 18:15:00+00:00,0.13424
2026-05-21 18:30:00+00:00,0.18271
2026-05-21 18:45:00+00:00,0.18737
2026-05-21 19:00:00+00:00,0.31987
2026-05-21 19:15:00+00:00,0.21484999999999999
2026-05-21 19:30:00+00:00,0.24900999999999998
2026-05-21 19:45:00+00:00,0.23113
2026-05-21 20:00:00+00:00,0.22956000000000001
2026-05-21 20:15:00+00:00,0.24093
2026-05-21 20:30:00+00:00,0.25017
2026-05-21 20:45:00+00:00,0.17057
2026-05-21 21:00:00+00:00,0.28066
2026-05-21 21:15:00+00:00,0.13
2026-05-21 21:30:00+00:00,0.20081
2026-05-21 21:45:00+00:00,0.16056
2026-05-21 22:00:00+00:00,0.17237
2026-05-21 22:15:00+00:00,0.18949000000000002
2026-05-21 22:30:00+00:00,0.17251
2026-05-21 22:45:00+00:00,0.18728999999999998
2026-05-21 23:00:00+00:00,0.18191
2026-05-21 23:15:00+00:00,0.17132
2026-05-21 23:30:00+00:00,0.1554
2026-05-21 23:45:00+00:00,0.18024
2026-05-22 00:00:00+00:00,0.14437
2026-05-22 00:15:00+00:00,0.15312
2026-05-22 00:30:00+00:00,0.11995
2026-05-22 00:45:00+00:00,0.11748
2026-05-22 01:00:00+00:00,0.10848999999999999
2026-05-22 01:15:00+00:00,0.12049
2026-05-22 01:30:00+00:00,0.14381
2026-05-22 01:45:00+00:00,0.14475
2026-05-22 02:00:00+00:00,0.11973
2026-05-22 02:15:00+00:00,0.13552
2026-05-22 02:30:00+00:00,0.13215000000000002
2026-05-22 02:45:00+00:00,0.13240000000000002
2026-05-22 03:00:00+00:00,0.15513
2026-05-22 03:15:00+00:00,0.13076
2026-05-22 03:30:00+00:00,0.1315
2026-05-22 03:45:00+00:00,0.10901999999999999
2026-05-22 04:00:00+00:00,0.10967
2026-05-22 04:15:00+00:00,0.13671
2026-05-22 04:30:00+00:00,0.1514
2026-05-22 04:45:00+00:00,0.14925
2026-05-22 05:00:00+00:00,0.13452
2026-05-22 05:15:00+00:00,0.09906000000000001
2026-05-22 05:30:00+00:00,0.12513
2026-05-22 05:45:00+00:00,0.11516
2026-05-22 06:00:00+00:00,0.17684
2026-05-22 06:15:00+00:00,0.16651
2026-05-22 06:30:00+00:00,0.1408
2026-05-22 06:45:00+00:00,0.13085
2026-05-22 07:00:00+00:00,0.15543
2026-05-22 07:15:00+00:00,0.17363
2026-05-22 07:30:00+00:00,0.14994
2026-05-22 07:45:00+00:00,0.12838
2026-05-22 08:00:00+00:00,0.0996
2026-05-22 08:15:00+00:00,0.10801999999999999
2026-05-22 08:30:00+00:00,0.06620000000000001
2026-05-22 08:45:00+00:00,0.09161
2026-05-22 09:00:00+00:00,0.00931
2026-05-22 09:15:00+00:00,-0.00233
2026-05-22 09:30:00+00:00,-0.01467
2026-05-22 09:45:00+00:00,-0.01724
2026-05-22 10:00:00+00:00,-0.013009999999999999
2026-05-22 10:15:00+00:00,-0.01325
2026-05-22 10:30:00+00:00,-0.009800000000000001
2026-05-22 10:45:00+00:00,0.0030299999999999997
2026-05-22 11:00:00+00:00,0.01574
2026-05-22 11:15:00+00:00,0.00873
2026-05-22 11:30:00+00:00,0.0030800000000000003
2026-05-22 11:45:00+00:00,-0.00578
2026-05-22 12:00:00+00:00,-0.00714
2026-05-22 12:15:00+00:00,-0.01732
2026-05-22 12:30:00+00:00,-0.011519999999999999
2026-05-22 12:45:00+00:00,-0.01801
2026-05-22 13:00:00+00:00,-0.009089999999999999
2026-05-22 13:15:00+00:00,-0.0075
2026-05-22 13:30:00+00:00,-0.01677
2026-05-22 13:45:00+00:00,0.022760000000000002
2026-05-22 14:00:00+00:00,0.09286
2026-05-22 14:15:00+00:00,0.09638
2026-05-22 14:30:00+00:00,0.10646
2026-05-22 14:45:00+00:00,0.0727
2026-05-22 15:00:00+00:00,0.04682
2026-05-22 15:15:00+00:00,0.12881
2026-05-22 15:30:00+00:00,0.11509
2026-05-22 15:45:00+00:00,0.13704
2026-05-22 16:00:00+00:00,0.07045
2026-05-22 16:15:00+00:00,0.10893000000000001
2026-05-22 16:30:00+00:00,0.14596
2026-05-22 16:45:00+00:00,0.19571
2026-05-22 17:00:00+00:00,0.14521
2026-05-22 17:15:00+00:00,0.18143
2026-05-22 17:30:00+00:00,0.20176
2026-05-22 17:45:00+00:00,0.22499
2026-05-22 18:00:00+00:00,0.15555000000000002
2026-05-22 18:15:00+00:00,0.13228
2026-05-22 18:30:00+00:00,0.12983
2026-05-22 18:45:00+00:00,0.12517
2026-05-22 19:00:00+00:00,0.11213
2026-05-22 19:15:00+00:00,0.1519
2026-05-22 19:30:00+00:00,0.17027
2026-05-22 19:45:00+00:00,0.14016
2026-05-22 20:00:00+00:00,0.20516
2026-05-22 20:15:00+00:00,0.20481
2026-05-22 20:30:00+00:00,0.16596
2026-05-22 20:45:00+00:00,0.11692
2026-05-22 21:00:00+00:00,0.11806
2026-05-22 21:15:00+00:00,0.17527
2026-05-22 21:30:00+00:00,0.14256
2026-05-22 21:45:00+00:00,0.13359000000000001
2026-05-22 22:00:00+00:00,0.20001
2026-05-22 22:15:00+00:00,0.19891999999999999
2026-05-22 22:30:00+00:00,0.17742
2026-05-22 22:45:00+00:00,0.16094999999999998
2026-05-22 23:00:00+00:00,0.20292
2026-05-22 23:15:00+00:00,0.11968999999999999
2026-05-22 23:30:00+00:00,0.1379
2026-05-22 23:45:00+00:00,0.14789
2026-05-23 00:00:00+00:00,0.14241
2026-05-23 00:15:00+00:00,0.24281
2026-05-23 00:30:00+00:00,0.23247
2026-05-23 00:45:00+00:00,0.18065
2026-05-23 01:00:00+00:00,0.11065000000000001
2026-05-23 01:15:00+00:00,0.13775
2026-05-23 01:30:00+00:00,0.1369
2026-05-23 01:45:00+00:00,0.16431
2026-05-23 02:00:00+00:00,0.11964
2026-05-23 02:15:00+00:00,0.12632
2026-05-23 02:30:00+00:00,0.15827000000000002
2026-05-23 02:45:00+00:00,0.10955
2026-05-23 03:00:00+00:00,0.10754999999999999
2026-05-23 03:15:00+00:00,0.07213
2026-05-23 03:30:00+00:00,0.06987
2026-05-23 03:45:00+00:00,0.08385
2026-05-23 04:00:00+00:00,0.17171
2026-05-23 04:15:00+00:00,0.15025
2026-05-23 04:30:00+00:00,0.10629000000000001
2026-05-23 04:45:00+00:00,0.08
2026-05-23 05:00:00+00:00,0.10166
2026-05-23 05:15:00+00:00,0.08662
2026-05-23 05:30:00+00:00,0.1328
2026-05-23 05:45:00+00:00,0.08515
2026-05-23 06:00:00+00:00,0.05866
2026-05-23 06:15:00+00:00,0.00688
2026-05-23 06:30:00+00:00,-0.00319
2026-05-23 06:45:00+00:00,-0.00281
2026-05-23 07:00:00+00:00,0.040369999999999996
2026-05-23 07:15:00+00:00,0.00613
2026-05-23 07:30:00+00:00,0.00711
2026-05-23 07:45:00+00:00,0.0154
2026-05-23 08:00:00+00:00,0.0833
2026-05-23 08:15:00+00:00,0.02949
2026-05-23 08:30:00+00:00,0.02708
2026-05-23 08:45:00+00:00,-0.00679
2026-05-23 09:00:00+00:00,-0.00827
2026-05-23 09:15:00+00:00,0.00552
2026-05-23 09:30:00+00:00,0.00552
2026-05-23 09:45:00+00:00,0.00567
2026-05-23 10:00:00+00:00,-0.0039
2026-05-23 10:15:00+00:00,-0.00249
2026-05-23 10:30:00+00:00,-0.00518
2026-05-23 10:45:00+00:00,-0.00379
2026-05-23 11:00:00+00:00,0.00289
2026-05-23 11:15:00+00:00,0.00364
2026-05-23 11:30:00+00:00,-0.0023799999999999997
2026-05-23 11:45:00+00:00,-0.0060999999999999995
2026-05-23 12:00:00+00:00,0.00156
2026-05-23 12:15:00+00:00,0.0038900000000000002
2026-05-23 12:30:00+00:00,-0.0050999999999999995
2026-05-23 12:45:00+00:00,-0.01077
2026-05-23 13:00:00+00:00,-0.01056
2026-05-23 13:15:00+00:00,-0.008199999999999999
2026-05-23 13:30:00+00:00,-0.01124
2026-05-23 13:45:00+00:00,-0.00949
2026-05-23 14:00:00+00:00,0.0030600000000000002
2026-05-23 14:15:00+00:00,0.03133
2026-05-23 14:30:00+00:00,-0.0077
2026-05-23 14:45:00+00:00,-0.00378
2026-05-23 15:00:00+00:00,0.0495
2026-05-23 15:15:00+00:00,0.08155
2026-05-23 15:30:00+00:00,0.05594
2026-05-23 15:45:00+00:00,0.10474
2026-05-23 16:00:00+00:00,0.15009
2026-05-23 16:15:00+00:00,0.11464
2026-05-23 16:30:00+00:00,0.12351999999999999
2026-05-23 16:45:00+00:00,0.14403
2026-05-23 17:00:00+00:00,0.12686
2026-05-23 17:15:00+00:00,0.11341
2026-05-23 17:30:00+00:00,0.16237000000000001
2026-05-23 17:45:00+00:00,0.22218000000000002
2026-05-23 18:00:00+00:00,0.23024
2026-05-23 18:15:00+00:00,0.18137999999999999
2026-05-23 18:30:00+00:00,0.21043
2026-05-23 18:45:00+00:00,0.23169
2026-05-23 19:00:00+00:00,0.19297999999999998
2026-05-23 19:15:00+00:00,0.17828
2026-05-23 19:30:00+00:00,0.2073
2026-05-23 19:45:00+00:00,0.23827
2026-05-23 20:00:00+00:00,0.23388
2026-05-23 20:15:00+00:00,0.24231999999999998
2026-05-23 20:30:00+00:00,0.23326
2026-05-23 20:45:00+00:00,0.29334
2026-05-23 21:00:00+00:00,0.29213
2026-05-23 21:15:00+00:00,0.37293
2026-05-23 21:30:00+00:00,0.09348999999999999
2026-05-23 21:45:00+00:00,0.10165
2026-05-23 22:00:00+00:00,0.11203
2026-05-23 22:15:00+00:00,0.16411
2026-05-23 22:30:00+00:00,0.15335
2026-05-23 22:45:00+00:00,0.10321999999999999
2026-05-23 23:00:00+00:00,0.12308
2026-05-23 23:15:00+00:00,0.10184
2026-05-23 23:30:00+00:00,0.1134
2026-05-23 23:45:00+00:00,0.09440000000000001
2026-05-24 00:00:00+00:00,0.12745
2026-05-24 00:15:00+00:00,0.11008
2026-05-24 00:30:00+00:00,0.09378
2026-05-24 00:45:00+00:00,0.07629000000000001
2026-05-24 01:00:00+00:00,0.09084
2026-05-24 01:15:00+00:00,0.06885
2026-05-24 01:30:00+00:00,0.06082
2026-05-24 01:45:00+00:00,0.0775
2026-05-24 02:00:00+00:00,0.09334
2026-05-24 02:15:00+00:00,0.09793
2026-05-24 02:30:00+00:00,0.07151
2026-05-24 02:45:00+00:00,0.08925
2026-05-24 03:00:00+00:00,0.10762999999999999
2026-05-24 03:15:00+00:00,0.043340000000000004
2026-05-24 03:30:00+00:00,0.019579999999999997
2026-05-24 03:45:00+00:00,0.02225
2026-05-24 04:00:00+00:00,0.047799999999999995
2026-05-24 04:15:00+00:00,0.08721
2026-05-24 04:30:00+00:00,0.10886
2026-05-24 04:45:00+00:00,0.04288
2026-05-24 05:00:00+00:00,0.09695000000000001
2026-05-24 05:15:00+00:00,0.10108
2026-05-24 05:30:00+00:00,0.07099
2026-05-24 05:45:00+00:00,-0.04201
2026-05-24 06:00:00+00:00,-0.0119
2026-05-24 06:15:00+00:00,-0.01641
2026-05-24 06:30:00+00:00,0.00709
2026-05-24 06:45:00+00:00,-0.0058
2026-05-24 07:00:00+00:00,-0.0035600000000000002
2026-05-24 07:15:00+00:00,-0.00821
2026-05-24 07:30:00+00:00,0.12073
2026-05-24 07:45:00+00:00,-0.007719999999999999
2026-05-24 08:00:00+00:00,-0.00331
2026-05-24 08:15:00+00:00,-0.00414
2026-05-24 08:30:00+00:00,-0.010060000000000001
2026-05-24 08:45:00+00:00,-0.00563
2026-05-24 09:00:00+00:00,-0.00733
2026-05-24 09:15:00+00:00,-0.01557
2026-05-24 09:30:00+00:00,-0.02367
2026-05-24 09:45:00+00:00,-0.01893
2026-05-24 10:00:00+00:00,-0.014839999999999999
2026-05-24 10:15:00+00:00,-0.04218
2026-05-24 10:30:00+00:00,-0.03729
2026-05-24 10:45:00+00:00,-0.06888
2026-05-24 11:00:00+00:00,-0.09743
2026-05-24 11:15:00+00:00,-0.11183
2026-05-24 11:30:00+00:00,-0.12032999999999999
2026-05-24 11:45:00+00:00,-0.13638
2026-05-24 12:00:00+00:00,-0.11792
2026-05-24 12:15:00+00:00,-0.09356999999999999
2026-05-24 12:30:00+00:00,-0.08270000000000001
2026-05-24 12:45:00+00:00,-0.07755
2026-05-24 13:00:00+00:00,-0.0694
2026-05-24 13:15:00+00:00,-0.0376
2026-05-24 13:30:00+00:00,-0.02123
2026-05-24 13:45:00+00:00,-0.02017
2026-05-24 14:00:00+00:00,-0.02855
2026-05-24 14:15:00+00:00,-0.015189999999999999
2026-05-24 14:30:00+00:00,-0.0173
2026-05-24 14:45:00+00:00,-0.01084
2026-05-24 15:00:00+00:00,0.0
2026-05-24 15:15:00+00:00,-0.15474000000000002
2026-05-24 15:30:00+00:00,-0.03074
2026-05-24 15:45:00+00:00,-0.038270000000000005
2026-05-24 16:00:00+00:00,-0.01566
2026-05-24 16:15:00+00:00,-0.006019999999999999
2026-05-24 16:30:00+00:00,-0.02368
2026-05-24 16:45:00+00:00,0.05645
2026-05-24 17:00:00+00:00,0.04265
2026-05-24 17:15:00+00:00,0.055729999999999995
2026-05-24 17:30:00+00:00,0.02072
2026-05-24 17:45:00+00:00,0.04186
2026-05-24 18:00:00+00:00,0.12293000000000001
2026-05-24 18:15:00+00:00,0.09897
2026-05-24 18:30:00+00:00,0.08937
2026-05-24 18:45:00+00:00,0.09206
2026-05-24 19:00:00+00:00,0.09417
2026-05-24 19:15:00+00:00,0.09956
2026-05-24 19:30:00+00:00,0.13182
2026-05-24 19:45:00+00:00,0.12342
2026-05-24 20:00:00+00:00,0.09972
2026-05-24 20:15:00+00:00,0.10303
2026-05-24 20:30:00+00:00,0.10626999999999999
2026-05-24 20:45:00+00:00,0.11233
2026-05-24 21:00:00+00:00,0.10326
2026-05-24 21:15:00+00:00,0.09326000000000001
2026-05-24 21:30:00+00:00,0.10536
2026-05-24 21:45:00+00:00,0.10185
2026-05-24 22:00:00+00:00,0.10701999999999999
2026-05-24 22:15:00+00:00,0.10105
2026-05-24 22:30:00+00:00,0.10621
2026-05-24 22:45:00+00:00,0.0853
2026-05-24 23:00:00+00:00,0.125
2026-05-24 23:15:00+00:00,0.12697
2026-05-24 23:30:00+00:00,0.12963999999999998
2026-05-24 23:45:00+00:00,0.12655
2026-05-25 00:00:00+00:00,0.13493
2026-05-25 00:15:00+00:00,0.14366
2026-05-25 00:30:00+00:00,0.15225
2026-05-25 00:45:00+00:00,0.14645
2026-05-25 01:00:00+00:00,0.14893
2026-05-25 01:15:00+00:00,0.12827000000000002
2026-05-25 01:30:00+00:00,0.09684999999999999
2026-05-25 01:45:00+00:00,0.11194
2026-05-25 02:00:00+00:00,0.12762
2026-05-25 02:15:00+00:00,0.08093
2026-05-25 02:30:00+00:00,0.09495
2026-05-25 02:45:00+00:00,0.09695000000000001
2026-05-25 03:00:00+00:00,0.10387
2026-05-25 03:15:00+00:00,0.09996
2026-05-25 03:30:00+00:00,0.10726000000000001
2026-05-25 03:45:00+00:00,0.12711
2026-05-25 04:00:00+00:00,0.14717
2026-05-25 04:15:00+00:00,0.14448
2026-05-25 04:30:00+00:00,0.14015
2026-05-25 04:45:00+00:00,0.13895
2026-05-25 05:00:00+00:00,0.14906999999999998
2026-05-25 05:15:00+00:00,0.06869
2026-05-25 05:30:00+00:00,0.10289
2026-05-25 05:45:00+00:00,0.06142
2026-05-25 06:00:00+00:00,0.17133
2026-05-25 06:15:00+00:00,0.14784999999999998
2026-05-25 06:30:00+00:00,0.11388
2026-05-25 06:45:00+00:00,0.02961
2026-05-25 07:00:00+00:00,0.00948
2026-05-25 07:15:00+00:00,0.00701
2026-05-25 07:30:00+00:00,0.09939
2026-05-25 07:45:00+00:00,-0.03532
2026-05-25 08:00:00+00:00,0.0008900000000000001
2026-05-25 08:15:00+00:00,0.06399
2026-05-25 08:30:00+00:00,-0.00035999999999999997
2026-05-25 08:45:00+00:00,0.00504
2026-05-25 09:00:00+00:00,0.04211
2026-05-25 09:15:00+00:00,0.01177
2026-05-25 09:30:00+00:00,0.05205
2026-05-25 09:45:00+00:00,0.00332
2026-05-25 10:00:00+00:00,0.04184
2026-05-25 10:15:00+00:00,-0.00478
2026-05-25 10:30:00+00:00,-0.0011799999999999998
2026-05-25 10:45:00+00:00,0.01401
2026-05-25 11:00:00+00:00,0.08318
2026-05-25 11:15:00+00:00,0.00261
2026-05-25 11:30:00+00:00,-0.00422
2026-05-25 11:45:00+00:00,0.00226
2026-05-25 12:00:00+00:00,0.00747
2026-05-25 12:15:00+00:00,-0.00517
2026-05-25 12:30:00+00:00,0.0034500000000000004
2026-05-25 12:45:00+00:00,0.00354
2026-05-25 13:00:00+00:00,-0.00304
2026-05-25 13:15:00+00:00,-0.00464
2026-05-25 13:30:00+00:00,-0.00647
2026-05-25 13:45:00+00:00,-0.00335
2026-05-25 14:00:00+00:00,-0.00412
2026-05-25 14:15:00+00:00,-0.00626
2026-05-25 14:30:00+00:00,-0.009179999999999999
2026-05-25 14:45:00+00:00,-0.00404
2026-05-25 15:00:00+00:00,0.12128
2026-05-25 15:15:00+00:00,0.06686
2026-05-25 15:30:00+00:00,0.13738
2026-05-25 15:45:00+00:00,0.17364
2026-05-25 16:00:00+00:00,0.15444999999999998
2026-05-25 16:15:00+00:00,0.15946000000000002
2026-05-25 16:30:00+00:00,0.18591999999999997
2026-05-25 16:45:00+00:00,0.14731
2026-05-25 17:00:00+00:00,0.11665
2026-05-25 17:15:00+00:00,0.15955000000000003
2026-05-25 17:30:00+00:00,0.20793
2026-05-25 17:45:00+00:00,0.21051
2026-05-25 18:00:00+00:00,0.21019
2026-05-25 18:15:00+00:00,0.25137
2026-05-25 18:30:00+00:00,0.29764999999999997
2026-05-25 18:45:00+00:00,0.21130000000000002
2026-05-25 19:00:00+00:00,0.16063
2026-05-25 19:15:00+00:00,0.15146
2026-05-25 19:30:00+00:00,0.19465000000000002
2026-05-25 19:45:00+00:00,0.18934
2026-05-25 20:00:00+00:00,0.17491
2026-05-25 20:15:00+00:00,0.16247999999999999
2026-05-25 20:30:00+00:00,0.11447
2026-05-25 20:45:00+00:00,0.1416
2026-05-25 21:00:00+00:00,0.15852000000000002
2026-05-25 21:15:00+00:00,0.09367
2026-05-25 21:30:00+00:00,0.12757
2026-05-25 21:45:00+00:00,0.08347
2026-05-25 22:00:00+00:00,0.08561
2026-05-25 22:15:00+00:00,0.10169
2026-05-25 22:30:00+00:00,0.09326999999999999
2026-05-25 22:45:00+00:00,0.10292
2026-05-25 23:00:00+00:00,0.08488
2026-05-25 23:15:00+00:00,0.08978
2026-05-25 23:30:00+00:00,0.09895
2026-05-25 23:45:00+00:00,0.09719
2026-05-26 00:00:00+00:00,0.11040000000000001
2026-05-26 00:15:00+00:00,0.10945999999999999
2026-05-26 00:30:00+00:00,0.11059999999999999
2026-05-26 00:45:00+00:00,0.09553
2026-05-26 01:00:00+00:00,0.1012
2026-05-26 01:15:00+00:00,0.08897
2026-05-26 01:30:00+00:00,0.11403
2026-05-26 01:45:00+00:00,0.10711
2026-05-26 02:00:00+00:00,0.10542
2026-05-26 02:15:00+00:00,0.111
2026-05-26 02:30:00+00:00,0.10739
2026-05-26 02:45:00+00:00,0.09598999999999999
2026-05-26 03:00:00+00:00,0.08634
2026-05-26 03:15:00+00:00,0.07598999999999999
2026-05-26 03:30:00+00:00,0.08626
2026-05-26 03:45:00+00:00,0.10276
2026-05-26 04:00:00+00:00,0.09015999999999999
2026-05-26 04:15:00+00:00,0.10118
2026-05-26 04:30:00+00:00,0.09498999999999999
2026-05-26 04:45:00+00:00,0.10029
2026-05-26 05:00:00+00:00,0.10945
2026-05-26 05:15:00+00:00,0.0626
2026-05-26 05:30:00+00:00,0.12308
2026-05-26 05:45:00+00:00,0.10521
2026-05-26 06:00:00+00:00,0.14730000000000001
2026-05-26 06:15:00+00:00,0.15663999999999997
2026-05-26 06:30:00+00:00,0.13186
2026-05-26 06:45:00+00:00,0.15813999999999998
2026-05-26 07:00:00+00:00,0.09267
2026-05-26 07:15:00+00:00,0.015359999999999999
2026-05-26 07:30:00+00:00,0.0643
2026-05-26 07:45:00+00:00,0.028050000000000002
2026-05-26 08:00:00+00:00,0.02102
2026-05-26 08:15:00+00:00,-0.00654
2026-05-26 08:30:00+00:00,-0.01304
2026-05-26 08:45:00+00:00,-0.0095
2026-05-26 09:00:00+00:00,-0.0016899999999999999
2026-05-26 09:15:00+00:00,-0.0016899999999999999
2026-05-26 09:30:00+00:00,-0.00183
2026-05-26 09:45:00+00:00,0.03961
2026-05-26 10:00:00+00:00,0.01345
2026-05-26 10:15:00+00:00,-0.006019999999999999
2026-05-26 10:30:00+00:00,-0.01067
2026-05-26 10:45:00+00:00,-0.00749
2026-05-26 11:00:00+00:00,-0.011130000000000001
2026-05-26 11:15:00+00:00,-0.0044
2026-05-26 11:30:00+00:00,-0.00543
2026-05-26 11:45:00+00:00,-0.00044
2026-05-26 12:00:00+00:00,-0.00701
2026-05-26 12:15:00+00:00,0.06803000000000001
2026-05-26 12:30:00+00:00,0.062270000000000006
2026-05-26 12:45:00+00:00,-0.00202
2026-05-26 13:00:00+00:00,-0.00423
2026-05-26 13:15:00+00:00,-0.00244
2026-05-26 13:30:00+00:00,0.0686
2026-05-26 13:45:00+00:00,0.00719
2026-05-26 14:00:00+00:00,0.00074
2026-05-26 14:15:00+00:00,0.08796
2026-05-26 14:30:00+00:00,0.11334000000000001
2026-05-26 14:45:00+00:00,0.12799
2026-05-26 15:00:00+00:00,0.12605
2026-05-26 15:15:00+00:00,0.16674
2026-05-26 15:30:00+00:00,0.19085
2026-05-26 15:45:00+00:00,0.16626
2026-05-26 16:00:00+00:00,0.06470999999999999
2026-05-26 16:15:00+00:00,0.15316
2026-05-26 16:30:00+00:00,0.18223
2026-05-26 16:45:00+00:00,0.21477000000000002
2026-05-26 17:00:00+00:00,0.17989
2026-05-26 17:15:00+00:00,0.26185
2026-05-26 17:30:00+00:00,0.40216
2026-05-26 17:45:00+00:00,0.53088
2026-05-26 18:00:00+00:00,0.70994
2026-05-26 18:15:00+00:00,0.88609
2026-05-26 18:30:00+00:00,1.19326
2026-05-26 18:45:00+00:00,1.2867
2026-05-26 19:00:00+00:00,0.29674
2026-05-26 19:15:00+00:00,0.45757
2026-05-26 19:30:00+00:00,0.16109
2026-05-26 19:45:00+00:00,0.19463999999999998
2026-05-26 20:00:00+00:00,0.41683
2026-05-26 20:15:00+00:00,0.20898
2026-05-26 20:30:00+00:00,0.17069
2026-05-26 20:45:00+00:00,0.20072
2026-05-26 21:00:00+00:00,0.11379
2026-05-26 21:15:00+00:00,0.1193
2026-05-26 21:30:00+00:00,0.13115000000000002
2026-05-26 21:45:00+00:00,0.14221999999999999
2026-05-26 22:00:00+00:00,0.15594
2026-05-26 22:15:00+00:00,0.16482
2026-05-26 22:30:00+00:00,0.1782
2026-05-26 22:45:00+00:00,0.11393
2026-05-26 23:00:00+00:00,0.16296000000000002
2026-05-26 23:15:00+00:00,0.16754
2026-05-26 23:30:00+00:00,0.17931999999999998
2026-05-26 23:45:00+00:00,0.10023
2026-05-27 00:00:00+00:00,0.11805
2026-05-27 00:15:00+00:00,0.12469
2026-05-27 00:30:00+00:00,0.13109
2026-05-27 00:45:00+00:00,0.12048
2026-05-27 01:00:00+00:00,0.10678
2026-05-27 01:15:00+00:00,0.09487999999999999
2026-05-27 01:30:00+00:00,0.09126999999999999
2026-05-27 01:45:00+00:00,0.08777
2026-05-27 02:00:00+00:00,0.10507999999999999
2026-05-27 02:15:00+00:00,0.10543999999999999
2026-05-27 02:30:00+00:00,0.11762
2026-05-27 02:45:00+00:00,0.11363
2026-05-27 03:00:00+00:00,0.10764
2026-05-27 03:15:00+00:00,0.07770999999999999
2026-05-27 03:30:00+00:00,0.08283
2026-05-27 03:45:00+00:00,0.11209999999999999
2026-05-27 04:00:00+00:00,0.14221
2026-05-27 04:15:00+00:00,0.12029999999999999
2026-05-27 04:30:00+00:00,0.14856
2026-05-27 04:45:00+00:00,0.12140000000000001
2026-05-27 05:00:00+00:00,0.03164
2026-05-27 05:15:00+00:00,0.06161
2026-05-27 05:30:00+00:00,0.048240000000000005
2026-05-27 05:45:00+00:00,0.11803
2026-05-27 06:00:00+00:00,0.037770000000000005
2026-05-27 06:15:00+00:00,0.03828
2026-05-27 06:30:00+00:00,0.031190000000000002
2026-05-27 06:45:00+00:00,0.06256
2026-05-27 07:00:00+00:00,0.14845
2026-05-27 07:15:00+00:00,0.14115
2026-05-27 07:30:00+00:00,0.019379999999999998
2026-05-27 07:45:00+00:00,0.007690000000000001
2026-05-27 08:00:00+00:00,0.018920000000000003
2026-05-27 08:15:00+00:00,0.01242
2026-05-27 08:30:00+00:00,-0.047729999999999995
2026-05-27 08:45:00+00:00,-0.012199999999999999
2026-05-27 09:00:00+00:00,-0.00723
2026-05-27 09:15:00+00:00,-0.008029999999999999
2026-05-27 09:30:00+00:00,-0.00977
2026-05-27 09:45:00+00:00,-0.01117
2026-05-27 10:00:00+00:00,-0.01093
2026-05-27 10:15:00+00:00,-0.00851
2026-05-27 10:30:00+00:00,-0.01038
2026-05-27 10:45:00+00:00,-0.008039999999999999
2026-05-27 11:00:00+00:00,-0.01097
2026-05-27 11:15:00+00:00,-0.010150000000000001
2026-05-27 11:30:00+00:00,0.00267
2026-05-27 11:45:00+00:00,-0.01342
2026-05-27 12:00:00+00:00,-0.01643
2026-05-27 12:15:00+00:00,-0.014070000000000001
2026-05-27 12:30:00+00:00,-0.028480000000000002
2026-05-27 12:45:00+00:00,-0.03184
2026-05-27 13:00:00+00:00,-0.02452
2026-05-27 13:15:00+00:00,-0.023059999999999997
2026-05-27 13:30:00+00:00,-0.01798
2026-05-27 13:45:00+00:00,-0.01354
2026-05-27 14:00:00+00:00,-0.02843
2026-05-27 14:15:00+00:00,-0.01275
2026-05-27 14:30:00+00:00,-0.00184
2026-05-27 14:45:00+00:00,-0.01057
2026-05-27 15:00:00+00:00,-1e-05
2026-05-27 15:15:00+00:00,0.0005899999999999999
2026-05-27 15:30:00+00:00,0.0219
2026-05-27 15:45:00+00:00,0.03397
2026-05-27 16:00:00+00:00,-0.003
2026-05-27 16:15:00+00:00,0.00762
2026-05-27 16:30:00+00:00,0.01548
2026-05-27 16:45:00+00:00,0.04372
2026-05-27 17:00:00+00:00,0.10536
2026-05-27 17:15:00+00:00,0.1295
2026-05-27 17:30:00+00:00,0.1459
2026-05-27 17:45:00+00:00,0.17839
2026-05-27 18:00:00+00:00,0.12142
2026-05-27 18:15:00+00:00,0.16249
2026-05-27 18:30:00+00:00,0.1748
2026-05-27 18:45:00+00:00,0.13291999999999998
2026-05-27 19:00:00+00:00,0.11551
2026-05-27 19:15:00+00:00,0.10718000000000001
2026-05-27 19:30:00+00:00,0.15003
2026-05-27 19:45:00+00:00,0.149
2026-05-27 20:00:00+00:00,0.11495
2026-05-27 20:15:00+00:00,0.09767
2026-05-27 20:30:00+00:00,0.10457999999999999
2026-05-27 20:45:00+00:00,0.0997
2026-05-27 21:00:00+00:00,0.08789
2026-05-27 21:15:00+00:00,0.08718000000000001
2026-05-27 21:30:00+00:00,0.12041
2026-05-27 21:45:00+00:00,0.10361
2026-05-27 22:00:00+00:00,0.09118000000000001
2026-05-27 22:15:00+00:00,0.08798
2026-05-27 22:30:00+00:00,0.09123
2026-05-27 22:45:00+00:00,0.088
2026-05-27 23:00:00+00:00,0.11125
2026-05-27 23:15:00+00:00,0.10773999999999999
2026-05-27 23:30:00+00:00,0.10649
2026-05-27 23:45:00+00:00,0.12138
2026-05-28 00:00:00+00:00,0.1338
2026-05-28 00:15:00+00:00,0.16998
2026-05-28 00:30:00+00:00,0.20125
2026-05-28 00:45:00+00:00,0.15928
2026-05-28 01:00:00+00:00,0.10882
2026-05-28 01:15:00+00:00,0.10671
2026-05-28 01:30:00+00:00,0.12966999999999998
2026-05-28 01:45:00+00:00,0.13402
2026-05-28 02:00:00+00:00,0.11242
2026-05-28 02:15:00+00:00,0.10434
2026-05-28 02:30:00+00:00,0.09112999999999999
2026-05-28 02:45:00+00:00,0.09529
2026-05-28 03:00:00+00:00,0.09340999999999999
2026-05-28 03:15:00+00:00,0.11168
2026-05-28 03:30:00+00:00,0.12667
2026-05-28 03:45:00+00:00,0.15195
2026-05-28 04:00:00+00:00,0.15621000000000002
2026-05-28 04:15:00+00:00,0.16443000000000002
2026-05-28 04:30:00+00:00,0.19240000000000002
2026-05-28 04:45:00+00:00,0.16241
2026-05-28 05:00:00+00:00,0.19519999999999998
2026-05-28 05:15:00+00:00,0.12029999999999999
2026-05-28 05:30:00+00:00,0.10951999999999999
2026-05-28 05:45:00+00:00,0.08209999999999999
2026-05-28 06:00:00+00:00,0.01316
2026-05-28 06:15:00+00:00,0.01439
2026-05-28 06:30:00+00:00,0.1373
2026-05-28 06:45:00+00:00,0.14614
2026-05-28 07:00:00+00:00,0.030969999999999998
2026-05-28 07:15:00+00:00,0.00784
2026-05-28 07:30:00+00:00,-0.00788
2026-05-28 07:45:00+00:00,-0.01322
2026-05-28 08:00:00+00:00,-0.015439999999999999
2026-05-28 08:15:00+00:00,-0.01756
2026-05-28 08:30:00+00:00,0.08514000000000001
2026-05-28 08:45:00+00:00,0.00579
2026-05-28 09:00:00+00:00,0.02999
2026-05-28 09:15:00+00:00,-0.0007199999999999999
2026-05-28 09:30:00+00:00,-0.00066
2026-05-28 09:45:00+00:00,-0.01084
2026-05-28 10:00:00+00:00,-0.0105
2026-05-28 10:15:00+00:00,-0.015099999999999999
2026-05-28 10:30:00+00:00,0.00868
2026-05-28 10:45:00+00:00,-0.00123
2026-05-28 11:00:00+00:00,-0.01811
2026-05-28 11:15:00+00:00,-0.0154
2026-05-28 11:30:00+00:00,-0.00235
2026-05-28 11:45:00+00:00,-0.01199
2026-05-28 12:00:00+00:00,0.004860000000000001
2026-05-28 12:15:00+00:00,-0.00029
2026-05-28 12:30:00+00:00,0.00923
2026-05-28 12:45:00+00:00,0.00381
2026-05-28 13:00:00+00:00,-0.00553
2026-05-28 13:15:00+00:00,-0.01126
2026-05-28 13:30:00+00:00,-0.01331
2026-05-28 13:45:00+00:00,-0.009
2026-05-28 14:00:00+00:00,0.01205
2026-05-28 14:15:00+00:00,-0.008539999999999999
2026-05-28 14:30:00+00:00,-0.00545
2026-05-28 14:45:00+00:00,0.01102
2026-05-28 15:00:00+00:00,0.023280000000000002
2026-05-28 15:15:00+00:00,0.14208
2026-05-28 15:30:00+00:00,0.20102
2026-05-28 15:45:00+00:00,0.13225
2026-05-28 16:00:00+00:00,0.12369
2026-05-28 16:15:00+00:00,0.09922
2026-05-28 16:30:00+00:00,0.05844
2026-05-28 16:45:00+00:00,0.17276
2026-05-28 17:00:00+00:00,0.09914
2026-05-28 17:15:00+00:00,0.15691999999999998
2026-05-28 17:30:00+00:00,0.14481
2026-05-28 17:45:00+00:00,0.20979
2026-05-28 18:00:00+00:00,0.22085
2026-05-28 18:15:00+00:00,0.21375999999999998
2026-05-28 18:30:00+00:00,0.34306
2026-05-28 18:45:00+00:00,0.28002
2026-05-28 19:00:00+00:00,0.18978
2026-05-28 19:15:00+00:00,0.14637
2026-05-28 19:30:00+00:00,0.15487
2026-05-28 19:45:00+00:00,0.12791
2026-05-28 20:00:00+00:00,0.17344
2026-05-28 20:15:00+00:00,0.19761
2026-05-28 20:30:00+00:00,0.1716
2026-05-28 20:45:00+00:00,0.2323
2026-05-28 21:00:00+00:00,0.20586000000000002
2026-05-28 21:15:00+00:00,0.13897
2026-05-28 21:30:00+00:00,0.18453999999999998
2026-05-28 21:45:00+00:00,0.17128
2026-05-28 22:00:00+00:00,0.19928
2026-05-28 22:15:00+00:00,0.34851
2026-05-28 22:30:00+00:00,0.20325
2026-05-28 22:45:00+00:00,0.17806
2026-05-28 23:00:00+00:00,0.20921
2026-05-28 23:15:00+00:00,0.17845
2026-05-28 23:30:00+00:00,0.17175
2026-05-28 23:45:00+00:00,0.09292
2026-05-29 00:00:00+00:00,0.12607
2026-05-29 00:15:00+00:00,0.10646
2026-05-29 00:30:00+00:00,0.12492
2026-05-29 00:45:00+00:00,0.12615
2026-05-29 01:00:00+00:00,0.16141999999999998
2026-05-29 01:15:00+00:00,0.13019999999999998
2026-05-29 01:30:00+00:00,0.10583
2026-05-29 01:45:00+00:00,0.1052
2026-05-29 02:00:00+00:00,0.09009
2026-05-29 02:15:00+00:00,0.07936
2026-05-29 02:30:00+00:00,0.09340000000000001
2026-05-29 02:45:00+00:00,0.08714
2026-05-29 03:00:00+00:00,0.13558
2026-05-29 03:15:00+00:00,0.11752
2026-05-29 03:30:00+00:00,0.126
2026-05-29 03:45:00+00:00,0.11466
2026-05-29 04:00:00+00:00,0.13924
2026-05-29 04:15:00+00:00,0.14625
2026-05-29 04:30:00+00:00,0.1655
2026-05-29 04:45:00+00:00,0.14303
2026-05-29 05:00:00+00:00,0.13074000000000002
2026-05-29 05:15:00+00:00,0.15644999999999998
2026-05-29 05:30:00+00:00,0.1459
2026-05-29 05:45:00+00:00,0.11992
2026-05-29 06:00:00+00:00,0.15583000000000002
2026-05-29 06:15:00+00:00,0.13695
2026-05-29 06:30:00+00:00,0.06321
2026-05-29 06:45:00+00:00,0.07956
2026-05-29 07:00:00+00:00,0.1326
2026-05-29 07:15:00+00:00,0.28387
2026-05-29 07:30:00+00:00,0.29034
2026-05-29 07:45:00+00:00,0.18411000000000002
2026-05-29 08:00:00+00:00,0.15897
2026-05-29 08:15:00+00:00,0.14016
2026-05-29 08:30:00+00:00,0.13013999999999998
2026-05-29 08:45:00+00:00,0.11605
2026-05-29 09:00:00+00:00,0.0032400000000000003
2026-05-29 09:15:00+00:00,0.01104
2026-05-29 09:30:00+00:00,0.00023
2026-05-29 09:45:00+00:00,-0.00443
2026-05-29 10:00:00+00:00,-0.00249
2026-05-29 10:15:00+00:00,-0.00667
2026-05-29 10:30:00+00:00,-0.00085
2026-05-29 10:45:00+00:00,0.00622
2026-05-29 11:00:00+00:00,-0.0069500000000000004
2026-05-29 11:15:00+00:00,-0.014410000000000001
2026-05-29 11:30:00+00:00,-0.0070999999999999995
2026-05-29 11:45:00+00:00,-0.00663
2026-05-29 12:00:00+00:00,-0.01349
2026-05-29 12:15:00+00:00,-0.01659
2026-05-29 12:30:00+00:00,-0.00577
2026-05-29 12:45:00+00:00,-0.00632
2026-05-29 13:00:00+00:00,0.01233
2026-05-29 13:15:00+00:00,-0.00545
2026-05-29 13:30:00+00:00,0.0043
2026-05-29 13:45:00+00:00,0.05336
2026-05-29 14:00:00+00:00,0.052840000000000005
2026-05-29 14:15:00+00:00,0.043859999999999996
2026-05-29 14:30:00+00:00,0.05597
2026-05-29 14:45:00+00:00,0.16271000000000002
2026-05-29 15:00:00+00:00,0.15933
2026-05-29 15:15:00+00:00,0.19308
2026-05-29 15:30:00+00:00,0.15913
2026-05-29 15:45:00+00:00,0.13133
2026-05-29 16:00:00+00:00,0.13269999999999998
2026-05-29 16:15:00+00:00,0.14626
2026-05-29 16:30:00+00:00,0.14223
2026-05-29 16:45:00+00:00,0.21427000000000002
2026-05-29 17:00:00+00:00,0.17951
2026-05-29 17:15:00+00:00,0.08148000000000001
2026-05-29 17:30:00+00:00,0.11223000000000001
2026-05-29 17:45:00+00:00,0.09381999999999999
2026-05-29 18:00:00+00:00,0.07214
2026-05-29 18:15:00+00:00,0.08025
2026-05-29 18:30:00+00:00,0.11159000000000001
2026-05-29 18:45:00+00:00,0.10202
2026-05-29 19:00:00+00:00,0.10417
2026-05-29 19:15:00+00:00,0.11709
2026-05-29 19:30:00+00:00,0.09898
2026-05-29 19:45:00+00:00,0.02513
2026-05-29 20:00:00+00:00,0.0728
2026-05-29 20:15:00+00:00,0.07043
2026-05-29 20:30:00+00:00,0.07067
2026-05-29 20:45:00+00:00,0.07533
2026-05-29 21:00:00+00:00,0.13524
2026-05-29 21:15:00+00:00,0.12728
2026-05-29 21:30:00+00:00,0.09987
2026-05-29 21:45:00+00:00,0.07918
2026-05-29 22:00:00+00:00,0.11888
2026-05-29 22:15:00+00:00,0.13134
2026-05-29 22:30:00+00:00,0.13577
2026-05-29 22:45:00+00:00,0.13746
2026-05-29 23:00:00+00:00,0.14608000000000002
2026-05-29 23:15:00+00:00,0.17674
2026-05-29 23:30:00+00:00,0.13673
2026-05-29 23:45:00+00:00,0.13055
2026-05-30 00:00:00+00:00,0.07177
2026-05-30 00:15:00+00:00,0.08968999999999999
2026-05-30 00:30:00+00:00,0.09843
2026-05-30 00:45:00+00:00,0.14623
2026-05-30 01:00:00+00:00,0.15221
2026-05-30 01:15:00+00:00,0.16513999999999998
2026-05-30 01:30:00+00:00,0.16281
2026-05-30 01:45:00+00:00,0.11029000000000001
2026-05-30 02:00:00+00:00,0.06235
2026-05-30 02:15:00+00:00,0.093
2026-05-30 02:30:00+00:00,0.09759999999999999
2026-05-30 02:45:00+00:00,0.09204000000000001
2026-05-30 03:00:00+00:00,0.10218
2026-05-30 03:15:00+00:00,0.08718000000000001
2026-05-30 03:30:00+00:00,0.07427
2026-05-30 03:45:00+00:00,0.038079999999999996
2026-05-30 04:00:00+00:00,0.11801
2026-05-30 04:15:00+00:00,0.1338
2026-05-30 04:30:00+00:00,0.13833
2026-05-30 04:45:00+00:00,0.11865
2026-05-30 05:00:00+00:00,0.15328999999999998
2026-05-30 05:15:00+00:00,0.18938999999999998
2026-05-30 05:30:00+00:00,0.17774
2026-05-30 05:45:00+00:00,0.21119
2026-05-30 06:00:00+00:00,0.21194
2026-05-30 06:15:00+00:00,0.15014
2026-05-30 06:30:00+00:00,0.08857
2026-05-30 06:45:00+00:00,0.07759999999999999
2026-05-30 07:00:00+00:00,0.10126
2026-05-30 07:15:00+00:00,0.08807999999999999
2026-05-30 07:30:00+00:00,0.11039
2026-05-30 07:45:00+00:00,0.00859
2026-05-30 08:00:00+00:00,0.0299
2026-05-30 08:15:00+00:00,0.018879999999999997
2026-05-30 08:30:00+00:00,0.10534
2026-05-30 08:45:00+00:00,0.19
2026-05-30 09:00:00+00:00,0.00281
2026-05-30 09:15:00+00:00,-0.01442
2026-05-30 09:30:00+00:00,0.07427
2026-05-30 09:45:00+00:00,0.02308
2026-05-30 10:00:00+00:00,-0.0035499999999999998
2026-05-30 10:15:00+00:00,-0.01047
2026-05-30 10:30:00+00:00,-0.005849999999999999
2026-05-30 10:45:00+00:00,-0.00883
2026-05-30 11:00:00+00:00,-0.00468
2026-05-30 11:15:00+00:00,-0.00657
2026-05-30 11:30:00+00:00,-0.01091
2026-05-30 11:45:00+00:00,-0.009460000000000001
2026-05-30 12:00:00+00:00,-0.009640000000000001
2026-05-30 12:15:00+00:00,-0.00349
2026-05-30 12:30:00+00:00,-0.00797
2026-05-30 12:45:00+00:00,-0.0089
2026-05-30 13:00:00+00:00,-0.00845
2026-05-30 13:15:00+00:00,-0.01334
2026-05-30 13:30:00+00:00,-0.015380000000000001
2026-05-30 13:45:00+00:00,-0.03964
2026-05-30 14:00:00+00:00,-0.027280000000000002
2026-05-30 14:15:00+00:00,-0.01669
2026-05-30 14:30:00+00:00,0.09111
2026-05-30 14:45:00+00:00,-0.01072
2026-05-30 15:00:00+00:00,0.11173000000000001
2026-05-30 15:15:00+00:00,0.15574000000000002
2026-05-30 15:30:00+00:00,0.16478
2026-05-30 15:45:00+00:00,0.17983000000000002
2026-05-30 16:00:00+00:00,0.1726
2026-05-30 16:15:00+00:00,0.12248
2026-05-30 16:30:00+00:00,0.09093000000000001
2026-05-30 16:45:00+00:00,0.12146
2026-05-30 17:00:00+00:00,0.14353
2026-05-30 17:15:00+00:00,0.16873
2026-05-30 17:30:00+00:00,0.13723
2026-05-30 17:45:00+00:00,0.19235
2026-05-30 18:00:00+00:00,0.14361000000000002
2026-05-30 18:15:00+00:00,0.18
2026-05-30 18:30:00+00:00,0.20836000000000002
2026-05-30 18:45:00+00:00,0.18941
2026-05-30 19:00:00+00:00,0.11727
2026-05-30 19:15:00+00:00,0.11497
2026-05-30 19:30:00+00:00,0.18553999999999998
2026-05-30 19:45:00+00:00,0.17242
2026-05-30 20:00:00+00:00,0.23827
2026-05-30 20:15:00+00:00,0.25811
2026-05-30 20:30:00+00:00,0.1585
2026-05-30 20:45:00+00:00,0.1395
2026-05-30 21:00:00+00:00,0.1696
2026-05-30 21:15:00+00:00,0.19479
2026-05-30 21:30:00+00:00,0.13102
2026-05-30 21:45:00+00:00,0.16168000000000002
2026-05-30 22:00:00+00:00,0.18309
2026-05-30 22:15:00+00:00,0.12988999999999998
2026-05-30 22:30:00+00:00,0.11220000000000001
2026-05-30 22:45:00+00:00,0.10309
2026-05-30 23:00:00+00:00,0.14745
2026-05-30 23:15:00+00:00,0.12190999999999999
2026-05-30 23:30:00+00:00,0.12934
2026-05-30 23:45:00+00:00,0.14712
2026-05-31 00:00:00+00:00,0.1658
2026-05-31 00:15:00+00:00,0.19012
2026-05-31 00:30:00+00:00,0.22778
2026-05-31 00:45:00+00:00,0.21283000000000002
2026-05-31 01:00:00+00:00,0.25148
2026-05-31 01:15:00+00:00,0.24941
2026-05-31 01:30:00+00:00,0.23924
2026-05-31 01:45:00+00:00,0.18527000000000002
2026-05-31 02:00:00+00:00,0.25176
2026-05-31 02:15:00+00:00,0.21899000000000002
2026-05-31 02:30:00+00:00,0.18469999999999998
2026-05-31 02:45:00+00:00,0.19449
2026-05-31 03:00:00+00:00,0.19103
2026-05-31 03:15:00+00:00,0.19016999999999998
2026-05-31 03:30:00+00:00,0.13041999999999998
2026-05-31 03:45:00+00:00,0.10009
2026-05-31 04:00:00+00:00,0.09863
2026-05-31 04:15:00+00:00,0.07622
2026-05-31 04:30:00+00:00,0.07543000000000001
2026-05-31 04:45:00+00:00,0.08069
2026-05-31 05:00:00+00:00,0.12934
2026-05-31 05:15:00+00:00,0.06423000000000001
2026-05-31 05:30:00+00:00,0.05157
2026-05-31 05:45:00+00:00,0.037880000000000004
2026-05-31 06:00:00+00:00,0.0698
2026-05-31 06:15:00+00:00,0.06427
2026-05-31 06:30:00+00:00,0.10581
2026-05-31 06:45:00+00:00,0.08159000000000001
2026-05-31 07:00:00+00:00,0.1076
2026-05-31 07:15:00+00:00,0.1177
2026-05-31 07:30:00+00:00,0.15116
2026-05-31 07:45:00+00:00,0.15969
2026-05-31 08:00:00+00:00,0.13004
2026-05-31 08:15:00+00:00,0.10897
2026-05-31 08:30:00+00:00,0.09434999999999999
2026-05-31 08:45:00+00:00,0.07481
2026-05-31 09:00:00+00:00,0.10528
2026-05-31 09:15:00+00:00,0.11203
2026-05-31 09:30:00+00:00,0.10801000000000001
2026-05-31 09:45:00+00:00,0.10493999999999999
2026-05-31 10:00:00+00:00,0.05049
2026-05-31 10:15:00+00:00,-0.01105
2026-05-31 10:30:00+00:00,0.031
2026-05-31 10:45:00+00:00,0.01482
2026-05-31 11:00:00+00:00,0.07471
2026-05-31 11:15:00+00:00,0.096
2026-05-31 11:30:00+00:00,0.1345
2026-05-31 11:45:00+00:00,0.08541
2026-05-31 12:00:00+00:00,0.06278
2026-05-31 12:15:00+00:00,0.09645999999999999
2026-05-31 12:30:00+00:00,0.02945
2026-05-31 12:45:00+00:00,0.12395999999999999
2026-05-31 13:00:00+00:00,0.048850000000000005
2026-05-31 13:15:00+00:00,0.037270000000000005
2026-05-31 13:30:00+00:00,0.05571
2026-05-31 13:45:00+00:00,0.12437999999999999
2026-05-31 14:00:00+00:00,0.14271
2026-05-31 14:15:00+00:00,0.12997
2026-05-31 14:30:00+00:00,0.06865
2026-05-31 14:45:00+00:00,0.04943
2026-05-31 15:00:00+00:00,0.11176
2026-05-31 15:15:00+00:00,0.16537000000000002
2026-05-31 15:30:00+00:00,0.05188
2026-05-31 15:45:00+00:00,0.05924
2026-05-31 16:00:00+00:00,0.07583
2026-05-31 16:15:00+00:00,0.12495999999999999
2026-05-31 16:30:00+00:00,0.13416999999999998
2026-05-31 16:45:00+00:00,0.1703
2026-05-31 17:00:00+00:00,0.17418
2026-05-31 17:15:00+00:00,0.17809
2026-05-31 17:30:00+00:00,0.16111
2026-05-31 17:45:00+00:00,0.16119
2026-05-31 18:00:00+00:00,0.15380000000000002
2026-05-31 18:15:00+00:00,0.14211000000000001
2026-05-31 18:30:00+00:00,0.18449000000000002
2026-05-31 18:45:00+00:00,0.19656
2026-05-31 19:00:00+00:00,0.19945
2026-05-31 19:15:00+00:00,0.15421
2026-05-31 19:30:00+00:00,0.17476
2026-05-31 19:45:00+00:00,0.19243000000000002
2026-05-31 20:00:00+00:00,0.26139
2026-05-31 20:15:00+00:00,0.1963
2026-05-31 20:30:00+00:00,0.17643999999999999
2026-05-31 20:45:00+00:00,0.15033000000000002
2026-05-31 21:00:00+00:00,0.18330000000000002
2026-05-31 21:15:00+00:00,0.18450999999999998
2026-05-31 21:30:00+00:00,0.16409
2026-05-31 21:45:00+00:00,0.19698
2026-05-31 22:00:00+00:00,0.18213
2026-05-31 22:15:00+00:00,0.15245
2026-05-31 22:30:00+00:00,0.14690999999999999
2026-05-31 22:45:00+00:00,0.12543
2026-05-31 23:00:00+00:00,0.16867
2026-05-31 23:15:00+00:00,0.18563
2026-05-31 23:30:00+00:00,0.20915
2026-05-31 23:45:00+00:00,0.13387000000000002
