time,price
2025-12-31 23:00:00+00:00,0.06860714153011233
2025-12-31 23:15:00+00:00,0.06009735698828815
2025-12-31 23:30:00+00:00,0.06447688538100693
2025-12-31 23:45:00+00:00,0.06522029856408025
2026-01-01 00:00:00+00:00,0.05766846625276664
2026-01-01 00:15:00+00:00,0.046558630430508195
2026-01-01 00:30:00+00:00,0.052532128155073916
2026-01-01 00:45:00+00:00,0.03160434729152909
2026-01-01 01:00:00+00:00,0.03131525614065048
2026-01-01 01:15:00+00:00,0.025345600435859646
2026-01-01 01:30:00+00:00,0.010355823071875377
2026-01-01 01:45:00+00:00,0.0027027024642974316
2026-01-01 02:00:00+00:00,0.012499622715660342
2026-01-01 02:15:00+00:00,0.0
2026-01-01 02:30:00+00:00,0.0
2026-01-01 02:45:00+00:00,0.0
2026-01-01 03:00:00+00:00,0.0
2026-01-01 03:15:00+00:00,0.007432473325952739
2026-01-01 03:30:00+00:00,0.0
2026-01-01 03:45:00+00:00,0.0
2026-01-01 04:00:00+00:00,0.017706487689215542
2026-01-01 04:15:00+00:00,0.0
2026-01-01 04:30:00+00:00,0.0007752820468792384
2026-01-01 04:45:00+00:00,0.0
2026-01-01 05:00:00+00:00,0.044566172754748175
2026-01-01 05:15:00+00:00,0.001209225897098661
2026-01-01 05:30:00+00:00,0.0
2026-01-01 05:45:00+00:00,0.0037569801834567195
2026-01-01 06:00:00+00:00,0.0
2026-01-01 06:15:00+00:00,0.0
2026-01-01 06:30:00+00:00,0.0
2026-01-01 06:45:00+00:00,0.01852278184508938
2026-01-01 07:00:00+00:00,0.0
2026-01-01 07:15:00+00:00,0.0
2026-01-01 07:30:00+00:00,0.00831544912103189
2026-01-01 07:45:00+00:00,0.0
2026-01-01 08:00:00+00:00,0.0020886359500475542
2026-01-01 08:15:00+00:00,0.0
2026-01-01 08:30:00+00:00,0.0
2026-01-01 08:45:00+00:00,0.0019686123586912354
2026-01-01 09:00:00+00:00,0.007384665799954104
2026-01-01 09:15:00+00:00,0.001713682811899705
2026-01-01 09:30:00+00:00,0.0
2026-01-01 09:45:00+00:00,0.0
2026-01-01 10:00:00+00:00,0.0
2026-01-01 10:15:00+00:00,0.0
2026-01-01 10:30:00+00:00,0.0
2026-01-01 10:45:00+00:00,0.010561222262189158
2026-01-01 11:00:00+00:00,0.003426182895684614
2026-01-01 11:15:00+00:00,0.0
2026-01-01 11:30:00+00:00,0.00323083969394795
2026-01-01 11:45:00+00:00,0.046139177195836836
2026-01-01 12:00:00+00:00,0.0
2026-01-01 12:15:00+00:00,0.006106762888408679
2026-01-01 12:30:00+00:00,0.01029999522495951
2026-01-01 12:45:00+00:00,0.009312801191161986
2026-01-01 13:00:00+00:00,0.0
2026-01-01 13:15:00+00:00,0.0
2026-01-01 13:30:00+00:00,0.0033126343140356396
2026-01-01 13:45:00+00:00,0.009835451271223592
2026-01-01 14:00:00+00:00,0.0
2026-01-01 14:15:00+00:00,0.0
2026-01-01 14:30:00+00:00,0.0
2026-01-01 14:45:00+00:00,0.04802793375919329
2026-01-01 15:00:00+00:00,0.012635258223941981
2026-01-01 15:15:00+00:00,0.023562400285708232
2026-01-01 15:30:00+00:00,0.011699898784196663
2026-01-01 15:45:00+00:00,0.02448532897892024
2026-01-01 16:00:00+00:00,0.02369636025047634
2026-01-01 16:15:00+00:00,0.008538802453948757
2026-01-01 16:30:00+00:00,0.03569395605508414
2026-01-01 16:45:00+00:00,0.03541036566465969
2026-01-01 17:00:00+00:00,0.027401739608900483
2026-01-01 17:15:00+00:00,0.04564643655814006
2026-01-01 17:30:00+00:00,0.0
2026-01-01 17:45:00+00:00,0.020799025043752237
2026-01-01 18:00:00+00:00,0.02983047068238171
2026-01-01 18:15:00+00:00,0.015279926495341326
2026-01-01 18:30:00+00:00,0.013497607765355022
2026-01-01 18:45:00+00:00,0.0
2026-01-01 19:00:00+00:00,0.01033328112162488
2026-01-01 19:15:00+00:00,0.013621125715117463
2026-01-01 19:30:00+00:00,0.024858940447415163
2026-01-01 19:45:00+00:00,0.002327297817263526
2026-01-01 20:00:00+00:00,0.001925063971068123
2026-01-01 20:15:00+00:00,0.005082429564154634
2026-01-01 20:30:00+00:00,0.019014021177020744
2026-01-01 20:45:00+00:00,0.009117511096596845
2026-01-01 21:00:00+00:00,0.009982397962329612
2026-01-01 21:15:00+00:00,0.014742674331133562
2026-01-01 21:30:00+00:00,0.005470775493480404
2026-01-01 21:45:00+00:00,0.009786449905328893
2026-01-01 22:00:00+00:00,0.0
2026-01-01 22:15:00+00:00,0.0
2026-01-01 22:30:00+00:00,0.0
2026-01-01 22:45:00+00:00,0.0
2026-01-01 23:00:00+00:00,0.06671120277064577
2026-01-01 23:15:00+00:00,0.014480552721798894
2026-01-01 23:30:00+00:00,0.010631134566424609
2026-01-01 23:45:00+00:00,0.050174128666248534
2026-01-02 00:00:00+00:00,0.0
2026-01-02 00:15:00+00:00,0.0
2026-01-02 00:30:00+00:00,0.0
2026-01-02 00:45:00+00:00,0.0
2026-01-02 01:00:00+00:00,0.0028971428833399087
2026-01-02 01:15:00+00:00,0.006620508568145384
2026-01-02 01:30:00+00:00,0.0189618590121053
2026-01-02 01:45:00+00:00,0.0017857781283183898
2026-01-02 02:00:00+00:00,0.0034055039072276435
2026-01-02 02:15:00+00:00,0.0
2026-01-02 02:30:00+00:00,0.0
2026-01-02 02:45:00+00:00,0.0
2026-01-02 03:00:00+00:00,0.0007023020994102644
2026-01-02 03:15:00+00:00,0.02473242112485286
2026-01-02 03:30:00+00:00,0.000136390352188775
2026-01-02 03:45:00+00:00,0.007655473423336124
2026-01-02 04:00:00+00:00,0.004642882302947566
2026-01-02 04:15:00+00:00,0.0
2026-01-02 04:30:00+00:00,0.022838228145150206
2026-01-02 04:45:00+00:00,0.029309330326867743
2026-01-02 05:00:00+00:00,0.01345031947043047
2026-01-02 05:15:00+00:00,0.008066125452052613
2026-01-02 05:30:00+00:00,0.03974794310936099
2026-01-02 05:45:00+00:00,0.024741489372077194
2026-01-02 06:00:00+00:00,0.03879857093800271
2026-01-02 06:15:00+00:00,0.06616455625809979
2026-01-02 06:30:00+00:00,0.050084636748693116
2026-01-02 06:45:00+00:00,0.06101702270397229
2026-01-02 07:00:00+00:00,0.06732651365087641
2026-01-02 07:15:00+00:00,0.06354524345883801
2026-01-02 07:30:00+00:00,0.05442336568933868
2026-01-02 07:45:00+00:00,0.07131562974806027
2026-01-02 08:00:00+00:00,0.05988696286273895
2026-01-02 08:15:00+00:00,0.07523592430635181
2026-01-02 08:30:00+00:00,0.06243575765766197
2026-01-02 08:45:00+00:00,0.0876493440501754
2026-01-02 09:00:00+00:00,0.05475746707663764
2026-01-02 09:15:00+00:00,0.055309384837943246
2026-01-02 09:30:00+00:00,0.0634851721736967
2026-01-02 09:45:00+00:00,0.04277135683566045
2026-01-02 10:00:00+00:00,0.056144599346041296
2026-01-02 10:15:00+00:00,0.07078142754282428
2026-01-02 10:30:00+00:00,0.041275167654387726
2026-01-02 10:45:00+00:00,0.056626338585323045
2026-01-02 11:00:00+00:00,0.057418827942484235
2026-01-02 11:15:00+00:00,0.06531822871777311
2026-01-02 11:30:00+00:00,0.04763049289121918
2026-01-02 11:45:00+00:00,0.04648543386915724
2026-01-02 12:00:00+00:00,0.07381941565616897
2026-01-02 12:15:00+00:00,0.06880984673233186
2026-01-02 12:30:00+00:00,0.06721492850345877
2026-01-02 12:45:00+00:00,0.07210448209496977
2026-01-02 13:00:00+00:00,0.05870975278421509
2026-01-02 13:15:00+00:00,0.07333253697161005
2026-01-02 13:30:00+00:00,0.07294072473298682
2026-01-02 13:45:00+00:00,0.06680648581973632
2026-01-02 14:00:00+00:00,0.08828774511144756
2026-01-02 14:15:00+00:00,0.08166832920911787
2026-01-02 14:30:00+00:00,0.06912696502797351
2026-01-02 14:45:00+00:00,0.08894553608633829
2026-01-02 15:00:00+00:00,0.06453318329772678
2026-01-02 15:15:00+00:00,0.08972084603742453
2026-01-02 15:30:00+00:00,0.09737595579007405
2026-01-02 15:45:00+00:00,0.0796931768164829
2026-01-02 16:00:00+00:00,0.09347376129244321
2026-01-02 16:15:00+00:00,0.09006780926936499
2026-01-02 16:30:00+00:00,0.0942006015999449
2026-01-02 16:45:00+00:00,0.10494792982653947
2026-01-02 17:00:00+00:00,0.0855261188399713
2026-01-02 17:15:00+00:00,0.0804226383564251
2026-01-02 17:30:00+00:00,0.08054485570374477
2026-01-02 17:45:00+00:00,0.07983189715034561
2026-01-02 18:00:00+00:00,0.08917898290585896
2026-01-02 18:15:00+00:00,0.09331151974816643
2026-01-02 18:30:00+00:00,0.0907769079933002
2026-01-02 18:45:00+00:00,0.09470183249036024
2026-01-02 19:00:00+00:00,0.09508001891877908
2026-01-02 19:15:00+00:00,0.10436534077157317
2026-01-02 19:30:00+00:00,0.08400343166762045
2026-01-02 19:45:00+00:00,0.11238169166589619
2026-01-02 20:00:00+00:00,0.09109667347765006
2026-01-02 20:15:00+00:00,0.07583842443583717
2026-01-02 20:30:00+00:00,0.07342107501938887
2026-01-02 20:45:00+00:00,0.08551472415243185
2026-01-02 21:00:00+00:00,0.08501537214674149
2026-01-02 21:15:00+00:00,0.09133000494092092
2026-01-02 21:30:00+00:00,0.09125237624573544
2026-01-02 21:45:00+00:00,0.08368171087343126
2026-01-02 22:00:00+00:00,0.07518206281931596
2026-01-02 22:15:00+00:00,0.06784152775314135
2026-01-02 22:30:00+00:00,0.07725485047932978
2026-01-02 22:45:00+00:00,0.08753398794323472
2026-01-02 23:00:00+00:00,0.08648093744130204
2026-01-02 23:15:00+00:00,0.07033261221288012
2026-01-02 23:30:00+00:00,0.08042180925851182
2026-01-02 23:45:00+00:00,0.07869317379728837
2026-01-03 00:00:00+00:00,0.07206142563798867
2026-01-03 00:15:00+00:00,0.07952725105945528
2026-01-03 00:30:00+00:00,0.07812208718446
2026-01-03 00:45:00+00:00,0.06546029702169377
2026-01-03 01:00:00+00:00,0.08153787360348283
2026-01-03 01:15:00+00:00,0.08199784526368234
2026-01-03 01:30:00+00:00,0.08607051243175277
2026-01-03 01:45:00+00:00,0.08422802052034903
2026-01-03 02:00:00+00:00,0.0627133063204291
2026-01-03 02:15:00+00:00,0.06578174960084877
2026-01-03 02:30:00+00:00,0.0791603526720866
2026-01-03 02:45:00+00:00,0.07875785950912209
2026-01-03 03:00:00+00:00,0.07833047686306048
2026-01-03 03:15:00+00:00,0.1114573149065472
2026-01-03 03:30:00+00:00,0.07876890510693167
2026-01-03 03:45:00+00:00,0.08427565640180598
2026-01-03 04:00:00+00:00,0.08349001763493202
2026-01-03 04:15:00+00:00,0.08033391251305798
2026-01-03 04:30:00+00:00,0.07214730755359655
2026-01-03 04:45:00+00:00,0.08447969220493268
2026-01-03 05:00:00+00:00,0.06482174785462429
2026-01-03 05:15:00+00:00,0.0721318139325999
2026-01-03 05:30:00+00:00,0.07217636452170896
2026-01-03 05:45:00+00:00,0.08037874139386324
2026-01-03 06:00:00+00:00,0.1017065856667351
2026-01-03 06:15:00+00:00,0.058157348074082515
2026-01-03 06:30:00+00:00,0.08645260190374512
2026-01-03 06:45:00+00:00,0.06614284128810348
2026-01-03 07:00:00+00:00,0.08313068134210566
2026-01-03 07:15:00+00:00,0.10123950596967365
2026-01-03 07:30:00+00:00,0.09255280019095463
2026-01-03 07:45:00+00:00,0.08187255222070694
2026-01-03 08:00:00+00:00,0.08819696290740033
2026-01-03 08:15:00+00:00,0.10242597748934676
2026-01-03 08:30:00+00:00,0.08703633368282862
2026-01-03 08:45:00+00:00,0.09320458589581974
2026-01-03 09:00:00+00:00,0.09939571839903814
2026-01-03 09:15:00+00:00,0.08848399652394183
2026-01-03 09:30:00+00:00,0.11288944089325326
2026-01-03 09:45:00+00:00,0.0941891902231801
2026-01-03 10:00:00+00:00,0.07169857413342393
2026-01-03 10:15:00+00:00,0.09086454314769427
2026-01-03 10:30:00+00:00,0.08123213535231612
2026-01-03 10:45:00+00:00,0.09455433334796223
2026-01-03 11:00:00+00:00,0.079924792615673
2026-01-03 11:15:00+00:00,0.08591263558533101
2026-01-03 11:30:00+00:00,0.09220987278980457
2026-01-03 11:45:00+00:00,0.09623755194170122
2026-01-03 12:00:00+00:00,0.07384703592944224
2026-01-03 12:15:00+00:00,0.08220498764159051
2026-01-03 12:30:00+00:00,0.08128054688839044
2026-01-03 12:45:00+00:00,0.08245670767426289
2026-01-03 13:00:00+00:00,0.10276454240281098
2026-01-03 13:15:00+00:00,0.09219981710960956
2026-01-03 13:30:00+00:00,0.07809116045664954
2026-01-03 13:45:00+00:00,0.10394861947054776
2026-01-03 14:00:00+00:00,0.11122156197012634
2026-01-03 14:15:00+00:00,0.10433465260551146
2026-01-03 14:30:00+00:00,0.08148630034045987
2026-01-03 14:45:00+00:00,0.09286765927133749
2026-01-03 15:00:00+00:00,0.10744911149186623
2026-01-03 15:15:00+00:00,0.0923133053438122
2026-01-03 15:30:00+00:00,0.10541819428146229
2026-01-03 15:45:00+00:00,0.11211634053429337
2026-01-03 16:00:00+00:00,0.09668069528421917
2026-01-03 16:15:00+00:00,0.159394746439382
2026-01-03 16:30:00+00:00,0.07859732659930926
2026-01-03 16:45:00+00:00,0.1016661235866571
2026-01-03 17:00:00+00:00,0.11027431848606839
2026-01-03 17:15:00+00:00,0.0985321681803515
2026-01-03 17:30:00+00:00,0.12632411303931634
2026-01-03 17:45:00+00:00,0.09518858622039368
2026-01-03 18:00:00+00:00,0.10660955513303016
2026-01-03 18:15:00+00:00,0.10722740577286091
2026-01-03 18:30:00+00:00,0.11694273289066115
2026-01-03 18:45:00+00:00,0.0852213784882056
2026-01-03 19:00:00+00:00,0.11091163752154959
2026-01-03 19:15:00+00:00,0.09913233061019587
2026-01-03 19:30:00+00:00,0.08802491348952049
2026-01-03 19:45:00+00:00,0.0989710347426327
2026-01-03 20:00:00+00:00,0.0977805969557347
2026-01-03 20:15:00+00:00,0.08601783122841206
2026-01-03 20:30:00+00:00,0.09187802084990018
2026-01-03 20:45:00+00:00,0.0816268640313824
2026-01-03 21:00:00+00:00,0.09517517345251247
2026-01-03 21:15:00+00:00,0.09761130674521047
2026-01-03 21:30:00+00:00,0.10669016816145352
2026-01-03 21:45:00+00:00,0.07461184501173151
2026-01-03 22:00:00+00:00,0.11277033374656266
2026-01-03 22:15:00+00:00,0.06695912200477498
2026-01-03 22:30:00+00:00,0.08328214904964416
2026-01-03 22:45:00+00:00,0.08722317206484576
2026-01-03 23:00:00+00:00,0.09681991867735032
2026-01-03 23:15:00+00:00,0.08319300480179406
2026-01-03 23:30:00+00:00,0.08569877749642725
2026-01-03 23:45:00+00:00,0.07914999065341168
2026-01-04 00:00:00+00:00,0.08182635243055789
2026-01-04 00:15:00+00:00,0.09392602097021026
2026-01-04 00:30:00+00:00,0.08781015485965046
2026-01-04 00:45:00+00:00,0.07700090404739346
2026-01-04 01:00:00+00:00,0.0961259987543325
2026-01-04 01:15:00+00:00,0.08792299520876609
2026-01-04 01:30:00+00:00,0.0923086211883896
2026-01-04 01:45:00+00:00,0.09030628841923613
2026-01-04 02:00:00+00:00,0.07631004989077927
2026-01-04 02:15:00+00:00,0.07826818959803031
2026-01-04 02:30:00+00:00,0.09090293605123262
2026-01-04 02:45:00+00:00,0.08915370265433464
2026-01-04 03:00:00+00:00,0.08239098406035852
2026-01-04 03:15:00+00:00,0.08336327383308782
2026-01-04 03:30:00+00:00,0.09518664895788424
2026-01-04 03:45:00+00:00,0.0771142861116417
2026-01-04 04:00:00+00:00,0.08798097381170038
2026-01-04 04:15:00+00:00,0.08115807347566106
2026-01-04 04:30:00+00:00,0.0818331879677278
2026-01-04 04:45:00+00:00,0.09491776851987191
2026-01-04 05:00:00+00:00,0.0909641634898803
2026-01-04 05:15:00+00:00,0.09212509636000638
2026-01-04 05:30:00+00:00,0.0967447880715433
2026-01-04 05:45:00+00:00,0.0850000384163276
2026-01-04 06:00:00+00:00,0.09127952971294963
2026-01-04 06:15:00+00:00,0.08136733243406544
2026-01-04 06:30:00+00:00,0.09014166352488442
2026-01-04 06:45:00+00:00,0.08879856945632315
2026-01-04 07:00:00+00:00,0.08747995964992719
2026-01-04 07:15:00+00:00,0.09349157025436915
2026-01-04 07:30:00+00:00,0.08066779316766527
2026-01-04 07:45:00+00:00,0.1105138727568546
2026-01-04 08:00:00+00:00,0.08395982618500299
2026-01-04 08:15:00+00:00,0.08385811387212268
2026-01-04 08:30:00+00:00,0.10757110873500068
2026-01-04 08:45:00+00:00,0.09910662693962935
2026-01-04 09:00:00+00:00,0.11018119817052155
2026-01-04 09:15:00+00:00,0.1034734550926428
2026-01-04 09:30:00+00:00,0.09079753227153085
2026-01-04 09:45:00+00:00,0.0779974562851417
2026-01-04 10:00:00+00:00,0.09460804558193726
2026-01-04 10:15:00+00:00,0.08321838288487889
2026-01-04 10:30:00+00:00,0.0997111973341775
2026-01-04 10:45:00+00:00,0.08823942618497861
2026-01-04 11:00:00+00:00,0.08304502803207489
2026-01-04 11:15:00+00:00,0.08648614158347007
2026-01-04 11:30:00+00:00,0.09406931454275624
2026-01-04 11:45:00+00:00,0.08159275447196025
2026-01-04 12:00:00+00:00,0.07797779604433569
2026-01-04 12:15:00+00:00,0.08770687211491912
2026-01-04 12:30:00+00:00,0.08863966571108724
2026-01-04 12:45:00+00:00,0.0843805682462887
2026-01-04 13:00:00+00:00,0.07878961694381678
2026-01-04 13:15:00+00:00,0.09183049937357637
2026-01-04 13:30:00+00:00,0.08131915658502675
2026-01-04 13:45:00+00:00,0.08781536225623444
2026-01-04 14:00:00+00:00,0.07652555778747565
2026-01-04 14:15:00+00:00,0.08848552848288153
2026-01-04 14:30:00+00:00,0.09898907565598006
2026-01-04 14:45:00+00:00,0.11733356216949553
2026-01-04 15:00:00+00:00,0.0961865962320202
2026-01-04 15:15:00+00:00,0.09748061470036573
2026-01-04 15:30:00+00:00,0.1031998379209731
2026-01-04 15:45:00+00:00,0.1022647063536219
2026-01-04 16:00:00+00:00,0.11380486864007609
2026-01-04 16:15:00+00:00,0.11613341361079861
2026-01-04 16:30:00+00:00,0.12072718560338089
2026-01-04 16:45:00+00:00,0.11491769056447676
2026-01-04 17:00:00+00:00,0.12619346514241173
2026-01-04 17:15:00+00:00,0.13625738913002577
2026-01-04 17:30:00+00:00,0.11840239851543143
2026-01-04 17:45:00+00:00,0.12731711722098943
2026-01-04 18:00:00+00:00,0.13040143991711112
2026-01-04 18:15:00+00:00,0.11690779528114163
2026-01-04 18:30:00+00:00,0.12162092481810417
2026-01-04 18:45:00+00:00,0.11518592400781795
2026-01-04 19:00:00+00:00,0.12227676098548833
2026-01-04 19:15:00+00:00,0.10759990216144534
2026-01-04 19:30:00+00:00,0.11024510174258943
2026-01-04 19:45:00+00:00,0.10814998291245449
2026-01-04 20:00:00+00:00,0.12138143607795042
2026-01-04 20:15:00+00:00,0.11131270826085207
2026-01-04 20:30:00+00:00,0.11910182457511556
2026-01-04 20:45:00+00:00,0.08496652437111951
2026-01-04 21:00:00+00:00,0.10676320636720678
2026-01-04 21:15:00+00:00,0.09834342005738352
2026-01-04 21:30:00+00:00,0.11972802933217672
2026-01-04 21:45:00+00:00,0.08259701714644849
2026-01-04 22:00:00+00:00,0.08921278157819224
2026-01-04 22:15:00+00:00,0.13373607354555977
2026-01-04 22:30:00+00:00,0.06509104275690193
2026-01-04 22:45:00+00:00,0.07791244978319238
2026-01-04 23:00:00+00:00,0.10021867338446303
2026-01-04 23:15:00+00:00,0.09298393786476208
2026-01-04 23:30:00+00:00,0.0913575597577716
2026-01-04 23:45:00+00:00,0.10134170839215886
2026-01-05 00:00:00+00:00,0.15246423838186052
2026-01-05 00:15:00+00:00,0.08423096344337597
2026-01-05 00:30:00+00:00,0.07775585328651642
2026-01-05 00:45:00+00:00,0.09060919171506505
2026-01-05 01:00:00+00:00,0.07400766792979357
2026-01-05 01:15:00+00:00,0.10492458765854354
2026-01-05 01:30:00+00:00,0.09872440120721286
2026-01-05 01:45:00+00:00,0.08058824347895295
2026-01-05 02:00:00+00:00,0.06922865470909123
2026-01-05 02:15:00+00:00,0.09950872374165413
2026-01-05 02:30:00+00:00,0.08459460154747382
2026-01-05 02:45:00+00:00,0.09955816311973462
2026-01-05 03:00:00+00:00,0.07030572341205632
2026-01-05 03:15:00+00:00,0.08073624977046227
2026-01-05 03:30:00+00:00,0.08706243699718183
2026-01-05 03:45:00+00:00,0.09045980593764742
2026-01-05 04:00:00+00:00,0.08295934528520756
2026-01-05 04:15:00+00:00,0.09457849932347498
2026-01-05 04:30:00+00:00,0.07843379570617405
2026-01-05 04:45:00+00:00,0.09708620514978707
2026-01-05 05:00:00+00:00,0.13858295631711898
2026-01-05 05:15:00+00:00,0.11004438834058748
2026-01-05 05:30:00+00:00,0.17582614878088887
2026-01-05 05:45:00+00:00,0.1138535790816213
2026-01-05 06:00:00+00:00,0.09911885829264379
2026-01-05 06:15:00+00:00,0.1336967682189851
2026-01-05 06:30:00+00:00,0.13628314011979592
2026-01-05 06:45:00+00:00,0.14142513463443446
2026-01-05 07:00:00+00:00,0.16086151975522522
2026-01-05 07:15:00+00:00,0.15764674634292858
2026-01-05 07:30:00+00:00,0.16076297184063826
2026-01-05 07:45:00+00:00,0.1545651848141011
2026-01-05 08:00:00+00:00,0.18359747924881986
2026-01-05 08:15:00+00:00,0.17904340842443203
2026-01-05 08:30:00+00:00,0.14473035851520927
2026-01-05 08:45:00+00:00,0.14661570950954356
2026-01-05 09:00:00+00:00,0.21891375949585146
2026-01-05 09:15:00+00:00,0.15954631557532348
2026-01-05 09:30:00+00:00,0.13034076539419895
2026-01-05 09:45:00+00:00,0.14106051459998442
2026-01-05 10:00:00+00:00,0.15048424486849588
2026-01-05 10:15:00+00:00,0.11874260513576887
2026-01-05 10:30:00+00:00,0.12415741487334225
2026-01-05 10:45:00+00:00,0.11366767822239901
2026-01-05 11:00:00+00:00,0.13170593165555441
2026-01-05 11:15:00+00:00,0.14014542255795964
2026-01-05 11:30:00+00:00,0.14886357052096028
2026-01-05 11:45:00+00:00,0.13674094780419777
2026-01-05 12:00:00+00:00,0.14787615545571292
2026-01-05 12:15:00+00:00,0.11752898541785109
2026-01-05 12:30:00+00:00,0.11848617560644845
2026-01-05 12:45:00+00:00,0.13821452301103382
2026-01-05 13:00:00+00:00,0.1320406544893931
2026-01-05 13:15:00+00:00,0.13089305251905908
2026-01-05 13:30:00+00:00,0.11922557899960123
2026-01-05 13:45:00+00:00,0.16038879960487212
2026-01-05 14:00:00+00:00,0.12004530499495147
2026-01-05 14:15:00+00:00,0.1467167254883004
2026-01-05 14:30:00+00:00,0.17009598246096846
2026-01-05 14:45:00+00:00,0.14702120213672645
2026-01-05 15:00:00+00:00,0.15973133082663304
2026-01-05 15:15:00+00:00,0.1554678647811105
2026-01-05 15:30:00+00:00,0.19256320902726828
2026-01-05 15:45:00+00:00,0.20826142320501237
2026-01-05 16:00:00+00:00,0.18827273953664456
2026-01-05 16:15:00+00:00,0.21304046515517844
2026-01-05 16:30:00+00:00,0.2390874238162756
2026-01-05 16:45:00+00:00,0.23525127167737656
2026-01-05 17:00:00+00:00,0.21836969640045442
2026-01-05 17:15:00+00:00,0.20616757677580624
2026-01-05 17:30:00+00:00,0.21184350694652818
2026-01-05 17:45:00+00:00,0.18902122107411154
2026-01-05 18:00:00+00:00,0.2417672513291639
2026-01-05 18:15:00+00:00,0.20932263551971728
2026-01-05 18:30:00+00:00,0.15500274492007415
2026-01-05 18:45:00+00:00,0.14024979910734223
2026-01-05 19:00:00+00:00,0.1701767195030917
2026-01-05 19:15:00+00:00,0.14452030400466778
2026-01-05 19:30:00+00:00,0.14423166700043424
2026-01-05 19:45:00+00:00,0.13958507710047305
2026-01-05 20:00:00+00:00,0.13251498852389473
2026-01-05 20:15:00+00:00,0.1292918175935532
2026-01-05 20:30:00+00:00,0.12300948302848357
2026-01-05 20:45:00+00:00,0.09476078835264415
2026-01-05 21:00:00+00:00,0.11355808937801447
2026-01-05 21:15:00+00:00,0.13614874267444527
2026-01-05 21:30:00+00:00,0.14061967713501283
2026-01-05 21:45:00+00:00,0.1175496396044362
2026-01-05 22:00:00+00:00,0.12527556963055766
2026-01-05 22:15:00+00:00,0.11552250154543536
2026-01-05 22:30:00+00:00,0.13804880808455236
2026-01-05 22:45:00+00:00,0.11721574911434578
2026-01-05 23:00:00+00:00,0.11349082408519233
2026-01-05 23:15:00+00:00,0.09782459559399574
2026-01-05 23:30:00+00:00,0.08483553679742428
2026-01-05 23:45:00+00:00,0.09776463635867223
2026-01-06 00:00:00+00:00,0.10243649254715696
2026-01-06 00:15:00+00:00,0.09219746290402325
2026-01-06 00:30:00+00:00,0.09580427115757473
2026-01-06 00:45:00+00:00,0.08889451996385604
2026-01-06 01:00:00+00:00,0.12124141635072565
2026-01-06 01:15:00+00:00,0.10965639756949451
2026-01-06 01:30:00+00:00,0.10078027358683384
2026-01-06 01:45:00+00:00,0.11490944138890026
2026-01-06 02:00:00+00:00,0.10180368307647618
2026-01-06 02:15:00+00:00,0.09143715798671737
2026-01-06 02:30:00+00:00,0.11524124077269657
2026-01-06 02:45:00+00:00,0.10464910043684658
2026-01-06 03:00:00+00:00,0.08873753845673543
2026-01-06 03:15:00+00:00,0.09797661321916391
2026-01-06 03:30:00+00:00,0.09525381746615244
2026-01-06 03:45:00+00:00,0.09298200269035664
2026-01-06 04:00:00+00:00,0.1096517754753164
2026-01-06 04:15:00+00:00,0.12142416640470131
2026-01-06 04:30:00+00:00,0.09679432426180859
2026-01-06 04:45:00+00:00,0.12012969236690571
2026-01-06 05:00:00+00:00,0.10556357430878173
2026-01-06 05:15:00+00:00,0.11287874616235304
2026-01-06 05:30:00+00:00,0.1154960607576113
2026-01-06 05:45:00+00:00,0.12527009230320185
2026-01-06 06:00:00+00:00,0.12215521627944827
2026-01-06 06:15:00+00:00,0.1295904988358896
2026-01-06 06:30:00+00:00,0.1501345682577984
2026-01-06 06:45:00+00:00,0.14648761890550863
2026-01-06 07:00:00+00:00,0.1511205195313359
2026-01-06 07:15:00+00:00,0.15964436337958404
2026-01-06 07:30:00+00:00,0.16518228669431667
2026-01-06 07:45:00+00:00,0.17111391225825756
2026-01-06 08:00:00+00:00,0.1949191718762438
2026-01-06 08:15:00+00:00,0.1601944475520145
2026-01-06 08:30:00+00:00,0.16733332305429224
2026-01-06 08:45:00+00:00,0.15657387123371788
2026-01-06 09:00:00+00:00,0.16015594718878629
2026-01-06 09:15:00+00:00,0.15553360192379936
2026-01-06 09:30:00+00:00,0.14339376241054153
2026-01-06 09:45:00+00:00,0.14810598668593158
2026-01-06 10:00:00+00:00,0.15399740843457482
2026-01-06 10:15:00+00:00,0.1304111789933548
2026-01-06 10:30:00+00:00,0.1266945756211684
2026-01-06 10:45:00+00:00,0.13648084946661382
2026-01-06 11:00:00+00:00,0.1435172250172148
2026-01-06 11:15:00+00:00,0.12598683374895592
2026-01-06 11:30:00+00:00,0.13824592458777374
2026-01-06 11:45:00+00:00,0.11330479937731042
2026-01-06 12:00:00+00:00,0.13299920201352683
2026-01-06 12:15:00+00:00,0.11918983800237543
2026-01-06 12:30:00+00:00,0.17120163892197843
2026-01-06 12:45:00+00:00,0.12860398671316414
2026-01-06 13:00:00+00:00,0.11846586634716047
2026-01-06 13:15:00+00:00,0.12615444455770175
2026-01-06 13:30:00+00:00,0.1400729280921444
2026-01-06 13:45:00+00:00,0.1299610813047685
2026-01-06 14:00:00+00:00,0.13608692112065143
2026-01-06 14:15:00+00:00,0.12301293145342383
2026-01-06 14:30:00+00:00,0.14266804177915282
2026-01-06 14:45:00+00:00,0.162945686206579
2026-01-06 15:00:00+00:00,0.1541135549987271
2026-01-06 15:15:00+00:00,0.13465104744529524
2026-01-06 15:30:00+00:00,0.1537307212718054
2026-01-06 15:45:00+00:00,0.15858954613957008
2026-01-06 16:00:00+00:00,0.14588145873371308
2026-01-06 16:15:00+00:00,0.1410601481328418
2026-01-06 16:30:00+00:00,0.162865897874729
2026-01-06 16:45:00+00:00,0.15914322764607922
2026-01-06 17:00:00+00:00,0.17161782061659808
2026-01-06 17:15:00+00:00,0.15283420843301213
2026-01-06 17:30:00+00:00,0.15022602662075202
2026-01-06 17:45:00+00:00,0.13187123033877532
2026-01-06 18:00:00+00:00,0.15010393775927508
2026-01-06 18:15:00+00:00,0.1355544181218038
2026-01-06 18:30:00+00:00,0.13782452142378296
2026-01-06 18:45:00+00:00,0.12352015519179738
2026-01-06 19:00:00+00:00,0.13688774856896413
2026-01-06 19:15:00+00:00,0.1446340079864544
2026-01-06 19:30:00+00:00,0.12647124703431692
2026-01-06 19:45:00+00:00,0.1075197646783216
2026-01-06 20:00:00+00:00,0.13287213922163943
2026-01-06 20:15:00+00:00,0.10760924626978448
2026-01-06 20:30:00+00:00,0.08219875464822146
2026-01-06 20:45:00+00:00,0.08903913689082596
2026-01-06 21:00:00+00:00,0.13943208078974145
2026-01-06 21:15:00+00:00,0.10189486515958691
2026-01-06 21:30:00+00:00,0.10068418379189552
2026-01-06 21:45:00+00:00,0.11160437312275281
2026-01-06 22:00:00+00:00,0.10619927373764163
2026-01-06 22:15:00+00:00,0.09182899471191136
2026-01-06 22:30:00+00:00,0.0984040558118349
2026-01-06 22:45:00+00:00,0.062098646909921146
2026-01-06 23:00:00+00:00,0.10363614558108565
2026-01-06 23:15:00+00:00,0.10669865193886967
2026-01-06 23:30:00+00:00,0.07483413754220158
2026-01-06 23:45:00+00:00,0.09749754043206929
2026-01-07 00:00:00+00:00,0.09634496407494414
2026-01-07 00:15:00+00:00,0.08594712086099199
2026-01-07 00:30:00+00:00,0.09267781866106284
2026-01-07 00:45:00+00:00,0.10773692857804396
2026-01-07 01:00:00+00:00,0.08858866255058495
2026-01-07 01:15:00+00:00,0.08723220586300337
2026-01-07 01:30:00+00:00,0.08091639100459756
2026-01-07 01:45:00+00:00,0.07465155630535208
2026-01-07 02:00:00+00:00,0.09190335816544246
2026-01-07 02:15:00+00:00,0.07312916174091133
2026-01-07 02:30:00+00:00,0.08172566237219392
2026-01-07 02:45:00+00:00,0.07551342553234883
2026-01-07 03:00:00+00:00,0.1355797982574639
2026-01-07 03:15:00+00:00,0.08400662105286949
2026-01-07 03:30:00+00:00,0.090735399442579
2026-01-07 03:45:00+00:00,0.07620983601145252
2026-01-07 04:00:00+00:00,0.08139125064706629
2026-01-07 04:15:00+00:00,0.07365236284217692
2026-01-07 04:30:00+00:00,0.08024706739923888
2026-01-07 04:45:00+00:00,0.09108300493044852
2026-01-07 05:00:00+00:00,0.09501988616645352
2026-01-07 05:15:00+00:00,0.08178834675822375
2026-01-07 05:30:00+00:00,0.1042860592010566
2026-01-07 05:45:00+00:00,0.11058637858804951
2026-01-07 06:00:00+00:00,0.10423434903223701
2026-01-07 06:15:00+00:00,0.11695795812558066
2026-01-07 06:30:00+00:00,0.09235210800896426
2026-01-07 06:45:00+00:00,0.08597345296688583
2026-01-07 07:00:00+00:00,0.08898279751095722
2026-01-07 07:15:00+00:00,0.12264044311489183
2026-01-07 07:30:00+00:00,0.12022365656354059
2026-01-07 07:45:00+00:00,0.10871415329089545
2026-01-07 08:00:00+00:00,0.11823968626319821
2026-01-07 08:15:00+00:00,0.10432510952701624
2026-01-07 08:30:00+00:00,0.13935751979616826
2026-01-07 08:45:00+00:00,0.10388221181975228
2026-01-07 09:00:00+00:00,0.11765394794604893
2026-01-07 09:15:00+00:00,0.11626766623898692
2026-01-07 09:30:00+00:00,0.11065009231736714
2026-01-07 09:45:00+00:00,0.10407884024279132
2026-01-07 10:00:00+00:00,0.09420525544554689
2026-01-07 10:15:00+00:00,0.10431468357135995
2026-01-07 10:30:00+00:00,0.11712024496475033
2026-01-07 10:45:00+00:00,0.11318420046154978
2026-01-07 11:00:00+00:00,0.11479186626639398
2026-01-07 11:15:00+00:00,0.09089784323568814
2026-01-07 11:30:00+00:00,0.08645395179741419
2026-01-07 11:45:00+00:00,0.09288213079900352
2026-01-07 12:00:00+00:00,0.09846724912288694
2026-01-07 12:15:00+00:00,0.10456191518470948
2026-01-07 12:30:00+00:00,0.1228553537028518
2026-01-07 12:45:00+00:00,0.10660550319460614
2026-01-07 13:00:00+00:00,0.0896099210142101
2026-01-07 13:15:00+00:00,0.0900911893005258
2026-01-07 13:30:00+00:00,0.08396895624739832
2026-01-07 13:45:00+00:00,0.08472143328134231
2026-01-07 14:00:00+00:00,0.10409170583961914
2026-01-07 14:15:00+00:00,0.10354317967188403
2026-01-07 14:30:00+00:00,0.09286039100258947
2026-01-07 14:45:00+00:00,0.08996921227936383
2026-01-07 15:00:00+00:00,0.09850215300709872
2026-01-07 15:15:00+00:00,0.11853021525289392
2026-01-07 15:30:00+00:00,0.10500408648636396
2026-01-07 15:45:00+00:00,0.14920857046881894
2026-01-07 16:00:00+00:00,0.11572256935914055
2026-01-07 16:15:00+00:00,0.11927276430252329
2026-01-07 16:30:00+00:00,0.10203113357058428
2026-01-07 16:45:00+00:00,0.13102705133482187
2026-01-07 17:00:00+00:00,0.12070065469791322
2026-01-07 17:15:00+00:00,0.13101206364813417
2026-01-07 17:30:00+00:00,0.14233956094945346
2026-01-07 17:45:00+00:00,0.13675565029547757
2026-01-07 18:00:00+00:00,0.1128211130944517
2026-01-07 18:15:00+00:00,0.1088047409125833
2026-01-07 18:30:00+00:00,0.1422835980324986
2026-01-07 18:45:00+00:00,0.1655921843401449
2026-01-07 19:00:00+00:00,0.10790929291912947
2026-01-07 19:15:00+00:00,0.11368874912889997
2026-01-07 19:30:00+00:00,0.11023084760767855
2026-01-07 19:45:00+00:00,0.10351639588076057
2026-01-07 20:00:00+00:00,0.09952337993119764
2026-01-07 20:15:00+00:00,0.09607141058759608
2026-01-07 20:30:00+00:00,0.09568246729784001
2026-01-07 20:45:00+00:00,0.08557575228866235
2026-01-07 21:00:00+00:00,0.08360154217322836
2026-01-07 21:15:00+00:00,0.09650430227691896
2026-01-07 21:30:00+00:00,0.09401022782579145
2026-01-07 21:45:00+00:00,0.10814992988582689
2026-01-07 22:00:00+00:00,0.06860030191606988
2026-01-07 22:15:00+00:00,0.09992506851922463
2026-01-07 22:30:00+00:00,0.09929085192497629
2026-01-07 22:45:00+00:00,0.0633660976759185
2026-01-07 23:00:00+00:00,0.08345312405919651
2026-01-07 23:15:00+00:00,0.08222559134004209
2026-01-07 23:30:00+00:00,0.06862488305282179
2026-01-07 23:45:00+00:00,0.07302183312409125
2026-01-08 00:00:00+00:00,0.07389424154534172
2026-01-08 00:15:00+00:00,0.10011270443423623
2026-01-08 00:30:00+00:00,0.14253678393147462
2026-01-08 00:45:00+00:00,0.09427555094994158
2026-01-08 01:00:00+00:00,0.14191672064043237
2026-01-08 01:15:00+00:00,0.07364948228782771
2026-01-08 01:30:00+00:00,0.07834479733720226
2026-01-08 01:45:00+00:00,0.08975374561227918
2026-01-08 02:00:00+00:00,0.07041872191108055
2026-01-08 02:15:00+00:00,0.09013998430172387
2026-01-08 02:30:00+00:00,0.07935674601841865
2026-01-08 02:45:00+00:00,0.07873179192450402
2026-01-08 03:00:00+00:00,0.08814959968203491
2026-01-08 03:15:00+00:00,0.0894426331148604
2026-01-08 03:30:00+00:00,0.0837803383418092
2026-01-08 03:45:00+00:00,0.09922329803364248
2026-01-08 04:00:00+00:00,0.07444936672400103
2026-01-08 04:15:00+00:00,0.14320935606944263
2026-01-08 04:30:00+00:00,0.09453101257968384
2026-01-08 04:45:00+00:00,0.0875445356068601
2026-01-08 05:00:00+00:00,0.08962133022242119
2026-01-08 05:15:00+00:00,0.07601886423614697
2026-01-08 05:30:00+00:00,0.113030270192069
2026-01-08 05:45:00+00:00,0.1109909786355701
2026-01-08 06:00:00+00:00,0.09804276979480961
2026-01-08 06:15:00+00:00,0.11953009225836889
2026-01-08 06:30:00+00:00,0.12547656309457242
2026-01-08 06:45:00+00:00,0.19793538703636443
2026-01-08 07:00:00+00:00,0.15230370826476095
2026-01-08 07:15:00+00:00,0.1725900995134564
2026-01-08 07:30:00+00:00,0.1557257064750372
2026-01-08 07:45:00+00:00,0.18985794181984364
2026-01-08 08:00:00+00:00,0.16018070592116276
2026-01-08 08:15:00+00:00,0.2104445636829004
2026-01-08 08:30:00+00:00,0.2140701746720262
2026-01-08 08:45:00+00:00,0.18347286888129608
2026-01-08 09:00:00+00:00,0.1985608091319105
2026-01-08 09:15:00+00:00,0.22697136114352073
2026-01-08 09:30:00+00:00,0.2020236529757515
2026-01-08 09:45:00+00:00,0.26337301882016523
2026-01-08 10:00:00+00:00,0.22373227648662042
2026-01-08 10:15:00+00:00,0.20560301761461877
2026-01-08 10:30:00+00:00,0.20931387787786143
2026-01-08 10:45:00+00:00,0.21224054376278934
2026-01-08 11:00:00+00:00,0.2182380176889206
2026-01-08 11:15:00+00:00,0.19882831607343376
2026-01-08 11:30:00+00:00,0.20368814577894287
2026-01-08 11:45:00+00:00,0.24025264094022714
2026-01-08 12:00:00+00:00,0.21879865438127943
2026-01-08 12:15:00+00:00,0.2347501666364732
2026-01-08 12:30:00+00:00,0.24414433933065394
2026-01-08 12:45:00+00:00,0.2506958170536167
2026-01-08 13:00:00+00:00,0.22362240319690638
2026-01-08 13:15:00+00:00,0.2552669527459769
2026-01-08 13:30:00+00:00,0.29316845255097684
2026-01-08 13:45:00+00:00,0.2652762722238497
2026-01-08 14:00:00+00:00,0.2552525275571447
2026-01-08 14:15:00+00:00,0.2533541639576216
2026-01-08 14:30:00+00:00,0.2752915563732565
2026-01-08 14:45:00+00:00,0.27585597482413043
2026-01-08 15:00:00+00:00,0.22702029734313875
2026-01-08 15:15:00+00:00,0.25083690983945517
2026-01-08 15:30:00+00:00,0.2890947444446258
2026-01-08 15:45:00+00:00,0.3101937006501813
2026-01-08 16:00:00+00:00,0.23616125768668356
2026-01-08 16:15:00+00:00,0.248264230332643
2026-01-08 16:30:00+00:00,0.21859181422304322
2026-01-08 16:45:00+00:00,0.19520091050210833
2026-01-08 17:00:00+00:00,0.27526659020469124
2026-01-08 17:15:00+00:00,0.19373256186846535
2026-01-08 17:30:00+00:00,0.18286766764477078
2026-01-08 17:45:00+00:00,0.13795617067646676
2026-01-08 18:00:00+00:00,0.17004482197008053
2026-01-08 18:15:00+00:00,0.1539333890315178
2026-01-08 18:30:00+00:00,0.10761766753889096
2026-01-08 18:45:00+00:00,0.08246315394383666
2026-01-08 19:00:00+00:00,0.12004126747022667
2026-01-08 19:15:00+00:00,0.11613641796607839
2026-01-08 19:30:00+00:00,0.07879601111168057
2026-01-08 19:45:00+00:00,0.1111338206483739
2026-01-08 20:00:00+00:00,0.10929317900880889
2026-01-08 20:15:00+00:00,0.09947836123694874
2026-01-08 20:30:00+00:00,0.08218642219818786
2026-01-08 20:45:00+00:00,0.09217309879408991
2026-01-08 21:00:00+00:00,0.09817362173762226
2026-01-08 21:15:00+00:00,0.09245009814645362
2026-01-08 21:30:00+00:00,0.11432084538268794
2026-01-08 21:45:00+00:00,0.0803794010027535
2026-01-08 22:00:00+00:00,0.10600273326285675
2026-01-08 22:15:00+00:00,0.07544823574874113
2026-01-08 22:30:00+00:00,0.07025011509503037
2026-01-08 22:45:00+00:00,0.0862580063563551
2026-01-08 23:00:00+00:00,0.08929032942212234
2026-01-08 23:15:00+00:00,0.09835448557996929
2026-01-08 23:30:00+00:00,0.07717751935455475
2026-01-08 23:45:00+00:00,0.11433533224105732
2026-01-09 00:00:00+00:00,0.08180407739055522
2026-01-09 00:15:00+00:00,0.0839655444962673
2026-01-09 00:30:00+00:00,0.07619809962217197
2026-01-09 00:45:00+00:00,0.04735775280109544
2026-01-09 01:00:00+00:00,0.05693862824175132
2026-01-09 01:15:00+00:00,0.05563481364448496
2026-01-09 01:30:00+00:00,0.05404566570899953
2026-01-09 01:45:00+00:00,0.05849672097550678
2026-01-09 02:00:00+00:00,0.05752701000933254
2026-01-09 02:15:00+00:00,0.037676556412898986
2026-01-09 02:30:00+00:00,0.053891978510059634
2026-01-09 02:45:00+00:00,0.05259585745283823
2026-01-09 03:00:00+00:00,0.051407904479310394
2026-01-09 03:15:00+00:00,0.056617807255546215
2026-01-09 03:30:00+00:00,0.056559221545489036
2026-01-09 03:45:00+00:00,0.05613180079228437
2026-01-09 04:00:00+00:00,0.04920834288541353
2026-01-09 04:15:00+00:00,0.036740390664840084
2026-01-09 04:30:00+00:00,0.06367618219132586
2026-01-09 04:45:00+00:00,0.0657368768716311
2026-01-09 05:00:00+00:00,0.06773578837195372
2026-01-09 05:15:00+00:00,0.059872514241796904
2026-01-09 05:30:00+00:00,0.06361943459591737
2026-01-09 05:45:00+00:00,0.08886152853332903
2026-01-09 06:00:00+00:00,0.07685444846143345
2026-01-09 06:15:00+00:00,0.09014500697372624
2026-01-09 06:30:00+00:00,0.08791318376130461
2026-01-09 06:45:00+00:00,0.08929756139495745
2026-01-09 07:00:00+00:00,0.09655283805975998
2026-01-09 07:15:00+00:00,0.08631955271782626
2026-01-09 07:30:00+00:00,0.09314120776940983
2026-01-09 07:45:00+00:00,0.08359724711294958
2026-01-09 08:00:00+00:00,0.08693503772567684
2026-01-09 08:15:00+00:00,0.08589827876531361
2026-01-09 08:30:00+00:00,0.08879133771633713
2026-01-09 08:45:00+00:00,0.08496251378336522
2026-01-09 09:00:00+00:00,0.10604756125573521
2026-01-09 09:15:00+00:00,0.08062392697780496
2026-01-09 09:30:00+00:00,0.09706128355838642
2026-01-09 09:45:00+00:00,0.08933268941725825
2026-01-09 10:00:00+00:00,0.10340977884353733
2026-01-09 10:15:00+00:00,0.08914554776511574
2026-01-09 10:30:00+00:00,0.09537844539468635
2026-01-09 10:45:00+00:00,0.06714439626963029
2026-01-09 11:00:00+00:00,0.0865005026586926
2026-01-09 11:15:00+00:00,0.09106630795623438
2026-01-09 11:30:00+00:00,0.08478283989275424
2026-01-09 11:45:00+00:00,0.09275480375065352
2026-01-09 12:00:00+00:00,0.07974711549899627
2026-01-09 12:15:00+00:00,0.0968434744018558
2026-01-09 12:30:00+00:00,0.1051089812361925
2026-01-09 12:45:00+00:00,0.07798161439560342
2026-01-09 13:00:00+00:00,0.07748497478599228
2026-01-09 13:15:00+00:00,0.09684384477117701
2026-01-09 13:30:00+00:00,0.09809572145730712
2026-01-09 13:45:00+00:00,0.07956139972846732
2026-01-09 14:00:00+00:00,0.07794813182904142
2026-01-09 14:15:00+00:00,0.08209215391139493
2026-01-09 14:30:00+00:00,0.12114549488965723
2026-01-09 14:45:00+00:00,0.08014348053515802
2026-01-09 15:00:00+00:00,0.07234859233247933
2026-01-09 15:15:00+00:00,0.07919202434895872
2026-01-09 15:30:00+00:00,0.09069315112613219
2026-01-09 15:45:00+00:00,0.09233214732536521
2026-01-09 16:00:00+00:00,0.10828500492814078
2026-01-09 16:15:00+00:00,0.08278645959261209
2026-01-09 16:30:00+00:00,0.10091322398476583
2026-01-09 16:45:00+00:00,0.09132011155774492
2026-01-09 17:00:00+00:00,0.08948536290347567
2026-01-09 17:15:00+00:00,0.10036819492166603
2026-01-09 17:30:00+00:00,0.08264277978437701
2026-01-09 17:45:00+00:00,0.0930040974618405
2026-01-09 18:00:00+00:00,0.09160452208213057
2026-01-09 18:15:00+00:00,0.0918745126400815
2026-01-09 18:30:00+00:00,0.08855168643907818
2026-01-09 18:45:00+00:00,0.11112300139910894
2026-01-09 19:00:00+00:00,0.07717260015748684
2026-01-09 19:15:00+00:00,0.07748003044998182
2026-01-09 19:30:00+00:00,0.07591859473575235
2026-01-09 19:45:00+00:00,0.07716522880839746
2026-01-09 20:00:00+00:00,0.07783612872693482
2026-01-09 20:15:00+00:00,0.09403016531107553
2026-01-09 20:30:00+00:00,0.09368504247989855
2026-01-09 20:45:00+00:00,0.06990253706250524
2026-01-09 21:00:00+00:00,0.07600644426895771
2026-01-09 21:15:00+00:00,0.08544415556386403
2026-01-09 21:30:00+00:00,0.0745377695571903
2026-01-09 21:45:00+00:00,0.08260931817755511
2026-01-09 22:00:00+00:00,0.07973923020851299
2026-01-09 22:15:00+00:00,0.05829255885002768
2026-01-09 22:30:00+00:00,0.08956505201330062
2026-01-09 22:45:00+00:00,0.09074877673095522
2026-01-09 23:00:00+00:00,0.12281211309515613
2026-01-09 23:15:00+00:00,0.06965298440064016
2026-01-09 23:30:00+00:00,0.07293865390724906
2026-01-09 23:45:00+00:00,0.07195456789987026
2026-01-10 00:00:00+00:00,0.0780254427267283
2026-01-10 00:15:00+00:00,0.0906520453876635
2026-01-10 00:30:00+00:00,0.06763052772505951
2026-01-10 00:45:00+00:00,0.05972702755461547
2026-01-10 01:00:00+00:00,0.05389680771985473
2026-01-10 01:15:00+00:00,0.05880069960058081
2026-01-10 01:30:00+00:00,0.06529873027126203
2026-01-10 01:45:00+00:00,0.08346557863517787
2026-01-10 02:00:00+00:00,0.061943887009638286
2026-01-10 02:15:00+00:00,0.06861787951638898
2026-01-10 02:30:00+00:00,0.06677577103927249
2026-01-10 02:45:00+00:00,0.07758393273448083
2026-01-10 03:00:00+00:00,0.09198932425873621
2026-01-10 03:15:00+00:00,0.06110131227079679
2026-01-10 03:30:00+00:00,0.061095605574817774
2026-01-10 03:45:00+00:00,0.07737160877069073
2026-01-10 04:00:00+00:00,0.07308891489626311
2026-01-10 04:15:00+00:00,0.08575707325736034
2026-01-10 04:30:00+00:00,0.07530928185325965
2026-01-10 04:45:00+00:00,0.0672170790921294
2026-01-10 05:00:00+00:00,0.0723065483069231
2026-01-10 05:15:00+00:00,0.07968703580582907
2026-01-10 05:30:00+00:00,0.07960482181197365
2026-01-10 05:45:00+00:00,0.07851274031107298
2026-01-10 06:00:00+00:00,0.08085674689589153
2026-01-10 06:15:00+00:00,0.08730295590445672
2026-01-10 06:30:00+00:00,0.09286158991037527
2026-01-10 06:45:00+00:00,0.08830709887589643
2026-01-10 07:00:00+00:00,0.07828881919683146
2026-01-10 07:15:00+00:00,0.08288713686433323
2026-01-10 07:30:00+00:00,0.09964508966508358
2026-01-10 07:45:00+00:00,0.08298064329012764
2026-01-10 08:00:00+00:00,0.09409673308872901
2026-01-10 08:15:00+00:00,0.08943661187672639
2026-01-10 08:30:00+00:00,0.09369744822934818
2026-01-10 08:45:00+00:00,0.10504451862607297
2026-01-10 09:00:00+00:00,0.09376099068019904
2026-01-10 09:15:00+00:00,0.1451843654815615
2026-01-10 09:30:00+00:00,0.0871814385902008
2026-01-10 09:45:00+00:00,0.1104925356602722
2026-01-10 10:00:00+00:00,0.10127484181141075
2026-01-10 10:15:00+00:00,0.12342254723305461
2026-01-10 10:30:00+00:00,0.10051221765047
2026-01-10 10:45:00+00:00,0.10822150327663939
2026-01-10 11:00:00+00:00,0.10297383683710755
2026-01-10 11:15:00+00:00,0.11920453279763474
2026-01-10 11:30:00+00:00,0.09924704467613048
2026-01-10 11:45:00+00:00,0.1049602152577034
2026-01-10 12:00:00+00:00,0.10749896509716539
2026-01-10 12:15:00+00:00,0.10493609123156358
2026-01-10 12:30:00+00:00,0.09993566385449472
2026-01-10 12:45:00+00:00,0.11235089992898308
2026-01-10 13:00:00+00:00,0.11858631749859772
2026-01-10 13:15:00+00:00,0.0973848470058894
2026-01-10 13:30:00+00:00,0.11603969674146877
2026-01-10 13:45:00+00:00,0.10855879185060827
2026-01-10 14:00:00+00:00,0.12184046628924843
2026-01-10 14:15:00+00:00,0.09997813095216226
2026-01-10 14:30:00+00:00,0.11129078152728411
2026-01-10 14:45:00+00:00,0.1326621187506452
2026-01-10 15:00:00+00:00,0.1364052402923434
2026-01-10 15:15:00+00:00,0.12429249738927013
2026-01-10 15:30:00+00:00,0.11803800473306802
2026-01-10 15:45:00+00:00,0.1615515706944059
2026-01-10 16:00:00+00:00,0.11950986099583756
2026-01-10 16:15:00+00:00,0.11708194043379919
2026-01-10 16:30:00+00:00,0.14648014450053334
2026-01-10 16:45:00+00:00,0.1379494577564739
2026-01-10 17:00:00+00:00,0.13335767182869288
2026-01-10 17:15:00+00:00,0.14507356447299352
2026-01-10 17:30:00+00:00,0.138998007137712
2026-01-10 17:45:00+00:00,0.12387921369263272
2026-01-10 18:00:00+00:00,0.12206695601329104
2026-01-10 18:15:00+00:00,0.13824457328280143
2026-01-10 18:30:00+00:00,0.13186201177958662
2026-01-10 18:45:00+00:00,0.12247824136220617
2026-01-10 19:00:00+00:00,0.14751636996047665
2026-01-10 19:15:00+00:00,0.11001915233673847
2026-01-10 19:30:00+00:00,0.1037047482907526
2026-01-10 19:45:00+00:00,0.10631091930118755
2026-01-10 20:00:00+00:00,0.11803413983644502
2026-01-10 20:15:00+00:00,0.11687339449322692
2026-01-10 20:30:00+00:00,0.11197763942143671
2026-01-10 20:45:00+00:00,0.10904055396514298
2026-01-10 21:00:00+00:00,0.10194460575809557
2026-01-10 21:15:00+00:00,0.12824764604073258
2026-01-10 21:30:00+00:00,0.10250848821607432
2026-01-10 21:45:00+00:00,0.11029295831588128
2026-01-10 22:00:00+00:00,0.10518725346377704
2026-01-10 22:15:00+00:00,0.10206753219153784
2026-01-10 22:30:00+00:00,0.10344767280232205
2026-01-10 22:45:00+00:00,0.10025708560017316
2026-01-10 23:00:00+00:00,0.11462722759867544
2026-01-10 23:15:00+00:00,0.11101152530132431
2026-01-10 23:30:00+00:00,0.09566521169701471
2026-01-10 23:45:00+00:00,0.09508003757588512
2026-01-11 00:00:00+00:00,0.09809264305712773
2026-01-11 00:15:00+00:00,0.10695117215449472
2026-01-11 00:30:00+00:00,0.0841460769794073
2026-01-11 00:45:00+00:00,0.10654940432910814
2026-01-11 01:00:00+00:00,0.09158842049355657
2026-01-11 01:15:00+00:00,0.07478224897881952
2026-01-11 01:30:00+00:00,0.08748104414910789
2026-01-11 01:45:00+00:00,0.0780494834252512
2026-01-11 02:00:00+00:00,0.09258643548988725
2026-01-11 02:15:00+00:00,0.07799376020697608
2026-01-11 02:30:00+00:00,0.0800981656678522
2026-01-11 02:45:00+00:00,0.0672845926905447
2026-01-11 03:00:00+00:00,0.08051693680750924
2026-01-11 03:15:00+00:00,0.05879120673371044
2026-01-11 03:30:00+00:00,0.06558097176514277
2026-01-11 03:45:00+00:00,0.08883414656144296
2026-01-11 04:00:00+00:00,0.13949800158650832
2026-01-11 04:15:00+00:00,0.08589457561784965
2026-01-11 04:30:00+00:00,0.07253023856870787
2026-01-11 04:45:00+00:00,0.0830828864385802
2026-01-11 05:00:00+00:00,0.08089397460909432
2026-01-11 05:15:00+00:00,0.07005635310807458
2026-01-11 05:30:00+00:00,0.09667398301767151
2026-01-11 05:45:00+00:00,0.1409736229057567
2026-01-11 06:00:00+00:00,0.07892035826170335
2026-01-11 06:15:00+00:00,0.08272885838994531
2026-01-11 06:30:00+00:00,0.13776382807947551
2026-01-11 06:45:00+00:00,0.0673526513157571
2026-01-11 07:00:00+00:00,0.08454822617479403
2026-01-11 07:15:00+00:00,0.08315015752002201
2026-01-11 07:30:00+00:00,0.08282379990105085
2026-01-11 07:45:00+00:00,0.09559899707114045
2026-01-11 08:00:00+00:00,0.12188686526849524
2026-01-11 08:15:00+00:00,0.1097984286126701
2026-01-11 08:30:00+00:00,0.09747821010217203
2026-01-11 08:45:00+00:00,0.10764582781356158
2026-01-11 09:00:00+00:00,0.11792355436586002
2026-01-11 09:15:00+00:00,0.1109263368291277
2026-01-11 09:30:00+00:00,0.10107630369920174
2026-01-11 09:45:00+00:00,0.09017063222294426
2026-01-11 10:00:00+00:00,0.10966223313613589
2026-01-11 10:15:00+00:00,0.10457485385421748
2026-01-11 10:30:00+00:00,0.10892193220027732
2026-01-11 10:45:00+00:00,0.10273171801681968
2026-01-11 11:00:00+00:00,0.11020552715319334
2026-01-11 11:15:00+00:00,0.09261764788439432
2026-01-11 11:30:00+00:00,0.11150394065634325
2026-01-11 11:45:00+00:00,0.094315996046924
2026-01-11 12:00:00+00:00,0.11941260872625264
2026-01-11 12:15:00+00:00,0.08683812181910432
2026-01-11 12:30:00+00:00,0.1137196380316525
2026-01-11 12:45:00+00:00,0.09929910783462648
2026-01-11 13:00:00+00:00,0.08978581996385551
2026-01-11 13:15:00+00:00,0.09347114165945677
2026-01-11 13:30:00+00:00,0.0976965269180568
2026-01-11 13:45:00+00:00,0.10424165946401917
2026-01-11 14:00:00+00:00,0.095438354880355
2026-01-11 14:15:00+00:00,0.09326299996061421
2026-01-11 14:30:00+00:00,0.10698645407739017
2026-01-11 14:45:00+00:00,0.13008270358611865
2026-01-11 15:00:00+00:00,0.11999543170100713
2026-01-11 15:15:00+00:00,0.11492323669674033
2026-01-11 15:30:00+00:00,0.113480034781682
2026-01-11 15:45:00+00:00,0.12184031326718262
2026-01-11 16:00:00+00:00,0.12042517972730417
2026-01-11 16:15:00+00:00,0.10763207434801594
2026-01-11 16:30:00+00:00,0.11494623462576654
2026-01-11 16:45:00+00:00,0.0986441592612241
2026-01-11 17:00:00+00:00,0.12227223122605278
2026-01-11 17:15:00+00:00,0.12166195939702741
2026-01-11 17:30:00+00:00,0.10433813537700626
2026-01-11 17:45:00+00:00,0.12208986763290033
2026-01-11 18:00:00+00:00,0.09528234336997658
2026-01-11 18:15:00+00:00,0.09278625119790179
2026-01-11 18:30:00+00:00,0.10846451818559971
2026-01-11 18:45:00+00:00,0.11411098302612155
2026-01-11 19:00:00+00:00,0.12093927691457869
2026-01-11 19:15:00+00:00,0.0932311573713106
2026-01-11 19:30:00+00:00,0.10475680833431296
2026-01-11 19:45:00+00:00,0.08788491530499293
2026-01-11 20:00:00+00:00,0.09917372700059181
2026-01-11 20:15:00+00:00,0.15337659937486672
2026-01-11 20:30:00+00:00,0.1006932287841342
2026-01-11 20:45:00+00:00,0.07464607843015751
2026-01-11 21:00:00+00:00,0.11186540349725896
2026-01-11 21:15:00+00:00,0.10695091354147451
2026-01-11 21:30:00+00:00,0.0862843729849047
2026-01-11 21:45:00+00:00,0.09324803533437409
2026-01-11 22:00:00+00:00,0.09532030186282739
2026-01-11 22:15:00+00:00,0.08854673765823907
2026-01-11 22:30:00+00:00,0.07815694846154579
2026-01-11 22:45:00+00:00,0.07422376632061949
2026-01-11 23:00:00+00:00,0.08046445929008554
2026-01-11 23:15:00+00:00,0.09271729019259366
2026-01-11 23:30:00+00:00,0.08780600154594433
2026-01-11 23:45:00+00:00,0.07724385667913894
2026-01-12 00:00:00+00:00,0.09017698710648345
2026-01-12 00:15:00+00:00,0.05337457379369925
2026-01-12 00:30:00+00:00,0.09242765700372103
2026-01-12 00:45:00+00:00,0.062112862212219
2026-01-12 01:00:00+00:00,0.07651559058596868
2026-01-12 01:15:00+00:00,0.06841330105373856
2026-01-12 01:30:00+00:00,0.06638318524279094
2026-01-12 01:45:00+00:00,0.0886982678737852
2026-01-12 02:00:00+00:00,0.07318298798688108
2026-01-12 02:15:00+00:00,0.08071503881730716
2026-01-12 02:30:00+00:00,0.07708079421120816
2026-01-12 02:45:00+00:00,0.08135040827223121
2026-01-12 03:00:00+00:00,0.07606821891060256
2026-01-12 03:15:00+00:00,0.0634000777581143
2026-01-12 03:30:00+00:00,0.08691266819447141
2026-01-12 03:45:00+00:00,0.07292243416838687
2026-01-12 04:00:00+00:00,0.0597341810134025
2026-01-12 04:15:00+00:00,0.07142884839034087
2026-01-12 04:30:00+00:00,0.0972075979063431
2026-01-12 04:45:00+00:00,0.09594221742113493
2026-01-12 05:00:00+00:00,0.07511347865592141
2026-01-12 05:15:00+00:00,0.08667742295681571
2026-01-12 05:30:00+00:00,0.08341364948782617
2026-01-12 05:45:00+00:00,0.1130574798356084
2026-01-12 06:00:00+00:00,0.09327935452231553
2026-01-12 06:15:00+00:00,0.10010041647191069
2026-01-12 06:30:00+00:00,0.11303283454031843
2026-01-12 06:45:00+00:00,0.10588789159026513
2026-01-12 07:00:00+00:00,0.10689957854179297
2026-01-12 07:15:00+00:00,0.11511650150915022
2026-01-12 07:30:00+00:00,0.1761839874058594
2026-01-12 07:45:00+00:00,0.10862777763490158
2026-01-12 08:00:00+00:00,0.13420629543636978
2026-01-12 08:15:00+00:00,0.138099458858073
2026-01-12 08:30:00+00:00,0.1413164007721558
2026-01-12 08:45:00+00:00,0.12008283419891418
2026-01-12 09:00:00+00:00,0.12585635190316088
2026-01-12 09:15:00+00:00,0.09528799315467892
2026-01-12 09:30:00+00:00,0.1391232767470248
2026-01-12 09:45:00+00:00,0.13075488475897992
2026-01-12 10:00:00+00:00,0.13399010109859652
2026-01-12 10:15:00+00:00,0.15703744621806312
2026-01-12 10:30:00+00:00,0.16097374704780726
2026-01-12 10:45:00+00:00,0.11797410371844827
2026-01-12 11:00:00+00:00,0.12231182816737517
2026-01-12 11:15:00+00:00,0.1238809407287447
2026-01-12 11:30:00+00:00,0.1421277390506257
2026-01-12 11:45:00+00:00,0.12780584436826342
2026-01-12 12:00:00+00:00,0.13010231039304193
2026-01-12 12:15:00+00:00,0.15785031353866785
2026-01-12 12:30:00+00:00,0.13408317599236652
2026-01-12 12:45:00+00:00,0.12217432873179722
2026-01-12 13:00:00+00:00,0.12778067730688755
2026-01-12 13:15:00+00:00,0.13293681887972605
2026-01-12 13:30:00+00:00,0.13359418905143577
2026-01-12 13:45:00+00:00,0.13797961002466225
2026-01-12 14:00:00+00:00,0.16002415585238275
2026-01-12 14:15:00+00:00,0.13540381202966414
2026-01-12 14:30:00+00:00,0.12893099046714968
2026-01-12 14:45:00+00:00,0.1384665439600761
2026-01-12 15:00:00+00:00,0.11958525932957983
2026-01-12 15:15:00+00:00,0.19177030305560377
2026-01-12 15:30:00+00:00,0.12790730222029184
2026-01-12 15:45:00+00:00,0.10693995087269517
2026-01-12 16:00:00+00:00,0.13933431532301097
2026-01-12 16:15:00+00:00,0.10909654606981312
2026-01-12 16:30:00+00:00,0.12003635465239033
2026-01-12 16:45:00+00:00,0.11028724149980643
2026-01-12 17:00:00+00:00,0.12416861653407008
2026-01-12 17:15:00+00:00,0.12028762410303481
2026-01-12 17:30:00+00:00,0.11040357215450272
2026-01-12 17:45:00+00:00,0.12121920754235285
2026-01-12 18:00:00+00:00,0.12113711269058647
2026-01-12 18:15:00+00:00,0.10868534301513981
2026-01-12 18:30:00+00:00,0.10009843364709352
2026-01-12 18:45:00+00:00,0.10730087168288358
2026-01-12 19:00:00+00:00,0.11461470488924641
2026-01-12 19:15:00+00:00,0.08236392184863008
2026-01-12 19:30:00+00:00,0.09607400069849859
2026-01-12 19:45:00+00:00,0.09347172742310898
2026-01-12 20:00:00+00:00,0.09311436496640008
2026-01-12 20:15:00+00:00,0.1047770681331162
2026-01-12 20:30:00+00:00,0.08630944412967473
2026-01-12 20:45:00+00:00,0.09351576453471541
2026-01-12 21:00:00+00:00,0.0936192817571613
2026-01-12 21:15:00+00:00,0.09259579047581468
2026-01-12 21:30:00+00:00,0.07922724913104799
2026-01-12 21:45:00+00:00,0.07627949117405705
2026-01-12 22:00:00+00:00,0.10639505063224973
2026-01-12 22:15:00+00:00,0.07852038651681673
2026-01-12 22:30:00+00:00,0.07508607650543693
2026-01-12 22:45:00+00:00,0.060216098863962855
2026-01-12 23:00:00+00:00,0.08107038252310497
2026-01-12 23:15:00+00:00,0.07176910206592502
2026-01-12 23:30:00+00:00,0.09952015160136368
2026-01-12 23:45:00+00:00,0.09175817089342633
2026-01-13 00:00:00+00:00,0.07807849654822276
2026-01-13 00:15:00+00:00,0.1055943580534431
2026-01-13 00:30:00+00:00,0.09203765486991594
2026-01-13 00:45:00+00:00,0.07726168616491377
2026-01-13 01:00:00+00:00,0.05851594285126427
2026-01-13 01:15:00+00:00,0.10516942572590741
2026-01-13 01:30:00+00:00,0.06846427533236404
2026-01-13 01:45:00+00:00,0.06615601253043109
2026-01-13 02:00:00+00:00,0.09367570432009639
2026-01-13 02:15:00+00:00,0.10827752406339272
2026-01-13 02:30:00+00:00,0.09841272818510519
2026-01-13 02:45:00+00:00,0.09019909120052359
2026-01-13 03:00:00+00:00,0.09054754341665286
2026-01-13 03:15:00+00:00,0.1437641555878031
2026-01-13 03:30:00+00:00,0.09345928589786766
2026-01-13 03:45:00+00:00,0.09410191423969376
2026-01-13 04:00:00+00:00,0.08599201103951876
2026-01-13 04:15:00+00:00,0.08583406872100477
2026-01-13 04:30:00+00:00,0.08246035411133323
2026-01-13 04:45:00+00:00,0.09068324923133227
2026-01-13 05:00:00+00:00,0.06957043185804614
2026-01-13 05:15:00+00:00,0.0950266037320525
2026-01-13 05:30:00+00:00,0.08858408892849083
2026-01-13 05:45:00+00:00,0.09819410682784228
2026-01-13 06:00:00+00:00,0.09692894151153479
2026-01-13 06:15:00+00:00,0.18461002286344602
2026-01-13 06:30:00+00:00,0.13123316606002314
2026-01-13 06:45:00+00:00,0.11054499396376823
2026-01-13 07:00:00+00:00,0.11215371863429663
2026-01-13 07:15:00+00:00,0.13760771187988216
2026-01-13 07:30:00+00:00,0.1291251260646169
2026-01-13 07:45:00+00:00,0.12777366850002975
2026-01-13 08:00:00+00:00,0.1466305209902455
2026-01-13 08:15:00+00:00,0.12431655545136365
2026-01-13 08:30:00+00:00,0.1309837550614596
2026-01-13 08:45:00+00:00,0.11166974505081796
2026-01-13 09:00:00+00:00,0.14797632356048784
2026-01-13 09:15:00+00:00,0.1503278193414254
2026-01-13 09:30:00+00:00,0.1217500626646833
2026-01-13 09:45:00+00:00,0.134394747379604
2026-01-13 10:00:00+00:00,0.12480362201073318
2026-01-13 10:15:00+00:00,0.1317548995441715
2026-01-13 10:30:00+00:00,0.12723914134064662
2026-01-13 10:45:00+00:00,0.13282140429973843
2026-01-13 11:00:00+00:00,0.12332224502647907
2026-01-13 11:15:00+00:00,0.11329594458874748
2026-01-13 11:30:00+00:00,0.11720297503032284
2026-01-13 11:45:00+00:00,0.12049298029036387
2026-01-13 12:00:00+00:00,0.11791860070325705
2026-01-13 12:15:00+00:00,0.11517591691203882
2026-01-13 12:30:00+00:00,0.10431008312193245
2026-01-13 12:45:00+00:00,0.10175099082449052
2026-01-13 13:00:00+00:00,0.10521394728200306
2026-01-13 13:15:00+00:00,0.13751576743186938
2026-01-13 13:30:00+00:00,0.10985136764608715
2026-01-13 13:45:00+00:00,0.12038094802204094
2026-01-13 14:00:00+00:00,0.10579592734430802
2026-01-13 14:15:00+00:00,0.13394924376944442
2026-01-13 14:30:00+00:00,0.11905050321707972
2026-01-13 14:45:00+00:00,0.1845574207267373
2026-01-13 15:00:00+00:00,0.10713509375756132
2026-01-13 15:15:00+00:00,0.12483994162223802
2026-01-13 15:30:00+00:00,0.11368652946740242
2026-01-13 15:45:00+00:00,0.1520914912777339
2026-01-13 16:00:00+00:00,0.11017401580970487
2026-01-13 16:15:00+00:00,0.12631820710227026
2026-01-13 16:30:00+00:00,0.12837776880932097
2026-01-13 16:45:00+00:00,0.12614799097451498
2026-01-13 17:00:00+00:00,0.11845712341122291
2026-01-13 17:15:00+00:00,0.11423179300266573
2026-01-13 17:30:00+00:00,0.11084811471979109
2026-01-13 17:45:00+00:00,0.10568997998371511
2026-01-13 18:00:00+00:00,0.1228487911679491
2026-01-13 18:15:00+00:00,0.12426523001591351
2026-01-13 18:30:00+00:00,0.08657508214992166
2026-01-13 18:45:00+00:00,0.07372197020420922
2026-01-13 19:00:00+00:00,0.09996717951648745
2026-01-13 19:15:00+00:00,0.11482709337654318
2026-01-13 19:30:00+00:00,0.07978325432030269
2026-01-13 19:45:00+00:00,0.10249116805444067
2026-01-13 20:00:00+00:00,0.11349700814076441
2026-01-13 20:15:00+00:00,0.09135411758292006
2026-01-13 20:30:00+00:00,0.09579983079185275
2026-01-13 20:45:00+00:00,0.10139396623128538
2026-01-13 21:00:00+00:00,0.08863872259012513
2026-01-13 21:15:00+00:00,0.08746419639897637
2026-01-13 21:30:00+00:00,0.08543319086051356
2026-01-13 21:45:00+00:00,0.07667243269307132
2026-01-13 22:00:00+00:00,0.08644722454933992
2026-01-13 22:15:00+00:00,0.07159059733237744
2026-01-13 22:30:00+00:00,0.08025083468259225
2026-01-13 22:45:00+00:00,0.06631026768941359
2026-01-13 23:00:00+00:00,0.09173785911790747
2026-01-13 23:15:00+00:00,0.07176104353796373
2026-01-13 23:30:00+00:00,0.08626880232214458
2026-01-13 23:45:00+00:00,0.09090528961608925
2026-01-14 00:00:00+00:00,0.06499264357428546
2026-01-14 00:15:00+00:00,0.08766056569847572
2026-01-14 00:30:00+00:00,0.09680668992473292
2026-01-14 00:45:00+00:00,0.07170358981308794
2026-01-14 01:00:00+00:00,0.10320572386837704
2026-01-14 01:15:00+00:00,0.09004019009366045
2026-01-14 01:30:00+00:00,0.07884988144241592
2026-01-14 01:45:00+00:00,0.08472230922342293
2026-01-14 02:00:00+00:00,0.09159326912521723
2026-01-14 02:15:00+00:00,0.08705005391412413
2026-01-14 02:30:00+00:00,0.09153755992446369
2026-01-14 02:45:00+00:00,0.07699326406920634
2026-01-14 03:00:00+00:00,0.08716360824036079
2026-01-14 03:15:00+00:00,0.07236285503095019
2026-01-14 03:30:00+00:00,0.087127739386513
2026-01-14 03:45:00+00:00,0.08133092358535211
2026-01-14 04:00:00+00:00,0.08231470057410234
2026-01-14 04:15:00+00:00,0.10213093175210437
2026-01-14 04:30:00+00:00,0.1005331012059427
2026-01-14 04:45:00+00:00,0.09647138120907177
2026-01-14 05:00:00+00:00,0.07671687235327421
2026-01-14 05:15:00+00:00,0.09076591550305198
2026-01-14 05:30:00+00:00,0.10936097699979183
2026-01-14 05:45:00+00:00,0.10319716913639904
2026-01-14 06:00:00+00:00,0.16878329539981696
2026-01-14 06:15:00+00:00,0.10398317839394372
2026-01-14 06:30:00+00:00,0.10652049116490031
2026-01-14 06:45:00+00:00,0.11722883535797499
2026-01-14 07:00:00+00:00,0.12305540904782282
2026-01-14 07:15:00+00:00,0.12941530163619455
2026-01-14 07:30:00+00:00,0.1387910867668859
2026-01-14 07:45:00+00:00,0.14102702316794583
2026-01-14 08:00:00+00:00,0.13516010539492052
2026-01-14 08:15:00+00:00,0.1241376704644222
2026-01-14 08:30:00+00:00,0.10989794626896704
2026-01-14 08:45:00+00:00,0.12447991326912544
2026-01-14 09:00:00+00:00,0.11439633393826128
2026-01-14 09:15:00+00:00,0.09588109407047517
2026-01-14 09:30:00+00:00,0.11618578604530964
2026-01-14 09:45:00+00:00,0.13559999517432791
2026-01-14 10:00:00+00:00,0.11178929088460107
2026-01-14 10:15:00+00:00,0.11743490774451641
2026-01-14 10:30:00+00:00,0.10621829358547565
2026-01-14 10:45:00+00:00,0.10284110346808858
2026-01-14 11:00:00+00:00,0.11386076482987768
2026-01-14 11:15:00+00:00,0.09995725455811348
2026-01-14 11:30:00+00:00,0.10628392314071902
2026-01-14 11:45:00+00:00,0.10597697806196014
2026-01-14 12:00:00+00:00,0.09605909546356951
2026-01-14 12:15:00+00:00,0.11182042349536524
2026-01-14 12:30:00+00:00,0.10127040243304591
2026-01-14 12:45:00+00:00,0.09918254840507156
2026-01-14 13:00:00+00:00,0.10813509843570404
2026-01-14 13:15:00+00:00,0.10102532018208962
2026-01-14 13:30:00+00:00,0.12500181157369128
2026-01-14 13:45:00+00:00,0.13527881003355796
2026-01-14 14:00:00+00:00,0.13131895565831578
2026-01-14 14:15:00+00:00,0.13574698232879953
2026-01-14 14:30:00+00:00,0.16163973041254856
2026-01-14 14:45:00+00:00,0.17334766299200288
2026-01-14 15:00:00+00:00,0.12633207549017314
2026-01-14 15:15:00+00:00,0.13809810306351863
2026-01-14 15:30:00+00:00,0.1583135261984338
2026-01-14 15:45:00+00:00,0.1951516376764984
2026-01-14 16:00:00+00:00,0.15433886336924627
2026-01-14 16:15:00+00:00,0.20093775295645333
2026-01-14 16:30:00+00:00,0.21806487797840718
2026-01-14 16:45:00+00:00,0.20508028697014555
2026-01-14 17:00:00+00:00,0.19145649924897107
2026-01-14 17:15:00+00:00,0.18633692754356732
2026-01-14 17:30:00+00:00,0.17474501221940908
2026-01-14 17:45:00+00:00,0.18690501643826202
2026-01-14 18:00:00+00:00,0.1902947441481012
2026-01-14 18:15:00+00:00,0.14159533433646126
2026-01-14 18:30:00+00:00,0.18798664606181248
2026-01-14 18:45:00+00:00,0.13524912444278386
2026-01-14 19:00:00+00:00,0.14022305257158893
2026-01-14 19:15:00+00:00,0.14199928729996206
2026-01-14 19:30:00+00:00,0.14446750832343697
2026-01-14 19:45:00+00:00,0.13074761851697317
2026-01-14 20:00:00+00:00,0.13785557129069792
2026-01-14 20:15:00+00:00,0.14690726136849952
2026-01-14 20:30:00+00:00,0.11386667457202111
2026-01-14 20:45:00+00:00,0.0994091402888196
2026-01-14 21:00:00+00:00,0.11956597336459061
2026-01-14 21:15:00+00:00,0.12619530313511873
2026-01-14 21:30:00+00:00,0.0986482318145877
2026-01-14 21:45:00+00:00,0.09970416222375487
2026-01-14 22:00:00+00:00,0.10793573981049864
2026-01-14 22:15:00+00:00,0.09823046020153414
2026-01-14 22:30:00+00:00,0.1484393816974635
2026-01-14 22:45:00+00:00,0.10165646274786341
2026-01-14 23:00:00+00:00,0.11983554135441324
2026-01-14 23:15:00+00:00,0.08866102031550097
2026-01-14 23:30:00+00:00,0.07023078865098045
2026-01-14 23:45:00+00:00,0.10218319911239274
2026-01-15 00:00:00+00:00,0.0848112130158458
2026-01-15 00:15:00+00:00,0.09277234598107316
2026-01-15 00:30:00+00:00,0.0809488697394064
2026-01-15 00:45:00+00:00,0.0720201956241998
2026-01-15 01:00:00+00:00,0.09964462728204787
2026-01-15 01:15:00+00:00,0.09722155160302647
2026-01-15 01:30:00+00:00,0.0812348959927328
2026-01-15 01:45:00+00:00,0.060589577078550894
2026-01-15 02:00:00+00:00,0.08109755551747518
2026-01-15 02:15:00+00:00,0.08961804005402546
2026-01-15 02:30:00+00:00,0.06971088431225872
2026-01-15 02:45:00+00:00,0.08430359919779155
2026-01-15 03:00:00+00:00,0.08236690150827004
2026-01-15 03:15:00+00:00,0.08815291499601088
2026-01-15 03:30:00+00:00,0.08396580368414153
2026-01-15 03:45:00+00:00,0.07433931059118445
2026-01-15 04:00:00+00:00,0.09596571501664491
2026-01-15 04:15:00+00:00,0.0824147042697303
2026-01-15 04:30:00+00:00,0.08623695460490069
2026-01-15 04:45:00+00:00,0.08015732040926804
2026-01-15 05:00:00+00:00,0.0891771774880849
2026-01-15 05:15:00+00:00,0.08765197285973099
2026-01-15 05:30:00+00:00,0.09624053940076577
2026-01-15 05:45:00+00:00,0.12184708480142344
2026-01-15 06:00:00+00:00,0.08699098857068643
2026-01-15 06:15:00+00:00,0.08710438602123259
2026-01-15 06:30:00+00:00,0.12050170327493608
2026-01-15 06:45:00+00:00,0.10862676322848133
2026-01-15 07:00:00+00:00,0.09830927261340083
2026-01-15 07:15:00+00:00,0.16813904687396075
2026-01-15 07:30:00+00:00,0.09894384460263135
2026-01-15 07:45:00+00:00,0.12042009713546936
2026-01-15 08:00:00+00:00,0.1635492587133927
2026-01-15 08:15:00+00:00,0.09833088591854297
2026-01-15 08:30:00+00:00,0.12125308213265504
2026-01-15 08:45:00+00:00,0.08994285076996662
2026-01-15 09:00:00+00:00,0.11471095372009307
2026-01-15 09:15:00+00:00,0.10473292580406492
2026-01-15 09:30:00+00:00,0.11052741289398799
2026-01-15 09:45:00+00:00,0.11067511196726854
2026-01-15 10:00:00+00:00,0.10199004149065766
2026-01-15 10:15:00+00:00,0.09074582129653817
2026-01-15 10:30:00+00:00,0.10110972142939116
2026-01-15 10:45:00+00:00,0.08821284630247894
2026-01-15 11:00:00+00:00,0.11664387247526622
2026-01-15 11:15:00+00:00,0.09533535331082738
2026-01-15 11:30:00+00:00,0.09049678448687891
2026-01-15 11:45:00+00:00,0.09834680305864908
2026-01-15 12:00:00+00:00,0.08496873710470304
2026-01-15 12:15:00+00:00,0.09042385961489349
2026-01-15 12:30:00+00:00,0.11368413907944426
2026-01-15 12:45:00+00:00,0.09563105721028604
2026-01-15 13:00:00+00:00,0.09093089017318061
2026-01-15 13:15:00+00:00,0.11036652752527286
2026-01-15 13:30:00+00:00,0.11604704154662998
2026-01-15 13:45:00+00:00,0.11917953310665068
2026-01-15 14:00:00+00:00,0.11317047685805816
2026-01-15 14:15:00+00:00,0.1125120491143054
2026-01-15 14:30:00+00:00,0.11287189333258157
2026-01-15 14:45:00+00:00,0.15701333651955485
2026-01-15 15:00:00+00:00,0.12086320161157865
2026-01-15 15:15:00+00:00,0.13215166983544951
2026-01-15 15:30:00+00:00,0.15162194141849056
2026-01-15 15:45:00+00:00,0.1499623000940066
2026-01-15 16:00:00+00:00,0.15573887772081607
2026-01-15 16:15:00+00:00,0.17657002344901085
2026-01-15 16:30:00+00:00,0.13744481769619857
2026-01-15 16:45:00+00:00,0.14127840128081237
2026-01-15 17:00:00+00:00,0.13406013124897084
2026-01-15 17:15:00+00:00,0.11917592278863257
2026-01-15 17:30:00+00:00,0.1328046842641253
2026-01-15 17:45:00+00:00,0.11655835756289623
2026-01-15 18:00:00+00:00,0.11759296079049633
2026-01-15 18:15:00+00:00,0.11480507337309803
2026-01-15 18:30:00+00:00,0.09965047270457116
2026-01-15 18:45:00+00:00,0.09398790332660993
2026-01-15 19:00:00+00:00,0.09065190805978966
2026-01-15 19:15:00+00:00,0.08048643410623998
2026-01-15 19:30:00+00:00,0.11843207129940322
2026-01-15 19:45:00+00:00,0.08248791634278317
2026-01-15 20:00:00+00:00,0.09114746376414228
2026-01-15 20:15:00+00:00,0.0877218670011108
2026-01-15 20:30:00+00:00,0.093154066978091
2026-01-15 20:45:00+00:00,0.09820737212539297
2026-01-15 21:00:00+00:00,0.10272473488359744
2026-01-15 21:15:00+00:00,0.08315922561431062
2026-01-15 21:30:00+00:00,0.08606878286213589
2026-01-15 21:45:00+00:00,0.085545799504883
2026-01-15 22:00:00+00:00,0.13751308873816454
2026-01-15 22:15:00+00:00,0.10019345576019993
2026-01-15 22:30:00+00:00,0.08680974951638251
2026-01-15 22:45:00+00:00,0.07594877786049817
2026-01-15 23:00:00+00:00,0.09624881268667414
2026-01-15 23:15:00+00:00,0.09533473857485325
2026-01-15 23:30:00+00:00,0.07814021558703707
2026-01-15 23:45:00+00:00,0.061681680520441526
2026-01-16 00:00:00+00:00,0.08298687951752642
2026-01-16 00:15:00+00:00,0.06864643106208171
2026-01-16 00:30:00+00:00,0.06891383318250244
2026-01-16 00:45:00+00:00,0.12751364018755096
2026-01-16 01:00:00+00:00,0.08526283071433635
2026-01-16 01:15:00+00:00,0.07235271576736062
2026-01-16 01:30:00+00:00,0.07218833012598963
2026-01-16 01:45:00+00:00,0.08519214944635237
2026-01-16 02:00:00+00:00,0.0698675317948857
2026-01-16 02:15:00+00:00,0.09277683114180395
2026-01-16 02:30:00+00:00,0.07276509645631545
2026-01-16 02:45:00+00:00,0.04998237240844182
2026-01-16 03:00:00+00:00,0.07644341621104532
2026-01-16 03:15:00+00:00,0.07288158384882779
2026-01-16 03:30:00+00:00,0.08439752754082745
2026-01-16 03:45:00+00:00,0.08277181351269958
2026-01-16 04:00:00+00:00,0.07415544016016226
2026-01-16 04:15:00+00:00,0.06700701763710634
2026-01-16 04:30:00+00:00,0.08138976742713974
2026-01-16 04:45:00+00:00,0.081424795457907
2026-01-16 05:00:00+00:00,0.07640476550195278
2026-01-16 05:15:00+00:00,0.0939257840442061
2026-01-16 05:30:00+00:00,0.11017904504351406
2026-01-16 05:45:00+00:00,0.1031067152982298
2026-01-16 06:00:00+00:00,0.08243116937964816
2026-01-16 06:15:00+00:00,0.10353602668220141
2026-01-16 06:30:00+00:00,0.10846631486645651
2026-01-16 06:45:00+00:00,0.14832217095680617
2026-01-16 07:00:00+00:00,0.10190982833327082
2026-01-16 07:15:00+00:00,0.11592688194729196
2026-01-16 07:30:00+00:00,0.1051510168691776
2026-01-16 07:45:00+00:00,0.1116828043384386
2026-01-16 08:00:00+00:00,0.11782051851392218
2026-01-16 08:15:00+00:00,0.11726532443907028
2026-01-16 08:30:00+00:00,0.095905078221979
2026-01-16 08:45:00+00:00,0.09445541699676589
2026-01-16 09:00:00+00:00,0.11604381357827771
2026-01-16 09:15:00+00:00,0.10007166847908233
2026-01-16 09:30:00+00:00,0.11687963851233406
2026-01-16 09:45:00+00:00,0.09588363814385398
2026-01-16 10:00:00+00:00,0.10443684725751887
2026-01-16 10:15:00+00:00,0.10831590831873089
2026-01-16 10:30:00+00:00,0.08387634267066968
2026-01-16 10:45:00+00:00,0.08230191188019224
2026-01-16 11:00:00+00:00,0.08187343685429904
2026-01-16 11:15:00+00:00,0.11104584103427181
2026-01-16 11:30:00+00:00,0.09318141854107553
2026-01-16 11:45:00+00:00,0.12812199285668252
2026-01-16 12:00:00+00:00,0.09016752401342612
2026-01-16 12:15:00+00:00,0.10019551303197037
2026-01-16 12:30:00+00:00,0.11610109952567876
2026-01-16 12:45:00+00:00,0.12247092888159122
2026-01-16 13:00:00+00:00,0.12215503576636398
2026-01-16 13:15:00+00:00,0.12239366230593143
2026-01-16 13:30:00+00:00,0.12517062525811462
2026-01-16 13:45:00+00:00,0.13194526949201182
2026-01-16 14:00:00+00:00,0.12386361076166638
2026-01-16 14:15:00+00:00,0.13098814283671467
2026-01-16 14:30:00+00:00,0.13879801116577692
2026-01-16 14:45:00+00:00,0.1644062554258905
2026-01-16 15:00:00+00:00,0.12828815377475072
2026-01-16 15:15:00+00:00,0.14463771950672724
2026-01-16 15:30:00+00:00,0.16855387447456716
2026-01-16 15:45:00+00:00,0.2195230520857051
2026-01-16 16:00:00+00:00,0.16134406886291847
2026-01-16 16:15:00+00:00,0.1919453008105526
2026-01-16 16:30:00+00:00,0.16948310885866497
2026-01-16 16:45:00+00:00,0.1608334054072028
2026-01-16 17:00:00+00:00,0.21085177679397193
2026-01-16 17:15:00+00:00,0.1396546338292694
2026-01-16 17:30:00+00:00,0.162273193141573
2026-01-16 17:45:00+00:00,0.15911252491616718
2026-01-16 18:00:00+00:00,0.18019449743242133
2026-01-16 18:15:00+00:00,0.16070811684554778
2026-01-16 18:30:00+00:00,0.13969813175670795
2026-01-16 18:45:00+00:00,0.1658609256633419
2026-01-16 19:00:00+00:00,0.20481033695525352
2026-01-16 19:15:00+00:00,0.14682097703468613
2026-01-16 19:30:00+00:00,0.13308515901150167
2026-01-16 19:45:00+00:00,0.10745560763276521
2026-01-16 20:00:00+00:00,0.12124793223928947
2026-01-16 20:15:00+00:00,0.13544748619704186
2026-01-16 20:30:00+00:00,0.1344658630593461
2026-01-16 20:45:00+00:00,0.1207324352827219
2026-01-16 21:00:00+00:00,0.12087150578213728
2026-01-16 21:15:00+00:00,0.1056338256671099
2026-01-16 21:30:00+00:00,0.11840886246911204
2026-01-16 21:45:00+00:00,0.09354560634437148
2026-01-16 22:00:00+00:00,0.12289167714184782
2026-01-16 22:15:00+00:00,0.10284397413701331
2026-01-16 22:30:00+00:00,0.09342963498131758
2026-01-16 22:45:00+00:00,0.07866296932733205
2026-01-16 23:00:00+00:00,0.12312600106569717
2026-01-16 23:15:00+00:00,0.10368299160338088
2026-01-16 23:30:00+00:00,0.08630083164289712
2026-01-16 23:45:00+00:00,0.0649173778671835
2026-01-17 00:00:00+00:00,0.10768485094949364
2026-01-17 00:15:00+00:00,0.12030251596669744
2026-01-17 00:30:00+00:00,0.11523259214547871
2026-01-17 00:45:00+00:00,0.09141903743413729
2026-01-17 01:00:00+00:00,0.0962078793963822
2026-01-17 01:15:00+00:00,0.10471774256075023
2026-01-17 01:30:00+00:00,0.08647614560811709
2026-01-17 01:45:00+00:00,0.09723791899819466
2026-01-17 02:00:00+00:00,0.10300080278384689
2026-01-17 02:15:00+00:00,0.11064933223884307
2026-01-17 02:30:00+00:00,0.09423845923520048
2026-01-17 02:45:00+00:00,0.09355326249823033
2026-01-17 03:00:00+00:00,0.08652017413243439
2026-01-17 03:15:00+00:00,0.08674119645960139
2026-01-17 03:30:00+00:00,0.09280521108098473
2026-01-17 03:45:00+00:00,0.14904365506816178
2026-01-17 04:00:00+00:00,0.10443584626233249
2026-01-17 04:15:00+00:00,0.08627821049319656
2026-01-17 04:30:00+00:00,0.11086688568959521
2026-01-17 04:45:00+00:00,0.09270876398957431
2026-01-17 05:00:00+00:00,0.09765632705651564
2026-01-17 05:15:00+00:00,0.08463788320852177
2026-01-17 05:30:00+00:00,0.07222759739727058
2026-01-17 05:45:00+00:00,0.1058004539636105
2026-01-17 06:00:00+00:00,0.10154843897092433
2026-01-17 06:15:00+00:00,0.09494672442881787
2026-01-17 06:30:00+00:00,0.10054990717224871
2026-01-17 06:45:00+00:00,0.11008939217704099
2026-01-17 07:00:00+00:00,0.08035454143113457
2026-01-17 07:15:00+00:00,0.10155947322653705
2026-01-17 07:30:00+00:00,0.11788264679621827
2026-01-17 07:45:00+00:00,0.0985671057683075
2026-01-17 08:00:00+00:00,0.1214955793216663
2026-01-17 08:15:00+00:00,0.10729418195376594
2026-01-17 08:30:00+00:00,0.12111429982433526
2026-01-17 08:45:00+00:00,0.11039358517702516
2026-01-17 09:00:00+00:00,0.10727868184094491
2026-01-17 09:15:00+00:00,0.1276773935445717
2026-01-17 09:30:00+00:00,0.10436408423201951
2026-01-17 09:45:00+00:00,0.10112747562985619
2026-01-17 10:00:00+00:00,0.11484569197230943
2026-01-17 10:15:00+00:00,0.12359637349428715
2026-01-17 10:30:00+00:00,0.10144178181021604
2026-01-17 10:45:00+00:00,0.11049679849847972
2026-01-17 11:00:00+00:00,0.11719816500330572
2026-01-17 11:15:00+00:00,0.11792105607263145
2026-01-17 11:30:00+00:00,0.11468441555277226
2026-01-17 11:45:00+00:00,0.10729972160916677
2026-01-17 12:00:00+00:00,0.10162409779351281
2026-01-17 12:15:00+00:00,0.10964143883046375
2026-01-17 12:30:00+00:00,0.09717860988014393
2026-01-17 12:45:00+00:00,0.07876649516505393
2026-01-17 13:00:00+00:00,0.11217559804157667
2026-01-17 13:15:00+00:00,0.11881934841086196
2026-01-17 13:30:00+00:00,0.09014067564458161
2026-01-17 13:45:00+00:00,0.10981269295290062
2026-01-17 14:00:00+00:00,0.12120154261005198
2026-01-17 14:15:00+00:00,0.14146495469711698
2026-01-17 14:30:00+00:00,0.12682793707675408
2026-01-17 14:45:00+00:00,0.12127997058770866
2026-01-17 15:00:00+00:00,0.12527103558895158
2026-01-17 15:15:00+00:00,0.15172876419148185
2026-01-17 15:30:00+00:00,0.13240035820875465
2026-01-17 15:45:00+00:00,0.13116807993349747
2026-01-17 16:00:00+00:00,0.13247256477817967
2026-01-17 16:15:00+00:00,0.13037671391741287
2026-01-17 16:30:00+00:00,0.14216670315994798
2026-01-17 16:45:00+00:00,0.1617467845846956
2026-01-17 17:00:00+00:00,0.14372079273116029
2026-01-17 17:15:00+00:00,0.13796646497873713
2026-01-17 17:30:00+00:00,0.14269188731084456
2026-01-17 17:45:00+00:00,0.12916809191303344
2026-01-17 18:00:00+00:00,0.1506310977714716
2026-01-17 18:15:00+00:00,0.14027162802987198
2026-01-17 18:30:00+00:00,0.13833520086409373
2026-01-17 18:45:00+00:00,0.1632910756784486
2026-01-17 19:00:00+00:00,0.13964752908365688
2026-01-17 19:15:00+00:00,0.11283208949904816
2026-01-17 19:30:00+00:00,0.11392642403794458
2026-01-17 19:45:00+00:00,0.11944445709196755
2026-01-17 20:00:00+00:00,0.11794270410537765
2026-01-17 20:15:00+00:00,0.09725722021682634
2026-01-17 20:30:00+00:00,0.11295228934575204
2026-01-17 20:45:00+00:00,0.09232855914461006
2026-01-17 21:00:00+00:00,0.12770297776217546
2026-01-17 21:15:00+00:00,0.1151404806571465
2026-01-17 21:30:00+00:00,0.1054867810434125
2026-01-17 21:45:00+00:00,0.12614016361735114
2026-01-17 22:00:00+00:00,0.11666855510527403
2026-01-17 22:15:00+00:00,0.11752773675122219
2026-01-17 22:30:00+00:00,0.10897732817294475
2026-01-17 22:45:00+00:00,0.09050643345009127
2026-01-17 23:00:00+00:00,0.10880450167682537
2026-01-17 23:15:00+00:00,0.12324960817581161
2026-01-17 23:30:00+00:00,0.1053222466789346
2026-01-17 23:45:00+00:00,0.10196351536758003
2026-01-18 00:00:00+00:00,0.10343877420650646
2026-01-18 00:15:00+00:00,0.1133959906559346
2026-01-18 00:30:00+00:00,0.12771524919243146
2026-01-18 00:45:00+00:00,0.09684467085745728
2026-01-18 01:00:00+00:00,0.16147219456672757
2026-01-18 01:15:00+00:00,0.1232922055541543
2026-01-18 01:30:00+00:00,0.10414358608754286
2026-01-18 01:45:00+00:00,0.10874371796249734
2026-01-18 02:00:00+00:00,0.09320606471853121
2026-01-18 02:15:00+00:00,0.10728307097207648
2026-01-18 02:30:00+00:00,0.09985855734995451
2026-01-18 02:45:00+00:00,0.11145729995679862
2026-01-18 03:00:00+00:00,0.11486386051564751
2026-01-18 03:15:00+00:00,0.12851563642018615
2026-01-18 03:30:00+00:00,0.10752633173213576
2026-01-18 03:45:00+00:00,0.10485796316582166
2026-01-18 04:00:00+00:00,0.10337384301577336
2026-01-18 04:15:00+00:00,0.09806833707189311
2026-01-18 04:30:00+00:00,0.10568483843461692
2026-01-18 04:45:00+00:00,0.10003598589860971
2026-01-18 05:00:00+00:00,0.10188460976269614
2026-01-18 05:15:00+00:00,0.11439597535607961
2026-01-18 05:30:00+00:00,0.09115457434720359
2026-01-18 05:45:00+00:00,0.11295878561129045
2026-01-18 06:00:00+00:00,0.11345115067339864
2026-01-18 06:15:00+00:00,0.09813931473008922
2026-01-18 06:30:00+00:00,0.07928145100991406
2026-01-18 06:45:00+00:00,0.09624178012905567
2026-01-18 07:00:00+00:00,0.11708994546561109
2026-01-18 07:15:00+00:00,0.10534131937701117
2026-01-18 07:30:00+00:00,0.09737697767705089
2026-01-18 07:45:00+00:00,0.10061225078771784
2026-01-18 08:00:00+00:00,0.12336620026504554
2026-01-18 08:15:00+00:00,0.1124273356820138
2026-01-18 08:30:00+00:00,0.10279067900830305
2026-01-18 08:45:00+00:00,0.09892175588185312
2026-01-18 09:00:00+00:00,0.10139241850956178
2026-01-18 09:15:00+00:00,0.09397589815501498
2026-01-18 09:30:00+00:00,0.11718375689469442
2026-01-18 09:45:00+00:00,0.0948767953078866
2026-01-18 10:00:00+00:00,0.11052158520825497
2026-01-18 10:15:00+00:00,0.11493316051922452
2026-01-18 10:30:00+00:00,0.1080831089814796
2026-01-18 10:45:00+00:00,0.09344379687281952
2026-01-18 11:00:00+00:00,0.1020373009033661
2026-01-18 11:15:00+00:00,0.09634804393609084
2026-01-18 11:30:00+00:00,0.08749298139269872
2026-01-18 11:45:00+00:00,0.09954359281721603
2026-01-18 12:00:00+00:00,0.08433960208840197
2026-01-18 12:15:00+00:00,0.10861679388461565
2026-01-18 12:30:00+00:00,0.09255382702701606
2026-01-18 12:45:00+00:00,0.0997915965587284
2026-01-18 13:00:00+00:00,0.10083287871546143
2026-01-18 13:15:00+00:00,0.09778095026295923
2026-01-18 13:30:00+00:00,0.10803693801475274
2026-01-18 13:45:00+00:00,0.14809096343377476
2026-01-18 14:00:00+00:00,0.11017297297457243
2026-01-18 14:15:00+00:00,0.08994020319753251
2026-01-18 14:30:00+00:00,0.10669379579546412
2026-01-18 14:45:00+00:00,0.13129928999058285
2026-01-18 15:00:00+00:00,0.09609668675394425
2026-01-18 15:15:00+00:00,0.11011255029475148
2026-01-18 15:30:00+00:00,0.12228907849658915
2026-01-18 15:45:00+00:00,0.12115581781939597
2026-01-18 16:00:00+00:00,0.12117630099273559
2026-01-18 16:15:00+00:00,0.13208187130147664
2026-01-18 16:30:00+00:00,0.1408172146856177
2026-01-18 16:45:00+00:00,0.15173699841956223
2026-01-18 17:00:00+00:00,0.14318818656928511
2026-01-18 17:15:00+00:00,0.14007742345381458
2026-01-18 17:30:00+00:00,0.1529257370120273
2026-01-18 17:45:00+00:00,0.15999881934895213
2026-01-18 18:00:00+00:00,0.14289366253617425
2026-01-18 18:15:00+00:00,0.13125470695329358
2026-01-18 18:30:00+00:00,0.1474408066928697
2026-01-18 18:45:00+00:00,0.12389618836046401
2026-01-18 19:00:00+00:00,0.10343330453985963
2026-01-18 19:15:00+00:00,0.13558421677150423
2026-01-18 19:30:00+00:00,0.12007671814046078
2026-01-18 19:45:00+00:00,0.1136046671769584
2026-01-18 20:00:00+00:00,0.12421980330569014
2026-01-18 20:15:00+00:00,0.11598499679779066
2026-01-18 20:30:00+00:00,0.11310451817139039
2026-01-18 20:45:00+00:00,0.09717513629430156
2026-01-18 21:00:00+00:00,0.12643105798176082
2026-01-18 21:15:00+00:00,0.11235453322416082
2026-01-18 21:30:00+00:00,0.12041810480887503
2026-01-18 21:45:00+00:00,0.11399367484013054
2026-01-18 22:00:00+00:00,0.10064561297955404
2026-01-18 22:15:00+00:00,0.11544982116175033
2026-01-18 22:30:00+00:00,0.09497036554885953
2026-01-18 22:45:00+00:00,0.10809057798281145
2026-01-18 23:00:00+00:00,0.10847287313401341
2026-01-18 23:15:00+00:00,0.11998183676795122
2026-01-18 23:30:00+00:00,0.09768534017628147
2026-01-18 23:45:00+00:00,0.09478683203881803
2026-01-19 00:00:00+00:00,0.10000580394112267
2026-01-19 00:15:00+00:00,0.09804820217165724
2026-01-19 00:30:00+00:00,0.1088894190194205
2026-01-19 00:45:00+00:00,0.08342689391563413
2026-01-19 01:00:00+00:00,0.09158317580853646
2026-01-19 01:15:00+00:00,0.09031197078420806
2026-01-19 01:30:00+00:00,0.10971307591973575
2026-01-19 01:45:00+00:00,0.11711613372581925
2026-01-19 02:00:00+00:00,0.09943550781462529
2026-01-19 02:15:00+00:00,0.0988517827680999
2026-01-19 02:30:00+00:00,0.1009105216311318
2026-01-19 02:45:00+00:00,0.1121387830260819
2026-01-19 03:00:00+00:00,0.09017646865809426
2026-01-19 03:15:00+00:00,0.10260368982734785
2026-01-19 03:30:00+00:00,0.1102719762978243
2026-01-19 03:45:00+00:00,0.10536094169939844
2026-01-19 04:00:00+00:00,0.09959581616598744
2026-01-19 04:15:00+00:00,0.11017046092567141
2026-01-19 04:30:00+00:00,0.07401767707000763
2026-01-19 04:45:00+00:00,0.11798875319530908
2026-01-19 05:00:00+00:00,0.10149924316872576
2026-01-19 05:15:00+00:00,0.10445367103143542
2026-01-19 05:30:00+00:00,0.1356820259952498
2026-01-19 05:45:00+00:00,0.1578865854516296
2026-01-19 06:00:00+00:00,0.14091551485372308
2026-01-19 06:15:00+00:00,0.1669387454720294
2026-01-19 06:30:00+00:00,0.18796278257988644
2026-01-19 06:45:00+00:00,0.18593914453584048
2026-01-19 07:00:00+00:00,0.19373964529371393
2026-01-19 07:15:00+00:00,0.19190127491071893
2026-01-19 07:30:00+00:00,0.17786433638901591
2026-01-19 07:45:00+00:00,0.14898034188102832
2026-01-19 08:00:00+00:00,0.18773937511870054
2026-01-19 08:15:00+00:00,0.16259753404683808
2026-01-19 08:30:00+00:00,0.17355942717497816
2026-01-19 08:45:00+00:00,0.13291114187567665
2026-01-19 09:00:00+00:00,0.15804204806784486
2026-01-19 09:15:00+00:00,0.14486485376040467
2026-01-19 09:30:00+00:00,0.12856602446372453
2026-01-19 09:45:00+00:00,0.13635051040430754
2026-01-19 10:00:00+00:00,0.11985350638265548
2026-01-19 10:15:00+00:00,0.12178607455237243
2026-01-19 10:30:00+00:00,0.11164529414301952
2026-01-19 10:45:00+00:00,0.10391977488779294
2026-01-19 11:00:00+00:00,0.11196230909094715
2026-01-19 11:15:00+00:00,0.11421963202951588
2026-01-19 11:30:00+00:00,0.1131669777548274
2026-01-19 11:45:00+00:00,0.11318579020126143
2026-01-19 12:00:00+00:00,0.10493682536328165
2026-01-19 12:15:00+00:00,0.12050894427371306
2026-01-19 12:30:00+00:00,0.11086279625968998
2026-01-19 12:45:00+00:00,0.141360559636896
2026-01-19 13:00:00+00:00,0.12150439752934503
2026-01-19 13:15:00+00:00,0.12442448500535071
2026-01-19 13:30:00+00:00,0.14457790922950137
2026-01-19 13:45:00+00:00,0.16252843594409416
2026-01-19 14:00:00+00:00,0.13819174510419183
2026-01-19 14:15:00+00:00,0.17318450446023145
2026-01-19 14:30:00+00:00,0.15750827530354256
2026-01-19 14:45:00+00:00,0.2102802607914742
2026-01-19 15:00:00+00:00,0.1666986720443336
2026-01-19 15:15:00+00:00,0.19947340076450465
2026-01-19 15:30:00+00:00,0.2090619662823769
2026-01-19 15:45:00+00:00,0.20405030668261182
2026-01-19 16:00:00+00:00,0.18914946064333382
2026-01-19 16:15:00+00:00,0.2102897414319651
2026-01-19 16:30:00+00:00,0.22707007138598598
2026-01-19 16:45:00+00:00,0.20622311648671943
2026-01-19 17:00:00+00:00,0.22900190685753008
2026-01-19 17:15:00+00:00,0.1913233918618538
2026-01-19 17:30:00+00:00,0.19174593233089537
2026-01-19 17:45:00+00:00,0.18433285607387173
2026-01-19 18:00:00+00:00,0.17489860323744055
2026-01-19 18:15:00+00:00,0.1671186405699451
2026-01-19 18:30:00+00:00,0.18030126651011485
2026-01-19 18:45:00+00:00,0.17541725023229934
2026-01-19 19:00:00+00:00,0.15070809297967866
2026-01-19 19:15:00+00:00,0.16916038314076115
2026-01-19 19:30:00+00:00,0.1535193894831656
2026-01-19 19:45:00+00:00,0.1459279301198555
2026-01-19 20:00:00+00:00,0.15713220628255425
2026-01-19 20:15:00+00:00,0.14691839315865532
2026-01-19 20:30:00+00:00,0.1320346935209417
2026-01-19 20:45:00+00:00,0.11808807774584712
2026-01-19 21:00:00+00:00,0.10994184598670695
2026-01-19 21:15:00+00:00,0.12056846680757581
2026-01-19 21:30:00+00:00,0.12435869761172305
2026-01-19 21:45:00+00:00,0.11004820472848816
2026-01-19 22:00:00+00:00,0.12132743032907695
2026-01-19 22:15:00+00:00,0.11577851882958769
2026-01-19 22:30:00+00:00,0.10569144018191921
2026-01-19 22:45:00+00:00,0.0977899741917654
2026-01-19 23:00:00+00:00,0.11574654671966728
2026-01-19 23:15:00+00:00,0.12191940649569408
2026-01-19 23:30:00+00:00,0.10423600922557155
2026-01-19 23:45:00+00:00,0.1276493237974627
2026-01-20 00:00:00+00:00,0.11405411867715738
2026-01-20 00:15:00+00:00,0.11515849622944847
2026-01-20 00:30:00+00:00,0.12198214423256558
2026-01-20 00:45:00+00:00,0.11476216131263502
2026-01-20 01:00:00+00:00,0.11957136633913246
2026-01-20 01:15:00+00:00,0.11255124165201824
2026-01-20 01:30:00+00:00,0.10463562625359561
2026-01-20 01:45:00+00:00,0.11455503525206101
2026-01-20 02:00:00+00:00,0.0974727379267934
2026-01-20 02:15:00+00:00,0.11033559705776523
2026-01-20 02:30:00+00:00,0.10956770009355539
2026-01-20 02:45:00+00:00,0.10932883142727459
2026-01-20 03:00:00+00:00,0.1076246248856107
2026-01-20 03:15:00+00:00,0.14119150954502363
2026-01-20 03:30:00+00:00,0.11003275092259038
2026-01-20 03:45:00+00:00,0.11917844901141114
2026-01-20 04:00:00+00:00,0.124028563919974
2026-01-20 04:15:00+00:00,0.10063324859074041
2026-01-20 04:30:00+00:00,0.141267078408647
2026-01-20 04:45:00+00:00,0.13050825151785497
2026-01-20 05:00:00+00:00,0.13614457200526736
2026-01-20 05:15:00+00:00,0.16370194361871684
2026-01-20 05:30:00+00:00,0.18524772690156197
2026-01-20 05:45:00+00:00,0.30058310892609513
2026-01-20 06:00:00+00:00,0.16415363168243519
2026-01-20 06:15:00+00:00,0.2335215417361
2026-01-20 06:30:00+00:00,0.2780958231804298
2026-01-20 06:45:00+00:00,0.28829379790923354
2026-01-20 07:00:00+00:00,0.3409346530006433
2026-01-20 07:15:00+00:00,0.2995095348540105
2026-01-20 07:30:00+00:00,0.23918693629279858
2026-01-20 07:45:00+00:00,0.18842321838771223
2026-01-20 08:00:00+00:00,0.24549691258529452
2026-01-20 08:15:00+00:00,0.20223808273159782
2026-01-20 08:30:00+00:00,0.17593488720552214
2026-01-20 08:45:00+00:00,0.0916846802676182
2026-01-20 09:00:00+00:00,0.18161340242878152
2026-01-20 09:15:00+00:00,0.11680508011964325
2026-01-20 09:30:00+00:00,0.13162546204341657
2026-01-20 09:45:00+00:00,0.11664705136827583
2026-01-20 10:00:00+00:00,0.10809033569784801
2026-01-20 10:15:00+00:00,0.10211185712045415
2026-01-20 10:30:00+00:00,0.09330295331514063
2026-01-20 10:45:00+00:00,0.10008078969711265
2026-01-20 11:00:00+00:00,0.10126965715814258
2026-01-20 11:15:00+00:00,0.1099566053226934
2026-01-20 11:30:00+00:00,0.11612308746119608
2026-01-20 11:45:00+00:00,0.11891683810789956
2026-01-20 12:00:00+00:00,0.09896831973421698
2026-01-20 12:15:00+00:00,0.10366778126255473
2026-01-20 12:30:00+00:00,0.0884956180777905
2026-01-20 12:45:00+00:00,0.09928129933503811
2026-01-20 13:00:00+00:00,0.11582851633097457
2026-01-20 13:15:00+00:00,0.13991582823548232
2026-01-20 13:30:00+00:00,0.13710651128120077
2026-01-20 13:45:00+00:00,0.16157535740847107
2026-01-20 14:00:00+00:00,0.13581594243041073
2026-01-20 14:15:00+00:00,0.16179161158819605
2026-01-20 14:30:00+00:00,0.19633396480078355
2026-01-20 14:45:00+00:00,0.2177806104446409
2026-01-20 15:00:00+00:00,0.19825160652929083
2026-01-20 15:15:00+00:00,0.2530254772912172
2026-01-20 15:30:00+00:00,0.297392842480037
2026-01-20 15:45:00+00:00,0.35891422269810935
2026-01-20 16:00:00+00:00,0.2386061410947343
2026-01-20 16:15:00+00:00,0.26514390196074167
2026-01-20 16:30:00+00:00,0.25981637040794664
2026-01-20 16:45:00+00:00,0.22490988970117873
2026-01-20 17:00:00+00:00,0.21893203937332897
2026-01-20 17:15:00+00:00,0.21050647170504716
2026-01-20 17:30:00+00:00,0.18755919447941238
2026-01-20 17:45:00+00:00,0.2247551968197084
2026-01-20 18:00:00+00:00,0.21577954404510735
2026-01-20 18:15:00+00:00,0.1835018051024399
2026-01-20 18:30:00+00:00,0.18323124637586644
2026-01-20 18:45:00+00:00,0.16421642192198094
2026-01-20 19:00:00+00:00,0.18129697855995772
2026-01-20 19:15:00+00:00,0.16346716925810276
2026-01-20 19:30:00+00:00,0.12928123847931502
2026-01-20 19:45:00+00:00,0.12278232531090195
2026-01-20 20:00:00+00:00,0.15179074993600944
2026-01-20 20:15:00+00:00,0.15386943094763705
2026-01-20 20:30:00+00:00,0.1497551499948509
2026-01-20 20:45:00+00:00,0.13327300146192633
2026-01-20 21:00:00+00:00,0.13837051101440756
2026-01-20 21:15:00+00:00,0.12664844474944456
2026-01-20 21:30:00+00:00,0.0920794226584726
2026-01-20 21:45:00+00:00,0.0996232620026598
2026-01-20 22:00:00+00:00,0.1082621624809176
2026-01-20 22:15:00+00:00,0.10344152401748884
2026-01-20 22:30:00+00:00,0.1057385618141521
2026-01-20 22:45:00+00:00,0.09341909422302873
2026-01-20 23:00:00+00:00,0.08013700189624212
2026-01-20 23:15:00+00:00,0.10722910256117535
2026-01-20 23:30:00+00:00,0.09140256974260193
2026-01-20 23:45:00+00:00,0.1065424686411115
2026-01-21 00:00:00+00:00,0.12530082669749973
2026-01-21 00:15:00+00:00,0.09325615408413576
2026-01-21 00:30:00+00:00,0.0757171247725367
2026-01-21 00:45:00+00:00,0.09597995778119889
2026-01-21 01:00:00+00:00,0.10966959634998572
2026-01-21 01:15:00+00:00,0.11870347454220594
2026-01-21 01:30:00+00:00,0.08626450405547582
2026-01-21 01:45:00+00:00,0.10365699223236521
2026-01-21 02:00:00+00:00,0.09976689543219946
2026-01-21 02:15:00+00:00,0.09993051645695863
2026-01-21 02:30:00+00:00,0.12645343347017035
2026-01-21 02:45:00+00:00,0.08319029671604847
2026-01-21 03:00:00+00:00,0.10301739661494573
2026-01-21 03:15:00+00:00,0.10269693171765433
2026-01-21 03:30:00+00:00,0.10887786324939347
2026-01-21 03:45:00+00:00,0.09983983153470896
2026-01-21 04:00:00+00:00,0.09962050539504103
2026-01-21 04:15:00+00:00,0.09364351432578208
2026-01-21 04:30:00+00:00,0.10376126941245106
2026-01-21 04:45:00+00:00,0.1461680772450259
2026-01-21 05:00:00+00:00,0.11197571889856052
2026-01-21 05:15:00+00:00,0.10350389663956366
2026-01-21 05:30:00+00:00,0.11472100393902186
2026-01-21 05:45:00+00:00,0.10728737186315021
2026-01-21 06:00:00+00:00,0.1559205025077217
2026-01-21 06:15:00+00:00,0.14942606276411513
2026-01-21 06:30:00+00:00,0.14838967531793118
2026-01-21 06:45:00+00:00,0.1918992150071399
2026-01-21 07:00:00+00:00,0.1767126769913738
2026-01-21 07:15:00+00:00,0.1929523366135118
2026-01-21 07:30:00+00:00,0.16480338705956507
2026-01-21 07:45:00+00:00,0.1633143809317082
2026-01-21 08:00:00+00:00,0.14042325786021306
2026-01-21 08:15:00+00:00,0.18057748533659995
2026-01-21 08:30:00+00:00,0.14825056809066053
2026-01-21 08:45:00+00:00,0.1251323891412916
2026-01-21 09:00:00+00:00,0.1456410599938371
2026-01-21 09:15:00+00:00,0.12329554074857657
2026-01-21 09:30:00+00:00,0.11148122428379338
2026-01-21 09:45:00+00:00,0.10675215585950057
2026-01-21 10:00:00+00:00,0.10867604466003448
2026-01-21 10:15:00+00:00,0.10243580681255249
2026-01-21 10:30:00+00:00,0.09778661579692674
2026-01-21 10:45:00+00:00,0.09803726716346488
2026-01-21 11:00:00+00:00,0.0969409171964732
2026-01-21 11:15:00+00:00,0.11023770096867065
2026-01-21 11:30:00+00:00,0.10334556722280862
2026-01-21 11:45:00+00:00,0.07191611365335719
2026-01-21 12:00:00+00:00,0.1083790077652976
2026-01-21 12:15:00+00:00,0.10431736194718776
2026-01-21 12:30:00+00:00,0.10227291243554103
2026-01-21 12:45:00+00:00,0.10336481546911114
2026-01-21 13:00:00+00:00,0.11629112719986014
2026-01-21 13:15:00+00:00,0.11484526462122858
2026-01-21 13:30:00+00:00,0.09920122332176391
2026-01-21 13:45:00+00:00,0.17121052287124533
2026-01-21 14:00:00+00:00,0.09715343265458715
2026-01-21 14:15:00+00:00,0.1091338183521107
2026-01-21 14:30:00+00:00,0.12547282775410035
2026-01-21 14:45:00+00:00,0.15479393472382758
2026-01-21 15:00:00+00:00,0.15454125045376088
2026-01-21 15:15:00+00:00,0.15126085420097293
2026-01-21 15:30:00+00:00,0.14825095786847997
2026-01-21 15:45:00+00:00,0.15316178287114957
2026-01-21 16:00:00+00:00,0.12957518404777046
2026-01-21 16:15:00+00:00,0.1472192254467394
2026-01-21 16:30:00+00:00,0.14961409525227684
2026-01-21 16:45:00+00:00,0.14348291329813576
2026-01-21 17:00:00+00:00,0.1568591337147464
2026-01-21 17:15:00+00:00,0.14967303847201063
2026-01-21 17:30:00+00:00,0.14257448207541581
2026-01-21 17:45:00+00:00,0.1397115023831643
2026-01-21 18:00:00+00:00,0.1326347874075094
2026-01-21 18:15:00+00:00,0.13251125348772283
2026-01-21 18:30:00+00:00,0.12737933036056237
2026-01-21 18:45:00+00:00,0.10063097355193551
2026-01-21 19:00:00+00:00,0.10729821725025618
2026-01-21 19:15:00+00:00,0.10177481329284482
2026-01-21 19:30:00+00:00,0.09624580079000039
2026-01-21 19:45:00+00:00,0.09727038470360959
2026-01-21 20:00:00+00:00,0.08987385333046215
2026-01-21 20:15:00+00:00,0.10459293707372938
2026-01-21 20:30:00+00:00,0.10197205475362224
2026-01-21 20:45:00+00:00,0.08835911368931809
2026-01-21 21:00:00+00:00,0.11959245668432406
2026-01-21 21:15:00+00:00,0.11566570137626558
2026-01-21 21:30:00+00:00,0.08477440135631026
2026-01-21 21:45:00+00:00,0.09127275221433787
2026-01-21 22:00:00+00:00,0.09880857650212702
2026-01-21 22:15:00+00:00,0.08949096898891136
2026-01-21 22:30:00+00:00,0.10479474841931749
2026-01-21 22:45:00+00:00,0.09367173861227196
2026-01-21 23:00:00+00:00,0.0897448515868939
2026-01-21 23:15:00+00:00,0.07471137635593247
2026-01-21 23:30:00+00:00,0.10040418030209226
2026-01-21 23:45:00+00:00,0.07760741605146527
2026-01-22 00:00:00+00:00,0.09371932630266328
2026-01-22 00:15:00+00:00,0.09517376937958191
2026-01-22 00:30:00+00:00,0.10599658595838651
2026-01-22 00:45:00+00:00,0.07911179600880888
2026-01-22 01:00:00+00:00,0.059894878441791755
2026-01-22 01:15:00+00:00,0.09322849544753695
2026-01-22 01:30:00+00:00,0.10992511181510854
2026-01-22 01:45:00+00:00,0.10478946352939437
2026-01-22 02:00:00+00:00,0.09437659415274625
2026-01-22 02:15:00+00:00,0.08638363814367953
2026-01-22 02:30:00+00:00,0.0997912259663731
2026-01-22 02:45:00+00:00,0.08224453800295532
2026-01-22 03:00:00+00:00,0.1472835776935622
2026-01-22 03:15:00+00:00,0.09733470159166627
2026-01-22 03:30:00+00:00,0.1032620990749888
2026-01-22 03:45:00+00:00,0.12153660038911077
2026-01-22 04:00:00+00:00,0.09562415967178767
2026-01-22 04:15:00+00:00,0.08568036374292501
2026-01-22 04:30:00+00:00,0.09124425687808005
2026-01-22 04:45:00+00:00,0.08108924095110882
2026-01-22 05:00:00+00:00,0.08305286868910941
2026-01-22 05:15:00+00:00,0.08906717561886897
2026-01-22 05:30:00+00:00,0.09840911602065408
2026-01-22 05:45:00+00:00,0.11742354872033722
2026-01-22 06:00:00+00:00,0.107845800676178
2026-01-22 06:15:00+00:00,0.1334603066732447
2026-01-22 06:30:00+00:00,0.13077207064918198
2026-01-22 06:45:00+00:00,0.13289699678861386
2026-01-22 07:00:00+00:00,0.13860105283487084
2026-01-22 07:15:00+00:00,0.1495519068385898
2026-01-22 07:30:00+00:00,0.14116098264667634
2026-01-22 07:45:00+00:00,0.11702869784289101
2026-01-22 08:00:00+00:00,0.12102883510924743
2026-01-22 08:15:00+00:00,0.11350273971223336
2026-01-22 08:30:00+00:00,0.09857129076526785
2026-01-22 08:45:00+00:00,0.143297421402785
2026-01-22 09:00:00+00:00,0.09781779126455341
2026-01-22 09:15:00+00:00,0.10225389180712727
2026-01-22 09:30:00+00:00,0.09710561329001924
2026-01-22 09:45:00+00:00,0.09239589911367545
2026-01-22 10:00:00+00:00,0.10010897962167972
2026-01-22 10:15:00+00:00,0.08754628211600603
2026-01-22 10:30:00+00:00,0.0924946484992889
2026-01-22 10:45:00+00:00,0.08615778247067504
2026-01-22 11:00:00+00:00,0.08977362349399629
2026-01-22 11:15:00+00:00,0.07749241342388419
2026-01-22 11:30:00+00:00,0.0585218284172357
2026-01-22 11:45:00+00:00,0.08073720837813696
2026-01-22 12:00:00+00:00,0.1003174813609994
2026-01-22 12:15:00+00:00,0.09731215402241593
2026-01-22 12:30:00+00:00,0.09857397484591171
2026-01-22 12:45:00+00:00,0.10156130721806218
2026-01-22 13:00:00+00:00,0.09078657590961436
2026-01-22 13:15:00+00:00,0.09773315707405596
2026-01-22 13:30:00+00:00,0.0878034810456565
2026-01-22 13:45:00+00:00,0.09683927143972951
2026-01-22 14:00:00+00:00,0.10234771149771141
2026-01-22 14:15:00+00:00,0.11608884437168816
2026-01-22 14:30:00+00:00,0.11147553724319001
2026-01-22 14:45:00+00:00,0.11350810735148589
2026-01-22 15:00:00+00:00,0.11411527958856597
2026-01-22 15:15:00+00:00,0.13493206748929115
2026-01-22 15:30:00+00:00,0.13151145183866458
2026-01-22 15:45:00+00:00,0.11164819046862762
2026-01-22 16:00:00+00:00,0.12424463150508416
2026-01-22 16:15:00+00:00,0.1242428757408584
2026-01-22 16:30:00+00:00,0.1362185980235269
2026-01-22 16:45:00+00:00,0.13648219681182527
2026-01-22 17:00:00+00:00,0.12675751590976986
2026-01-22 17:15:00+00:00,0.14449467534470745
2026-01-22 17:30:00+00:00,0.13123744764602321
2026-01-22 17:45:00+00:00,0.13244474359610828
2026-01-22 18:00:00+00:00,0.13572207144043402
2026-01-22 18:15:00+00:00,0.1594016688221923
2026-01-22 18:30:00+00:00,0.13354111787420267
2026-01-22 18:45:00+00:00,0.1120723571346454
2026-01-22 19:00:00+00:00,0.12276480617241212
2026-01-22 19:15:00+00:00,0.09771142766959845
2026-01-22 19:30:00+00:00,0.09123241233983936
2026-01-22 19:45:00+00:00,0.11431889658025028
2026-01-22 20:00:00+00:00,0.12393409526097517
2026-01-22 20:15:00+00:00,0.0981394844564249
2026-01-22 20:30:00+00:00,0.09335336918725305
2026-01-22 20:45:00+00:00,0.1096543478441477
2026-01-22 21:00:00+00:00,0.09137588107132671
2026-01-22 21:15:00+00:00,0.11883672953255964
2026-01-22 21:30:00+00:00,0.0999737926535213
2026-01-22 21:45:00+00:00,0.10501391925608383
2026-01-22 22:00:00+00:00,0.09947381524251016
2026-01-22 22:15:00+00:00,0.10300187431082343
2026-01-22 22:30:00+00:00,0.09359885997885808
2026-01-22 22:45:00+00:00,0.08883207093927706
2026-01-22 23:00:00+00:00,0.0997591917539572
2026-01-22 23:15:00+00:00,0.08766812544218527
2026-01-22 23:30:00+00:00,0.10440824345420126
2026-01-22 23:45:00+00:00,0.09237786433528415
2026-01-23 00:00:00+00:00,0.0974940008465998
2026-01-23 00:15:00+00:00,0.08667650625391488
2026-01-23 00:30:00+00:00,0.07141666341204689
2026-01-23 00:45:00+00:00,0.0936297223739983
2026-01-23 01:00:00+00:00,0.12353615421612915
2026-01-23 01:15:00+00:00,0.10276604287898024
2026-01-23 01:30:00+00:00,0.09483739620265606
2026-01-23 01:45:00+00:00,0.09180109170791732
2026-01-23 02:00:00+00:00,0.09557465892812046
2026-01-23 02:15:00+00:00,0.1007711911517521
2026-01-23 02:30:00+00:00,0.08297187184691156
2026-01-23 02:45:00+00:00,0.10572321694668872
2026-01-23 03:00:00+00:00,0.10267381315441243
2026-01-23 03:15:00+00:00,0.10228185725707935
2026-01-23 03:30:00+00:00,0.10021475738809726
2026-01-23 03:45:00+00:00,0.0962361665769399
2026-01-23 04:00:00+00:00,0.10285861235966819
2026-01-23 04:15:00+00:00,0.10312814133741378
2026-01-23 04:30:00+00:00,0.09400959289058976
2026-01-23 04:45:00+00:00,0.091363982271031
2026-01-23 05:00:00+00:00,0.09867856295261987
2026-01-23 05:15:00+00:00,0.11976020151495187
2026-01-23 05:30:00+00:00,0.101898929243461
2026-01-23 05:45:00+00:00,0.1018947473424756
2026-01-23 06:00:00+00:00,0.11822760841236517
2026-01-23 06:15:00+00:00,0.13748887701856016
2026-01-23 06:30:00+00:00,0.1370434166437041
2026-01-23 06:45:00+00:00,0.145569531979085
2026-01-23 07:00:00+00:00,0.15235797745365195
2026-01-23 07:15:00+00:00,0.1752986343860208
2026-01-23 07:30:00+00:00,0.13775096021523486
2026-01-23 07:45:00+00:00,0.13471502975219754
2026-01-23 08:00:00+00:00,0.16163745239850955
2026-01-23 08:15:00+00:00,0.13340811188845833
2026-01-23 08:30:00+00:00,0.1387314559556793
2026-01-23 08:45:00+00:00,0.13356470165728018
2026-01-23 09:00:00+00:00,0.13291886488295962
2026-01-23 09:15:00+00:00,0.11885700905718684
2026-01-23 09:30:00+00:00,0.0975283523482742
2026-01-23 09:45:00+00:00,0.09595638591960523
2026-01-23 10:00:00+00:00,0.09945803619676062
2026-01-23 10:15:00+00:00,0.09684284903243766
2026-01-23 10:30:00+00:00,0.11222643795003769
2026-01-23 10:45:00+00:00,0.10344691060725124
2026-01-23 11:00:00+00:00,0.08571542043062969
2026-01-23 11:15:00+00:00,0.14824504778432007
2026-01-23 11:30:00+00:00,0.10126221748496786
2026-01-23 11:45:00+00:00,0.10736149038521267
2026-01-23 12:00:00+00:00,0.11172540686568375
2026-01-23 12:15:00+00:00,0.08549905808172131
2026-01-23 12:30:00+00:00,0.08744142488789661
2026-01-23 12:45:00+00:00,0.08334422141085385
2026-01-23 13:00:00+00:00,0.09360980140893017
2026-01-23 13:15:00+00:00,0.10119358374446336
2026-01-23 13:30:00+00:00,0.10657334516589101
2026-01-23 13:45:00+00:00,0.09838048976357477
2026-01-23 14:00:00+00:00,0.09467152476745155
2026-01-23 14:15:00+00:00,0.10347757992248739
2026-01-23 14:30:00+00:00,0.10410857098369977
2026-01-23 14:45:00+00:00,0.14367538721694773
2026-01-23 15:00:00+00:00,0.09517338972881942
2026-01-23 15:15:00+00:00,0.12478740578895724
2026-01-23 15:30:00+00:00,0.1483760621922964
2026-01-23 15:45:00+00:00,0.1339279984456
2026-01-23 16:00:00+00:00,0.13026960964998507
2026-01-23 16:15:00+00:00,0.13464554577189575
2026-01-23 16:30:00+00:00,0.13572608318237595
2026-01-23 16:45:00+00:00,0.15014848474676531
2026-01-23 17:00:00+00:00,0.10988138088670493
2026-01-23 17:15:00+00:00,0.14250433701296325
2026-01-23 17:30:00+00:00,0.11054042847549855
2026-01-23 17:45:00+00:00,0.12731347670765586
2026-01-23 18:00:00+00:00,0.12108755579701337
2026-01-23 18:15:00+00:00,0.1236555326977072
2026-01-23 18:30:00+00:00,0.09817875648116252
2026-01-23 18:45:00+00:00,0.11452172666081943
2026-01-23 19:00:00+00:00,0.13328309623286852
2026-01-23 19:15:00+00:00,0.0942682599540719
2026-01-23 19:30:00+00:00,0.10715706167610396
2026-01-23 19:45:00+00:00,0.09607017822203391
2026-01-23 20:00:00+00:00,0.11298887206193035
2026-01-23 20:15:00+00:00,0.10598147777415752
2026-01-23 20:30:00+00:00,0.09583513090955689
2026-01-23 20:45:00+00:00,0.10394872284871075
2026-01-23 21:00:00+00:00,0.12383348109786743
2026-01-23 21:15:00+00:00,0.10028096208272702
2026-01-23 21:30:00+00:00,0.16408757942148183
2026-01-23 21:45:00+00:00,0.09135727042128836
2026-01-23 22:00:00+00:00,0.0895656362318199
2026-01-23 22:15:00+00:00,0.10095406277880377
2026-01-23 22:30:00+00:00,0.11216116028535965
2026-01-23 22:45:00+00:00,0.1488561334878566
2026-01-23 23:00:00+00:00,0.10105941969476846
2026-01-23 23:15:00+00:00,0.10140291405423354
2026-01-23 23:30:00+00:00,0.08639592266030283
2026-01-23 23:45:00+00:00,0.10074515326355367
2026-01-24 00:00:00+00:00,0.1119033306232341
2026-01-24 00:15:00+00:00,0.0941190966716692
2026-01-24 00:30:00+00:00,0.09279957852240499
2026-01-24 00:45:00+00:00,0.0995787822965205
2026-01-24 01:00:00+00:00,0.09327280263959405
2026-01-24 01:15:00+00:00,0.09763867385374178
2026-01-24 01:30:00+00:00,0.11986721789166516
2026-01-24 01:45:00+00:00,0.09597974299254003
2026-01-24 02:00:00+00:00,0.09377659847978778
2026-01-24 02:15:00+00:00,0.09168458194364841
2026-01-24 02:30:00+00:00,0.10523191971499937
2026-01-24 02:45:00+00:00,0.09617775826781896
2026-01-24 03:00:00+00:00,0.09184626961678574
2026-01-24 03:15:00+00:00,0.11007304032273012
2026-01-24 03:30:00+00:00,0.11168603004513636
2026-01-24 03:45:00+00:00,0.09149576434261295
2026-01-24 04:00:00+00:00,0.07919460048639385
2026-01-24 04:15:00+00:00,0.10943513689836923
2026-01-24 04:30:00+00:00,0.09166370174239996
2026-01-24 04:45:00+00:00,0.10781625599162768
2026-01-24 05:00:00+00:00,0.07779896182288165
2026-01-24 05:15:00+00:00,0.1098559733829931
2026-01-24 05:30:00+00:00,0.08897828070719219
2026-01-24 05:45:00+00:00,0.10937764119066525
2026-01-24 06:00:00+00:00,0.15281273067836434
2026-01-24 06:15:00+00:00,0.09365060580603356
2026-01-24 06:30:00+00:00,0.1003496368707322
2026-01-24 06:45:00+00:00,0.11282318456956701
2026-01-24 07:00:00+00:00,0.11029894453115234
2026-01-24 07:15:00+00:00,0.11554412980472485
2026-01-24 07:30:00+00:00,0.13191440584515485
2026-01-24 07:45:00+00:00,0.09725758388288949
2026-01-24 08:00:00+00:00,0.14107212574968625
2026-01-24 08:15:00+00:00,0.12727355937523213
2026-01-24 08:30:00+00:00,0.11218215951676871
2026-01-24 08:45:00+00:00,0.1067668637426101
2026-01-24 09:00:00+00:00,0.13340879609222966
2026-01-24 09:15:00+00:00,0.1292765011192446
2026-01-24 09:30:00+00:00,0.11394450879622466
2026-01-24 09:45:00+00:00,0.12149154930247348
2026-01-24 10:00:00+00:00,0.1002582430994844
2026-01-24 10:15:00+00:00,0.11033911052153945
2026-01-24 10:30:00+00:00,0.09717606555586882
2026-01-24 10:45:00+00:00,0.10989631882624967
2026-01-24 11:00:00+00:00,0.117078873900973
2026-01-24 11:15:00+00:00,0.10254238206318947
2026-01-24 11:30:00+00:00,0.08025786143372866
2026-01-24 11:45:00+00:00,0.10559948146796494
2026-01-24 12:00:00+00:00,0.10736738551733509
2026-01-24 12:15:00+00:00,0.10564294754961698
2026-01-24 12:30:00+00:00,0.11394782191822155
2026-01-24 12:45:00+00:00,0.09058946320350951
2026-01-24 13:00:00+00:00,0.1091021610545045
2026-01-24 13:15:00+00:00,0.11517507512477974
2026-01-24 13:30:00+00:00,0.08775412415993483
2026-01-24 13:45:00+00:00,0.11258651825918978
2026-01-24 14:00:00+00:00,0.09917820168992328
2026-01-24 14:15:00+00:00,0.11120477326898354
2026-01-24 14:30:00+00:00,0.17902676483538338
2026-01-24 14:45:00+00:00,0.12624771435886448
2026-01-24 15:00:00+00:00,0.11163291920838388
2026-01-24 15:15:00+00:00,0.12729152417488027
2026-01-24 15:30:00+00:00,0.130597540611372
2026-01-24 15:45:00+00:00,0.12995174871114815
2026-01-24 16:00:00+00:00,0.14800373282956503
2026-01-24 16:15:00+00:00,0.13641205964841344
2026-01-24 16:30:00+00:00,0.1556131250090921
2026-01-24 16:45:00+00:00,0.1534559129285395
2026-01-24 17:00:00+00:00,0.12891193271209403
2026-01-24 17:15:00+00:00,0.13947435347664344
2026-01-24 17:30:00+00:00,0.1525310940304737
2026-01-24 17:45:00+00:00,0.12416834468860317
2026-01-24 18:00:00+00:00,0.13453595737690613
2026-01-24 18:15:00+00:00,0.13961060893251898
2026-01-24 18:30:00+00:00,0.13796390509282594
2026-01-24 18:45:00+00:00,0.12091461113955504
2026-01-24 19:00:00+00:00,0.12358489805308359
2026-01-24 19:15:00+00:00,0.18645369861698508
2026-01-24 19:30:00+00:00,0.1307289966379758
2026-01-24 19:45:00+00:00,0.11934858050781796
2026-01-24 20:00:00+00:00,0.11361318142565024
2026-01-24 20:15:00+00:00,0.10406734278359074
2026-01-24 20:30:00+00:00,0.10161555593443435
2026-01-24 20:45:00+00:00,0.11254514105265757
2026-01-24 21:00:00+00:00,0.11597398220888684
2026-01-24 21:15:00+00:00,0.12231598592946429
2026-01-24 21:30:00+00:00,0.11862450092536139
2026-01-24 21:45:00+00:00,0.09399919698240182
2026-01-24 22:00:00+00:00,0.1184994761772292
2026-01-24 22:15:00+00:00,0.09423939372685586
2026-01-24 22:30:00+00:00,0.09963028728047649
2026-01-24 22:45:00+00:00,0.10343200206251695
2026-01-24 23:00:00+00:00,0.12145667489783965
2026-01-24 23:15:00+00:00,0.1334091855600536
2026-01-24 23:30:00+00:00,0.10765723059136183
2026-01-24 23:45:00+00:00,0.09853803381279612
2026-01-25 00:00:00+00:00,0.1075550564848055
2026-01-25 00:15:00+00:00,0.11046655425873836
2026-01-25 00:30:00+00:00,0.09886332374442808
2026-01-25 00:45:00+00:00,0.11911211355912323
2026-01-25 01:00:00+00:00,0.15433070759191403
2026-01-25 01:15:00+00:00,0.10594743089091395
2026-01-25 01:30:00+00:00,0.10759924252054462
2026-01-25 01:45:00+00:00,0.10553586610614454
2026-01-25 02:00:00+00:00,0.11040940500469612
2026-01-25 02:15:00+00:00,0.09542746813453076
2026-01-25 02:30:00+00:00,0.09712698246053969
2026-01-25 02:45:00+00:00,0.08974845767028305
2026-01-25 03:00:00+00:00,0.10558501230620226
2026-01-25 03:15:00+00:00,0.10847936503512114
2026-01-25 03:30:00+00:00,0.10545772866151885
2026-01-25 03:45:00+00:00,0.11743492433347538
2026-01-25 04:00:00+00:00,0.09893403981170953
2026-01-25 04:15:00+00:00,0.10827741655592513
2026-01-25 04:30:00+00:00,0.08992299123860685
2026-01-25 04:45:00+00:00,0.09675900297525598
2026-01-25 05:00:00+00:00,0.10624537757565777
2026-01-25 05:15:00+00:00,0.10858102110743144
2026-01-25 05:30:00+00:00,0.09736033052335817
2026-01-25 05:45:00+00:00,0.09946400748141934
2026-01-25 06:00:00+00:00,0.08487126253319191
2026-01-25 06:15:00+00:00,0.09743970799193391
2026-01-25 06:30:00+00:00,0.11233383163519786
2026-01-25 06:45:00+00:00,0.10950205016106565
2026-01-25 07:00:00+00:00,0.10659665721381209
2026-01-25 07:15:00+00:00,0.1036877368718096
2026-01-25 07:30:00+00:00,0.10505063158628176
2026-01-25 07:45:00+00:00,0.09866678860526554
2026-01-25 08:00:00+00:00,0.11605828420202535
2026-01-25 08:15:00+00:00,0.1131397294438939
2026-01-25 08:30:00+00:00,0.11467018847992799
2026-01-25 08:45:00+00:00,0.1025396515733242
2026-01-25 09:00:00+00:00,0.09123657080128755
2026-01-25 09:15:00+00:00,0.12574152711753694
2026-01-25 09:30:00+00:00,0.10751162543991595
2026-01-25 09:45:00+00:00,0.1043022423595688
2026-01-25 10:00:00+00:00,0.12434478911913993
2026-01-25 10:15:00+00:00,0.11264987360080869
2026-01-25 10:30:00+00:00,0.12718936384046622
2026-01-25 10:45:00+00:00,0.11967005949576698
2026-01-25 11:00:00+00:00,0.13057569323200477
2026-01-25 11:15:00+00:00,0.10620044288799466
2026-01-25 11:30:00+00:00,0.13220943985386402
2026-01-25 11:45:00+00:00,0.11904250531233856
2026-01-25 12:00:00+00:00,0.11617722860753797
2026-01-25 12:15:00+00:00,0.11823388467342251
2026-01-25 12:30:00+00:00,0.0968876476710168
2026-01-25 12:45:00+00:00,0.11719652811480671
2026-01-25 13:00:00+00:00,0.10260628491817929
2026-01-25 13:15:00+00:00,0.09937329714156465
2026-01-25 13:30:00+00:00,0.09919640813782109
2026-01-25 13:45:00+00:00,0.12816688374989926
2026-01-25 14:00:00+00:00,0.10130736606307211
2026-01-25 14:15:00+00:00,0.12463727709916499
2026-01-25 14:30:00+00:00,0.10791198536947702
2026-01-25 14:45:00+00:00,0.09976642042407052
2026-01-25 15:00:00+00:00,0.09662475560051341
2026-01-25 15:15:00+00:00,0.12408811620006938
2026-01-25 15:30:00+00:00,0.11882101822063333
2026-01-25 15:45:00+00:00,0.12221712703509399
2026-01-25 16:00:00+00:00,0.1255901822585279
2026-01-25 16:15:00+00:00,0.13792782736167544
2026-01-25 16:30:00+00:00,0.14454398815902458
2026-01-25 16:45:00+00:00,0.14906499229892928
2026-01-25 17:00:00+00:00,0.13523231354210916
2026-01-25 17:15:00+00:00,0.12606952313917963
2026-01-25 17:30:00+00:00,0.13383534838876726
2026-01-25 17:45:00+00:00,0.13597280506582884
2026-01-25 18:00:00+00:00,0.12710241073789388
2026-01-25 18:15:00+00:00,0.12355849085104957
2026-01-25 18:30:00+00:00,0.13420787881549884
2026-01-25 18:45:00+00:00,0.12917347648429547
2026-01-25 19:00:00+00:00,0.13297796995411584
2026-01-25 19:15:00+00:00,0.12167504665299932
2026-01-25 19:30:00+00:00,0.11858599285794233
2026-01-25 19:45:00+00:00,0.10402766855731695
2026-01-25 20:00:00+00:00,0.12927198411124788
2026-01-25 20:15:00+00:00,0.12688249334723753
2026-01-25 20:30:00+00:00,0.09338812137761907
2026-01-25 20:45:00+00:00,0.0980448913980759
2026-01-25 21:00:00+00:00,0.10408470744909921
2026-01-25 21:15:00+00:00,0.10628976065593101
2026-01-25 21:30:00+00:00,0.10863562030209639
2026-01-25 21:45:00+00:00,0.0919635478030147
2026-01-25 22:00:00+00:00,0.09908140186874687
2026-01-25 22:15:00+00:00,0.09472042627918502
2026-01-25 22:30:00+00:00,0.10481267329398944
2026-01-25 22:45:00+00:00,0.10285344337036251
2026-01-25 23:00:00+00:00,0.10254262446662746
2026-01-25 23:15:00+00:00,0.10718820872139398
2026-01-25 23:30:00+00:00,0.09564319915412735
2026-01-25 23:45:00+00:00,0.09669344889673946
2026-01-26 00:00:00+00:00,0.11922452090298537
2026-01-26 00:15:00+00:00,0.11464461051790348
2026-01-26 00:30:00+00:00,0.08785418763072401
2026-01-26 00:45:00+00:00,0.10816732417879174
2026-01-26 01:00:00+00:00,0.10891396554491592
2026-01-26 01:15:00+00:00,0.08791736711247382
2026-01-26 01:30:00+00:00,0.10510777643754861
2026-01-26 01:45:00+00:00,0.11316931918412552
2026-01-26 02:00:00+00:00,0.08421455193755586
2026-01-26 02:15:00+00:00,0.08720497178985735
2026-01-26 02:30:00+00:00,0.10572661466843503
2026-01-26 02:45:00+00:00,0.09875495310825648
2026-01-26 03:00:00+00:00,0.10020476275239523
2026-01-26 03:15:00+00:00,0.09825589216400497
2026-01-26 03:30:00+00:00,0.09919695920928144
2026-01-26 03:45:00+00:00,0.08203527871688916
2026-01-26 04:00:00+00:00,0.10411317706621448
2026-01-26 04:15:00+00:00,0.10589589992427774
2026-01-26 04:30:00+00:00,0.09718609255931972
2026-01-26 04:45:00+00:00,0.10101523050186137
2026-01-26 05:00:00+00:00,0.08823892497444279
2026-01-26 05:15:00+00:00,0.11517254756017835
2026-01-26 05:30:00+00:00,0.11929057441714144
2026-01-26 05:45:00+00:00,0.12933808983000689
2026-01-26 06:00:00+00:00,0.14307353359870503
2026-01-26 06:15:00+00:00,0.1424892276902006
2026-01-26 06:30:00+00:00,0.164836059258936
2026-01-26 06:45:00+00:00,0.16574335661307885
2026-01-26 07:00:00+00:00,0.16362447849125764
2026-01-26 07:15:00+00:00,0.17557645742097164
2026-01-26 07:30:00+00:00,0.1867630792204094
2026-01-26 07:45:00+00:00,0.17114473071166642
2026-01-26 08:00:00+00:00,0.19018527404328334
2026-01-26 08:15:00+00:00,0.19276047171441507
2026-01-26 08:30:00+00:00,0.1685323576276178
2026-01-26 08:45:00+00:00,0.1469042289926132
2026-01-26 09:00:00+00:00,0.20431583904205422
2026-01-26 09:15:00+00:00,0.19845454078690486
2026-01-26 09:30:00+00:00,0.1642573730489438
2026-01-26 09:45:00+00:00,0.17030707805245193
2026-01-26 10:00:00+00:00,0.17275025229448657
2026-01-26 10:15:00+00:00,0.1746248721533106
2026-01-26 10:30:00+00:00,0.17084224129013492
2026-01-26 10:45:00+00:00,0.1613559219968368
2026-01-26 11:00:00+00:00,0.16081234334413602
2026-01-26 11:15:00+00:00,0.1516645894768374
2026-01-26 11:30:00+00:00,0.14183808084518756
2026-01-26 11:45:00+00:00,0.13758177791769555
2026-01-26 12:00:00+00:00,0.15745821709950644
2026-01-26 12:15:00+00:00,0.1437324001088925
2026-01-26 12:30:00+00:00,0.15439052065712622
2026-01-26 12:45:00+00:00,0.15586246155335928
2026-01-26 13:00:00+00:00,0.13602946758629958
2026-01-26 13:15:00+00:00,0.1523840450053538
2026-01-26 13:30:00+00:00,0.15259685110302934
2026-01-26 13:45:00+00:00,0.15642002270919275
2026-01-26 14:00:00+00:00,0.15342955267916086
2026-01-26 14:15:00+00:00,0.1593668241835972
2026-01-26 14:30:00+00:00,0.1685224895268066
2026-01-26 14:45:00+00:00,0.15919337577672701
2026-01-26 15:00:00+00:00,0.16066156064389273
2026-01-26 15:15:00+00:00,0.1618729083726674
2026-01-26 15:30:00+00:00,0.21236713895821419
2026-01-26 15:45:00+00:00,0.190729378354476
2026-01-26 16:00:00+00:00,0.1589532899281107
2026-01-26 16:15:00+00:00,0.1684068618042064
2026-01-26 16:30:00+00:00,0.20286978047766013
2026-01-26 16:45:00+00:00,0.2236687249461936
2026-01-26 17:00:00+00:00,0.17950013967365017
2026-01-26 17:15:00+00:00,0.16214955396846226
2026-01-26 17:30:00+00:00,0.18162818595604877
2026-01-26 17:45:00+00:00,0.17739562505126144
2026-01-26 18:00:00+00:00,0.2304613362615523
2026-01-26 18:15:00+00:00,0.19410260663321036
2026-01-26 18:30:00+00:00,0.1512039420027675
2026-01-26 18:45:00+00:00,0.15988918623031612
2026-01-26 19:00:00+00:00,0.16179139179241106
2026-01-26 19:15:00+00:00,0.17046377906207297
2026-01-26 19:30:00+00:00,0.17094515353168116
2026-01-26 19:45:00+00:00,0.13685343412216652
2026-01-26 20:00:00+00:00,0.1444544286409142
2026-01-26 20:15:00+00:00,0.14964587886979802
2026-01-26 20:30:00+00:00,0.13711869350210487
2026-01-26 20:45:00+00:00,0.11600588782067761
2026-01-26 21:00:00+00:00,0.1385338842054241
2026-01-26 21:15:00+00:00,0.10483326843802343
2026-01-26 21:30:00+00:00,0.11361162253905763
2026-01-26 21:45:00+00:00,0.10304272225935826
2026-01-26 22:00:00+00:00,0.11338877177600228
2026-01-26 22:15:00+00:00,0.13030632003468814
2026-01-26 22:30:00+00:00,0.09515493105720743
2026-01-26 22:45:00+00:00,0.11296205186747978
2026-01-26 23:00:00+00:00,0.12060037069668192
2026-01-26 23:15:00+00:00,0.11629239831504165
2026-01-26 23:30:00+00:00,0.1254237189605171
2026-01-26 23:45:00+00:00,0.11847051294568892
2026-01-27 00:00:00+00:00,0.12250612997219532
2026-01-27 00:15:00+00:00,0.12456184660532861
2026-01-27 00:30:00+00:00,0.10981691616816677
2026-01-27 00:45:00+00:00,0.1038776326549225
2026-01-27 01:00:00+00:00,0.10221849473442202
2026-01-27 01:15:00+00:00,0.10399589470021045
2026-01-27 01:30:00+00:00,0.14145094425308727
2026-01-27 01:45:00+00:00,0.12379679580736787
2026-01-27 02:00:00+00:00,0.09957925633791978
2026-01-27 02:15:00+00:00,0.0977554204325643
2026-01-27 02:30:00+00:00,0.11576866061718491
2026-01-27 02:45:00+00:00,0.11640264797377967
2026-01-27 03:00:00+00:00,0.11598883835317364
2026-01-27 03:15:00+00:00,0.10804044206446302
2026-01-27 03:30:00+00:00,0.108785457399971
2026-01-27 03:45:00+00:00,0.11432879524159358
2026-01-27 04:00:00+00:00,0.1078589300629333
2026-01-27 04:15:00+00:00,0.08778699627252465
2026-01-27 04:30:00+00:00,0.11050200369424806
2026-01-27 04:45:00+00:00,0.10830593565739685
2026-01-27 05:00:00+00:00,0.11567211418908512
2026-01-27 05:15:00+00:00,0.1525325900260341
2026-01-27 05:30:00+00:00,0.14384481665474302
2026-01-27 05:45:00+00:00,0.15453470313827603
2026-01-27 06:00:00+00:00,0.14224801501977252
2026-01-27 06:15:00+00:00,0.15780687887209213
2026-01-27 06:30:00+00:00,0.17120094490451843
2026-01-27 06:45:00+00:00,0.1925585059321567
2026-01-27 07:00:00+00:00,0.20696543564829542
2026-01-27 07:15:00+00:00,0.17464111564674084
2026-01-27 07:30:00+00:00,0.17543632076811452
2026-01-27 07:45:00+00:00,0.15422618870018462
2026-01-27 08:00:00+00:00,0.19424512646342249
2026-01-27 08:15:00+00:00,0.16392313488513907
2026-01-27 08:30:00+00:00,0.16581633186394915
2026-01-27 08:45:00+00:00,0.15003910085762093
2026-01-27 09:00:00+00:00,0.1796981671934471
2026-01-27 09:15:00+00:00,0.16182454443942412
2026-01-27 09:30:00+00:00,0.17570282623553618
2026-01-27 09:45:00+00:00,0.1336393411099985
2026-01-27 10:00:00+00:00,0.13479420145250826
2026-01-27 10:15:00+00:00,0.12265495089324666
2026-01-27 10:30:00+00:00,0.1308398294957563
2026-01-27 10:45:00+00:00,0.1199351721154418
2026-01-27 11:00:00+00:00,0.15551716486345524
2026-01-27 11:15:00+00:00,0.13132959825360696
2026-01-27 11:30:00+00:00,0.10601382499245762
2026-01-27 11:45:00+00:00,0.10843225995829057
2026-01-27 12:00:00+00:00,0.12516383295429398
2026-01-27 12:15:00+00:00,0.13316442772869924
2026-01-27 12:30:00+00:00,0.09417016687762042
2026-01-27 12:45:00+00:00,0.09389075614860955
2026-01-27 13:00:00+00:00,0.1435796517537178
2026-01-27 13:15:00+00:00,0.13333614177370903
2026-01-27 13:30:00+00:00,0.12508707268123634
2026-01-27 13:45:00+00:00,0.14159629086122436
2026-01-27 14:00:00+00:00,0.10536252260983123
2026-01-27 14:15:00+00:00,0.1264637550659716
2026-01-27 14:30:00+00:00,0.12791821172843085
2026-01-27 14:45:00+00:00,0.1362427013953783
2026-01-27 15:00:00+00:00,0.12684104047707462
2026-01-27 15:15:00+00:00,0.1278668716140336
2026-01-27 15:30:00+00:00,0.11977575373940413
2026-01-27 15:45:00+00:00,0.14145383755674318
2026-01-27 16:00:00+00:00,0.12853653677636975
2026-01-27 16:15:00+00:00,0.1539889916083978
2026-01-27 16:30:00+00:00,0.1600518460520977
2026-01-27 16:45:00+00:00,0.1514213624182366
2026-01-27 17:00:00+00:00,0.14218451116656666
2026-01-27 17:15:00+00:00,0.13342379430042586
2026-01-27 17:30:00+00:00,0.14402237994960027
2026-01-27 17:45:00+00:00,0.13706408585366456
2026-01-27 18:00:00+00:00,0.14681323351993214
2026-01-27 18:15:00+00:00,0.13786795382958256
2026-01-27 18:30:00+00:00,0.16254793091029973
2026-01-27 18:45:00+00:00,0.11989032974225836
2026-01-27 19:00:00+00:00,0.14902177238752437
2026-01-27 19:15:00+00:00,0.1832085877346581
2026-01-27 19:30:00+00:00,0.11868636404490136
2026-01-27 19:45:00+00:00,0.13043620484195134
2026-01-27 20:00:00+00:00,0.12171105472606862
2026-01-27 20:15:00+00:00,0.12325159195667929
2026-01-27 20:30:00+00:00,0.12247879346982454
2026-01-27 20:45:00+00:00,0.1293456888241863
2026-01-27 21:00:00+00:00,0.13375469233810883
2026-01-27 21:15:00+00:00,0.11374322712503787
2026-01-27 21:30:00+00:00,0.10909752805401232
2026-01-27 21:45:00+00:00,0.11569019362604344
2026-01-27 22:00:00+00:00,0.11110961435602353
2026-01-27 22:15:00+00:00,0.11094475425384645
2026-01-27 22:30:00+00:00,0.1224043813468414
2026-01-27 22:45:00+00:00,0.10210698344913209
2026-01-27 23:00:00+00:00,0.11063176618688425
2026-01-27 23:15:00+00:00,0.10970022734808395
2026-01-27 23:30:00+00:00,0.10980430882205285
2026-01-27 23:45:00+00:00,0.07793110666015395
2026-01-28 00:00:00+00:00,0.10322299705234703
2026-01-28 00:15:00+00:00,0.10762283692279473
2026-01-28 00:30:00+00:00,0.1646607895642686
2026-01-28 00:45:00+00:00,0.09548097552493795
2026-01-28 01:00:00+00:00,0.08795447293958125
2026-01-28 01:15:00+00:00,0.11179711445966137
2026-01-28 01:30:00+00:00,0.09655637611174371
2026-01-28 01:45:00+00:00,0.09073333340909638
2026-01-28 02:00:00+00:00,0.09609654610286776
2026-01-28 02:15:00+00:00,0.0994047464234415
2026-01-28 02:30:00+00:00,0.09633255335461788
2026-01-28 02:45:00+00:00,0.08093433942900931
2026-01-28 03:00:00+00:00,0.11220066196887132
2026-01-28 03:15:00+00:00,0.11620875041278722
2026-01-28 03:30:00+00:00,0.11142521991339506
2026-01-28 03:45:00+00:00,0.09587314329575183
2026-01-28 04:00:00+00:00,0.10257508466052483
2026-01-28 04:15:00+00:00,0.10611478684770542
2026-01-28 04:30:00+00:00,0.1159079438956191
2026-01-28 04:45:00+00:00,0.1123934048871808
2026-01-28 05:00:00+00:00,0.09809826201221505
2026-01-28 05:15:00+00:00,0.11010995556413561
2026-01-28 05:30:00+00:00,0.12189280404615241
2026-01-28 05:45:00+00:00,0.13729822322146767
2026-01-28 06:00:00+00:00,0.13905506539824722
2026-01-28 06:15:00+00:00,0.14992056687375518
2026-01-28 06:30:00+00:00,0.14523826627929362
2026-01-28 06:45:00+00:00,0.17005459145203505
2026-01-28 07:00:00+00:00,0.16230762795959497
2026-01-28 07:15:00+00:00,0.15959912089826428
2026-01-28 07:30:00+00:00,0.1882236997012519
2026-01-28 07:45:00+00:00,0.19037903272539028
2026-01-28 08:00:00+00:00,0.17794955978871516
2026-01-28 08:15:00+00:00,0.1750250703260076
2026-01-28 08:30:00+00:00,0.17074575545140763
2026-01-28 08:45:00+00:00,0.16923184795267585
2026-01-28 09:00:00+00:00,0.19031292265631208
2026-01-28 09:15:00+00:00,0.17785308673442884
2026-01-28 09:30:00+00:00,0.1863695737457638
2026-01-28 09:45:00+00:00,0.16756543152234885
2026-01-28 10:00:00+00:00,0.17287635591265024
2026-01-28 10:15:00+00:00,0.17376310580767482
2026-01-28 10:30:00+00:00,0.1552747609647246
2026-01-28 10:45:00+00:00,0.16801927049946808
2026-01-28 11:00:00+00:00,0.18084306349733112
2026-01-28 11:15:00+00:00,0.15615954104607627
2026-01-28 11:30:00+00:00,0.14579366071380914
2026-01-28 11:45:00+00:00,0.14646911111406938
2026-01-28 12:00:00+00:00,0.1420936696265761
2026-01-28 12:15:00+00:00,0.14759238091872295
2026-01-28 12:30:00+00:00,0.14139491901409973
2026-01-28 12:45:00+00:00,0.12406432980821357
2026-01-28 13:00:00+00:00,0.14575618333949603
2026-01-28 13:15:00+00:00,0.15104277173786648
2026-01-28 13:30:00+00:00,0.1344424381985308
2026-01-28 13:45:00+00:00,0.16419283923641767
2026-01-28 14:00:00+00:00,0.14834792088527596
2026-01-28 14:15:00+00:00,0.1466358058562406
2026-01-28 14:30:00+00:00,0.13303165446147863
2026-01-28 14:45:00+00:00,0.15391525227066616
2026-01-28 15:00:00+00:00,0.12954066099604689
2026-01-28 15:15:00+00:00,0.15205247500836508
2026-01-28 15:30:00+00:00,0.14981839339793532
2026-01-28 15:45:00+00:00,0.16233251219984784
2026-01-28 16:00:00+00:00,0.13825405394375148
2026-01-28 16:15:00+00:00,0.15944930157723394
2026-01-28 16:30:00+00:00,0.17446228218253385
2026-01-28 16:45:00+00:00,0.160506519957758
2026-01-28 17:00:00+00:00,0.1781920629209912
2026-01-28 17:15:00+00:00,0.15782862193539757
2026-01-28 17:30:00+00:00,0.17688174212666669
2026-01-28 17:45:00+00:00,0.15591476685231492
2026-01-28 18:00:00+00:00,0.17525299937679523
2026-01-28 18:15:00+00:00,0.17305630933646002
2026-01-28 18:30:00+00:00,0.15423228181570425
2026-01-28 18:45:00+00:00,0.15299026567084725
2026-01-28 19:00:00+00:00,0.14775442263333555
2026-01-28 19:15:00+00:00,0.13175158143807264
2026-01-28 19:30:00+00:00,0.1238144531592379
2026-01-28 19:45:00+00:00,0.10124374308327422
2026-01-28 20:00:00+00:00,0.13549650047299694
2026-01-28 20:15:00+00:00,0.10540197228637946
2026-01-28 20:30:00+00:00,0.11403344199441308
2026-01-28 20:45:00+00:00,0.1072755178391775
2026-01-28 21:00:00+00:00,0.13022142775438195
2026-01-28 21:15:00+00:00,0.11238954500510136
2026-01-28 21:30:00+00:00,0.11454552213652909
2026-01-28 21:45:00+00:00,0.11863870704288296
2026-01-28 22:00:00+00:00,0.12258058029084118
2026-01-28 22:15:00+00:00,0.11370155957182779
2026-01-28 22:30:00+00:00,0.11474267589808526
2026-01-28 22:45:00+00:00,0.08865427876792895
2026-01-28 23:00:00+00:00,0.11545788679986982
2026-01-28 23:15:00+00:00,0.11070468794013603
2026-01-28 23:30:00+00:00,0.09365316871423503
2026-01-28 23:45:00+00:00,0.09946919526325798
2026-01-29 00:00:00+00:00,0.1054069271237237
2026-01-29 00:15:00+00:00,0.10268503215598267
2026-01-29 00:30:00+00:00,0.10707859966568535
2026-01-29 00:45:00+00:00,0.11674366781831183
2026-01-29 01:00:00+00:00,0.11382766727672829
2026-01-29 01:15:00+00:00,0.13947780806568594
2026-01-29 01:30:00+00:00,0.10790069990306049
2026-01-29 01:45:00+00:00,0.1135193331953541
2026-01-29 02:00:00+00:00,0.10389808520689202
2026-01-29 02:15:00+00:00,0.11090980425185967
2026-01-29 02:30:00+00:00,0.12010270445700766
2026-01-29 02:45:00+00:00,0.11031709546106981
2026-01-29 03:00:00+00:00,0.10197308595641728
2026-01-29 03:15:00+00:00,0.11074088474084753
2026-01-29 03:30:00+00:00,0.1019788783309689
2026-01-29 03:45:00+00:00,0.10366903043284954
2026-01-29 04:00:00+00:00,0.09784585764286267
2026-01-29 04:15:00+00:00,0.11845413358832108
2026-01-29 04:30:00+00:00,0.09933571334057999
2026-01-29 04:45:00+00:00,0.12217367724678116
2026-01-29 05:00:00+00:00,0.10884864123740372
2026-01-29 05:15:00+00:00,0.1447469382519806
2026-01-29 05:30:00+00:00,0.12202649292991422
2026-01-29 05:45:00+00:00,0.11253973492348375
2026-01-29 06:00:00+00:00,0.13315508016831037
2026-01-29 06:15:00+00:00,0.1546923148298899
2026-01-29 06:30:00+00:00,0.15543644044347946
2026-01-29 06:45:00+00:00,0.16551547695955585
2026-01-29 07:00:00+00:00,0.18312157433750287
2026-01-29 07:15:00+00:00,0.16056253295738063
2026-01-29 07:30:00+00:00,0.156660924129434
2026-01-29 07:45:00+00:00,0.181096634024626
2026-01-29 08:00:00+00:00,0.19269587190530796
2026-01-29 08:15:00+00:00,0.16624695671847847
2026-01-29 08:30:00+00:00,0.17844463035408356
2026-01-29 08:45:00+00:00,0.17794475915530883
2026-01-29 09:00:00+00:00,0.16091515767461614
2026-01-29 09:15:00+00:00,0.1588669416463213
2026-01-29 09:30:00+00:00,0.17034874513154735
2026-01-29 09:45:00+00:00,0.16945014278708512
2026-01-29 10:00:00+00:00,0.16511880860174355
2026-01-29 10:15:00+00:00,0.14552185646497948
2026-01-29 10:30:00+00:00,0.17104061111699442
2026-01-29 10:45:00+00:00,0.14088029102188035
2026-01-29 11:00:00+00:00,0.14423862218828548
2026-01-29 11:15:00+00:00,0.14733337834489624
2026-01-29 11:30:00+00:00,0.15711160420714773
2026-01-29 11:45:00+00:00,0.19760975976552225
2026-01-29 12:00:00+00:00,0.15302865500361912
2026-01-29 12:15:00+00:00,0.14587288530118106
2026-01-29 12:30:00+00:00,0.14072514668643465
2026-01-29 12:45:00+00:00,0.14643139514518508
2026-01-29 13:00:00+00:00,0.11547439922305697
2026-01-29 13:15:00+00:00,0.13841392540930203
2026-01-29 13:30:00+00:00,0.1462732193491678
2026-01-29 13:45:00+00:00,0.13444985916380495
2026-01-29 14:00:00+00:00,0.1471732331781156
2026-01-29 14:15:00+00:00,0.1433052877901388
2026-01-29 14:30:00+00:00,0.1658047569831549
2026-01-29 14:45:00+00:00,0.16927019725214856
2026-01-29 15:00:00+00:00,0.14081194430881835
2026-01-29 15:15:00+00:00,0.14970162288433306
2026-01-29 15:30:00+00:00,0.15233052434391608
2026-01-29 15:45:00+00:00,0.15814340523840378
2026-01-29 16:00:00+00:00,0.15761024984028127
2026-01-29 16:15:00+00:00,0.1516271793111241
2026-01-29 16:30:00+00:00,0.15051384665062473
2026-01-29 16:45:00+00:00,0.2174471122390027
2026-01-29 17:00:00+00:00,0.1652352958422181
2026-01-29 17:15:00+00:00,0.14969684240340006
2026-01-29 17:30:00+00:00,0.16476355430762601
2026-01-29 17:45:00+00:00,0.1501542227083467
2026-01-29 18:00:00+00:00,0.1547716523803798
2026-01-29 18:15:00+00:00,0.16290344012612457
2026-01-29 18:30:00+00:00,0.15265387435296285
2026-01-29 18:45:00+00:00,0.14476740912141137
2026-01-29 19:00:00+00:00,0.13940570356112428
2026-01-29 19:15:00+00:00,0.12769533416571902
2026-01-29 19:30:00+00:00,0.11797140569119659
2026-01-29 19:45:00+00:00,0.10450421653459761
2026-01-29 20:00:00+00:00,0.12021225836884218
2026-01-29 20:15:00+00:00,0.09970381701136254
2026-01-29 20:30:00+00:00,0.10473846252857895
2026-01-29 20:45:00+00:00,0.1546112450663033
2026-01-29 21:00:00+00:00,0.1106482024750462
2026-01-29 21:15:00+00:00,0.1070950255412922
2026-01-29 21:30:00+00:00,0.15844235800139872
2026-01-29 21:45:00+00:00,0.11027441518086065
2026-01-29 22:00:00+00:00,0.11967517074132522
2026-01-29 22:15:00+00:00,0.09490234773151733
2026-01-29 22:30:00+00:00,0.09108799144610856
2026-01-29 22:45:00+00:00,0.08603955587756898
2026-01-29 23:00:00+00:00,0.12020797078805072
2026-01-29 23:15:00+00:00,0.11048078682183492
2026-01-29 23:30:00+00:00,0.09651003933802542
2026-01-29 23:45:00+00:00,0.08800883335750107
2026-01-30 00:00:00+00:00,0.10165879172525812
2026-01-30 00:15:00+00:00,0.10646426620113972
2026-01-30 00:30:00+00:00,0.10842029465835565
2026-01-30 00:45:00+00:00,0.09433576946891678
2026-01-30 01:00:00+00:00,0.10013002177856567
2026-01-30 01:15:00+00:00,0.09260301691152689
2026-01-30 01:30:00+00:00,0.09880560829625223
2026-01-30 01:45:00+00:00,0.13967571365809184
2026-01-30 02:00:00+00:00,0.10495127813241201
2026-01-30 02:15:00+00:00,0.07904133508065889
2026-01-30 02:30:00+00:00,0.09311370327547538
2026-01-30 02:45:00+00:00,0.09973107339191742
2026-01-30 03:00:00+00:00,0.09915834516322505
2026-01-30 03:15:00+00:00,0.12259033663980495
2026-01-30 03:30:00+00:00,0.10031800024567908
2026-01-30 03:45:00+00:00,0.1393594540315799
2026-01-30 04:00:00+00:00,0.09334535752910926
2026-01-30 04:15:00+00:00,0.07563753666533549
2026-01-30 04:30:00+00:00,0.09293400250703239
2026-01-30 04:45:00+00:00,0.09533943942999241
2026-01-30 05:00:00+00:00,0.10856390275560161
2026-01-30 05:15:00+00:00,0.10294459725404465
2026-01-30 05:30:00+00:00,0.11554234084204752
2026-01-30 05:45:00+00:00,0.11358442158595597
2026-01-30 06:00:00+00:00,0.13602851351853332
2026-01-30 06:15:00+00:00,0.12924757233882087
2026-01-30 06:30:00+00:00,0.15264557043479202
2026-01-30 06:45:00+00:00,0.14983151762118269
2026-01-30 07:00:00+00:00,0.14668066727335388
2026-01-30 07:15:00+00:00,0.1536973314731752
2026-01-30 07:30:00+00:00,0.1492979729821625
2026-01-30 07:45:00+00:00,0.1185132742065439
2026-01-30 08:00:00+00:00,0.15020116605849243
2026-01-30 08:15:00+00:00,0.1575015797118432
2026-01-30 08:30:00+00:00,0.14499102816525894
2026-01-30 08:45:00+00:00,0.12656810153196424
2026-01-30 09:00:00+00:00,0.1444859554942253
2026-01-30 09:15:00+00:00,0.15340105516255492
2026-01-30 09:30:00+00:00,0.1394689171553472
2026-01-30 09:45:00+00:00,0.12152995990633968
2026-01-30 10:00:00+00:00,0.14358449277058086
2026-01-30 10:15:00+00:00,0.12161492979631948
2026-01-30 10:30:00+00:00,0.1090912841317328
2026-01-30 10:45:00+00:00,0.10967534011870446
2026-01-30 11:00:00+00:00,0.14263888768508198
2026-01-30 11:15:00+00:00,0.11506006918170696
2026-01-30 11:30:00+00:00,0.11288616020624982
2026-01-30 11:45:00+00:00,0.10969161803725119
2026-01-30 12:00:00+00:00,0.13315136589573007
2026-01-30 12:15:00+00:00,0.12726958915362063
2026-01-30 12:30:00+00:00,0.13042780233448134
2026-01-30 12:45:00+00:00,0.1066095478959995
2026-01-30 13:00:00+00:00,0.11289624488747095
2026-01-30 13:15:00+00:00,0.0942135745057921
2026-01-30 13:30:00+00:00,0.12583934426118273
2026-01-30 13:45:00+00:00,0.09920220448732066
2026-01-30 14:00:00+00:00,0.1101977556376263
2026-01-30 14:15:00+00:00,0.09832697472367155
2026-01-30 14:30:00+00:00,0.10534133173261304
2026-01-30 14:45:00+00:00,0.107847375689503
2026-01-30 15:00:00+00:00,0.10427124739324183
2026-01-30 15:15:00+00:00,0.10776877296851022
2026-01-30 15:30:00+00:00,0.11172731205074922
2026-01-30 15:45:00+00:00,0.17736333911780305
2026-01-30 16:00:00+00:00,0.10759137206937479
2026-01-30 16:15:00+00:00,0.12620541427013868
2026-01-30 16:30:00+00:00,0.14177959152305558
2026-01-30 16:45:00+00:00,0.12186803635486604
2026-01-30 17:00:00+00:00,0.12225081109252398
2026-01-30 17:15:00+00:00,0.1202547537481975
2026-01-30 17:30:00+00:00,0.1353572520836071
2026-01-30 17:45:00+00:00,0.11794107630953359
2026-01-30 18:00:00+00:00,0.11198785705392401
2026-01-30 18:15:00+00:00,0.11688876651188039
2026-01-30 18:30:00+00:00,0.10147707850163577
2026-01-30 18:45:00+00:00,0.11731359510442949
2026-01-30 19:00:00+00:00,0.16784607307701768
2026-01-30 19:15:00+00:00,0.10558191528861116
2026-01-30 19:30:00+00:00,0.0978841420155277
2026-01-30 19:45:00+00:00,0.09683319077716543
2026-01-30 20:00:00+00:00,0.11311817336345911
2026-01-30 20:15:00+00:00,0.11727980502489062
2026-01-30 20:30:00+00:00,0.09218692252971204
2026-01-30 20:45:00+00:00,0.09999386703551484
2026-01-30 21:00:00+00:00,0.0844497298139793
2026-01-30 21:15:00+00:00,0.145303822693428
2026-01-30 21:30:00+00:00,0.10036941067129099
2026-01-30 21:45:00+00:00,0.08811316583018167
2026-01-30 22:00:00+00:00,0.08641493625210404
2026-01-30 22:15:00+00:00,0.08609220443531114
2026-01-30 22:30:00+00:00,0.09559192728326374
2026-01-30 22:45:00+00:00,0.08768670981593625
2026-01-30 23:00:00+00:00,0.08626768766675028
2026-01-30 23:15:00+00:00,0.07550299847364934
2026-01-30 23:30:00+00:00,0.08604134822142824
2026-01-30 23:45:00+00:00,0.09491686586053552
2026-01-31 00:00:00+00:00,0.07193495157274765
2026-01-31 00:15:00+00:00,0.0907526982384837
2026-01-31 00:30:00+00:00,0.09357752143482578
2026-01-31 00:45:00+00:00,0.10939337778208448
2026-01-31 01:00:00+00:00,0.08886978188287135
2026-01-31 01:15:00+00:00,0.09378988984740928
2026-01-31 01:30:00+00:00,0.10019257140087463
2026-01-31 01:45:00+00:00,0.07526433520192799
2026-01-31 02:00:00+00:00,0.10163207216631738
2026-01-31 02:15:00+00:00,0.09630396505456287
2026-01-31 02:30:00+00:00,0.0989226863967459
2026-01-31 02:45:00+00:00,0.13364237706436327
2026-01-31 03:00:00+00:00,0.07203887060501413
2026-01-31 03:15:00+00:00,0.11059696649761108
2026-01-31 03:30:00+00:00,0.09055552480599645
2026-01-31 03:45:00+00:00,0.09651328904403009
2026-01-31 04:00:00+00:00,0.09316487754698757
2026-01-31 04:15:00+00:00,0.13974763666601958
2026-01-31 04:30:00+00:00,0.08833167071761241
2026-01-31 04:45:00+00:00,0.09788508735573008
2026-01-31 05:00:00+00:00,0.0769782630332832
2026-01-31 05:15:00+00:00,0.10030579167521765
2026-01-31 05:30:00+00:00,0.14045805595114746
2026-01-31 05:45:00+00:00,0.08292930660959641
2026-01-31 06:00:00+00:00,0.08893987142004185
2026-01-31 06:15:00+00:00,0.10721149216862573
2026-01-31 06:30:00+00:00,0.08625664912983777
2026-01-31 06:45:00+00:00,0.0955045361820962
2026-01-31 07:00:00+00:00,0.09365043724284526
2026-01-31 07:15:00+00:00,0.11124921849923619
2026-01-31 07:30:00+00:00,0.11210507738790204
2026-01-31 07:45:00+00:00,0.17442608833296414
2026-01-31 08:00:00+00:00,0.10521436054500784
2026-01-31 08:15:00+00:00,0.11454654804757906
2026-01-31 08:30:00+00:00,0.11233067539538945
2026-01-31 08:45:00+00:00,0.12302871781863015
2026-01-31 09:00:00+00:00,0.11267167612391268
2026-01-31 09:15:00+00:00,0.12232005312877281
2026-01-31 09:30:00+00:00,0.11189302703883318
2026-01-31 09:45:00+00:00,0.10764811822891501
2026-01-31 10:00:00+00:00,0.11970752484448373
2026-01-31 10:15:00+00:00,0.11514240396426677
2026-01-31 10:30:00+00:00,0.11201770956878042
2026-01-31 10:45:00+00:00,0.11143713183170526
2026-01-31 11:00:00+00:00,0.13120118057562183
2026-01-31 11:15:00+00:00,0.11927449685615218
2026-01-31 11:30:00+00:00,0.11963154592496897
2026-01-31 11:45:00+00:00,0.10477460473976129
2026-01-31 12:00:00+00:00,0.10059759171771676
2026-01-31 12:15:00+00:00,0.11710300558237753
2026-01-31 12:30:00+00:00,0.11541046792529794
2026-01-31 12:45:00+00:00,0.12059670675750983
2026-01-31 13:00:00+00:00,0.10302019374030771
2026-01-31 13:15:00+00:00,0.10621451344639653
2026-01-31 13:30:00+00:00,0.09536515837474566
2026-01-31 13:45:00+00:00,0.15796528893939127
2026-01-31 14:00:00+00:00,0.11755570510579448
2026-01-31 14:15:00+00:00,0.10742504620771802
2026-01-31 14:30:00+00:00,0.12085479795200824
2026-01-31 14:45:00+00:00,0.1166349689400219
2026-01-31 15:00:00+00:00,0.1083105702822156
2026-01-31 15:15:00+00:00,0.10779308610184332
2026-01-31 15:30:00+00:00,0.124572094496339
2026-01-31 15:45:00+00:00,0.09945864029099277
2026-01-31 16:00:00+00:00,0.12763103841838017
2026-01-31 16:15:00+00:00,0.1140752675628486
2026-01-31 16:30:00+00:00,0.14958994516546817
2026-01-31 16:45:00+00:00,0.1487840735276451
2026-01-31 17:00:00+00:00,0.1443867098196608
2026-01-31 17:15:00+00:00,0.1552900622715938
2026-01-31 17:30:00+00:00,0.12917083479175162
2026-01-31 17:45:00+00:00,0.15116363197915558
2026-01-31 18:00:00+00:00,0.15141191564260384
2026-01-31 18:15:00+00:00,0.13235444712781055
2026-01-31 18:30:00+00:00,0.14229620147182945
2026-01-31 18:45:00+00:00,0.11698706487588366
2026-01-31 19:00:00+00:00,0.12587485838472326
2026-01-31 19:15:00+00:00,0.122964102767603
2026-01-31 19:30:00+00:00,0.11978022291935983
2026-01-31 19:45:00+00:00,0.10377442357239747
2026-01-31 20:00:00+00:00,0.13381083067095323
2026-01-31 20:15:00+00:00,0.11320145599630169
2026-01-31 20:30:00+00:00,0.1163450496835688
2026-01-31 20:45:00+00:00,0.10093648633586319
2026-01-31 21:00:00+00:00,0.10220396699451484
2026-01-31 21:15:00+00:00,0.11635057358391422
2026-01-31 21:30:00+00:00,0.09657745024580222
2026-01-31 21:45:00+00:00,0.10613365953914532
2026-01-31 22:00:00+00:00,0.09611684961167188
2026-01-31 22:15:00+00:00,0.1288627599923081
2026-01-31 22:30:00+00:00,0.11339362722174721
2026-01-31 22:45:00+00:00,0.1015875379127148
2026-01-31 23:00:00+00:00,0.1126370667765467
2026-01-31 23:15:00+00:00,0.08667684022534264
2026-01-31 23:30:00+00:00,0.10044479378670093
2026-01-31 23:45:00+00:00,0.09620810433718714
2026-02-01 00:00:00+00:00,0.0972702008133367
2026-02-01 00:15:00+00:00,0.10704353500106768
2026-02-01 00:30:00+00:00,0.10147492102779802
2026-02-01 00:45:00+00:00,0.09581723662825023
2026-02-01 01:00:00+00:00,0.08181112563771704
2026-02-01 01:15:00+00:00,0.08908953704720536
2026-02-01 01:30:00+00:00,0.09786291066404276
2026-02-01 01:45:00+00:00,0.09840372374276651
2026-02-01 02:00:00+00:00,0.08208796275326076
2026-02-01 02:15:00+00:00,0.1208867667557842
2026-02-01 02:30:00+00:00,0.11049394055253572
2026-02-01 02:45:00+00:00,0.10476118320392483
2026-02-01 03:00:00+00:00,0.09957036861283744
2026-02-01 03:15:00+00:00,0.09656791030098848
2026-02-01 03:30:00+00:00,0.08848081539977765
2026-02-01 03:45:00+00:00,0.09848480518518864
2026-02-01 04:00:00+00:00,0.10028752540142752
2026-02-01 04:15:00+00:00,0.08299239424518375
2026-02-01 04:30:00+00:00,0.10323176417244898
2026-02-01 04:45:00+00:00,0.0983274095117525
2026-02-01 05:00:00+00:00,0.07539192442122608
2026-02-01 05:15:00+00:00,0.13807614989220499
2026-02-01 05:30:00+00:00,0.09132394466578356
2026-02-01 05:45:00+00:00,0.1163268765734019
2026-02-01 06:00:00+00:00,0.10240553124533758
2026-02-01 06:15:00+00:00,0.08320518430900109
2026-02-01 06:30:00+00:00,0.10620036289417636
2026-02-01 06:45:00+00:00,0.08778696011061635
2026-02-01 07:00:00+00:00,0.11377691053887073
2026-02-01 07:15:00+00:00,0.10005875348182122
2026-02-01 07:30:00+00:00,0.1062936381126083
2026-02-01 07:45:00+00:00,0.1193279664754219
2026-02-01 08:00:00+00:00,0.0972883643141575
2026-02-01 08:15:00+00:00,0.09532881814887008
2026-02-01 08:30:00+00:00,0.10273400673653996
2026-02-01 08:45:00+00:00,0.11929378851019318
2026-02-01 09:00:00+00:00,0.09887653924523158
2026-02-01 09:15:00+00:00,0.08139844401889432
2026-02-01 09:30:00+00:00,0.10443841141591002
2026-02-01 09:45:00+00:00,0.1121574079991092
2026-02-01 10:00:00+00:00,0.1206626174973883
2026-02-01 10:15:00+00:00,0.10348838637914601
2026-02-01 10:30:00+00:00,0.10398573392883997
2026-02-01 10:45:00+00:00,0.11928900734255747
2026-02-01 11:00:00+00:00,0.09146258300304579
2026-02-01 11:15:00+00:00,0.1023847922481699
2026-02-01 11:30:00+00:00,0.10946423889925058
2026-02-01 11:45:00+00:00,0.10900218721285035
2026-02-01 12:00:00+00:00,0.09771193306809117
2026-02-01 12:15:00+00:00,0.10027441011705841
2026-02-01 12:30:00+00:00,0.07452672646587011
2026-02-01 12:45:00+00:00,0.09281751587666152
2026-02-01 13:00:00+00:00,0.10458508712554468
2026-02-01 13:15:00+00:00,0.0912070596574532
2026-02-01 13:30:00+00:00,0.10400984221589597
2026-02-01 13:45:00+00:00,0.10890872500802698
2026-02-01 14:00:00+00:00,0.09983450799142235
2026-02-01 14:15:00+00:00,0.1090646377099657
2026-02-01 14:30:00+00:00,0.10187267434715389
2026-02-01 14:45:00+00:00,0.11164388720303954
2026-02-01 15:00:00+00:00,0.11245216169589223
2026-02-01 15:15:00+00:00,0.11388972960968434
2026-02-01 15:30:00+00:00,0.10913468730436066
2026-02-01 15:45:00+00:00,0.12724216404290792
2026-02-01 16:00:00+00:00,0.13087609790636617
2026-02-01 16:15:00+00:00,0.10573058721422524
2026-02-01 16:30:00+00:00,0.14360074064955897
2026-02-01 16:45:00+00:00,0.13261745261318927
2026-02-01 17:00:00+00:00,0.1374948993324023
2026-02-01 17:15:00+00:00,0.1457824692364523
2026-02-01 17:30:00+00:00,0.12824326302769534
2026-02-01 17:45:00+00:00,0.18126558997572456
2026-02-01 18:00:00+00:00,0.13811451304124295
2026-02-01 18:15:00+00:00,0.12838246478875573
2026-02-01 18:30:00+00:00,0.1548593657583681
2026-02-01 18:45:00+00:00,0.12626227906173207
2026-02-01 19:00:00+00:00,0.12544453220513133
2026-02-01 19:15:00+00:00,0.13404389031602978
2026-02-01 19:30:00+00:00,0.11171850473923911
2026-02-01 19:45:00+00:00,0.11167319288243736
2026-02-01 20:00:00+00:00,0.12532453261250176
2026-02-01 20:15:00+00:00,0.1652313959561749
2026-02-01 20:30:00+00:00,0.11102613141100053
2026-02-01 20:45:00+00:00,0.0974666788755163
2026-02-01 21:00:00+00:00,0.10237529690819233
2026-02-01 21:15:00+00:00,0.11670593211339238
2026-02-01 21:30:00+00:00,0.13303933071647242
2026-02-01 21:45:00+00:00,0.10922401630783438
2026-02-01 22:00:00+00:00,0.11613264117247549
2026-02-01 22:15:00+00:00,0.11309722755116859
2026-02-01 22:30:00+00:00,0.09374669503453302
2026-02-01 22:45:00+00:00,0.11674514658129606
2026-02-01 23:00:00+00:00,0.10243328796422801
2026-02-01 23:15:00+00:00,0.1182285689908911
2026-02-01 23:30:00+00:00,0.0927096700447601
2026-02-01 23:45:00+00:00,0.11419061922557824
2026-02-02 00:00:00+00:00,0.10716155494034783
2026-02-02 00:15:00+00:00,0.10053040085852359
2026-02-02 00:30:00+00:00,0.15196024454353146
2026-02-02 00:45:00+00:00,0.09545471381925551
2026-02-02 01:00:00+00:00,0.15859531658473874
2026-02-02 01:15:00+00:00,0.09660359869848048
2026-02-02 01:30:00+00:00,0.07460930296412849
2026-02-02 01:45:00+00:00,0.08312813538292997
2026-02-02 02:00:00+00:00,0.09115154247807253
2026-02-02 02:15:00+00:00,0.09361998983165555
2026-02-02 02:30:00+00:00,0.08984411511100104
2026-02-02 02:45:00+00:00,0.10224970789793664
2026-02-02 03:00:00+00:00,0.07148898135961375
2026-02-02 03:15:00+00:00,0.0930658793650516
2026-02-02 03:30:00+00:00,0.07387020774612846
2026-02-02 03:45:00+00:00,0.09984712295484169
2026-02-02 04:00:00+00:00,0.09370541285557997
2026-02-02 04:15:00+00:00,0.09476609972024118
2026-02-02 04:30:00+00:00,0.08721117039410234
2026-02-02 04:45:00+00:00,0.11061464931657751
2026-02-02 05:00:00+00:00,0.10019724664058852
2026-02-02 05:15:00+00:00,0.10914544303011887
2026-02-02 05:30:00+00:00,0.1115248275313656
2026-02-02 05:45:00+00:00,0.12618857285295132
2026-02-02 06:00:00+00:00,0.1059010743201265
2026-02-02 06:15:00+00:00,0.1257455565902071
2026-02-02 06:30:00+00:00,0.1476848089432392
2026-02-02 06:45:00+00:00,0.14089610559979188
2026-02-02 07:00:00+00:00,0.12476397530192591
2026-02-02 07:15:00+00:00,0.14262417317273102
2026-02-02 07:30:00+00:00,0.12689858456241354
2026-02-02 07:45:00+00:00,0.14229390311175674
2026-02-02 08:00:00+00:00,0.15863603412862537
2026-02-02 08:15:00+00:00,0.12400183660467835
2026-02-02 08:30:00+00:00,0.12441216156087637
2026-02-02 08:45:00+00:00,0.12492861103256234
2026-02-02 09:00:00+00:00,0.1292514025285917
2026-02-02 09:15:00+00:00,0.11656523064581194
2026-02-02 09:30:00+00:00,0.12703978729352183
2026-02-02 09:45:00+00:00,0.11660473608940512
2026-02-02 10:00:00+00:00,0.1228873086802148
2026-02-02 10:15:00+00:00,0.10869208499841637
2026-02-02 10:30:00+00:00,0.12049707126416563
2026-02-02 10:45:00+00:00,0.12413407113088296
2026-02-02 11:00:00+00:00,0.10785438516153463
2026-02-02 11:15:00+00:00,0.1013783308284518
2026-02-02 11:30:00+00:00,0.11406207665411996
2026-02-02 11:45:00+00:00,0.10392970620253013
2026-02-02 12:00:00+00:00,0.10380602799336766
2026-02-02 12:15:00+00:00,0.11149653151724671
2026-02-02 12:30:00+00:00,0.08434643912492708
2026-02-02 12:45:00+00:00,0.11644302324852669
2026-02-02 13:00:00+00:00,0.10221680524329341
2026-02-02 13:15:00+00:00,0.0978650685543782
2026-02-02 13:30:00+00:00,0.15255765845778552
2026-02-02 13:45:00+00:00,0.10431429355020519
2026-02-02 14:00:00+00:00,0.08411798696555076
2026-02-02 14:15:00+00:00,0.11839938227453237
2026-02-02 14:30:00+00:00,0.15516325632270617
2026-02-02 14:45:00+00:00,0.11511002130447376
2026-02-02 15:00:00+00:00,0.11131549770574042
2026-02-02 15:15:00+00:00,0.09708837542439701
2026-02-02 15:30:00+00:00,0.11710471899035228
2026-02-02 15:45:00+00:00,0.11496358909101206
2026-02-02 16:00:00+00:00,0.11740770775216493
2026-02-02 16:15:00+00:00,0.09629772579648505
2026-02-02 16:30:00+00:00,0.17454905699758733
2026-02-02 16:45:00+00:00,0.11471179344216038
2026-02-02 17:00:00+00:00,0.12773262950634157
2026-02-02 17:15:00+00:00,0.12240044187368201
2026-02-02 17:30:00+00:00,0.11175374105177974
2026-02-02 17:45:00+00:00,0.10880826135823957
2026-02-02 18:00:00+00:00,0.10484334631442671
2026-02-02 18:15:00+00:00,0.09638357772684791
2026-02-02 18:30:00+00:00,0.11449983695452126
2026-02-02 18:45:00+00:00,0.09892792799552554
2026-02-02 19:00:00+00:00,0.07616011780678358
2026-02-02 19:15:00+00:00,0.09970177943378195
2026-02-02 19:30:00+00:00,0.09054456179156029
2026-02-02 19:45:00+00:00,0.08309724184539055
2026-02-02 20:00:00+00:00,0.09474573361777427
2026-02-02 20:15:00+00:00,0.1050740847183297
2026-02-02 20:30:00+00:00,0.11328640828248232
2026-02-02 20:45:00+00:00,0.10009184473864981
2026-02-02 21:00:00+00:00,0.0978349661178426
2026-02-02 21:15:00+00:00,0.10577904195170704
2026-02-02 21:30:00+00:00,0.09626909689781009
2026-02-02 21:45:00+00:00,0.09198399630836857
2026-02-02 22:00:00+00:00,0.08701637331767015
2026-02-02 22:15:00+00:00,0.0734417119324828
2026-02-02 22:30:00+00:00,0.08651076293440554
2026-02-02 22:45:00+00:00,0.13719053489920133
2026-02-02 23:00:00+00:00,0.0964437632998511
2026-02-02 23:15:00+00:00,0.08872033072052642
2026-02-02 23:30:00+00:00,0.07961253939303219
2026-02-02 23:45:00+00:00,0.0935924619168497
2026-02-03 00:00:00+00:00,0.07866868080053416
2026-02-03 00:15:00+00:00,0.09738027913843476
2026-02-03 00:30:00+00:00,0.07846782981073275
2026-02-03 00:45:00+00:00,0.07998564762646966
2026-02-03 01:00:00+00:00,0.07441214809384324
2026-02-03 01:15:00+00:00,0.07999597853114364
2026-02-03 01:30:00+00:00,0.0923031245847798
2026-02-03 01:45:00+00:00,0.08454628088443956
2026-02-03 02:00:00+00:00,0.09258422112028035
2026-02-03 02:15:00+00:00,0.08538142545933936
2026-02-03 02:30:00+00:00,0.0683333017146963
2026-02-03 02:45:00+00:00,0.07411210775672443
2026-02-03 03:00:00+00:00,0.06886800870882537
2026-02-03 03:15:00+00:00,0.08932574904039041
2026-02-03 03:30:00+00:00,0.0644421135357369
2026-02-03 03:45:00+00:00,0.08719697689389111
2026-02-03 04:00:00+00:00,0.08721953870108769
2026-02-03 04:15:00+00:00,0.09637620201716086
2026-02-03 04:30:00+00:00,0.07817313407370502
2026-02-03 04:45:00+00:00,0.09712322159580161
2026-02-03 05:00:00+00:00,0.10684651836538842
2026-02-03 05:15:00+00:00,0.08093358323066305
2026-02-03 05:30:00+00:00,0.0772295975246764
2026-02-03 05:45:00+00:00,0.08211989966092235
2026-02-03 06:00:00+00:00,0.09962712028861331
2026-02-03 06:15:00+00:00,0.07817849791941416
2026-02-03 06:30:00+00:00,0.09553680947062078
2026-02-03 06:45:00+00:00,0.1063731318703896
2026-02-03 07:00:00+00:00,0.10588175536829914
2026-02-03 07:15:00+00:00,0.11126444864184172
2026-02-03 07:30:00+00:00,0.11137289855800854
2026-02-03 07:45:00+00:00,0.11768865813313392
2026-02-03 08:00:00+00:00,0.10892683619261204
2026-02-03 08:15:00+00:00,0.10339004861541468
2026-02-03 08:30:00+00:00,0.09859340554729176
2026-02-03 08:45:00+00:00,0.1062719181186261
2026-02-03 09:00:00+00:00,0.11492398588395064
2026-02-03 09:15:00+00:00,0.10452225319318509
2026-02-03 09:30:00+00:00,0.11043493666889927
2026-02-03 09:45:00+00:00,0.0834495913262362
2026-02-03 10:00:00+00:00,0.11374224111551137
2026-02-03 10:15:00+00:00,0.10833238621712259
2026-02-03 10:30:00+00:00,0.09675621997245747
2026-02-03 10:45:00+00:00,0.1015679890877106
2026-02-03 11:00:00+00:00,0.07320376792322227
2026-02-03 11:15:00+00:00,0.08010551863737347
2026-02-03 11:30:00+00:00,0.07993696539318049
2026-02-03 11:45:00+00:00,0.09659479323757343
2026-02-03 12:00:00+00:00,0.07930859260397854
2026-02-03 12:15:00+00:00,0.09696495149337485
2026-02-03 12:30:00+00:00,0.10372536143996713
2026-02-03 12:45:00+00:00,0.09735202900083999
2026-02-03 13:00:00+00:00,0.089357510236615
2026-02-03 13:15:00+00:00,0.08214126659099251
2026-02-03 13:30:00+00:00,0.08722149033874635
2026-02-03 13:45:00+00:00,0.11087618905296666
2026-02-03 14:00:00+00:00,0.10088349003905334
2026-02-03 14:15:00+00:00,0.09949980480622457
2026-02-03 14:30:00+00:00,0.0980909045423411
2026-02-03 14:45:00+00:00,0.08613192126888623
2026-02-03 15:00:00+00:00,0.08779147581315562
2026-02-03 15:15:00+00:00,0.12251419087139724
2026-02-03 15:30:00+00:00,0.09424544428997533
2026-02-03 15:45:00+00:00,0.16940479821221083
2026-02-03 16:00:00+00:00,0.12302443973195198
2026-02-03 16:15:00+00:00,0.11241077331997708
2026-02-03 16:30:00+00:00,0.13442710474781083
2026-02-03 16:45:00+00:00,0.14197915537510655
2026-02-03 17:00:00+00:00,0.1256449932190725
2026-02-03 17:15:00+00:00,0.15423403055666768
2026-02-03 17:30:00+00:00,0.11020400741121805
2026-02-03 17:45:00+00:00,0.13801728529883878
2026-02-03 18:00:00+00:00,0.12265198262603536
2026-02-03 18:15:00+00:00,0.13206920154836677
2026-02-03 18:30:00+00:00,0.12837307151699245
2026-02-03 18:45:00+00:00,0.11288843802890003
2026-02-03 19:00:00+00:00,0.12100996392459341
2026-02-03 19:15:00+00:00,0.14732098548601713
2026-02-03 19:30:00+00:00,0.11687247500571393
2026-02-03 19:45:00+00:00,0.10912158465990525
2026-02-03 20:00:00+00:00,0.11442660168643103
2026-02-03 20:15:00+00:00,0.1154011832508715
2026-02-03 20:30:00+00:00,0.10554619840209711
2026-02-03 20:45:00+00:00,0.09992089419798277
2026-02-03 21:00:00+00:00,0.09704931663338708
2026-02-03 21:15:00+00:00,0.09433779236350949
2026-02-03 21:30:00+00:00,0.1120773462017733
2026-02-03 21:45:00+00:00,0.11041335405705978
2026-02-03 22:00:00+00:00,0.09573889563687946
2026-02-03 22:15:00+00:00,0.09779002747253274
2026-02-03 22:30:00+00:00,0.08583385625006235
2026-02-03 22:45:00+00:00,0.10064756845267445
2026-02-03 23:00:00+00:00,0.1034441682369178
2026-02-03 23:15:00+00:00,0.11263217436463749
2026-02-03 23:30:00+00:00,0.0858067692282026
2026-02-03 23:45:00+00:00,0.09162992100981782
2026-02-04 00:00:00+00:00,0.09596445922525572
2026-02-04 00:15:00+00:00,0.09925489537725771
2026-02-04 00:30:00+00:00,0.09059332362452367
2026-02-04 00:45:00+00:00,0.083230389095463
2026-02-04 01:00:00+00:00,0.10152407528923571
2026-02-04 01:15:00+00:00,0.09904135362545581
2026-02-04 01:30:00+00:00,0.08368725899436275
2026-02-04 01:45:00+00:00,0.10801442801105496
2026-02-04 02:00:00+00:00,0.10633198709196605
2026-02-04 02:15:00+00:00,0.09487296497247794
2026-02-04 02:30:00+00:00,0.09629597862376037
2026-02-04 02:45:00+00:00,0.10037057771115906
2026-02-04 03:00:00+00:00,0.08391296929743741
2026-02-04 03:15:00+00:00,0.09284031479164082
2026-02-04 03:30:00+00:00,0.1230361645539082
2026-02-04 03:45:00+00:00,0.10496455645502935
2026-02-04 04:00:00+00:00,0.07733506777558141
2026-02-04 04:15:00+00:00,0.11004419828428999
2026-02-04 04:30:00+00:00,0.0936787990603355
2026-02-04 04:45:00+00:00,0.09928333018068823
2026-02-04 05:00:00+00:00,0.09233266093915495
2026-02-04 05:15:00+00:00,0.09967961126077923
2026-02-04 05:30:00+00:00,0.12219531345148037
2026-02-04 05:45:00+00:00,0.08708191343464922
2026-02-04 06:00:00+00:00,0.12778965386088187
2026-02-04 06:15:00+00:00,0.12360023481101708
2026-02-04 06:30:00+00:00,0.11421978352142786
2026-02-04 06:45:00+00:00,0.11945687606950761
2026-02-04 07:00:00+00:00,0.15035393027208202
2026-02-04 07:15:00+00:00,0.1280349312005727
2026-02-04 07:30:00+00:00,0.11947649489404039
2026-02-04 07:45:00+00:00,0.13570314542364728
2026-02-04 08:00:00+00:00,0.18932552876285913
2026-02-04 08:15:00+00:00,0.11438074423463601
2026-02-04 08:30:00+00:00,0.1207962497540462
2026-02-04 08:45:00+00:00,0.10210247316359723
2026-02-04 09:00:00+00:00,0.13073821398422605
2026-02-04 09:15:00+00:00,0.12451370964873133
2026-02-04 09:30:00+00:00,0.11086006198821943
2026-02-04 09:45:00+00:00,0.10444661061247017
2026-02-04 10:00:00+00:00,0.12014188124867373
2026-02-04 10:15:00+00:00,0.10028686327388225
2026-02-04 10:30:00+00:00,0.08472125874579199
2026-02-04 10:45:00+00:00,0.1499647391283231
2026-02-04 11:00:00+00:00,0.11553047049537114
2026-02-04 11:15:00+00:00,0.08199240506814148
2026-02-04 11:30:00+00:00,0.08684537233306014
2026-02-04 11:45:00+00:00,0.09455446038101452
2026-02-04 12:00:00+00:00,0.0908609515099426
2026-02-04 12:15:00+00:00,0.08044696419622685
2026-02-04 12:30:00+00:00,0.1016185785623047
2026-02-04 12:45:00+00:00,0.1166604072201726
2026-02-04 13:00:00+00:00,0.09471131459023907
2026-02-04 13:15:00+00:00,0.13451931710264
2026-02-04 13:30:00+00:00,0.07992039474946525
2026-02-04 13:45:00+00:00,0.10516975981221181
2026-02-04 14:00:00+00:00,0.10627877343316258
2026-02-04 14:15:00+00:00,0.10531167746495382
2026-02-04 14:30:00+00:00,0.10663596159081147
2026-02-04 14:45:00+00:00,0.10314728348210693
2026-02-04 15:00:00+00:00,0.0947283636728191
2026-02-04 15:15:00+00:00,0.11775751326324882
2026-02-04 15:30:00+00:00,0.12598771621385585
2026-02-04 15:45:00+00:00,0.10937270213309266
2026-02-04 16:00:00+00:00,0.13379838978180686
2026-02-04 16:15:00+00:00,0.12987071220894003
2026-02-04 16:30:00+00:00,0.14242594645145792
2026-02-04 16:45:00+00:00,0.11458872251514886
2026-02-04 17:00:00+00:00,0.10572175844584561
2026-02-04 17:15:00+00:00,0.11554030690232703
2026-02-04 17:30:00+00:00,0.12171784426895195
2026-02-04 17:45:00+00:00,0.13302360822926962
2026-02-04 18:00:00+00:00,0.12363078913815131
2026-02-04 18:15:00+00:00,0.10285318723187967
2026-02-04 18:30:00+00:00,0.08971630792334108
2026-02-04 18:45:00+00:00,0.1085500057271915
2026-02-04 19:00:00+00:00,0.09424294574249285
2026-02-04 19:15:00+00:00,0.11251468554772322
2026-02-04 19:30:00+00:00,0.09073615350393491
2026-02-04 19:45:00+00:00,0.1573558207261785
2026-02-04 20:00:00+00:00,0.10600931290059279
2026-02-04 20:15:00+00:00,0.09392004510557542
2026-02-04 20:30:00+00:00,0.08776603628173874
2026-02-04 20:45:00+00:00,0.0881309212265392
2026-02-04 21:00:00+00:00,0.10252316692375237
2026-02-04 21:15:00+00:00,0.09617156496217717
2026-02-04 21:30:00+00:00,0.08777188591931295
2026-02-04 21:45:00+00:00,0.08628368589682368
2026-02-04 22:00:00+00:00,0.0931857702971915
2026-02-04 22:15:00+00:00,0.06669265905585188
2026-02-04 22:30:00+00:00,0.08967168114788698
2026-02-04 22:45:00+00:00,0.06996278775283193
2026-02-04 23:00:00+00:00,0.07857667596794254
2026-02-04 23:15:00+00:00,0.0736765565288929
2026-02-04 23:30:00+00:00,0.07231107502132109
2026-02-04 23:45:00+00:00,0.07674552496887711
2026-02-05 00:00:00+00:00,0.08269979042369509
2026-02-05 00:15:00+00:00,0.10842259137526568
2026-02-05 00:30:00+00:00,0.08335120324104796
2026-02-05 00:45:00+00:00,0.08823750106268032
2026-02-05 01:00:00+00:00,0.09106481386506328
2026-02-05 01:15:00+00:00,0.0884306518621585
2026-02-05 01:30:00+00:00,0.08739556539274006
2026-02-05 01:45:00+00:00,0.07542706236400755
2026-02-05 02:00:00+00:00,0.10109927548279211
2026-02-05 02:15:00+00:00,0.10627196643637885
2026-02-05 02:30:00+00:00,0.07135341305877313
2026-02-05 02:45:00+00:00,0.0779697140911362
2026-02-05 03:00:00+00:00,0.08464189657622995
2026-02-05 03:15:00+00:00,0.07934462205089808
2026-02-05 03:30:00+00:00,0.09522965553455866
2026-02-05 03:45:00+00:00,0.08437727797593388
2026-02-05 04:00:00+00:00,0.10995056067806602
2026-02-05 04:15:00+00:00,0.10246548594343596
2026-02-05 04:30:00+00:00,0.09438574030632214
2026-02-05 04:45:00+00:00,0.10518986263319732
2026-02-05 05:00:00+00:00,0.10438900424357309
2026-02-05 05:15:00+00:00,0.09935052511941757
2026-02-05 05:30:00+00:00,0.09683782755458034
2026-02-05 05:45:00+00:00,0.10884143062969648
2026-02-05 06:00:00+00:00,0.11176636124497945
2026-02-05 06:15:00+00:00,0.11144060398653417
2026-02-05 06:30:00+00:00,0.10286003517809003
2026-02-05 06:45:00+00:00,0.11342175556049158
2026-02-05 07:00:00+00:00,0.12188027136405623
2026-02-05 07:15:00+00:00,0.1245833439567417
2026-02-05 07:30:00+00:00,0.14737542176789808
2026-02-05 07:45:00+00:00,0.11199012057601002
2026-02-05 08:00:00+00:00,0.13271589241835874
2026-02-05 08:15:00+00:00,0.13787113108328292
2026-02-05 08:30:00+00:00,0.14234449745422795
2026-02-05 08:45:00+00:00,0.11176602576816039
2026-02-05 09:00:00+00:00,0.131924294527202
2026-02-05 09:15:00+00:00,0.1270676035719865
2026-02-05 09:30:00+00:00,0.11745481731553291
2026-02-05 09:45:00+00:00,0.10790154798760694
2026-02-05 10:00:00+00:00,0.18261975389500046
2026-02-05 10:15:00+00:00,0.09625753914780313
2026-02-05 10:30:00+00:00,0.12695069490062633
2026-02-05 10:45:00+00:00,0.11556177903661967
2026-02-05 11:00:00+00:00,0.10821525103221734
2026-02-05 11:15:00+00:00,0.12854862195719557
2026-02-05 11:30:00+00:00,0.10081065981209449
2026-02-05 11:45:00+00:00,0.10289924010934969
2026-02-05 12:00:00+00:00,0.12829553302204735
2026-02-05 12:15:00+00:00,0.10167938695150143
2026-02-05 12:30:00+00:00,0.10470884717063461
2026-02-05 12:45:00+00:00,0.1089697457656915
2026-02-05 13:00:00+00:00,0.11368734482129549
2026-02-05 13:15:00+00:00,0.11078802507353314
2026-02-05 13:30:00+00:00,0.09758374652847737
2026-02-05 13:45:00+00:00,0.1605883143687281
2026-02-05 14:00:00+00:00,0.10167645566787789
2026-02-05 14:15:00+00:00,0.11121778954776955
2026-02-05 14:30:00+00:00,0.1241284365862983
2026-02-05 14:45:00+00:00,0.13249205755887972
2026-02-05 15:00:00+00:00,0.10024988245951598
2026-02-05 15:15:00+00:00,0.13464940987560856
2026-02-05 15:30:00+00:00,0.13309568845996622
2026-02-05 15:45:00+00:00,0.14525532047593906
2026-02-05 16:00:00+00:00,0.1322619832729067
2026-02-05 16:15:00+00:00,0.1459432295773576
2026-02-05 16:30:00+00:00,0.15260545311450124
2026-02-05 16:45:00+00:00,0.16477225756202749
2026-02-05 17:00:00+00:00,0.1450425063601778
2026-02-05 17:15:00+00:00,0.13425084753557096
2026-02-05 17:30:00+00:00,0.1607043472044688
2026-02-05 17:45:00+00:00,0.14244037122279893
2026-02-05 18:00:00+00:00,0.14377744421004413
2026-02-05 18:15:00+00:00,0.12068695583461665
2026-02-05 18:30:00+00:00,0.16877692382536463
2026-02-05 18:45:00+00:00,0.13140715482141854
2026-02-05 19:00:00+00:00,0.13245521197768242
2026-02-05 19:15:00+00:00,0.11824877434991683
2026-02-05 19:30:00+00:00,0.1195498269961206
2026-02-05 19:45:00+00:00,0.17559626928043598
2026-02-05 20:00:00+00:00,0.12039402474550298
2026-02-05 20:15:00+00:00,0.09780991490247262
2026-02-05 20:30:00+00:00,0.10586491172857057
2026-02-05 20:45:00+00:00,0.09344033519147439
2026-02-05 21:00:00+00:00,0.10707300083591438
2026-02-05 21:15:00+00:00,0.10243384334370358
2026-02-05 21:30:00+00:00,0.09948354417395995
2026-02-05 21:45:00+00:00,0.08918864628026604
2026-02-05 22:00:00+00:00,0.1060534531848181
2026-02-05 22:15:00+00:00,0.0982939236315269
2026-02-05 22:30:00+00:00,0.06822551309997732
2026-02-05 22:45:00+00:00,0.11192972024501663
2026-02-05 23:00:00+00:00,0.11140769654216671
2026-02-05 23:15:00+00:00,0.09468699275075003
2026-02-05 23:30:00+00:00,0.09834819049740598
2026-02-05 23:45:00+00:00,0.08839345652682438
2026-02-06 00:00:00+00:00,0.11808722877810865
2026-02-06 00:15:00+00:00,0.11837288694773113
2026-02-06 00:30:00+00:00,0.09987693728246524
2026-02-06 00:45:00+00:00,0.10790530644185345
2026-02-06 01:00:00+00:00,0.10055286778933924
2026-02-06 01:15:00+00:00,0.08451274561124068
2026-02-06 01:30:00+00:00,0.09315176631036343
2026-02-06 01:45:00+00:00,0.09971927966771957
2026-02-06 02:00:00+00:00,0.09231452281256555
2026-02-06 02:15:00+00:00,0.09655346722564963
2026-02-06 02:30:00+00:00,0.14748600442490886
2026-02-06 02:45:00+00:00,0.09810121502134539
2026-02-06 03:00:00+00:00,0.09778258490497484
2026-02-06 03:15:00+00:00,0.088173949336034
2026-02-06 03:30:00+00:00,0.14180983850872064
2026-02-06 03:45:00+00:00,0.08710415734300031
2026-02-06 04:00:00+00:00,0.10913815549686201
2026-02-06 04:15:00+00:00,0.07944353058159676
2026-02-06 04:30:00+00:00,0.11285590343316924
2026-02-06 04:45:00+00:00,0.12201349397262842
2026-02-06 05:00:00+00:00,0.09606819413017378
2026-02-06 05:15:00+00:00,0.08363862912172701
2026-02-06 05:30:00+00:00,0.1127368943803271
2026-02-06 05:45:00+00:00,0.13593815838711182
2026-02-06 06:00:00+00:00,0.16676401780071087
2026-02-06 06:15:00+00:00,0.13166781606191758
2026-02-06 06:30:00+00:00,0.16329195198863353
2026-02-06 06:45:00+00:00,0.1528192716230174
2026-02-06 07:00:00+00:00,0.129424358856219
2026-02-06 07:15:00+00:00,0.12972400830404568
2026-02-06 07:30:00+00:00,0.1433298268239023
2026-02-06 07:45:00+00:00,0.14585543220649563
2026-02-06 08:00:00+00:00,0.15309199187363318
2026-02-06 08:15:00+00:00,0.1426368328743234
2026-02-06 08:30:00+00:00,0.14682499575361863
2026-02-06 08:45:00+00:00,0.1583315404006023
2026-02-06 09:00:00+00:00,0.15621501022444262
2026-02-06 09:15:00+00:00,0.14310911492669226
2026-02-06 09:30:00+00:00,0.13820849528946705
2026-02-06 09:45:00+00:00,0.13311326865820128
2026-02-06 10:00:00+00:00,0.15546640912452145
2026-02-06 10:15:00+00:00,0.13491686554048699
2026-02-06 10:30:00+00:00,0.13822222708999982
2026-02-06 10:45:00+00:00,0.13353197901881086
2026-02-06 11:00:00+00:00,0.13378215807188468
2026-02-06 11:15:00+00:00,0.12161534452115898
2026-02-06 11:30:00+00:00,0.13990974503617667
2026-02-06 11:45:00+00:00,0.13340996028144617
2026-02-06 12:00:00+00:00,0.14276240469436569
2026-02-06 12:15:00+00:00,0.13032399693560834
2026-02-06 12:30:00+00:00,0.1491682129881305
2026-02-06 12:45:00+00:00,0.12442226218788155
2026-02-06 13:00:00+00:00,0.14547040284017893
2026-02-06 13:15:00+00:00,0.11657363490171739
2026-02-06 13:30:00+00:00,0.1422477006455689
2026-02-06 13:45:00+00:00,0.19712430682526622
2026-02-06 14:00:00+00:00,0.12407442932059118
2026-02-06 14:15:00+00:00,0.14110393937861013
2026-02-06 14:30:00+00:00,0.15508518669760157
2026-02-06 14:45:00+00:00,0.12454181160645936
2026-02-06 15:00:00+00:00,0.13684744807490815
2026-02-06 15:15:00+00:00,0.10880729179669922
2026-02-06 15:30:00+00:00,0.12562335196476793
2026-02-06 15:45:00+00:00,0.15130166364900943
2026-02-06 16:00:00+00:00,0.12234217966607945
2026-02-06 16:15:00+00:00,0.12430120035591027
2026-02-06 16:30:00+00:00,0.1392906227101532
2026-02-06 16:45:00+00:00,0.16395906338163552
2026-02-06 17:00:00+00:00,0.12187317752793975
2026-02-06 17:15:00+00:00,0.12710690088360654
2026-02-06 17:30:00+00:00,0.14092431683179626
2026-02-06 17:45:00+00:00,0.14357702343537732
2026-02-06 18:00:00+00:00,0.13622568775709715
2026-02-06 18:15:00+00:00,0.11233947297473357
2026-02-06 18:30:00+00:00,0.1465184350180916
2026-02-06 18:45:00+00:00,0.13090442391749196
2026-02-06 19:00:00+00:00,0.12629946987762233
2026-02-06 19:15:00+00:00,0.1024059765106258
2026-02-06 19:30:00+00:00,0.10705970659161963
2026-02-06 19:45:00+00:00,0.1047363991895517
2026-02-06 20:00:00+00:00,0.11765851304615577
2026-02-06 20:15:00+00:00,0.12434001438131335
2026-02-06 20:30:00+00:00,0.11580417041137403
2026-02-06 20:45:00+00:00,0.09343623923015242
2026-02-06 21:00:00+00:00,0.12356496450019537
2026-02-06 21:15:00+00:00,0.10919132140013156
2026-02-06 21:30:00+00:00,0.11193065795858917
2026-02-06 21:45:00+00:00,0.11879540859278603
2026-02-06 22:00:00+00:00,0.0959341975048645
2026-02-06 22:15:00+00:00,0.10329174421293538
2026-02-06 22:30:00+00:00,0.09609545448640786
2026-02-06 22:45:00+00:00,0.08116140574634544
2026-02-06 23:00:00+00:00,0.1080370997760492
2026-02-06 23:15:00+00:00,0.12614556551584422
2026-02-06 23:30:00+00:00,0.08212922255494247
2026-02-06 23:45:00+00:00,0.09951719388950529
2026-02-07 00:00:00+00:00,0.10665542935074775
2026-02-07 00:15:00+00:00,0.10001078201656181
2026-02-07 00:30:00+00:00,0.0995687194748426
2026-02-07 00:45:00+00:00,0.08727783636554176
2026-02-07 01:00:00+00:00,0.10249786742940163
2026-02-07 01:15:00+00:00,0.09184236022984074
2026-02-07 01:30:00+00:00,0.07499078295021447
2026-02-07 01:45:00+00:00,0.1076459222051373
2026-02-07 02:00:00+00:00,0.10786385819842043
2026-02-07 02:15:00+00:00,0.0970166097685108
2026-02-07 02:30:00+00:00,0.09960074688205701
2026-02-07 02:45:00+00:00,0.1061931801271556
2026-02-07 03:00:00+00:00,0.09810339656778083
2026-02-07 03:15:00+00:00,0.10562017554761315
2026-02-07 03:30:00+00:00,0.0938251779912615
2026-02-07 03:45:00+00:00,0.10945983738573946
2026-02-07 04:00:00+00:00,0.09777785725932683
2026-02-07 04:15:00+00:00,0.09828051943605874
2026-02-07 04:30:00+00:00,0.08403938911287968
2026-02-07 04:45:00+00:00,0.10211955854301709
2026-02-07 05:00:00+00:00,0.08174045082505549
2026-02-07 05:15:00+00:00,0.08958717273471506
2026-02-07 05:30:00+00:00,0.09081624371683879
2026-02-07 05:45:00+00:00,0.09271765068100775
2026-02-07 06:00:00+00:00,0.12152771403016961
2026-02-07 06:15:00+00:00,0.11570339061988402
2026-02-07 06:30:00+00:00,0.1263336750214426
2026-02-07 06:45:00+00:00,0.10016104980444436
2026-02-07 07:00:00+00:00,0.10886253749910892
2026-02-07 07:15:00+00:00,0.10067492374795904
2026-02-07 07:30:00+00:00,0.11003305122802935
2026-02-07 07:45:00+00:00,0.10838873016583425
2026-02-07 08:00:00+00:00,0.1373958400644156
2026-02-07 08:15:00+00:00,0.1155477032189824
2026-02-07 08:30:00+00:00,0.12774379333694016
2026-02-07 08:45:00+00:00,0.11637120889588518
2026-02-07 09:00:00+00:00,0.14006638752104789
2026-02-07 09:15:00+00:00,0.09457555776860276
2026-02-07 09:30:00+00:00,0.12037233239786799
2026-02-07 09:45:00+00:00,0.11753440870400728
2026-02-07 10:00:00+00:00,0.14715621161972964
2026-02-07 10:15:00+00:00,0.1159113333647316
2026-02-07 10:30:00+00:00,0.1071214496302623
2026-02-07 10:45:00+00:00,0.09936523740046592
2026-02-07 11:00:00+00:00,0.09545064513028001
2026-02-07 11:15:00+00:00,0.09395890548550814
2026-02-07 11:30:00+00:00,0.11859812095785927
2026-02-07 11:45:00+00:00,0.09753682818957483
2026-02-07 12:00:00+00:00,0.10574130001531458
2026-02-07 12:15:00+00:00,0.08941100618332447
2026-02-07 12:30:00+00:00,0.08909147053778362
2026-02-07 12:45:00+00:00,0.10823984809249942
2026-02-07 13:00:00+00:00,0.08296423788448468
2026-02-07 13:15:00+00:00,0.14352786232094727
2026-02-07 13:30:00+00:00,0.10177027411072233
2026-02-07 13:45:00+00:00,0.10525372601840052
2026-02-07 14:00:00+00:00,0.09961906714983844
2026-02-07 14:15:00+00:00,0.10754819781095923
2026-02-07 14:30:00+00:00,0.11569855755817812
2026-02-07 14:45:00+00:00,0.1189063754545933
2026-02-07 15:00:00+00:00,0.09822196191332173
2026-02-07 15:15:00+00:00,0.11397844902071202
2026-02-07 15:30:00+00:00,0.13615762861876937
2026-02-07 15:45:00+00:00,0.14099647187573872
2026-02-07 16:00:00+00:00,0.11370140548518935
2026-02-07 16:15:00+00:00,0.13459479900352203
2026-02-07 16:30:00+00:00,0.11732774750625191
2026-02-07 16:45:00+00:00,0.14099934902060368
2026-02-07 17:00:00+00:00,0.15695767016745976
2026-02-07 17:15:00+00:00,0.12690107282731014
2026-02-07 17:30:00+00:00,0.1258767695450842
2026-02-07 17:45:00+00:00,0.1403902978157286
2026-02-07 18:00:00+00:00,0.11600198484790353
2026-02-07 18:15:00+00:00,0.1258024497011496
2026-02-07 18:30:00+00:00,0.13268441137581752
2026-02-07 18:45:00+00:00,0.11336714152310597
2026-02-07 19:00:00+00:00,0.12289030012789029
2026-02-07 19:15:00+00:00,0.12291185710315035
2026-02-07 19:30:00+00:00,0.11228546083536561
2026-02-07 19:45:00+00:00,0.10745818396295401
2026-02-07 20:00:00+00:00,0.1057987772072996
2026-02-07 20:15:00+00:00,0.10906061115268954
2026-02-07 20:30:00+00:00,0.10170267319900243
2026-02-07 20:45:00+00:00,0.10464805609925786
2026-02-07 21:00:00+00:00,0.10263067974882022
2026-02-07 21:15:00+00:00,0.1035843102562046
2026-02-07 21:30:00+00:00,0.09335042207447986
2026-02-07 21:45:00+00:00,0.09967992389993763
2026-02-07 22:00:00+00:00,0.09784999136371154
2026-02-07 22:15:00+00:00,0.09002953549838007
2026-02-07 22:30:00+00:00,0.09869661147855388
2026-02-07 22:45:00+00:00,0.09392739775857661
2026-02-07 23:00:00+00:00,0.11786873734948572
2026-02-07 23:15:00+00:00,0.09681874430424901
2026-02-07 23:30:00+00:00,0.10407052846836755
2026-02-07 23:45:00+00:00,0.10248797572273663
2026-02-08 00:00:00+00:00,0.10595773807831595
2026-02-08 00:15:00+00:00,0.09311346317197858
2026-02-08 00:30:00+00:00,0.0985936348227119
2026-02-08 00:45:00+00:00,0.09984140296054661
2026-02-08 01:00:00+00:00,0.09997178466907942
2026-02-08 01:15:00+00:00,0.07662522341628915
2026-02-08 01:30:00+00:00,0.09823489623973479
2026-02-08 01:45:00+00:00,0.11837531039397242
2026-02-08 02:00:00+00:00,0.09382960731243017
2026-02-08 02:15:00+00:00,0.08941922902144678
2026-02-08 02:30:00+00:00,0.09937348559711398
2026-02-08 02:45:00+00:00,0.09905378210466571
2026-02-08 03:00:00+00:00,0.10682735165416414
2026-02-08 03:15:00+00:00,0.13192131844091112
2026-02-08 03:30:00+00:00,0.10236380252574992
2026-02-08 03:45:00+00:00,0.10089422061251464
2026-02-08 04:00:00+00:00,0.09416853463059453
2026-02-08 04:15:00+00:00,0.0987968731792169
2026-02-08 04:30:00+00:00,0.10578457481598358
2026-02-08 04:45:00+00:00,0.1052331538002845
2026-02-08 05:00:00+00:00,0.07884980687926271
2026-02-08 05:15:00+00:00,0.10100158186755484
2026-02-08 05:30:00+00:00,0.0958031139496748
2026-02-08 05:45:00+00:00,0.10119874098015516
2026-02-08 06:00:00+00:00,0.09182196991001695
2026-02-08 06:15:00+00:00,0.0932075701120174
2026-02-08 06:30:00+00:00,0.10821707497107065
2026-02-08 06:45:00+00:00,0.10028282040150788
2026-02-08 07:00:00+00:00,0.08485453871616831
2026-02-08 07:15:00+00:00,0.0973047014403027
2026-02-08 07:30:00+00:00,0.10335694716810474
2026-02-08 07:45:00+00:00,0.1148221478429705
2026-02-08 08:00:00+00:00,0.10795094684948833
2026-02-08 08:15:00+00:00,0.09433464721252956
2026-02-08 08:30:00+00:00,0.12721189916678893
2026-02-08 08:45:00+00:00,0.1034777531097798
2026-02-08 09:00:00+00:00,0.11712390737999015
2026-02-08 09:15:00+00:00,0.1022928556642277
2026-02-08 09:30:00+00:00,0.10695359244705449
2026-02-08 09:45:00+00:00,0.10917468504518404
2026-02-08 10:00:00+00:00,0.11432194711754255
2026-02-08 10:15:00+00:00,0.11142368305378225
2026-02-08 10:30:00+00:00,0.10736197000072978
2026-02-08 10:45:00+00:00,0.09361913268805891
2026-02-08 11:00:00+00:00,0.09214253958043939
2026-02-08 11:15:00+00:00,0.10009607510324198
2026-02-08 11:30:00+00:00,0.10630128072341069
2026-02-08 11:45:00+00:00,0.09246279299223392
2026-02-08 12:00:00+00:00,0.10575171965714388
2026-02-08 12:15:00+00:00,0.10853616745486179
2026-02-08 12:30:00+00:00,0.0870967908092658
2026-02-08 12:45:00+00:00,0.0880607929620372
2026-02-08 13:00:00+00:00,0.09268624941094662
2026-02-08 13:15:00+00:00,0.09969612668189196
2026-02-08 13:30:00+00:00,0.0924643298623295
2026-02-08 13:45:00+00:00,0.11398202678867143
2026-02-08 14:00:00+00:00,0.10227066861518452
2026-02-08 14:15:00+00:00,0.1009144704824074
2026-02-08 14:30:00+00:00,0.08996090476131471
2026-02-08 14:45:00+00:00,0.09726184183572494
2026-02-08 15:00:00+00:00,0.10365009250281806
2026-02-08 15:15:00+00:00,0.08631404373845164
2026-02-08 15:30:00+00:00,0.1251563740964407
2026-02-08 15:45:00+00:00,0.1220484615562768
2026-02-08 16:00:00+00:00,0.15197092969594733
2026-02-08 16:15:00+00:00,0.1490591625061611
2026-02-08 16:30:00+00:00,0.12918550930752484
2026-02-08 16:45:00+00:00,0.13294662997468684
2026-02-08 17:00:00+00:00,0.1397458151400203
2026-02-08 17:15:00+00:00,0.1499217260991804
2026-02-08 17:30:00+00:00,0.11616970942563984
2026-02-08 17:45:00+00:00,0.11197624534645315
2026-02-08 18:00:00+00:00,0.1267396519444562
2026-02-08 18:15:00+00:00,0.13538737583173865
2026-02-08 18:30:00+00:00,0.13005873590507597
2026-02-08 18:45:00+00:00,0.1307177145498385
2026-02-08 19:00:00+00:00,0.11086302471634692
2026-02-08 19:15:00+00:00,0.09109856137031123
2026-02-08 19:30:00+00:00,0.11851014195302145
2026-02-08 19:45:00+00:00,0.09779803727034765
2026-02-08 20:00:00+00:00,0.09065512135611362
2026-02-08 20:15:00+00:00,0.11070063745959381
2026-02-08 20:30:00+00:00,0.11486175688218678
2026-02-08 20:45:00+00:00,0.10226942867878723
2026-02-08 21:00:00+00:00,0.1035015161381751
2026-02-08 21:15:00+00:00,0.15496637767854093
2026-02-08 21:30:00+00:00,0.10043417237599217
2026-02-08 21:45:00+00:00,0.08829952888059832
2026-02-08 22:00:00+00:00,0.09627319323009569
2026-02-08 22:15:00+00:00,0.10692279905013814
2026-02-08 22:30:00+00:00,0.103496785413765
2026-02-08 22:45:00+00:00,0.09620059805966821
2026-02-08 23:00:00+00:00,0.0900285151814662
2026-02-08 23:15:00+00:00,0.09562496837864333
2026-02-08 23:30:00+00:00,0.07373934953557146
2026-02-08 23:45:00+00:00,0.09583476663885389
2026-02-09 00:00:00+00:00,0.11196857707813568
2026-02-09 00:15:00+00:00,0.08083867867957895
2026-02-09 00:30:00+00:00,0.08904072326682244
2026-02-09 00:45:00+00:00,0.09694106778710129
2026-02-09 01:00:00+00:00,0.10784842634427484
2026-02-09 01:15:00+00:00,0.09068775383699851
2026-02-09 01:30:00+00:00,0.08961749670734104
2026-02-09 01:45:00+00:00,0.07609076857583917
2026-02-09 02:00:00+00:00,0.09674438129308106
2026-02-09 02:15:00+00:00,0.11509076040143745
2026-02-09 02:30:00+00:00,0.09811358461964675
2026-02-09 02:45:00+00:00,0.09592721020816286
2026-02-09 03:00:00+00:00,0.09664082310766986
2026-02-09 03:15:00+00:00,0.09500907996051397
2026-02-09 03:30:00+00:00,0.08867985627739869
2026-02-09 03:45:00+00:00,0.10914279915677705
2026-02-09 04:00:00+00:00,0.09795761523111754
2026-02-09 04:15:00+00:00,0.10116613251933657
2026-02-09 04:30:00+00:00,0.09589633972721749
2026-02-09 04:45:00+00:00,0.1296350793193476
2026-02-09 05:00:00+00:00,0.11164702745333109
2026-02-09 05:15:00+00:00,0.11584079162632699
2026-02-09 05:30:00+00:00,0.14619824853681937
2026-02-09 05:45:00+00:00,0.16141429161614793
2026-02-09 06:00:00+00:00,0.12931996507488963
2026-02-09 06:15:00+00:00,0.15143296882519713
2026-02-09 06:30:00+00:00,0.15054931446911907
2026-02-09 06:45:00+00:00,0.17466542380418204
2026-02-09 07:00:00+00:00,0.1519785512166165
2026-02-09 07:15:00+00:00,0.17665556168734237
2026-02-09 07:30:00+00:00,0.16470411990921469
2026-02-09 07:45:00+00:00,0.18528930307209107
2026-02-09 08:00:00+00:00,0.1823967953972813
2026-02-09 08:15:00+00:00,0.17153303786813637
2026-02-09 08:30:00+00:00,0.14964422305329422
2026-02-09 08:45:00+00:00,0.1463376624656336
2026-02-09 09:00:00+00:00,0.17087369863546573
2026-02-09 09:15:00+00:00,0.2086144806829151
2026-02-09 09:30:00+00:00,0.15715358321536144
2026-02-09 09:45:00+00:00,0.13596751313875777
2026-02-09 10:00:00+00:00,0.15282062742771083
2026-02-09 10:15:00+00:00,0.15949278037316064
2026-02-09 10:30:00+00:00,0.14876165800392782
2026-02-09 10:45:00+00:00,0.13302586181783518
2026-02-09 11:00:00+00:00,0.14576198970355927
2026-02-09 11:15:00+00:00,0.13567334825469787
2026-02-09 11:30:00+00:00,0.13525880184694727
2026-02-09 11:45:00+00:00,0.12858388947851498
2026-02-09 12:00:00+00:00,0.13458664794114608
2026-02-09 12:15:00+00:00,0.13971093353074174
2026-02-09 12:30:00+00:00,0.12432641300418049
2026-02-09 12:45:00+00:00,0.12186121173010021
2026-02-09 13:00:00+00:00,0.1097745744616879
2026-02-09 13:15:00+00:00,0.1176272889549629
2026-02-09 13:30:00+00:00,0.1299671730777952
2026-02-09 13:45:00+00:00,0.15279462506804128
2026-02-09 14:00:00+00:00,0.11992212484508115
2026-02-09 14:15:00+00:00,0.14381614464231096
2026-02-09 14:30:00+00:00,0.15812713748752563
2026-02-09 14:45:00+00:00,0.15131495786561946
2026-02-09 15:00:00+00:00,0.1482797558422169
2026-02-09 15:15:00+00:00,0.1684979864559171
2026-02-09 15:30:00+00:00,0.17388137325165148
2026-02-09 15:45:00+00:00,0.1941919154289499
2026-02-09 16:00:00+00:00,0.17829501762590802
2026-02-09 16:15:00+00:00,0.23454670376748335
2026-02-09 16:30:00+00:00,0.23212501593045032
2026-02-09 16:45:00+00:00,0.22571893547465424
2026-02-09 17:00:00+00:00,0.19278182810387032
2026-02-09 17:15:00+00:00,0.18479271053725163
2026-02-09 17:30:00+00:00,0.167023203063854
2026-02-09 17:45:00+00:00,0.1634196944177744
2026-02-09 18:00:00+00:00,0.18392100937868863
2026-02-09 18:15:00+00:00,0.17323294752580734
2026-02-09 18:30:00+00:00,0.16029106969877463
2026-02-09 18:45:00+00:00,0.14586501030599214
2026-02-09 19:00:00+00:00,0.15617884799545767
2026-02-09 19:15:00+00:00,0.16002717914716158
2026-02-09 19:30:00+00:00,0.12774826663445218
2026-02-09 19:45:00+00:00,0.1306856029708672
2026-02-09 20:00:00+00:00,0.1581289109295996
2026-02-09 20:15:00+00:00,0.14746908092748895
2026-02-09 20:30:00+00:00,0.1290247577293517
2026-02-09 20:45:00+00:00,0.11309702953337021
2026-02-09 21:00:00+00:00,0.14081087651046256
2026-02-09 21:15:00+00:00,0.11009025074738327
2026-02-09 21:30:00+00:00,0.11338875739620356
2026-02-09 21:45:00+00:00,0.10974442234508279
2026-02-09 22:00:00+00:00,0.12940653757511997
2026-02-09 22:15:00+00:00,0.11288767636040897
2026-02-09 22:30:00+00:00,0.09750954241489754
2026-02-09 22:45:00+00:00,0.09927692294615097
2026-02-09 23:00:00+00:00,0.10022676855903706
2026-02-09 23:15:00+00:00,0.09755211007766465
2026-02-09 23:30:00+00:00,0.1137688955855678
2026-02-09 23:45:00+00:00,0.08985256870736494
2026-02-10 00:00:00+00:00,0.12111780855734373
2026-02-10 00:15:00+00:00,0.11231229690184623
2026-02-10 00:30:00+00:00,0.11394861670603698
2026-02-10 00:45:00+00:00,0.09825060487974742
2026-02-10 01:00:00+00:00,0.1017105928092089
2026-02-10 01:15:00+00:00,0.08820848185475288
2026-02-10 01:30:00+00:00,0.09726337592933197
2026-02-10 01:45:00+00:00,0.1076665484764315
2026-02-10 02:00:00+00:00,0.11579063061781397
2026-02-10 02:15:00+00:00,0.09150843183197549
2026-02-10 02:30:00+00:00,0.09857494063014734
2026-02-10 02:45:00+00:00,0.10058700779767478
2026-02-10 03:00:00+00:00,0.08806210797807515
2026-02-10 03:15:00+00:00,0.106613492417584
2026-02-10 03:30:00+00:00,0.09571009668257391
2026-02-10 03:45:00+00:00,0.10211609648822975
2026-02-10 04:00:00+00:00,0.09907050628088122
2026-02-10 04:15:00+00:00,0.09530661494280326
2026-02-10 04:30:00+00:00,0.10473955014519445
2026-02-10 04:45:00+00:00,0.10795390421431977
2026-02-10 05:00:00+00:00,0.09878142117721334
2026-02-10 05:15:00+00:00,0.10497538378319657
2026-02-10 05:30:00+00:00,0.12768524670782955
2026-02-10 05:45:00+00:00,0.15695617268492285
2026-02-10 06:00:00+00:00,0.12434887232839127
2026-02-10 06:15:00+00:00,0.14053118214911128
2026-02-10 06:30:00+00:00,0.12729778074846537
2026-02-10 06:45:00+00:00,0.14641761439293768
2026-02-10 07:00:00+00:00,0.13551631681028933
2026-02-10 07:15:00+00:00,0.135330750724681
2026-02-10 07:30:00+00:00,0.13452628592540963
2026-02-10 07:45:00+00:00,0.14871899334413574
2026-02-10 08:00:00+00:00,0.15110015828669646
2026-02-10 08:15:00+00:00,0.138000047220544
2026-02-10 08:30:00+00:00,0.11418299440110068
2026-02-10 08:45:00+00:00,0.11968719348612063
2026-02-10 09:00:00+00:00,0.14468700008901736
2026-02-10 09:15:00+00:00,0.132755362295786
2026-02-10 09:30:00+00:00,0.10772206416519253
2026-02-10 09:45:00+00:00,0.10861682151980129
2026-02-10 10:00:00+00:00,0.12931922235851281
2026-02-10 10:15:00+00:00,0.1293929090951719
2026-02-10 10:30:00+00:00,0.09307872178900053
2026-02-10 10:45:00+00:00,0.10711876024520142
2026-02-10 11:00:00+00:00,0.11398048769878952
2026-02-10 11:15:00+00:00,0.11577611988516213
2026-02-10 11:30:00+00:00,0.11605857584237438
2026-02-10 11:45:00+00:00,0.11375571318808805
2026-02-10 12:00:00+00:00,0.10226059493298065
2026-02-10 12:15:00+00:00,0.08833997862876693
2026-02-10 12:30:00+00:00,0.105429472429386
2026-02-10 12:45:00+00:00,0.12085631825208559
2026-02-10 13:00:00+00:00,0.12272454527524432
2026-02-10 13:15:00+00:00,0.11950549102297785
2026-02-10 13:30:00+00:00,0.12341340822801734
2026-02-10 13:45:00+00:00,0.12837639648385965
2026-02-10 14:00:00+00:00,0.11317881253239219
2026-02-10 14:15:00+00:00,0.1209793970644638
2026-02-10 14:30:00+00:00,0.1513406952582633
2026-02-10 14:45:00+00:00,0.12736441994208123
2026-02-10 15:00:00+00:00,0.1362377879070985
2026-02-10 15:15:00+00:00,0.12419971845507942
2026-02-10 15:30:00+00:00,0.13941432109095078
2026-02-10 15:45:00+00:00,0.1229118499050246
2026-02-10 16:00:00+00:00,0.1363090420116465
2026-02-10 16:15:00+00:00,0.12364229864052377
2026-02-10 16:30:00+00:00,0.12473732808075813
2026-02-10 16:45:00+00:00,0.14280534042410944
2026-02-10 17:00:00+00:00,0.1513847178859597
2026-02-10 17:15:00+00:00,0.17749058561406506
2026-02-10 17:30:00+00:00,0.114539840395416
2026-02-10 17:45:00+00:00,0.11917155235665045
2026-02-10 18:00:00+00:00,0.1295656467122282
2026-02-10 18:15:00+00:00,0.129763196275545
2026-02-10 18:30:00+00:00,0.12797594571364487
2026-02-10 18:45:00+00:00,0.10751584818727505
2026-02-10 19:00:00+00:00,0.14133503314794263
2026-02-10 19:15:00+00:00,0.11481234744535292
2026-02-10 19:30:00+00:00,0.101815734939931
2026-02-10 19:45:00+00:00,0.08826432640897172
2026-02-10 20:00:00+00:00,0.10789340479683832
2026-02-10 20:15:00+00:00,0.10401613054588864
2026-02-10 20:30:00+00:00,0.11616304796281471
2026-02-10 20:45:00+00:00,0.15879483624066854
2026-02-10 21:00:00+00:00,0.09753630878367382
2026-02-10 21:15:00+00:00,0.10963254386411038
2026-02-10 21:30:00+00:00,0.11303531171729053
2026-02-10 21:45:00+00:00,0.11848031359387833
2026-02-10 22:00:00+00:00,0.11490503967414059
2026-02-10 22:15:00+00:00,0.11102846654311478
2026-02-10 22:30:00+00:00,0.10000085994615164
2026-02-10 22:45:00+00:00,0.09714312005423449
2026-02-10 23:00:00+00:00,0.10945504900706159
2026-02-10 23:15:00+00:00,0.08385222602520351
2026-02-10 23:30:00+00:00,0.09353560672783044
2026-02-10 23:45:00+00:00,0.0882343125124376
2026-02-11 00:00:00+00:00,0.10091153118726123
2026-02-11 00:15:00+00:00,0.10929222175650788
2026-02-11 00:30:00+00:00,0.09073025713278926
2026-02-11 00:45:00+00:00,0.07180695632530562
2026-02-11 01:00:00+00:00,0.09271779254975529
2026-02-11 01:15:00+00:00,0.10450473732017407
2026-02-11 01:30:00+00:00,0.1004762990294988
2026-02-11 01:45:00+00:00,0.09939186247810576
2026-02-11 02:00:00+00:00,0.0920700669812552
2026-02-11 02:15:00+00:00,0.08207969263780213
2026-02-11 02:30:00+00:00,0.10002294321624466
2026-02-11 02:45:00+00:00,0.08576718189965375
2026-02-11 03:00:00+00:00,0.11671096733380457
2026-02-11 03:15:00+00:00,0.10047507208354516
2026-02-11 03:30:00+00:00,0.08906351697446048
2026-02-11 03:45:00+00:00,0.08875614752611372
2026-02-11 04:00:00+00:00,0.09390055793386412
2026-02-11 04:15:00+00:00,0.0936549807797825
2026-02-11 04:30:00+00:00,0.11181833775529955
2026-02-11 04:45:00+00:00,0.10690416169744046
2026-02-11 05:00:00+00:00,0.09108368261091472
2026-02-11 05:15:00+00:00,0.12564440685155784
2026-02-11 05:30:00+00:00,0.11340308331520223
2026-02-11 05:45:00+00:00,0.13154839675968896
2026-02-11 06:00:00+00:00,0.10717773492555241
2026-02-11 06:15:00+00:00,0.13413115627744523
2026-02-11 06:30:00+00:00,0.13932109991143196
2026-02-11 06:45:00+00:00,0.11713350707903848
2026-02-11 07:00:00+00:00,0.1546327511046064
2026-02-11 07:15:00+00:00,0.14980644460922546
2026-02-11 07:30:00+00:00,0.1370280468385401
2026-02-11 07:45:00+00:00,0.12486730259544146
2026-02-11 08:00:00+00:00,0.13783561613803552
2026-02-11 08:15:00+00:00,0.13369697699414396
2026-02-11 08:30:00+00:00,0.1351966894856323
2026-02-11 08:45:00+00:00,0.1288357739619409
2026-02-11 09:00:00+00:00,0.13606240989305926
2026-02-11 09:15:00+00:00,0.14340305699391806
2026-02-11 09:30:00+00:00,0.13120103205128644
2026-02-11 09:45:00+00:00,0.11405344501090059
2026-02-11 10:00:00+00:00,0.14504562852712452
2026-02-11 10:15:00+00:00,0.14701614563488288
2026-02-11 10:30:00+00:00,0.15469056734512085
2026-02-11 10:45:00+00:00,0.10732505966760401
2026-02-11 11:00:00+00:00,0.12229882013150276
2026-02-11 11:15:00+00:00,0.09522901296811012
2026-02-11 11:30:00+00:00,0.1193514915637921
2026-02-11 11:45:00+00:00,0.10822799701833227
2026-02-11 12:00:00+00:00,0.13840445794824954
2026-02-11 12:15:00+00:00,0.11030385029981418
2026-02-11 12:30:00+00:00,0.09911816962032738
2026-02-11 12:45:00+00:00,0.10885736259297481
2026-02-11 13:00:00+00:00,0.14452512228782866
2026-02-11 13:15:00+00:00,0.12401099454507311
2026-02-11 13:30:00+00:00,0.09648916953743679
2026-02-11 13:45:00+00:00,0.11916457581183158
2026-02-11 14:00:00+00:00,0.09559188180143803
2026-02-11 14:15:00+00:00,0.11313702195463358
2026-02-11 14:30:00+00:00,0.13543378155804534
2026-02-11 14:45:00+00:00,0.12463647891435795
2026-02-11 15:00:00+00:00,0.10861506395035066
2026-02-11 15:15:00+00:00,0.11794796511060916
2026-02-11 15:30:00+00:00,0.12217016872044446
2026-02-11 15:45:00+00:00,0.13648630345843404
2026-02-11 16:00:00+00:00,0.10604141636719173
2026-02-11 16:15:00+00:00,0.1357556727384733
2026-02-11 16:30:00+00:00,0.10309608368397224
2026-02-11 16:45:00+00:00,0.1256211544763619
2026-02-11 17:00:00+00:00,0.12612726157548454
2026-02-11 17:15:00+00:00,0.1843932682607124
2026-02-11 17:30:00+00:00,0.12362630852676869
2026-02-11 17:45:00+00:00,0.10533436946143712
2026-02-11 18:00:00+00:00,0.11311006874182986
2026-02-11 18:15:00+00:00,0.11375680009547406
2026-02-11 18:30:00+00:00,0.10661932658135444
2026-02-11 18:45:00+00:00,0.10014875890364254
2026-02-11 19:00:00+00:00,0.10436166210488021
2026-02-11 19:15:00+00:00,0.11332167997159288
2026-02-11 19:30:00+00:00,0.09841307427130785
2026-02-11 19:45:00+00:00,0.09970908755970927
2026-02-11 20:00:00+00:00,0.12910936588080543
2026-02-11 20:15:00+00:00,0.09269317363116077
2026-02-11 20:30:00+00:00,0.08615157268425341
2026-02-11 20:45:00+00:00,0.10634589664798606
2026-02-11 21:00:00+00:00,0.09932356938705897
2026-02-11 21:15:00+00:00,0.1003276247225738
2026-02-11 21:30:00+00:00,0.09217843621868885
2026-02-11 21:45:00+00:00,0.09578199859232488
2026-02-11 22:00:00+00:00,0.11829538112096341
2026-02-11 22:15:00+00:00,0.10435128458618119
2026-02-11 22:30:00+00:00,0.10251223511886977
2026-02-11 22:45:00+00:00,0.07453772944207354
2026-02-11 23:00:00+00:00,0.07850846263447131
2026-02-11 23:15:00+00:00,0.059009213405145734
2026-02-11 23:30:00+00:00,0.08101619178917245
2026-02-11 23:45:00+00:00,0.09580703186385658
2026-02-12 00:00:00+00:00,0.0932394651574837
2026-02-12 00:15:00+00:00,0.08433486737047877
2026-02-12 00:30:00+00:00,0.08737699716281946
2026-02-12 00:45:00+00:00,0.08121114457424594
2026-02-12 01:00:00+00:00,0.08898758882401785
2026-02-12 01:15:00+00:00,0.09510878279480615
2026-02-12 01:30:00+00:00,0.06961113212589527
2026-02-12 01:45:00+00:00,0.08764647687837349
2026-02-12 02:00:00+00:00,0.09435434870954666
2026-02-12 02:15:00+00:00,0.0796089971103663
2026-02-12 02:30:00+00:00,0.09193700612120584
2026-02-12 02:45:00+00:00,0.11399654444472553
2026-02-12 03:00:00+00:00,0.08402657207013109
2026-02-12 03:15:00+00:00,0.08963307050005323
2026-02-12 03:30:00+00:00,0.07870942916338608
2026-02-12 03:45:00+00:00,0.0890025116260205
2026-02-12 04:00:00+00:00,0.09125271624982305
2026-02-12 04:15:00+00:00,0.1391484234027014
2026-02-12 04:30:00+00:00,0.13029304680291143
2026-02-12 04:45:00+00:00,0.0954436177132545
2026-02-12 05:00:00+00:00,0.10532195938717637
2026-02-12 05:15:00+00:00,0.10177635764514527
2026-02-12 05:30:00+00:00,0.11357987189071841
2026-02-12 05:45:00+00:00,0.10512988029987372
2026-02-12 06:00:00+00:00,0.1105990023942371
2026-02-12 06:15:00+00:00,0.16779267838216527
2026-02-12 06:30:00+00:00,0.11153089270312767
2026-02-12 06:45:00+00:00,0.12807521004798875
2026-02-12 07:00:00+00:00,0.11275303336559689
2026-02-12 07:15:00+00:00,0.11759119725115208
2026-02-12 07:30:00+00:00,0.12557328307292373
2026-02-12 07:45:00+00:00,0.12499244273380125
2026-02-12 08:00:00+00:00,0.11777767534922871
2026-02-12 08:15:00+00:00,0.13356985771182878
2026-02-12 08:30:00+00:00,0.12317006278300473
2026-02-12 08:45:00+00:00,0.10762271564389116
2026-02-12 09:00:00+00:00,0.10926415203550825
2026-02-12 09:15:00+00:00,0.11482095420918569
2026-02-12 09:30:00+00:00,0.11067056286138839
2026-02-12 09:45:00+00:00,0.11517140457053023
2026-02-12 10:00:00+00:00,0.11128883338844434
2026-02-12 10:15:00+00:00,0.0930854313925499
2026-02-12 10:30:00+00:00,0.10621653061698842
2026-02-12 10:45:00+00:00,0.10337380888931687
2026-02-12 11:00:00+00:00,0.11392661024774059
2026-02-12 11:15:00+00:00,0.0979680032538895
2026-02-12 11:30:00+00:00,0.12222674673372566
2026-02-12 11:45:00+00:00,0.08496359449348244
2026-02-12 12:00:00+00:00,0.16859167497802624
2026-02-12 12:15:00+00:00,0.10219681029121895
2026-02-12 12:30:00+00:00,0.11146584872343557
2026-02-12 12:45:00+00:00,0.10222801484058734
2026-02-12 13:00:00+00:00,0.1657655553602547
2026-02-12 13:15:00+00:00,0.10082638035447189
2026-02-12 13:30:00+00:00,0.09449379574822188
2026-02-12 13:45:00+00:00,0.12050504287271063
2026-02-12 14:00:00+00:00,0.10242519354117859
2026-02-12 14:15:00+00:00,0.1054755847362421
2026-02-12 14:30:00+00:00,0.12181751914044794
2026-02-12 14:45:00+00:00,0.10531044757905565
2026-02-12 15:00:00+00:00,0.15986490897639258
2026-02-12 15:15:00+00:00,0.10125105243537108
2026-02-12 15:30:00+00:00,0.11228830644355628
2026-02-12 15:45:00+00:00,0.11919278965384289
2026-02-12 16:00:00+00:00,0.09401778138553064
2026-02-12 16:15:00+00:00,0.11392162957179565
2026-02-12 16:30:00+00:00,0.14331072892413138
2026-02-12 16:45:00+00:00,0.14053191188584796
2026-02-12 17:00:00+00:00,0.12938360422672765
2026-02-12 17:15:00+00:00,0.13056123458512892
2026-02-12 17:30:00+00:00,0.12020757494363542
2026-02-12 17:45:00+00:00,0.13492583385827983
2026-02-12 18:00:00+00:00,0.13010647422205837
2026-02-12 18:15:00+00:00,0.12647842092134848
2026-02-12 18:30:00+00:00,0.12847030144142066
2026-02-12 18:45:00+00:00,0.10243628515154093
2026-02-12 19:00:00+00:00,0.14185789184496894
2026-02-12 19:15:00+00:00,0.09198538590256623
2026-02-12 19:30:00+00:00,0.119446421311128
2026-02-12 19:45:00+00:00,0.09597324416048025
2026-02-12 20:00:00+00:00,0.10417301252174718
2026-02-12 20:15:00+00:00,0.08421989828817057
2026-02-12 20:30:00+00:00,0.09364205282622307
2026-02-12 20:45:00+00:00,0.08046193468973115
2026-02-12 21:00:00+00:00,0.09851353654626528
2026-02-12 21:15:00+00:00,0.0952868903421112
2026-02-12 21:30:00+00:00,0.10370791614472906
2026-02-12 21:45:00+00:00,0.09539603351400626
2026-02-12 22:00:00+00:00,0.10149676653401113
2026-02-12 22:15:00+00:00,0.07997480611154437
2026-02-12 22:30:00+00:00,0.0771124591039727
2026-02-12 22:45:00+00:00,0.10004725018351311
2026-02-12 23:00:00+00:00,0.07836798965236753
2026-02-12 23:15:00+00:00,0.15158208252057295
2026-02-12 23:30:00+00:00,0.08072938801119134
2026-02-12 23:45:00+00:00,0.08155287936143504
2026-02-13 00:00:00+00:00,0.0946036516022993
2026-02-13 00:15:00+00:00,0.09660892421938658
2026-02-13 00:30:00+00:00,0.08225187439720913
2026-02-13 00:45:00+00:00,0.0796075694647846
2026-02-13 01:00:00+00:00,0.08116079551477787
2026-02-13 01:15:00+00:00,0.08542957528232117
2026-02-13 01:30:00+00:00,0.09134303686869756
2026-02-13 01:45:00+00:00,0.08271229858994152
2026-02-13 02:00:00+00:00,0.08736886298023154
2026-02-13 02:15:00+00:00,0.09825359732270941
2026-02-13 02:30:00+00:00,0.08612309612264785
2026-02-13 02:45:00+00:00,0.08517652856004777
2026-02-13 03:00:00+00:00,0.06638089174909932
2026-02-13 03:15:00+00:00,0.05635269863170936
2026-02-13 03:30:00+00:00,0.08777375729230169
2026-02-13 03:45:00+00:00,0.08433175768719127
2026-02-13 04:00:00+00:00,0.07891217325085258
2026-02-13 04:15:00+00:00,0.08609530204186344
2026-02-13 04:30:00+00:00,0.0871459627080309
2026-02-13 04:45:00+00:00,0.10455780250633899
2026-02-13 05:00:00+00:00,0.08528110868258977
2026-02-13 05:15:00+00:00,0.08609076714929832
2026-02-13 05:30:00+00:00,0.11357166238959289
2026-02-13 05:45:00+00:00,0.11108868925053797
2026-02-13 06:00:00+00:00,0.11047536683672307
2026-02-13 06:15:00+00:00,0.114485892938072
2026-02-13 06:30:00+00:00,0.11514173114502563
2026-02-13 06:45:00+00:00,0.12564168230185696
2026-02-13 07:00:00+00:00,0.12233828643543684
2026-02-13 07:15:00+00:00,0.13065827035366834
2026-02-13 07:30:00+00:00,0.12189354246690257
2026-02-13 07:45:00+00:00,0.10438640216229603
2026-02-13 08:00:00+00:00,0.12442226116411612
2026-02-13 08:15:00+00:00,0.13173818467143816
2026-02-13 08:30:00+00:00,0.11245623920756893
2026-02-13 08:45:00+00:00,0.10615616597485451
2026-02-13 09:00:00+00:00,0.12257376505905937
2026-02-13 09:15:00+00:00,0.10076026772741077
2026-02-13 09:30:00+00:00,0.088951967817571
2026-02-13 09:45:00+00:00,0.09899368880474504
2026-02-13 10:00:00+00:00,0.09933826048751263
2026-02-13 10:15:00+00:00,0.09203753680246746
2026-02-13 10:30:00+00:00,0.0977862154410131
2026-02-13 10:45:00+00:00,0.10361505647246783
2026-02-13 11:00:00+00:00,0.09852711438432184
2026-02-13 11:15:00+00:00,0.10047981072686238
2026-02-13 11:30:00+00:00,0.11516407698515424
2026-02-13 11:45:00+00:00,0.09271121138442437
2026-02-13 12:00:00+00:00,0.0992734863464467
2026-02-13 12:15:00+00:00,0.09184786637400866
2026-02-13 12:30:00+00:00,0.09014640280113027
2026-02-13 12:45:00+00:00,0.0920909234658223
2026-02-13 13:00:00+00:00,0.09414241428478312
2026-02-13 13:15:00+00:00,0.10333475797547124
2026-02-13 13:30:00+00:00,0.12709075786700758
2026-02-13 13:45:00+00:00,0.0989295656372416
2026-02-13 14:00:00+00:00,0.10156374694384537
2026-02-13 14:15:00+00:00,0.11131876986888752
2026-02-13 14:30:00+00:00,0.12658798848709749
2026-02-13 14:45:00+00:00,0.13471550811954786
2026-02-13 15:00:00+00:00,0.13081095793948117
2026-02-13 15:15:00+00:00,0.09807607929464793
2026-02-13 15:30:00+00:00,0.10276070129804327
2026-02-13 15:45:00+00:00,0.1317212182798985
2026-02-13 16:00:00+00:00,0.1335930018754371
2026-02-13 16:15:00+00:00,0.11611351968394404
2026-02-13 16:30:00+00:00,0.10562367660306242
2026-02-13 16:45:00+00:00,0.14356179406219208
2026-02-13 17:00:00+00:00,0.14278657223702715
2026-02-13 17:15:00+00:00,0.1249779159320057
2026-02-13 17:30:00+00:00,0.12490460399279069
2026-02-13 17:45:00+00:00,0.17340256280365324
2026-02-13 18:00:00+00:00,0.1457353531747394
2026-02-13 18:15:00+00:00,0.12858684723816993
2026-02-13 18:30:00+00:00,0.1326306391897552
2026-02-13 18:45:00+00:00,0.09185373337095608
2026-02-13 19:00:00+00:00,0.128431481348722
2026-02-13 19:15:00+00:00,0.1193994603908895
2026-02-13 19:30:00+00:00,0.11943659321627507
2026-02-13 19:45:00+00:00,0.10895952241509861
2026-02-13 20:00:00+00:00,0.13538843779895765
2026-02-13 20:15:00+00:00,0.10320663228339944
2026-02-13 20:30:00+00:00,0.11515491476330751
2026-02-13 20:45:00+00:00,0.11199336423211706
2026-02-13 21:00:00+00:00,0.13844647436561955
2026-02-13 21:15:00+00:00,0.10554234028906524
2026-02-13 21:30:00+00:00,0.10995458604352518
2026-02-13 21:45:00+00:00,0.08480137207437635
2026-02-13 22:00:00+00:00,0.13243043795686976
2026-02-13 22:15:00+00:00,0.110637743757817
2026-02-13 22:30:00+00:00,0.1006643970635193
2026-02-13 22:45:00+00:00,0.10595512689798423
2026-02-13 23:00:00+00:00,0.09023597111030252
2026-02-13 23:15:00+00:00,0.10389902139528752
2026-02-13 23:30:00+00:00,0.11270817840543854
2026-02-13 23:45:00+00:00,0.09547705608357265
2026-02-14 00:00:00+00:00,0.09759581505591049
2026-02-14 00:15:00+00:00,0.0938455608082435
2026-02-14 00:30:00+00:00,0.07484118542874088
2026-02-14 00:45:00+00:00,0.1517357293571035
2026-02-14 01:00:00+00:00,0.08579142360194934
2026-02-14 01:15:00+00:00,0.09400483256383016
2026-02-14 01:30:00+00:00,0.07157965693428746
2026-02-14 01:45:00+00:00,0.07649540335492219
2026-02-14 02:00:00+00:00,0.10604087399222235
2026-02-14 02:15:00+00:00,0.08528697711042157
2026-02-14 02:30:00+00:00,0.10198275476042545
2026-02-14 02:45:00+00:00,0.08600769340941483
2026-02-14 03:00:00+00:00,0.06921102227042142
2026-02-14 03:15:00+00:00,0.0969906759973172
2026-02-14 03:30:00+00:00,0.08165107682244392
2026-02-14 03:45:00+00:00,0.09376688813517044
2026-02-14 04:00:00+00:00,0.08860210867540082
2026-02-14 04:15:00+00:00,0.0711888177205713
2026-02-14 04:30:00+00:00,0.09088294765370569
2026-02-14 04:45:00+00:00,0.11275223142152799
2026-02-14 05:00:00+00:00,0.0938698645851446
2026-02-14 05:15:00+00:00,0.08892482246994536
2026-02-14 05:30:00+00:00,0.10038343401956898
2026-02-14 05:45:00+00:00,0.0949066846520311
2026-02-14 06:00:00+00:00,0.09303534230262793
2026-02-14 06:15:00+00:00,0.07960374827840898
2026-02-14 06:30:00+00:00,0.09648848025789598
2026-02-14 06:45:00+00:00,0.10721443416416945
2026-02-14 07:00:00+00:00,0.08873937847899976
2026-02-14 07:15:00+00:00,0.11665495821246948
2026-02-14 07:30:00+00:00,0.10298293975854875
2026-02-14 07:45:00+00:00,0.0950423048846146
2026-02-14 08:00:00+00:00,0.12008632076920245
2026-02-14 08:15:00+00:00,0.10626205764261731
2026-02-14 08:30:00+00:00,0.11455514887486108
2026-02-14 08:45:00+00:00,0.10084241367741463
2026-02-14 09:00:00+00:00,0.10933173856470096
2026-02-14 09:15:00+00:00,0.10982560204334291
2026-02-14 09:30:00+00:00,0.10554897057590006
2026-02-14 09:45:00+00:00,0.07846468219548261
2026-02-14 10:00:00+00:00,0.09027756259905607
2026-02-14 10:15:00+00:00,0.10810409984790816
2026-02-14 10:30:00+00:00,0.09554863411098452
2026-02-14 10:45:00+00:00,0.09024268697228578
2026-02-14 11:00:00+00:00,0.08325425984742525
2026-02-14 11:15:00+00:00,0.08574263678724152
2026-02-14 11:30:00+00:00,0.07440201360038053
2026-02-14 11:45:00+00:00,0.09162719281298468
2026-02-14 12:00:00+00:00,0.08925562419418953
2026-02-14 12:15:00+00:00,0.13511412109014687
2026-02-14 12:30:00+00:00,0.09178876574832047
2026-02-14 12:45:00+00:00,0.09703970630852737
2026-02-14 13:00:00+00:00,0.11286197932209945
2026-02-14 13:15:00+00:00,0.08009116580436787
2026-02-14 13:30:00+00:00,0.10946381043300522
2026-02-14 13:45:00+00:00,0.11317101561015072
2026-02-14 14:00:00+00:00,0.09097907260623299
2026-02-14 14:15:00+00:00,0.10395235954586031
2026-02-14 14:30:00+00:00,0.10191366750662385
2026-02-14 14:45:00+00:00,0.11448688580418738
2026-02-14 15:00:00+00:00,0.1200513101340455
2026-02-14 15:15:00+00:00,0.12068606232631313
2026-02-14 15:30:00+00:00,0.1274260837323344
2026-02-14 15:45:00+00:00,0.12131690680045358
2026-02-14 16:00:00+00:00,0.09894943335075665
2026-02-14 16:15:00+00:00,0.12311531789459593
2026-02-14 16:30:00+00:00,0.14400608154863914
2026-02-14 16:45:00+00:00,0.11819832143410353
2026-02-14 17:00:00+00:00,0.12045910631823303
2026-02-14 17:15:00+00:00,0.13348267736234068
2026-02-14 17:30:00+00:00,0.12407345215152739
2026-02-14 17:45:00+00:00,0.12263476552884789
2026-02-14 18:00:00+00:00,0.13076401418271824
2026-02-14 18:15:00+00:00,0.1157438259580985
2026-02-14 18:30:00+00:00,0.11725878153783632
2026-02-14 18:45:00+00:00,0.1305142791678731
2026-02-14 19:00:00+00:00,0.11691630217769035
2026-02-14 19:15:00+00:00,0.11075127865505163
2026-02-14 19:30:00+00:00,0.11202975020466106
2026-02-14 19:45:00+00:00,0.1750395550250985
2026-02-14 20:00:00+00:00,0.1243107819200311
2026-02-14 20:15:00+00:00,0.16632418921884382
2026-02-14 20:30:00+00:00,0.11445358797515608
2026-02-14 20:45:00+00:00,0.08920292567140348
2026-02-14 21:00:00+00:00,0.12582705653775034
2026-02-14 21:15:00+00:00,0.11706435031403643
2026-02-14 21:30:00+00:00,0.10284691525904278
2026-02-14 21:45:00+00:00,0.11381924511796417
2026-02-14 22:00:00+00:00,0.0924750390104696
2026-02-14 22:15:00+00:00,0.11469908993253569
2026-02-14 22:30:00+00:00,0.10244493665595251
2026-02-14 22:45:00+00:00,0.09296447410121826
2026-02-14 23:00:00+00:00,0.10731126364631688
2026-02-14 23:15:00+00:00,0.10059735234189057
2026-02-14 23:30:00+00:00,0.11187282896417716
2026-02-14 23:45:00+00:00,0.08749320872528987
2026-02-15 00:00:00+00:00,0.09627480760853402
2026-02-15 00:15:00+00:00,0.1108030289207248
2026-02-15 00:30:00+00:00,0.0931046506481614
2026-02-15 00:45:00+00:00,0.10539533077331592
2026-02-15 01:00:00+00:00,0.1175343598300871
2026-02-15 01:15:00+00:00,0.09673204973058366
2026-02-15 01:30:00+00:00,0.10771362326575305
2026-02-15 01:45:00+00:00,0.08929307718660141
2026-02-15 02:00:00+00:00,0.1078373329806781
2026-02-15 02:15:00+00:00,0.10114423985986767
2026-02-15 02:30:00+00:00,0.10208038282160216
2026-02-15 02:45:00+00:00,0.08885427927964605
2026-02-15 03:00:00+00:00,0.08163916584432827
2026-02-15 03:15:00+00:00,0.10253252064749505
2026-02-15 03:30:00+00:00,0.07495596847520544
2026-02-15 03:45:00+00:00,0.09156649507757465
2026-02-15 04:00:00+00:00,0.1060818186641997
2026-02-15 04:15:00+00:00,0.09580897735873037
2026-02-15 04:30:00+00:00,0.11267342644789813
2026-02-15 04:45:00+00:00,0.10392109152581774
2026-02-15 05:00:00+00:00,0.08631101611674424
2026-02-15 05:15:00+00:00,0.09446313379851438
2026-02-15 05:30:00+00:00,0.09425629297455564
2026-02-15 05:45:00+00:00,0.07907823236653873
2026-02-15 06:00:00+00:00,0.08717601083515647
2026-02-15 06:15:00+00:00,0.0893623909302014
2026-02-15 06:30:00+00:00,0.07588779497144063
2026-02-15 06:45:00+00:00,0.09713493468251642
2026-02-15 07:00:00+00:00,0.09817928155346958
2026-02-15 07:15:00+00:00,0.08081106098688426
2026-02-15 07:30:00+00:00,0.09971212865277332
2026-02-15 07:45:00+00:00,0.1004787274469096
2026-02-15 08:00:00+00:00,0.10142034478864889
2026-02-15 08:15:00+00:00,0.09105931824791029
2026-02-15 08:30:00+00:00,0.09842442151751854
2026-02-15 08:45:00+00:00,0.09310220360476691
2026-02-15 09:00:00+00:00,0.09456403569719689
2026-02-15 09:15:00+00:00,0.07849387749565238
2026-02-15 09:30:00+00:00,0.0856860076551118
2026-02-15 09:45:00+00:00,0.08287480650825478
2026-02-15 10:00:00+00:00,0.07376370941388269
2026-02-15 10:15:00+00:00,0.0973693933913243
2026-02-15 10:30:00+00:00,0.06916369066014616
2026-02-15 10:45:00+00:00,0.06867407013340136
2026-02-15 11:00:00+00:00,0.06319514403993663
2026-02-15 11:15:00+00:00,0.07353270835920261
2026-02-15 11:30:00+00:00,0.04926778307364725
2026-02-15 11:45:00+00:00,0.05610958201183279
2026-02-15 12:00:00+00:00,0.055958787996514325
2026-02-15 12:15:00+00:00,0.06607338347892291
2026-02-15 12:30:00+00:00,0.07398447375508907
2026-02-15 12:45:00+00:00,0.06845006187114552
2026-02-15 13:00:00+00:00,0.03999340639141108
2026-02-15 13:15:00+00:00,0.0807206965292788
2026-02-15 13:30:00+00:00,0.06878279940620868
2026-02-15 13:45:00+00:00,0.06008500859506999
2026-02-15 14:00:00+00:00,0.06362127918990941
2026-02-15 14:15:00+00:00,0.06813189822502692
2026-02-15 14:30:00+00:00,0.06762151283048436
2026-02-15 14:45:00+00:00,0.08707916667342075
2026-02-15 15:00:00+00:00,0.06512527712379693
2026-02-15 15:15:00+00:00,0.07862638007309977
2026-02-15 15:30:00+00:00,0.08181720864244915
2026-02-15 15:45:00+00:00,0.07994328710260348
2026-02-15 16:00:00+00:00,0.09395836470215384
2026-02-15 16:15:00+00:00,0.10284299436516339
2026-02-15 16:30:00+00:00,0.10364883596076373
2026-02-15 16:45:00+00:00,0.10574925252635234
2026-02-15 17:00:00+00:00,0.10297340210014869
2026-02-15 17:15:00+00:00,0.09465274501783097
2026-02-15 17:30:00+00:00,0.1072166386443119
2026-02-15 17:45:00+00:00,0.08070482460158065
2026-02-15 18:00:00+00:00,0.0836932861748752
2026-02-15 18:15:00+00:00,0.07826799928576755
2026-02-15 18:30:00+00:00,0.0927005605913931
2026-02-15 18:45:00+00:00,0.13136788514140074
2026-02-15 19:00:00+00:00,0.08769305237044996
2026-02-15 19:15:00+00:00,0.08741929865211798
2026-02-15 19:30:00+00:00,0.11069717217588013
2026-02-15 19:45:00+00:00,0.058485951198609804
2026-02-15 20:00:00+00:00,0.07367825571616836
2026-02-15 20:15:00+00:00,0.07871882103884914
2026-02-15 20:30:00+00:00,0.06478775767447802
2026-02-15 20:45:00+00:00,0.05408057111589919
2026-02-15 21:00:00+00:00,0.07840908518560989
2026-02-15 21:15:00+00:00,0.07570169167191233
2026-02-15 21:30:00+00:00,0.05849654805153198
2026-02-15 21:45:00+00:00,0.056729243286476244
2026-02-15 22:00:00+00:00,0.06091559366358347
2026-02-15 22:15:00+00:00,0.040119389825070614
2026-02-15 22:30:00+00:00,0.06049459631413729
2026-02-15 22:45:00+00:00,0.04315905356254632
2026-02-15 23:00:00+00:00,0.07826066809086725
2026-02-15 23:15:00+00:00,0.054594382822456336
2026-02-15 23:30:00+00:00,0.06157150569923525
2026-02-15 23:45:00+00:00,0.03872652239948919
2026-02-16 00:00:00+00:00,0.08298701107654186
2026-02-16 00:15:00+00:00,0.053909454178819136
2026-02-16 00:30:00+00:00,0.12710403609459897
2026-02-16 00:45:00+00:00,0.07234869643684146
2026-02-16 01:00:00+00:00,0.05562409647463939
2026-02-16 01:15:00+00:00,0.052482150487322556
2026-02-16 01:30:00+00:00,0.06813370216386339
2026-02-16 01:45:00+00:00,0.05612675962816929
2026-02-16 02:00:00+00:00,0.06422484642158208
2026-02-16 02:15:00+00:00,0.05888172409193082
2026-02-16 02:30:00+00:00,0.09782841585534367
2026-02-16 02:45:00+00:00,0.09279531980875541
2026-02-16 03:00:00+00:00,0.06527684248494597
2026-02-16 03:15:00+00:00,0.057754422536693745
2026-02-16 03:30:00+00:00,0.061229101830858675
2026-02-16 03:45:00+00:00,0.07802863839093785
2026-02-16 04:00:00+00:00,0.07183442276632444
2026-02-16 04:15:00+00:00,0.06364455278638191
2026-02-16 04:30:00+00:00,0.07250401293090139
2026-02-16 04:45:00+00:00,0.08256143033113884
2026-02-16 05:00:00+00:00,0.04690064430300425
2026-02-16 05:15:00+00:00,0.07546153054747698
2026-02-16 05:30:00+00:00,0.08942885971822154
2026-02-16 05:45:00+00:00,0.10650230208417628
2026-02-16 06:00:00+00:00,0.06300247297497535
2026-02-16 06:15:00+00:00,0.0867064473019106
2026-02-16 06:30:00+00:00,0.09045736747176533
2026-02-16 06:45:00+00:00,0.10135886954409214
2026-02-16 07:00:00+00:00,0.10181744579767985
2026-02-16 07:15:00+00:00,0.11797710407445981
2026-02-16 07:30:00+00:00,0.09815034519631927
2026-02-16 07:45:00+00:00,0.09603427501690787
2026-02-16 08:00:00+00:00,0.11802672018878747
2026-02-16 08:15:00+00:00,0.10710576938530304
2026-02-16 08:30:00+00:00,0.11667651511187974
2026-02-16 08:45:00+00:00,0.10591728003009836
2026-02-16 09:00:00+00:00,0.1002488338128673
2026-02-16 09:15:00+00:00,0.08867871645222195
2026-02-16 09:30:00+00:00,0.0821848775094107
2026-02-16 09:45:00+00:00,0.10125051834758474
2026-02-16 10:00:00+00:00,0.10946596823087008
2026-02-16 10:15:00+00:00,0.16301362141386383
2026-02-16 10:30:00+00:00,0.1023710533232324
2026-02-16 10:45:00+00:00,0.10502838577534986
2026-02-16 11:00:00+00:00,0.13608983667346314
2026-02-16 11:15:00+00:00,0.08033584183256143
2026-02-16 11:30:00+00:00,0.10077079332417554
2026-02-16 11:45:00+00:00,0.09612680752239401
2026-02-16 12:00:00+00:00,0.09464444374340893
2026-02-16 12:15:00+00:00,0.09733371480632991
2026-02-16 12:30:00+00:00,0.09698185482458206
2026-02-16 12:45:00+00:00,0.10966816859853562
2026-02-16 13:00:00+00:00,0.10393985584816956
2026-02-16 13:15:00+00:00,0.09912220352340347
2026-02-16 13:30:00+00:00,0.10787802872562928
2026-02-16 13:45:00+00:00,0.10510062552424775
2026-02-16 14:00:00+00:00,0.0912983026796538
2026-02-16 14:15:00+00:00,0.1061656467491314
2026-02-16 14:30:00+00:00,0.09392504931140738
2026-02-16 14:45:00+00:00,0.12445891552295882
2026-02-16 15:00:00+00:00,0.09416477060233965
2026-02-16 15:15:00+00:00,0.11750803286794734
2026-02-16 15:30:00+00:00,0.1095784604157384
2026-02-16 15:45:00+00:00,0.12795388983074427
2026-02-16 16:00:00+00:00,0.11986074774072092
2026-02-16 16:15:00+00:00,0.11344244041836668
2026-02-16 16:30:00+00:00,0.13597699631018478
2026-02-16 16:45:00+00:00,0.13428079223167289
2026-02-16 17:00:00+00:00,0.1408414672081337
2026-02-16 17:15:00+00:00,0.12923325688734408
2026-02-16 17:30:00+00:00,0.13275420985388037
2026-02-16 17:45:00+00:00,0.11684431044984789
2026-02-16 18:00:00+00:00,0.1272466776857264
2026-02-16 18:15:00+00:00,0.12200361363898916
2026-02-16 18:30:00+00:00,0.13517702480242555
2026-02-16 18:45:00+00:00,0.1358537708780549
2026-02-16 19:00:00+00:00,0.11373828248257123
2026-02-16 19:15:00+00:00,0.1302684814465768
2026-02-16 19:30:00+00:00,0.09211322582274298
2026-02-16 19:45:00+00:00,0.0954881059890771
2026-02-16 20:00:00+00:00,0.10267221543813225
2026-02-16 20:15:00+00:00,0.09441491310559277
2026-02-16 20:30:00+00:00,0.0838941161021242
2026-02-16 20:45:00+00:00,0.09978998912137797
2026-02-16 21:00:00+00:00,0.10385932302272138
2026-02-16 21:15:00+00:00,0.1087740539760511
2026-02-16 21:30:00+00:00,0.10813472686121513
2026-02-16 21:45:00+00:00,0.09812616993172533
2026-02-16 22:00:00+00:00,0.10815763176150374
2026-02-16 22:15:00+00:00,0.09394467713757731
2026-02-16 22:30:00+00:00,0.07745006611694255
2026-02-16 22:45:00+00:00,0.09605814180820796
2026-02-16 23:00:00+00:00,0.08355887867218874
2026-02-16 23:15:00+00:00,0.07873403701237575
2026-02-16 23:30:00+00:00,0.08395082124195602
2026-02-16 23:45:00+00:00,0.07568189080703487
2026-02-17 00:00:00+00:00,0.08238569618010567
2026-02-17 00:15:00+00:00,0.08822053921563466
2026-02-17 00:30:00+00:00,0.08829341739246127
2026-02-17 00:45:00+00:00,0.0752916993357437
2026-02-17 01:00:00+00:00,0.07957294627051255
2026-02-17 01:15:00+00:00,0.09513333004770244
2026-02-17 01:30:00+00:00,0.09023400117733942
2026-02-17 01:45:00+00:00,0.10576065039348542
2026-02-17 02:00:00+00:00,0.09813128173741528
2026-02-17 02:15:00+00:00,0.09729293068559938
2026-02-17 02:30:00+00:00,0.07204131449544197
2026-02-17 02:45:00+00:00,0.09213860351633424
2026-02-17 03:00:00+00:00,0.0819389319830309
2026-02-17 03:15:00+00:00,0.08054018196461751
2026-02-17 03:30:00+00:00,0.08546015340532528
2026-02-17 03:45:00+00:00,0.09642211534611483
2026-02-17 04:00:00+00:00,0.08821831591004212
2026-02-17 04:15:00+00:00,0.0769352619865794
2026-02-17 04:30:00+00:00,0.0954045891359262
2026-02-17 04:45:00+00:00,0.09208412457924037
2026-02-17 05:00:00+00:00,0.09001683118964286
2026-02-17 05:15:00+00:00,0.09995649932522865
2026-02-17 05:30:00+00:00,0.10336133748264374
2026-02-17 05:45:00+00:00,0.1221624297504051
2026-02-17 06:00:00+00:00,0.09525806280184103
2026-02-17 06:15:00+00:00,0.12960195074276934
2026-02-17 06:30:00+00:00,0.09824913930705503
2026-02-17 06:45:00+00:00,0.11906332316745144
2026-02-17 07:00:00+00:00,0.12174211889941741
2026-02-17 07:15:00+00:00,0.1221331416643531
2026-02-17 07:30:00+00:00,0.11253524279428295
2026-02-17 07:45:00+00:00,0.11097609296998458
2026-02-17 08:00:00+00:00,0.12935550085327616
2026-02-17 08:15:00+00:00,0.10948930522542319
2026-02-17 08:30:00+00:00,0.11981181257934906
2026-02-17 08:45:00+00:00,0.10881349114231602
2026-02-17 09:00:00+00:00,0.11498824351005633
2026-02-17 09:15:00+00:00,0.09346843276629582
2026-02-17 09:30:00+00:00,0.09993611575594297
2026-02-17 09:45:00+00:00,0.09647534051279297
2026-02-17 10:00:00+00:00,0.09035398624310534
2026-02-17 10:15:00+00:00,0.10068164183945767
2026-02-17 10:30:00+00:00,0.08406354242220185
2026-02-17 10:45:00+00:00,0.09184403829850238
2026-02-17 11:00:00+00:00,0.07761808437105668
2026-02-17 11:15:00+00:00,0.10161040612841821
2026-02-17 11:30:00+00:00,0.1247466734140794
2026-02-17 11:45:00+00:00,0.08150302337200437
2026-02-17 12:00:00+00:00,0.09489859310388069
2026-02-17 12:15:00+00:00,0.07739359569799886
2026-02-17 12:30:00+00:00,0.08752468643432951
2026-02-17 12:45:00+00:00,0.06779816402199583
2026-02-17 13:00:00+00:00,0.09673117699182561
2026-02-17 13:15:00+00:00,0.08217149264965759
2026-02-17 13:30:00+00:00,0.07632588592031121
2026-02-17 13:45:00+00:00,0.08014818227572566
2026-02-17 14:00:00+00:00,0.09019919269392719
2026-02-17 14:15:00+00:00,0.07689544708149561
2026-02-17 14:30:00+00:00,0.07918642310577222
2026-02-17 14:45:00+00:00,0.09176463402416261
2026-02-17 15:00:00+00:00,0.07858037887230032
2026-02-17 15:15:00+00:00,0.10923543907941816
2026-02-17 15:30:00+00:00,0.08636605408785276
2026-02-17 15:45:00+00:00,0.11123616786180403
2026-02-17 16:00:00+00:00,0.10509470083647772
2026-02-17 16:15:00+00:00,0.09795465949518033
2026-02-17 16:30:00+00:00,0.1117804529078727
2026-02-17 16:45:00+00:00,0.1284200277931075
2026-02-17 17:00:00+00:00,0.11848738664913694
2026-02-17 17:15:00+00:00,0.13343112945851027
2026-02-17 17:30:00+00:00,0.14210515392781864
2026-02-17 17:45:00+00:00,0.1433291485465833
2026-02-17 18:00:00+00:00,0.12879343227727003
2026-02-17 18:15:00+00:00,0.11896157552218511
2026-02-17 18:30:00+00:00,0.11761412394637205
2026-02-17 18:45:00+00:00,0.1214624094066672
2026-02-17 19:00:00+00:00,0.12486786713532355
2026-02-17 19:15:00+00:00,0.09052428595239553
2026-02-17 19:30:00+00:00,0.10834886798388249
2026-02-17 19:45:00+00:00,0.10641089225323185
2026-02-17 20:00:00+00:00,0.10816455743684449
2026-02-17 20:15:00+00:00,0.11810273839015879
2026-02-17 20:30:00+00:00,0.10139780074250872
2026-02-17 20:45:00+00:00,0.09960191908080897
2026-02-17 21:00:00+00:00,0.09588039479649768
2026-02-17 21:15:00+00:00,0.10489477492506924
2026-02-17 21:30:00+00:00,0.1062306639452752
2026-02-17 21:45:00+00:00,0.1025769344927266
2026-02-17 22:00:00+00:00,0.08296858406571267
2026-02-17 22:15:00+00:00,0.08803323922457619
2026-02-17 22:30:00+00:00,0.08480835294550204
2026-02-17 22:45:00+00:00,0.09061254535076328
2026-02-17 23:00:00+00:00,0.10300353555014534
2026-02-17 23:15:00+00:00,0.08827107325974264
2026-02-17 23:30:00+00:00,0.09579838513916937
2026-02-17 23:45:00+00:00,0.07440072667843864
2026-02-18 00:00:00+00:00,0.10907945005801889
2026-02-18 00:15:00+00:00,0.08795625759323306
2026-02-18 00:30:00+00:00,0.09401863939844497
2026-02-18 00:45:00+00:00,0.08995350286011938
2026-02-18 01:00:00+00:00,0.10430027575013416
2026-02-18 01:15:00+00:00,0.06526493558602621
2026-02-18 01:30:00+00:00,0.09368389657674091
2026-02-18 01:45:00+00:00,0.09178181242502302
2026-02-18 02:00:00+00:00,0.08919363612408317
2026-02-18 02:15:00+00:00,0.10970226545635632
2026-02-18 02:30:00+00:00,0.08259670541144229
2026-02-18 02:45:00+00:00,0.10077796177235662
2026-02-18 03:00:00+00:00,0.09396252788706083
2026-02-18 03:15:00+00:00,0.10568519252535516
2026-02-18 03:30:00+00:00,0.08769810915222494
2026-02-18 03:45:00+00:00,0.0885003110087624
2026-02-18 04:00:00+00:00,0.10768069907477398
2026-02-18 04:15:00+00:00,0.10117321308330111
2026-02-18 04:30:00+00:00,0.08554062653323241
2026-02-18 04:45:00+00:00,0.10476694985536729
2026-02-18 05:00:00+00:00,0.10201382653848061
2026-02-18 05:15:00+00:00,0.11999764221546588
2026-02-18 05:30:00+00:00,0.12269769346807044
2026-02-18 05:45:00+00:00,0.1216474401018306
2026-02-18 06:00:00+00:00,0.15368223185737034
2026-02-18 06:15:00+00:00,0.15372679310056023
2026-02-18 06:30:00+00:00,0.16726661201877588
2026-02-18 06:45:00+00:00,0.17260674075015858
2026-02-18 07:00:00+00:00,0.2145698086019774
2026-02-18 07:15:00+00:00,0.20375617450404968
2026-02-18 07:30:00+00:00,0.18022343619287748
2026-02-18 07:45:00+00:00,0.1668802436296276
2026-02-18 08:00:00+00:00,0.16249324683023073
2026-02-18 08:15:00+00:00,0.16376300042721917
2026-02-18 08:30:00+00:00,0.11156264527833003
2026-02-18 08:45:00+00:00,0.11301449376046037
2026-02-18 09:00:00+00:00,0.11737286625051985
2026-02-18 09:15:00+00:00,0.11597617668144533
2026-02-18 09:30:00+00:00,0.10747384146233323
2026-02-18 09:45:00+00:00,0.1080161363726307
2026-02-18 10:00:00+00:00,0.11325563881141898
2026-02-18 10:15:00+00:00,0.11240407138279916
2026-02-18 10:30:00+00:00,0.11137440133138894
2026-02-18 10:45:00+00:00,0.12312928677383142
2026-02-18 11:00:00+00:00,0.15205703344713875
2026-02-18 11:15:00+00:00,0.09139977299333621
2026-02-18 11:30:00+00:00,0.10175083615316409
2026-02-18 11:45:00+00:00,0.09199719972860457
2026-02-18 12:00:00+00:00,0.11717960768436536
2026-02-18 12:15:00+00:00,0.09798781961054769
2026-02-18 12:30:00+00:00,0.09418423632126009
2026-02-18 12:45:00+00:00,0.09427684278848882
2026-02-18 13:00:00+00:00,0.10506417423471641
2026-02-18 13:15:00+00:00,0.09848253016768514
2026-02-18 13:30:00+00:00,0.09974333179869618
2026-02-18 13:45:00+00:00,0.12712351917623532
2026-02-18 14:00:00+00:00,0.09759830159338251
2026-02-18 14:15:00+00:00,0.10985566074032993
2026-02-18 14:30:00+00:00,0.1215130615161023
2026-02-18 14:45:00+00:00,0.10939664889582926
2026-02-18 15:00:00+00:00,0.11580260501405926
2026-02-18 15:15:00+00:00,0.1098789232451955
2026-02-18 15:30:00+00:00,0.13636782780834003
2026-02-18 15:45:00+00:00,0.11913348988081025
2026-02-18 16:00:00+00:00,0.1449176903184886
2026-02-18 16:15:00+00:00,0.14835833066294712
2026-02-18 16:30:00+00:00,0.15099436525632806
2026-02-18 16:45:00+00:00,0.14646316648238103
2026-02-18 17:00:00+00:00,0.151176990570703
2026-02-18 17:15:00+00:00,0.13917580423665157
2026-02-18 17:30:00+00:00,0.15380034690817104
2026-02-18 17:45:00+00:00,0.12587504779832356
2026-02-18 18:00:00+00:00,0.11916933926430003
2026-02-18 18:15:00+00:00,0.1271536893503283
2026-02-18 18:30:00+00:00,0.11149863196813505
2026-02-18 18:45:00+00:00,0.10036936502533872
2026-02-18 19:00:00+00:00,0.10319395737830235
2026-02-18 19:15:00+00:00,0.09846090160539483
2026-02-18 19:30:00+00:00,0.09695284976103508
2026-02-18 19:45:00+00:00,0.094410917276607
2026-02-18 20:00:00+00:00,0.16565306244299483
2026-02-18 20:15:00+00:00,0.10647897923665793
2026-02-18 20:30:00+00:00,0.0870412778044682
2026-02-18 20:45:00+00:00,0.0862780432362028
2026-02-18 21:00:00+00:00,0.10704157468915183
2026-02-18 21:15:00+00:00,0.1087357016292857
2026-02-18 21:30:00+00:00,0.092053141994832
2026-02-18 21:45:00+00:00,0.0869586914578959
2026-02-18 22:00:00+00:00,0.08749133998914455
2026-02-18 22:15:00+00:00,0.07795794735587774
2026-02-18 22:30:00+00:00,0.09358269672043523
2026-02-18 22:45:00+00:00,0.08688978523639557
2026-02-18 23:00:00+00:00,0.09361363525106661
2026-02-18 23:15:00+00:00,0.08200340553647945
2026-02-18 23:30:00+00:00,0.09735934745891751
2026-02-18 23:45:00+00:00,0.07583881505415183
2026-02-19 00:00:00+00:00,0.09630269237207205
2026-02-19 00:15:00+00:00,0.08344257105010457
2026-02-19 00:30:00+00:00,0.07471649235320663
2026-02-19 00:45:00+00:00,0.08194530307317761
2026-02-19 01:00:00+00:00,0.08898636118683993
2026-02-19 01:15:00+00:00,0.08556972759266926
2026-02-19 01:30:00+00:00,0.08181278422056198
2026-02-19 01:45:00+00:00,0.0794510691828317
2026-02-19 02:00:00+00:00,0.10746371992870439
2026-02-19 02:15:00+00:00,0.09260256645196173
2026-02-19 02:30:00+00:00,0.08789826894985513
2026-02-19 02:45:00+00:00,0.08190799158203388
2026-02-19 03:00:00+00:00,0.08416157200596669
2026-02-19 03:15:00+00:00,0.08131994776391452
2026-02-19 03:30:00+00:00,0.07897204752774035
2026-02-19 03:45:00+00:00,0.07864435674734085
2026-02-19 04:00:00+00:00,0.07880082662337312
2026-02-19 04:15:00+00:00,0.05055574264121944
2026-02-19 04:30:00+00:00,0.08849600839297642
2026-02-19 04:45:00+00:00,0.0834552391988964
2026-02-19 05:00:00+00:00,0.09590669998282883
2026-02-19 05:15:00+00:00,0.08356344070811754
2026-02-19 05:30:00+00:00,0.07529036580465037
2026-02-19 05:45:00+00:00,0.09742119845871881
2026-02-19 06:00:00+00:00,0.07154878914937496
2026-02-19 06:15:00+00:00,0.09407407415712467
2026-02-19 06:30:00+00:00,0.09645947364339484
2026-02-19 06:45:00+00:00,0.10162839631108268
2026-02-19 07:00:00+00:00,0.08646118208305434
2026-02-19 07:15:00+00:00,0.09818008096228147
2026-02-19 07:30:00+00:00,0.08460978204573365
2026-02-19 07:45:00+00:00,0.10432494781924714
2026-02-19 08:00:00+00:00,0.11081871180440123
2026-02-19 08:15:00+00:00,0.1092080502102757
2026-02-19 08:30:00+00:00,0.10359619031356941
2026-02-19 08:45:00+00:00,0.10512772890788791
2026-02-19 09:00:00+00:00,0.12285339108308596
2026-02-19 09:15:00+00:00,0.09840905742957987
2026-02-19 09:30:00+00:00,0.09968645183710084
2026-02-19 09:45:00+00:00,0.0867487370081859
2026-02-19 10:00:00+00:00,0.08853739038401667
2026-02-19 10:15:00+00:00,0.09781813293093307
2026-02-19 10:30:00+00:00,0.10633933546701907
2026-02-19 10:45:00+00:00,0.08850719175748427
2026-02-19 11:00:00+00:00,0.09216083470687876
2026-02-19 11:15:00+00:00,0.08610114755495625
2026-02-19 11:30:00+00:00,0.08415243329155676
2026-02-19 11:45:00+00:00,0.14275971455708822
2026-02-19 12:00:00+00:00,0.07588742354821355
2026-02-19 12:15:00+00:00,0.10296939576666728
2026-02-19 12:30:00+00:00,0.0831057770187054
2026-02-19 12:45:00+00:00,0.09683903485438142
2026-02-19 13:00:00+00:00,0.07649001402606125
2026-02-19 13:15:00+00:00,0.09638840130546218
2026-02-19 13:30:00+00:00,0.09667944607814498
2026-02-19 13:45:00+00:00,0.09563202072005897
2026-02-19 14:00:00+00:00,0.07533571478200207
2026-02-19 14:15:00+00:00,0.09084548189598077
2026-02-19 14:30:00+00:00,0.08465943815265611
2026-02-19 14:45:00+00:00,0.09770236744903815
2026-02-19 15:00:00+00:00,0.09829413100955325
2026-02-19 15:15:00+00:00,0.10449701927070743
2026-02-19 15:30:00+00:00,0.09948182942540433
2026-02-19 15:45:00+00:00,0.09196193424077158
2026-02-19 16:00:00+00:00,0.10466587712174194
2026-02-19 16:15:00+00:00,0.10355381237698025
2026-02-19 16:30:00+00:00,0.08572684401769576
2026-02-19 16:45:00+00:00,0.12009629826316517
2026-02-19 17:00:00+00:00,0.10367767166130308
2026-02-19 17:15:00+00:00,0.11897451247983072
2026-02-19 17:30:00+00:00,0.10908729481157195
2026-02-19 17:45:00+00:00,0.09139296186804
2026-02-19 18:00:00+00:00,0.12644083858345184
2026-02-19 18:15:00+00:00,0.12027563676681974
2026-02-19 18:30:00+00:00,0.08753328372393548
2026-02-19 18:45:00+00:00,0.09030500454133393
2026-02-19 19:00:00+00:00,0.13813217743719902
2026-02-19 19:15:00+00:00,0.09694389385846197
2026-02-19 19:30:00+00:00,0.10505958976376216
2026-02-19 19:45:00+00:00,0.08710340172631616
2026-02-19 20:00:00+00:00,0.13301697101146842
2026-02-19 20:15:00+00:00,0.09581741753204094
2026-02-19 20:30:00+00:00,0.09443395439713895
2026-02-19 20:45:00+00:00,0.08993121761331628
2026-02-19 21:00:00+00:00,0.09781359164493608
2026-02-19 21:15:00+00:00,0.09950268271645636
2026-02-19 21:30:00+00:00,0.08754883048746194
2026-02-19 21:45:00+00:00,0.07088993832052636
2026-02-19 22:00:00+00:00,0.09558184791561938
2026-02-19 22:15:00+00:00,0.06584628244677576
2026-02-19 22:30:00+00:00,0.06269642542715799
2026-02-19 22:45:00+00:00,0.08887180494701567
2026-02-19 23:00:00+00:00,0.09260020272135357
2026-02-19 23:15:00+00:00,0.08458604634925963
2026-02-19 23:30:00+00:00,0.07231551495244928
2026-02-19 23:45:00+00:00,0.07820089059325924
2026-02-20 00:00:00+00:00,0.08420253252313496
2026-02-20 00:15:00+00:00,0.07061106031425886
2026-02-20 00:30:00+00:00,0.07822971341976767
2026-02-20 00:45:00+00:00,0.0912133033817668
2026-02-20 01:00:00+00:00,0.10052305364289216
2026-02-20 01:15:00+00:00,0.08108565247341448
2026-02-20 01:30:00+00:00,0.09213488354316099
2026-02-20 01:45:00+00:00,0.06650939929412533
2026-02-20 02:00:00+00:00,0.0913345124111361
2026-02-20 02:15:00+00:00,0.07670051585272519
2026-02-20 02:30:00+00:00,0.0879334561670797
2026-02-20 02:45:00+00:00,0.08270247581760291
2026-02-20 03:00:00+00:00,0.09560414009783834
2026-02-20 03:15:00+00:00,0.07466564351660082
2026-02-20 03:30:00+00:00,0.09135606297561831
2026-02-20 03:45:00+00:00,0.08398492536703465
2026-02-20 04:00:00+00:00,0.08394694521990335
2026-02-20 04:15:00+00:00,0.0834814610684079
2026-02-20 04:30:00+00:00,0.08115326895505887
2026-02-20 04:45:00+00:00,0.10047901034093329
2026-02-20 05:00:00+00:00,0.0845935177787818
2026-02-20 05:15:00+00:00,0.1076824024840673
2026-02-20 05:30:00+00:00,0.11281505145692862
2026-02-20 05:45:00+00:00,0.12484994549612237
2026-02-20 06:00:00+00:00,0.1184450861604737
2026-02-20 06:15:00+00:00,0.10189376678172199
2026-02-20 06:30:00+00:00,0.1274977250059077
2026-02-20 06:45:00+00:00,0.10284663572890146
2026-02-20 07:00:00+00:00,0.12704855888137734
2026-02-20 07:15:00+00:00,0.12812738784702868
2026-02-20 07:30:00+00:00,0.09560683108337496
2026-02-20 07:45:00+00:00,0.10767979246529409
2026-02-20 08:00:00+00:00,0.11773503886639684
2026-02-20 08:15:00+00:00,0.10813234742064626
2026-02-20 08:30:00+00:00,0.11779852330699005
2026-02-20 08:45:00+00:00,0.08776320859362581
2026-02-20 09:00:00+00:00,0.09534623070881951
2026-02-20 09:15:00+00:00,0.09509694940005092
2026-02-20 09:30:00+00:00,0.09190589746298417
2026-02-20 09:45:00+00:00,0.08018351413989874
2026-02-20 10:00:00+00:00,0.10174370545669252
2026-02-20 10:15:00+00:00,0.09120975661964091
2026-02-20 10:30:00+00:00,0.0609278868026857
2026-02-20 10:45:00+00:00,0.07074533036492991
2026-02-20 11:00:00+00:00,0.07931157900648302
2026-02-20 11:15:00+00:00,0.08720360953429422
2026-02-20 11:30:00+00:00,0.05277182943625889
2026-02-20 11:45:00+00:00,0.15318009708717722
2026-02-20 12:00:00+00:00,0.0855302609489421
2026-02-20 12:15:00+00:00,0.08250876803917691
2026-02-20 12:30:00+00:00,0.09233567716419146
2026-02-20 12:45:00+00:00,0.10007654052812626
2026-02-20 13:00:00+00:00,0.08432746644588404
2026-02-20 13:15:00+00:00,0.08961813096471621
2026-02-20 13:30:00+00:00,0.08234690024464382
2026-02-20 13:45:00+00:00,0.08162474246633052
2026-02-20 14:00:00+00:00,0.068792045559951
2026-02-20 14:15:00+00:00,0.07532888008285457
2026-02-20 14:30:00+00:00,0.07853985900300503
2026-02-20 14:45:00+00:00,0.07780444035657016
2026-02-20 15:00:00+00:00,0.08176128549314976
2026-02-20 15:15:00+00:00,0.07656332422773614
2026-02-20 15:30:00+00:00,0.0966391652414371
2026-02-20 15:45:00+00:00,0.09640669391957658
2026-02-20 16:00:00+00:00,0.09885935298386689
2026-02-20 16:15:00+00:00,0.09423868429980008
2026-02-20 16:30:00+00:00,0.13570860370180504
2026-02-20 16:45:00+00:00,0.11756115900180313
2026-02-20 17:00:00+00:00,0.08612457499915277
2026-02-20 17:15:00+00:00,0.10048868087426897
2026-02-20 17:30:00+00:00,0.08425993857062677
2026-02-20 17:45:00+00:00,0.07791520273292586
2026-02-20 18:00:00+00:00,0.07805927928876065
2026-02-20 18:15:00+00:00,0.09395216690759255
2026-02-20 18:30:00+00:00,0.07544619764930426
2026-02-20 18:45:00+00:00,0.07827826024025203
2026-02-20 19:00:00+00:00,0.1059378221453044
2026-02-20 19:15:00+00:00,0.0972191438521145
2026-02-20 19:30:00+00:00,0.11449613233925897
2026-02-20 19:45:00+00:00,0.0671136561069201
2026-02-20 20:00:00+00:00,0.094164542166423
2026-02-20 20:15:00+00:00,0.07068821824896035
2026-02-20 20:30:00+00:00,0.05416228042607125
2026-02-20 20:45:00+00:00,0.06293520665775973
2026-02-20 21:00:00+00:00,0.08391495875732054
2026-02-20 21:15:00+00:00,0.07590967750711738
2026-02-20 21:30:00+00:00,0.053039239881720726
2026-02-20 21:45:00+00:00,0.03391715533477806
2026-02-20 22:00:00+00:00,0.0540955022550789
2026-02-20 22:15:00+00:00,0.04740978612610003
2026-02-20 22:30:00+00:00,0.034957799931826516
2026-02-20 22:45:00+00:00,0.03308155191349617
2026-02-20 23:00:00+00:00,0.039644948119314995
2026-02-20 23:15:00+00:00,0.04142952577530128
2026-02-20 23:30:00+00:00,0.05819911248276875
2026-02-20 23:45:00+00:00,0.055147905202778943
2026-02-21 00:00:00+00:00,0.04896123234613134
2026-02-21 00:15:00+00:00,0.03692235690923047
2026-02-21 00:30:00+00:00,0.03790596448473989
2026-02-21 00:45:00+00:00,0.03468731754058686
2026-02-21 01:00:00+00:00,0.05667518491645291
2026-02-21 01:15:00+00:00,0.056372456913443246
2026-02-21 01:30:00+00:00,0.03655468264518031
2026-02-21 01:45:00+00:00,0.02345507574015216
2026-02-21 02:00:00+00:00,0.04904843637866334
2026-02-21 02:15:00+00:00,0.032814650293741504
2026-02-21 02:30:00+00:00,0.03239747361138798
2026-02-21 02:45:00+00:00,0.05488276090437037
2026-02-21 03:00:00+00:00,0.04835115428565768
2026-02-21 03:15:00+00:00,0.04036974312251451
2026-02-21 03:30:00+00:00,0.027310809988872774
2026-02-21 03:45:00+00:00,0.03911396567470659
2026-02-21 04:00:00+00:00,0.04742657290787526
2026-02-21 04:15:00+00:00,0.03196366334234465
2026-02-21 04:30:00+00:00,0.05367114089986715
2026-02-21 04:45:00+00:00,0.058157452895182066
2026-02-21 05:00:00+00:00,0.04157732832143474
2026-02-21 05:15:00+00:00,0.08300243126531354
2026-02-21 05:30:00+00:00,0.04388391699806012
2026-02-21 05:45:00+00:00,0.0646818728833109
2026-02-21 06:00:00+00:00,0.04684393937068976
2026-02-21 06:15:00+00:00,0.033337658922097876
2026-02-21 06:30:00+00:00,0.046174571634721384
2026-02-21 06:45:00+00:00,0.05896554953773739
2026-02-21 07:00:00+00:00,0.03905438578053781
2026-02-21 07:15:00+00:00,0.051497410846358074
2026-02-21 07:30:00+00:00,0.07004547118230253
2026-02-21 07:45:00+00:00,0.03831746148834719
2026-02-21 08:00:00+00:00,0.07536482101794514
2026-02-21 08:15:00+00:00,0.06653374218703159
2026-02-21 08:30:00+00:00,0.05535235384169524
2026-02-21 08:45:00+00:00,0.0622939082787181
2026-02-21 09:00:00+00:00,0.06455147726906325
2026-02-21 09:15:00+00:00,0.07428990368438683
2026-02-21 09:30:00+00:00,0.06700683142769942
2026-02-21 09:45:00+00:00,0.04040929276816991
2026-02-21 10:00:00+00:00,0.06768262413464177
2026-02-21 10:15:00+00:00,0.05572372146356752
2026-02-21 10:30:00+00:00,0.054788325705181
2026-02-21 10:45:00+00:00,0.04070828099030184
2026-02-21 11:00:00+00:00,0.07928137069120836
2026-02-21 11:15:00+00:00,0.061760618199025764
2026-02-21 11:30:00+00:00,0.039072288360270324
2026-02-21 11:45:00+00:00,0.029133893930897672
2026-02-21 12:00:00+00:00,0.043893273690221515
2026-02-21 12:15:00+00:00,0.04926502646091306
2026-02-21 12:30:00+00:00,0.04719205843946223
2026-02-21 12:45:00+00:00,0.05572132824768243
2026-02-21 13:00:00+00:00,0.05094919722180852
2026-02-21 13:15:00+00:00,0.06039569025752907
2026-02-21 13:30:00+00:00,0.062368554006104374
2026-02-21 13:45:00+00:00,0.057277012697890095
2026-02-21 14:00:00+00:00,0.04737301468853099
2026-02-21 14:15:00+00:00,0.07083089739908666
2026-02-21 14:30:00+00:00,0.07756477071475354
2026-02-21 14:45:00+00:00,0.09293090368623748
2026-02-21 15:00:00+00:00,0.06432251684753867
2026-02-21 15:15:00+00:00,0.12245188151458156
2026-02-21 15:30:00+00:00,0.08733655935953889
2026-02-21 15:45:00+00:00,0.09202047443032653
2026-02-21 16:00:00+00:00,0.08170312280538557
2026-02-21 16:15:00+00:00,0.09453288755143333
2026-02-21 16:30:00+00:00,0.09329536758014018
2026-02-21 16:45:00+00:00,0.11789244917564096
2026-02-21 17:00:00+00:00,0.10385544242411966
2026-02-21 17:15:00+00:00,0.12400755545126182
2026-02-21 17:30:00+00:00,0.12500747850540908
2026-02-21 17:45:00+00:00,0.10643954035278257
2026-02-21 18:00:00+00:00,0.0969255126745265
2026-02-21 18:15:00+00:00,0.08094102122266664
2026-02-21 18:30:00+00:00,0.08400962926973209
2026-02-21 18:45:00+00:00,0.0834116517510134
2026-02-21 19:00:00+00:00,0.11027469627461506
2026-02-21 19:15:00+00:00,0.08842824587226947
2026-02-21 19:30:00+00:00,0.09120604524091988
2026-02-21 19:45:00+00:00,0.06311578991064873
2026-02-21 20:00:00+00:00,0.07420033570782739
2026-02-21 20:15:00+00:00,0.09371079776446287
2026-02-21 20:30:00+00:00,0.08509774112382586
2026-02-21 20:45:00+00:00,0.07652794721314403
2026-02-21 21:00:00+00:00,0.09164842358600121
2026-02-21 21:15:00+00:00,0.09699797806135815
2026-02-21 21:30:00+00:00,0.07023957536462949
2026-02-21 21:45:00+00:00,0.0679736980265807
2026-02-21 22:00:00+00:00,0.08162596918731305
2026-02-21 22:15:00+00:00,0.09718109635273993
2026-02-21 22:30:00+00:00,0.04570643735580974
2026-02-21 22:45:00+00:00,0.05401223014788808
2026-02-21 23:00:00+00:00,0.06688197751240936
2026-02-21 23:15:00+00:00,0.06500771726184179
2026-02-21 23:30:00+00:00,0.04704627446005276
2026-02-21 23:45:00+00:00,0.0452203496914155
2026-02-22 00:00:00+00:00,0.06734410579465495
2026-02-22 00:15:00+00:00,0.08708910201043842
2026-02-22 00:30:00+00:00,0.058370361894020714
2026-02-22 00:45:00+00:00,0.03507934401969491
2026-02-22 01:00:00+00:00,0.045772403179772964
2026-02-22 01:15:00+00:00,0.04090585891616146
2026-02-22 01:30:00+00:00,0.02372356827369985
2026-02-22 01:45:00+00:00,0.035799098082985634
2026-02-22 02:00:00+00:00,0.046118290818217444
2026-02-22 02:15:00+00:00,0.02532767880923205
2026-02-22 02:30:00+00:00,0.055644826510505924
2026-02-22 02:45:00+00:00,0.046687748210843386
2026-02-22 03:00:00+00:00,0.02956766678028962
2026-02-22 03:15:00+00:00,0.034124703626621525
2026-02-22 03:30:00+00:00,0.05780321807641033
2026-02-22 03:45:00+00:00,0.049135478135058655
2026-02-22 04:00:00+00:00,0.039167836548981476
2026-02-22 04:15:00+00:00,0.037703166830390156
2026-02-22 04:30:00+00:00,0.038706090704516596
2026-02-22 04:45:00+00:00,0.030932364420576966
2026-02-22 05:00:00+00:00,0.011252504942809854
2026-02-22 05:15:00+00:00,0.05442177910534731
2026-02-22 05:30:00+00:00,0.036813249991994014
2026-02-22 05:45:00+00:00,0.041921472651225374
2026-02-22 06:00:00+00:00,0.08653092250123091
2026-02-22 06:15:00+00:00,0.08529883199275412
2026-02-22 06:30:00+00:00,0.039460755190512294
2026-02-22 06:45:00+00:00,0.028936052378056885
2026-02-22 07:00:00+00:00,0.06483086498053305
2026-02-22 07:15:00+00:00,0.08198488001577604
2026-02-22 07:30:00+00:00,0.0376503371615282
2026-02-22 07:45:00+00:00,0.05065740795613599
2026-02-22 08:00:00+00:00,0.06648075724852377
2026-02-22 08:15:00+00:00,0.056235089992626545
2026-02-22 08:30:00+00:00,0.04372864203969538
2026-02-22 08:45:00+00:00,0.1186133836075734
2026-02-22 09:00:00+00:00,0.11639000626785481
2026-02-22 09:15:00+00:00,0.06273434957216452
2026-02-22 09:30:00+00:00,0.11186734241170841
2026-02-22 09:45:00+00:00,0.07321361900582452
2026-02-22 10:00:00+00:00,0.07656094895036113
2026-02-22 10:15:00+00:00,0.048972846569967046
2026-02-22 10:30:00+00:00,0.07082884992811153
2026-02-22 10:45:00+00:00,0.054541681897589005
2026-02-22 11:00:00+00:00,0.056780958161377494
2026-02-22 11:15:00+00:00,0.04042729168356671
2026-02-22 11:30:00+00:00,0.04866614234611804
2026-02-22 11:45:00+00:00,0.03470176409663435
2026-02-22 12:00:00+00:00,0.06461058814893308
2026-02-22 12:15:00+00:00,0.05680080500402805
2026-02-22 12:30:00+00:00,0.020225136489836884
2026-02-22 12:45:00+00:00,0.036709651359957296
2026-02-22 13:00:00+00:00,0.05534861504794253
2026-02-22 13:15:00+00:00,0.040423210376865554
2026-02-22 13:30:00+00:00,0.04931063645002365
2026-02-22 13:45:00+00:00,0.048301654676270844
2026-02-22 14:00:00+00:00,0.048926602319526266
2026-02-22 14:15:00+00:00,0.04060685021931702
2026-02-22 14:30:00+00:00,0.0333441919586429
2026-02-22 14:45:00+00:00,0.04621469852574973
2026-02-22 15:00:00+00:00,0.05986352514455317
2026-02-22 15:15:00+00:00,0.05131458255518883
2026-02-22 15:30:00+00:00,0.05607487755392775
2026-02-22 15:45:00+00:00,0.06212109957677647
2026-02-22 16:00:00+00:00,0.0633681115451925
2026-02-22 16:15:00+00:00,0.0827391179448814
2026-02-22 16:30:00+00:00,0.07252755918131973
2026-02-22 16:45:00+00:00,0.07581935286698431
2026-02-22 17:00:00+00:00,0.08224651775540173
2026-02-22 17:15:00+00:00,0.07918123336135283
2026-02-22 17:30:00+00:00,0.08231395865532777
2026-02-22 17:45:00+00:00,0.09580578306399509
2026-02-22 18:00:00+00:00,0.07279439442649492
2026-02-22 18:15:00+00:00,0.07817183673118726
2026-02-22 18:30:00+00:00,0.06841076508701674
2026-02-22 18:45:00+00:00,0.0698033054764904
2026-02-22 19:00:00+00:00,0.07807526045208601
2026-02-22 19:15:00+00:00,0.05335626266158758
2026-02-22 19:30:00+00:00,0.07024845093115709
2026-02-22 19:45:00+00:00,0.06594791072644807
2026-02-22 20:00:00+00:00,0.0695228745558744
2026-02-22 20:15:00+00:00,0.07849158898658243
2026-02-22 20:30:00+00:00,0.07231438514848522
2026-02-22 20:45:00+00:00,0.07934071898356444
2026-02-22 21:00:00+00:00,0.07000410484405964
2026-02-22 21:15:00+00:00,0.07774924567218348
2026-02-22 21:30:00+00:00,0.07006466786389948
2026-02-22 21:45:00+00:00,0.0453974550624492
2026-02-22 22:00:00+00:00,0.08073295002091346
2026-02-22 22:15:00+00:00,0.07940673305852819
2026-02-22 22:30:00+00:00,0.04918993925516169
2026-02-22 22:45:00+00:00,0.03615021088273767
2026-02-22 23:00:00+00:00,0.05154518475815328
2026-02-22 23:15:00+00:00,0.03857415330092824
2026-02-22 23:30:00+00:00,0.01971239722197984
2026-02-22 23:45:00+00:00,0.04001226516904635
2026-02-23 00:00:00+00:00,0.032080416190482686
2026-02-23 00:15:00+00:00,0.06018102078059118
2026-02-23 00:30:00+00:00,0.04157890306076761
2026-02-23 00:45:00+00:00,0.046720806709528294
2026-02-23 01:00:00+00:00,0.05481153824787806
2026-02-23 01:15:00+00:00,0.032302488971441126
2026-02-23 01:30:00+00:00,0.037891359619954476
2026-02-23 01:45:00+00:00,0.04158072269248621
2026-02-23 02:00:00+00:00,0.05551768991423481
2026-02-23 02:15:00+00:00,0.050116850451687886
2026-02-23 02:30:00+00:00,0.04677325142515883
2026-02-23 02:45:00+00:00,0.04582117735236016
2026-02-23 03:00:00+00:00,0.044752358555267754
2026-02-23 03:15:00+00:00,0.04615652905129254
2026-02-23 03:30:00+00:00,0.03640027725223064
2026-02-23 03:45:00+00:00,0.049450792216331516
2026-02-23 04:00:00+00:00,0.037013113410822474
2026-02-23 04:15:00+00:00,0.04354082542900824
2026-02-23 04:30:00+00:00,0.050303520585117584
2026-02-23 04:45:00+00:00,0.10408381622782861
2026-02-23 05:00:00+00:00,0.05487105616248288
2026-02-23 05:15:00+00:00,0.06040760433738411
2026-02-23 05:30:00+00:00,0.08677819789323075
2026-02-23 05:45:00+00:00,0.09840358745637888
2026-02-23 06:00:00+00:00,0.15853363946152527
2026-02-23 06:15:00+00:00,0.08888547600061282
2026-02-23 06:30:00+00:00,0.08274572025976361
2026-02-23 06:45:00+00:00,0.10684837011430981
2026-02-23 07:00:00+00:00,0.08883401294100349
2026-02-23 07:15:00+00:00,0.09612844558492514
2026-02-23 07:30:00+00:00,0.09644379514489006
2026-02-23 07:45:00+00:00,0.09332366546699893
2026-02-23 08:00:00+00:00,0.10415164457074336
2026-02-23 08:15:00+00:00,0.08789365717713613
2026-02-23 08:30:00+00:00,0.0870727074783324
2026-02-23 08:45:00+00:00,0.06792729647050612
2026-02-23 09:00:00+00:00,0.09434597957518788
2026-02-23 09:15:00+00:00,0.08911827174707922
2026-02-23 09:30:00+00:00,0.0625200577522258
2026-02-23 09:45:00+00:00,0.037348395096417374
2026-02-23 10:00:00+00:00,0.06428634115650968
2026-02-23 10:15:00+00:00,0.06899585523509219
2026-02-23 10:30:00+00:00,0.032067768332535225
2026-02-23 10:45:00+00:00,0.023192276991656803
2026-02-23 11:00:00+00:00,0.027745075480016087
2026-02-23 11:15:00+00:00,0.012289411945704503
2026-02-23 11:30:00+00:00,0.0
2026-02-23 11:45:00+00:00,0.0
2026-02-23 12:00:00+00:00,0.0
2026-02-23 12:15:00+00:00,0.006524138998913433
2026-02-23 12:30:00+00:00,0.011698810549242086
2026-02-23 12:45:00+00:00,0.002765398927083984
2026-02-23 13:00:00+00:00,0.019179623136270488
2026-02-23 13:15:00+00:00,0.034554798091645945
2026-02-23 13:30:00+00:00,0.04591714222837564
2026-02-23 13:45:00+00:00,0.04687615770182031
2026-02-23 14:00:00+00:00,0.027556113646021573
2026-02-23 14:15:00+00:00,0.0422557781678707
2026-02-23 14:30:00+00:00,0.10119825427647637
2026-02-23 14:45:00+00:00,0.08797775357002677
2026-02-23 15:00:00+00:00,0.04682101702029976
2026-02-23 15:15:00+00:00,0.07512798990188488
2026-02-23 15:30:00+00:00,0.08486713013011357
2026-02-23 15:45:00+00:00,0.10230132862965027
2026-02-23 16:00:00+00:00,0.08498352479407037
2026-02-23 16:15:00+00:00,0.12576173555060094
2026-02-23 16:30:00+00:00,0.09772854184316798
2026-02-23 16:45:00+00:00,0.09329821270515316
2026-02-23 17:00:00+00:00,0.10669010717494386
2026-02-23 17:15:00+00:00,0.08471359962453631
2026-02-23 17:30:00+00:00,0.10507043217395734
2026-02-23 17:45:00+00:00,0.1138302528229516
2026-02-23 18:00:00+00:00,0.11698600382945211
2026-02-23 18:15:00+00:00,0.12022622249427847
2026-02-23 18:30:00+00:00,0.10587430381092282
2026-02-23 18:45:00+00:00,0.11164385985370066
2026-02-23 19:00:00+00:00,0.09507879169389329
2026-02-23 19:15:00+00:00,0.09151937445192307
2026-02-23 19:30:00+00:00,0.09683894779380635
2026-02-23 19:45:00+00:00,0.080084144514034
2026-02-23 20:00:00+00:00,0.09712373099428137
2026-02-23 20:15:00+00:00,0.08997826040100763
2026-02-23 20:30:00+00:00,0.10085683186290259
2026-02-23 20:45:00+00:00,0.11039430099266488
2026-02-23 21:00:00+00:00,0.08763412017196669
2026-02-23 21:15:00+00:00,0.0784398151710243
2026-02-23 21:30:00+00:00,0.09412113114649932
2026-02-23 21:45:00+00:00,0.09058697795957758
2026-02-23 22:00:00+00:00,0.09344659306757297
2026-02-23 22:15:00+00:00,0.08342679484765654
2026-02-23 22:30:00+00:00,0.08529360701174568
2026-02-23 22:45:00+00:00,0.08637510410540601
2026-02-23 23:00:00+00:00,0.09439430892644839
2026-02-23 23:15:00+00:00,0.06466951229681717
2026-02-23 23:30:00+00:00,0.07999060560968538
2026-02-23 23:45:00+00:00,0.07967808793941063
2026-02-24 00:00:00+00:00,0.07429023895389264
2026-02-24 00:15:00+00:00,0.101131696317673
2026-02-24 00:30:00+00:00,0.07784590119771263
2026-02-24 00:45:00+00:00,0.08394707312992718
2026-02-24 01:00:00+00:00,0.0907202209684229
2026-02-24 01:15:00+00:00,0.07974715211198105
2026-02-24 01:30:00+00:00,0.11735426952195582
2026-02-24 01:45:00+00:00,0.08297345473083467
2026-02-24 02:00:00+00:00,0.0944444055592704
2026-02-24 02:15:00+00:00,0.08232104873214861
2026-02-24 02:30:00+00:00,0.07811565698541022
2026-02-24 02:45:00+00:00,0.09863672209502722
2026-02-24 03:00:00+00:00,0.08392225103976947
2026-02-24 03:15:00+00:00,0.08253839186349782
2026-02-24 03:30:00+00:00,0.1395045608966331
2026-02-24 03:45:00+00:00,0.09764750209618787
2026-02-24 04:00:00+00:00,0.11147713531732546
2026-02-24 04:15:00+00:00,0.09700236107657423
2026-02-24 04:30:00+00:00,0.10854839966388344
2026-02-24 04:45:00+00:00,0.09828033801012145
2026-02-24 05:00:00+00:00,0.08374131894030523
2026-02-24 05:15:00+00:00,0.10677331349619122
2026-02-24 05:30:00+00:00,0.11981169915259596
2026-02-24 05:45:00+00:00,0.11481487258635402
2026-02-24 06:00:00+00:00,0.11691705470095987
2026-02-24 06:15:00+00:00,0.13358317601719133
2026-02-24 06:30:00+00:00,0.1419939339501808
2026-02-24 06:45:00+00:00,0.15078287853384273
2026-02-24 07:00:00+00:00,0.14346964730137443
2026-02-24 07:15:00+00:00,0.14202991340729945
2026-02-24 07:30:00+00:00,0.14624099373351154
2026-02-24 07:45:00+00:00,0.13887048602006125
2026-02-24 08:00:00+00:00,0.16486775039185098
2026-02-24 08:15:00+00:00,0.14531450364619294
2026-02-24 08:30:00+00:00,0.13714146944205147
2026-02-24 08:45:00+00:00,0.1220020791854754
2026-02-24 09:00:00+00:00,0.1789565790232778
2026-02-24 09:15:00+00:00,0.11963671967777106
2026-02-24 09:30:00+00:00,0.11733152074393927
2026-02-24 09:45:00+00:00,0.1176383683628606
2026-02-24 10:00:00+00:00,0.1269821296574428
2026-02-24 10:15:00+00:00,0.12118932055215684
2026-02-24 10:30:00+00:00,0.12791608507769262
2026-02-24 10:45:00+00:00,0.10821157655460713
2026-02-24 11:00:00+00:00,0.09387969200033333
2026-02-24 11:15:00+00:00,0.09738054874878219
2026-02-24 11:30:00+00:00,0.10164832372513885
2026-02-24 11:45:00+00:00,0.11848226041505824
2026-02-24 12:00:00+00:00,0.08704194521575703
2026-02-24 12:15:00+00:00,0.11200576505225228
2026-02-24 12:30:00+00:00,0.10024914369546416
2026-02-24 12:45:00+00:00,0.10612830535229481
2026-02-24 13:00:00+00:00,0.08931005283364067
2026-02-24 13:15:00+00:00,0.08663567369873675
2026-02-24 13:30:00+00:00,0.10378872779401332
2026-02-24 13:45:00+00:00,0.10489431027105622
2026-02-24 14:00:00+00:00,0.10759056965739722
2026-02-24 14:15:00+00:00,0.10005695364621364
2026-02-24 14:30:00+00:00,0.10199177976680152
2026-02-24 14:45:00+00:00,0.10665213004976158
2026-02-24 15:00:00+00:00,0.11919373268139406
2026-02-24 15:15:00+00:00,0.11997889482443985
2026-02-24 15:30:00+00:00,0.1218321736713604
2026-02-24 15:45:00+00:00,0.13961426326703374
2026-02-24 16:00:00+00:00,0.1277724118804856
2026-02-24 16:15:00+00:00,0.14312015568017583
2026-02-24 16:30:00+00:00,0.18729317603394866
2026-02-24 16:45:00+00:00,0.23168169643193648
2026-02-24 17:00:00+00:00,0.19484520988112064
2026-02-24 17:15:00+00:00,0.18658302501670437
2026-02-24 17:30:00+00:00,0.16556995079133252
2026-02-24 17:45:00+00:00,0.18163590230569482
2026-02-24 18:00:00+00:00,0.24225540731029233
2026-02-24 18:15:00+00:00,0.13664980578480015
2026-02-24 18:30:00+00:00,0.14058421396653611
2026-02-24 18:45:00+00:00,0.11981465089821296
2026-02-24 19:00:00+00:00,0.14274085854773477
2026-02-24 19:15:00+00:00,0.11682394973339923
2026-02-24 19:30:00+00:00,0.12603106783982426
2026-02-24 19:45:00+00:00,0.09940094695793066
2026-02-24 20:00:00+00:00,0.10446137595831387
2026-02-24 20:15:00+00:00,0.11844136559314497
2026-02-24 20:30:00+00:00,0.11938758424122428
2026-02-24 20:45:00+00:00,0.12527908973530685
2026-02-24 21:00:00+00:00,0.09543274734909786
2026-02-24 21:15:00+00:00,0.11023919685080788
2026-02-24 21:30:00+00:00,0.14601198756206468
2026-02-24 21:45:00+00:00,0.10386358710524032
2026-02-24 22:00:00+00:00,0.0834051044876875
2026-02-24 22:15:00+00:00,0.08398230224301437
2026-02-24 22:30:00+00:00,0.08467125176833516
2026-02-24 22:45:00+00:00,0.08924964045668084
2026-02-24 23:00:00+00:00,0.09262918733461645
2026-02-24 23:15:00+00:00,0.09927054343913419
2026-02-24 23:30:00+00:00,0.10019894618257914
2026-02-24 23:45:00+00:00,0.09291577541245355
2026-02-25 00:00:00+00:00,0.10766787639660869
2026-02-25 00:15:00+00:00,0.09360826629455343
2026-02-25 00:30:00+00:00,0.07315103289659833
2026-02-25 00:45:00+00:00,0.09699376513538341
2026-02-25 01:00:00+00:00,0.08163843764394003
2026-02-25 01:15:00+00:00,0.0949141849968557
2026-02-25 01:30:00+00:00,0.09927734216555106
2026-02-25 01:45:00+00:00,0.086856880107304
2026-02-25 02:00:00+00:00,0.0735684118683535
2026-02-25 02:15:00+00:00,0.07887787833490209
2026-02-25 02:30:00+00:00,0.10141744466885136
2026-02-25 02:45:00+00:00,0.08590877314357183
2026-02-25 03:00:00+00:00,0.08910573534942166
2026-02-25 03:15:00+00:00,0.09489824416163609
2026-02-25 03:30:00+00:00,0.09620322862080323
2026-02-25 03:45:00+00:00,0.09236799812385461
2026-02-25 04:00:00+00:00,0.08505331628779533
2026-02-25 04:15:00+00:00,0.08659331554267642
2026-02-25 04:30:00+00:00,0.10472898825291344
2026-02-25 04:45:00+00:00,0.10521569531067794
2026-02-25 05:00:00+00:00,0.0931269999938221
2026-02-25 05:15:00+00:00,0.11930112312993141
2026-02-25 05:30:00+00:00,0.1688596588487022
2026-02-25 05:45:00+00:00,0.12242337825665607
2026-02-25 06:00:00+00:00,0.11705029301096655
2026-02-25 06:15:00+00:00,0.12352259163690235
2026-02-25 06:30:00+00:00,0.13369589983396313
2026-02-25 06:45:00+00:00,0.14089724278336194
2026-02-25 07:00:00+00:00,0.1295190481896949
2026-02-25 07:15:00+00:00,0.125784757610181
2026-02-25 07:30:00+00:00,0.10928310654372586
2026-02-25 07:45:00+00:00,0.09948690958728562
2026-02-25 08:00:00+00:00,0.10865958788014747
2026-02-25 08:15:00+00:00,0.10849461770843463
2026-02-25 08:30:00+00:00,0.09834294620195037
2026-02-25 08:45:00+00:00,0.09936287944035696
2026-02-25 09:00:00+00:00,0.10439280913255371
2026-02-25 09:15:00+00:00,0.08319607875047955
2026-02-25 09:30:00+00:00,0.09609198244043543
2026-02-25 09:45:00+00:00,0.08283303040221995
2026-02-25 10:00:00+00:00,0.08941393517177486
2026-02-25 10:15:00+00:00,0.13419817646614862
2026-02-25 10:30:00+00:00,0.0774924255277778
2026-02-25 10:45:00+00:00,0.06717802339748727
2026-02-25 11:00:00+00:00,0.08915588435928583
2026-02-25 11:15:00+00:00,0.05344104308654445
2026-02-25 11:30:00+00:00,0.05249239162653904
2026-02-25 11:45:00+00:00,0.04747053029596411
2026-02-25 12:00:00+00:00,0.11863170605694279
2026-02-25 12:15:00+00:00,0.07213311005927125
2026-02-25 12:30:00+00:00,0.05109259185403218
2026-02-25 12:45:00+00:00,0.050730381531821585
2026-02-25 13:00:00+00:00,0.0399046588935345
2026-02-25 13:15:00+00:00,0.05790472409895459
2026-02-25 13:30:00+00:00,0.07199813504887737
2026-02-25 13:45:00+00:00,0.09267802219987972
2026-02-25 14:00:00+00:00,0.05811164504635655
2026-02-25 14:15:00+00:00,0.07770814395152903
2026-02-25 14:30:00+00:00,0.06906097769981664
2026-02-25 14:45:00+00:00,0.09015662003557794
2026-02-25 15:00:00+00:00,0.07383510699782014
2026-02-25 15:15:00+00:00,0.11178859672914065
2026-02-25 15:30:00+00:00,0.10123197695247313
2026-02-25 15:45:00+00:00,0.10731756526549081
2026-02-25 16:00:00+00:00,0.0803811109313875
2026-02-25 16:15:00+00:00,0.10855029586346682
2026-02-25 16:30:00+00:00,0.1263277085578991
2026-02-25 16:45:00+00:00,0.14955455857627253
2026-02-25 17:00:00+00:00,0.1360157010580099
2026-02-25 17:15:00+00:00,0.13478259597505668
2026-02-25 17:30:00+00:00,0.10951408779262868
2026-02-25 17:45:00+00:00,0.12361910556026824
2026-02-25 18:00:00+00:00,0.09657985114973583
2026-02-25 18:15:00+00:00,0.09978052167061933
2026-02-25 18:30:00+00:00,0.08615958605068184
2026-02-25 18:45:00+00:00,0.09990154699330209
2026-02-25 19:00:00+00:00,0.10452738782733657
2026-02-25 19:15:00+00:00,0.09738101492226521
2026-02-25 19:30:00+00:00,0.09168883352887135
2026-02-25 19:45:00+00:00,0.07544446669188272
2026-02-25 20:00:00+00:00,0.09299759155586784
2026-02-25 20:15:00+00:00,0.07523553331394252
2026-02-25 20:30:00+00:00,0.09864228975132251
2026-02-25 20:45:00+00:00,0.07596373927101999
2026-02-25 21:00:00+00:00,0.09410113880956308
2026-02-25 21:15:00+00:00,0.10298940328444083
2026-02-25 21:30:00+00:00,0.0698775346645077
2026-02-25 21:45:00+00:00,0.06766412885968032
2026-02-25 22:00:00+00:00,0.07686779675131436
2026-02-25 22:15:00+00:00,0.08171128618300519
2026-02-25 22:30:00+00:00,0.08330631629637597
2026-02-25 22:45:00+00:00,0.07466675468117834
2026-02-25 23:00:00+00:00,0.10810995317494969
2026-02-25 23:15:00+00:00,0.05467567545799236
2026-02-25 23:30:00+00:00,0.08122735589124416
2026-02-25 23:45:00+00:00,0.06541869427427768
2026-02-26 00:00:00+00:00,0.07413584851111227
2026-02-26 00:15:00+00:00,0.06602227871746123
2026-02-26 00:30:00+00:00,0.06155230329192026
2026-02-26 00:45:00+00:00,0.08354524834603451
2026-02-26 01:00:00+00:00,0.07766297327013902
2026-02-26 01:15:00+00:00,0.06847195978557374
2026-02-26 01:30:00+00:00,0.08176015752487001
2026-02-26 01:45:00+00:00,0.054114710347011236
2026-02-26 02:00:00+00:00,0.05615294868669073
2026-02-26 02:15:00+00:00,0.04752032267805312
2026-02-26 02:30:00+00:00,0.06350585459876712
2026-02-26 02:45:00+00:00,0.06408698526704752
2026-02-26 03:00:00+00:00,0.06549858577932334
2026-02-26 03:15:00+00:00,0.0673534191105988
2026-02-26 03:30:00+00:00,0.054139431689339185
2026-02-26 03:45:00+00:00,0.07896154742614023
2026-02-26 04:00:00+00:00,0.06677627518238999
2026-02-26 04:15:00+00:00,0.07652054281465999
2026-02-26 04:30:00+00:00,0.05791237822409949
2026-02-26 04:45:00+00:00,0.0961249085879779
2026-02-26 05:00:00+00:00,0.06218234760082473
2026-02-26 05:15:00+00:00,0.09779676747448637
2026-02-26 05:30:00+00:00,0.11774364898636383
2026-02-26 05:45:00+00:00,0.11595093606255913
2026-02-26 06:00:00+00:00,0.10348460020220682
2026-02-26 06:15:00+00:00,0.11383273156184417
2026-02-26 06:30:00+00:00,0.09688464684756357
2026-02-26 06:45:00+00:00,0.11393267395898296
2026-02-26 07:00:00+00:00,0.10613715980503748
2026-02-26 07:15:00+00:00,0.11282549944255325
2026-02-26 07:30:00+00:00,0.09007468312903956
2026-02-26 07:45:00+00:00,0.07938424011593417
2026-02-26 08:00:00+00:00,0.08786813213362153
2026-02-26 08:15:00+00:00,0.09630173931693076
2026-02-26 08:30:00+00:00,0.06429568842671524
2026-02-26 08:45:00+00:00,0.07370595432415177
2026-02-26 09:00:00+00:00,0.06964547602330709
2026-02-26 09:15:00+00:00,0.0489803670010838
2026-02-26 09:30:00+00:00,0.06104685932213534
2026-02-26 09:45:00+00:00,0.05064891785637152
2026-02-26 10:00:00+00:00,0.07495902723682338
2026-02-26 10:15:00+00:00,0.05157592264325509
2026-02-26 10:30:00+00:00,0.05945975100714617
2026-02-26 10:45:00+00:00,0.02416924139646973
2026-02-26 11:00:00+00:00,0.042314040052412606
2026-02-26 11:15:00+00:00,0.026338921377875826
2026-02-26 11:30:00+00:00,0.018489069340758627
2026-02-26 11:45:00+00:00,0.0072290124823034835
2026-02-26 12:00:00+00:00,0.0035979970045070947
2026-02-26 12:15:00+00:00,0.0
2026-02-26 12:30:00+00:00,0.006229502429648199
2026-02-26 12:45:00+00:00,0.015577877533520383
2026-02-26 13:00:00+00:00,0.014590574529922969
2026-02-26 13:15:00+00:00,0.036608531188619724
2026-02-26 13:30:00+00:00,0.06318932972051428
2026-02-26 13:45:00+00:00,0.0625301672872931
2026-02-26 14:00:00+00:00,0.05354958833147058
2026-02-26 14:15:00+00:00,0.07737987443196889
2026-02-26 14:30:00+00:00,0.07681825213954967
2026-02-26 14:45:00+00:00,0.09156962458311435
2026-02-26 15:00:00+00:00,0.05866055558064823
2026-02-26 15:15:00+00:00,0.08358768603285023
2026-02-26 15:30:00+00:00,0.10059386747048052
2026-02-26 15:45:00+00:00,0.10981993134217101
2026-02-26 16:00:00+00:00,0.10834665838744315
2026-02-26 16:15:00+00:00,0.10550111728707731
2026-02-26 16:30:00+00:00,0.10074226930618768
2026-02-26 16:45:00+00:00,0.13948169293059784
2026-02-26 17:00:00+00:00,0.11472965191145164
2026-02-26 17:15:00+00:00,0.0984905659948683
2026-02-26 17:30:00+00:00,0.10990151072759177
2026-02-26 17:45:00+00:00,0.11507886382828418
2026-02-26 18:00:00+00:00,0.13554592093297377
2026-02-26 18:15:00+00:00,0.1005288754174113
2026-02-26 18:30:00+00:00,0.11418040719355946
2026-02-26 18:45:00+00:00,0.11140486426972343
2026-02-26 19:00:00+00:00,0.0987034569492543
2026-02-26 19:15:00+00:00,0.09121486381139766
2026-02-26 19:30:00+00:00,0.07992690752626229
2026-02-26 19:45:00+00:00,0.08248538858919695
2026-02-26 20:00:00+00:00,0.09686410025657069
2026-02-26 20:15:00+00:00,0.0928464999808237
2026-02-26 20:30:00+00:00,0.09214183471020447
2026-02-26 20:45:00+00:00,0.06410903935378354
2026-02-26 21:00:00+00:00,0.07355674935774005
2026-02-26 21:15:00+00:00,0.08207755220723759
2026-02-26 21:30:00+00:00,0.0791953752996864
2026-02-26 21:45:00+00:00,0.07254417687685041
2026-02-26 22:00:00+00:00,0.07870326752490957
2026-02-26 22:15:00+00:00,0.07433752099663934
2026-02-26 22:30:00+00:00,0.08308444808352249
2026-02-26 22:45:00+00:00,0.0671273416896251
2026-02-26 23:00:00+00:00,0.05283631574996916
2026-02-26 23:15:00+00:00,0.051548021829040044
2026-02-26 23:30:00+00:00,0.05048147642322269
2026-02-26 23:45:00+00:00,0.07165739961830639
2026-02-27 00:00:00+00:00,0.05755699290473802
2026-02-27 00:15:00+00:00,0.057892056554792924
2026-02-27 00:30:00+00:00,0.048806864290636964
2026-02-27 00:45:00+00:00,0.06390983357441965
2026-02-27 01:00:00+00:00,0.07732837254744675
2026-02-27 01:15:00+00:00,0.061066130494313885
2026-02-27 01:30:00+00:00,0.05799772903785426
2026-02-27 01:45:00+00:00,0.05811782833174235
2026-02-27 02:00:00+00:00,0.03649693211214254
2026-02-27 02:15:00+00:00,0.06483150864284817
2026-02-27 02:30:00+00:00,0.06038166415995844
2026-02-27 02:45:00+00:00,0.06752342050660726
2026-02-27 03:00:00+00:00,0.04787537805916295
2026-02-27 03:15:00+00:00,0.05619543121022909
2026-02-27 03:30:00+00:00,0.059809750634968274
2026-02-27 03:45:00+00:00,0.07844622984073038
2026-02-27 04:00:00+00:00,0.05601240163396907
2026-02-27 04:15:00+00:00,0.08211660322109797
2026-02-27 04:30:00+00:00,0.07430862419015039
2026-02-27 04:45:00+00:00,0.06012317340004268
2026-02-27 05:00:00+00:00,0.05971453706748043
2026-02-27 05:15:00+00:00,0.07048324877843584
2026-02-27 05:30:00+00:00,0.06107617530179975
2026-02-27 05:45:00+00:00,0.10123470940113789
2026-02-27 06:00:00+00:00,0.09458142542220005
2026-02-27 06:15:00+00:00,0.09755207317899312
2026-02-27 06:30:00+00:00,0.08945403660299704
2026-02-27 06:45:00+00:00,0.07270982431307561
2026-02-27 07:00:00+00:00,0.08724382860444563
2026-02-27 07:15:00+00:00,0.09319780774784012
2026-02-27 07:30:00+00:00,0.06800779970217498
2026-02-27 07:45:00+00:00,0.03662230683749186
2026-02-27 08:00:00+00:00,0.08234893992219074
2026-02-27 08:15:00+00:00,0.06758242445972462
2026-02-27 08:30:00+00:00,0.06040563416414709
2026-02-27 08:45:00+00:00,0.052275186435145365
2026-02-27 09:00:00+00:00,0.06737605812231208
2026-02-27 09:15:00+00:00,0.04266769805243922
2026-02-27 09:30:00+00:00,0.031125313880867093
2026-02-27 09:45:00+00:00,0.0
2026-02-27 10:00:00+00:00,0.008935818144773903
2026-02-27 10:15:00+00:00,0.006265383633369425
2026-02-27 10:30:00+00:00,0.0
2026-02-27 10:45:00+00:00,0.0
2026-02-27 11:00:00+00:00,0.0
2026-02-27 11:15:00+00:00,0.0
2026-02-27 11:30:00+00:00,0.007524194635024308
2026-02-27 11:45:00+00:00,0.0
2026-02-27 12:00:00+00:00,0.04142651481718797
2026-02-27 12:15:00+00:00,0.0
2026-02-27 12:30:00+00:00,0.011176323341542118
2026-02-27 12:45:00+00:00,0.00012043374376952132
2026-02-27 13:00:00+00:00,0.0
2026-02-27 13:15:00+00:00,0.0
2026-02-27 13:30:00+00:00,0.013970603343265227
2026-02-27 13:45:00+00:00,0.02241828273396758
2026-02-27 14:00:00+00:00,0.03049508290940104
2026-02-27 14:15:00+00:00,0.056054962989215036
2026-02-27 14:30:00+00:00,0.07592580618024652
2026-02-27 14:45:00+00:00,0.11520900497934282
2026-02-27 15:00:00+00:00,0.05803360510201404
2026-02-27 15:15:00+00:00,0.08340314240432994
2026-02-27 15:30:00+00:00,0.08843568760836
2026-02-27 15:45:00+00:00,0.1212346197053617
2026-02-27 16:00:00+00:00,0.11437188933651679
2026-02-27 16:15:00+00:00,0.1263792278140464
2026-02-27 16:30:00+00:00,0.13412948753146003
2026-02-27 16:45:00+00:00,0.12975379532204034
2026-02-27 17:00:00+00:00,0.11839759022510155
2026-02-27 17:15:00+00:00,0.10328830227505935
2026-02-27 17:30:00+00:00,0.13703873535181793
2026-02-27 17:45:00+00:00,0.11835978078148467
2026-02-27 18:00:00+00:00,0.11224043095130518
2026-02-27 18:15:00+00:00,0.12457056888986967
2026-02-27 18:30:00+00:00,0.09527235483239999
2026-02-27 18:45:00+00:00,0.10762622034222674
2026-02-27 19:00:00+00:00,0.10175370865709166
2026-02-27 19:15:00+00:00,0.108156771398803
2026-02-27 19:30:00+00:00,0.0987942646081388
2026-02-27 19:45:00+00:00,0.08093072108888776
2026-02-27 20:00:00+00:00,0.09823576372670037
2026-02-27 20:15:00+00:00,0.10349864141875362
2026-02-27 20:30:00+00:00,0.08992783594146014
2026-02-27 20:45:00+00:00,0.09089115121589086
2026-02-27 21:00:00+00:00,0.08343470514325947
2026-02-27 21:15:00+00:00,0.09116739206730147
2026-02-27 21:30:00+00:00,0.07726489544911423
2026-02-27 21:45:00+00:00,0.0886798084010471
2026-02-27 22:00:00+00:00,0.08367491562261996
2026-02-27 22:15:00+00:00,0.08911073676336613
2026-02-27 22:30:00+00:00,0.08959710426157866
2026-02-27 22:45:00+00:00,0.08263618575121388
2026-02-27 23:00:00+00:00,0.08531118434293644
2026-02-27 23:15:00+00:00,0.07071787741488594
2026-02-27 23:30:00+00:00,0.079422138893331
2026-02-27 23:45:00+00:00,0.07201909597984167
2026-02-28 00:00:00+00:00,0.07526936043295773
2026-02-28 00:15:00+00:00,0.07425465849249749
2026-02-28 00:30:00+00:00,0.06571074425217754
2026-02-28 00:45:00+00:00,0.05342661410866009
2026-02-28 01:00:00+00:00,0.07182856951672233
2026-02-28 01:15:00+00:00,0.07701379451924159
2026-02-28 01:30:00+00:00,0.0596882295457251
2026-02-28 01:45:00+00:00,0.07230682236471625
2026-02-28 02:00:00+00:00,0.09340268424310964
2026-02-28 02:15:00+00:00,0.0832405655525224
2026-02-28 02:30:00+00:00,0.08862541509120529
2026-02-28 02:45:00+00:00,0.07141127876932726
2026-02-28 03:00:00+00:00,0.08394509822986446
2026-02-28 03:15:00+00:00,0.11508035269532213
2026-02-28 03:30:00+00:00,0.06500659732978016
2026-02-28 03:45:00+00:00,0.04413859793862527
2026-02-28 04:00:00+00:00,0.08372145474042299
2026-02-28 04:15:00+00:00,0.08605323979819887
2026-02-28 04:30:00+00:00,0.0667882275465273
2026-02-28 04:45:00+00:00,0.07163048293602765
2026-02-28 05:00:00+00:00,0.06198137886309038
2026-02-28 05:15:00+00:00,0.07607653551477492
2026-02-28 05:30:00+00:00,0.08555932545303241
2026-02-28 05:45:00+00:00,0.05818228026118959
2026-02-28 06:00:00+00:00,0.08679438530642251
2026-02-28 06:15:00+00:00,0.08024328228280854
2026-02-28 06:30:00+00:00,0.0768839439196669
2026-02-28 06:45:00+00:00,0.06828994001674292
2026-02-28 07:00:00+00:00,0.0810879756122718
2026-02-28 07:15:00+00:00,0.0667441314659422
2026-02-28 07:30:00+00:00,0.04627124832445361
2026-02-28 07:45:00+00:00,0.039003162017882814
2026-02-28 08:00:00+00:00,0.05159759960127497
2026-02-28 08:15:00+00:00,0.022935835377373606
2026-02-28 08:30:00+00:00,0.0
2026-02-28 08:45:00+00:00,0.0
2026-02-28 09:00:00+00:00,0.008986691603391743
2026-02-28 09:15:00+00:00,0.00037696573123922905
2026-02-28 09:30:00+00:00,0.006595314695891383
2026-02-28 09:45:00+00:00,0.01762511800327634
2026-02-28 10:00:00+00:00,0.010386060692088165
2026-02-28 10:15:00+00:00,0.0009215833769974234
2026-02-28 10:30:00+00:00,0.0
2026-02-28 10:45:00+00:00,0.0
2026-02-28 11:00:00+00:00,0.0
2026-02-28 11:15:00+00:00,0.0
2026-02-28 11:30:00+00:00,0.003623661943953757
2026-02-28 11:45:00+00:00,0.0
2026-02-28 12:00:00+00:00,0.0
2026-02-28 12:15:00+00:00,0.0
2026-02-28 12:30:00+00:00,0.0
2026-02-28 12:45:00+00:00,0.004716510408005575
2026-02-28 13:00:00+00:00,0.017129076311326947
2026-02-28 13:15:00+00:00,0.0
2026-02-28 13:30:00+00:00,0.003278110735741233
2026-02-28 13:45:00+00:00,0.009534781569528054
2026-02-28 14:00:00+00:00,0.0
2026-02-28 14:15:00+00:00,0.003738140432854423
2026-02-28 14:30:00+00:00,0.0026450989366784148
2026-02-28 14:45:00+00:00,0.057978244384910116
2026-02-28 15:00:00+00:00,0.035474030479517325
2026-02-28 15:15:00+00:00,0.06139451813981439
2026-02-28 15:30:00+00:00,0.0725040140258141
2026-02-28 15:45:00+00:00,0.09696032359610784
2026-02-28 16:00:00+00:00,0.09589712921231017
2026-02-28 16:15:00+00:00,0.07302088304571794
2026-02-28 16:30:00+00:00,0.09319240992352476
2026-02-28 16:45:00+00:00,0.10731607474168091
2026-02-28 17:00:00+00:00,0.10507406211995816
2026-02-28 17:15:00+00:00,0.09072453714710531
2026-02-28 17:30:00+00:00,0.0680296970985726
2026-02-28 17:45:00+00:00,0.10447189494164025
2026-02-28 18:00:00+00:00,0.09985506119584142
2026-02-28 18:15:00+00:00,0.07028052469513335
2026-02-28 18:30:00+00:00,0.07904431208220444
2026-02-28 18:45:00+00:00,0.09127182429527327
2026-02-28 19:00:00+00:00,0.09784796418457867
2026-02-28 19:15:00+00:00,0.08365640022678945
2026-02-28 19:30:00+00:00,0.05967887566040137
2026-02-28 19:45:00+00:00,0.0582198741881251
2026-02-28 20:00:00+00:00,0.06660074194873873
2026-02-28 20:15:00+00:00,0.08021239783268838
2026-02-28 20:30:00+00:00,0.058551575935048894
2026-02-28 20:45:00+00:00,0.04646200345115795
2026-02-28 21:00:00+00:00,0.08288274586836016
2026-02-28 21:15:00+00:00,0.06572638544488439
2026-02-28 21:30:00+00:00,0.07801467355453807
2026-02-28 21:45:00+00:00,0.04875487793019454
2026-02-28 22:00:00+00:00,0.07217221639661175
2026-02-28 22:15:00+00:00,0.049845870151560466
2026-02-28 22:30:00+00:00,0.05939362681423567
2026-02-28 22:45:00+00:00,0.036794530630012014
2026-02-28 23:00:00+00:00,0.04277366579045037
2026-02-28 23:15:00+00:00,0.034527461350718824
2026-02-28 23:30:00+00:00,0.052969232331912586
2026-02-28 23:45:00+00:00,0.05518589339759652
2026-03-01 00:00:00+00:00,0.03169737269515655
2026-03-01 00:15:00+00:00,0.06532885745500573
2026-03-01 00:30:00+00:00,0.07774415126419854
2026-03-01 00:45:00+00:00,0.05290006386736341
2026-03-01 01:00:00+00:00,0.04527885739775355
2026-03-01 01:15:00+00:00,0.08073330591003047
2026-03-01 01:30:00+00:00,0.04232031501697489
2026-03-01 01:45:00+00:00,0.05750106466869098
2026-03-01 02:00:00+00:00,0.10513622272631923
2026-03-01 02:15:00+00:00,0.06803147620452414
2026-03-01 02:30:00+00:00,0.061697389751267886
2026-03-01 02:45:00+00:00,0.057283661042115484
2026-03-01 03:00:00+00:00,0.043568156296120444
2026-03-01 03:15:00+00:00,0.05415178179753865
2026-03-01 03:30:00+00:00,0.05431072639054857
2026-03-01 03:45:00+00:00,0.06978825319784683
2026-03-01 04:00:00+00:00,0.05835803820139514
2026-03-01 04:15:00+00:00,0.04935962206710249
2026-03-01 04:30:00+00:00,0.07768145788374903
2026-03-01 04:45:00+00:00,0.06231327476570961
2026-03-01 05:00:00+00:00,0.047588631950246874
2026-03-01 05:15:00+00:00,0.06482740865512458
2026-03-01 05:30:00+00:00,0.0694337156596766
2026-03-01 05:45:00+00:00,0.05103533274420967
2026-03-01 06:00:00+00:00,0.07178647667125763
2026-03-01 06:15:00+00:00,0.05831842431309736
2026-03-01 06:30:00+00:00,0.08446028809190786
2026-03-01 06:45:00+00:00,0.06061960512076735
2026-03-01 07:00:00+00:00,0.06289100009890684
2026-03-01 07:15:00+00:00,0.048788322296826496
2026-03-01 07:30:00+00:00,0.04472032292436376
2026-03-01 07:45:00+00:00,0.0473679074158329
2026-03-01 08:00:00+00:00,0.045615058714148005
2026-03-01 08:15:00+00:00,0.021988411928631435
2026-03-01 08:30:00+00:00,0.010373702908178956
2026-03-01 08:45:00+00:00,0.0
2026-03-01 09:00:00+00:00,0.0
2026-03-01 09:15:00+00:00,0.0
2026-03-01 09:30:00+00:00,0.009677262308523678
2026-03-01 09:45:00+00:00,0.0021779778032176194
2026-03-01 10:00:00+00:00,0.0
2026-03-01 10:15:00+00:00,0.01898734981355239
2026-03-01 10:30:00+00:00,0.0008601648039238655
2026-03-01 10:45:00+00:00,0.0
2026-03-01 11:00:00+00:00,0.008467374214704585
2026-03-01 11:15:00+00:00,0.003870482165092625
2026-03-01 11:30:00+00:00,0.003695799854842193
2026-03-01 11:45:00+00:00,0.0
2026-03-01 12:00:00+00:00,0.003494957237780347
2026-03-01 12:15:00+00:00,0.0
2026-03-01 12:30:00+00:00,0.004559414516458422
2026-03-01 12:45:00+00:00,0.0
2026-03-01 13:00:00+00:00,0.0
2026-03-01 13:15:00+00:00,0.017161550978081946
2026-03-01 13:30:00+00:00,0.0
2026-03-01 13:45:00+00:00,0.0
2026-03-01 14:00:00+00:00,0.0
2026-03-01 14:15:00+00:00,0.0
2026-03-01 14:30:00+00:00,0.01152719223771748
2026-03-01 14:45:00+00:00,0.06777413601476387
2026-03-01 15:00:00+00:00,0.03866859424081657
2026-03-01 15:15:00+00:00,0.06187494931461347
2026-03-01 15:30:00+00:00,0.09321121438052113
2026-03-01 15:45:00+00:00,0.10542040870850387
2026-03-01 16:00:00+00:00,0.10223841471550764
2026-03-01 16:15:00+00:00,0.09812553814070783
2026-03-01 16:30:00+00:00,0.10425917422912731
2026-03-01 16:45:00+00:00,0.11018874515111914
2026-03-01 17:00:00+00:00,0.11384346759756775
2026-03-01 17:15:00+00:00,0.12396026878543248
2026-03-01 17:30:00+00:00,0.10677856260830822
2026-03-01 17:45:00+00:00,0.11084933787028883
2026-03-01 18:00:00+00:00,0.1080235744193596
2026-03-01 18:15:00+00:00,0.09348421993271178
2026-03-01 18:30:00+00:00,0.10024417167212918
2026-03-01 18:45:00+00:00,0.08399326142657905
2026-03-01 19:00:00+00:00,0.07834949696260601
2026-03-01 19:15:00+00:00,0.09862746407892257
2026-03-01 19:30:00+00:00,0.08517125258669218
2026-03-01 19:45:00+00:00,0.0849528040762122
2026-03-01 20:00:00+00:00,0.0865910502299165
2026-03-01 20:15:00+00:00,0.07240599951336203
2026-03-01 20:30:00+00:00,0.07980745698035663
2026-03-01 20:45:00+00:00,0.06372898694985145
2026-03-01 21:00:00+00:00,0.09501972358001401
2026-03-01 21:15:00+00:00,0.06426029655140036
2026-03-01 21:30:00+00:00,0.07168214729031418
2026-03-01 21:45:00+00:00,0.05566728411952751
2026-03-01 22:00:00+00:00,0.07958421173360795
2026-03-01 22:15:00+00:00,0.06751568628718498
2026-03-01 22:30:00+00:00,0.06357333280378791
2026-03-01 22:45:00+00:00,0.06765201545051554
2026-03-01 23:00:00+00:00,0.06829430591677553
2026-03-01 23:15:00+00:00,0.07024644445935967
2026-03-01 23:30:00+00:00,0.055516740634825354
2026-03-01 23:45:00+00:00,0.04806183056072493
2026-03-02 00:00:00+00:00,0.06607207962040133
2026-03-02 00:15:00+00:00,0.06185153644505269
2026-03-02 00:30:00+00:00,0.07416434672453945
2026-03-02 00:45:00+00:00,0.0690409154733745
2026-03-02 01:00:00+00:00,0.0717107533923463
2026-03-02 01:15:00+00:00,0.05207617470058756
2026-03-02 01:30:00+00:00,0.08824436939614258
2026-03-02 01:45:00+00:00,0.06705758014967968
2026-03-02 02:00:00+00:00,0.126695869703392
2026-03-02 02:15:00+00:00,0.05982908329780373
2026-03-02 02:30:00+00:00,0.07122009902217341
2026-03-02 02:45:00+00:00,0.059191552364752556
2026-03-02 03:00:00+00:00,0.07281067838259671
2026-03-02 03:15:00+00:00,0.06687025915614168
2026-03-02 03:30:00+00:00,0.07637190503935568
2026-03-02 03:45:00+00:00,0.08829974030130097
2026-03-02 04:00:00+00:00,0.0640745968877972
2026-03-02 04:15:00+00:00,0.07381508269387202
2026-03-02 04:30:00+00:00,0.09181324281086765
2026-03-02 04:45:00+00:00,0.11680221474546747
2026-03-02 05:00:00+00:00,0.08576917665338518
2026-03-02 05:15:00+00:00,0.09851136117923932
2026-03-02 05:30:00+00:00,0.1067302853014152
2026-03-02 05:45:00+00:00,0.132542455947563
2026-03-02 06:00:00+00:00,0.10792778333034746
2026-03-02 06:15:00+00:00,0.16547621044669358
2026-03-02 06:30:00+00:00,0.12576455966437938
2026-03-02 06:45:00+00:00,0.14759428429463284
2026-03-02 07:00:00+00:00,0.18397462053117816
2026-03-02 07:15:00+00:00,0.12456497796147459
2026-03-02 07:30:00+00:00,0.10614163062257799
2026-03-02 07:45:00+00:00,0.08522805909960247
2026-03-02 08:00:00+00:00,0.14489299434071257
2026-03-02 08:15:00+00:00,0.09691824861968566
2026-03-02 08:30:00+00:00,0.09030124361250075
2026-03-02 08:45:00+00:00,0.05274635180386119
2026-03-02 09:00:00+00:00,0.08680232575040603
2026-03-02 09:15:00+00:00,0.07260766324944383
2026-03-02 09:30:00+00:00,0.0643748151727027
2026-03-02 09:45:00+00:00,0.07046898532200324
2026-03-02 10:00:00+00:00,0.09109184963184339
2026-03-02 10:15:00+00:00,0.0676774664739923
2026-03-02 10:30:00+00:00,0.025507880640560334
2026-03-02 10:45:00+00:00,0.016459907767474306
2026-03-02 11:00:00+00:00,0.06891027564405083
2026-03-02 11:15:00+00:00,0.03268338333360292
2026-03-02 11:30:00+00:00,0.03389217572053658
2026-03-02 11:45:00+00:00,0.030959424019526005
2026-03-02 12:00:00+00:00,0.020659639158559753
2026-03-02 12:15:00+00:00,0.02300178368131847
2026-03-02 12:30:00+00:00,0.021766876682171116
2026-03-02 12:45:00+00:00,0.07184163208608954
2026-03-02 13:00:00+00:00,0.006742439971764519
2026-03-02 13:15:00+00:00,0.06876150451887693
2026-03-02 13:30:00+00:00,0.07073179660410636
2026-03-02 13:45:00+00:00,0.08834762459529798
2026-03-02 14:00:00+00:00,0.06849719054901053
2026-03-02 14:15:00+00:00,0.07763593581044298
2026-03-02 14:30:00+00:00,0.07620177812647586
2026-03-02 14:45:00+00:00,0.12145910948761353
2026-03-02 15:00:00+00:00,0.06892105215268028
2026-03-02 15:15:00+00:00,0.08148530539546754
2026-03-02 15:30:00+00:00,0.11340976580036537
2026-03-02 15:45:00+00:00,0.19933375309026463
2026-03-02 16:00:00+00:00,0.1079758943317176
2026-03-02 16:15:00+00:00,0.1346213240368508
2026-03-02 16:30:00+00:00,0.17190551163264142
2026-03-02 16:45:00+00:00,0.2911638037563123
2026-03-02 17:00:00+00:00,0.22112815618766907
2026-03-02 17:15:00+00:00,0.23051553502887898
2026-03-02 17:30:00+00:00,0.16002309064078102
2026-03-02 17:45:00+00:00,0.1351297227270584
2026-03-02 18:00:00+00:00,0.19496325306534537
2026-03-02 18:15:00+00:00,0.15157412195055087
2026-03-02 18:30:00+00:00,0.10596320035543942
2026-03-02 18:45:00+00:00,0.09914721990630294
2026-03-02 19:00:00+00:00,0.12309344511076004
2026-03-02 19:15:00+00:00,0.09861442071383314
2026-03-02 19:30:00+00:00,0.08604490221746856
2026-03-02 19:45:00+00:00,0.07843052417299334
2026-03-02 20:00:00+00:00,0.11040996952905635
2026-03-02 20:15:00+00:00,0.09353813755273678
2026-03-02 20:30:00+00:00,0.12408270092473331
2026-03-02 20:45:00+00:00,0.07892644934369127
2026-03-02 21:00:00+00:00,0.09578548976571079
2026-03-02 21:15:00+00:00,0.093556070297146
2026-03-02 21:30:00+00:00,0.0964213465513849
2026-03-02 21:45:00+00:00,0.08429796661214688
2026-03-02 22:00:00+00:00,0.10012332214002512
2026-03-02 22:15:00+00:00,0.07883411610011345
2026-03-02 22:30:00+00:00,0.07344408281536419
2026-03-02 22:45:00+00:00,0.06771785260590893
2026-03-02 23:00:00+00:00,0.07104425832062804
2026-03-02 23:15:00+00:00,0.08476930980524944
2026-03-02 23:30:00+00:00,0.08444019687606778
2026-03-02 23:45:00+00:00,0.07925562972516816
2026-03-03 00:00:00+00:00,0.10228405797187162
2026-03-03 00:15:00+00:00,0.10169030209608135
2026-03-03 00:30:00+00:00,0.08748197012555498
2026-03-03 00:45:00+00:00,0.07246078886808036
2026-03-03 01:00:00+00:00,0.08394294891944946
2026-03-03 01:15:00+00:00,0.08282178606082938
2026-03-03 01:30:00+00:00,0.08341865037721942
2026-03-03 01:45:00+00:00,0.08230281096101755
2026-03-03 02:00:00+00:00,0.08638537104275193
2026-03-03 02:15:00+00:00,0.08629458384102241
2026-03-03 02:30:00+00:00,0.08790458901184443
2026-03-03 02:45:00+00:00,0.09600322508625593
2026-03-03 03:00:00+00:00,0.09850368715904861
2026-03-03 03:15:00+00:00,0.08597354912817509
2026-03-03 03:30:00+00:00,0.10841065326007032
2026-03-03 03:45:00+00:00,0.08740937698159386
2026-03-03 04:00:00+00:00,0.07662199386184662
2026-03-03 04:15:00+00:00,0.10275778071365052
2026-03-03 04:30:00+00:00,0.0974359186558566
2026-03-03 04:45:00+00:00,0.11913291470757388
2026-03-03 05:00:00+00:00,0.08754331398899469
2026-03-03 05:15:00+00:00,0.13585455941483068
2026-03-03 05:30:00+00:00,0.13741293408040403
2026-03-03 05:45:00+00:00,0.16498523450837
2026-03-03 06:00:00+00:00,0.15351222876153714
2026-03-03 06:15:00+00:00,0.18024265904097528
2026-03-03 06:30:00+00:00,0.15346620096502042
2026-03-03 06:45:00+00:00,0.12458815151267376
2026-03-03 07:00:00+00:00,0.17124947905850718
2026-03-03 07:15:00+00:00,0.13753221794398446
2026-03-03 07:30:00+00:00,0.11821280385164247
2026-03-03 07:45:00+00:00,0.09883493096769486
2026-03-03 08:00:00+00:00,0.11500921571815526
2026-03-03 08:15:00+00:00,0.13407713207759392
2026-03-03 08:30:00+00:00,0.09394962634776477
2026-03-03 08:45:00+00:00,0.09042730071227065
2026-03-03 09:00:00+00:00,0.07904847648882117
2026-03-03 09:15:00+00:00,0.09800514086299741
2026-03-03 09:30:00+00:00,0.07983541841486821
2026-03-03 09:45:00+00:00,0.062188053390746456
2026-03-03 10:00:00+00:00,0.08234779638482383
2026-03-03 10:15:00+00:00,0.04108722082512049
2026-03-03 10:30:00+00:00,0.042720326176839615
2026-03-03 10:45:00+00:00,0.0406914381867127
2026-03-03 11:00:00+00:00,0.03810253980916285
2026-03-03 11:15:00+00:00,0.031110350310925478
2026-03-03 11:30:00+00:00,0.02410866496449022
2026-03-03 11:45:00+00:00,0.0
2026-03-03 12:00:00+00:00,0.039333475754374764
2026-03-03 12:15:00+00:00,0.014686243201028253
2026-03-03 12:30:00+00:00,0.04503735432472799
2026-03-03 12:45:00+00:00,0.05548298863851791
2026-03-03 13:00:00+00:00,0.045596190563593604
2026-03-03 13:15:00+00:00,0.0571905612242808
2026-03-03 13:30:00+00:00,0.07583075728479026
2026-03-03 13:45:00+00:00,0.0833148490748072
2026-03-03 14:00:00+00:00,0.06995850701382139
2026-03-03 14:15:00+00:00,0.06142558696045383
2026-03-03 14:30:00+00:00,0.09827890420275892
2026-03-03 14:45:00+00:00,0.10211955248445127
2026-03-03 15:00:00+00:00,0.09434283661956641
2026-03-03 15:15:00+00:00,0.09967299542662694
2026-03-03 15:30:00+00:00,0.1222312376785011
2026-03-03 15:45:00+00:00,0.16186988813824718
2026-03-03 16:00:00+00:00,0.07608622904859003
2026-03-03 16:15:00+00:00,0.10812270836604662
2026-03-03 16:30:00+00:00,0.1844438933761138
2026-03-03 16:45:00+00:00,0.24806655817359846
2026-03-03 17:00:00+00:00,0.2081098990530567
2026-03-03 17:15:00+00:00,0.2074527456303717
2026-03-03 17:30:00+00:00,0.2096429810929734
2026-03-03 17:45:00+00:00,0.19003935862279367
2026-03-03 18:00:00+00:00,0.23106917390523238
2026-03-03 18:15:00+00:00,0.15712955933999895
2026-03-03 18:30:00+00:00,0.17442441885622983
2026-03-03 18:45:00+00:00,0.12989746736377558
2026-03-03 19:00:00+00:00,0.16456034597048874
2026-03-03 19:15:00+00:00,0.1225039605919083
2026-03-03 19:30:00+00:00,0.13515565160355256
2026-03-03 19:45:00+00:00,0.13590498911027749
2026-03-03 20:00:00+00:00,0.11228121644622681
2026-03-03 20:15:00+00:00,0.12744401794903767
2026-03-03 20:30:00+00:00,0.11577109944687293
2026-03-03 20:45:00+00:00,0.08829566151751755
2026-03-03 21:00:00+00:00,0.1272888397185187
2026-03-03 21:15:00+00:00,0.12078603204837347
2026-03-03 21:30:00+00:00,0.10208873447331153
2026-03-03 21:45:00+00:00,0.11402916520255223
2026-03-03 22:00:00+00:00,0.09539236593210804
2026-03-03 22:15:00+00:00,0.08957243853550356
2026-03-03 22:30:00+00:00,0.10557597395588753
2026-03-03 22:45:00+00:00,0.09824385277972271
2026-03-03 23:00:00+00:00,0.13277426511575896
2026-03-03 23:15:00+00:00,0.14039594435971886
2026-03-03 23:30:00+00:00,0.1318689431421595
2026-03-03 23:45:00+00:00,0.12582139070934015
2026-03-04 00:00:00+00:00,0.13434863564647734
2026-03-04 00:15:00+00:00,0.1334558026797834
2026-03-04 00:30:00+00:00,0.12067349696970005
2026-03-04 00:45:00+00:00,0.14368818690086596
2026-03-04 01:00:00+00:00,0.11898454229878014
2026-03-04 01:15:00+00:00,0.14684297429458315
2026-03-04 01:30:00+00:00,0.12532887947089408
2026-03-04 01:45:00+00:00,0.10965489110431258
2026-03-04 02:00:00+00:00,0.13849079350488602
2026-03-04 02:15:00+00:00,0.1259890138839496
2026-03-04 02:30:00+00:00,0.13318124098380238
2026-03-04 02:45:00+00:00,0.18696855918542593
2026-03-04 03:00:00+00:00,0.12811955554145027
2026-03-04 03:15:00+00:00,0.11915759155187185
2026-03-04 03:30:00+00:00,0.14029713377669248
2026-03-04 03:45:00+00:00,0.13245755507454596
2026-03-04 04:00:00+00:00,0.13113857818608418
2026-03-04 04:15:00+00:00,0.11040269426208539
2026-03-04 04:30:00+00:00,0.14468981717009852
2026-03-04 04:45:00+00:00,0.1618141417485497
2026-03-04 05:00:00+00:00,0.1535630963717853
2026-03-04 05:15:00+00:00,0.15780087347889096
2026-03-04 05:30:00+00:00,0.21367857745849297
2026-03-04 05:45:00+00:00,0.3061730999335022
2026-03-04 06:00:00+00:00,0.3208755914712328
2026-03-04 06:15:00+00:00,0.3514125669052805
2026-03-04 06:30:00+00:00,0.24605370418416905
2026-03-04 06:45:00+00:00,0.18168913510548215
2026-03-04 07:00:00+00:00,0.3101240356857364
2026-03-04 07:15:00+00:00,0.19880851801327465
2026-03-04 07:30:00+00:00,0.1436988643377502
2026-03-04 07:45:00+00:00,0.12340924748728922
2026-03-04 08:00:00+00:00,0.21563941038367898
2026-03-04 08:15:00+00:00,0.1447101331875688
2026-03-04 08:30:00+00:00,0.13959768190368485
2026-03-04 08:45:00+00:00,0.11194389482073415
2026-03-04 09:00:00+00:00,0.12782693224708944
2026-03-04 09:15:00+00:00,0.12221793017451721
2026-03-04 09:30:00+00:00,0.11353528242521521
2026-03-04 09:45:00+00:00,0.08364469317590391
2026-03-04 10:00:00+00:00,0.11400648103261693
2026-03-04 10:15:00+00:00,0.06882596206503049
2026-03-04 10:30:00+00:00,0.08215950422131851
2026-03-04 10:45:00+00:00,0.04052719293603225
2026-03-04 11:00:00+00:00,0.05882918641766913
2026-03-04 11:15:00+00:00,0.033680691662622095
2026-03-04 11:30:00+00:00,0.025479398164257552
2026-03-04 11:45:00+00:00,0.019640041812588622
2026-03-04 12:00:00+00:00,0.029608496892888112
2026-03-04 12:15:00+00:00,0.035291544863313845
2026-03-04 12:30:00+00:00,0.030178409612942977
2026-03-04 12:45:00+00:00,0.023983742932304073
2026-03-04 13:00:00+00:00,0.03777067846495161
2026-03-04 13:15:00+00:00,0.049819098663849606
2026-03-04 13:30:00+00:00,0.07931279572895371
2026-03-04 13:45:00+00:00,0.10162536506940711
2026-03-04 14:00:00+00:00,0.07316610418402783
2026-03-04 14:15:00+00:00,0.10400179547521476
2026-03-04 14:30:00+00:00,0.10653003143392759
2026-03-04 14:45:00+00:00,0.12186690420302893
2026-03-04 15:00:00+00:00,0.11515562173991661
2026-03-04 15:15:00+00:00,0.11718333463338233
2026-03-04 15:30:00+00:00,0.13615659773378494
2026-03-04 15:45:00+00:00,0.2122392542305557
2026-03-04 16:00:00+00:00,0.1332045094593007
2026-03-04 16:15:00+00:00,0.17790228192939328
2026-03-04 16:30:00+00:00,0.26800183998600685
2026-03-04 16:45:00+00:00,0.42660878571744953
2026-03-04 17:00:00+00:00,0.2801423910598261
2026-03-04 17:15:00+00:00,0.33835578512012465
2026-03-04 17:30:00+00:00,0.3543651593558104
2026-03-04 17:45:00+00:00,0.264214659698096
2026-03-04 18:00:00+00:00,0.30898444108523493
2026-03-04 18:15:00+00:00,0.22422884729379852
2026-03-04 18:30:00+00:00,0.19775077040940714
2026-03-04 18:45:00+00:00,0.18143168652474362
2026-03-04 19:00:00+00:00,0.2523649969612929
2026-03-04 19:15:00+00:00,0.16309251136447736
2026-03-04 19:30:00+00:00,0.14502173423218656
2026-03-04 19:45:00+00:00,0.1515033716171535
2026-03-04 20:00:00+00:00,0.18026543484615168
2026-03-04 20:15:00+00:00,0.1414402656148339
2026-03-04 20:30:00+00:00,0.15524232398305984
2026-03-04 20:45:00+00:00,0.13861306203738327
2026-03-04 21:00:00+00:00,0.16658085102156628
2026-03-04 21:15:00+00:00,0.16166480214871687
2026-03-04 21:30:00+00:00,0.21115013924659615
2026-03-04 21:45:00+00:00,0.11974907951380945
2026-03-04 22:00:00+00:00,0.1410957158007786
2026-03-04 22:15:00+00:00,0.12773561566751973
2026-03-04 22:30:00+00:00,0.1191497684475581
2026-03-04 22:45:00+00:00,0.12352873355636312
2026-03-04 23:00:00+00:00,0.1185598551606933
2026-03-04 23:15:00+00:00,0.10599950327834425
2026-03-04 23:30:00+00:00,0.12401180936504562
2026-03-04 23:45:00+00:00,0.1192803650690209
2026-03-05 00:00:00+00:00,0.10815868353182923
2026-03-05 00:15:00+00:00,0.1184740200112072
2026-03-05 00:30:00+00:00,0.11261215842492034
2026-03-05 00:45:00+00:00,0.12381274609000989
2026-03-05 01:00:00+00:00,0.11025509593826772
2026-03-05 01:15:00+00:00,0.11969632113872582
2026-03-05 01:30:00+00:00,0.1356801191049262
2026-03-05 01:45:00+00:00,0.16482099155047467
2026-03-05 02:00:00+00:00,0.10928328165794843
2026-03-05 02:15:00+00:00,0.1157244698522098
2026-03-05 02:30:00+00:00,0.10515719141796115
2026-03-05 02:45:00+00:00,0.13291967705524732
2026-03-05 03:00:00+00:00,0.11149071037695982
2026-03-05 03:15:00+00:00,0.10750066679774486
2026-03-05 03:30:00+00:00,0.10159310994979964
2026-03-05 03:45:00+00:00,0.1253522019160644
2026-03-05 04:00:00+00:00,0.11727187412827739
2026-03-05 04:15:00+00:00,0.10714645628585906
2026-03-05 04:30:00+00:00,0.14347451345122422
2026-03-05 04:45:00+00:00,0.13421444031787141
2026-03-05 05:00:00+00:00,0.12957970575073158
2026-03-05 05:15:00+00:00,0.15877756352076694
2026-03-05 05:30:00+00:00,0.18371329809559223
2026-03-05 05:45:00+00:00,0.1612218119727131
2026-03-05 06:00:00+00:00,0.19231647371197677
2026-03-05 06:15:00+00:00,0.1816257203907496
2026-03-05 06:30:00+00:00,0.1466343149968508
2026-03-05 06:45:00+00:00,0.15986657357758982
2026-03-05 07:00:00+00:00,0.19191639295024038
2026-03-05 07:15:00+00:00,0.15314216577948828
2026-03-05 07:30:00+00:00,0.14272294945685146
2026-03-05 07:45:00+00:00,0.10177958380580235
2026-03-05 08:00:00+00:00,0.12821888352299235
2026-03-05 08:15:00+00:00,0.09577962380946238
2026-03-05 08:30:00+00:00,0.08613609008622435
2026-03-05 08:45:00+00:00,0.05537198443690968
2026-03-05 09:00:00+00:00,0.09705254763607339
2026-03-05 09:15:00+00:00,0.07059666089785956
2026-03-05 09:30:00+00:00,0.06740360724077876
2026-03-05 09:45:00+00:00,0.0321552349643861
2026-03-05 10:00:00+00:00,0.05515296298430908
2026-03-05 10:15:00+00:00,0.016878069699923694
2026-03-05 10:30:00+00:00,0.010171532368217613
2026-03-05 10:45:00+00:00,0.00738237230816162
2026-03-05 11:00:00+00:00,0.0
2026-03-05 11:15:00+00:00,0.0008747375368073925
2026-03-05 11:30:00+00:00,0.0023304295152948395
2026-03-05 11:45:00+00:00,0.0
2026-03-05 12:00:00+00:00,0.0
2026-03-05 12:15:00+00:00,0.0023061084876621445
2026-03-05 12:30:00+00:00,0.0
2026-03-05 12:45:00+00:00,0.013519237152493925
2026-03-05 13:00:00+00:00,0.001126456263408
2026-03-05 13:15:00+00:00,0.042918536930332166
2026-03-05 13:30:00+00:00,0.063238277453883
2026-03-05 13:45:00+00:00,0.06450243198298179
2026-03-05 14:00:00+00:00,0.06377207862374674
2026-03-05 14:15:00+00:00,0.0792625809511798
2026-03-05 14:30:00+00:00,0.1070595417379779
2026-03-05 14:45:00+00:00,0.10574741590914785
2026-03-05 15:00:00+00:00,0.09510586758427714
2026-03-05 15:15:00+00:00,0.11166011033110647
2026-03-05 15:30:00+00:00,0.1424601541090163
2026-03-05 15:45:00+00:00,0.18546974724852694
2026-03-05 16:00:00+00:00,0.13611350470895753
2026-03-05 16:15:00+00:00,0.14991019645560413
2026-03-05 16:30:00+00:00,0.19587964259331828
2026-03-05 16:45:00+00:00,0.29152901971737666
2026-03-05 17:00:00+00:00,0.22894527628201136
2026-03-05 17:15:00+00:00,0.2037475590740013
2026-03-05 17:30:00+00:00,0.21931175328341151
2026-03-05 17:45:00+00:00,0.16089367113540887
2026-03-05 18:00:00+00:00,0.2144533456435441
2026-03-05 18:15:00+00:00,0.15807905214167287
2026-03-05 18:30:00+00:00,0.16460810143273844
2026-03-05 18:45:00+00:00,0.15708097633487786
2026-03-05 19:00:00+00:00,0.14087845010971956
2026-03-05 19:15:00+00:00,0.12136945394909449
2026-03-05 19:30:00+00:00,0.13483960900171765
2026-03-05 19:45:00+00:00,0.11872592477233128
2026-03-05 20:00:00+00:00,0.16458603219163004
2026-03-05 20:15:00+00:00,0.1384380754049983
2026-03-05 20:30:00+00:00,0.1186580059196482
2026-03-05 20:45:00+00:00,0.10021840488988289
2026-03-05 21:00:00+00:00,0.1474790495909083
2026-03-05 21:15:00+00:00,0.12462816025915814
2026-03-05 21:30:00+00:00,0.12870828799460426
2026-03-05 21:45:00+00:00,0.1349380274511248
2026-03-05 22:00:00+00:00,0.12383741648069169
2026-03-05 22:15:00+00:00,0.12133071171259839
2026-03-05 22:30:00+00:00,0.1181643159017748
2026-03-05 22:45:00+00:00,0.11683324511516092
2026-03-05 23:00:00+00:00,0.10910744335510325
2026-03-05 23:15:00+00:00,0.10228886268745171
2026-03-05 23:30:00+00:00,0.10507649061496518
2026-03-05 23:45:00+00:00,0.10065220988476511
2026-03-06 00:00:00+00:00,0.09145387593080556
2026-03-06 00:15:00+00:00,0.1084260085739813
2026-03-06 00:30:00+00:00,0.1258419176083307
2026-03-06 00:45:00+00:00,0.09616280859308937
2026-03-06 01:00:00+00:00,0.10164970290397297
2026-03-06 01:15:00+00:00,0.09933272228356259
2026-03-06 01:30:00+00:00,0.11581591778723123
2026-03-06 01:45:00+00:00,0.16258485454196442
2026-03-06 02:00:00+00:00,0.10724462307583543
2026-03-06 02:15:00+00:00,0.09971980938361034
2026-03-06 02:30:00+00:00,0.11046376791639924
2026-03-06 02:45:00+00:00,0.09518377872664195
2026-03-06 03:00:00+00:00,0.11217426566857494
2026-03-06 03:15:00+00:00,0.11868524386087934
2026-03-06 03:30:00+00:00,0.10548800863366321
2026-03-06 03:45:00+00:00,0.10796481723170336
2026-03-06 04:00:00+00:00,0.1300143789169486
2026-03-06 04:15:00+00:00,0.11546240360495415
2026-03-06 04:30:00+00:00,0.14451947845943822
2026-03-06 04:45:00+00:00,0.14813002334802167
2026-03-06 05:00:00+00:00,0.12481045183058671
2026-03-06 05:15:00+00:00,0.15174412699496645
2026-03-06 05:30:00+00:00,0.1530800114325356
2026-03-06 05:45:00+00:00,0.19475497143495646
2026-03-06 06:00:00+00:00,0.21069510585175907
2026-03-06 06:15:00+00:00,0.18192506556594967
2026-03-06 06:30:00+00:00,0.171394820747264
2026-03-06 06:45:00+00:00,0.12780692193122084
2026-03-06 07:00:00+00:00,0.18279975171555293
2026-03-06 07:15:00+00:00,0.13683839056585842
2026-03-06 07:30:00+00:00,0.13731400367762803
2026-03-06 07:45:00+00:00,0.10720714186386116
2026-03-06 08:00:00+00:00,0.1531715588417198
2026-03-06 08:15:00+00:00,0.10554555297558318
2026-03-06 08:30:00+00:00,0.08587817110496579
2026-03-06 08:45:00+00:00,0.1120791738248951
2026-03-06 09:00:00+00:00,0.11136902491994131
2026-03-06 09:15:00+00:00,0.09320200203979946
2026-03-06 09:30:00+00:00,0.10030801574483114
2026-03-06 09:45:00+00:00,0.08886120788003297
2026-03-06 10:00:00+00:00,0.08707949443914534
2026-03-06 10:15:00+00:00,0.08258575167939375
2026-03-06 10:30:00+00:00,0.07402999938516869
2026-03-06 10:45:00+00:00,0.035776188125979415
2026-03-06 11:00:00+00:00,0.056392098943405244
2026-03-06 11:15:00+00:00,0.05896537163279768
2026-03-06 11:30:00+00:00,0.024233874361895624
2026-03-06 11:45:00+00:00,0.04518544306835011
2026-03-06 12:00:00+00:00,0.033941687983753285
2026-03-06 12:15:00+00:00,0.04255446198566475
2026-03-06 12:30:00+00:00,0.09370179910970797
2026-03-06 12:45:00+00:00,0.04876755622092492
2026-03-06 13:00:00+00:00,0.04018738747887392
2026-03-06 13:15:00+00:00,0.053528563503711865
2026-03-06 13:30:00+00:00,0.10750911266818686
2026-03-06 13:45:00+00:00,0.1196246200416135
2026-03-06 14:00:00+00:00,0.07363934179743717
2026-03-06 14:15:00+00:00,0.11983116751303569
2026-03-06 14:30:00+00:00,0.10100534509527147
2026-03-06 14:45:00+00:00,0.1352918747333171
2026-03-06 15:00:00+00:00,0.09022726040103084
2026-03-06 15:15:00+00:00,0.11400251358746034
2026-03-06 15:30:00+00:00,0.14870852343606145
2026-03-06 15:45:00+00:00,0.17251886530576657
2026-03-06 16:00:00+00:00,0.11071448576780758
2026-03-06 16:15:00+00:00,0.19162410556199527
2026-03-06 16:30:00+00:00,0.2317540498628088
2026-03-06 16:45:00+00:00,0.232496198843979
2026-03-06 17:00:00+00:00,0.22827223548415168
2026-03-06 17:15:00+00:00,0.23297334407715603
2026-03-06 17:30:00+00:00,0.22736439487481458
2026-03-06 17:45:00+00:00,0.2288010185361037
2026-03-06 18:00:00+00:00,0.25010299572921585
2026-03-06 18:15:00+00:00,0.1840572310589738
2026-03-06 18:30:00+00:00,0.1695391527385685
2026-03-06 18:45:00+00:00,0.1849587454942101
2026-03-06 19:00:00+00:00,0.1749675612035871
2026-03-06 19:15:00+00:00,0.15677193540123477
2026-03-06 19:30:00+00:00,0.13916981882879548
2026-03-06 19:45:00+00:00,0.13313873218164743
2026-03-06 20:00:00+00:00,0.15868323772582862
2026-03-06 20:15:00+00:00,0.13567348475486357
2026-03-06 20:30:00+00:00,0.1310420275513803
2026-03-06 20:45:00+00:00,0.11262426705084971
2026-03-06 21:00:00+00:00,0.13401967600800999
2026-03-06 21:15:00+00:00,0.10227177942437671
2026-03-06 21:30:00+00:00,0.12461218596283864
2026-03-06 21:45:00+00:00,0.12883369302408054
2026-03-06 22:00:00+00:00,0.13011597444433443
2026-03-06 22:15:00+00:00,0.12747526368215317
2026-03-06 22:30:00+00:00,0.1173304929330808
2026-03-06 22:45:00+00:00,0.11963441676292773
2026-03-06 23:00:00+00:00,0.13914476802463827
2026-03-06 23:15:00+00:00,0.12732758459317994
2026-03-06 23:30:00+00:00,0.14610551467665128
2026-03-06 23:45:00+00:00,0.13912932013532217
2026-03-07 00:00:00+00:00,0.13156093236071825
2026-03-07 00:15:00+00:00,0.13725788309417777
2026-03-07 00:30:00+00:00,0.1335641200282038
2026-03-07 00:45:00+00:00,0.13105301235011177
2026-03-07 01:00:00+00:00,0.1128174410400492
2026-03-07 01:15:00+00:00,0.13572606541032628
2026-03-07 01:30:00+00:00,0.11845301037074268
2026-03-07 01:45:00+00:00,0.11954172066558733
2026-03-07 02:00:00+00:00,0.152868817522602
2026-03-07 02:15:00+00:00,0.12779873380721013
2026-03-07 02:30:00+00:00,0.11945677524552824
2026-03-07 02:45:00+00:00,0.10091705627244094
2026-03-07 03:00:00+00:00,0.13686764133946355
2026-03-07 03:15:00+00:00,0.11067790329191397
2026-03-07 03:30:00+00:00,0.11446561096500496
2026-03-07 03:45:00+00:00,0.12407647700912151
2026-03-07 04:00:00+00:00,0.13893411791700294
2026-03-07 04:15:00+00:00,0.13666239986665757
2026-03-07 04:30:00+00:00,0.12832162490159738
2026-03-07 04:45:00+00:00,0.1377829206363882
2026-03-07 05:00:00+00:00,0.12542614307128894
2026-03-07 05:15:00+00:00,0.1402265368956535
2026-03-07 05:30:00+00:00,0.1420633674477814
2026-03-07 05:45:00+00:00,0.14057769895681355
2026-03-07 06:00:00+00:00,0.1559317812243895
2026-03-07 06:15:00+00:00,0.14093977382205647
2026-03-07 06:30:00+00:00,0.12567652442453897
2026-03-07 06:45:00+00:00,0.11408822294390127
2026-03-07 07:00:00+00:00,0.13506031533796953
2026-03-07 07:15:00+00:00,0.11529085631286867
2026-03-07 07:30:00+00:00,0.10094712208089061
2026-03-07 07:45:00+00:00,0.08538526983784325
2026-03-07 08:00:00+00:00,0.13813215783664745
2026-03-07 08:15:00+00:00,0.10648471827842847
2026-03-07 08:30:00+00:00,0.08314801288760394
2026-03-07 08:45:00+00:00,0.0791274168329682
2026-03-07 09:00:00+00:00,0.10355456040056552
2026-03-07 09:15:00+00:00,0.08563837628902753
2026-03-07 09:30:00+00:00,0.0829787151595443
2026-03-07 09:45:00+00:00,0.04798923240089899
2026-03-07 10:00:00+00:00,0.05059789127618333
2026-03-07 10:15:00+00:00,0.021528565419510565
2026-03-07 10:30:00+00:00,0.009348012890445269
2026-03-07 10:45:00+00:00,0.025178156702804766
2026-03-07 11:00:00+00:00,0.03299820108337716
2026-03-07 11:15:00+00:00,0.011519180720910766
2026-03-07 11:30:00+00:00,0.00851569435275007
2026-03-07 11:45:00+00:00,0.02267782556898976
2026-03-07 12:00:00+00:00,0.010095578532150078
2026-03-07 12:15:00+00:00,0.054912357048010556
2026-03-07 12:30:00+00:00,0.0
2026-03-07 12:45:00+00:00,0.00686728069279419
2026-03-07 13:00:00+00:00,0.0
2026-03-07 13:15:00+00:00,0.0010597981406504173
2026-03-07 13:30:00+00:00,0.01971228423233288
2026-03-07 13:45:00+00:00,0.028492072765513098
2026-03-07 14:00:00+00:00,0.03293400305614961
2026-03-07 14:15:00+00:00,0.06225018365475082
2026-03-07 14:30:00+00:00,0.10515816306467672
2026-03-07 14:45:00+00:00,0.1370368629451643
2026-03-07 15:00:00+00:00,0.061746575258591854
2026-03-07 15:15:00+00:00,0.1243445780566655
2026-03-07 15:30:00+00:00,0.13687471370178372
2026-03-07 15:45:00+00:00,0.17306975536982788
2026-03-07 16:00:00+00:00,0.10994553507333585
2026-03-07 16:15:00+00:00,0.13223775564081
2026-03-07 16:30:00+00:00,0.14814902350578782
2026-03-07 16:45:00+00:00,0.20902129204233486
2026-03-07 17:00:00+00:00,0.15579411987474973
2026-03-07 17:15:00+00:00,0.18308840338735008
2026-03-07 17:30:00+00:00,0.2049633016488955
2026-03-07 17:45:00+00:00,0.19150340080540412
2026-03-07 18:00:00+00:00,0.20851698914323416
2026-03-07 18:15:00+00:00,0.164690532372753
2026-03-07 18:30:00+00:00,0.1727130482259353
2026-03-07 18:45:00+00:00,0.1474490936465858
2026-03-07 19:00:00+00:00,0.17004406076352668
2026-03-07 19:15:00+00:00,0.1518331100427863
2026-03-07 19:30:00+00:00,0.1414012421813753
2026-03-07 19:45:00+00:00,0.1509507220387163
2026-03-07 20:00:00+00:00,0.1415943806098107
2026-03-07 20:15:00+00:00,0.12585274241099442
2026-03-07 20:30:00+00:00,0.1305415311682617
2026-03-07 20:45:00+00:00,0.13443032946588532
2026-03-07 21:00:00+00:00,0.1560403875158709
2026-03-07 21:15:00+00:00,0.13491129375296512
2026-03-07 21:30:00+00:00,0.14406197067234025
2026-03-07 21:45:00+00:00,0.11640825078522406
2026-03-07 22:00:00+00:00,0.13966736535182098
2026-03-07 22:15:00+00:00,0.12802424882845898
2026-03-07 22:30:00+00:00,0.17547440572527484
2026-03-07 22:45:00+00:00,0.12179094388250197
2026-03-07 23:00:00+00:00,0.15261910957392194
2026-03-07 23:15:00+00:00,0.1328219316182951
2026-03-07 23:30:00+00:00,0.13313028686953124
2026-03-07 23:45:00+00:00,0.1287987710967595
2026-03-08 00:00:00+00:00,0.1301211009610885
2026-03-08 00:15:00+00:00,0.13386333310918566
2026-03-08 00:30:00+00:00,0.1285634047010288
2026-03-08 00:45:00+00:00,0.12489919434996953
2026-03-08 01:00:00+00:00,0.13431759456581452
2026-03-08 01:15:00+00:00,0.13417673540613387
2026-03-08 01:30:00+00:00,0.1256770482089267
2026-03-08 01:45:00+00:00,0.14007714733971263
2026-03-08 02:00:00+00:00,0.12082519370796983
2026-03-08 02:15:00+00:00,0.12287029891530103
2026-03-08 02:30:00+00:00,0.15819963624223554
2026-03-08 02:45:00+00:00,0.11699008645010771
2026-03-08 03:00:00+00:00,0.11583245325290242
2026-03-08 03:15:00+00:00,0.13612476745001217
2026-03-08 03:30:00+00:00,0.10842880146226128
2026-03-08 03:45:00+00:00,0.1276372609002756
2026-03-08 04:00:00+00:00,0.1512982492507649
2026-03-08 04:15:00+00:00,0.111950640778466
2026-03-08 04:30:00+00:00,0.11017035514261286
2026-03-08 04:45:00+00:00,0.11631818798042302
2026-03-08 05:00:00+00:00,0.13952359568346984
2026-03-08 05:15:00+00:00,0.14613776719985813
2026-03-08 05:30:00+00:00,0.12568411203021493
2026-03-08 05:45:00+00:00,0.13498212404001067
2026-03-08 06:00:00+00:00,0.15296255327511987
2026-03-08 06:15:00+00:00,0.14599346414429826
2026-03-08 06:30:00+00:00,0.10648664718820153
2026-03-08 06:45:00+00:00,0.06879528282330014
2026-03-08 07:00:00+00:00,0.12244121077590311
2026-03-08 07:15:00+00:00,0.10493195805064742
2026-03-08 07:30:00+00:00,0.10180061203421609
2026-03-08 07:45:00+00:00,0.08813140598991281
2026-03-08 08:00:00+00:00,0.1221789459793067
2026-03-08 08:15:00+00:00,0.10740428426687582
2026-03-08 08:30:00+00:00,0.08502326346075216
2026-03-08 08:45:00+00:00,0.08146484876051818
2026-03-08 09:00:00+00:00,0.09432661366631089
2026-03-08 09:15:00+00:00,0.08374505972862571
2026-03-08 09:30:00+00:00,0.05640544157109964
2026-03-08 09:45:00+00:00,0.08129252048237916
2026-03-08 10:00:00+00:00,0.049178111770977626
2026-03-08 10:15:00+00:00,0.005385888332054407
2026-03-08 10:30:00+00:00,0.009548291009079822
2026-03-08 10:45:00+00:00,0.0577748110304605
2026-03-08 11:00:00+00:00,0.017344526904579907
2026-03-08 11:15:00+00:00,0.022089604871030892
2026-03-08 11:30:00+00:00,0.009246014327638434
2026-03-08 11:45:00+00:00,0.0
2026-03-08 12:00:00+00:00,0.008425138964550043
2026-03-08 12:15:00+00:00,0.007539587661419645
2026-03-08 12:30:00+00:00,0.0
2026-03-08 12:45:00+00:00,0.0
2026-03-08 13:00:00+00:00,0.0
2026-03-08 13:15:00+00:00,0.0
2026-03-08 13:30:00+00:00,0.0
2026-03-08 13:45:00+00:00,0.02655264698241986
2026-03-08 14:00:00+00:00,0.016738301741721837
2026-03-08 14:15:00+00:00,0.02711408999243972
2026-03-08 14:30:00+00:00,0.09454065962957342
2026-03-08 14:45:00+00:00,0.10142194176071585
2026-03-08 15:00:00+00:00,0.07382113790470944
2026-03-08 15:15:00+00:00,0.09964989330708444
2026-03-08 15:30:00+00:00,0.1321132291746948
2026-03-08 15:45:00+00:00,0.15977270748038386
2026-03-08 16:00:00+00:00,0.1260944939905953
2026-03-08 16:15:00+00:00,0.1491596907355596
2026-03-08 16:30:00+00:00,0.14551746300328547
2026-03-08 16:45:00+00:00,0.1853045086296334
2026-03-08 17:00:00+00:00,0.15052262677595676
2026-03-08 17:15:00+00:00,0.16052989882622798
2026-03-08 17:30:00+00:00,0.1610348604800851
2026-03-08 17:45:00+00:00,0.16980690152545624
2026-03-08 18:00:00+00:00,0.14216249515907503
2026-03-08 18:15:00+00:00,0.15418470896330896
2026-03-08 18:30:00+00:00,0.15878561477355457
2026-03-08 18:45:00+00:00,0.1431982652365205
2026-03-08 19:00:00+00:00,0.13724612963927485
2026-03-08 19:15:00+00:00,0.15606879150503963
2026-03-08 19:30:00+00:00,0.14069445510894404
2026-03-08 19:45:00+00:00,0.1256991896907829
2026-03-08 20:00:00+00:00,0.12661967116852513
2026-03-08 20:15:00+00:00,0.12276185171578655
2026-03-08 20:30:00+00:00,0.13740590396786231
2026-03-08 20:45:00+00:00,0.11776661940868045
2026-03-08 21:00:00+00:00,0.12448412932999293
2026-03-08 21:15:00+00:00,0.12561689231224657
2026-03-08 21:30:00+00:00,0.10950601812553677
2026-03-08 21:45:00+00:00,0.13130843030280379
2026-03-08 22:00:00+00:00,0.13284800534896724
2026-03-08 22:15:00+00:00,0.10959425928797223
2026-03-08 22:30:00+00:00,0.1075132975296914
2026-03-08 22:45:00+00:00,0.08072866801307721
2026-03-08 23:00:00+00:00,0.10669419228448633
2026-03-08 23:15:00+00:00,0.10106530225042244
2026-03-08 23:30:00+00:00,0.11410190340987386
2026-03-08 23:45:00+00:00,0.1543676629555864
2026-03-09 00:00:00+00:00,0.09810664512584759
2026-03-09 00:15:00+00:00,0.10686835957535443
2026-03-09 00:30:00+00:00,0.11373337147647349
2026-03-09 00:45:00+00:00,0.11244839349915588
2026-03-09 01:00:00+00:00,0.0898832971914112
2026-03-09 01:15:00+00:00,0.10648736519516169
2026-03-09 01:30:00+00:00,0.0960365922302839
2026-03-09 01:45:00+00:00,0.11897728697140274
2026-03-09 02:00:00+00:00,0.11783146416353499
2026-03-09 02:15:00+00:00,0.1014297277367554
2026-03-09 02:30:00+00:00,0.10273954797599599
2026-03-09 02:45:00+00:00,0.10650732949501693
2026-03-09 03:00:00+00:00,0.09047206605268661
2026-03-09 03:15:00+00:00,0.11595968173440577
2026-03-09 03:30:00+00:00,0.11339155453659869
2026-03-09 03:45:00+00:00,0.1335417508256786
2026-03-09 04:00:00+00:00,0.10192590782037447
2026-03-09 04:15:00+00:00,0.11980877051750069
2026-03-09 04:30:00+00:00,0.12723474741960886
2026-03-09 04:45:00+00:00,0.15673709436505748
2026-03-09 05:00:00+00:00,0.1291001800393178
2026-03-09 05:15:00+00:00,0.16299973678846447
2026-03-09 05:30:00+00:00,0.1722873815124861
2026-03-09 05:45:00+00:00,0.18371175684744612
2026-03-09 06:00:00+00:00,0.21451236596138193
2026-03-09 06:15:00+00:00,0.20483534733987188
2026-03-09 06:30:00+00:00,0.17878699576828355
2026-03-09 06:45:00+00:00,0.15599103331863595
2026-03-09 07:00:00+00:00,0.21544240607456647
2026-03-09 07:15:00+00:00,0.16634112790731378
2026-03-09 07:30:00+00:00,0.13832279078522305
2026-03-09 07:45:00+00:00,0.11300016073927159
2026-03-09 08:00:00+00:00,0.16535683123010048
2026-03-09 08:15:00+00:00,0.12296563842780511
2026-03-09 08:30:00+00:00,0.11666574859335867
2026-03-09 08:45:00+00:00,0.09920309171211907
2026-03-09 09:00:00+00:00,0.11739368006703818
2026-03-09 09:15:00+00:00,0.08299260894476504
2026-03-09 09:30:00+00:00,0.07606318184791917
2026-03-09 09:45:00+00:00,0.09336967006046838
2026-03-09 10:00:00+00:00,0.1007618140564905
2026-03-09 10:15:00+00:00,0.07586513296468479
2026-03-09 10:30:00+00:00,0.07619971647828866
2026-03-09 10:45:00+00:00,0.07313719252902302
2026-03-09 11:00:00+00:00,0.07652217601658703
2026-03-09 11:15:00+00:00,0.04754322728329152
2026-03-09 11:30:00+00:00,0.05838959753021623
2026-03-09 11:45:00+00:00,0.06277420620150126
2026-03-09 12:00:00+00:00,0.07094140197236048
2026-03-09 12:15:00+00:00,0.08982430483721494
2026-03-09 12:30:00+00:00,0.06608994273190281
2026-03-09 12:45:00+00:00,0.05798022537896012
2026-03-09 13:00:00+00:00,0.06997268077201298
2026-03-09 13:15:00+00:00,0.0927099578954071
2026-03-09 13:30:00+00:00,0.08565014120979501
2026-03-09 13:45:00+00:00,0.08641351454845707
2026-03-09 14:00:00+00:00,0.1011699394148002
2026-03-09 14:15:00+00:00,0.10860545618498435
2026-03-09 14:30:00+00:00,0.15580919155804376
2026-03-09 14:45:00+00:00,0.14615425617534342
2026-03-09 15:00:00+00:00,0.11088265567658873
2026-03-09 15:15:00+00:00,0.14907890042558894
2026-03-09 15:30:00+00:00,0.14991551024690544
2026-03-09 15:45:00+00:00,0.1814192055382068
2026-03-09 16:00:00+00:00,0.13941273822081263
2026-03-09 16:15:00+00:00,0.14971839497019113
2026-03-09 16:30:00+00:00,0.20391579290921008
2026-03-09 16:45:00+00:00,0.24590973372635572
2026-03-09 17:00:00+00:00,0.23667376272259602
2026-03-09 17:15:00+00:00,0.2460695448438884
2026-03-09 17:30:00+00:00,0.2635158323564747
2026-03-09 17:45:00+00:00,0.25530412756355525
2026-03-09 18:00:00+00:00,0.2858977976993807
2026-03-09 18:15:00+00:00,0.23233627732077244
2026-03-09 18:30:00+00:00,0.23328245266427727
2026-03-09 18:45:00+00:00,0.2644528649259922
2026-03-09 19:00:00+00:00,0.2601541213496378
2026-03-09 19:15:00+00:00,0.1921198604564259
2026-03-09 19:30:00+00:00,0.1620142721740576
2026-03-09 19:45:00+00:00,0.14301289600668565
2026-03-09 20:00:00+00:00,0.18693346572463204
2026-03-09 20:15:00+00:00,0.15867326471726037
2026-03-09 20:30:00+00:00,0.11966651952892643
2026-03-09 20:45:00+00:00,0.1380835581275622
2026-03-09 21:00:00+00:00,0.15160842603182687
2026-03-09 21:15:00+00:00,0.14394073443881553
2026-03-09 21:30:00+00:00,0.139433806342143
2026-03-09 21:45:00+00:00,0.13825046416606687
2026-03-09 22:00:00+00:00,0.15032687778553383
2026-03-09 22:15:00+00:00,0.13721053162258653
2026-03-09 22:30:00+00:00,0.1246068881286184
2026-03-09 22:45:00+00:00,0.1288566279519083
2026-03-09 23:00:00+00:00,0.1492959961657763
2026-03-09 23:15:00+00:00,0.13109569960135162
2026-03-09 23:30:00+00:00,0.14180928648571234
2026-03-09 23:45:00+00:00,0.13468042323860466
2026-03-10 00:00:00+00:00,0.15102441239776673
2026-03-10 00:15:00+00:00,0.14254349780288475
2026-03-10 00:30:00+00:00,0.12149325082409869
2026-03-10 00:45:00+00:00,0.13600298374508965
2026-03-10 01:00:00+00:00,0.1193604661690553
2026-03-10 01:15:00+00:00,0.13491932100940848
2026-03-10 01:30:00+00:00,0.1226238580123989
2026-03-10 01:45:00+00:00,0.11559746776624415
2026-03-10 02:00:00+00:00,0.12835045342697404
2026-03-10 02:15:00+00:00,0.09851432871845861
2026-03-10 02:30:00+00:00,0.10930024425594773
2026-03-10 02:45:00+00:00,0.1782050811622572
2026-03-10 03:00:00+00:00,0.12376441766634842
2026-03-10 03:15:00+00:00,0.12164681229841812
2026-03-10 03:30:00+00:00,0.11482563701282403
2026-03-10 03:45:00+00:00,0.12685108157861497
2026-03-10 04:00:00+00:00,0.13018209327237393
2026-03-10 04:15:00+00:00,0.1394078177062836
2026-03-10 04:30:00+00:00,0.1427777688240406
2026-03-10 04:45:00+00:00,0.22160833781036987
2026-03-10 05:00:00+00:00,0.14398397023459233
2026-03-10 05:15:00+00:00,0.15861544346041787
2026-03-10 05:30:00+00:00,0.1718149794658838
2026-03-10 05:45:00+00:00,0.17766133842792145
2026-03-10 06:00:00+00:00,0.19290861009608584
2026-03-10 06:15:00+00:00,0.21104100619221336
2026-03-10 06:30:00+00:00,0.18088290084710967
2026-03-10 06:45:00+00:00,0.1667600932591912
2026-03-10 07:00:00+00:00,0.22455114756201008
2026-03-10 07:15:00+00:00,0.1898409979451426
2026-03-10 07:30:00+00:00,0.15305695773552028
2026-03-10 07:45:00+00:00,0.14904585082569893
2026-03-10 08:00:00+00:00,0.17630143252557878
2026-03-10 08:15:00+00:00,0.14887231373804277
2026-03-10 08:30:00+00:00,0.14293112364309854
2026-03-10 08:45:00+00:00,0.11371572371418795
2026-03-10 09:00:00+00:00,0.14732388987544173
2026-03-10 09:15:00+00:00,0.12511863425206302
2026-03-10 09:30:00+00:00,0.11067996836069936
2026-03-10 09:45:00+00:00,0.09041107717493839
2026-03-10 10:00:00+00:00,0.13880007054584909
2026-03-10 10:15:00+00:00,0.10203235535662863
2026-03-10 10:30:00+00:00,0.10028756050937543
2026-03-10 10:45:00+00:00,0.10393006669451127
2026-03-10 11:00:00+00:00,0.09045506096268799
2026-03-10 11:15:00+00:00,0.0804913208677787
2026-03-10 11:30:00+00:00,0.09019737296774834
2026-03-10 11:45:00+00:00,0.0730592360208761
2026-03-10 12:00:00+00:00,0.0910009392313208
2026-03-10 12:15:00+00:00,0.09696038664315405
2026-03-10 12:30:00+00:00,0.09593048103174835
2026-03-10 12:45:00+00:00,0.08569549056814253
2026-03-10 13:00:00+00:00,0.11793177956204012
2026-03-10 13:15:00+00:00,0.10514538153949175
2026-03-10 13:30:00+00:00,0.11823152117761741
2026-03-10 13:45:00+00:00,0.11603963749819554
2026-03-10 14:00:00+00:00,0.15094988018309236
2026-03-10 14:15:00+00:00,0.11196180920255161
2026-03-10 14:30:00+00:00,0.1141121287367178
2026-03-10 14:45:00+00:00,0.13890238542008643
2026-03-10 15:00:00+00:00,0.12205784258787496
2026-03-10 15:15:00+00:00,0.13012729777106002
2026-03-10 15:30:00+00:00,0.13574733615204432
2026-03-10 15:45:00+00:00,0.19299166053957334
2026-03-10 16:00:00+00:00,0.12710701984187375
2026-03-10 16:15:00+00:00,0.15271176107384374
2026-03-10 16:30:00+00:00,0.17184612412970027
2026-03-10 16:45:00+00:00,0.2529794148659699
2026-03-10 17:00:00+00:00,0.1886651941279031
2026-03-10 17:15:00+00:00,0.2249344948070565
2026-03-10 17:30:00+00:00,0.23900620322540442
2026-03-10 17:45:00+00:00,0.22133716933003098
2026-03-10 18:00:00+00:00,0.2365534568800781
2026-03-10 18:15:00+00:00,0.18829334141712584
2026-03-10 18:30:00+00:00,0.18696275164232717
2026-03-10 18:45:00+00:00,0.16887800338042522
2026-03-10 19:00:00+00:00,0.16770825930013006
2026-03-10 19:15:00+00:00,0.16389359459998767
2026-03-10 19:30:00+00:00,0.15668743408815142
2026-03-10 19:45:00+00:00,0.160505028858001
2026-03-10 20:00:00+00:00,0.14208820642187314
2026-03-10 20:15:00+00:00,0.17151646054978953
2026-03-10 20:30:00+00:00,0.14606479344554132
2026-03-10 20:45:00+00:00,0.11756285846330937
2026-03-10 21:00:00+00:00,0.1507053658307664
2026-03-10 21:15:00+00:00,0.1529740777199997
2026-03-10 21:30:00+00:00,0.1043927989894313
2026-03-10 21:45:00+00:00,0.10285737357508645
2026-03-10 22:00:00+00:00,0.09621568340126671
2026-03-10 22:15:00+00:00,0.10406651532648024
2026-03-10 22:30:00+00:00,0.0989439424192514
2026-03-10 22:45:00+00:00,0.0765083788455724
2026-03-10 23:00:00+00:00,0.0854746642900169
2026-03-10 23:15:00+00:00,0.06846485483811675
2026-03-10 23:30:00+00:00,0.08830533683411769
2026-03-10 23:45:00+00:00,0.08483434483915325
2026-03-11 00:00:00+00:00,0.07482981544266569
2026-03-11 00:15:00+00:00,0.07760059929023146
2026-03-11 00:30:00+00:00,0.053018556865799496
2026-03-11 00:45:00+00:00,0.06515213063692514
2026-03-11 01:00:00+00:00,0.06444617702255342
2026-03-11 01:15:00+00:00,0.05934582049397086
2026-03-11 01:30:00+00:00,0.0563963635878387
2026-03-11 01:45:00+00:00,0.0584138841796699
2026-03-11 02:00:00+00:00,0.06922433315692536
2026-03-11 02:15:00+00:00,0.052288367988044815
2026-03-11 02:30:00+00:00,0.058938846684321464
2026-03-11 02:45:00+00:00,0.06015528222000852
2026-03-11 03:00:00+00:00,0.04648960775468141
2026-03-11 03:15:00+00:00,0.07086665201675017
2026-03-11 03:30:00+00:00,0.04497504519938658
2026-03-11 03:45:00+00:00,0.053705630863665095
2026-03-11 04:00:00+00:00,0.04921692050177502
2026-03-11 04:15:00+00:00,0.07639480087138117
2026-03-11 04:30:00+00:00,0.07194905228599482
2026-03-11 04:45:00+00:00,0.06494407993756358
2026-03-11 05:00:00+00:00,0.06740231558859969
2026-03-11 05:15:00+00:00,0.07110698694288878
2026-03-11 05:30:00+00:00,0.08459253421111501
2026-03-11 05:45:00+00:00,0.07256522791247547
2026-03-11 06:00:00+00:00,0.08423584013043027
2026-03-11 06:15:00+00:00,0.09018766099054601
2026-03-11 06:30:00+00:00,0.0764491277000441
2026-03-11 06:45:00+00:00,0.08120755629575105
2026-03-11 07:00:00+00:00,0.07715708894756895
2026-03-11 07:15:00+00:00,0.09406156772854946
2026-03-11 07:30:00+00:00,0.07334681151202199
2026-03-11 07:45:00+00:00,0.06199085734021106
2026-03-11 08:00:00+00:00,0.08948157766629435
2026-03-11 08:15:00+00:00,0.06360750704995563
2026-03-11 08:30:00+00:00,0.06513248384698636
2026-03-11 08:45:00+00:00,0.0
2026-03-11 09:00:00+00:00,0.048830104667780615
2026-03-11 09:15:00+00:00,0.02575937192658935
2026-03-11 09:30:00+00:00,0.001244939876282384
2026-03-11 09:45:00+00:00,0.0
2026-03-11 10:00:00+00:00,0.02765749968181695
2026-03-11 10:15:00+00:00,0.018846599984993058
2026-03-11 10:30:00+00:00,0.010668767572004075
2026-03-11 10:45:00+00:00,0.0
2026-03-11 11:00:00+00:00,0.010770164378251672
2026-03-11 11:15:00+00:00,0.011282856948508507
2026-03-11 11:30:00+00:00,0.01946056167936016
2026-03-11 11:45:00+00:00,0.020199367029315168
2026-03-11 12:00:00+00:00,0.004344764139206289
2026-03-11 12:15:00+00:00,0.0017174699383874312
2026-03-11 12:30:00+00:00,0.013470498441679192
2026-03-11 12:45:00+00:00,0.024322106403619665
2026-03-11 13:00:00+00:00,0.021167336660837442
2026-03-11 13:15:00+00:00,0.03664050427589753
2026-03-11 13:30:00+00:00,0.05796174390128059
2026-03-11 13:45:00+00:00,0.07948881306984623
2026-03-11 14:00:00+00:00,0.05252124787900472
2026-03-11 14:15:00+00:00,0.07511306305000004
2026-03-11 14:30:00+00:00,0.0805409468686766
2026-03-11 14:45:00+00:00,0.09632607742357044
2026-03-11 15:00:00+00:00,0.05236562102689289
2026-03-11 15:15:00+00:00,0.09381850641923127
2026-03-11 15:30:00+00:00,0.12292145453267787
2026-03-11 15:45:00+00:00,0.12051088561960431
2026-03-11 16:00:00+00:00,0.1029419296257406
2026-03-11 16:15:00+00:00,0.13065431287412316
2026-03-11 16:30:00+00:00,0.13572689496422669
2026-03-11 16:45:00+00:00,0.1424846714783396
2026-03-11 17:00:00+00:00,0.14802059356453642
2026-03-11 17:15:00+00:00,0.15888350089355485
2026-03-11 17:30:00+00:00,0.14632150142781442
2026-03-11 17:45:00+00:00,0.16103163130358847
2026-03-11 18:00:00+00:00,0.16678090683146193
2026-03-11 18:15:00+00:00,0.158191464787447
2026-03-11 18:30:00+00:00,0.1373622205254815
2026-03-11 18:45:00+00:00,0.13879318495267315
2026-03-11 19:00:00+00:00,0.14701630374827518
2026-03-11 19:15:00+00:00,0.124369573497154
2026-03-11 19:30:00+00:00,0.11854576229363559
2026-03-11 19:45:00+00:00,0.17089396213683578
2026-03-11 20:00:00+00:00,0.1468125460403473
2026-03-11 20:15:00+00:00,0.1210154608377221
2026-03-11 20:30:00+00:00,0.1295554179957276
2026-03-11 20:45:00+00:00,0.1314576016203677
2026-03-11 21:00:00+00:00,0.13907309669352075
2026-03-11 21:15:00+00:00,0.12310754593385569
2026-03-11 21:30:00+00:00,0.10054710852161025
2026-03-11 21:45:00+00:00,0.11664824865403865
2026-03-11 22:00:00+00:00,0.1321139988781354
2026-03-11 22:15:00+00:00,0.10159932894564583
2026-03-11 22:30:00+00:00,0.11743583870075248
2026-03-11 22:45:00+00:00,0.10057833561467458
2026-03-11 23:00:00+00:00,0.11605273377152783
2026-03-11 23:15:00+00:00,0.11266380711205838
2026-03-11 23:30:00+00:00,0.10177369851260878
2026-03-11 23:45:00+00:00,0.06520189500604646
2026-03-12 00:00:00+00:00,0.09467861048529634
2026-03-12 00:15:00+00:00,0.10195168027247854
2026-03-12 00:30:00+00:00,0.08236408659901705
2026-03-12 00:45:00+00:00,0.08584527494763061
2026-03-12 01:00:00+00:00,0.07937163686096929
2026-03-12 01:15:00+00:00,0.1042692259520177
2026-03-12 01:30:00+00:00,0.10590492457418016
2026-03-12 01:45:00+00:00,0.0810713110485927
2026-03-12 02:00:00+00:00,0.09268298000389084
2026-03-12 02:15:00+00:00,0.08308505952235952
2026-03-12 02:30:00+00:00,0.09354944639031379
2026-03-12 02:45:00+00:00,0.09103683077242329
2026-03-12 03:00:00+00:00,0.10104705571613265
2026-03-12 03:15:00+00:00,0.09180918447707888
2026-03-12 03:30:00+00:00,0.11785406206388468
2026-03-12 03:45:00+00:00,0.07845076234989261
2026-03-12 04:00:00+00:00,0.07416396645563486
2026-03-12 04:15:00+00:00,0.08456909799298538
2026-03-12 04:30:00+00:00,0.08538011734439732
2026-03-12 04:45:00+00:00,0.10353537729994007
2026-03-12 05:00:00+00:00,0.09942685345802033
2026-03-12 05:15:00+00:00,0.11708811094568373
2026-03-12 05:30:00+00:00,0.1301138189804994
2026-03-12 05:45:00+00:00,0.15244218950445412
2026-03-12 06:00:00+00:00,0.14657810938914664
2026-03-12 06:15:00+00:00,0.14131485425127518
2026-03-12 06:30:00+00:00,0.14839232774500935
2026-03-12 06:45:00+00:00,0.10669677475218574
2026-03-12 07:00:00+00:00,0.13178454101295278
2026-03-12 07:15:00+00:00,0.11309759986092915
2026-03-12 07:30:00+00:00,0.0815843219937978
2026-03-12 07:45:00+00:00,0.05050094491049417
2026-03-12 08:00:00+00:00,0.11867117328797723
2026-03-12 08:15:00+00:00,0.09380014280566898
2026-03-12 08:30:00+00:00,0.08655220134852411
2026-03-12 08:45:00+00:00,0.0515709487586681
2026-03-12 09:00:00+00:00,0.08125739717258094
2026-03-12 09:15:00+00:00,0.027905273564140264
2026-03-12 09:30:00+00:00,0.011832272215850863
2026-03-12 09:45:00+00:00,0.01879256841749534
2026-03-12 10:00:00+00:00,0.0
2026-03-12 10:15:00+00:00,0.0041361625757168055
2026-03-12 10:30:00+00:00,0.02131586730077366
2026-03-12 10:45:00+00:00,0.0019003421920934253
2026-03-12 11:00:00+00:00,0.01589572963232848
2026-03-12 11:15:00+00:00,0.0
2026-03-12 11:30:00+00:00,0.0
2026-03-12 11:45:00+00:00,0.0
2026-03-12 12:00:00+00:00,0.0
2026-03-12 12:15:00+00:00,0.036118221721498
2026-03-12 12:30:00+00:00,0.0
2026-03-12 12:45:00+00:00,0.005220660780325274
2026-03-12 13:00:00+00:00,0.007001531056840551
2026-03-12 13:15:00+00:00,0.0019203644270653331
2026-03-12 13:30:00+00:00,0.007681028968557059
2026-03-12 13:45:00+00:00,0.0
2026-03-12 14:00:00+00:00,0.062019316695395434
2026-03-12 14:15:00+00:00,0.0001878844263207182
2026-03-12 14:30:00+00:00,0.004588640474267564
2026-03-12 14:45:00+00:00,0.007634073667375887
2026-03-12 15:00:00+00:00,0.01687450477636428
2026-03-12 15:15:00+00:00,0.03138801183387087
2026-03-12 15:30:00+00:00,0.07176431377198068
2026-03-12 15:45:00+00:00,0.08570850859283993
2026-03-12 16:00:00+00:00,0.05663083745271806
2026-03-12 16:15:00+00:00,0.10022426755126504
2026-03-12 16:30:00+00:00,0.10812455785416987
2026-03-12 16:45:00+00:00,0.1597910858384687
2026-03-12 17:00:00+00:00,0.1292305773247546
2026-03-12 17:15:00+00:00,0.11159738585913916
2026-03-12 17:30:00+00:00,0.1089679874569963
2026-03-12 17:45:00+00:00,0.1244822795007116
2026-03-12 18:00:00+00:00,0.13504142345810652
2026-03-12 18:15:00+00:00,0.12634398210270326
2026-03-12 18:30:00+00:00,0.09698874223066088
2026-03-12 18:45:00+00:00,0.1062170290498447
2026-03-12 19:00:00+00:00,0.08817047172231321
2026-03-12 19:15:00+00:00,0.07784097125277939
2026-03-12 19:30:00+00:00,0.05832544147375639
2026-03-12 19:45:00+00:00,0.09660868201898531
2026-03-12 20:00:00+00:00,0.06990020150923922
2026-03-12 20:15:00+00:00,0.0780446742025294
2026-03-12 20:30:00+00:00,0.05917675658071715
2026-03-12 20:45:00+00:00,0.05998165248330141
2026-03-12 21:00:00+00:00,0.12932366339282658
2026-03-12 21:15:00+00:00,0.0542618310956705
2026-03-12 21:30:00+00:00,0.06438662564186061
2026-03-12 21:45:00+00:00,0.025522699751897714
2026-03-12 22:00:00+00:00,0.01582594274684509
2026-03-12 22:15:00+00:00,0.0
2026-03-12 22:30:00+00:00,0.0031904188780239318
2026-03-12 22:45:00+00:00,0.011885291697204778
2026-03-12 23:00:00+00:00,0.0
2026-03-12 23:15:00+00:00,0.0
2026-03-12 23:30:00+00:00,0.004256310838671919
2026-03-12 23:45:00+00:00,0.0
2026-03-13 00:00:00+00:00,0.02662036635959309
2026-03-13 00:15:00+00:00,0.021918965460243755
2026-03-13 00:30:00+00:00,0.0
2026-03-13 00:45:00+00:00,0.009151376184034818
2026-03-13 01:00:00+00:00,0.012162825568794514
2026-03-13 01:15:00+00:00,0.0
2026-03-13 01:30:00+00:00,0.0
2026-03-13 01:45:00+00:00,0.002037015506919424
2026-03-13 02:00:00+00:00,0.0006015432518588907
2026-03-13 02:15:00+00:00,0.0
2026-03-13 02:30:00+00:00,0.004963168681644852
2026-03-13 02:45:00+00:00,0.0
2026-03-13 03:00:00+00:00,0.0
2026-03-13 03:15:00+00:00,0.05209082970349832
2026-03-13 03:30:00+00:00,0.005459700925688759
2026-03-13 03:45:00+00:00,0.0
2026-03-13 04:00:00+00:00,0.010890906109910812
2026-03-13 04:15:00+00:00,0.0
2026-03-13 04:30:00+00:00,0.0
2026-03-13 04:45:00+00:00,0.00171991463802391
2026-03-13 05:00:00+00:00,0.0
2026-03-13 05:15:00+00:00,0.003809395264488075
2026-03-13 05:30:00+00:00,0.02874074482308114
2026-03-13 05:45:00+00:00,0.0015611591096110142
2026-03-13 06:00:00+00:00,0.046022217224719136
2026-03-13 06:15:00+00:00,0.02861126779731052
2026-03-13 06:30:00+00:00,0.022410551373119918
2026-03-13 06:45:00+00:00,0.017172403533876657
2026-03-13 07:00:00+00:00,0.04245927749251953
2026-03-13 07:15:00+00:00,0.0
2026-03-13 07:30:00+00:00,0.0
2026-03-13 07:45:00+00:00,0.0
2026-03-13 08:00:00+00:00,0.0004214314696456089
2026-03-13 08:15:00+00:00,0.0
2026-03-13 08:30:00+00:00,0.0001833923931860801
2026-03-13 08:45:00+00:00,0.015925471334136722
2026-03-13 09:00:00+00:00,0.0
2026-03-13 09:15:00+00:00,0.0
2026-03-13 09:30:00+00:00,0.0
2026-03-13 09:45:00+00:00,0.0007051170455156467
2026-03-13 10:00:00+00:00,0.033611672267619526
2026-03-13 10:15:00+00:00,0.01027395920599248
2026-03-13 10:30:00+00:00,0.009423597477143572
2026-03-13 10:45:00+00:00,0.0
2026-03-13 11:00:00+00:00,0.0
2026-03-13 11:15:00+00:00,0.0009365980824155955
2026-03-13 11:30:00+00:00,0.003627985022273253
2026-03-13 11:45:00+00:00,0.0
2026-03-13 12:00:00+00:00,0.0
2026-03-13 12:15:00+00:00,0.034056525653167045
2026-03-13 12:30:00+00:00,0.0022106493833405714
2026-03-13 12:45:00+00:00,0.005666278834568907
2026-03-13 13:00:00+00:00,0.0
2026-03-13 13:15:00+00:00,0.0
2026-03-13 13:30:00+00:00,0.0
2026-03-13 13:45:00+00:00,0.046622001897561625
2026-03-13 14:00:00+00:00,0.010010170602262995
2026-03-13 14:15:00+00:00,0.006045179333217205
2026-03-13 14:30:00+00:00,0.05059174043967701
2026-03-13 14:45:00+00:00,0.10052688272052684
2026-03-13 15:00:00+00:00,0.04345990209724664
2026-03-13 15:15:00+00:00,0.08523726680155352
2026-03-13 15:30:00+00:00,0.12031040749966837
2026-03-13 15:45:00+00:00,0.14847985702317526
2026-03-13 16:00:00+00:00,0.11684294880503444
2026-03-13 16:15:00+00:00,0.12286131851090655
2026-03-13 16:30:00+00:00,0.1362473745599822
2026-03-13 16:45:00+00:00,0.18871574432686816
2026-03-13 17:00:00+00:00,0.1300872729528973
2026-03-13 17:15:00+00:00,0.15440239896813113
2026-03-13 17:30:00+00:00,0.17928839735020313
2026-03-13 17:45:00+00:00,0.22029055187570484
2026-03-13 18:00:00+00:00,0.16321513550111136
2026-03-13 18:15:00+00:00,0.17747827213726508
2026-03-13 18:30:00+00:00,0.15826447714705894
2026-03-13 18:45:00+00:00,0.14361209695423288
2026-03-13 19:00:00+00:00,0.15688787978993213
2026-03-13 19:15:00+00:00,0.13974345032199414
2026-03-13 19:30:00+00:00,0.13795708638215337
2026-03-13 19:45:00+00:00,0.11468497312951763
2026-03-13 20:00:00+00:00,0.1551080756651187
2026-03-13 20:15:00+00:00,0.13595002936033374
2026-03-13 20:30:00+00:00,0.1284243497290144
2026-03-13 20:45:00+00:00,0.11143811388053776
2026-03-13 21:00:00+00:00,0.12799796065788252
2026-03-13 21:15:00+00:00,0.12354563905167328
2026-03-13 21:30:00+00:00,0.11285949367594174
2026-03-13 21:45:00+00:00,0.11327009565586664
2026-03-13 22:00:00+00:00,0.12509386486121546
2026-03-13 22:15:00+00:00,0.10418431189408986
2026-03-13 22:30:00+00:00,0.09200161759374359
2026-03-13 22:45:00+00:00,0.1167432658948
2026-03-13 23:00:00+00:00,0.1169646124684623
2026-03-13 23:15:00+00:00,0.1318537605516355
2026-03-13 23:30:00+00:00,0.11615792321394292
2026-03-13 23:45:00+00:00,0.08940000293483506
2026-03-14 00:00:00+00:00,0.10152588764327154
2026-03-14 00:15:00+00:00,0.13529502959355683
2026-03-14 00:30:00+00:00,0.12585925941927145
2026-03-14 00:45:00+00:00,0.10551481486671896
2026-03-14 01:00:00+00:00,0.10882373106417349
2026-03-14 01:15:00+00:00,0.09786153597052812
2026-03-14 01:30:00+00:00,0.1076935271420034
2026-03-14 01:45:00+00:00,0.09499818099277528
2026-03-14 02:00:00+00:00,0.07901646235701615
2026-03-14 02:15:00+00:00,0.08859444213488948
2026-03-14 02:30:00+00:00,0.10302092747850587
2026-03-14 02:45:00+00:00,0.09217932764497412
2026-03-14 03:00:00+00:00,0.10253722535086465
2026-03-14 03:15:00+00:00,0.09245338960567137
2026-03-14 03:30:00+00:00,0.09848646077498006
2026-03-14 03:45:00+00:00,0.11627165306413192
2026-03-14 04:00:00+00:00,0.10698480547640105
2026-03-14 04:15:00+00:00,0.10728335578686653
2026-03-14 04:30:00+00:00,0.11916963973070652
2026-03-14 04:45:00+00:00,0.11880608593347347
2026-03-14 05:00:00+00:00,0.12073563291251369
2026-03-14 05:15:00+00:00,0.1067814073768486
2026-03-14 05:30:00+00:00,0.10921365021472491
2026-03-14 05:45:00+00:00,0.10190890733608654
2026-03-14 06:00:00+00:00,0.11540019282627581
2026-03-14 06:15:00+00:00,0.12554769894302445
2026-03-14 06:30:00+00:00,0.12873987372262133
2026-03-14 06:45:00+00:00,0.1251030516808667
2026-03-14 07:00:00+00:00,0.10405808133450564
2026-03-14 07:15:00+00:00,0.13277145212660735
2026-03-14 07:30:00+00:00,0.10360481376727929
2026-03-14 07:45:00+00:00,0.13057117324122347
2026-03-14 08:00:00+00:00,0.16637215473428946
2026-03-14 08:15:00+00:00,0.12704533313933855
2026-03-14 08:30:00+00:00,0.10316551652105434
2026-03-14 08:45:00+00:00,0.11971167632706146
2026-03-14 09:00:00+00:00,0.09761025253895111
2026-03-14 09:15:00+00:00,0.10201545089146823
2026-03-14 09:30:00+00:00,0.09587905372230965
2026-03-14 09:45:00+00:00,0.08572715147177501
2026-03-14 10:00:00+00:00,0.10469527567588467
2026-03-14 10:15:00+00:00,0.11968089117836961
2026-03-14 10:30:00+00:00,0.13036905222320008
2026-03-14 10:45:00+00:00,0.10600155787086248
2026-03-14 11:00:00+00:00,0.11572681275067523
2026-03-14 11:15:00+00:00,0.10639094637928537
2026-03-14 11:30:00+00:00,0.10952883194768212
2026-03-14 11:45:00+00:00,0.1001885134887276
2026-03-14 12:00:00+00:00,0.10708076925422602
2026-03-14 12:15:00+00:00,0.11044478704606428
2026-03-14 12:30:00+00:00,0.09587540271123669
2026-03-14 12:45:00+00:00,0.10108505700107012
2026-03-14 13:00:00+00:00,0.10319569881002512
2026-03-14 13:15:00+00:00,0.11313403317330525
2026-03-14 13:30:00+00:00,0.0947296782837232
2026-03-14 13:45:00+00:00,0.10815457791392348
2026-03-14 14:00:00+00:00,0.12019005469052697
2026-03-14 14:15:00+00:00,0.12563060152585936
2026-03-14 14:30:00+00:00,0.13377179048888704
2026-03-14 14:45:00+00:00,0.12178431840178033
2026-03-14 15:00:00+00:00,0.12327997563686023
2026-03-14 15:15:00+00:00,0.13133236166702925
2026-03-14 15:30:00+00:00,0.14756255529530932
2026-03-14 15:45:00+00:00,0.12714397087117113
2026-03-14 16:00:00+00:00,0.10301558692950154
2026-03-14 16:15:00+00:00,0.14497444101402648
2026-03-14 16:30:00+00:00,0.13969110644231197
2026-03-14 16:45:00+00:00,0.15737279210741925
2026-03-14 17:00:00+00:00,0.12745839013004398
2026-03-14 17:15:00+00:00,0.1428598329845589
2026-03-14 17:30:00+00:00,0.15853630716576175
2026-03-14 17:45:00+00:00,0.20434094272732478
2026-03-14 18:00:00+00:00,0.18325563948019427
2026-03-14 18:15:00+00:00,0.17776049458237284
2026-03-14 18:30:00+00:00,0.1713907667516783
2026-03-14 18:45:00+00:00,0.16163345169266571
2026-03-14 19:00:00+00:00,0.18581888156554638
2026-03-14 19:15:00+00:00,0.1669262194390757
2026-03-14 19:30:00+00:00,0.13366154449209144
2026-03-14 19:45:00+00:00,0.12556133195043137
2026-03-14 20:00:00+00:00,0.14769031655442277
2026-03-14 20:15:00+00:00,0.1282661093836038
2026-03-14 20:30:00+00:00,0.14034893367972776
2026-03-14 20:45:00+00:00,0.13985763764424813
2026-03-14 21:00:00+00:00,0.14738185082310376
2026-03-14 21:15:00+00:00,0.11521319037629799
2026-03-14 21:30:00+00:00,0.14695745649888944
2026-03-14 21:45:00+00:00,0.12628275942148276
2026-03-14 22:00:00+00:00,0.14668457710864383
2026-03-14 22:15:00+00:00,0.13658931692354828
2026-03-14 22:30:00+00:00,0.14342915061119157
2026-03-14 22:45:00+00:00,0.12993453647621203
2026-03-14 23:00:00+00:00,0.15845571662610297
2026-03-14 23:15:00+00:00,0.1583767031916624
2026-03-14 23:30:00+00:00,0.13892378984815945
2026-03-14 23:45:00+00:00,0.1247518508703684
2026-03-15 00:00:00+00:00,0.14930817083178335
2026-03-15 00:15:00+00:00,0.14284080951433023
2026-03-15 00:30:00+00:00,0.1297393376326174
2026-03-15 00:45:00+00:00,0.13003823408808268
2026-03-15 01:00:00+00:00,0.13301903533215403
2026-03-15 01:15:00+00:00,0.11854067091539944
2026-03-15 01:30:00+00:00,0.1331246074137635
2026-03-15 01:45:00+00:00,0.11972199242530089
2026-03-15 02:00:00+00:00,0.1402370825769885
2026-03-15 02:15:00+00:00,0.10454507729800168
2026-03-15 02:30:00+00:00,0.12014221227156632
2026-03-15 02:45:00+00:00,0.1281763883669087
2026-03-15 03:00:00+00:00,0.13137381097628914
2026-03-15 03:15:00+00:00,0.12504469372602187
2026-03-15 03:30:00+00:00,0.12577472754180752
2026-03-15 03:45:00+00:00,0.11371736207445854
2026-03-15 04:00:00+00:00,0.10914058602770528
2026-03-15 04:15:00+00:00,0.12420504660289905
2026-03-15 04:30:00+00:00,0.11215894006181641
2026-03-15 04:45:00+00:00,0.12367122249710671
2026-03-15 05:00:00+00:00,0.12640917329085857
2026-03-15 05:15:00+00:00,0.11737675727723225
2026-03-15 05:30:00+00:00,0.14326355962361806
2026-03-15 05:45:00+00:00,0.1339793634423789
2026-03-15 06:00:00+00:00,0.114695800016617
2026-03-15 06:15:00+00:00,0.10966628756818013
2026-03-15 06:30:00+00:00,0.09457222755505051
2026-03-15 06:45:00+00:00,0.09918408637451866
2026-03-15 07:00:00+00:00,0.143663884765724
2026-03-15 07:15:00+00:00,0.11025105057725143
2026-03-15 07:30:00+00:00,0.10460797243615969
2026-03-15 07:45:00+00:00,0.07076665681718255
2026-03-15 08:00:00+00:00,0.11375975254581905
2026-03-15 08:15:00+00:00,0.0921889077207165
2026-03-15 08:30:00+00:00,0.08939169682282905
2026-03-15 08:45:00+00:00,0.08536125498606947
2026-03-15 09:00:00+00:00,0.08321451479107717
2026-03-15 09:15:00+00:00,0.07874915668260217
2026-03-15 09:30:00+00:00,0.09562794469003426
2026-03-15 09:45:00+00:00,0.08104992157501696
2026-03-15 10:00:00+00:00,0.09908049041553427
2026-03-15 10:15:00+00:00,0.08672658235502519
2026-03-15 10:30:00+00:00,0.06808990634809216
2026-03-15 10:45:00+00:00,0.03285989381333233
2026-03-15 11:00:00+00:00,0.07332633303238831
2026-03-15 11:15:00+00:00,0.05806615679596256
2026-03-15 11:30:00+00:00,0.06348107198272575
2026-03-15 11:45:00+00:00,0.040419566320986776
2026-03-15 12:00:00+00:00,0.061500611817095284
2026-03-15 12:15:00+00:00,0.04614537705894728
2026-03-15 12:30:00+00:00,0.024226967730505207
2026-03-15 12:45:00+00:00,0.029351242161498512
2026-03-15 13:00:00+00:00,0.02807223646264233
2026-03-15 13:15:00+00:00,0.021848444302293185
2026-03-15 13:30:00+00:00,0.03613612623407079
2026-03-15 13:45:00+00:00,0.04980233006322828
2026-03-15 14:00:00+00:00,0.06533619832565118
2026-03-15 14:15:00+00:00,0.031742594746090216
2026-03-15 14:30:00+00:00,0.07852818420716043
2026-03-15 14:45:00+00:00,0.07464204765040618
2026-03-15 15:00:00+00:00,0.04077920812730386
2026-03-15 15:15:00+00:00,0.09527942130038464
2026-03-15 15:30:00+00:00,0.10507898069234381
2026-03-15 15:45:00+00:00,0.1337851870238119
2026-03-15 16:00:00+00:00,0.10900701947545577
2026-03-15 16:15:00+00:00,0.141938450017374
2026-03-15 16:30:00+00:00,0.14215723836944485
2026-03-15 16:45:00+00:00,0.1511752262387684
2026-03-15 17:00:00+00:00,0.14528926377321344
2026-03-15 17:15:00+00:00,0.15790469128345963
2026-03-15 17:30:00+00:00,0.14628624674739882
2026-03-15 17:45:00+00:00,0.14853111417468617
2026-03-15 18:00:00+00:00,0.14751039985402092
2026-03-15 18:15:00+00:00,0.11494417201234668
2026-03-15 18:30:00+00:00,0.1250407840841755
2026-03-15 18:45:00+00:00,0.14836871296048976
2026-03-15 19:00:00+00:00,0.11999059312932618
2026-03-15 19:15:00+00:00,0.1224128975613525
2026-03-15 19:30:00+00:00,0.10555123539356165
2026-03-15 19:45:00+00:00,0.10716115870186871
2026-03-15 20:00:00+00:00,0.09361499100581512
2026-03-15 20:15:00+00:00,0.10204260681631833
2026-03-15 20:30:00+00:00,0.0984313705640692
2026-03-15 20:45:00+00:00,0.11030966751689311
2026-03-15 21:00:00+00:00,0.11715794299040533
2026-03-15 21:15:00+00:00,0.08902254714496034
2026-03-15 21:30:00+00:00,0.07155515977844368
2026-03-15 21:45:00+00:00,0.057339128052159835
2026-03-15 22:00:00+00:00,0.08159981972340326
2026-03-15 22:15:00+00:00,0.0670759312761004
2026-03-15 22:30:00+00:00,0.06379645528539665
2026-03-15 22:45:00+00:00,0.0381620384377604
2026-03-15 23:00:00+00:00,0.06620225310115094
2026-03-15 23:15:00+00:00,0.038813701673367534
2026-03-15 23:30:00+00:00,0.002270358827595291
2026-03-15 23:45:00+00:00,0.010986385043503587
2026-03-16 00:00:00+00:00,0.012445223466267218
2026-03-16 00:15:00+00:00,0.026867706308913896
2026-03-16 00:30:00+00:00,0.007116997697173647
2026-03-16 00:45:00+00:00,0.018583603549158004
2026-03-16 01:00:00+00:00,0.08764074981524606
2026-03-16 01:15:00+00:00,0.008942513047319998
2026-03-16 01:30:00+00:00,0.02611256258512118
2026-03-16 01:45:00+00:00,0.0075961043331384676
2026-03-16 02:00:00+00:00,0.030601948020655856
2026-03-16 02:15:00+00:00,0.007828473868017867
2026-03-16 02:30:00+00:00,0.0066050701449330874
2026-03-16 02:45:00+00:00,0.023862384503952887
2026-03-16 03:00:00+00:00,0.00807210270376364
2026-03-16 03:15:00+00:00,0.008535504858709915
2026-03-16 03:30:00+00:00,0.01724160149296209
2026-03-16 03:45:00+00:00,0.02838393467816999
2026-03-16 04:00:00+00:00,0.033481801312448545
2026-03-16 04:15:00+00:00,0.010769122545404231
2026-03-16 04:30:00+00:00,0.03975080658950421
2026-03-16 04:45:00+00:00,0.06626903594654043
2026-03-16 05:00:00+00:00,0.03866448574991796
2026-03-16 05:15:00+00:00,0.07540865169433533
2026-03-16 05:30:00+00:00,0.08096654670241477
2026-03-16 05:45:00+00:00,0.08216448557814054
2026-03-16 06:00:00+00:00,0.10395329547013343
2026-03-16 06:15:00+00:00,0.0972331381495135
2026-03-16 06:30:00+00:00,0.09272591261719529
2026-03-16 06:45:00+00:00,0.09653144039586381
2026-03-16 07:00:00+00:00,0.11132471706783355
2026-03-16 07:15:00+00:00,0.09370822847980674
2026-03-16 07:30:00+00:00,0.08411005978234386
2026-03-16 07:45:00+00:00,0.09038069160166408
2026-03-16 08:00:00+00:00,0.06742983644014287
2026-03-16 08:15:00+00:00,0.08678598834762942
2026-03-16 08:30:00+00:00,0.06458271814200223
2026-03-16 08:45:00+00:00,0.0789012954076188
2026-03-16 09:00:00+00:00,0.06556726779136002
2026-03-16 09:15:00+00:00,0.05681751991831532
2026-03-16 09:30:00+00:00,0.041776392313574
2026-03-16 09:45:00+00:00,0.0
2026-03-16 10:00:00+00:00,0.036183894118544384
2026-03-16 10:15:00+00:00,0.008242632953151592
2026-03-16 10:30:00+00:00,0.02122567746753176
2026-03-16 10:45:00+00:00,0.02437073780682286
2026-03-16 11:00:00+00:00,0.00631302914380707
2026-03-16 11:15:00+00:00,0.017754599523515505
2026-03-16 11:30:00+00:00,0.008005067590876418
2026-03-16 11:45:00+00:00,0.0
2026-03-16 12:00:00+00:00,0.02172741925527779
2026-03-16 12:15:00+00:00,0.003119550369837601
2026-03-16 12:30:00+00:00,0.008455065372619459
2026-03-16 12:45:00+00:00,0.02156934131963278
2026-03-16 13:00:00+00:00,0.021162367253273882
2026-03-16 13:15:00+00:00,0.030487295891778978
2026-03-16 13:30:00+00:00,0.061750669247071704
2026-03-16 13:45:00+00:00,0.049525106334713416
2026-03-16 14:00:00+00:00,0.021746136295692657
2026-03-16 14:15:00+00:00,0.03960002927678466
2026-03-16 14:30:00+00:00,0.09397887292658705
2026-03-16 14:45:00+00:00,0.11171187461586242
2026-03-16 15:00:00+00:00,0.06457222263661631
2026-03-16 15:15:00+00:00,0.08837555168784318
2026-03-16 15:30:00+00:00,0.1260334136256243
2026-03-16 15:45:00+00:00,0.1497927557588556
2026-03-16 16:00:00+00:00,0.0968258028797112
2026-03-16 16:15:00+00:00,0.1335664573896074
2026-03-16 16:30:00+00:00,0.16234611267576554
2026-03-16 16:45:00+00:00,0.18336680847686324
2026-03-16 17:00:00+00:00,0.15687077678741754
2026-03-16 17:15:00+00:00,0.14752210262370316
2026-03-16 17:30:00+00:00,0.16928369491185968
2026-03-16 17:45:00+00:00,0.17729697465792335
2026-03-16 18:00:00+00:00,0.1828644459087485
2026-03-16 18:15:00+00:00,0.17633041614820585
2026-03-16 18:30:00+00:00,0.18726772937034195
2026-03-16 18:45:00+00:00,0.17062998288367556
2026-03-16 19:00:00+00:00,0.1830703097332128
2026-03-16 19:15:00+00:00,0.17002857911012256
2026-03-16 19:30:00+00:00,0.12275697224959391
2026-03-16 19:45:00+00:00,0.15114631307330204
2026-03-16 20:00:00+00:00,0.13952848115120123
2026-03-16 20:15:00+00:00,0.10803960086323826
2026-03-16 20:30:00+00:00,0.12212093898576785
2026-03-16 20:45:00+00:00,0.11199443467973151
2026-03-16 21:00:00+00:00,0.12956105620427508
2026-03-16 21:15:00+00:00,0.13411191112926668
2026-03-16 21:30:00+00:00,0.13129444971427057
2026-03-16 21:45:00+00:00,0.11222876191023845
2026-03-16 22:00:00+00:00,0.11617155633946648
2026-03-16 22:15:00+00:00,0.10226641550561913
2026-03-16 22:30:00+00:00,0.11275490849240048
2026-03-16 22:45:00+00:00,0.07428803981642235
2026-03-16 23:00:00+00:00,0.13413651674215896
2026-03-16 23:15:00+00:00,0.1140502463118878
2026-03-16 23:30:00+00:00,0.11373280406064593
2026-03-16 23:45:00+00:00,0.094481461225751
2026-03-17 00:00:00+00:00,0.08887327397603464
2026-03-17 00:15:00+00:00,0.10746823016098192
2026-03-17 00:30:00+00:00,0.10885230492218603
2026-03-17 00:45:00+00:00,0.1189859940944765
2026-03-17 01:00:00+00:00,0.09476637953674913
2026-03-17 01:15:00+00:00,0.1189469376671672
2026-03-17 01:30:00+00:00,0.1297441436402712
2026-03-17 01:45:00+00:00,0.10097235112477522
2026-03-17 02:00:00+00:00,0.09309057780506776
2026-03-17 02:15:00+00:00,0.1021602563362663
2026-03-17 02:30:00+00:00,0.10744004967371382
2026-03-17 02:45:00+00:00,0.11219787875006915
2026-03-17 03:00:00+00:00,0.10490605270161953
2026-03-17 03:15:00+00:00,0.12488198534147342
2026-03-17 03:30:00+00:00,0.09787467684991939
2026-03-17 03:45:00+00:00,0.093557948478272
2026-03-17 04:00:00+00:00,0.11893710424287317
2026-03-17 04:15:00+00:00,0.087243789687938
2026-03-17 04:30:00+00:00,0.12155870231127285
2026-03-17 04:45:00+00:00,0.16937681129208046
2026-03-17 05:00:00+00:00,0.1316795644704007
2026-03-17 05:15:00+00:00,0.1327923234930375
2026-03-17 05:30:00+00:00,0.15294602536213206
2026-03-17 05:45:00+00:00,0.16203199211380465
2026-03-17 06:00:00+00:00,0.17557649940353118
2026-03-17 06:15:00+00:00,0.1805026298215962
2026-03-17 06:30:00+00:00,0.1637788883163226
2026-03-17 06:45:00+00:00,0.16677548055236793
2026-03-17 07:00:00+00:00,0.1951111428437262
2026-03-17 07:15:00+00:00,0.16745794046401805
2026-03-17 07:30:00+00:00,0.13387850600244358
2026-03-17 07:45:00+00:00,0.12990382136995535
2026-03-17 08:00:00+00:00,0.14737947591186934
2026-03-17 08:15:00+00:00,0.12986552513493532
2026-03-17 08:30:00+00:00,0.15273893922812892
2026-03-17 08:45:00+00:00,0.09721068373597873
2026-03-17 09:00:00+00:00,0.13785205306452883
2026-03-17 09:15:00+00:00,0.10015393169792615
2026-03-17 09:30:00+00:00,0.08987176912495623
2026-03-17 09:45:00+00:00,0.0941581665797297
2026-03-17 10:00:00+00:00,0.11017953071717422
2026-03-17 10:15:00+00:00,0.09270962138796389
2026-03-17 10:30:00+00:00,0.09646345068397837
2026-03-17 10:45:00+00:00,0.10292027750287097
2026-03-17 11:00:00+00:00,0.07618651113989701
2026-03-17 11:15:00+00:00,0.08058873594626481
2026-03-17 11:30:00+00:00,0.09868277889247563
2026-03-17 11:45:00+00:00,0.08755970638847303
2026-03-17 12:00:00+00:00,0.10756724911280419
2026-03-17 12:15:00+00:00,0.10677807104250545
2026-03-17 12:30:00+00:00,0.10318168666355437
2026-03-17 12:45:00+00:00,0.11515771787312598
2026-03-17 13:00:00+00:00,0.09578910672256817
2026-03-17 13:15:00+00:00,0.1067488192590384
2026-03-17 13:30:00+00:00,0.09278599023403969
2026-03-17 13:45:00+00:00,0.12631369912868723
2026-03-17 14:00:00+00:00,0.11950633652436018
2026-03-17 14:15:00+00:00,0.10566880434517792
2026-03-17 14:30:00+00:00,0.11971586229905191
2026-03-17 14:45:00+00:00,0.14095297599364806
2026-03-17 15:00:00+00:00,0.11022860495185892
2026-03-17 15:15:00+00:00,0.11784375929200296
2026-03-17 15:30:00+00:00,0.14517989751006882
2026-03-17 15:45:00+00:00,0.1553443924608367
2026-03-17 16:00:00+00:00,0.1298699444964526
2026-03-17 16:15:00+00:00,0.13836728656932035
2026-03-17 16:30:00+00:00,0.14600327851636602
2026-03-17 16:45:00+00:00,0.21324142409879102
2026-03-17 17:00:00+00:00,0.200369620414942
2026-03-17 17:15:00+00:00,0.2096219325092396
2026-03-17 17:30:00+00:00,0.22935429519558864
2026-03-17 17:45:00+00:00,0.20396083674584456
2026-03-17 18:00:00+00:00,0.20313295545034082
2026-03-17 18:15:00+00:00,0.2284776969280387
2026-03-17 18:30:00+00:00,0.14508407424648712
2026-03-17 18:45:00+00:00,0.15048968731335222
2026-03-17 19:00:00+00:00,0.15567037175936016
2026-03-17 19:15:00+00:00,0.15879094236814897
2026-03-17 19:30:00+00:00,0.15782916962508253
2026-03-17 19:45:00+00:00,0.12986855973031658
2026-03-17 20:00:00+00:00,0.1577671042018432
2026-03-17 20:15:00+00:00,0.1247050292937474
2026-03-17 20:30:00+00:00,0.13728221541181918
2026-03-17 20:45:00+00:00,0.12256276408559462
2026-03-17 21:00:00+00:00,0.1423243728018988
2026-03-17 21:15:00+00:00,0.11912436911129706
2026-03-17 21:30:00+00:00,0.07615751058757969
2026-03-17 21:45:00+00:00,0.09187272856347871
2026-03-17 22:00:00+00:00,0.10195083982315398
2026-03-17 22:15:00+00:00,0.09188745061939523
2026-03-17 22:30:00+00:00,0.09934243004547066
2026-03-17 22:45:00+00:00,0.08964036554478765
2026-03-17 23:00:00+00:00,0.08745387990234978
2026-03-17 23:15:00+00:00,0.07831199851752181
2026-03-17 23:30:00+00:00,0.08023487014514771
2026-03-17 23:45:00+00:00,0.09842499211849928
2026-03-18 00:00:00+00:00,0.08302974945372506
2026-03-18 00:15:00+00:00,0.08149061293566727
2026-03-18 00:30:00+00:00,0.13126302384976754
2026-03-18 00:45:00+00:00,0.0881899351380942
2026-03-18 01:00:00+00:00,0.09114249488528534
2026-03-18 01:15:00+00:00,0.05494343460756837
2026-03-18 01:30:00+00:00,0.09548635213827608
2026-03-18 01:45:00+00:00,0.09986368034243755
2026-03-18 02:00:00+00:00,0.07564813462638331
2026-03-18 02:15:00+00:00,0.07677701755265165
2026-03-18 02:30:00+00:00,0.08258746612221729
2026-03-18 02:45:00+00:00,0.08016995980543395
2026-03-18 03:00:00+00:00,0.09016926873946605
2026-03-18 03:15:00+00:00,0.06941474713641135
2026-03-18 03:30:00+00:00,0.0778807239196326
2026-03-18 03:45:00+00:00,0.10486197200174907
2026-03-18 04:00:00+00:00,0.07971780032651982
2026-03-18 04:15:00+00:00,0.10395428278102925
2026-03-18 04:30:00+00:00,0.10639338195590137
2026-03-18 04:45:00+00:00,0.09876732285411742
2026-03-18 05:00:00+00:00,0.11893329195216207
2026-03-18 05:15:00+00:00,0.12950332697807146
2026-03-18 05:30:00+00:00,0.1328653294375026
2026-03-18 05:45:00+00:00,0.14472957093172004
2026-03-18 06:00:00+00:00,0.15494633485566792
2026-03-18 06:15:00+00:00,0.1558859182197462
2026-03-18 06:30:00+00:00,0.14379252847548002
2026-03-18 06:45:00+00:00,0.10743135912778357
2026-03-18 07:00:00+00:00,0.11767365911213637
2026-03-18 07:15:00+00:00,0.10216354542348809
2026-03-18 07:30:00+00:00,0.11712048335268621
2026-03-18 07:45:00+00:00,0.08097491060381729
2026-03-18 08:00:00+00:00,0.12360287300811497
2026-03-18 08:15:00+00:00,0.09501434082199185
2026-03-18 08:30:00+00:00,0.05972802071555749
2026-03-18 08:45:00+00:00,0.016534070697811175
2026-03-18 09:00:00+00:00,0.03719419960123155
2026-03-18 09:15:00+00:00,0.0
2026-03-18 09:30:00+00:00,0.0001704725246822428
2026-03-18 09:45:00+00:00,0.011096745525421971
2026-03-18 10:00:00+00:00,0.0
2026-03-18 10:15:00+00:00,0.0022695299906180955
2026-03-18 10:30:00+00:00,0.006305910458931974
2026-03-18 10:45:00+00:00,0.0
2026-03-18 11:00:00+00:00,0.0
2026-03-18 11:15:00+00:00,0.0
2026-03-18 11:30:00+00:00,0.0
2026-03-18 11:45:00+00:00,0.0
2026-03-18 12:00:00+00:00,0.0
2026-03-18 12:15:00+00:00,0.010894556807978392
2026-03-18 12:30:00+00:00,0.0
2026-03-18 12:45:00+00:00,0.00014459219060690052
2026-03-18 13:00:00+00:00,0.0
2026-03-18 13:15:00+00:00,0.01131865937036939
2026-03-18 13:30:00+00:00,0.013101622966036166
2026-03-18 13:45:00+00:00,0.01102069982138947
2026-03-18 14:00:00+00:00,0.006381345531027554
2026-03-18 14:15:00+00:00,0.011669404631591013
2026-03-18 14:30:00+00:00,0.059351252958087505
2026-03-18 14:45:00+00:00,0.11964528881122197
2026-03-18 15:00:00+00:00,0.05779326982247447
2026-03-18 15:15:00+00:00,0.1005464634703284
2026-03-18 15:30:00+00:00,0.13557565572623398
2026-03-18 15:45:00+00:00,0.1382971950309467
2026-03-18 16:00:00+00:00,0.11188012527315963
2026-03-18 16:15:00+00:00,0.14353213203338858
2026-03-18 16:30:00+00:00,0.17655963835381766
2026-03-18 16:45:00+00:00,0.1794865353357329
2026-03-18 17:00:00+00:00,0.15017135982720287
2026-03-18 17:15:00+00:00,0.1717551024455549
2026-03-18 17:30:00+00:00,0.18780853542534331
2026-03-18 17:45:00+00:00,0.18551212727085056
2026-03-18 18:00:00+00:00,0.1886556210372545
2026-03-18 18:15:00+00:00,0.16145802541022755
2026-03-18 18:30:00+00:00,0.17010482996129106
2026-03-18 18:45:00+00:00,0.16197344479082199
2026-03-18 19:00:00+00:00,0.16928251238123004
2026-03-18 19:15:00+00:00,0.15810135519053514
2026-03-18 19:30:00+00:00,0.147454453061551
2026-03-18 19:45:00+00:00,0.139550466698824
2026-03-18 20:00:00+00:00,0.15428665966868094
2026-03-18 20:15:00+00:00,0.14290373681185664
2026-03-18 20:30:00+00:00,0.12499322830346725
2026-03-18 20:45:00+00:00,0.10823011089991247
2026-03-18 21:00:00+00:00,0.13450026344719324
2026-03-18 21:15:00+00:00,0.12915129496450667
2026-03-18 21:30:00+00:00,0.11496917038877026
2026-03-18 21:45:00+00:00,0.11711338683131431
2026-03-18 22:00:00+00:00,0.12759150133700417
2026-03-18 22:15:00+00:00,0.1209617943127018
2026-03-18 22:30:00+00:00,0.12432794968838981
2026-03-18 22:45:00+00:00,0.10695007418478858
2026-03-18 23:00:00+00:00,0.09996223434852339
2026-03-18 23:15:00+00:00,0.1053189590318081
2026-03-18 23:30:00+00:00,0.108640625674066
2026-03-18 23:45:00+00:00,0.0886323124382291
2026-03-19 00:00:00+00:00,0.1266466452010248
2026-03-19 00:15:00+00:00,0.11315377912510466
2026-03-19 00:30:00+00:00,0.11666352834580286
2026-03-19 00:45:00+00:00,0.12687526462526266
2026-03-19 01:00:00+00:00,0.10735857169857653
2026-03-19 01:15:00+00:00,0.1185304193088403
2026-03-19 01:30:00+00:00,0.11283135876898065
2026-03-19 01:45:00+00:00,0.11374913132984081
2026-03-19 02:00:00+00:00,0.1023280761219562
2026-03-19 02:15:00+00:00,0.12938603213686528
2026-03-19 02:30:00+00:00,0.11421499959924429
2026-03-19 02:45:00+00:00,0.12834464246895702
2026-03-19 03:00:00+00:00,0.10144992612528064
2026-03-19 03:15:00+00:00,0.13361988529689786
2026-03-19 03:30:00+00:00,0.1345021115595706
2026-03-19 03:45:00+00:00,0.12807434110297303
2026-03-19 04:00:00+00:00,0.12007057533862076
2026-03-19 04:15:00+00:00,0.13214000005613566
2026-03-19 04:30:00+00:00,0.15517790660880287
2026-03-19 04:45:00+00:00,0.13071763301096517
2026-03-19 05:00:00+00:00,0.14234027387574127
2026-03-19 05:15:00+00:00,0.148783826978461
2026-03-19 05:30:00+00:00,0.1706608160370027
2026-03-19 05:45:00+00:00,0.17475119880921336
2026-03-19 06:00:00+00:00,0.18731681742202244
2026-03-19 06:15:00+00:00,0.17540534870947272
2026-03-19 06:30:00+00:00,0.1388682885472221
2026-03-19 06:45:00+00:00,0.12594180436127966
2026-03-19 07:00:00+00:00,0.16152856488801398
2026-03-19 07:15:00+00:00,0.15674764512828343
2026-03-19 07:30:00+00:00,0.1169246414746543
2026-03-19 07:45:00+00:00,0.09169075106192547
2026-03-19 08:00:00+00:00,0.12400383370598696
2026-03-19 08:15:00+00:00,0.08530048913293523
2026-03-19 08:30:00+00:00,0.08455713821719635
2026-03-19 08:45:00+00:00,0.042371230921884454
2026-03-19 09:00:00+00:00,0.10361272084317831
2026-03-19 09:15:00+00:00,0.05151642666369625
2026-03-19 09:30:00+00:00,0.035540059829706906
2026-03-19 09:45:00+00:00,0.024329493879431622
2026-03-19 10:00:00+00:00,0.01290457888157764
2026-03-19 10:15:00+00:00,0.009030360003316975
2026-03-19 10:30:00+00:00,0.0
2026-03-19 10:45:00+00:00,0.006328756035961556
2026-03-19 11:00:00+00:00,0.017659138055507714
2026-03-19 11:15:00+00:00,0.027922088679099615
2026-03-19 11:30:00+00:00,0.0009016814666643917
2026-03-19 11:45:00+00:00,0.007882041407971867
2026-03-19 12:00:00+00:00,0.0
2026-03-19 12:15:00+00:00,0.015027343263055881
2026-03-19 12:30:00+00:00,0.058362285047241065
2026-03-19 12:45:00+00:00,0.004680665550487671
2026-03-19 13:00:00+00:00,0.0724218080028901
2026-03-19 13:15:00+00:00,0.025895239233546585
2026-03-19 13:30:00+00:00,0.05348974816985443
2026-03-19 13:45:00+00:00,0.0830533492542749
2026-03-19 14:00:00+00:00,0.03213645500169682
2026-03-19 14:15:00+00:00,0.09196624764399948
2026-03-19 14:30:00+00:00,0.08823010188073158
2026-03-19 14:45:00+00:00,0.10997945210176814
2026-03-19 15:00:00+00:00,0.08854310211591666
2026-03-19 15:15:00+00:00,0.11772500037516123
2026-03-19 15:30:00+00:00,0.11668224638480293
2026-03-19 15:45:00+00:00,0.13729004215632828
2026-03-19 16:00:00+00:00,0.09535320000064201
2026-03-19 16:15:00+00:00,0.13263957629319512
2026-03-19 16:30:00+00:00,0.15215027516335614
2026-03-19 16:45:00+00:00,0.19885318890965656
2026-03-19 17:00:00+00:00,0.20148296334099586
2026-03-19 17:15:00+00:00,0.19369434596186114
2026-03-19 17:30:00+00:00,0.21997957631226991
2026-03-19 17:45:00+00:00,0.22751762999200714
2026-03-19 18:00:00+00:00,0.23669643192229559
2026-03-19 18:15:00+00:00,0.22569346739969104
2026-03-19 18:30:00+00:00,0.2128014295047205
2026-03-19 18:45:00+00:00,0.19076045568468408
2026-03-19 19:00:00+00:00,0.1706852171340765
2026-03-19 19:15:00+00:00,0.18060440227848903
2026-03-19 19:30:00+00:00,0.1561965890880332
2026-03-19 19:45:00+00:00,0.16272321814857169
2026-03-19 20:00:00+00:00,0.13833414102434835
2026-03-19 20:15:00+00:00,0.15769403221283318
2026-03-19 20:30:00+00:00,0.1669560633387621
2026-03-19 20:45:00+00:00,0.12832735864561842
2026-03-19 21:00:00+00:00,0.14848506576665366
2026-03-19 21:15:00+00:00,0.1486351169159034
2026-03-19 21:30:00+00:00,0.12885204181115043
2026-03-19 21:45:00+00:00,0.12421928067947267
2026-03-19 22:00:00+00:00,0.13818184905808595
2026-03-19 22:15:00+00:00,0.12777579265573627
2026-03-19 22:30:00+00:00,0.1433885655020056
2026-03-19 22:45:00+00:00,0.17685078032296436
2026-03-19 23:00:00+00:00,0.16106628232103304
2026-03-19 23:15:00+00:00,0.15349571006890117
2026-03-19 23:30:00+00:00,0.13461644166796533
2026-03-19 23:45:00+00:00,0.125277961816471
2026-03-20 00:00:00+00:00,0.13523375695385442
2026-03-20 00:15:00+00:00,0.13810783041104607
2026-03-20 00:30:00+00:00,0.12605788291627099
2026-03-20 00:45:00+00:00,0.13083738983413323
2026-03-20 01:00:00+00:00,0.13119883358128567
2026-03-20 01:15:00+00:00,0.15622556229829013
2026-03-20 01:30:00+00:00,0.10788185060066083
2026-03-20 01:45:00+00:00,0.13381380278594368
2026-03-20 02:00:00+00:00,0.1531869379281477
2026-03-20 02:15:00+00:00,0.13644844464132452
2026-03-20 02:30:00+00:00,0.14639417473421093
2026-03-20 02:45:00+00:00,0.1408782631509977
2026-03-20 03:00:00+00:00,0.1244566661878352
2026-03-20 03:15:00+00:00,0.11334084065491086
2026-03-20 03:30:00+00:00,0.14104455687036302
2026-03-20 03:45:00+00:00,0.1419839339539761
2026-03-20 04:00:00+00:00,0.12859664593834697
2026-03-20 04:15:00+00:00,0.1403801274402089
2026-03-20 04:30:00+00:00,0.18212861406623493
2026-03-20 04:45:00+00:00,0.24575837542253975
2026-03-20 05:00:00+00:00,0.16634207937528403
2026-03-20 05:15:00+00:00,0.1881123277608827
2026-03-20 05:30:00+00:00,0.1915277358254879
2026-03-20 05:45:00+00:00,0.21363540161546068
2026-03-20 06:00:00+00:00,0.25157905600065145
2026-03-20 06:15:00+00:00,0.20725659612974842
2026-03-20 06:30:00+00:00,0.16686003959246776
2026-03-20 06:45:00+00:00,0.16314049671815523
2026-03-20 07:00:00+00:00,0.2179939971145005
2026-03-20 07:15:00+00:00,0.15319154359614154
2026-03-20 07:30:00+00:00,0.15378484183662952
2026-03-20 07:45:00+00:00,0.12051226016136099
2026-03-20 08:00:00+00:00,0.16860892697991062
2026-03-20 08:15:00+00:00,0.18648229080914647
2026-03-20 08:30:00+00:00,0.11645937223563557
2026-03-20 08:45:00+00:00,0.10396620254031318
2026-03-20 09:00:00+00:00,0.10618813837300067
2026-03-20 09:15:00+00:00,0.08750525514330319
2026-03-20 09:30:00+00:00,0.1034184951999931
2026-03-20 09:45:00+00:00,0.09065663976471118
2026-03-20 10:00:00+00:00,0.09639973547129169
2026-03-20 10:15:00+00:00,0.08072725363149197
2026-03-20 10:30:00+00:00,0.06539001585796873
2026-03-20 10:45:00+00:00,0.05180263351558389
2026-03-20 11:00:00+00:00,0.06697544355440116
2026-03-20 11:15:00+00:00,0.045319127848798255
2026-03-20 11:30:00+00:00,0.058159363465314855
2026-03-20 11:45:00+00:00,0.056000624836489064
2026-03-20 12:00:00+00:00,0.06234880047190419
2026-03-20 12:15:00+00:00,0.05960073536626636
2026-03-20 12:30:00+00:00,0.07711923113875559
2026-03-20 12:45:00+00:00,0.0905113510511343
2026-03-20 13:00:00+00:00,0.07044170093824101
2026-03-20 13:15:00+00:00,0.08584509847378557
2026-03-20 13:30:00+00:00,0.09568862679180784
2026-03-20 13:45:00+00:00,0.10322211991586441
2026-03-20 14:00:00+00:00,0.10754944051379317
2026-03-20 14:15:00+00:00,0.1317974738222153
2026-03-20 14:30:00+00:00,0.12224106039650418
2026-03-20 14:45:00+00:00,0.15382259148426122
2026-03-20 15:00:00+00:00,0.08904428291938916
2026-03-20 15:15:00+00:00,0.1274483661522046
2026-03-20 15:30:00+00:00,0.16525201507748263
2026-03-20 15:45:00+00:00,0.18135290210153251
2026-03-20 16:00:00+00:00,0.15361782176571806
2026-03-20 16:15:00+00:00,0.16145528359273262
2026-03-20 16:30:00+00:00,0.21963024577471668
2026-03-20 16:45:00+00:00,0.21673406757794958
2026-03-20 17:00:00+00:00,0.16132316029076266
2026-03-20 17:15:00+00:00,0.20584409326902964
2026-03-20 17:30:00+00:00,0.2368444399791801
2026-03-20 17:45:00+00:00,0.2318478741446961
2026-03-20 18:00:00+00:00,0.24150004284806076
2026-03-20 18:15:00+00:00,0.2007992247903953
2026-03-20 18:30:00+00:00,0.20185596424487112
2026-03-20 18:45:00+00:00,0.22567000111339952
2026-03-20 19:00:00+00:00,0.21253533253787765
2026-03-20 19:15:00+00:00,0.177152778664374
2026-03-20 19:30:00+00:00,0.1624525228921845
2026-03-20 19:45:00+00:00,0.16336796165121423
2026-03-20 20:00:00+00:00,0.16828845543165388
2026-03-20 20:15:00+00:00,0.18553743910203707
2026-03-20 20:30:00+00:00,0.1504618910246581
2026-03-20 20:45:00+00:00,0.1350077174077537
2026-03-20 21:00:00+00:00,0.14194086484242485
2026-03-20 21:15:00+00:00,0.16378213497586586
2026-03-20 21:30:00+00:00,0.13810069886142073
2026-03-20 21:45:00+00:00,0.12184095393488273
2026-03-20 22:00:00+00:00,0.17389226461255786
2026-03-20 22:15:00+00:00,0.1615324514742924
2026-03-20 22:30:00+00:00,0.14013782121062768
2026-03-20 22:45:00+00:00,0.14886326244170867
2026-03-20 23:00:00+00:00,0.15787536033398614
2026-03-20 23:15:00+00:00,0.13913144098481567
2026-03-20 23:30:00+00:00,0.12863779836009231
2026-03-20 23:45:00+00:00,0.14012981544453862
2026-03-21 00:00:00+00:00,0.15259366956467352
2026-03-21 00:15:00+00:00,0.14057747767970663
2026-03-21 00:30:00+00:00,0.12528502197131094
2026-03-21 00:45:00+00:00,0.13818947567005754
2026-03-21 01:00:00+00:00,0.13521501116866053
2026-03-21 01:15:00+00:00,0.13447013345406322
2026-03-21 01:30:00+00:00,0.1470894414638698
2026-03-21 01:45:00+00:00,0.12685165764189854
2026-03-21 02:00:00+00:00,0.11629010742927139
2026-03-21 02:15:00+00:00,0.12151452808129888
2026-03-21 02:30:00+00:00,0.14222298826687624
2026-03-21 02:45:00+00:00,0.1344373113738021
2026-03-21 03:00:00+00:00,0.13005122621311246
2026-03-21 03:15:00+00:00,0.12549906194688432
2026-03-21 03:30:00+00:00,0.1362635990755319
2026-03-21 03:45:00+00:00,0.12293895149009776
2026-03-21 04:00:00+00:00,0.13868665568642596
2026-03-21 04:15:00+00:00,0.12835745431187046
2026-03-21 04:30:00+00:00,0.12947340614724945
2026-03-21 04:45:00+00:00,0.13453512565174988
2026-03-21 05:00:00+00:00,0.13694592553516038
2026-03-21 05:15:00+00:00,0.14498170164066296
2026-03-21 05:30:00+00:00,0.14398455795111115
2026-03-21 05:45:00+00:00,0.10467634708571555
2026-03-21 06:00:00+00:00,0.14296349442253237
2026-03-21 06:15:00+00:00,0.1440743002264396
2026-03-21 06:30:00+00:00,0.15372062038608328
2026-03-21 06:45:00+00:00,0.11014997391617867
2026-03-21 07:00:00+00:00,0.1449379661809991
2026-03-21 07:15:00+00:00,0.15299030309735837
2026-03-21 07:30:00+00:00,0.10757031470052728
2026-03-21 07:45:00+00:00,0.11094975225864402
2026-03-21 08:00:00+00:00,0.10177728166065479
2026-03-21 08:15:00+00:00,0.09895366257710765
2026-03-21 08:30:00+00:00,0.08834889166046685
2026-03-21 08:45:00+00:00,0.08481142691584115
2026-03-21 09:00:00+00:00,0.12722912147906493
2026-03-21 09:15:00+00:00,0.08918455872071666
2026-03-21 09:30:00+00:00,0.07917737861786209
2026-03-21 09:45:00+00:00,0.06189993486836497
2026-03-21 10:00:00+00:00,0.046567432115980426
2026-03-21 10:15:00+00:00,0.05072957970323307
2026-03-21 10:30:00+00:00,0.05113929614507347
2026-03-21 10:45:00+00:00,0.025246005259608885
2026-03-21 11:00:00+00:00,0.04252326667161127
2026-03-21 11:15:00+00:00,0.02812336209854079
2026-03-21 11:30:00+00:00,0.0385304004481367
2026-03-21 11:45:00+00:00,0.01582216987486381
2026-03-21 12:00:00+00:00,0.009433890177242733
2026-03-21 12:15:00+00:00,0.018293718906274542
2026-03-21 12:30:00+00:00,0.03911570993163624
2026-03-21 12:45:00+00:00,0.01171594119158037
2026-03-21 13:00:00+00:00,0.022056242845689678
2026-03-21 13:15:00+00:00,0.06289395278931613
2026-03-21 13:30:00+00:00,0.06383410707225844
2026-03-21 13:45:00+00:00,0.07878727893175685
2026-03-21 14:00:00+00:00,0.08615311771235866
2026-03-21 14:15:00+00:00,0.08351430653881146
2026-03-21 14:30:00+00:00,0.0717599416906938
2026-03-21 14:45:00+00:00,0.12421481557199944
2026-03-21 15:00:00+00:00,0.08628771712561224
2026-03-21 15:15:00+00:00,0.09359962877987903
2026-03-21 15:30:00+00:00,0.13456720013722595
2026-03-21 15:45:00+00:00,0.13483510878958482
2026-03-21 16:00:00+00:00,0.12212610147965189
2026-03-21 16:15:00+00:00,0.14591790124060317
2026-03-21 16:30:00+00:00,0.16732583103109994
2026-03-21 16:45:00+00:00,0.16042539306818226
2026-03-21 17:00:00+00:00,0.176679520059143
2026-03-21 17:15:00+00:00,0.15302200151265194
2026-03-21 17:30:00+00:00,0.18504787236953077
2026-03-21 17:45:00+00:00,0.16476472441982343
2026-03-21 18:00:00+00:00,0.20343271316607991
2026-03-21 18:15:00+00:00,0.16961044478830545
2026-03-21 18:30:00+00:00,0.14682094667990597
2026-03-21 18:45:00+00:00,0.14759841093021633
2026-03-21 19:00:00+00:00,0.16566188347207253
2026-03-21 19:15:00+00:00,0.15241894122858637
2026-03-21 19:30:00+00:00,0.1248030376036694
2026-03-21 19:45:00+00:00,0.12463982876377916
2026-03-21 20:00:00+00:00,0.13098927162878565
2026-03-21 20:15:00+00:00,0.12915740347349938
2026-03-21 20:30:00+00:00,0.1831174547543835
2026-03-21 20:45:00+00:00,0.10113098767493392
2026-03-21 21:00:00+00:00,0.18127327054553505
2026-03-21 21:15:00+00:00,0.12459018645563359
2026-03-21 21:30:00+00:00,0.10871499383616047
2026-03-21 21:45:00+00:00,0.10102513222230401
2026-03-21 22:00:00+00:00,0.11904462335482037
2026-03-21 22:15:00+00:00,0.07432914895540482
2026-03-21 22:30:00+00:00,0.0966471042920845
2026-03-21 22:45:00+00:00,0.08805185175353705
2026-03-21 23:00:00+00:00,0.10986783209322623
2026-03-21 23:15:00+00:00,0.09374473317489479
2026-03-21 23:30:00+00:00,0.0976588619982951
2026-03-21 23:45:00+00:00,0.11092276627661302
2026-03-22 00:00:00+00:00,0.10850351519815422
2026-03-22 00:15:00+00:00,0.10577271399943453
2026-03-22 00:30:00+00:00,0.13993127569589148
2026-03-22 00:45:00+00:00,0.09821032279289653
2026-03-22 01:00:00+00:00,0.09325102199546406
2026-03-22 01:15:00+00:00,0.09223906789323062
2026-03-22 01:30:00+00:00,0.09807685343746549
2026-03-22 01:45:00+00:00,0.08707006411579067
2026-03-22 02:00:00+00:00,0.11060003104443204
2026-03-22 02:15:00+00:00,0.09308869860402062
2026-03-22 02:30:00+00:00,0.10137360566259665
2026-03-22 02:45:00+00:00,0.11004600479257298
2026-03-22 03:00:00+00:00,0.10782653774575175
2026-03-22 03:15:00+00:00,0.08366080897309476
2026-03-22 03:30:00+00:00,0.10349895895009883
2026-03-22 03:45:00+00:00,0.10858719394460647
2026-03-22 04:00:00+00:00,0.10912863022160749
2026-03-22 04:15:00+00:00,0.09073705165885369
2026-03-22 04:30:00+00:00,0.09630964762982676
2026-03-22 04:45:00+00:00,0.11163558235741622
2026-03-22 05:00:00+00:00,0.09518239629317354
2026-03-22 05:15:00+00:00,0.10081303943335686
2026-03-22 05:30:00+00:00,0.1179387580950197
2026-03-22 05:45:00+00:00,0.0911520074961521
2026-03-22 06:00:00+00:00,0.11024225862166158
2026-03-22 06:15:00+00:00,0.08413382643137096
2026-03-22 06:30:00+00:00,0.08195719329585188
2026-03-22 06:45:00+00:00,0.03645851991522791
2026-03-22 07:00:00+00:00,0.07827664036103582
2026-03-22 07:15:00+00:00,0.04953230534990022
2026-03-22 07:30:00+00:00,0.08936149820547667
2026-03-22 07:45:00+00:00,0.01867548080369996
2026-03-22 08:00:00+00:00,0.012759348820178214
2026-03-22 08:15:00+00:00,0.018644193175637203
2026-03-22 08:30:00+00:00,0.0
2026-03-22 08:45:00+00:00,0.0
2026-03-22 09:00:00+00:00,0.0
2026-03-22 09:15:00+00:00,0.01437169201145702
2026-03-22 09:30:00+00:00,0.0010324005006492522
2026-03-22 09:45:00+00:00,0.0
2026-03-22 10:00:00+00:00,0.013912116447028534
2026-03-22 10:15:00+00:00,0.0
2026-03-22 10:30:00+00:00,0.0
2026-03-22 10:45:00+00:00,0.0
2026-03-22 11:00:00+00:00,0.0
2026-03-22 11:15:00+00:00,0.0
2026-03-22 11:30:00+00:00,0.0030573636727977607
2026-03-22 11:45:00+00:00,0.0
2026-03-22 12:00:00+00:00,0.0
2026-03-22 12:15:00+00:00,0.0
2026-03-22 12:30:00+00:00,0.0
2026-03-22 12:45:00+00:00,0.0
2026-03-22 13:00:00+00:00,0.023723316443348928
2026-03-22 13:15:00+00:00,0.002718710181019115
2026-03-22 13:30:00+00:00,0.0002000830802258906
2026-03-22 13:45:00+00:00,0.005201639842785803
2026-03-22 14:00:00+00:00,0.006834109805866051
2026-03-22 14:15:00+00:00,0.0
2026-03-22 14:30:00+00:00,0.005347588637592994
2026-03-22 14:45:00+00:00,0.03959450686321704
2026-03-22 15:00:00+00:00,0.03661710840531452
2026-03-22 15:15:00+00:00,0.12175109900910593
2026-03-22 15:30:00+00:00,0.17219035611367264
2026-03-22 15:45:00+00:00,0.15493352036322983
2026-03-22 16:00:00+00:00,0.1059281936226763
2026-03-22 16:15:00+00:00,0.1557192088767992
2026-03-22 16:30:00+00:00,0.15929888821164834
2026-03-22 16:45:00+00:00,0.18619952006984114
2026-03-22 17:00:00+00:00,0.16914027238506116
2026-03-22 17:15:00+00:00,0.16701138916199948
2026-03-22 17:30:00+00:00,0.17654051662846
2026-03-22 17:45:00+00:00,0.1867154858665115
2026-03-22 18:00:00+00:00,0.17489941448316607
2026-03-22 18:15:00+00:00,0.2048763678867388
2026-03-22 18:30:00+00:00,0.154537065565076
2026-03-22 18:45:00+00:00,0.14577896096312842
2026-03-22 19:00:00+00:00,0.19727226575703577
2026-03-22 19:15:00+00:00,0.17427266250796544
2026-03-22 19:30:00+00:00,0.14933035182519222
2026-03-22 19:45:00+00:00,0.15414289015101693
2026-03-22 20:00:00+00:00,0.1798885044499731
2026-03-22 20:15:00+00:00,0.15794736942403015
2026-03-22 20:30:00+00:00,0.1760382290007458
2026-03-22 20:45:00+00:00,0.13075938189131964
2026-03-22 21:00:00+00:00,0.16430823453859103
2026-03-22 21:15:00+00:00,0.16165528336221005
2026-03-22 21:30:00+00:00,0.20059343901605248
2026-03-22 21:45:00+00:00,0.1361064427335435
2026-03-22 22:00:00+00:00,0.1548855851798885
2026-03-22 22:15:00+00:00,0.15206145171087257
2026-03-22 22:30:00+00:00,0.1449875448665207
2026-03-22 22:45:00+00:00,0.13780473436282364
2026-03-22 23:00:00+00:00,0.14658057890793388
2026-03-22 23:15:00+00:00,0.12287130042933266
2026-03-22 23:30:00+00:00,0.12627229020876365
2026-03-22 23:45:00+00:00,0.11735984067876247
2026-03-23 00:00:00+00:00,0.12472887223913859
2026-03-23 00:15:00+00:00,0.13790220891814306
2026-03-23 00:30:00+00:00,0.12600983920725228
2026-03-23 00:45:00+00:00,0.14839859163149768
2026-03-23 01:00:00+00:00,0.12926406367189716
2026-03-23 01:15:00+00:00,0.12499691880579736
2026-03-23 01:30:00+00:00,0.12527182919440216
2026-03-23 01:45:00+00:00,0.11832191307140065
2026-03-23 02:00:00+00:00,0.12848163387622408
2026-03-23 02:15:00+00:00,0.13758788027111646
2026-03-23 02:30:00+00:00,0.12864970668127773
2026-03-23 02:45:00+00:00,0.1235354027011653
2026-03-23 03:00:00+00:00,0.12162915379521365
2026-03-23 03:15:00+00:00,0.13231798108334156
2026-03-23 03:30:00+00:00,0.14220863434410883
2026-03-23 03:45:00+00:00,0.15583586535476263
2026-03-23 04:00:00+00:00,0.12667511358633565
2026-03-23 04:15:00+00:00,0.14506173722111243
2026-03-23 04:30:00+00:00,0.1655031001943508
2026-03-23 04:45:00+00:00,0.15214294232370565
2026-03-23 05:00:00+00:00,0.15354401717033594
2026-03-23 05:15:00+00:00,0.17506111460263812
2026-03-23 05:30:00+00:00,0.185450296261495
2026-03-23 05:45:00+00:00,0.19392889545021647
2026-03-23 06:00:00+00:00,0.22903440390498203
2026-03-23 06:15:00+00:00,0.18453713897398966
2026-03-23 06:30:00+00:00,0.18584962626552637
2026-03-23 06:45:00+00:00,0.1596707471764625
2026-03-23 07:00:00+00:00,0.21638256516741752
2026-03-23 07:15:00+00:00,0.14054228227937662
2026-03-23 07:30:00+00:00,0.1348007218383514
2026-03-23 07:45:00+00:00,0.09984976709936161
2026-03-23 08:00:00+00:00,0.13676155342865357
2026-03-23 08:15:00+00:00,0.10092716966457452
2026-03-23 08:30:00+00:00,0.11072588629887202
2026-03-23 08:45:00+00:00,0.08384407396072019
2026-03-23 09:00:00+00:00,0.10158048242651076
2026-03-23 09:15:00+00:00,0.0763363245217482
2026-03-23 09:30:00+00:00,0.07209304317380516
2026-03-23 09:45:00+00:00,0.058822592644567656
2026-03-23 10:00:00+00:00,0.07311996341684264
2026-03-23 10:15:00+00:00,0.059083489773401464
2026-03-23 10:30:00+00:00,0.03361809976933087
2026-03-23 10:45:00+00:00,0.03892844567302736
2026-03-23 11:00:00+00:00,0.047235025919532984
2026-03-23 11:15:00+00:00,0.055975948951441284
2026-03-23 11:30:00+00:00,0.05078167145868478
2026-03-23 11:45:00+00:00,0.061510682750603875
2026-03-23 12:00:00+00:00,0.05859124233836392
2026-03-23 12:15:00+00:00,0.05730292527102594
2026-03-23 12:30:00+00:00,0.08124390488964492
2026-03-23 12:45:00+00:00,0.0982858639847313
2026-03-23 13:00:00+00:00,0.08891947129443702
2026-03-23 13:15:00+00:00,0.08775732395636111
2026-03-23 13:30:00+00:00,0.10191718201087166
2026-03-23 13:45:00+00:00,0.09897349659709312
2026-03-23 14:00:00+00:00,0.10013492148225026
2026-03-23 14:15:00+00:00,0.10638178563863528
2026-03-23 14:30:00+00:00,0.11579048548303862
2026-03-23 14:45:00+00:00,0.13538276163906615
2026-03-23 15:00:00+00:00,0.10158106133100141
2026-03-23 15:15:00+00:00,0.12752122355068043
2026-03-23 15:30:00+00:00,0.15589143036002562
2026-03-23 15:45:00+00:00,0.16669716451983818
2026-03-23 16:00:00+00:00,0.14792964096027383
2026-03-23 16:15:00+00:00,0.1833321050348138
2026-03-23 16:30:00+00:00,0.18688456510145496
2026-03-23 16:45:00+00:00,0.26731704269429285
2026-03-23 17:00:00+00:00,0.18948343378663804
2026-03-23 17:15:00+00:00,0.2573935243681139
2026-03-23 17:30:00+00:00,0.30521427467644796
2026-03-23 17:45:00+00:00,0.307124285828842
2026-03-23 18:00:00+00:00,0.2715522603707743
2026-03-23 18:15:00+00:00,0.25038321294008276
2026-03-23 18:30:00+00:00,0.22591370627516758
2026-03-23 18:45:00+00:00,0.20884904525590797
2026-03-23 19:00:00+00:00,0.23453977628591882
2026-03-23 19:15:00+00:00,0.20788029266102223
2026-03-23 19:30:00+00:00,0.15940969890682816
2026-03-23 19:45:00+00:00,0.18054582400793628
2026-03-23 20:00:00+00:00,0.24009193841256068
2026-03-23 20:15:00+00:00,0.18395820739036528
2026-03-23 20:30:00+00:00,0.1447973114065939
2026-03-23 20:45:00+00:00,0.14186223617100052
2026-03-23 21:00:00+00:00,0.16441123154975004
2026-03-23 21:15:00+00:00,0.14406415222786623
2026-03-23 21:30:00+00:00,0.16059182638395156
2026-03-23 21:45:00+00:00,0.15583260044375333
2026-03-23 22:00:00+00:00,0.1413954820618234
2026-03-23 22:15:00+00:00,0.15142081044447508
2026-03-23 22:30:00+00:00,0.15341812663577264
2026-03-23 22:45:00+00:00,0.1455555820522956
2026-03-23 23:00:00+00:00,0.17765212023085963
2026-03-23 23:15:00+00:00,0.13666007350556802
2026-03-23 23:30:00+00:00,0.164802204263952
2026-03-23 23:45:00+00:00,0.1294679361149121
2026-03-24 00:00:00+00:00,0.13313534544619485
2026-03-24 00:15:00+00:00,0.18339072374877846
2026-03-24 00:30:00+00:00,0.11070938665906987
2026-03-24 00:45:00+00:00,0.11555044140646527
2026-03-24 01:00:00+00:00,0.10605922812262698
2026-03-24 01:15:00+00:00,0.10918247397936566
2026-03-24 01:30:00+00:00,0.11907582234361679
2026-03-24 01:45:00+00:00,0.10236938708568845
2026-03-24 02:00:00+00:00,0.10849595786739882
2026-03-24 02:15:00+00:00,0.10629258604717312
2026-03-24 02:30:00+00:00,0.1110666162931766
2026-03-24 02:45:00+00:00,0.08202775287810567
2026-03-24 03:00:00+00:00,0.10630524051837434
2026-03-24 03:15:00+00:00,0.09648860860758236
2026-03-24 03:30:00+00:00,0.10322637895311838
2026-03-24 03:45:00+00:00,0.11090950169762376
2026-03-24 04:00:00+00:00,0.08627813348588156
2026-03-24 04:15:00+00:00,0.08687355558556911
2026-03-24 04:30:00+00:00,0.07967570040286194
2026-03-24 04:45:00+00:00,0.10414841058236224
2026-03-24 05:00:00+00:00,0.12038432344378816
2026-03-24 05:15:00+00:00,0.1100941281152653
2026-03-24 05:30:00+00:00,0.10016875104345214
2026-03-24 05:45:00+00:00,0.10646321255424954
2026-03-24 06:00:00+00:00,0.16922138296509376
2026-03-24 06:15:00+00:00,0.10918813898268839
2026-03-24 06:30:00+00:00,0.11046818910263713
2026-03-24 06:45:00+00:00,0.07933126673693972
2026-03-24 07:00:00+00:00,0.14320634305203303
2026-03-24 07:15:00+00:00,0.10274879709169664
2026-03-24 07:30:00+00:00,0.09075594703944524
2026-03-24 07:45:00+00:00,0.06160627032392106
2026-03-24 08:00:00+00:00,0.10727847838543723
2026-03-24 08:15:00+00:00,0.0880515988777701
2026-03-24 08:30:00+00:00,0.06807054351912172
2026-03-24 08:45:00+00:00,0.04477789105907648
2026-03-24 09:00:00+00:00,0.10551910330079575
2026-03-24 09:15:00+00:00,0.028742030069090485
2026-03-24 09:30:00+00:00,0.006661222245261933
2026-03-24 09:45:00+00:00,0.00393231622162402
2026-03-24 10:00:00+00:00,0.0017535625063370254
2026-03-24 10:15:00+00:00,0.0
2026-03-24 10:30:00+00:00,0.0
2026-03-24 10:45:00+00:00,0.004666901038588855
2026-03-24 11:00:00+00:00,0.013106059128134633
2026-03-24 11:15:00+00:00,0.011701019716695595
2026-03-24 11:30:00+00:00,0.0
2026-03-24 11:45:00+00:00,0.012872030514068733
2026-03-24 12:00:00+00:00,0.0
2026-03-24 12:15:00+00:00,0.005987330151455916
2026-03-24 12:30:00+00:00,0.0
2026-03-24 12:45:00+00:00,0.0014097991387400533
2026-03-24 13:00:00+00:00,0.003117231828969071
2026-03-24 13:15:00+00:00,0.0
2026-03-24 13:30:00+00:00,0.006082671663441893
2026-03-24 13:45:00+00:00,0.013479350078383152
2026-03-24 14:00:00+00:00,0.0
2026-03-24 14:15:00+00:00,0.02137168130828013
2026-03-24 14:30:00+00:00,0.013073065065475925
2026-03-24 14:45:00+00:00,0.06470584531046618
2026-03-24 15:00:00+00:00,0.011744300340489004
2026-03-24 15:15:00+00:00,0.09097777779313464
2026-03-24 15:30:00+00:00,0.11596458245242958
2026-03-24 15:45:00+00:00,0.10515374495746321
2026-03-24 16:00:00+00:00,0.07158910973356182
2026-03-24 16:15:00+00:00,0.10389028368305489
2026-03-24 16:30:00+00:00,0.10426074452926243
2026-03-24 16:45:00+00:00,0.14478853537557487
2026-03-24 17:00:00+00:00,0.1341156571916428
2026-03-24 17:15:00+00:00,0.13158596830997973
2026-03-24 17:30:00+00:00,0.14256967023614378
2026-03-24 17:45:00+00:00,0.14906574702806175
2026-03-24 18:00:00+00:00,0.15774823337288565
2026-03-24 18:15:00+00:00,0.13176857703668896
2026-03-24 18:30:00+00:00,0.12544475933086294
2026-03-24 18:45:00+00:00,0.1424787227221114
2026-03-24 19:00:00+00:00,0.1263762860086421
2026-03-24 19:15:00+00:00,0.0925721985680733
2026-03-24 19:30:00+00:00,0.10434039365974326
2026-03-24 19:45:00+00:00,0.0990240752050251
2026-03-24 20:00:00+00:00,0.09156751871020798
2026-03-24 20:15:00+00:00,0.10763121154603292
2026-03-24 20:30:00+00:00,0.0695231472861135
2026-03-24 20:45:00+00:00,0.04755544095833649
2026-03-24 21:00:00+00:00,0.08035541545814523
2026-03-24 21:15:00+00:00,0.09452082407992743
2026-03-24 21:30:00+00:00,0.05653856118612228
2026-03-24 21:45:00+00:00,0.042612693099749875
2026-03-24 22:00:00+00:00,0.03994836164940791
2026-03-24 22:15:00+00:00,0.01290693237425637
2026-03-24 22:30:00+00:00,0.07689249693969567
2026-03-24 22:45:00+00:00,0.004949631537106465
2026-03-24 23:00:00+00:00,0.0
2026-03-24 23:15:00+00:00,0.013728046971748072
2026-03-24 23:30:00+00:00,0.01775397293221623
2026-03-24 23:45:00+00:00,0.0065068980328423336
2026-03-25 00:00:00+00:00,0.0
2026-03-25 00:15:00+00:00,0.0
2026-03-25 00:30:00+00:00,0.0008091526374003749
2026-03-25 00:45:00+00:00,0.0032093006192565753
2026-03-25 01:00:00+00:00,0.0
2026-03-25 01:15:00+00:00,0.007230379395798639
2026-03-25 01:30:00+00:00,0.0008551332963959903
2026-03-25 01:45:00+00:00,0.0
2026-03-25 02:00:00+00:00,0.0
2026-03-25 02:15:00+00:00,0.0
2026-03-25 02:30:00+00:00,0.0
2026-03-25 02:45:00+00:00,0.018882787955039962
2026-03-25 03:00:00+00:00,0.0023717130613962827
2026-03-25 03:15:00+00:00,0.0
2026-03-25 03:30:00+00:00,0.0022063080430716323
2026-03-25 03:45:00+00:00,0.0
2026-03-25 04:00:00+00:00,0.0032475823953354178
2026-03-25 04:15:00+00:00,0.005805676870356148
2026-03-25 04:30:00+00:00,0.01219230647223938
2026-03-25 04:45:00+00:00,0.0011171350432997416
2026-03-25 05:00:00+00:00,0.01883960527599833
2026-03-25 05:15:00+00:00,0.011890226625361912
2026-03-25 05:30:00+00:00,0.0
2026-03-25 05:45:00+00:00,0.02660855665748464
2026-03-25 06:00:00+00:00,0.015139945132700977
2026-03-25 06:15:00+00:00,0.0016487549602776479
2026-03-25 06:30:00+00:00,0.02613913051230422
2026-03-25 06:45:00+00:00,0.02490777585198445
2026-03-25 07:00:00+00:00,0.003279747362804394
2026-03-25 07:15:00+00:00,0.0
2026-03-25 07:30:00+00:00,0.0
2026-03-25 07:45:00+00:00,0.007147317275176998
2026-03-25 08:00:00+00:00,0.01277856655030514
2026-03-25 08:15:00+00:00,0.0056948733086357355
2026-03-25 08:30:00+00:00,0.0009772320847176977
2026-03-25 08:45:00+00:00,0.014910117703044276
2026-03-25 09:00:00+00:00,0.0
2026-03-25 09:15:00+00:00,0.010289193383669073
2026-03-25 09:30:00+00:00,0.0
2026-03-25 09:45:00+00:00,0.004270229580108931
2026-03-25 10:00:00+00:00,0.0
2026-03-25 10:15:00+00:00,0.0
2026-03-25 10:30:00+00:00,0.0
2026-03-25 10:45:00+00:00,0.013438540311806945
2026-03-25 11:00:00+00:00,0.0
2026-03-25 11:15:00+00:00,0.0
2026-03-25 11:30:00+00:00,0.021199935658451095
2026-03-25 11:45:00+00:00,0.009768475646543314
2026-03-25 12:00:00+00:00,0.0
2026-03-25 12:15:00+00:00,0.0
2026-03-25 12:30:00+00:00,0.0
2026-03-25 12:45:00+00:00,0.0
2026-03-25 13:00:00+00:00,0.0
2026-03-25 13:15:00+00:00,0.0
2026-03-25 13:30:00+00:00,0.0
2026-03-25 13:45:00+00:00,0.0006390525679643838
2026-03-25 14:00:00+00:00,0.0
2026-03-25 14:15:00+00:00,0.004009118531720399
2026-03-25 14:30:00+00:00,0.0016008372187967272
2026-03-25 14:45:00+00:00,0.025089529651885958
2026-03-25 15:00:00+00:00,0.02418356861745625
2026-03-25 15:15:00+00:00,0.027933456030102832
2026-03-25 15:30:00+00:00,0.046753862193387875
2026-03-25 15:45:00+00:00,0.10729380395260293
2026-03-25 16:00:00+00:00,0.0558796472216018
2026-03-25 16:15:00+00:00,0.07890441370436337
2026-03-25 16:30:00+00:00,0.10757216900110936
2026-03-25 16:45:00+00:00,0.1451303810892112
2026-03-25 17:00:00+00:00,0.10879661093129912
2026-03-25 17:15:00+00:00,0.11397754756790718
2026-03-25 17:30:00+00:00,0.1282008964388819
2026-03-25 17:45:00+00:00,0.17952929585270377
2026-03-25 18:00:00+00:00,0.18487176254329354
2026-03-25 18:15:00+00:00,0.1751807520139991
2026-03-25 18:30:00+00:00,0.14742779327152636
2026-03-25 18:45:00+00:00,0.14428293231626996
2026-03-25 19:00:00+00:00,0.1397387774959503
2026-03-25 19:15:00+00:00,0.14375872501760933
2026-03-25 19:30:00+00:00,0.11691592670721498
2026-03-25 19:45:00+00:00,0.10454583494750712
2026-03-25 20:00:00+00:00,0.11834309283089324
2026-03-25 20:15:00+00:00,0.11512843824815784
2026-03-25 20:30:00+00:00,0.10685021471178044
2026-03-25 20:45:00+00:00,0.10767444596840262
2026-03-25 21:00:00+00:00,0.1128204780215028
2026-03-25 21:15:00+00:00,0.10800843969488882
2026-03-25 21:30:00+00:00,0.11200012928311483
2026-03-25 21:45:00+00:00,0.08939472958895367
2026-03-25 22:00:00+00:00,0.10397278623909678
2026-03-25 22:15:00+00:00,0.09017602492844634
2026-03-25 22:30:00+00:00,0.0726195314064252
2026-03-25 22:45:00+00:00,0.08592693754370362
2026-03-25 23:00:00+00:00,0.09798566294773005
2026-03-25 23:15:00+00:00,0.10215309799206436
2026-03-25 23:30:00+00:00,0.10863411740535271
2026-03-25 23:45:00+00:00,0.10276676757713869
2026-03-26 00:00:00+00:00,0.10000333388568836
2026-03-26 00:15:00+00:00,0.09290500997117931
2026-03-26 00:30:00+00:00,0.10235511908575567
2026-03-26 00:45:00+00:00,0.09796694977808619
2026-03-26 01:00:00+00:00,0.0865663497995587
2026-03-26 01:15:00+00:00,0.0826210635299831
2026-03-26 01:30:00+00:00,0.07023644818304002
2026-03-26 01:45:00+00:00,0.14368031841683587
2026-03-26 02:00:00+00:00,0.09331302254981602
2026-03-26 02:15:00+00:00,0.10303191374642542
2026-03-26 02:30:00+00:00,0.10084055093480367
2026-03-26 02:45:00+00:00,0.10976229194172692
2026-03-26 03:00:00+00:00,0.0885163577208383
2026-03-26 03:15:00+00:00,0.10804150330967618
2026-03-26 03:30:00+00:00,0.09247083620895345
2026-03-26 03:45:00+00:00,0.10817596061792273
2026-03-26 04:00:00+00:00,0.08341241607469307
2026-03-26 04:15:00+00:00,0.09982135299366189
2026-03-26 04:30:00+00:00,0.0903631205855409
2026-03-26 04:45:00+00:00,0.11271862514058247
2026-03-26 05:00:00+00:00,0.10833353993877913
2026-03-26 05:15:00+00:00,0.11749031448768904
2026-03-26 05:30:00+00:00,0.11707562371244032
2026-03-26 05:45:00+00:00,0.13537118469295933
2026-03-26 06:00:00+00:00,0.14427537210153077
2026-03-26 06:15:00+00:00,0.1431942935296933
2026-03-26 06:30:00+00:00,0.13434895921154275
2026-03-26 06:45:00+00:00,0.1484166914194559
2026-03-26 07:00:00+00:00,0.16273502849781543
2026-03-26 07:15:00+00:00,0.2010757366818784
2026-03-26 07:30:00+00:00,0.12099546318992363
2026-03-26 07:45:00+00:00,0.09753485272577146
2026-03-26 08:00:00+00:00,0.08808917711669584
2026-03-26 08:15:00+00:00,0.08252019653536868
2026-03-26 08:30:00+00:00,0.07294425586797526
2026-03-26 08:45:00+00:00,0.051801079359524674
2026-03-26 09:00:00+00:00,0.06750584209784566
2026-03-26 09:15:00+00:00,0.02975163529077366
2026-03-26 09:30:00+00:00,0.023396761643026273
2026-03-26 09:45:00+00:00,0.02317765970848816
2026-03-26 10:00:00+00:00,0.031137745186243286
2026-03-26 10:15:00+00:00,0.01914784462079241
2026-03-26 10:30:00+00:00,0.0004260365880143103
2026-03-26 10:45:00+00:00,0.0
2026-03-26 11:00:00+00:00,0.0
2026-03-26 11:15:00+00:00,0.0
2026-03-26 11:30:00+00:00,0.0
2026-03-26 11:45:00+00:00,0.0
2026-03-26 12:00:00+00:00,0.0
2026-03-26 12:15:00+00:00,0.003589758936682615
2026-03-26 12:30:00+00:00,0.0
2026-03-26 12:45:00+00:00,0.001165457117410256
2026-03-26 13:00:00+00:00,0.011622505526712047
2026-03-26 13:15:00+00:00,0.0
2026-03-26 13:30:00+00:00,0.012977045782923684
2026-03-26 13:45:00+00:00,0.011950267715239268
2026-03-26 14:00:00+00:00,0.006665137190303047
2026-03-26 14:15:00+00:00,0.0789225632086596
2026-03-26 14:30:00+00:00,0.04881014154557008
2026-03-26 14:45:00+00:00,0.07018509204011572
2026-03-26 15:00:00+00:00,0.036858394161420754
2026-03-26 15:15:00+00:00,0.07649211682584064
2026-03-26 15:30:00+00:00,0.07733993251977415
2026-03-26 15:45:00+00:00,0.11669021332287798
2026-03-26 16:00:00+00:00,0.07967192017910275
2026-03-26 16:15:00+00:00,0.12741561240356014
2026-03-26 16:30:00+00:00,0.11287720864070211
2026-03-26 16:45:00+00:00,0.14833564010252603
2026-03-26 17:00:00+00:00,0.12235497488487809
2026-03-26 17:15:00+00:00,0.15329107455439042
2026-03-26 17:30:00+00:00,0.14461828109954455
2026-03-26 17:45:00+00:00,0.18565312710224885
2026-03-26 18:00:00+00:00,0.1581695156865166
2026-03-26 18:15:00+00:00,0.16066838133878986
2026-03-26 18:30:00+00:00,0.1552350179645931
2026-03-26 18:45:00+00:00,0.1620492405379899
2026-03-26 19:00:00+00:00,0.18184500530290926
2026-03-26 19:15:00+00:00,0.1554081131647052
2026-03-26 19:30:00+00:00,0.15403680417874474
2026-03-26 19:45:00+00:00,0.15720641821966275
2026-03-26 20:00:00+00:00,0.14956755584822576
2026-03-26 20:15:00+00:00,0.1273620042793766
2026-03-26 20:30:00+00:00,0.1284925221518279
2026-03-26 20:45:00+00:00,0.11287703853685707
2026-03-26 21:00:00+00:00,0.1260257731670283
2026-03-26 21:15:00+00:00,0.10631107200381015
2026-03-26 21:30:00+00:00,0.13340257491084392
2026-03-26 21:45:00+00:00,0.1169099742435056
2026-03-26 22:00:00+00:00,0.1255909824581586
2026-03-26 22:15:00+00:00,0.1037003807139336
2026-03-26 22:30:00+00:00,0.12029947629715472
2026-03-26 22:45:00+00:00,0.09871058761864916
2026-03-26 23:00:00+00:00,0.12309291278298175
2026-03-26 23:15:00+00:00,0.12906826031239124
2026-03-26 23:30:00+00:00,0.12504759312232527
2026-03-26 23:45:00+00:00,0.1154096992748306
2026-03-27 00:00:00+00:00,0.10446868967293281
2026-03-27 00:15:00+00:00,0.14932810570060642
2026-03-27 00:30:00+00:00,0.13678858970273136
2026-03-27 00:45:00+00:00,0.12434674824888299
2026-03-27 01:00:00+00:00,0.1133879621840903
2026-03-27 01:15:00+00:00,0.11700407838298035
2026-03-27 01:30:00+00:00,0.10986579570223483
2026-03-27 01:45:00+00:00,0.1276485593909639
2026-03-27 02:00:00+00:00,0.11912502890851834
2026-03-27 02:15:00+00:00,0.11164836141640166
2026-03-27 02:30:00+00:00,0.16229244900875217
2026-03-27 02:45:00+00:00,0.12955188142569904
2026-03-27 03:00:00+00:00,0.13367097846820478
2026-03-27 03:15:00+00:00,0.13401331563486246
2026-03-27 03:30:00+00:00,0.12850032065053976
2026-03-27 03:45:00+00:00,0.12113375131197364
2026-03-27 04:00:00+00:00,0.0873848617467088
2026-03-27 04:15:00+00:00,0.13197160023808222
2026-03-27 04:30:00+00:00,0.143971712411559
2026-03-27 04:45:00+00:00,0.15445982096321353
2026-03-27 05:00:00+00:00,0.2027389734703321
2026-03-27 05:15:00+00:00,0.15572737838050843
2026-03-27 05:30:00+00:00,0.18467408556851186
2026-03-27 05:45:00+00:00,0.24655216314031853
2026-03-27 06:00:00+00:00,0.2105633878205966
2026-03-27 06:15:00+00:00,0.20082577003573387
2026-03-27 06:30:00+00:00,0.17696051644921623
2026-03-27 06:45:00+00:00,0.13545970588461087
2026-03-27 07:00:00+00:00,0.1934816315208391
2026-03-27 07:15:00+00:00,0.1523112486725338
2026-03-27 07:30:00+00:00,0.1378469944910662
2026-03-27 07:45:00+00:00,0.11785217655971729
2026-03-27 08:00:00+00:00,0.14284668753022492
2026-03-27 08:15:00+00:00,0.14298343439569952
2026-03-27 08:30:00+00:00,0.13144468979884671
2026-03-27 08:45:00+00:00,0.08880649582613925
2026-03-27 09:00:00+00:00,0.0628434445154063
2026-03-27 09:15:00+00:00,0.10249832466127266
2026-03-27 09:30:00+00:00,0.08112623661012945
2026-03-27 09:45:00+00:00,0.06315516078168992
2026-03-27 10:00:00+00:00,0.08132554725010632
2026-03-27 10:15:00+00:00,0.07346356953185393
2026-03-27 10:30:00+00:00,0.07495269810105393
2026-03-27 10:45:00+00:00,0.04357564220873775
2026-03-27 11:00:00+00:00,0.05996279254208398
2026-03-27 11:15:00+00:00,0.06842158554197417
2026-03-27 11:30:00+00:00,0.06723944030413308
2026-03-27 11:45:00+00:00,0.06295541644936012
2026-03-27 12:00:00+00:00,0.05333963721066701
2026-03-27 12:15:00+00:00,0.049407343507337595
2026-03-27 12:30:00+00:00,0.052833651662120805
2026-03-27 12:45:00+00:00,0.06249872752284725
2026-03-27 13:00:00+00:00,0.1231247736927255
2026-03-27 13:15:00+00:00,0.04714562814229249
2026-03-27 13:30:00+00:00,0.08009271243041634
2026-03-27 13:45:00+00:00,0.07478321558974796
2026-03-27 14:00:00+00:00,0.0623075732264651
2026-03-27 14:15:00+00:00,0.10165956645344817
2026-03-27 14:30:00+00:00,0.1507662457449934
2026-03-27 14:45:00+00:00,0.10764433515947262
2026-03-27 15:00:00+00:00,0.09985025839730993
2026-03-27 15:15:00+00:00,0.09522281103233864
2026-03-27 15:30:00+00:00,0.09665362483666472
2026-03-27 15:45:00+00:00,0.14254730616722575
2026-03-27 16:00:00+00:00,0.10314428945740425
2026-03-27 16:15:00+00:00,0.1381213211305409
2026-03-27 16:30:00+00:00,0.14665381540963315
2026-03-27 16:45:00+00:00,0.15474741469921585
2026-03-27 17:00:00+00:00,0.1253637099619873
2026-03-27 17:15:00+00:00,0.15321015780060096
2026-03-27 17:30:00+00:00,0.17402101251669988
2026-03-27 17:45:00+00:00,0.17534291656636003
2026-03-27 18:00:00+00:00,0.20212077164224035
2026-03-27 18:15:00+00:00,0.16773953821063683
2026-03-27 18:30:00+00:00,0.17440872490122314
2026-03-27 18:45:00+00:00,0.13449106699813615
2026-03-27 19:00:00+00:00,0.1770282439866997
2026-03-27 19:15:00+00:00,0.15003647710092263
2026-03-27 19:30:00+00:00,0.12578126179685414
2026-03-27 19:45:00+00:00,0.13238592138295607
2026-03-27 20:00:00+00:00,0.1170788947983404
2026-03-27 20:15:00+00:00,0.10900394744288072
2026-03-27 20:30:00+00:00,0.11997995486206418
2026-03-27 20:45:00+00:00,0.10557173265713474
2026-03-27 21:00:00+00:00,0.15687382919082646
2026-03-27 21:15:00+00:00,0.12466507476439975
2026-03-27 21:30:00+00:00,0.11349659424781376
2026-03-27 21:45:00+00:00,0.09748888430812913
2026-03-27 22:00:00+00:00,0.09484711589431216
2026-03-27 22:15:00+00:00,0.09663780914262567
2026-03-27 22:30:00+00:00,0.10639941771759132
2026-03-27 22:45:00+00:00,0.1125332865159477
2026-03-27 23:00:00+00:00,0.10882689142387919
2026-03-27 23:15:00+00:00,0.1013309483164638
2026-03-27 23:30:00+00:00,0.14101832334297515
2026-03-27 23:45:00+00:00,0.09232812356412154
2026-03-28 00:00:00+00:00,0.09081362002515424
2026-03-28 00:15:00+00:00,0.11048363995763875
2026-03-28 00:30:00+00:00,0.0897480981872492
2026-03-28 00:45:00+00:00,0.08885662141753273
2026-03-28 01:00:00+00:00,0.06993177574979333
2026-03-28 01:15:00+00:00,0.08778565153477236
2026-03-28 01:30:00+00:00,0.0969648413796494
2026-03-28 01:45:00+00:00,0.07708277422961456
2026-03-28 02:00:00+00:00,0.08005279665507187
2026-03-28 02:15:00+00:00,0.09535711017733664
2026-03-28 02:30:00+00:00,0.07234342776481947
2026-03-28 02:45:00+00:00,0.09752801007541918
2026-03-28 03:00:00+00:00,0.08220856109826898
2026-03-28 03:15:00+00:00,0.08405431779508797
2026-03-28 03:30:00+00:00,0.07694121594874405
2026-03-28 03:45:00+00:00,0.09260046260427883
2026-03-28 04:00:00+00:00,0.1131287198502938
2026-03-28 04:15:00+00:00,0.09776497239460633
2026-03-28 04:30:00+00:00,0.08420714738059465
2026-03-28 04:45:00+00:00,0.10647620585491475
2026-03-28 05:00:00+00:00,0.08785320454065751
2026-03-28 05:15:00+00:00,0.1044848498142756
2026-03-28 05:30:00+00:00,0.09605676402164362
2026-03-28 05:45:00+00:00,0.05249858434528267
2026-03-28 06:00:00+00:00,0.07911920367044972
2026-03-28 06:15:00+00:00,0.0896838522283539
2026-03-28 06:30:00+00:00,0.08063657272145017
2026-03-28 06:45:00+00:00,0.057982440522921494
2026-03-28 07:00:00+00:00,0.07435410484506187
2026-03-28 07:15:00+00:00,0.0564576337991062
2026-03-28 07:30:00+00:00,0.06657626712473605
2026-03-28 07:45:00+00:00,0.07163689726015764
2026-03-28 08:00:00+00:00,0.13420933390732326
2026-03-28 08:15:00+00:00,0.12109417001188423
2026-03-28 08:30:00+00:00,0.049713970897899806
2026-03-28 08:45:00+00:00,0.02366479343352692
2026-03-28 09:00:00+00:00,0.056680786877450234
2026-03-28 09:15:00+00:00,0.020562632593422264
2026-03-28 09:30:00+00:00,0.008027726784931199
2026-03-28 09:45:00+00:00,0.017026575166220123
2026-03-28 10:00:00+00:00,0.02358840237121885
2026-03-28 10:15:00+00:00,0.053240353572877916
2026-03-28 10:30:00+00:00,0.0
2026-03-28 10:45:00+00:00,0.007738560324308801
2026-03-28 11:00:00+00:00,0.015314988669316621
2026-03-28 11:15:00+00:00,0.012900910486615617
2026-03-28 11:30:00+00:00,0.0
2026-03-28 11:45:00+00:00,0.027546060670633216
2026-03-28 12:00:00+00:00,0.0
2026-03-28 12:15:00+00:00,0.004049350031114207
2026-03-28 12:30:00+00:00,0.0
2026-03-28 12:45:00+00:00,0.036753288359370875
2026-03-28 13:00:00+00:00,0.010390706702879674
2026-03-28 13:15:00+00:00,0.0014902491931843512
2026-03-28 13:30:00+00:00,0.03367923549962446
2026-03-28 13:45:00+00:00,0.04658135779310033
2026-03-28 14:00:00+00:00,0.02216272976420116
2026-03-28 14:15:00+00:00,0.05340606712783383
2026-03-28 14:30:00+00:00,0.055327080391691354
2026-03-28 14:45:00+00:00,0.07942081725050747
2026-03-28 15:00:00+00:00,0.04024783345433937
2026-03-28 15:15:00+00:00,0.06088048915780438
2026-03-28 15:30:00+00:00,0.10647630805670687
2026-03-28 15:45:00+00:00,0.11775428627722315
2026-03-28 16:00:00+00:00,0.09009788648648963
2026-03-28 16:15:00+00:00,0.11651931447189838
2026-03-28 16:30:00+00:00,0.12070925513391695
2026-03-28 16:45:00+00:00,0.1272858969743209
2026-03-28 17:00:00+00:00,0.12498510648465556
2026-03-28 17:15:00+00:00,0.13335078404676434
2026-03-28 17:30:00+00:00,0.1391980367643982
2026-03-28 17:45:00+00:00,0.16676398107149554
2026-03-28 18:00:00+00:00,0.15950135653956204
2026-03-28 18:15:00+00:00,0.16346481764433804
2026-03-28 18:30:00+00:00,0.2152738052527733
2026-03-28 18:45:00+00:00,0.15086185795654733
2026-03-28 19:00:00+00:00,0.1520872867409176
2026-03-28 19:15:00+00:00,0.13537134111035962
2026-03-28 19:30:00+00:00,0.13883780634807305
2026-03-28 19:45:00+00:00,0.12605743695175065
2026-03-28 20:00:00+00:00,0.1420139142892012
2026-03-28 20:15:00+00:00,0.13202945960751414
2026-03-28 20:30:00+00:00,0.15409573660166567
2026-03-28 20:45:00+00:00,0.11148773744358662
2026-03-28 21:00:00+00:00,0.10761053730178877
2026-03-28 21:15:00+00:00,0.1301937683351961
2026-03-28 21:30:00+00:00,0.12224577445411806
2026-03-28 21:45:00+00:00,0.1240906786972995
2026-03-28 22:00:00+00:00,0.13583883022284002
2026-03-28 22:15:00+00:00,0.130891046951789
2026-03-28 22:30:00+00:00,0.10584774179616062
2026-03-28 22:45:00+00:00,0.10378282102142837
2026-03-28 23:00:00+00:00,0.13016761258880763
2026-03-28 23:15:00+00:00,0.12793463595687227
2026-03-28 23:30:00+00:00,0.13021449550288386
2026-03-28 23:45:00+00:00,0.11340703971113866
2026-03-29 00:00:00+00:00,0.11148211404113723
2026-03-29 00:15:00+00:00,0.09860564247057338
2026-03-29 00:30:00+00:00,0.1013671014728098
2026-03-29 00:45:00+00:00,0.09829297177042892
2026-03-29 01:00:00+00:00,0.1086623362851376
2026-03-29 01:15:00+00:00,0.1528299744558583
2026-03-29 01:30:00+00:00,0.08794350429157821
2026-03-29 01:45:00+00:00,0.09675098530909568
2026-03-29 02:00:00+00:00,0.1181854755345142
2026-03-29 02:15:00+00:00,0.1068666235497406
2026-03-29 02:30:00+00:00,0.1100064461601277
2026-03-29 02:45:00+00:00,0.10764921710057263
2026-03-29 03:00:00+00:00,0.1698343073460886
2026-03-29 03:15:00+00:00,0.1060404306382437
2026-03-29 03:30:00+00:00,0.10137977202129302
2026-03-29 03:45:00+00:00,0.09677244958866439
2026-03-29 04:00:00+00:00,0.10482609458209713
2026-03-29 04:15:00+00:00,0.08089295985224916
2026-03-29 04:30:00+00:00,0.11174710998167288
2026-03-29 04:45:00+00:00,0.11574160140078656
2026-03-29 05:00:00+00:00,0.10602529146382719
2026-03-29 05:15:00+00:00,0.10595734161344003
2026-03-29 05:30:00+00:00,0.12109657530148242
2026-03-29 05:45:00+00:00,0.11451711749074964
2026-03-29 06:00:00+00:00,0.12348788333707326
2026-03-29 06:15:00+00:00,0.12806347533932022
2026-03-29 06:30:00+00:00,0.10991627587948924
2026-03-29 06:45:00+00:00,0.11533862562858314
2026-03-29 07:00:00+00:00,0.1134742918170365
2026-03-29 07:15:00+00:00,0.0802378688618125
2026-03-29 07:30:00+00:00,0.1053612996487441
2026-03-29 07:45:00+00:00,0.08517340267328846
2026-03-29 08:00:00+00:00,0.09206746269204932
2026-03-29 08:15:00+00:00,0.07137598281704981
2026-03-29 08:30:00+00:00,0.07450914220958045
2026-03-29 08:45:00+00:00,0.045638279950256246
2026-03-29 09:00:00+00:00,0.08634146786032408
2026-03-29 09:15:00+00:00,0.05183092719333172
2026-03-29 09:30:00+00:00,0.03453619210317533
2026-03-29 09:45:00+00:00,0.018947962182359286
2026-03-29 10:00:00+00:00,0.035482818927168314
2026-03-29 10:15:00+00:00,0.009466513676101955
2026-03-29 10:30:00+00:00,0.011453570476749084
2026-03-29 10:45:00+00:00,0.0
2026-03-29 11:00:00+00:00,0.00342865101009247
2026-03-29 11:15:00+00:00,0.011649908825639231
2026-03-29 11:30:00+00:00,0.00619318334021503
2026-03-29 11:45:00+00:00,0.0
2026-03-29 12:00:00+00:00,0.012513625459261506
2026-03-29 12:15:00+00:00,0.02514144627208488
2026-03-29 12:30:00+00:00,0.018410733114219348
2026-03-29 12:45:00+00:00,0.0
2026-03-29 13:00:00+00:00,0.0
2026-03-29 13:15:00+00:00,0.0
2026-03-29 13:30:00+00:00,0.0
2026-03-29 13:45:00+00:00,0.008154110400265547
2026-03-29 14:00:00+00:00,0.0
2026-03-29 14:15:00+00:00,0.002607668174830632
2026-03-29 14:30:00+00:00,0.0
2026-03-29 14:45:00+00:00,0.0065214097933741656
2026-03-29 15:00:00+00:00,0.001852277402021235
2026-03-29 15:15:00+00:00,0.015339356526829778
2026-03-29 15:30:00+00:00,0.028750751675356546
2026-03-29 15:45:00+00:00,0.07697936049903918
2026-03-29 16:00:00+00:00,0.06092272514027427
2026-03-29 16:15:00+00:00,0.09034715505756044
2026-03-29 16:30:00+00:00,0.09199720665802152
2026-03-29 16:45:00+00:00,0.1114123245542709
2026-03-29 17:00:00+00:00,0.10537460165671836
2026-03-29 17:15:00+00:00,0.10851496106942311
2026-03-29 17:30:00+00:00,0.11692498133985951
2026-03-29 17:45:00+00:00,0.09695202786628851
2026-03-29 18:00:00+00:00,0.10191561074576569
2026-03-29 18:15:00+00:00,0.10257995918173667
2026-03-29 18:30:00+00:00,0.07351647390734985
2026-03-29 18:45:00+00:00,0.071132115999197
2026-03-29 19:00:00+00:00,0.0899615478572961
2026-03-29 19:15:00+00:00,0.0927201695133645
2026-03-29 19:30:00+00:00,0.06103849737577484
2026-03-29 19:45:00+00:00,0.05519474498773901
2026-03-29 20:00:00+00:00,0.09816634558440944
2026-03-29 20:15:00+00:00,0.07993955092412187
2026-03-29 20:30:00+00:00,0.061988708895450266
2026-03-29 20:45:00+00:00,0.035696006904103135
2026-03-29 21:00:00+00:00,0.04723344866174193
2026-03-29 21:15:00+00:00,0.03879417926653883
2026-03-29 21:30:00+00:00,0.01522462616631465
2026-03-29 21:45:00+00:00,0.0
2026-03-29 22:00:00+00:00,0.01964073356991773
2026-03-29 22:15:00+00:00,0.0009181951755251484
2026-03-29 22:30:00+00:00,0.011823345345088752
2026-03-29 22:45:00+00:00,0.026526055760423776
2026-03-29 23:00:00+00:00,0.0
2026-03-29 23:15:00+00:00,0.006463723332239848
2026-03-29 23:30:00+00:00,0.0
2026-03-29 23:45:00+00:00,0.004759052294413472
2026-03-30 00:00:00+00:00,0.0
2026-03-30 00:15:00+00:00,0.0
2026-03-30 00:30:00+00:00,0.0
2026-03-30 00:45:00+00:00,0.012451512260547356
2026-03-30 01:00:00+00:00,0.013153043574732624
2026-03-30 01:15:00+00:00,0.004033852146585077
2026-03-30 01:30:00+00:00,0.0
2026-03-30 01:45:00+00:00,0.020405230361038623
2026-03-30 02:00:00+00:00,0.0
2026-03-30 02:15:00+00:00,0.0
2026-03-30 02:30:00+00:00,0.008663890099570686
2026-03-30 02:45:00+00:00,0.0
2026-03-30 03:00:00+00:00,0.013426087934991747
2026-03-30 03:15:00+00:00,0.0038086230332658117
2026-03-30 03:30:00+00:00,0.02326713240544196
2026-03-30 03:45:00+00:00,0.059315003465521585
2026-03-30 04:00:00+00:00,0.013961411353792781
2026-03-30 04:15:00+00:00,0.057840628691075945
2026-03-30 04:30:00+00:00,0.08720328927342937
2026-03-30 04:45:00+00:00,0.10534551319034344
2026-03-30 05:00:00+00:00,0.06653617282059555
2026-03-30 05:15:00+00:00,0.08353496304050993
2026-03-30 05:30:00+00:00,0.10530140575555808
2026-03-30 05:45:00+00:00,0.09235771274289428
2026-03-30 06:00:00+00:00,0.11825525882897617
2026-03-30 06:15:00+00:00,0.09274462579031872
2026-03-30 06:30:00+00:00,0.13053329942556596
2026-03-30 06:45:00+00:00,0.14003290769690596
2026-03-30 07:00:00+00:00,0.10863247296009793
2026-03-30 07:15:00+00:00,0.10183518964157906
2026-03-30 07:30:00+00:00,0.11546688134356795
2026-03-30 07:45:00+00:00,0.0637515421906726
2026-03-30 08:00:00+00:00,0.10582704135478752
2026-03-30 08:15:00+00:00,0.07911176821102023
2026-03-30 08:30:00+00:00,0.08641095324423245
2026-03-30 08:45:00+00:00,0.04577366312982045
2026-03-30 09:00:00+00:00,0.07699141242038074
2026-03-30 09:15:00+00:00,0.043065133775802
2026-03-30 09:30:00+00:00,0.05183661253198413
2026-03-30 09:45:00+00:00,0.01352937970892267
2026-03-30 10:00:00+00:00,0.03827841505543916
2026-03-30 10:15:00+00:00,0.019477269119868284
2026-03-30 10:30:00+00:00,0.010034770375730053
2026-03-30 10:45:00+00:00,0.017413198169079144
2026-03-30 11:00:00+00:00,0.022904587474096336
2026-03-30 11:15:00+00:00,0.02764010198900997
2026-03-30 11:30:00+00:00,0.0
2026-03-30 11:45:00+00:00,0.013231707023410439
2026-03-30 12:00:00+00:00,0.03445448905356894
2026-03-30 12:15:00+00:00,0.004153589108230531
2026-03-30 12:30:00+00:00,0.026541486121089697
2026-03-30 12:45:00+00:00,0.001878387279401734
2026-03-30 13:00:00+00:00,0.0
2026-03-30 13:15:00+00:00,0.007673675575932044
2026-03-30 13:30:00+00:00,0.02214203967675276
2026-03-30 13:45:00+00:00,0.011598235176684686
2026-03-30 14:00:00+00:00,0.003976613409935128
2026-03-30 14:15:00+00:00,0.029275394322931907
2026-03-30 14:30:00+00:00,0.04429060116738573
2026-03-30 14:45:00+00:00,0.06884622952486741
2026-03-30 15:00:00+00:00,0.04783829540758336
2026-03-30 15:15:00+00:00,0.07025625319551573
2026-03-30 15:30:00+00:00,0.08246698814190459
2026-03-30 15:45:00+00:00,0.11440730942030392
2026-03-30 16:00:00+00:00,0.07572626994304067
2026-03-30 16:15:00+00:00,0.11791433622503389
2026-03-30 16:30:00+00:00,0.10303725283182687
2026-03-30 16:45:00+00:00,0.1311884748754939
2026-03-30 17:00:00+00:00,0.11172393039017134
2026-03-30 17:15:00+00:00,0.11929999010757321
2026-03-30 17:30:00+00:00,0.117320354491093
2026-03-30 17:45:00+00:00,0.12284004568831972
2026-03-30 18:00:00+00:00,0.10734239612394698
2026-03-30 18:15:00+00:00,0.1138467584140754
2026-03-30 18:30:00+00:00,0.12411091146784077
2026-03-30 18:45:00+00:00,0.17800879178828882
2026-03-30 19:00:00+00:00,0.14609379313283263
2026-03-30 19:15:00+00:00,0.12036242540203151
2026-03-30 19:30:00+00:00,0.11916039235732827
2026-03-30 19:45:00+00:00,0.10144285213997288
2026-03-30 20:00:00+00:00,0.13432063617904103
2026-03-30 20:15:00+00:00,0.13326194515329343
2026-03-30 20:30:00+00:00,0.13276330267956288
2026-03-30 20:45:00+00:00,0.12274932748147238
2026-03-30 21:00:00+00:00,0.121615433172676
2026-03-30 21:15:00+00:00,0.12712623779709342
2026-03-30 21:30:00+00:00,0.11092081461416811
2026-03-30 21:45:00+00:00,0.10900129676024173
2026-03-30 22:00:00+00:00,0.11979216138148001
2026-03-30 22:15:00+00:00,0.09525956629145244
2026-03-30 22:30:00+00:00,0.09776151099500424
2026-03-30 22:45:00+00:00,0.10040840961465346
2026-03-30 23:00:00+00:00,0.10316785372501303
2026-03-30 23:15:00+00:00,0.12233285854855393
2026-03-30 23:30:00+00:00,0.1038927716759107
2026-03-30 23:45:00+00:00,0.16379843444025644
2026-03-31 00:00:00+00:00,0.09829922758423684
2026-03-31 00:15:00+00:00,0.09827324114234766
2026-03-31 00:30:00+00:00,0.08759992362776552
2026-03-31 00:45:00+00:00,0.09268671987123428
2026-03-31 01:00:00+00:00,0.10590981391363752
2026-03-31 01:15:00+00:00,0.10020560180394134
2026-03-31 01:30:00+00:00,0.11041938619897233
2026-03-31 01:45:00+00:00,0.1021925394834505
2026-03-31 02:00:00+00:00,0.09702546268362258
2026-03-31 02:15:00+00:00,0.1232729686378696
2026-03-31 02:30:00+00:00,0.10033096431286953
2026-03-31 02:45:00+00:00,0.11474000969705303
2026-03-31 03:00:00+00:00,0.09082790793455321
2026-03-31 03:15:00+00:00,0.10651599479383567
2026-03-31 03:30:00+00:00,0.12225015659151686
2026-03-31 03:45:00+00:00,0.1270249197057558
2026-03-31 04:00:00+00:00,0.09022517077303398
2026-03-31 04:15:00+00:00,0.12768252460856114
2026-03-31 04:30:00+00:00,0.16341460047759976
2026-03-31 04:45:00+00:00,0.1616848083302773
2026-03-31 05:00:00+00:00,0.15692838875229245
2026-03-31 05:15:00+00:00,0.1357774306604248
2026-03-31 05:30:00+00:00,0.14723544929324942
2026-03-31 05:45:00+00:00,0.15270357631151438
2026-03-31 06:00:00+00:00,0.2075038327678689
2026-03-31 06:15:00+00:00,0.19236666780132902
2026-03-31 06:30:00+00:00,0.14411133244853905
2026-03-31 06:45:00+00:00,0.13003824086673815
2026-03-31 07:00:00+00:00,0.16331374241931293
2026-03-31 07:15:00+00:00,0.12489057263498442
2026-03-31 07:30:00+00:00,0.10275208668905253
2026-03-31 07:45:00+00:00,0.12331009692130077
2026-03-31 08:00:00+00:00,0.11882947208412811
2026-03-31 08:15:00+00:00,0.10266824957899831
2026-03-31 08:30:00+00:00,0.08191826943484135
2026-03-31 08:45:00+00:00,0.09926739514408738
2026-03-31 09:00:00+00:00,0.09637079925804448
2026-03-31 09:15:00+00:00,0.09864874722368146
2026-03-31 09:30:00+00:00,0.10277048530411759
2026-03-31 09:45:00+00:00,0.05174569119680295
2026-03-31 10:00:00+00:00,0.08178399191297636
2026-03-31 10:15:00+00:00,0.08024624386688087
2026-03-31 10:30:00+00:00,0.0927282617414665
2026-03-31 10:45:00+00:00,0.04901596980793514
2026-03-31 11:00:00+00:00,0.09289861025680604
2026-03-31 11:15:00+00:00,0.062258559015662907
2026-03-31 11:30:00+00:00,0.04542999338266142
2026-03-31 11:45:00+00:00,0.08808940236781093
2026-03-31 12:00:00+00:00,0.046837369678199715
2026-03-31 12:15:00+00:00,0.061821167592691545
2026-03-31 12:30:00+00:00,0.04333479245917561
2026-03-31 12:45:00+00:00,0.06084414181643853
2026-03-31 13:00:00+00:00,0.05015818334293024
2026-03-31 13:15:00+00:00,0.05477866551485902
2026-03-31 13:30:00+00:00,0.08861975175683895
2026-03-31 13:45:00+00:00,0.0772405073475346
2026-03-31 14:00:00+00:00,0.07016265544661145
2026-03-31 14:15:00+00:00,0.09177776780668662
2026-03-31 14:30:00+00:00,0.07505650054681454
2026-03-31 14:45:00+00:00,0.11269291909122033
2026-03-31 15:00:00+00:00,0.07097042821504924
2026-03-31 15:15:00+00:00,0.0935323358996148
2026-03-31 15:30:00+00:00,0.101219683268211
2026-03-31 15:45:00+00:00,0.14659723364970506
2026-03-31 16:00:00+00:00,0.11076718266141487
2026-03-31 16:15:00+00:00,0.14016185259301608
2026-03-31 16:30:00+00:00,0.20860002655372278
2026-03-31 16:45:00+00:00,0.18508976976477431
2026-03-31 17:00:00+00:00,0.13850767605515826
2026-03-31 17:15:00+00:00,0.1838251162233606
2026-03-31 17:30:00+00:00,0.18889706112536186
2026-03-31 17:45:00+00:00,0.2038549437515706
2026-03-31 18:00:00+00:00,0.18184982903184793
2026-03-31 18:15:00+00:00,0.18766815210300924
2026-03-31 18:30:00+00:00,0.17070293271635267
2026-03-31 18:45:00+00:00,0.1718947498519348
2026-03-31 19:00:00+00:00,0.21137962776678143
2026-03-31 19:15:00+00:00,0.17357209399224457
2026-03-31 19:30:00+00:00,0.1592246984333401
2026-03-31 19:45:00+00:00,0.1612693217860826
2026-03-31 20:00:00+00:00,0.17560904523256568
2026-03-31 20:15:00+00:00,0.15445559597913816
2026-03-31 20:30:00+00:00,0.1396720132652057
2026-03-31 20:45:00+00:00,0.14704467099318205
2026-03-31 21:00:00+00:00,0.1681341381534821
2026-03-31 21:15:00+00:00,0.1610248715873304
2026-03-31 21:30:00+00:00,0.13883672530329422
2026-03-31 21:45:00+00:00,0.1297224258410008
2026-03-31 22:00:00+00:00,0.17176683849679486
2026-03-31 22:15:00+00:00,0.1353436409524217
2026-03-31 22:30:00+00:00,0.1480829532364201
2026-03-31 22:45:00+00:00,0.12716928784663678
2026-03-31 23:00:00+00:00,0.1534804492452168
2026-03-31 23:15:00+00:00,0.12149575200862123
2026-03-31 23:30:00+00:00,0.14063361530205828
2026-03-31 23:45:00+00:00,0.12408858654060365
2026-04-01 00:00:00+00:00,0.17820194854234284
2026-04-01 00:15:00+00:00,0.10447691418648598
2026-04-01 00:30:00+00:00,0.10346086646794281
2026-04-01 00:45:00+00:00,0.12382434059732686
2026-04-01 01:00:00+00:00,0.12614906063416612
2026-04-01 01:15:00+00:00,0.11674802172262277
2026-04-01 01:30:00+00:00,0.12123306589523657
2026-04-01 01:45:00+00:00,0.18952472629826134
2026-04-01 02:00:00+00:00,0.13390854480457132
2026-04-01 02:15:00+00:00,0.1302425893961207
2026-04-01 02:30:00+00:00,0.14660201721186075
2026-04-01 02:45:00+00:00,0.13365797704279853
2026-04-01 03:00:00+00:00,0.13111065082913032
2026-04-01 03:15:00+00:00,0.15994877605783672
2026-04-01 03:30:00+00:00,0.15074322129939818
2026-04-01 03:45:00+00:00,0.16952312514586998
2026-04-01 04:00:00+00:00,0.1787294658596774
2026-04-01 04:15:00+00:00,0.16323657834151228
2026-04-01 04:30:00+00:00,0.19850430366642108
2026-04-01 04:45:00+00:00,0.216539862798081
2026-04-01 05:00:00+00:00,0.23268142073501455
2026-04-01 05:15:00+00:00,0.29762630786854843
2026-04-01 05:30:00+00:00,0.21119980502789096
2026-04-01 05:45:00+00:00,0.20494267604432648
2026-04-01 06:00:00+00:00,0.24296966416047633
2026-04-01 06:15:00+00:00,0.2225756667311059
2026-04-01 06:30:00+00:00,0.19535936512406246
2026-04-01 06:45:00+00:00,0.17774628586939492
2026-04-01 07:00:00+00:00,0.20832553441444818
2026-04-01 07:15:00+00:00,0.1977461175517259
2026-04-01 07:30:00+00:00,0.15796695156550852
2026-04-01 07:45:00+00:00,0.1388809131158827
2026-04-01 08:00:00+00:00,0.1654448879785218
2026-04-01 08:15:00+00:00,0.14619677907081924
2026-04-01 08:30:00+00:00,0.13474507874022035
2026-04-01 08:45:00+00:00,0.10753294990202188
2026-04-01 09:00:00+00:00,0.12738878141139226
2026-04-01 09:15:00+00:00,0.13179541439817521
2026-04-01 09:30:00+00:00,0.10544720920358831
2026-04-01 09:45:00+00:00,0.12890211103199756
2026-04-01 10:00:00+00:00,0.13920555966288142
2026-04-01 10:15:00+00:00,0.1160217055287779
2026-04-01 10:30:00+00:00,0.10062865987242077
2026-04-01 10:45:00+00:00,0.11893138938868515
2026-04-01 11:00:00+00:00,0.17672210639718355
2026-04-01 11:15:00+00:00,0.10003076827445974
2026-04-01 11:30:00+00:00,0.09513535378451236
2026-04-01 11:45:00+00:00,0.08241738654796044
2026-04-01 12:00:00+00:00,0.094313691889988
2026-04-01 12:15:00+00:00,0.08413441243373604
2026-04-01 12:30:00+00:00,0.08498435760156196
2026-04-01 12:45:00+00:00,0.09471717600497365
2026-04-01 13:00:00+00:00,0.10796624161896441
2026-04-01 13:15:00+00:00,0.07442928765598261
2026-04-01 13:30:00+00:00,0.09574187515597034
2026-04-01 13:45:00+00:00,0.09382539514767918
2026-04-01 14:00:00+00:00,0.10086024898576083
2026-04-01 14:15:00+00:00,0.09235262030680101
2026-04-01 14:30:00+00:00,0.09455799206214206
2026-04-01 14:45:00+00:00,0.1362818699884857
2026-04-01 15:00:00+00:00,0.13737311114743112
2026-04-01 15:15:00+00:00,0.12654597868560763
2026-04-01 15:30:00+00:00,0.13060797877281918
2026-04-01 15:45:00+00:00,0.15617140922775993
2026-04-01 16:00:00+00:00,0.12524840662825554
2026-04-01 16:15:00+00:00,0.1332680072998585
2026-04-01 16:30:00+00:00,0.15668152895913687
2026-04-01 16:45:00+00:00,0.19294309851490468
2026-04-01 17:00:00+00:00,0.1508813469270829
2026-04-01 17:15:00+00:00,0.18246624740583198
2026-04-01 17:30:00+00:00,0.21145721095982448
2026-04-01 17:45:00+00:00,0.21163602148392724
2026-04-01 18:00:00+00:00,0.204273105001082
2026-04-01 18:15:00+00:00,0.1921947561165332
2026-04-01 18:30:00+00:00,0.18523323782728587
2026-04-01 18:45:00+00:00,0.14820409657651892
2026-04-01 19:00:00+00:00,0.17558490114072772
2026-04-01 19:15:00+00:00,0.17050004236968677
2026-04-01 19:30:00+00:00,0.1667051585888189
2026-04-01 19:45:00+00:00,0.15530187854921873
2026-04-01 20:00:00+00:00,0.16625664717983624
2026-04-01 20:15:00+00:00,0.1500957659886967
2026-04-01 20:30:00+00:00,0.18292771283044298
2026-04-01 20:45:00+00:00,0.147497872729324
2026-04-01 21:00:00+00:00,0.15165147475952623
2026-04-01 21:15:00+00:00,0.13551791501793606
2026-04-01 21:30:00+00:00,0.12606781173056122
2026-04-01 21:45:00+00:00,0.11787199406273044
2026-04-01 22:00:00+00:00,0.14232828843586684
2026-04-01 22:15:00+00:00,0.10963564455936918
2026-04-01 22:30:00+00:00,0.10585610404625317
2026-04-01 22:45:00+00:00,0.11293117611061043
2026-04-01 23:00:00+00:00,0.1275013943677857
2026-04-01 23:15:00+00:00,0.11696726852848148
2026-04-01 23:30:00+00:00,0.13139121226099484
2026-04-01 23:45:00+00:00,0.09975603213004232
2026-04-02 00:00:00+00:00,0.1093865453039663
2026-04-02 00:15:00+00:00,0.179640917409911
2026-04-02 00:30:00+00:00,0.11506119324675147
2026-04-02 00:45:00+00:00,0.12027842582801158
2026-04-02 01:00:00+00:00,0.13074246943269463
2026-04-02 01:15:00+00:00,0.10071195582098177
2026-04-02 01:30:00+00:00,0.10786685662207968
2026-04-02 01:45:00+00:00,0.10727573099069128
2026-04-02 02:00:00+00:00,0.08587406995516725
2026-04-02 02:15:00+00:00,0.1018660319624403
2026-04-02 02:30:00+00:00,0.11773062187380666
2026-04-02 02:45:00+00:00,0.1157358954181224
2026-04-02 03:00:00+00:00,0.1144808316938801
2026-04-02 03:15:00+00:00,0.10941491019360501
2026-04-02 03:30:00+00:00,0.11273902763994359
2026-04-02 03:45:00+00:00,0.1491025567189862
2026-04-02 04:00:00+00:00,0.1260268285364233
2026-04-02 04:15:00+00:00,0.15298082038793215
2026-04-02 04:30:00+00:00,0.16324334680677538
2026-04-02 04:45:00+00:00,0.1801771701625712
2026-04-02 05:00:00+00:00,0.1733341235767236
2026-04-02 05:15:00+00:00,0.1537274137933288
2026-04-02 05:30:00+00:00,0.1496444683322496
2026-04-02 05:45:00+00:00,0.15399909818069135
2026-04-02 06:00:00+00:00,0.19628662352620832
2026-04-02 06:15:00+00:00,0.16890828216046236
2026-04-02 06:30:00+00:00,0.1642062788399447
2026-04-02 06:45:00+00:00,0.10806459382088912
2026-04-02 07:00:00+00:00,0.12753457386889444
2026-04-02 07:15:00+00:00,0.1248082864075505
2026-04-02 07:30:00+00:00,0.10966891005056437
2026-04-02 07:45:00+00:00,0.11535518985472554
2026-04-02 08:00:00+00:00,0.10002952376766992
2026-04-02 08:15:00+00:00,0.10545929066342088
2026-04-02 08:30:00+00:00,0.10627832838659844
2026-04-02 08:45:00+00:00,0.050137045107278996
2026-04-02 09:00:00+00:00,0.0849966482414755
2026-04-02 09:15:00+00:00,0.09017207392885558
2026-04-02 09:30:00+00:00,0.08352244547731025
2026-04-02 09:45:00+00:00,0.05615504399611761
2026-04-02 10:00:00+00:00,0.0676632890632314
2026-04-02 10:15:00+00:00,0.07197935822330763
2026-04-02 10:30:00+00:00,0.06737549102581605
2026-04-02 10:45:00+00:00,0.03436336651487605
2026-04-02 11:00:00+00:00,0.0377708635103362
2026-04-02 11:15:00+00:00,0.045452566819836
2026-04-02 11:30:00+00:00,0.04839360633428892
2026-04-02 11:45:00+00:00,0.03171930914769945
2026-04-02 12:00:00+00:00,0.049412938199823495
2026-04-02 12:15:00+00:00,0.04286863393162618
2026-04-02 12:30:00+00:00,0.03360306400926265
2026-04-02 12:45:00+00:00,0.05986098927667404
2026-04-02 13:00:00+00:00,0.05318232146513101
2026-04-02 13:15:00+00:00,0.07023160040103543
2026-04-02 13:30:00+00:00,0.06771396736340514
2026-04-02 13:45:00+00:00,0.07208351024121182
2026-04-02 14:00:00+00:00,0.07486911195632102
2026-04-02 14:15:00+00:00,0.10215655771649744
2026-04-02 14:30:00+00:00,0.10938197439413683
2026-04-02 14:45:00+00:00,0.11289713384138456
2026-04-02 15:00:00+00:00,0.09057090464851447
2026-04-02 15:15:00+00:00,0.09161293676369636
2026-04-02 15:30:00+00:00,0.11782634614979895
2026-04-02 15:45:00+00:00,0.12685100011597925
2026-04-02 16:00:00+00:00,0.12240169605200497
2026-04-02 16:15:00+00:00,0.10631936725762235
2026-04-02 16:30:00+00:00,0.1310011541511653
2026-04-02 16:45:00+00:00,0.15271311209714022
2026-04-02 17:00:00+00:00,0.14743218194630425
2026-04-02 17:15:00+00:00,0.16347307362602487
2026-04-02 17:30:00+00:00,0.1700225352228204
2026-04-02 17:45:00+00:00,0.18372783806538234
2026-04-02 18:00:00+00:00,0.17341865458361105
2026-04-02 18:15:00+00:00,0.16779619374218482
2026-04-02 18:30:00+00:00,0.16018865651490913
2026-04-02 18:45:00+00:00,0.14862737660047287
2026-04-02 19:00:00+00:00,0.1601963120086262
2026-04-02 19:15:00+00:00,0.1515629142504248
2026-04-02 19:30:00+00:00,0.14722591378839275
2026-04-02 19:45:00+00:00,0.13275475388898061
2026-04-02 20:00:00+00:00,0.15133826418345253
2026-04-02 20:15:00+00:00,0.15138721861351184
2026-04-02 20:30:00+00:00,0.13272163922746585
2026-04-02 20:45:00+00:00,0.11794001479526842
2026-04-02 21:00:00+00:00,0.13888606785994168
2026-04-02 21:15:00+00:00,0.11011801662331083
2026-04-02 21:30:00+00:00,0.11699586619260713
2026-04-02 21:45:00+00:00,0.11759847264720069
2026-04-02 22:00:00+00:00,0.15000396667786578
2026-04-02 22:15:00+00:00,0.12406948776496005
2026-04-02 22:30:00+00:00,0.1253118251901325
2026-04-02 22:45:00+00:00,0.11783916167780341
2026-04-02 23:00:00+00:00,0.11966323677118404
2026-04-02 23:15:00+00:00,0.13353597776272946
2026-04-02 23:30:00+00:00,0.13147505463547254
2026-04-02 23:45:00+00:00,0.11470877820146293
2026-04-03 00:00:00+00:00,0.12207038072885072
2026-04-03 00:15:00+00:00,0.10650350329779859
2026-04-03 00:30:00+00:00,0.1289618493878195
2026-04-03 00:45:00+00:00,0.12169113900284918
2026-04-03 01:00:00+00:00,0.11221330895926859
2026-04-03 01:15:00+00:00,0.12435599497624891
2026-04-03 01:30:00+00:00,0.11479776379425374
2026-04-03 01:45:00+00:00,0.11585890495137657
2026-04-03 02:00:00+00:00,0.12494211528289603
2026-04-03 02:15:00+00:00,0.11363501750087275
2026-04-03 02:30:00+00:00,0.1167324348048989
2026-04-03 02:45:00+00:00,0.12013461064199546
2026-04-03 03:00:00+00:00,0.11605548807114788
2026-04-03 03:15:00+00:00,0.13013085210267522
2026-04-03 03:30:00+00:00,0.1397906650367826
2026-04-03 03:45:00+00:00,0.12047701867392857
2026-04-03 04:00:00+00:00,0.10436874703695956
2026-04-03 04:15:00+00:00,0.11232259832523739
2026-04-03 04:30:00+00:00,0.13844531858505016
2026-04-03 04:45:00+00:00,0.13255835409873817
2026-04-03 05:00:00+00:00,0.14123860501067081
2026-04-03 05:15:00+00:00,0.14016597672026102
2026-04-03 05:30:00+00:00,0.11961783153385903
2026-04-03 05:45:00+00:00,0.11165116170518594
2026-04-03 06:00:00+00:00,0.15953933240346094
2026-04-03 06:15:00+00:00,0.13694428834719957
2026-04-03 06:30:00+00:00,0.12389182001633448
2026-04-03 06:45:00+00:00,0.08727856414867695
2026-04-03 07:00:00+00:00,0.1478539126276499
2026-04-03 07:15:00+00:00,0.13430899545423944
2026-04-03 07:30:00+00:00,0.10643982440218923
2026-04-03 07:45:00+00:00,0.07585526109434935
2026-04-03 08:00:00+00:00,0.17722552165571154
2026-04-03 08:15:00+00:00,0.08211885919066315
2026-04-03 08:30:00+00:00,0.07523960713838793
2026-04-03 08:45:00+00:00,0.055938443345295394
2026-04-03 09:00:00+00:00,0.054318430882467676
2026-04-03 09:15:00+00:00,0.05699325639556317
2026-04-03 09:30:00+00:00,0.05370301510234231
2026-04-03 09:45:00+00:00,0.07742952379024479
2026-04-03 10:00:00+00:00,0.04583104278559826
2026-04-03 10:15:00+00:00,0.018815977929527283
2026-04-03 10:30:00+00:00,0.02545540987081656
2026-04-03 10:45:00+00:00,0.002115307999808625
2026-04-03 11:00:00+00:00,0.0
2026-04-03 11:15:00+00:00,0.00792742629329606
2026-04-03 11:30:00+00:00,0.01751149715570353
2026-04-03 11:45:00+00:00,0.0
2026-04-03 12:00:00+00:00,0.021879849851235204
2026-04-03 12:15:00+00:00,0.006199679485485171
2026-04-03 12:30:00+00:00,0.0034875816228036607
2026-04-03 12:45:00+00:00,0.0
2026-04-03 13:00:00+00:00,0.0
2026-04-03 13:15:00+00:00,0.04746576364880496
2026-04-03 13:30:00+00:00,0.0
2026-04-03 13:45:00+00:00,0.014408671620671488
2026-04-03 14:00:00+00:00,0.0
2026-04-03 14:15:00+00:00,0.0010510617127574024
2026-04-03 14:30:00+00:00,0.021408049491246226
2026-04-03 14:45:00+00:00,0.06915654547677154
2026-04-03 15:00:00+00:00,0.0986534290167058
2026-04-03 15:15:00+00:00,0.06555492201680145
2026-04-03 15:30:00+00:00,0.06341485329706568
2026-04-03 15:45:00+00:00,0.09357342300674829
2026-04-03 16:00:00+00:00,0.07586428653546672
2026-04-03 16:15:00+00:00,0.08831168941131749
2026-04-03 16:30:00+00:00,0.08352379684136443
2026-04-03 16:45:00+00:00,0.10100268857417577
2026-04-03 17:00:00+00:00,0.14261166461793517
2026-04-03 17:15:00+00:00,0.09122388842969811
2026-04-03 17:30:00+00:00,0.10895106335807249
2026-04-03 17:45:00+00:00,0.08484292191469998
2026-04-03 18:00:00+00:00,0.1092877626431415
2026-04-03 18:15:00+00:00,0.10792486133552996
2026-04-03 18:30:00+00:00,0.0852735632444876
2026-04-03 18:45:00+00:00,0.07835671538867532
2026-04-03 19:00:00+00:00,0.09177974318733598
2026-04-03 19:15:00+00:00,0.09058036210462221
2026-04-03 19:30:00+00:00,0.07753145008185774
2026-04-03 19:45:00+00:00,0.0803156246019188
2026-04-03 20:00:00+00:00,0.10697979652537398
2026-04-03 20:15:00+00:00,0.07497283230850285
2026-04-03 20:30:00+00:00,0.06282820029296579
2026-04-03 20:45:00+00:00,0.08399923583030654
2026-04-03 21:00:00+00:00,0.09502314575927528
2026-04-03 21:15:00+00:00,0.06706768363051124
2026-04-03 21:30:00+00:00,0.03961251324646332
2026-04-03 21:45:00+00:00,0.04929107636764799
2026-04-03 22:00:00+00:00,0.0012547651578836763
2026-04-03 22:15:00+00:00,0.02377855493962948
2026-04-03 22:30:00+00:00,0.0
2026-04-03 22:45:00+00:00,0.001358712131718
2026-04-03 23:00:00+00:00,0.004186621737060935
2026-04-03 23:15:00+00:00,0.011348246851349619
2026-04-03 23:30:00+00:00,0.005596583228622422
2026-04-03 23:45:00+00:00,0.0040176210325026385
2026-04-04 00:00:00+00:00,0.010953505549663657
2026-04-04 00:15:00+00:00,0.047223409722758895
2026-04-04 00:30:00+00:00,0.010078770635290219
2026-04-04 00:45:00+00:00,0.0036123434815688474
2026-04-04 01:00:00+00:00,0.0
2026-04-04 01:15:00+00:00,0.07537926556205793
2026-04-04 01:30:00+00:00,0.006804301667171248
2026-04-04 01:45:00+00:00,0.0010273944660069455
2026-04-04 02:00:00+00:00,0.018582045267018232
2026-04-04 02:15:00+00:00,0.021808156093866073
2026-04-04 02:30:00+00:00,0.007836505776861147
2026-04-04 02:45:00+00:00,0.01197397486434762
2026-04-04 03:00:00+00:00,0.003509971819970592
2026-04-04 03:15:00+00:00,0.007478072492319885
2026-04-04 03:30:00+00:00,0.0081093744624013
2026-04-04 03:45:00+00:00,0.016348270336216542
2026-04-04 04:00:00+00:00,0.011097604786370103
2026-04-04 04:15:00+00:00,0.0155082844882806
2026-04-04 04:30:00+00:00,0.01740642656299959
2026-04-04 04:45:00+00:00,0.008632573733708356
2026-04-04 05:00:00+00:00,0.010515328942589152
2026-04-04 05:15:00+00:00,0.01290592380536327
2026-04-04 05:30:00+00:00,0.020637594080767714
2026-04-04 05:45:00+00:00,0.02584774290472113
2026-04-04 06:00:00+00:00,0.010250610131470871
2026-04-04 06:15:00+00:00,0.016395849518293003
2026-04-04 06:30:00+00:00,0.0255600949821405
2026-04-04 06:45:00+00:00,0.005901225255033877
2026-04-04 07:00:00+00:00,0.01758415649842824
2026-04-04 07:15:00+00:00,0.005054579570720964
2026-04-04 07:30:00+00:00,0.007077832573247228
2026-04-04 07:45:00+00:00,0.00017527456190459447
2026-04-04 08:00:00+00:00,0.01061065472728354
2026-04-04 08:15:00+00:00,0.0
2026-04-04 08:30:00+00:00,0.0
2026-04-04 08:45:00+00:00,0.0029657267669430817
2026-04-04 09:00:00+00:00,0.005336952480061929
2026-04-04 09:15:00+00:00,0.014919526227538277
2026-04-04 09:30:00+00:00,0.0
2026-04-04 09:45:00+00:00,0.01477481761860873
2026-04-04 10:00:00+00:00,0.0
2026-04-04 10:15:00+00:00,0.012666464115446436
2026-04-04 10:30:00+00:00,0.007914671266983725
2026-04-04 10:45:00+00:00,0.04081541420367778
2026-04-04 11:00:00+00:00,0.0030303923725182188
2026-04-04 11:15:00+00:00,0.0
2026-04-04 11:30:00+00:00,0.05622584593675001
2026-04-04 11:45:00+00:00,0.0
2026-04-04 12:00:00+00:00,0.0
2026-04-04 12:15:00+00:00,0.013670945827628515
2026-04-04 12:30:00+00:00,0.0
2026-04-04 12:45:00+00:00,0.008254223241917664
2026-04-04 13:00:00+00:00,0.0
2026-04-04 13:15:00+00:00,0.016666632592275233
2026-04-04 13:30:00+00:00,0.0
2026-04-04 13:45:00+00:00,0.0
2026-04-04 14:00:00+00:00,0.01524517181115903
2026-04-04 14:15:00+00:00,0.0
2026-04-04 14:30:00+00:00,0.022640743061643927
2026-04-04 14:45:00+00:00,0.042308405795948134
2026-04-04 15:00:00+00:00,0.011843502934391667
2026-04-04 15:15:00+00:00,0.029817065279828414
2026-04-04 15:30:00+00:00,0.09094681695728164
2026-04-04 15:45:00+00:00,0.09947630053533425
2026-04-04 16:00:00+00:00,0.07329217733304373
2026-04-04 16:15:00+00:00,0.1092544717624011
2026-04-04 16:30:00+00:00,0.11413012820856253
2026-04-04 16:45:00+00:00,0.17042181763988182
2026-04-04 17:00:00+00:00,0.13563402156013352
2026-04-04 17:15:00+00:00,0.14781412702410446
2026-04-04 17:30:00+00:00,0.17085689912135543
2026-04-04 17:45:00+00:00,0.1491350230903823
2026-04-04 18:00:00+00:00,0.1733957756747224
2026-04-04 18:15:00+00:00,0.12445292425083083
2026-04-04 18:30:00+00:00,0.12511394227081926
2026-04-04 18:45:00+00:00,0.11466004236133893
2026-04-04 19:00:00+00:00,0.13706150835874972
2026-04-04 19:15:00+00:00,0.11803090866397434
2026-04-04 19:30:00+00:00,0.0994775392071354
2026-04-04 19:45:00+00:00,0.06574674060331097
2026-04-04 20:00:00+00:00,0.08460152993427265
2026-04-04 20:15:00+00:00,0.0814580876167959
2026-04-04 20:30:00+00:00,0.06240073533648835
2026-04-04 20:45:00+00:00,0.04314054260618118
2026-04-04 21:00:00+00:00,0.05008372750348622
2026-04-04 21:15:00+00:00,0.03744256786527291
2026-04-04 21:30:00+00:00,0.03145508515135224
2026-04-04 21:45:00+00:00,0.0287087782370639
2026-04-04 22:00:00+00:00,0.0041763108156798005
2026-04-04 22:15:00+00:00,0.0680306724717273
2026-04-04 22:30:00+00:00,0.0
2026-04-04 22:45:00+00:00,0.008800588920574334
2026-04-04 23:00:00+00:00,0.0005729874312872793
2026-04-04 23:15:00+00:00,0.006946691241185846
2026-04-04 23:30:00+00:00,0.0
2026-04-04 23:45:00+00:00,0.0106168037389059
2026-04-05 00:00:00+00:00,0.0028822475834524275
2026-04-05 00:15:00+00:00,0.0
2026-04-05 00:30:00+00:00,0.0
2026-04-05 00:45:00+00:00,0.0
2026-04-05 01:00:00+00:00,0.0041817835063779375
2026-04-05 01:15:00+00:00,0.0
2026-04-05 01:30:00+00:00,0.0
2026-04-05 01:45:00+00:00,0.0019630725264933083
2026-04-05 02:00:00+00:00,0.0
2026-04-05 02:15:00+00:00,0.011479412443889956
2026-04-05 02:30:00+00:00,0.0063202277407105245
2026-04-05 02:45:00+00:00,0.0
2026-04-05 03:00:00+00:00,0.0001768909749767316
2026-04-05 03:15:00+00:00,0.000836655514819996
2026-04-05 03:30:00+00:00,0.0020129960416682404
2026-04-05 03:45:00+00:00,0.0
2026-04-05 04:00:00+00:00,0.0
2026-04-05 04:15:00+00:00,0.0
2026-04-05 04:30:00+00:00,0.009922809474594866
2026-04-05 04:45:00+00:00,0.0
2026-04-05 05:00:00+00:00,0.0
2026-04-05 05:15:00+00:00,0.007927973320332352
2026-04-05 05:30:00+00:00,0.0032132479744987467
2026-04-05 05:45:00+00:00,0.0
2026-04-05 06:00:00+00:00,0.0
2026-04-05 06:15:00+00:00,0.0
2026-04-05 06:30:00+00:00,0.0
2026-04-05 06:45:00+00:00,0.0
2026-04-05 07:00:00+00:00,0.0
2026-04-05 07:15:00+00:00,0.0
2026-04-05 07:30:00+00:00,0.0
2026-04-05 07:45:00+00:00,0.0
2026-04-05 08:00:00+00:00,0.025318969411085614
2026-04-05 08:15:00+00:00,0.0
2026-04-05 08:30:00+00:00,0.0
2026-04-05 08:45:00+00:00,0.0
2026-04-05 09:00:00+00:00,0.0
2026-04-05 09:15:00+00:00,0.0
2026-04-05 09:30:00+00:00,0.0
2026-04-05 09:45:00+00:00,0.0
2026-04-05 10:00:00+00:00,0.0
2026-04-05 10:15:00+00:00,0.0
2026-04-05 10:30:00+00:00,0.0
2026-04-05 10:45:00+00:00,0.0
2026-04-05 11:00:00+00:00,0.0
2026-04-05 11:15:00+00:00,0.0
2026-04-05 11:30:00+00:00,0.0
2026-04-05 11:45:00+00:00,0.0
2026-04-05 12:00:00+00:00,0.0
2026-04-05 12:15:00+00:00,0.0
2026-04-05 12:30:00+00:00,0.0
2026-04-05 12:45:00+00:00,0.0
2026-04-05 13:00:00+00:00,0.0
2026-04-05 13:15:00+00:00,0.0
2026-04-05 13:30:00+00:00,0.0
2026-04-05 13:45:00+00:00,0.0
2026-04-05 14:00:00+00:00,0.0
2026-04-05 14:15:00+00:00,0.0
2026-04-05 14:30:00+00:00,0.0
2026-04-05 14:45:00+00:00,0.004890944074974533
2026-04-05 15:00:00+00:00,0.0
2026-04-05 15:15:00+00:00,0.0
2026-04-05 15:30:00+00:00,0.0035223804639031298
2026-04-05 15:45:00+00:00,0.0
2026-04-05 16:00:00+00:00,0.0
2026-04-05 16:15:00+00:00,0.011892386535229803
2026-04-05 16:30:00+00:00,0.0121644738727708
2026-04-05 16:45:00+00:00,0.004205116037635608
2026-04-05 17:00:00+00:00,0.0
2026-04-05 17:15:00+00:00,0.001714737487826138
2026-04-05 17:30:00+00:00,0.030982292884191527
2026-04-05 17:45:00+00:00,0.02675128965494968
2026-04-05 18:00:00+00:00,0.02645907067858392
2026-04-05 18:15:00+00:00,0.04282963155060003
2026-04-05 18:30:00+00:00,0.042051793174225575
2026-04-05 18:45:00+00:00,0.04998142680497613
2026-04-05 19:00:00+00:00,0.026423767766227423
2026-04-05 19:15:00+00:00,0.029638084313132883
2026-04-05 19:30:00+00:00,0.038989816954601124
2026-04-05 19:45:00+00:00,0.024500783410128915
2026-04-05 20:00:00+00:00,0.05104380382587622
2026-04-05 20:15:00+00:00,0.03515536705904069
2026-04-05 20:30:00+00:00,0.05140109104105552
2026-04-05 20:45:00+00:00,0.027320178017231404
2026-04-05 21:00:00+00:00,0.09477167447588661
2026-04-05 21:15:00+00:00,0.01904485053215543
2026-04-05 21:30:00+00:00,0.013102872118839889
2026-04-05 21:45:00+00:00,0.01580944403839475
2026-04-05 22:00:00+00:00,0.020119781705930543
2026-04-05 22:15:00+00:00,0.01124236949310753
2026-04-05 22:30:00+00:00,0.0016382822806538051
2026-04-05 22:45:00+00:00,0.016323350295283416
2026-04-05 23:00:00+00:00,0.0
2026-04-05 23:15:00+00:00,0.0
2026-04-05 23:30:00+00:00,0.00840634223668389
2026-04-05 23:45:00+00:00,0.0008610835625312486
2026-04-06 00:00:00+00:00,0.007665136511241653
2026-04-06 00:15:00+00:00,0.0018140752243194205
2026-04-06 00:30:00+00:00,0.006609456946038727
2026-04-06 00:45:00+00:00,0.0
2026-04-06 01:00:00+00:00,0.007084860860796908
2026-04-06 01:15:00+00:00,0.011284145282075844
2026-04-06 01:30:00+00:00,0.013565506039312326
2026-04-06 01:45:00+00:00,0.021495542946487
2026-04-06 02:00:00+00:00,0.0031009844350238657
2026-04-06 02:15:00+00:00,0.003729110868471789
2026-04-06 02:30:00+00:00,0.0
2026-04-06 02:45:00+00:00,0.0
2026-04-06 03:00:00+00:00,0.0005591792599338736
2026-04-06 03:15:00+00:00,0.013003195522763552
2026-04-06 03:30:00+00:00,0.04599998875910371
2026-04-06 03:45:00+00:00,0.009303400197488324
2026-04-06 04:00:00+00:00,0.0024237828303661987
2026-04-06 04:15:00+00:00,0.00034831884885238077
2026-04-06 04:30:00+00:00,0.004558939691332564
2026-04-06 04:45:00+00:00,0.0
2026-04-06 05:00:00+00:00,0.0
2026-04-06 05:15:00+00:00,0.0
2026-04-06 05:30:00+00:00,0.0
2026-04-06 05:45:00+00:00,0.0
2026-04-06 06:00:00+00:00,0.0
2026-04-06 06:15:00+00:00,0.004148730625900403
2026-04-06 06:30:00+00:00,0.005576319527905096
2026-04-06 06:45:00+00:00,0.0
2026-04-06 07:00:00+00:00,0.003854151904494744
2026-04-06 07:15:00+00:00,0.0
2026-04-06 07:30:00+00:00,0.0
2026-04-06 07:45:00+00:00,0.0
2026-04-06 08:00:00+00:00,0.0
2026-04-06 08:15:00+00:00,0.0
2026-04-06 08:30:00+00:00,0.0
2026-04-06 08:45:00+00:00,0.0
2026-04-06 09:00:00+00:00,0.0
2026-04-06 09:15:00+00:00,0.0
2026-04-06 09:30:00+00:00,0.0
2026-04-06 09:45:00+00:00,0.0
2026-04-06 10:00:00+00:00,0.0
2026-04-06 10:15:00+00:00,0.0
2026-04-06 10:30:00+00:00,0.0
2026-04-06 10:45:00+00:00,0.0
2026-04-06 11:00:00+00:00,0.0
2026-04-06 11:15:00+00:00,0.0
2026-04-06 11:30:00+00:00,0.0
2026-04-06 11:45:00+00:00,0.0
2026-04-06 12:00:00+00:00,0.0
2026-04-06 12:15:00+00:00,0.0
2026-04-06 12:30:00+00:00,0.0
2026-04-06 12:45:00+00:00,0.0
2026-04-06 13:00:00+00:00,0.0
2026-04-06 13:15:00+00:00,0.0
2026-04-06 13:30:00+00:00,0.0
2026-04-06 13:45:00+00:00,0.0
2026-04-06 14:00:00+00:00,0.0
2026-04-06 14:15:00+00:00,0.0
2026-04-06 14:30:00+00:00,0.0
2026-04-06 14:45:00+00:00,0.0
2026-04-06 15:00:00+00:00,0.0
2026-04-06 15:15:00+00:00,0.0
2026-04-06 15:30:00+00:00,0.0
2026-04-06 15:45:00+00:00,0.004676980160104727
2026-04-06 16:00:00+00:00,0.0
2026-04-06 16:15:00+00:00,0.02609292980482871
2026-04-06 16:30:00+00:00,0.06391434832746042
2026-04-06 16:45:00+00:00,0.09311704671500484
2026-04-06 17:00:00+00:00,0.09963068493930043
2026-04-06 17:15:00+00:00,0.11348527018313001
2026-04-06 17:30:00+00:00,0.10136566979468853
2026-04-06 17:45:00+00:00,0.10053251044995909
2026-04-06 18:00:00+00:00,0.13294396730684288
2026-04-06 18:15:00+00:00,0.13143110390606783
2026-04-06 18:30:00+00:00,0.09239543241293871
2026-04-06 18:45:00+00:00,0.107307769707435
2026-04-06 19:00:00+00:00,0.12772192054783899
2026-04-06 19:15:00+00:00,0.10624937442222132
2026-04-06 19:30:00+00:00,0.10368387765973348
2026-04-06 19:45:00+00:00,0.10338240672370631
2026-04-06 20:00:00+00:00,0.1102910302623184
2026-04-06 20:15:00+00:00,0.10030224255771955
2026-04-06 20:30:00+00:00,0.12228547310734748
2026-04-06 20:45:00+00:00,0.08635063093752324
2026-04-06 21:00:00+00:00,0.11906271452108756
2026-04-06 21:15:00+00:00,0.1194957949275765
2026-04-06 21:30:00+00:00,0.09229773701098842
2026-04-06 21:45:00+00:00,0.09194731597404929
2026-04-06 22:00:00+00:00,0.1196717918839159
2026-04-06 22:15:00+00:00,0.1125589172022704
2026-04-06 22:30:00+00:00,0.10101714293121113
2026-04-06 22:45:00+00:00,0.1156624900336117
2026-04-06 23:00:00+00:00,0.11634535723454302
2026-04-06 23:15:00+00:00,0.15443052693015707
2026-04-06 23:30:00+00:00,0.09162839772126337
2026-04-06 23:45:00+00:00,0.09439551296528205
2026-04-07 00:00:00+00:00,0.1053038674395539
2026-04-07 00:15:00+00:00,0.10007405170852511
2026-04-07 00:30:00+00:00,0.11063957178234853
2026-04-07 00:45:00+00:00,0.08564225919890664
2026-04-07 01:00:00+00:00,0.0870173647093376
2026-04-07 01:15:00+00:00,0.10343871111482432
2026-04-07 01:30:00+00:00,0.09732455586193095
2026-04-07 01:45:00+00:00,0.0970195138530226
2026-04-07 02:00:00+00:00,0.08259943280825602
2026-04-07 02:15:00+00:00,0.10350545844798181
2026-04-07 02:30:00+00:00,0.10297244891999234
2026-04-07 02:45:00+00:00,0.1199847898195174
2026-04-07 03:00:00+00:00,0.11007906133120972
2026-04-07 03:15:00+00:00,0.10788395921759504
2026-04-07 03:30:00+00:00,0.13577000636790337
2026-04-07 03:45:00+00:00,0.1153453269655145
2026-04-07 04:00:00+00:00,0.12395389218847576
2026-04-07 04:15:00+00:00,0.12141852835204651
2026-04-07 04:30:00+00:00,0.14155638119999192
2026-04-07 04:45:00+00:00,0.15686342867376687
2026-04-07 05:00:00+00:00,0.21815942535451918
2026-04-07 05:15:00+00:00,0.20418589766404605
2026-04-07 05:30:00+00:00,0.16909496755407022
2026-04-07 05:45:00+00:00,0.1675726701227055
2026-04-07 06:00:00+00:00,0.1959830650406711
2026-04-07 06:15:00+00:00,0.1302353469669089
2026-04-07 06:30:00+00:00,0.10542455014854216
2026-04-07 06:45:00+00:00,0.06307908864668386
2026-04-07 07:00:00+00:00,0.14202794365205076
2026-04-07 07:15:00+00:00,0.07165419550375905
2026-04-07 07:30:00+00:00,0.06293480167543439
2026-04-07 07:45:00+00:00,0.05584200509966096
2026-04-07 08:00:00+00:00,0.06494861252037966
2026-04-07 08:15:00+00:00,0.01444121335595588
2026-04-07 08:30:00+00:00,0.004860715625376687
2026-04-07 08:45:00+00:00,0.0
2026-04-07 09:00:00+00:00,0.0
2026-04-07 09:15:00+00:00,0.0
2026-04-07 09:30:00+00:00,0.027593736056259432
2026-04-07 09:45:00+00:00,0.0
2026-04-07 10:00:00+00:00,0.0
2026-04-07 10:15:00+00:00,0.01294709759005534
2026-04-07 10:30:00+00:00,0.0013707090511057068
2026-04-07 10:45:00+00:00,0.0
2026-04-07 11:00:00+00:00,0.0
2026-04-07 11:15:00+00:00,0.04679472796158231
2026-04-07 11:30:00+00:00,0.0
2026-04-07 11:45:00+00:00,0.0
2026-04-07 12:00:00+00:00,0.0028023996460466855
2026-04-07 12:15:00+00:00,0.0
2026-04-07 12:30:00+00:00,0.004865717364824263
2026-04-07 12:45:00+00:00,0.007674349579657151
2026-04-07 13:00:00+00:00,0.0
2026-04-07 13:15:00+00:00,0.006031898643631479
2026-04-07 13:30:00+00:00,0.0
2026-04-07 13:45:00+00:00,0.0
2026-04-07 14:00:00+00:00,0.0
2026-04-07 14:15:00+00:00,0.003966375017762791
2026-04-07 14:30:00+00:00,0.0
2026-04-07 14:45:00+00:00,0.013549516590748985
2026-04-07 15:00:00+00:00,0.02302566044928613
2026-04-07 15:15:00+00:00,0.07091493980290091
2026-04-07 15:30:00+00:00,0.09421701688715048
2026-04-07 15:45:00+00:00,0.14254030323667327
2026-04-07 16:00:00+00:00,0.09322675566954244
2026-04-07 16:15:00+00:00,0.09957395198537956
2026-04-07 16:30:00+00:00,0.1449635291377145
2026-04-07 16:45:00+00:00,0.199178287077161
2026-04-07 17:00:00+00:00,0.14891121129580862
2026-04-07 17:15:00+00:00,0.18887700581069577
2026-04-07 17:30:00+00:00,0.21186606415673498
2026-04-07 17:45:00+00:00,0.232214997888209
2026-04-07 18:00:00+00:00,0.2627204062883265
2026-04-07 18:15:00+00:00,0.21758090383398832
2026-04-07 18:30:00+00:00,0.19064059695539898
2026-04-07 18:45:00+00:00,0.1325714364753246
2026-04-07 19:00:00+00:00,0.16495197868012226
2026-04-07 19:15:00+00:00,0.13820984557108448
2026-04-07 19:30:00+00:00,0.13850998225801595
2026-04-07 19:45:00+00:00,0.11030963727146283
2026-04-07 20:00:00+00:00,0.13971247378690982
2026-04-07 20:15:00+00:00,0.13747839945469167
2026-04-07 20:30:00+00:00,0.13589347213453784
2026-04-07 20:45:00+00:00,0.10329584574361927
2026-04-07 21:00:00+00:00,0.13783167665158605
2026-04-07 21:15:00+00:00,0.1270936741425368
2026-04-07 21:30:00+00:00,0.12284161372346304
2026-04-07 21:45:00+00:00,0.11638842248655824
2026-04-07 22:00:00+00:00,0.11777189314205133
2026-04-07 22:15:00+00:00,0.11854389398126397
2026-04-07 22:30:00+00:00,0.12301513487603455
2026-04-07 22:45:00+00:00,0.0915795953663515
2026-04-07 23:00:00+00:00,0.1147112539579477
2026-04-07 23:15:00+00:00,0.10213782901992546
2026-04-07 23:30:00+00:00,0.100293269479714
2026-04-07 23:45:00+00:00,0.08495469309617962
2026-04-08 00:00:00+00:00,0.09913210590484606
2026-04-08 00:15:00+00:00,0.09011735042031585
2026-04-08 00:30:00+00:00,0.09573145570494054
2026-04-08 00:45:00+00:00,0.0898581361622185
2026-04-08 01:00:00+00:00,0.09783091612686994
2026-04-08 01:15:00+00:00,0.09831889642976596
2026-04-08 01:30:00+00:00,0.10490754918438801
2026-04-08 01:45:00+00:00,0.08920250137708668
2026-04-08 02:00:00+00:00,0.08786481852254677
2026-04-08 02:15:00+00:00,0.10829914270730526
2026-04-08 02:30:00+00:00,0.10140561882929902
2026-04-08 02:45:00+00:00,0.1244152979022993
2026-04-08 03:00:00+00:00,0.10609269722015047
2026-04-08 03:15:00+00:00,0.11836762150206406
2026-04-08 03:30:00+00:00,0.13199692320420894
2026-04-08 03:45:00+00:00,0.13058289188193425
2026-04-08 04:00:00+00:00,0.11764513294583724
2026-04-08 04:15:00+00:00,0.14995702585598814
2026-04-08 04:30:00+00:00,0.16977513563929686
2026-04-08 04:45:00+00:00,0.16799669690178698
2026-04-08 05:00:00+00:00,0.20070457966955943
2026-04-08 05:15:00+00:00,0.18268755690160068
2026-04-08 05:30:00+00:00,0.1683277363755578
2026-04-08 05:45:00+00:00,0.13580222650834256
2026-04-08 06:00:00+00:00,0.17659406105101527
2026-04-08 06:15:00+00:00,0.1425458538948639
2026-04-08 06:30:00+00:00,0.1417576017739849
2026-04-08 06:45:00+00:00,0.10297968315376177
2026-04-08 07:00:00+00:00,0.1346806342639893
2026-04-08 07:15:00+00:00,0.10437232718834331
2026-04-08 07:30:00+00:00,0.0908086702840635
2026-04-08 07:45:00+00:00,0.06943766628489186
2026-04-08 08:00:00+00:00,0.10845238830889753
2026-04-08 08:15:00+00:00,0.07267135138178021
2026-04-08 08:30:00+00:00,0.029377815941101146
2026-04-08 08:45:00+00:00,0.004799397411482787
2026-04-08 09:00:00+00:00,0.0
2026-04-08 09:15:00+00:00,0.0016723054118369437
2026-04-08 09:30:00+00:00,0.0
2026-04-08 09:45:00+00:00,0.0
2026-04-08 10:00:00+00:00,0.0013034305456268158
2026-04-08 10:15:00+00:00,0.0
2026-04-08 10:30:00+00:00,0.0
2026-04-08 10:45:00+00:00,0.0
2026-04-08 11:00:00+00:00,0.0
2026-04-08 11:15:00+00:00,0.0
2026-04-08 11:30:00+00:00,0.016148273007734394
2026-04-08 11:45:00+00:00,0.0
2026-04-08 12:00:00+00:00,0.0
2026-04-08 12:15:00+00:00,0.0
2026-04-08 12:30:00+00:00,0.0
2026-04-08 12:45:00+00:00,0.0
2026-04-08 13:00:00+00:00,0.0
2026-04-08 13:15:00+00:00,0.0
2026-04-08 13:30:00+00:00,0.0
2026-04-08 13:45:00+00:00,0.0
2026-04-08 14:00:00+00:00,0.0
2026-04-08 14:15:00+00:00,0.003300389028172135
2026-04-08 14:30:00+00:00,0.0
2026-04-08 14:45:00+00:00,0.047692766050253924
2026-04-08 15:00:00+00:00,0.009431347223163584
2026-04-08 15:15:00+00:00,0.09785804684976701
2026-04-08 15:30:00+00:00,0.10924229488556941
2026-04-08 15:45:00+00:00,0.14011145783702533
2026-04-08 16:00:00+00:00,0.10987761883525819
2026-04-08 16:15:00+00:00,0.16540566067039503
2026-04-08 16:30:00+00:00,0.12532935088551805
2026-04-08 16:45:00+00:00,0.15303684874002765
2026-04-08 17:00:00+00:00,0.13871831561170606
2026-04-08 17:15:00+00:00,0.17068606247013804
2026-04-08 17:30:00+00:00,0.17371282336479388
2026-04-08 17:45:00+00:00,0.20285490631594622
2026-04-08 18:00:00+00:00,0.2112815103589315
2026-04-08 18:15:00+00:00,0.1716435954966571
2026-04-08 18:30:00+00:00,0.1414734109752685
2026-04-08 18:45:00+00:00,0.15011280735720484
2026-04-08 19:00:00+00:00,0.2027499436887888
2026-04-08 19:15:00+00:00,0.14136738585845754
2026-04-08 19:30:00+00:00,0.1364997453974927
2026-04-08 19:45:00+00:00,0.12401823040543344
2026-04-08 20:00:00+00:00,0.13366908079002984
2026-04-08 20:15:00+00:00,0.11783874721555397
2026-04-08 20:30:00+00:00,0.11583006280574047
2026-04-08 20:45:00+00:00,0.12091902957152084
2026-04-08 21:00:00+00:00,0.12452236583891232
2026-04-08 21:15:00+00:00,0.10701648875177126
2026-04-08 21:30:00+00:00,0.09187811930321546
2026-04-08 21:45:00+00:00,0.09975683903991756
2026-04-08 22:00:00+00:00,0.1157952579882586
2026-04-08 22:15:00+00:00,0.1235941684641978
2026-04-08 22:30:00+00:00,0.09111042037659338
2026-04-08 22:45:00+00:00,0.09713428747169427
2026-04-08 23:00:00+00:00,0.09797596438474623
2026-04-08 23:15:00+00:00,0.11497805339431501
2026-04-08 23:30:00+00:00,0.10045058499541368
2026-04-08 23:45:00+00:00,0.09124673440627735
2026-04-09 00:00:00+00:00,0.10639695282921818
2026-04-09 00:15:00+00:00,0.09676361479959053
2026-04-09 00:30:00+00:00,0.08895612726642045
2026-04-09 00:45:00+00:00,0.09263226692723849
2026-04-09 01:00:00+00:00,0.11808041954422618
2026-04-09 01:15:00+00:00,0.10534209221649463
2026-04-09 01:30:00+00:00,0.10302760055452542
2026-04-09 01:45:00+00:00,0.15076106264187955
2026-04-09 02:00:00+00:00,0.10272148842118799
2026-04-09 02:15:00+00:00,0.10520235946002494
2026-04-09 02:30:00+00:00,0.10828168828207325
2026-04-09 02:45:00+00:00,0.11398845090277752
2026-04-09 03:00:00+00:00,0.1137779833830555
2026-04-09 03:15:00+00:00,0.11055104346000731
2026-04-09 03:30:00+00:00,0.10983061164447361
2026-04-09 03:45:00+00:00,0.12234577109099132
2026-04-09 04:00:00+00:00,0.09875981306510288
2026-04-09 04:15:00+00:00,0.15189817116042392
2026-04-09 04:30:00+00:00,0.15142754591952687
2026-04-09 04:45:00+00:00,0.13989929504870763
2026-04-09 05:00:00+00:00,0.20343155150602898
2026-04-09 05:15:00+00:00,0.14846123525793567
2026-04-09 05:30:00+00:00,0.16181547211374117
2026-04-09 05:45:00+00:00,0.1147312283572907
2026-04-09 06:00:00+00:00,0.1598947605881878
2026-04-09 06:15:00+00:00,0.13471472157435152
2026-04-09 06:30:00+00:00,0.12795838630709114
2026-04-09 06:45:00+00:00,0.09707990772275304
2026-04-09 07:00:00+00:00,0.11411791123344567
2026-04-09 07:15:00+00:00,0.10606882165357559
2026-04-09 07:30:00+00:00,0.07983837782056676
2026-04-09 07:45:00+00:00,0.0696557954655656
2026-04-09 08:00:00+00:00,0.10278177036520326
2026-04-09 08:15:00+00:00,0.05745574755767722
2026-04-09 08:30:00+00:00,0.03908777264600096
2026-04-09 08:45:00+00:00,0.0040830704621650305
2026-04-09 09:00:00+00:00,0.0010136890458678867
2026-04-09 09:15:00+00:00,0.007411256641052443
2026-04-09 09:30:00+00:00,0.0
2026-04-09 09:45:00+00:00,0.0041480272572044525
2026-04-09 10:00:00+00:00,0.0
2026-04-09 10:15:00+00:00,0.0021992434541793756
2026-04-09 10:30:00+00:00,0.00668797630877715
2026-04-09 10:45:00+00:00,0.0
2026-04-09 11:00:00+00:00,0.0048135811980651476
2026-04-09 11:15:00+00:00,0.0
2026-04-09 11:30:00+00:00,0.0004946024048225264
2026-04-09 11:45:00+00:00,0.0
2026-04-09 12:00:00+00:00,0.0
2026-04-09 12:15:00+00:00,0.0
2026-04-09 12:30:00+00:00,0.0
2026-04-09 12:45:00+00:00,0.0
2026-04-09 13:00:00+00:00,0.002378074692249037
2026-04-09 13:15:00+00:00,0.0
2026-04-09 13:30:00+00:00,0.013406336088178778
2026-04-09 13:45:00+00:00,0.0
2026-04-09 14:00:00+00:00,0.0
2026-04-09 14:15:00+00:00,0.0027373092923509935
2026-04-09 14:30:00+00:00,0.03753355969085948
2026-04-09 14:45:00+00:00,0.08700172527741379
2026-04-09 15:00:00+00:00,0.008817085117748927
2026-04-09 15:15:00+00:00,0.1227730587161029
2026-04-09 15:30:00+00:00,0.07944166512200734
2026-04-09 15:45:00+00:00,0.12446621973910248
2026-04-09 16:00:00+00:00,0.09337683584500031
2026-04-09 16:15:00+00:00,0.12755795742171253
2026-04-09 16:30:00+00:00,0.12744634760893453
2026-04-09 16:45:00+00:00,0.1433102512944238
2026-04-09 17:00:00+00:00,0.1350983708153906
2026-04-09 17:15:00+00:00,0.12814751802994834
2026-04-09 17:30:00+00:00,0.1294503925320796
2026-04-09 17:45:00+00:00,0.1461200229829181
2026-04-09 18:00:00+00:00,0.13919897982854637
2026-04-09 18:15:00+00:00,0.14244207072669643
2026-04-09 18:30:00+00:00,0.11802937897963177
2026-04-09 18:45:00+00:00,0.11799177411511416
2026-04-09 19:00:00+00:00,0.12709785565867598
2026-04-09 19:15:00+00:00,0.12283850786400993
2026-04-09 19:30:00+00:00,0.10757348857334689
2026-04-09 19:45:00+00:00,0.08581955881989076
2026-04-09 20:00:00+00:00,0.10519340486603408
2026-04-09 20:15:00+00:00,0.1087645601847052
2026-04-09 20:30:00+00:00,0.08896836736516792
2026-04-09 20:45:00+00:00,0.07623564671040942
2026-04-09 21:00:00+00:00,0.10273826893326828
2026-04-09 21:15:00+00:00,0.09278167988892101
2026-04-09 21:30:00+00:00,0.08034891608602239
2026-04-09 21:45:00+00:00,0.08535142382543781
2026-04-09 22:00:00+00:00,0.13289234481275153
2026-04-09 22:15:00+00:00,0.0951270321998898
2026-04-09 22:30:00+00:00,0.08200574084925823
2026-04-09 22:45:00+00:00,0.06955249249923609
2026-04-09 23:00:00+00:00,0.0994804019177085
2026-04-09 23:15:00+00:00,0.08976710846624085
2026-04-09 23:30:00+00:00,0.07720978968990436
2026-04-09 23:45:00+00:00,0.08527171259533949
2026-04-10 00:00:00+00:00,0.07707296566002093
2026-04-10 00:15:00+00:00,0.08687149035059541
2026-04-10 00:30:00+00:00,0.10453921434716042
2026-04-10 00:45:00+00:00,0.06698198666305406
2026-04-10 01:00:00+00:00,0.08828259744286963
2026-04-10 01:15:00+00:00,0.07621344461781081
2026-04-10 01:30:00+00:00,0.08101542294888742
2026-04-10 01:45:00+00:00,0.06460214337884565
2026-04-10 02:00:00+00:00,0.09674866995702104
2026-04-10 02:15:00+00:00,0.09248529643717676
2026-04-10 02:30:00+00:00,0.0788331478162467
2026-04-10 02:45:00+00:00,0.08075304143136673
2026-04-10 03:00:00+00:00,0.09221604361419694
2026-04-10 03:15:00+00:00,0.10790470450168928
2026-04-10 03:30:00+00:00,0.09614760255811354
2026-04-10 03:45:00+00:00,0.12017802667396603
2026-04-10 04:00:00+00:00,0.08065648670938082
2026-04-10 04:15:00+00:00,0.1098161316950121
2026-04-10 04:30:00+00:00,0.10473058881946651
2026-04-10 04:45:00+00:00,0.1285376064964948
2026-04-10 05:00:00+00:00,0.1291660354980437
2026-04-10 05:15:00+00:00,0.17768048876528014
2026-04-10 05:30:00+00:00,0.13430258628123298
2026-04-10 05:45:00+00:00,0.13525328605214665
2026-04-10 06:00:00+00:00,0.11703337590713157
2026-04-10 06:15:00+00:00,0.12123027972098885
2026-04-10 06:30:00+00:00,0.13121143594123058
2026-04-10 06:45:00+00:00,0.10546261316141418
2026-04-10 07:00:00+00:00,0.12319793923641845
2026-04-10 07:15:00+00:00,0.12971537427650395
2026-04-10 07:30:00+00:00,0.10421499930276021
2026-04-10 07:45:00+00:00,0.10622420192208895
2026-04-10 08:00:00+00:00,0.12196644025804808
2026-04-10 08:15:00+00:00,0.10504180086089882
2026-04-10 08:30:00+00:00,0.11883155656013175
2026-04-10 08:45:00+00:00,0.09321123024802631
2026-04-10 09:00:00+00:00,0.1242961949344592
2026-04-10 09:15:00+00:00,0.10131253702504227
2026-04-10 09:30:00+00:00,0.10689270136705353
2026-04-10 09:45:00+00:00,0.10646023952982817
2026-04-10 10:00:00+00:00,0.08920459997255926
2026-04-10 10:15:00+00:00,0.06794513451344111
2026-04-10 10:30:00+00:00,0.09962755754663834
2026-04-10 10:45:00+00:00,0.0891028834712487
2026-04-10 11:00:00+00:00,0.10166826027575128
2026-04-10 11:15:00+00:00,0.08567472527617162
2026-04-10 11:30:00+00:00,0.08058572301199284
2026-04-10 11:45:00+00:00,0.106894730109817
2026-04-10 12:00:00+00:00,0.07318645938489222
2026-04-10 12:15:00+00:00,0.09301950478364239
2026-04-10 12:30:00+00:00,0.0823139814181661
2026-04-10 12:45:00+00:00,0.08459221382259578
2026-04-10 13:00:00+00:00,0.08334897167426034
2026-04-10 13:15:00+00:00,0.08600565725828743
2026-04-10 13:30:00+00:00,0.10284224210236238
2026-04-10 13:45:00+00:00,0.11228643595949957
2026-04-10 14:00:00+00:00,0.09930013661246662
2026-04-10 14:15:00+00:00,0.10506381996212096
2026-04-10 14:30:00+00:00,0.10298559500900754
2026-04-10 14:45:00+00:00,0.1288082526582445
2026-04-10 15:00:00+00:00,0.131763496317293
2026-04-10 15:15:00+00:00,0.11919305376204907
2026-04-10 15:30:00+00:00,0.12737016420648134
2026-04-10 15:45:00+00:00,0.15046910869019003
2026-04-10 16:00:00+00:00,0.12320585765505579
2026-04-10 16:15:00+00:00,0.10698700446327616
2026-04-10 16:30:00+00:00,0.15806035385855713
2026-04-10 16:45:00+00:00,0.19615447823645385
2026-04-10 17:00:00+00:00,0.14942736881208202
2026-04-10 17:15:00+00:00,0.2007018994973255
2026-04-10 17:30:00+00:00,0.22694982214958065
2026-04-10 17:45:00+00:00,0.31121330946116244
2026-04-10 18:00:00+00:00,0.28666442391188585
2026-04-10 18:15:00+00:00,0.24490784201975488
2026-04-10 18:30:00+00:00,0.22420401765402237
2026-04-10 18:45:00+00:00,0.21262306189562338
2026-04-10 19:00:00+00:00,0.22715487364010367
2026-04-10 19:15:00+00:00,0.16128658282268035
2026-04-10 19:30:00+00:00,0.17107689736837178
2026-04-10 19:45:00+00:00,0.1520299953996169
2026-04-10 20:00:00+00:00,0.1479383951630768
2026-04-10 20:15:00+00:00,0.1604950133790722
2026-04-10 20:30:00+00:00,0.1528260587984218
2026-04-10 20:45:00+00:00,0.12900214426743975
2026-04-10 21:00:00+00:00,0.15040346362298007
2026-04-10 21:15:00+00:00,0.14366455574324846
2026-04-10 21:30:00+00:00,0.13332117925717205
2026-04-10 21:45:00+00:00,0.12085554609675067
2026-04-10 22:00:00+00:00,0.13742172107417044
2026-04-10 22:15:00+00:00,0.13588436490633807
2026-04-10 22:30:00+00:00,0.1350575891970418
2026-04-10 22:45:00+00:00,0.12004823138959358
2026-04-10 23:00:00+00:00,0.1059649899473797
2026-04-10 23:15:00+00:00,0.13659713894576572
2026-04-10 23:30:00+00:00,0.11768223221844894
2026-04-10 23:45:00+00:00,0.11110375503323167
2026-04-11 00:00:00+00:00,0.12519158388423288
2026-04-11 00:15:00+00:00,0.12929638596482756
2026-04-11 00:30:00+00:00,0.08612088430512109
2026-04-11 00:45:00+00:00,0.11706263649922072
2026-04-11 01:00:00+00:00,0.10072350789189652
2026-04-11 01:15:00+00:00,0.11824110506798942
2026-04-11 01:30:00+00:00,0.1135992720237458
2026-04-11 01:45:00+00:00,0.1151972652644055
2026-04-11 02:00:00+00:00,0.10801752385505345
2026-04-11 02:15:00+00:00,0.1433275988818085
2026-04-11 02:30:00+00:00,0.10657631808743331
2026-04-11 02:45:00+00:00,0.11126847635139783
2026-04-11 03:00:00+00:00,0.12191392328675223
2026-04-11 03:15:00+00:00,0.09604168699527474
2026-04-11 03:30:00+00:00,0.11780060426873018
2026-04-11 03:45:00+00:00,0.09991127710353478
2026-04-11 04:00:00+00:00,0.11104449881594526
2026-04-11 04:15:00+00:00,0.10356106047134368
2026-04-11 04:30:00+00:00,0.11028170627712101
2026-04-11 04:45:00+00:00,0.11079877634570275
2026-04-11 05:00:00+00:00,0.09802985922711463
2026-04-11 05:15:00+00:00,0.09890094103253169
2026-04-11 05:30:00+00:00,0.14233962587342086
2026-04-11 05:45:00+00:00,0.14047583661030355
2026-04-11 06:00:00+00:00,0.09498810287833172
2026-04-11 06:15:00+00:00,0.10781133885996919
2026-04-11 06:30:00+00:00,0.0838142330367517
2026-04-11 06:45:00+00:00,0.02266688849298409
2026-04-11 07:00:00+00:00,0.052828474738000994
2026-04-11 07:15:00+00:00,0.015539348013353084
2026-04-11 07:30:00+00:00,0.007317974696673309
2026-04-11 07:45:00+00:00,0.0
2026-04-11 08:00:00+00:00,0.0069676098267940235
2026-04-11 08:15:00+00:00,0.014968802738508563
2026-04-11 08:30:00+00:00,0.0
2026-04-11 08:45:00+00:00,0.0
2026-04-11 09:00:00+00:00,0.0
2026-04-11 09:15:00+00:00,0.0015706208813104352
2026-04-11 09:30:00+00:00,0.0
2026-04-11 09:45:00+00:00,0.0
2026-04-11 10:00:00+00:00,0.0
2026-04-11 10:15:00+00:00,0.0
2026-04-11 10:30:00+00:00,0.0
2026-04-11 10:45:00+00:00,0.0
2026-04-11 11:00:00+00:00,0.0
2026-04-11 11:15:00+00:00,0.0
2026-04-11 11:30:00+00:00,0.0
2026-04-11 11:45:00+00:00,0.0
2026-04-11 12:00:00+00:00,0.0
2026-04-11 12:15:00+00:00,0.0
2026-04-11 12:30:00+00:00,0.0
2026-04-11 12:45:00+00:00,0.0
2026-04-11 13:00:00+00:00,0.0
2026-04-11 13:15:00+00:00,0.0
2026-04-11 13:30:00+00:00,0.0
2026-04-11 13:45:00+00:00,0.0
2026-04-11 14:00:00+00:00,0.0
2026-04-11 14:15:00+00:00,0.0
2026-04-11 14:30:00+00:00,0.0
2026-04-11 14:45:00+00:00,0.0
2026-04-11 15:00:00+00:00,0.0
2026-04-11 15:15:00+00:00,0.0097427225873437
2026-04-11 15:30:00+00:00,0.0
2026-04-11 15:45:00+00:00,0.0009641615727756648
2026-04-11 16:00:00+00:00,0.0
2026-04-11 16:15:00+00:00,0.03978775789148642
2026-04-11 16:30:00+00:00,0.062281071001250916
2026-04-11 16:45:00+00:00,0.07878424613677507
2026-04-11 17:00:00+00:00,0.057837481124948714
2026-04-11 17:15:00+00:00,0.05930818801188427
2026-04-11 17:30:00+00:00,0.08324591302506561
2026-04-11 17:45:00+00:00,0.08969641861876508
2026-04-11 18:00:00+00:00,0.07592646377610104
2026-04-11 18:15:00+00:00,0.08598441283561699
2026-04-11 18:30:00+00:00,0.0777891105873638
2026-04-11 18:45:00+00:00,0.0678493709544917
2026-04-11 19:00:00+00:00,0.06401451303454221
2026-04-11 19:15:00+00:00,0.05309481980575003
2026-04-11 19:30:00+00:00,0.07287728515924599
2026-04-11 19:45:00+00:00,0.05524393638562397
2026-04-11 20:00:00+00:00,0.062171933242624
2026-04-11 20:15:00+00:00,0.08095926309886955
2026-04-11 20:30:00+00:00,0.05168016553328274
2026-04-11 20:45:00+00:00,0.04775402189331834
2026-04-11 21:00:00+00:00,0.06982865756491918
2026-04-11 21:15:00+00:00,0.07298284429004852
2026-04-11 21:30:00+00:00,0.07397734647968923
2026-04-11 21:45:00+00:00,0.06229201506603748
2026-04-11 22:00:00+00:00,0.0953136966864169
2026-04-11 22:15:00+00:00,0.06874107441234166
2026-04-11 22:30:00+00:00,0.07284213847897278
2026-04-11 22:45:00+00:00,0.06594013331186123
2026-04-11 23:00:00+00:00,0.07833906816521072
2026-04-11 23:15:00+00:00,0.12941961232046775
2026-04-11 23:30:00+00:00,0.0882457805453346
2026-04-11 23:45:00+00:00,0.06481715735559782
2026-04-12 00:00:00+00:00,0.07501004661644299
2026-04-12 00:15:00+00:00,0.08457703610809145
2026-04-12 00:30:00+00:00,0.08655057534594536
2026-04-12 00:45:00+00:00,0.0834954865780454
2026-04-12 01:00:00+00:00,0.13782423969532104
2026-04-12 01:15:00+00:00,0.077500361070742
2026-04-12 01:30:00+00:00,0.10050905432318358
2026-04-12 01:45:00+00:00,0.0980462810297943
2026-04-12 02:00:00+00:00,0.07784072212934827
2026-04-12 02:15:00+00:00,0.13230896951883245
2026-04-12 02:30:00+00:00,0.08571078249893094
2026-04-12 02:45:00+00:00,0.10665969970896529
2026-04-12 03:00:00+00:00,0.08277272233582532
2026-04-12 03:15:00+00:00,0.09602975665791919
2026-04-12 03:30:00+00:00,0.10385704396416774
2026-04-12 03:45:00+00:00,0.09726834065453566
2026-04-12 04:00:00+00:00,0.10418887515712705
2026-04-12 04:15:00+00:00,0.09047197288651242
2026-04-12 04:30:00+00:00,0.10300854373397245
2026-04-12 04:45:00+00:00,0.08887788107524003
2026-04-12 05:00:00+00:00,0.1019438032560206
2026-04-12 05:15:00+00:00,0.09832731727905986
2026-04-12 05:30:00+00:00,0.09022078221530849
2026-04-12 05:45:00+00:00,0.08717980019015593
2026-04-12 06:00:00+00:00,0.08048373178023244
2026-04-12 06:15:00+00:00,0.07828450588800809
2026-04-12 06:30:00+00:00,0.07716183590837036
2026-04-12 06:45:00+00:00,0.04424914766832915
2026-04-12 07:00:00+00:00,0.05898467033686621
2026-04-12 07:15:00+00:00,0.060856798790328466
2026-04-12 07:30:00+00:00,0.03491563396154658
2026-04-12 07:45:00+00:00,0.0565758165159424
2026-04-12 08:00:00+00:00,0.06241613262599843
2026-04-12 08:15:00+00:00,0.012478494240399145
2026-04-12 08:30:00+00:00,0.03862619633050139
2026-04-12 08:45:00+00:00,0.019794184112878654
2026-04-12 09:00:00+00:00,0.030435145591570546
2026-04-12 09:15:00+00:00,0.018703489478717535
2026-04-12 09:30:00+00:00,0.030020448272267616
2026-04-12 09:45:00+00:00,0.02301094018848667
2026-04-12 10:00:00+00:00,0.013438467434023963
2026-04-12 10:15:00+00:00,0.0045979800003471145
2026-04-12 10:30:00+00:00,0.00039697564790777337
2026-04-12 10:45:00+00:00,0.008949417764327564
2026-04-12 11:00:00+00:00,0.011284714117797358
2026-04-12 11:15:00+00:00,0.008509656787794414
2026-04-12 11:30:00+00:00,0.0
2026-04-12 11:45:00+00:00,0.0
2026-04-12 12:00:00+00:00,0.0
2026-04-12 12:15:00+00:00,0.014813486389619258
2026-04-12 12:30:00+00:00,0.0032537143539991863
2026-04-12 12:45:00+00:00,0.008544176306814762
2026-04-12 13:00:00+00:00,0.0
2026-04-12 13:15:00+00:00,0.01340583045459035
2026-04-12 13:30:00+00:00,0.012653154383209221
2026-04-12 13:45:00+00:00,0.04085712713775764
2026-04-12 14:00:00+00:00,0.04082557706206814
2026-04-12 14:15:00+00:00,0.057592940534251
2026-04-12 14:30:00+00:00,0.06608335972652336
2026-04-12 14:45:00+00:00,0.10169883759959371
2026-04-12 15:00:00+00:00,0.0500256680345499
2026-04-12 15:15:00+00:00,0.09010557570452783
2026-04-12 15:30:00+00:00,0.13482217327720822
2026-04-12 15:45:00+00:00,0.1482225949822958
2026-04-12 16:00:00+00:00,0.12448547903592638
2026-04-12 16:15:00+00:00,0.12796266946041365
2026-04-12 16:30:00+00:00,0.14947066605720985
2026-04-12 16:45:00+00:00,0.14806541904560938
2026-04-12 17:00:00+00:00,0.14541253828095949
2026-04-12 17:15:00+00:00,0.11962224867797483
2026-04-12 17:30:00+00:00,0.10704599748381659
2026-04-12 17:45:00+00:00,0.1598878802783808
2026-04-12 18:00:00+00:00,0.13657234346278513
2026-04-12 18:15:00+00:00,0.14671548297286943
2026-04-12 18:30:00+00:00,0.14401902958975396
2026-04-12 18:45:00+00:00,0.15638400602415536
2026-04-12 19:00:00+00:00,0.14491996552943606
2026-04-12 19:15:00+00:00,0.13695859026798674
2026-04-12 19:30:00+00:00,0.14566991154633674
2026-04-12 19:45:00+00:00,0.1370949758683904
2026-04-12 20:00:00+00:00,0.13501323007011568
2026-04-12 20:15:00+00:00,0.14541475930254558
2026-04-12 20:30:00+00:00,0.11762249872111726
2026-04-12 20:45:00+00:00,0.12265247187533562
2026-04-12 21:00:00+00:00,0.1195743020586369
2026-04-12 21:15:00+00:00,0.12140943857515996
2026-04-12 21:30:00+00:00,0.1213498964177293
2026-04-12 21:45:00+00:00,0.12699454961914663
2026-04-12 22:00:00+00:00,0.1076802610655822
2026-04-12 22:15:00+00:00,0.11337112824146188
2026-04-12 22:30:00+00:00,0.17168682426574144
2026-04-12 22:45:00+00:00,0.11335317256397308
2026-04-12 23:00:00+00:00,0.11509305051337504
2026-04-12 23:15:00+00:00,0.10103864297041461
2026-04-12 23:30:00+00:00,0.10409181651908571
2026-04-12 23:45:00+00:00,0.11774041008223256
2026-04-13 00:00:00+00:00,0.10868490806246073
2026-04-13 00:15:00+00:00,0.10781359696144473
2026-04-13 00:30:00+00:00,0.10716811671223521
2026-04-13 00:45:00+00:00,0.09584914484750234
2026-04-13 01:00:00+00:00,0.11883810426074996
2026-04-13 01:15:00+00:00,0.11193232384532496
2026-04-13 01:30:00+00:00,0.13114636837367188
2026-04-13 01:45:00+00:00,0.09571418620349456
2026-04-13 02:00:00+00:00,0.16738572921200479
2026-04-13 02:15:00+00:00,0.09645456033962999
2026-04-13 02:30:00+00:00,0.11029346567673078
2026-04-13 02:45:00+00:00,0.12239506589063164
2026-04-13 03:00:00+00:00,0.09195864883903514
2026-04-13 03:15:00+00:00,0.11232067525758392
2026-04-13 03:30:00+00:00,0.1138079026595738
2026-04-13 03:45:00+00:00,0.12278042701704878
2026-04-13 04:00:00+00:00,0.17983212652259356
2026-04-13 04:15:00+00:00,0.14657685706422593
2026-04-13 04:30:00+00:00,0.14139721284770845
2026-04-13 04:45:00+00:00,0.1424348642756002
2026-04-13 05:00:00+00:00,0.14710308753059248
2026-04-13 05:15:00+00:00,0.14527803506356415
2026-04-13 05:30:00+00:00,0.13347657362287893
2026-04-13 05:45:00+00:00,0.15597444601722893
2026-04-13 06:00:00+00:00,0.22095195368158835
2026-04-13 06:15:00+00:00,0.17616881490002578
2026-04-13 06:30:00+00:00,0.14812490370974418
2026-04-13 06:45:00+00:00,0.1445177960201076
2026-04-13 07:00:00+00:00,0.19060865802289223
2026-04-13 07:15:00+00:00,0.15946875306551148
2026-04-13 07:30:00+00:00,0.1288996567480232
2026-04-13 07:45:00+00:00,0.12489252069361431
2026-04-13 08:00:00+00:00,0.18225520766442388
2026-04-13 08:15:00+00:00,0.1264686261007006
2026-04-13 08:30:00+00:00,0.11621194802409288
2026-04-13 08:45:00+00:00,0.1099431434676233
2026-04-13 09:00:00+00:00,0.12197657576854688
2026-04-13 09:15:00+00:00,0.10927141037179895
2026-04-13 09:30:00+00:00,0.13256521452206557
2026-04-13 09:45:00+00:00,0.12429620628487319
2026-04-13 10:00:00+00:00,0.12306774112281728
2026-04-13 10:15:00+00:00,0.11270580364273382
2026-04-13 10:30:00+00:00,0.09485179130665951
2026-04-13 10:45:00+00:00,0.0880363538501276
2026-04-13 11:00:00+00:00,0.08872129708465944
2026-04-13 11:15:00+00:00,0.11079506133337838
2026-04-13 11:30:00+00:00,0.09156808211117509
2026-04-13 11:45:00+00:00,0.13277643817760715
2026-04-13 12:00:00+00:00,0.09394003799780187
2026-04-13 12:15:00+00:00,0.09692394468285372
2026-04-13 12:30:00+00:00,0.10598413273694562
2026-04-13 12:45:00+00:00,0.10842951020712042
2026-04-13 13:00:00+00:00,0.09211819436126492
2026-04-13 13:15:00+00:00,0.1106365639251371
2026-04-13 13:30:00+00:00,0.09697806466249842
2026-04-13 13:45:00+00:00,0.10943723663294957
2026-04-13 14:00:00+00:00,0.10479774070503356
2026-04-13 14:15:00+00:00,0.09696178596055659
2026-04-13 14:30:00+00:00,0.11200648576418862
2026-04-13 14:45:00+00:00,0.1452966804969313
2026-04-13 15:00:00+00:00,0.0926326682339498
2026-04-13 15:15:00+00:00,0.1185620797639593
2026-04-13 15:30:00+00:00,0.1464474217804289
2026-04-13 15:45:00+00:00,0.17754092441435976
2026-04-13 16:00:00+00:00,0.13829404504762746
2026-04-13 16:15:00+00:00,0.14658639762990014
2026-04-13 16:30:00+00:00,0.1554780158367273
2026-04-13 16:45:00+00:00,0.15779809725932953
2026-04-13 17:00:00+00:00,0.15083596738679908
2026-04-13 17:15:00+00:00,0.16253233511663598
2026-04-13 17:30:00+00:00,0.21977584540372758
2026-04-13 17:45:00+00:00,0.18018508052475873
2026-04-13 18:00:00+00:00,0.1693969967741711
2026-04-13 18:15:00+00:00,0.16225532805100798
2026-04-13 18:30:00+00:00,0.15205608917371793
2026-04-13 18:45:00+00:00,0.18172171433943007
2026-04-13 19:00:00+00:00,0.14922092721997085
2026-04-13 19:15:00+00:00,0.15820833548176644
2026-04-13 19:30:00+00:00,0.13506808339628257
2026-04-13 19:45:00+00:00,0.12738078962616925
2026-04-13 20:00:00+00:00,0.15610123276254348
2026-04-13 20:15:00+00:00,0.11838165021698921
2026-04-13 20:30:00+00:00,0.11686544444553779
2026-04-13 20:45:00+00:00,0.13907711411276275
2026-04-13 21:00:00+00:00,0.13137960936048934
2026-04-13 21:15:00+00:00,0.12193416963710206
2026-04-13 21:30:00+00:00,0.11000795674904357
2026-04-13 21:45:00+00:00,0.11770696266395012
2026-04-13 22:00:00+00:00,0.1290845986952746
2026-04-13 22:15:00+00:00,0.10526505639165103
2026-04-13 22:30:00+00:00,0.11192724414449572
2026-04-13 22:45:00+00:00,0.10771484167966934
2026-04-13 23:00:00+00:00,0.1161197714641877
2026-04-13 23:15:00+00:00,0.10205749757779356
2026-04-13 23:30:00+00:00,0.12530947454513158
2026-04-13 23:45:00+00:00,0.12421823781597605
2026-04-14 00:00:00+00:00,0.11146824441267184
2026-04-14 00:15:00+00:00,0.1128358128836163
2026-04-14 00:30:00+00:00,0.11302577849722384
2026-04-14 00:45:00+00:00,0.10768691446993497
2026-04-14 01:00:00+00:00,0.10876570581764963
2026-04-14 01:15:00+00:00,0.11015729632325391
2026-04-14 01:30:00+00:00,0.12992868370707128
2026-04-14 01:45:00+00:00,0.12314618308330437
2026-04-14 02:00:00+00:00,0.12283654707336623
2026-04-14 02:15:00+00:00,0.1182492561300439
2026-04-14 02:30:00+00:00,0.10376672991068765
2026-04-14 02:45:00+00:00,0.1153250889542262
2026-04-14 03:00:00+00:00,0.12397488459613379
2026-04-14 03:15:00+00:00,0.10360735370632712
2026-04-14 03:30:00+00:00,0.12373553206873264
2026-04-14 03:45:00+00:00,0.14798609225262765
2026-04-14 04:00:00+00:00,0.13017816645989733
2026-04-14 04:15:00+00:00,0.15075029135561988
2026-04-14 04:30:00+00:00,0.1447133875044216
2026-04-14 04:45:00+00:00,0.16585931948764993
2026-04-14 05:00:00+00:00,0.14967146785645963
2026-04-14 05:15:00+00:00,0.17577863812341227
2026-04-14 05:30:00+00:00,0.17840388134060764
2026-04-14 05:45:00+00:00,0.15845911174037663
2026-04-14 06:00:00+00:00,0.20934007419718498
2026-04-14 06:15:00+00:00,0.1740121516215261
2026-04-14 06:30:00+00:00,0.14841942483526338
2026-04-14 06:45:00+00:00,0.13306462041358297
2026-04-14 07:00:00+00:00,0.162133890289106
2026-04-14 07:15:00+00:00,0.1473693194380025
2026-04-14 07:30:00+00:00,0.12279069587046153
2026-04-14 07:45:00+00:00,0.1302795453442821
2026-04-14 08:00:00+00:00,0.14250637366565966
2026-04-14 08:15:00+00:00,0.12469107096096235
2026-04-14 08:30:00+00:00,0.11323626387704877
2026-04-14 08:45:00+00:00,0.11945420970380813
2026-04-14 09:00:00+00:00,0.12702259710772412
2026-04-14 09:15:00+00:00,0.1243273897873756
2026-04-14 09:30:00+00:00,0.1094246205272154
2026-04-14 09:45:00+00:00,0.10539960327372366
2026-04-14 10:00:00+00:00,0.12070898706319648
2026-04-14 10:15:00+00:00,0.1030765259538497
2026-04-14 10:30:00+00:00,0.10843909774079503
2026-04-14 10:45:00+00:00,0.10698754642524277
2026-04-14 11:00:00+00:00,0.11007062131726739
2026-04-14 11:15:00+00:00,0.11441270430181871
2026-04-14 11:30:00+00:00,0.09244037063132676
2026-04-14 11:45:00+00:00,0.08183840674739512
2026-04-14 12:00:00+00:00,0.09519552718771648
2026-04-14 12:15:00+00:00,0.12320528407832188
2026-04-14 12:30:00+00:00,0.12952174100087377
2026-04-14 12:45:00+00:00,0.13859177135565887
2026-04-14 13:00:00+00:00,0.10148018632239311
2026-04-14 13:15:00+00:00,0.09477884918015173
2026-04-14 13:30:00+00:00,0.09656960898348159
2026-04-14 13:45:00+00:00,0.1201196183845059
2026-04-14 14:00:00+00:00,0.1083092636985064
2026-04-14 14:15:00+00:00,0.1271662540105596
2026-04-14 14:30:00+00:00,0.13567805459542445
2026-04-14 14:45:00+00:00,0.13760405078991622
2026-04-14 15:00:00+00:00,0.10938155229058857
2026-04-14 15:15:00+00:00,0.1256922044175511
2026-04-14 15:30:00+00:00,0.14875127687071435
2026-04-14 15:45:00+00:00,0.1569305097883973
2026-04-14 16:00:00+00:00,0.13897881262245587
2026-04-14 16:15:00+00:00,0.13861402040393345
2026-04-14 16:30:00+00:00,0.17074667628792087
2026-04-14 16:45:00+00:00,0.19605910967101411
2026-04-14 17:00:00+00:00,0.1630333359380982
2026-04-14 17:15:00+00:00,0.18734679029699744
2026-04-14 17:30:00+00:00,0.24373495974561568
2026-04-14 17:45:00+00:00,0.2908849246485411
2026-04-14 18:00:00+00:00,0.2769014730163646
2026-04-14 18:15:00+00:00,0.2607412927606458
2026-04-14 18:30:00+00:00,0.22061368811810733
2026-04-14 18:45:00+00:00,0.19478794399609067
2026-04-14 19:00:00+00:00,0.18730383392637717
2026-04-14 19:15:00+00:00,0.1637160968675829
2026-04-14 19:30:00+00:00,0.14728411801822372
2026-04-14 19:45:00+00:00,0.206723898938095
2026-04-14 20:00:00+00:00,0.16909273297042096
2026-04-14 20:15:00+00:00,0.15809781469552958
2026-04-14 20:30:00+00:00,0.21070318094323803
2026-04-14 20:45:00+00:00,0.12936226763988398
2026-04-14 21:00:00+00:00,0.16675270766071132
2026-04-14 21:15:00+00:00,0.13092078881445848
2026-04-14 21:30:00+00:00,0.12140314436631508
2026-04-14 21:45:00+00:00,0.10241041117850751
2026-04-14 22:00:00+00:00,0.12168204686173183
2026-04-14 22:15:00+00:00,0.11854277663170545
2026-04-14 22:30:00+00:00,0.1252593728025465
2026-04-14 22:45:00+00:00,0.11911890941620451
2026-04-14 23:00:00+00:00,0.10797026628980863
2026-04-14 23:15:00+00:00,0.11410273761574181
2026-04-14 23:30:00+00:00,0.11117537978912315
2026-04-14 23:45:00+00:00,0.09525017753038106
2026-04-15 00:00:00+00:00,0.1038805327298663
2026-04-15 00:15:00+00:00,0.1049918636938591
2026-04-15 00:30:00+00:00,0.12500625019820946
2026-04-15 00:45:00+00:00,0.11192450715957353
2026-04-15 01:00:00+00:00,0.116621687539475
2026-04-15 01:15:00+00:00,0.09503364502850789
2026-04-15 01:30:00+00:00,0.12198214483013992
2026-04-15 01:45:00+00:00,0.12302102063024092
2026-04-15 02:00:00+00:00,0.09011655032855374
2026-04-15 02:15:00+00:00,0.10195683276084151
2026-04-15 02:30:00+00:00,0.1162276557301551
2026-04-15 02:45:00+00:00,0.11943388453538181
2026-04-15 03:00:00+00:00,0.10789505269512778
2026-04-15 03:15:00+00:00,0.11660500536946347
2026-04-15 03:30:00+00:00,0.11890618938954858
2026-04-15 03:45:00+00:00,0.1346041804694612
2026-04-15 04:00:00+00:00,0.19983178531461915
2026-04-15 04:15:00+00:00,0.13975957842858794
2026-04-15 04:30:00+00:00,0.16183820497768414
2026-04-15 04:45:00+00:00,0.14878327927653112
2026-04-15 05:00:00+00:00,0.15844372787503117
2026-04-15 05:15:00+00:00,0.17305594618343212
2026-04-15 05:30:00+00:00,0.17049936378007619
2026-04-15 05:45:00+00:00,0.15365409936762653
2026-04-15 06:00:00+00:00,0.20134202591781858
2026-04-15 06:15:00+00:00,0.14122049021927952
2026-04-15 06:30:00+00:00,0.1439998859200332
2026-04-15 06:45:00+00:00,0.11466541840563894
2026-04-15 07:00:00+00:00,0.11926307153802536
2026-04-15 07:15:00+00:00,0.12652317939125443
2026-04-15 07:30:00+00:00,0.1029519274100853
2026-04-15 07:45:00+00:00,0.12118524848392212
2026-04-15 08:00:00+00:00,0.1414484146241826
2026-04-15 08:15:00+00:00,0.10788097426355567
2026-04-15 08:30:00+00:00,0.10792006704769774
2026-04-15 08:45:00+00:00,0.0817079135012338
2026-04-15 09:00:00+00:00,0.10698437494375015
2026-04-15 09:15:00+00:00,0.09969720295302074
2026-04-15 09:30:00+00:00,0.07684498681794312
2026-04-15 09:45:00+00:00,0.05456812828485716
2026-04-15 10:00:00+00:00,0.10257378041822884
2026-04-15 10:15:00+00:00,0.05924866474278506
2026-04-15 10:30:00+00:00,0.06269423184562312
2026-04-15 10:45:00+00:00,0.0585663342756763
2026-04-15 11:00:00+00:00,0.05509365065718409
2026-04-15 11:15:00+00:00,0.042687009050377596
2026-04-15 11:30:00+00:00,0.030671784310524093
2026-04-15 11:45:00+00:00,0.047387849019952646
2026-04-15 12:00:00+00:00,0.045946551289460486
2026-04-15 12:15:00+00:00,0.05792071032809986
2026-04-15 12:30:00+00:00,0.07919556356977925
2026-04-15 12:45:00+00:00,0.10583676411014839
2026-04-15 13:00:00+00:00,0.06676529201841093
2026-04-15 13:15:00+00:00,0.07432268210843539
2026-04-15 13:30:00+00:00,0.08390778186995906
2026-04-15 13:45:00+00:00,0.09869384766907714
2026-04-15 14:00:00+00:00,0.07648706239651601
2026-04-15 14:15:00+00:00,0.09770198558746056
2026-04-15 14:30:00+00:00,0.109148123363318
2026-04-15 14:45:00+00:00,0.11320686063574488
2026-04-15 15:00:00+00:00,0.1139854193400478
2026-04-15 15:15:00+00:00,0.12273747609348536
2026-04-15 15:30:00+00:00,0.11319103317753557
2026-04-15 15:45:00+00:00,0.14700870158395402
2026-04-15 16:00:00+00:00,0.12040985154337547
2026-04-15 16:15:00+00:00,0.12404160836996043
2026-04-15 16:30:00+00:00,0.13481548172145003
2026-04-15 16:45:00+00:00,0.2139554161047253
2026-04-15 17:00:00+00:00,0.15590425072775146
2026-04-15 17:15:00+00:00,0.14780031216014589
2026-04-15 17:30:00+00:00,0.19270037815192284
2026-04-15 17:45:00+00:00,0.19525391869201172
2026-04-15 18:00:00+00:00,0.2059082135851821
2026-04-15 18:15:00+00:00,0.19061498925673054
2026-04-15 18:30:00+00:00,0.18707577081695043
2026-04-15 18:45:00+00:00,0.17005684786466851
2026-04-15 19:00:00+00:00,0.1564532367409946
2026-04-15 19:15:00+00:00,0.1490552614393695
2026-04-15 19:30:00+00:00,0.13977664704955783
2026-04-15 19:45:00+00:00,0.13443749685960962
2026-04-15 20:00:00+00:00,0.1450966877093362
2026-04-15 20:15:00+00:00,0.1314845375726338
2026-04-15 20:30:00+00:00,0.12467097811389144
2026-04-15 20:45:00+00:00,0.11254549144815952
2026-04-15 21:00:00+00:00,0.14160861582406511
2026-04-15 21:15:00+00:00,0.1265020418159953
2026-04-15 21:30:00+00:00,0.12234768197795137
2026-04-15 21:45:00+00:00,0.10116603863524487
2026-04-15 22:00:00+00:00,0.1059416453130557
2026-04-15 22:15:00+00:00,0.09792684933370772
2026-04-15 22:30:00+00:00,0.1071191758374066
2026-04-15 22:45:00+00:00,0.08971206775471766
2026-04-15 23:00:00+00:00,0.12310663068966551
2026-04-15 23:15:00+00:00,0.08781357418906559
2026-04-15 23:30:00+00:00,0.10308660119212501
2026-04-15 23:45:00+00:00,0.11539854707213787
2026-04-16 00:00:00+00:00,0.10568089759263809
2026-04-16 00:15:00+00:00,0.1022567371249178
2026-04-16 00:30:00+00:00,0.09039516353038105
2026-04-16 00:45:00+00:00,0.08429230811432296
2026-04-16 01:00:00+00:00,0.10448050108917586
2026-04-16 01:15:00+00:00,0.11331147240774947
2026-04-16 01:30:00+00:00,0.0950715000952183
2026-04-16 01:45:00+00:00,0.08757938492383649
2026-04-16 02:00:00+00:00,0.07213830569450981
2026-04-16 02:15:00+00:00,0.08910235156337462
2026-04-16 02:30:00+00:00,0.1011534315750096
2026-04-16 02:45:00+00:00,0.12168123240836734
2026-04-16 03:00:00+00:00,0.10654133692232969
2026-04-16 03:15:00+00:00,0.10618085404706754
2026-04-16 03:30:00+00:00,0.10894880338698869
2026-04-16 03:45:00+00:00,0.12069834282744044
2026-04-16 04:00:00+00:00,0.13886647597507965
2026-04-16 04:15:00+00:00,0.1379273854075839
2026-04-16 04:30:00+00:00,0.12108399308078976
2026-04-16 04:45:00+00:00,0.14832460352102758
2026-04-16 05:00:00+00:00,0.14214783968228373
2026-04-16 05:15:00+00:00,0.14472735990822533
2026-04-16 05:30:00+00:00,0.14982910660285084
2026-04-16 05:45:00+00:00,0.1338955511820575
2026-04-16 06:00:00+00:00,0.15922134592996337
2026-04-16 06:15:00+00:00,0.1545747316132524
2026-04-16 06:30:00+00:00,0.12339538910213312
2026-04-16 06:45:00+00:00,0.1213919952588735
2026-04-16 07:00:00+00:00,0.11778692408628914
2026-04-16 07:15:00+00:00,0.11088198196612571
2026-04-16 07:30:00+00:00,0.10104796404597233
2026-04-16 07:45:00+00:00,0.1036641913350096
2026-04-16 08:00:00+00:00,0.12537591995073127
2026-04-16 08:15:00+00:00,0.10933835240088877
2026-04-16 08:30:00+00:00,0.0832588266937942
2026-04-16 08:45:00+00:00,0.05746085322552429
2026-04-16 09:00:00+00:00,0.1217617179090571
2026-04-16 09:15:00+00:00,0.08016015660399448
2026-04-16 09:30:00+00:00,0.07497212438671987
2026-04-16 09:45:00+00:00,0.03690358689476803
2026-04-16 10:00:00+00:00,0.07818387280095322
2026-04-16 10:15:00+00:00,0.06181800616017556
2026-04-16 10:30:00+00:00,0.05881815069927832
2026-04-16 10:45:00+00:00,0.0666654585900806
2026-04-16 11:00:00+00:00,0.0588714061307833
2026-04-16 11:15:00+00:00,0.03851258544632107
2026-04-16 11:30:00+00:00,0.04518345711194924
2026-04-16 11:45:00+00:00,0.023546708031618374
2026-04-16 12:00:00+00:00,0.028165173040744187
2026-04-16 12:15:00+00:00,0.047273723896067314
2026-04-16 12:30:00+00:00,0.050036705303968046
2026-04-16 12:45:00+00:00,0.06384465553264644
2026-04-16 13:00:00+00:00,0.040856242314566846
2026-04-16 13:15:00+00:00,0.04588829548301272
2026-04-16 13:30:00+00:00,0.08606957052429359
2026-04-16 13:45:00+00:00,0.07761951307176071
2026-04-16 14:00:00+00:00,0.06320319112392017
2026-04-16 14:15:00+00:00,0.09391891081493785
2026-04-16 14:30:00+00:00,0.09441055897483956
2026-04-16 14:45:00+00:00,0.09883834100254463
2026-04-16 15:00:00+00:00,0.09984238088667421
2026-04-16 15:15:00+00:00,0.11747933822727152
2026-04-16 15:30:00+00:00,0.1056568473491353
2026-04-16 15:45:00+00:00,0.12348852167982562
2026-04-16 16:00:00+00:00,0.08795505405032672
2026-04-16 16:15:00+00:00,0.1231879899631781
2026-04-16 16:30:00+00:00,0.13740204684538074
2026-04-16 16:45:00+00:00,0.14657375358244934
2026-04-16 17:00:00+00:00,0.13102008166174767
2026-04-16 17:15:00+00:00,0.1368477323169255
2026-04-16 17:30:00+00:00,0.17603078611381492
2026-04-16 17:45:00+00:00,0.2164869424888315
2026-04-16 18:00:00+00:00,0.18261856130229537
2026-04-16 18:15:00+00:00,0.18986328233447616
2026-04-16 18:30:00+00:00,0.19088546246454183
2026-04-16 18:45:00+00:00,0.18585090719322736
2026-04-16 19:00:00+00:00,0.1598881018779107
2026-04-16 19:15:00+00:00,0.1587421526258405
2026-04-16 19:30:00+00:00,0.14899130822319526
2026-04-16 19:45:00+00:00,0.1376094360937115
2026-04-16 20:00:00+00:00,0.12667207933122912
2026-04-16 20:15:00+00:00,0.14645090009308773
2026-04-16 20:30:00+00:00,0.15077336351090645
2026-04-16 20:45:00+00:00,0.12774661751169503
2026-04-16 21:00:00+00:00,0.12468893946705738
2026-04-16 21:15:00+00:00,0.12354872753635716
2026-04-16 21:30:00+00:00,0.14354913067655592
2026-04-16 21:45:00+00:00,0.1290196254086056
2026-04-16 22:00:00+00:00,0.1348802661838433
2026-04-16 22:15:00+00:00,0.12697412583534376
2026-04-16 22:30:00+00:00,0.11221862887809028
2026-04-16 22:45:00+00:00,0.11436428819344231
2026-04-16 23:00:00+00:00,0.11722077264321483
2026-04-16 23:15:00+00:00,0.12283574316064444
2026-04-16 23:30:00+00:00,0.12906918894266903
2026-04-16 23:45:00+00:00,0.12395338136793127
2026-04-17 00:00:00+00:00,0.09884615644203959
2026-04-17 00:15:00+00:00,0.11500994968901049
2026-04-17 00:30:00+00:00,0.11967763345167896
2026-04-17 00:45:00+00:00,0.11819860330144635
2026-04-17 01:00:00+00:00,0.1029276623661258
2026-04-17 01:15:00+00:00,0.13713109215768363
2026-04-17 01:30:00+00:00,0.09569915437668881
2026-04-17 01:45:00+00:00,0.09753811553333949
2026-04-17 02:00:00+00:00,0.11274595081261576
2026-04-17 02:15:00+00:00,0.13142803054963853
2026-04-17 02:30:00+00:00,0.10322805149295829
2026-04-17 02:45:00+00:00,0.11095171634353009
2026-04-17 03:00:00+00:00,0.11930293673015693
2026-04-17 03:15:00+00:00,0.11330137845112266
2026-04-17 03:30:00+00:00,0.11640396145469704
2026-04-17 03:45:00+00:00,0.1446663290188672
2026-04-17 04:00:00+00:00,0.13293517990229592
2026-04-17 04:15:00+00:00,0.16178438785636792
2026-04-17 04:30:00+00:00,0.16250468889065364
2026-04-17 04:45:00+00:00,0.1580600306000536
2026-04-17 05:00:00+00:00,0.1613873272537831
2026-04-17 05:15:00+00:00,0.15407110982286135
2026-04-17 05:30:00+00:00,0.15325130556649286
2026-04-17 05:45:00+00:00,0.13601170637871463
2026-04-17 06:00:00+00:00,0.1553739151767771
2026-04-17 06:15:00+00:00,0.14808627120827242
2026-04-17 06:30:00+00:00,0.13496116180355044
2026-04-17 06:45:00+00:00,0.08225447055366579
2026-04-17 07:00:00+00:00,0.1231202115174057
2026-04-17 07:15:00+00:00,0.09971305566554765
2026-04-17 07:30:00+00:00,0.09057028533513928
2026-04-17 07:45:00+00:00,0.0883351620973532
2026-04-17 08:00:00+00:00,0.1191143837154247
2026-04-17 08:15:00+00:00,0.09740873556388656
2026-04-17 08:30:00+00:00,0.07310659665277197
2026-04-17 08:45:00+00:00,0.0502895441942382
2026-04-17 09:00:00+00:00,0.09889499670200165
2026-04-17 09:15:00+00:00,0.04792573577965068
2026-04-17 09:30:00+00:00,0.053754271516819996
2026-04-17 09:45:00+00:00,0.029592299906445414
2026-04-17 10:00:00+00:00,0.056221760815300226
2026-04-17 10:15:00+00:00,0.031324308131190394
2026-04-17 10:30:00+00:00,0.004485945759770953
2026-04-17 10:45:00+00:00,0.02631362641506498
2026-04-17 11:00:00+00:00,0.03775653124038342
2026-04-17 11:15:00+00:00,0.034317218055134206
2026-04-17 11:30:00+00:00,0.019623085165119646
2026-04-17 11:45:00+00:00,0.030317610754626467
2026-04-17 12:00:00+00:00,0.01475163731220076
2026-04-17 12:15:00+00:00,0.017307335358106277
2026-04-17 12:30:00+00:00,0.04291388571179851
2026-04-17 12:45:00+00:00,0.03457467688734838
2026-04-17 13:00:00+00:00,0.01612183569418387
2026-04-17 13:15:00+00:00,0.04041974366527615
2026-04-17 13:30:00+00:00,0.05950752476700954
2026-04-17 13:45:00+00:00,0.09052414291842603
2026-04-17 14:00:00+00:00,0.07030503048481976
2026-04-17 14:15:00+00:00,0.07646123243754735
2026-04-17 14:30:00+00:00,0.07307252199435833
2026-04-17 14:45:00+00:00,0.11054944539742029
2026-04-17 15:00:00+00:00,0.10458701754034971
2026-04-17 15:15:00+00:00,0.09159757675853406
2026-04-17 15:30:00+00:00,0.10202445733282282
2026-04-17 15:45:00+00:00,0.12179660630083394
2026-04-17 16:00:00+00:00,0.12839873747785052
2026-04-17 16:15:00+00:00,0.11417165854274774
2026-04-17 16:30:00+00:00,0.12205550219001796
2026-04-17 16:45:00+00:00,0.14640418606272407
2026-04-17 17:00:00+00:00,0.147510680731423
2026-04-17 17:15:00+00:00,0.14704131450435226
2026-04-17 17:30:00+00:00,0.1540286674034255
2026-04-17 17:45:00+00:00,0.19345378730992047
2026-04-17 18:00:00+00:00,0.17346036004547963
2026-04-17 18:15:00+00:00,0.15485564483096506
2026-04-17 18:30:00+00:00,0.1537409473130567
2026-04-17 18:45:00+00:00,0.13096292467975354
2026-04-17 19:00:00+00:00,0.16125890456437922
2026-04-17 19:15:00+00:00,0.13770766430617146
2026-04-17 19:30:00+00:00,0.13104289167615263
2026-04-17 19:45:00+00:00,0.12157125514847565
2026-04-17 20:00:00+00:00,0.13752307699330246
2026-04-17 20:15:00+00:00,0.1346893006156556
2026-04-17 20:30:00+00:00,0.12528090531325223
2026-04-17 20:45:00+00:00,0.11192590721207196
2026-04-17 21:00:00+00:00,0.12443668149718995
2026-04-17 21:15:00+00:00,0.11789737253691614
2026-04-17 21:30:00+00:00,0.10617400363713962
2026-04-17 21:45:00+00:00,0.10846281841763514
2026-04-17 22:00:00+00:00,0.1216877711115688
2026-04-17 22:15:00+00:00,0.12329261343174201
2026-04-17 22:30:00+00:00,0.10919977385278358
2026-04-17 22:45:00+00:00,0.10679590813578367
2026-04-17 23:00:00+00:00,0.13269757309433958
2026-04-17 23:15:00+00:00,0.12113735481747105
2026-04-17 23:30:00+00:00,0.10338399335574862
2026-04-17 23:45:00+00:00,0.11347940993942199
2026-04-18 00:00:00+00:00,0.11139350065655178
2026-04-18 00:15:00+00:00,0.11303551175260093
2026-04-18 00:30:00+00:00,0.11122341324565105
2026-04-18 00:45:00+00:00,0.12136642645485235
2026-04-18 01:00:00+00:00,0.11164620344651445
2026-04-18 01:15:00+00:00,0.10684911301785713
2026-04-18 01:30:00+00:00,0.11783190576983019
2026-04-18 01:45:00+00:00,0.11004285041087872
2026-04-18 02:00:00+00:00,0.10907478579329058
2026-04-18 02:15:00+00:00,0.11165022602486115
2026-04-18 02:30:00+00:00,0.10784390976633634
2026-04-18 02:45:00+00:00,0.11043226992995468
2026-04-18 03:00:00+00:00,0.10459305411238128
2026-04-18 03:15:00+00:00,0.10282832780376121
2026-04-18 03:30:00+00:00,0.1019942961351756
2026-04-18 03:45:00+00:00,0.09692016713202924
2026-04-18 04:00:00+00:00,0.10320282638615444
2026-04-18 04:15:00+00:00,0.10968732965533075
2026-04-18 04:30:00+00:00,0.11521117582445638
2026-04-18 04:45:00+00:00,0.10299703436852359
2026-04-18 05:00:00+00:00,0.08643296509872642
2026-04-18 05:15:00+00:00,0.12693586357762343
2026-04-18 05:30:00+00:00,0.11844480122890381
2026-04-18 05:45:00+00:00,0.09866759851217129
2026-04-18 06:00:00+00:00,0.12489490672553268
2026-04-18 06:15:00+00:00,0.08950635882516289
2026-04-18 06:30:00+00:00,0.10593625120626005
2026-04-18 06:45:00+00:00,0.06733785923249452
2026-04-18 07:00:00+00:00,0.09761737925291356
2026-04-18 07:15:00+00:00,0.07463162674865796
2026-04-18 07:30:00+00:00,0.06705694095544366
2026-04-18 07:45:00+00:00,0.05486166497998388
2026-04-18 08:00:00+00:00,0.07950309668865445
2026-04-18 08:15:00+00:00,0.045178774440901376
2026-04-18 08:30:00+00:00,0.021590144494872572
2026-04-18 08:45:00+00:00,0.013355852716224907
2026-04-18 09:00:00+00:00,0.011361866821976607
2026-04-18 09:15:00+00:00,0.008119137726156965
2026-04-18 09:30:00+00:00,0.0
2026-04-18 09:45:00+00:00,0.00795402970484937
2026-04-18 10:00:00+00:00,0.01112711792831931
2026-04-18 10:15:00+00:00,0.0
2026-04-18 10:30:00+00:00,0.006839263873010347
2026-04-18 10:45:00+00:00,0.015594226984446988
2026-04-18 11:00:00+00:00,0.0
2026-04-18 11:15:00+00:00,0.0008908418529482232
2026-04-18 11:30:00+00:00,0.007230053243691586
2026-04-18 11:45:00+00:00,0.0
2026-04-18 12:00:00+00:00,0.0
2026-04-18 12:15:00+00:00,0.0
2026-04-18 12:30:00+00:00,0.0016163502853045097
2026-04-18 12:45:00+00:00,0.006411119956445415
2026-04-18 13:00:00+00:00,0.015461630229264695
2026-04-18 13:15:00+00:00,0.026114247235975805
2026-04-18 13:30:00+00:00,0.01671197821864471
2026-04-18 13:45:00+00:00,0.020043932433265035
2026-04-18 14:00:00+00:00,0.03468507345991355
2026-04-18 14:15:00+00:00,0.0305067162623629
2026-04-18 14:30:00+00:00,0.06021033787312328
2026-04-18 14:45:00+00:00,0.07292989958274779
2026-04-18 15:00:00+00:00,0.04943319173694978
2026-04-18 15:15:00+00:00,0.10248529210891806
2026-04-18 15:30:00+00:00,0.09710298588079394
2026-04-18 15:45:00+00:00,0.10566714476293071
2026-04-18 16:00:00+00:00,0.10180259722697249
2026-04-18 16:15:00+00:00,0.09498293998274467
2026-04-18 16:30:00+00:00,0.12056712535016818
2026-04-18 16:45:00+00:00,0.12030871402147672
2026-04-18 17:00:00+00:00,0.12217428630927325
2026-04-18 17:15:00+00:00,0.1222758576044013
2026-04-18 17:30:00+00:00,0.1472680393557885
2026-04-18 17:45:00+00:00,0.1567448399306932
2026-04-18 18:00:00+00:00,0.15076175336287598
2026-04-18 18:15:00+00:00,0.14455611711139923
2026-04-18 18:30:00+00:00,0.14830114496705593
2026-04-18 18:45:00+00:00,0.1277601505985594
2026-04-18 19:00:00+00:00,0.14909220627478761
2026-04-18 19:15:00+00:00,0.13285561531933168
2026-04-18 19:30:00+00:00,0.142473263811493
2026-04-18 19:45:00+00:00,0.15948752389244472
2026-04-18 20:00:00+00:00,0.1393782163597381
2026-04-18 20:15:00+00:00,0.11385859851045334
2026-04-18 20:30:00+00:00,0.12466769807085627
2026-04-18 20:45:00+00:00,0.12476490925374455
2026-04-18 21:00:00+00:00,0.13412357425260266
2026-04-18 21:15:00+00:00,0.11822186874391247
2026-04-18 21:30:00+00:00,0.12541291742636934
2026-04-18 21:45:00+00:00,0.10583499163080613
2026-04-18 22:00:00+00:00,0.11433091277314933
2026-04-18 22:15:00+00:00,0.1735179764160371
2026-04-18 22:30:00+00:00,0.10332336769120173
2026-04-18 22:45:00+00:00,0.11730211605492258
2026-04-18 23:00:00+00:00,0.09862536225343942
2026-04-18 23:15:00+00:00,0.12758825883791736
2026-04-18 23:30:00+00:00,0.10200730077595946
2026-04-18 23:45:00+00:00,0.10555333428196556
2026-04-19 00:00:00+00:00,0.11498613261090405
2026-04-19 00:15:00+00:00,0.10432650047498905
2026-04-19 00:30:00+00:00,0.11029405961071305
2026-04-19 00:45:00+00:00,0.11205356724520127
2026-04-19 01:00:00+00:00,0.11796613232503485
2026-04-19 01:15:00+00:00,0.11438497435972957
2026-04-19 01:30:00+00:00,0.10374189536197326
2026-04-19 01:45:00+00:00,0.10353368225956397
2026-04-19 02:00:00+00:00,0.1290310855802503
2026-04-19 02:15:00+00:00,0.11491889068249292
2026-04-19 02:30:00+00:00,0.09622176343679786
2026-04-19 02:45:00+00:00,0.10625988163765553
2026-04-19 03:00:00+00:00,0.10284856861221808
2026-04-19 03:15:00+00:00,0.1051566576607689
2026-04-19 03:30:00+00:00,0.09424504842291911
2026-04-19 03:45:00+00:00,0.10283076765614046
2026-04-19 04:00:00+00:00,0.12399555773193913
2026-04-19 04:15:00+00:00,0.11114076300875503
2026-04-19 04:30:00+00:00,0.0800883859184854
2026-04-19 04:45:00+00:00,0.11506723492497947
2026-04-19 05:00:00+00:00,0.11558629522909161
2026-04-19 05:15:00+00:00,0.09684714695693583
2026-04-19 05:30:00+00:00,0.10324263543783216
2026-04-19 05:45:00+00:00,0.14033600789182799
2026-04-19 06:00:00+00:00,0.09944744283733643
2026-04-19 06:15:00+00:00,0.11500546360669854
2026-04-19 06:30:00+00:00,0.08963269960130292
2026-04-19 06:45:00+00:00,0.0713026833804501
2026-04-19 07:00:00+00:00,0.09863696777218663
2026-04-19 07:15:00+00:00,0.09416411607085644
2026-04-19 07:30:00+00:00,0.10713368569373459
2026-04-19 07:45:00+00:00,0.0861433642217576
2026-04-19 08:00:00+00:00,0.08677417688559708
2026-04-19 08:15:00+00:00,0.08804056145231207
2026-04-19 08:30:00+00:00,0.0687979023250111
2026-04-19 08:45:00+00:00,0.041869773184342825
2026-04-19 09:00:00+00:00,0.06054997560541618
2026-04-19 09:15:00+00:00,0.04416661764516799
2026-04-19 09:30:00+00:00,0.025409259666794377
2026-04-19 09:45:00+00:00,0.013109083914116543
2026-04-19 10:00:00+00:00,0.01129331628583403
2026-04-19 10:15:00+00:00,0.0
2026-04-19 10:30:00+00:00,3.582601832783283e-05
2026-04-19 10:45:00+00:00,0.0
2026-04-19 11:00:00+00:00,0.012724283828165955
2026-04-19 11:15:00+00:00,0.0020840585272700347
2026-04-19 11:30:00+00:00,0.007349039226364025
2026-04-19 11:45:00+00:00,0.0
2026-04-19 12:00:00+00:00,0.008462884837461231
2026-04-19 12:15:00+00:00,0.001485277565731539
2026-04-19 12:30:00+00:00,0.0
2026-04-19 12:45:00+00:00,0.0
2026-04-19 13:00:00+00:00,0.0
2026-04-19 13:15:00+00:00,0.002269157201363107
2026-04-19 13:30:00+00:00,0.0
2026-04-19 13:45:00+00:00,0.0
2026-04-19 14:00:00+00:00,0.010424617708120717
2026-04-19 14:15:00+00:00,0.0
2026-04-19 14:30:00+00:00,0.00950504104567566
2026-04-19 14:45:00+00:00,0.06127718748779533
2026-04-19 15:00:00+00:00,0.03139522940920254
2026-04-19 15:15:00+00:00,0.06733141072347243
2026-04-19 15:30:00+00:00,0.09170003543150147
2026-04-19 15:45:00+00:00,0.11158414171048842
2026-04-19 16:00:00+00:00,0.07018337453714078
2026-04-19 16:15:00+00:00,0.09402738114652039
2026-04-19 16:30:00+00:00,0.12621521654513748
2026-04-19 16:45:00+00:00,0.11590675865222833
2026-04-19 17:00:00+00:00,0.10752698985895666
2026-04-19 17:15:00+00:00,0.11044379236690813
2026-04-19 17:30:00+00:00,0.11818984776681862
2026-04-19 17:45:00+00:00,0.11794877168675702
2026-04-19 18:00:00+00:00,0.12806741502158062
2026-04-19 18:15:00+00:00,0.12644313412290267
2026-04-19 18:30:00+00:00,0.13406547615107017
2026-04-19 18:45:00+00:00,0.1119405883381104
2026-04-19 19:00:00+00:00,0.12627659517117096
2026-04-19 19:15:00+00:00,0.11922277368387865
2026-04-19 19:30:00+00:00,0.12367646910088595
2026-04-19 19:45:00+00:00,0.10797778802792965
2026-04-19 20:00:00+00:00,0.13334653804258342
2026-04-19 20:15:00+00:00,0.1319441559051761
2026-04-19 20:30:00+00:00,0.10944127652364416
2026-04-19 20:45:00+00:00,0.10894127105106435
2026-04-19 21:00:00+00:00,0.11029068491707908
2026-04-19 21:15:00+00:00,0.138293862046775
2026-04-19 21:30:00+00:00,0.10629099894792113
2026-04-19 21:45:00+00:00,0.12353625442156134
2026-04-19 22:00:00+00:00,0.1025536800489339
2026-04-19 22:15:00+00:00,0.09669349033835636
2026-04-19 22:30:00+00:00,0.096683954681518
2026-04-19 22:45:00+00:00,0.09141310688553478
2026-04-19 23:00:00+00:00,0.102221012658415
2026-04-19 23:15:00+00:00,0.09561221797278502
2026-04-19 23:30:00+00:00,0.09390658407265426
2026-04-19 23:45:00+00:00,0.10633471996473327
2026-04-20 00:00:00+00:00,0.11503793622513166
2026-04-20 00:15:00+00:00,0.10678296498375316
2026-04-20 00:30:00+00:00,0.10423998955584328
2026-04-20 00:45:00+00:00,0.09788743065779552
2026-04-20 01:00:00+00:00,0.09352969309334092
2026-04-20 01:15:00+00:00,0.08775842495244908
2026-04-20 01:30:00+00:00,0.10283995703432688
2026-04-20 01:45:00+00:00,0.08942369607453202
2026-04-20 02:00:00+00:00,0.13852079070824608
2026-04-20 02:15:00+00:00,0.1128491325620481
2026-04-20 02:30:00+00:00,0.12126649041722087
2026-04-20 02:45:00+00:00,0.11110295138166482
2026-04-20 03:00:00+00:00,0.11143457152294645
2026-04-20 03:15:00+00:00,0.10361151682556016
2026-04-20 03:30:00+00:00,0.10071325813912316
2026-04-20 03:45:00+00:00,0.13199171618618585
2026-04-20 04:00:00+00:00,0.12207289323270064
2026-04-20 04:15:00+00:00,0.12983668553880245
2026-04-20 04:30:00+00:00,0.13440624541894888
2026-04-20 04:45:00+00:00,0.144832105785811
2026-04-20 05:00:00+00:00,0.13748266966572525
2026-04-20 05:15:00+00:00,0.14326219421109343
2026-04-20 05:30:00+00:00,0.1344489349323957
2026-04-20 05:45:00+00:00,0.12680972962635825
2026-04-20 06:00:00+00:00,0.1530510698789074
2026-04-20 06:15:00+00:00,0.12833757819484756
2026-04-20 06:30:00+00:00,0.11702244437772802
2026-04-20 06:45:00+00:00,0.11148391667666041
2026-04-20 07:00:00+00:00,0.12710625553596022
2026-04-20 07:15:00+00:00,0.11881204992037267
2026-04-20 07:30:00+00:00,0.11478303650664677
2026-04-20 07:45:00+00:00,0.07918491372316762
2026-04-20 08:00:00+00:00,0.1266332114480132
2026-04-20 08:15:00+00:00,0.09897998185876924
2026-04-20 08:30:00+00:00,0.09719735047247854
2026-04-20 08:45:00+00:00,0.07525685842636887
2026-04-20 09:00:00+00:00,0.0907950038824544
2026-04-20 09:15:00+00:00,0.08999799772363261
2026-04-20 09:30:00+00:00,0.06979329390495967
2026-04-20 09:45:00+00:00,0.03808479248532536
2026-04-20 10:00:00+00:00,0.0785600405410296
2026-04-20 10:15:00+00:00,0.04039931370065029
2026-04-20 10:30:00+00:00,0.03550858771809616
2026-04-20 10:45:00+00:00,0.03425223947995788
2026-04-20 11:00:00+00:00,0.0461887512244653
2026-04-20 11:15:00+00:00,0.022449243936843694
2026-04-20 11:30:00+00:00,0.028384915641331405
2026-04-20 11:45:00+00:00,0.029601396608610483
2026-04-20 12:00:00+00:00,0.00889658429734217
2026-04-20 12:15:00+00:00,0.040124833308487595
2026-04-20 12:30:00+00:00,0.01308829174870056
2026-04-20 12:45:00+00:00,0.06318324144370953
2026-04-20 13:00:00+00:00,0.020667395695165167
2026-04-20 13:15:00+00:00,0.03829616996826891
2026-04-20 13:30:00+00:00,0.034359664275143295
2026-04-20 13:45:00+00:00,0.07037863933530691
2026-04-20 14:00:00+00:00,0.06489482177718192
2026-04-20 14:15:00+00:00,0.07630837895900505
2026-04-20 14:30:00+00:00,0.07624918922947625
2026-04-20 14:45:00+00:00,0.08217435481472185
2026-04-20 15:00:00+00:00,0.09289526619537311
2026-04-20 15:15:00+00:00,0.0880380713499795
2026-04-20 15:30:00+00:00,0.11716752376516773
2026-04-20 15:45:00+00:00,0.11263517645205078
2026-04-20 16:00:00+00:00,0.09486205306627783
2026-04-20 16:15:00+00:00,0.12092594244596162
2026-04-20 16:30:00+00:00,0.10183025037996435
2026-04-20 16:45:00+00:00,0.10946536639847076
2026-04-20 17:00:00+00:00,0.12945484971353163
2026-04-20 17:15:00+00:00,0.11071066070776805
2026-04-20 17:30:00+00:00,0.10681948984697454
2026-04-20 17:45:00+00:00,0.1463952718807309
2026-04-20 18:00:00+00:00,0.11515182352125795
2026-04-20 18:15:00+00:00,0.1295611939832817
2026-04-20 18:30:00+00:00,0.12760085192724271
2026-04-20 18:45:00+00:00,0.09689371683381917
2026-04-20 19:00:00+00:00,0.1273668297683219
2026-04-20 19:15:00+00:00,0.1273941324947911
2026-04-20 19:30:00+00:00,0.12319309381518861
2026-04-20 19:45:00+00:00,0.12419520683803502
2026-04-20 20:00:00+00:00,0.11922508685094566
2026-04-20 20:15:00+00:00,0.1746950444209216
2026-04-20 20:30:00+00:00,0.10922670931919928
2026-04-20 20:45:00+00:00,0.09299532583587225
2026-04-20 21:00:00+00:00,0.10209271624318768
2026-04-20 21:15:00+00:00,0.09286889544804586
2026-04-20 21:30:00+00:00,0.11553585967891195
2026-04-20 21:45:00+00:00,0.08402426490941443
2026-04-20 22:00:00+00:00,0.10433038840649303
2026-04-20 22:15:00+00:00,0.09716075805927568
2026-04-20 22:30:00+00:00,0.09757351426549368
2026-04-20 22:45:00+00:00,0.109626072951997
2026-04-20 23:00:00+00:00,0.09618572632784728
2026-04-20 23:15:00+00:00,0.10453601561549683
2026-04-20 23:30:00+00:00,0.09865563351381113
2026-04-20 23:45:00+00:00,0.09577981094367302
2026-04-21 00:00:00+00:00,0.17108969124386475
2026-04-21 00:15:00+00:00,0.08350658254284629
2026-04-21 00:30:00+00:00,0.11163131835437444
2026-04-21 00:45:00+00:00,0.10530406565489972
2026-04-21 01:00:00+00:00,0.09271475005368215
2026-04-21 01:15:00+00:00,0.11467318517441612
2026-04-21 01:30:00+00:00,0.08021889887611464
2026-04-21 01:45:00+00:00,0.09649233342700927
2026-04-21 02:00:00+00:00,0.08555517795730924
2026-04-21 02:15:00+00:00,0.1026708346487146
2026-04-21 02:30:00+00:00,0.08991935898812822
2026-04-21 02:45:00+00:00,0.10785063946741319
2026-04-21 03:00:00+00:00,0.09816563584178445
2026-04-21 03:15:00+00:00,0.09880646057343916
2026-04-21 03:30:00+00:00,0.1155764724603331
2026-04-21 03:45:00+00:00,0.11578378376061936
2026-04-21 04:00:00+00:00,0.10582365156940961
2026-04-21 04:15:00+00:00,0.1553837298963498
2026-04-21 04:30:00+00:00,0.12505832816970855
2026-04-21 04:45:00+00:00,0.11215390919847985
2026-04-21 05:00:00+00:00,0.13636901310278612
2026-04-21 05:15:00+00:00,0.1319372331162727
2026-04-21 05:30:00+00:00,0.14179145616040517
2026-04-21 05:45:00+00:00,0.12159652659591585
2026-04-21 06:00:00+00:00,0.14512712801790342
2026-04-21 06:15:00+00:00,0.12041977534162755
2026-04-21 06:30:00+00:00,0.1122764975294308
2026-04-21 06:45:00+00:00,0.09175068896392333
2026-04-21 07:00:00+00:00,0.1306280681586453
2026-04-21 07:15:00+00:00,0.11935333435364835
2026-04-21 07:30:00+00:00,0.08919075412505346
2026-04-21 07:45:00+00:00,0.06595112829620867
2026-04-21 08:00:00+00:00,0.09269558908249202
2026-04-21 08:15:00+00:00,0.1393744243738174
2026-04-21 08:30:00+00:00,0.05698150041540255
2026-04-21 08:45:00+00:00,0.02083848072678919
2026-04-21 09:00:00+00:00,0.05590806241193157
2026-04-21 09:15:00+00:00,0.017359540819968877
2026-04-21 09:30:00+00:00,0.0018225742004849294
2026-04-21 09:45:00+00:00,0.0
2026-04-21 10:00:00+00:00,0.0018291456362025593
2026-04-21 10:15:00+00:00,0.0
2026-04-21 10:30:00+00:00,0.004581540960596773
2026-04-21 10:45:00+00:00,0.0
2026-04-21 11:00:00+00:00,0.010346396998210567
2026-04-21 11:15:00+00:00,0.0
2026-04-21 11:30:00+00:00,0.0
2026-04-21 11:45:00+00:00,0.008132033332933688
2026-04-21 12:00:00+00:00,0.008721356467781525
2026-04-21 12:15:00+00:00,0.0
2026-04-21 12:30:00+00:00,0.0
2026-04-21 12:45:00+00:00,0.0006241897768404811
2026-04-21 13:00:00+00:00,0.0
2026-04-21 13:15:00+00:00,0.0
2026-04-21 13:30:00+00:00,0.01191383398123635
2026-04-21 13:45:00+00:00,0.0
2026-04-21 14:00:00+00:00,0.0
2026-04-21 14:15:00+00:00,0.0044793073277294695
2026-04-21 14:30:00+00:00,0.018532248119493437
2026-04-21 14:45:00+00:00,0.057787590306147635
2026-04-21 15:00:00+00:00,0.03938225393201287
2026-04-21 15:15:00+00:00,0.05837458374692776
2026-04-21 15:30:00+00:00,0.09941871243530605
2026-04-21 15:45:00+00:00,0.09712958256222545
2026-04-21 16:00:00+00:00,0.09335887382791838
2026-04-21 16:15:00+00:00,0.11337522478420993
2026-04-21 16:30:00+00:00,0.12211944106854969
2026-04-21 16:45:00+00:00,0.12234770383524123
2026-04-21 17:00:00+00:00,0.11436221228227879
2026-04-21 17:15:00+00:00,0.11143408703740713
2026-04-21 17:30:00+00:00,0.14081539637914203
2026-04-21 17:45:00+00:00,0.1431778277202908
2026-04-21 18:00:00+00:00,0.14256865336386063
2026-04-21 18:15:00+00:00,0.13936254199263326
2026-04-21 18:30:00+00:00,0.19037607667343343
2026-04-21 18:45:00+00:00,0.13207030585513016
2026-04-21 19:00:00+00:00,0.15045614581165703
2026-04-21 19:15:00+00:00,0.12522493364586038
2026-04-21 19:30:00+00:00,0.13335283706395185
2026-04-21 19:45:00+00:00,0.11478794742010034
2026-04-21 20:00:00+00:00,0.1201127756673448
2026-04-21 20:15:00+00:00,0.12455292267243435
2026-04-21 20:30:00+00:00,0.13766552833543816
2026-04-21 20:45:00+00:00,0.1644216056653512
2026-04-21 21:00:00+00:00,0.11438144372626394
2026-04-21 21:15:00+00:00,0.09973538643881297
2026-04-21 21:30:00+00:00,0.10878587679027929
2026-04-21 21:45:00+00:00,0.10583928125088116
2026-04-21 22:00:00+00:00,0.1570641910874443
2026-04-21 22:15:00+00:00,0.09189615361759
2026-04-21 22:30:00+00:00,0.09761434610496567
2026-04-21 22:45:00+00:00,0.11731538460887758
2026-04-21 23:00:00+00:00,0.1204200100373046
2026-04-21 23:15:00+00:00,0.09520360830795402
2026-04-21 23:30:00+00:00,0.11057756787199421
2026-04-21 23:45:00+00:00,0.09065427215229827
2026-04-22 00:00:00+00:00,0.12144316281994952
2026-04-22 00:15:00+00:00,0.10638235847894235
2026-04-22 00:30:00+00:00,0.11251641498616534
2026-04-22 00:45:00+00:00,0.08529906652817461
2026-04-22 01:00:00+00:00,0.11030637101924888
2026-04-22 01:15:00+00:00,0.10364325936315497
2026-04-22 01:30:00+00:00,0.11399929070790843
2026-04-22 01:45:00+00:00,0.1158086779809785
2026-04-22 02:00:00+00:00,0.10478784689474749
2026-04-22 02:15:00+00:00,0.10152170360904085
2026-04-22 02:30:00+00:00,0.11802696182179494
2026-04-22 02:45:00+00:00,0.11627845500594872
2026-04-22 03:00:00+00:00,0.09863215046472357
2026-04-22 03:15:00+00:00,0.15680847768542316
2026-04-22 03:30:00+00:00,0.10862835583687618
2026-04-22 03:45:00+00:00,0.13305708840436936
2026-04-22 04:00:00+00:00,0.13662692046074376
2026-04-22 04:15:00+00:00,0.13970829799705434
2026-04-22 04:30:00+00:00,0.13989232294076961
2026-04-22 04:45:00+00:00,0.1586985593818008
2026-04-22 05:00:00+00:00,0.14665523378276613
2026-04-22 05:15:00+00:00,0.14417350274332777
2026-04-22 05:30:00+00:00,0.12830369627274485
2026-04-22 05:45:00+00:00,0.11868130625588352
2026-04-22 06:00:00+00:00,0.124687716290805
2026-04-22 06:15:00+00:00,0.11707802254185344
2026-04-22 06:30:00+00:00,0.09962754340905466
2026-04-22 06:45:00+00:00,0.0708140327819073
2026-04-22 07:00:00+00:00,0.1359742750363243
2026-04-22 07:15:00+00:00,0.09381552790346473
2026-04-22 07:30:00+00:00,0.0637831606180435
2026-04-22 07:45:00+00:00,0.035317244241841364
2026-04-22 08:00:00+00:00,0.076405495584553
2026-04-22 08:15:00+00:00,0.016444289327312102
2026-04-22 08:30:00+00:00,0.006847148540498922
2026-04-22 08:45:00+00:00,0.0
2026-04-22 09:00:00+00:00,0.013419743339254138
2026-04-22 09:15:00+00:00,0.02050706293937051
2026-04-22 09:30:00+00:00,0.004042157911887248
2026-04-22 09:45:00+00:00,0.0
2026-04-22 10:00:00+00:00,0.0
2026-04-22 10:15:00+00:00,0.0
2026-04-22 10:30:00+00:00,0.0
2026-04-22 10:45:00+00:00,0.0
2026-04-22 11:00:00+00:00,0.0
2026-04-22 11:15:00+00:00,0.0
2026-04-22 11:30:00+00:00,0.0
2026-04-22 11:45:00+00:00,0.0
2026-04-22 12:00:00+00:00,0.0
2026-04-22 12:15:00+00:00,0.0
2026-04-22 12:30:00+00:00,0.0
2026-04-22 12:45:00+00:00,0.010840120568309953
2026-04-22 13:00:00+00:00,0.0
2026-04-22 13:15:00+00:00,0.0
2026-04-22 13:30:00+00:00,0.0
2026-04-22 13:45:00+00:00,0.0
2026-04-22 14:00:00+00:00,0.0
2026-04-22 14:15:00+00:00,0.005489361138059267
2026-04-22 14:30:00+00:00,0.01488141897266825
2026-04-22 14:45:00+00:00,0.00550394558715281
2026-04-22 15:00:00+00:00,0.0023884477515042097
2026-04-22 15:15:00+00:00,0.009586150834269159
2026-04-22 15:30:00+00:00,0.08256185149185798
2026-04-22 15:45:00+00:00,0.11434287260549461
2026-04-22 16:00:00+00:00,0.08154956814212745
2026-04-22 16:15:00+00:00,0.08756511898470909
2026-04-22 16:30:00+00:00,0.1141094739976414
2026-04-22 16:45:00+00:00,0.11813997744695817
2026-04-22 17:00:00+00:00,0.09002707193115934
2026-04-22 17:15:00+00:00,0.11601502909203215
2026-04-22 17:30:00+00:00,0.12721674185746984
2026-04-22 17:45:00+00:00,0.1808771229542061
2026-04-22 18:00:00+00:00,0.16247865943333142
2026-04-22 18:15:00+00:00,0.1523976286992521
2026-04-22 18:30:00+00:00,0.14603586953824788
2026-04-22 18:45:00+00:00,0.10199434567487566
2026-04-22 19:00:00+00:00,0.16509310748747552
2026-04-22 19:15:00+00:00,0.1667372947722321
2026-04-22 19:30:00+00:00,0.11817579930150093
2026-04-22 19:45:00+00:00,0.10044107834710689
2026-04-22 20:00:00+00:00,0.13550930343440634
2026-04-22 20:15:00+00:00,0.11888428937037324
2026-04-22 20:30:00+00:00,0.1022163471473413
2026-04-22 20:45:00+00:00,0.10015770388655977
2026-04-22 21:00:00+00:00,0.12625179922124868
2026-04-22 21:15:00+00:00,0.10641030568118721
2026-04-22 21:30:00+00:00,0.10195266462384095
2026-04-22 21:45:00+00:00,0.09051618513860735
2026-04-22 22:00:00+00:00,0.08450418849527697
2026-04-22 22:15:00+00:00,0.09983961326420655
2026-04-22 22:30:00+00:00,0.10275485112324619
2026-04-22 22:45:00+00:00,0.1071658446432767
2026-04-22 23:00:00+00:00,0.07812503465500345
2026-04-22 23:15:00+00:00,0.08714903672976972
2026-04-22 23:30:00+00:00,0.09118258909443551
2026-04-22 23:45:00+00:00,0.09446519151426798
2026-04-23 00:00:00+00:00,0.09633966308471578
2026-04-23 00:15:00+00:00,0.0952431131431273
2026-04-23 00:30:00+00:00,0.10040096058569944
2026-04-23 00:45:00+00:00,0.08733706889220891
2026-04-23 01:00:00+00:00,0.10595141442233695
2026-04-23 01:15:00+00:00,0.1003445244169948
2026-04-23 01:30:00+00:00,0.09290167735871921
2026-04-23 01:45:00+00:00,0.11211907991888916
2026-04-23 02:00:00+00:00,0.10854416035571766
2026-04-23 02:15:00+00:00,0.1048689535519381
2026-04-23 02:30:00+00:00,0.06619443229432206
2026-04-23 02:45:00+00:00,0.11428945092717976
2026-04-23 03:00:00+00:00,0.10583758522471935
2026-04-23 03:15:00+00:00,0.12103408637712937
2026-04-23 03:30:00+00:00,0.11915464591733538
2026-04-23 03:45:00+00:00,0.12678342677497287
2026-04-23 04:00:00+00:00,0.1224065485018038
2026-04-23 04:15:00+00:00,0.13291693198645513
2026-04-23 04:30:00+00:00,0.1418312374073444
2026-04-23 04:45:00+00:00,0.12322554738378205
2026-04-23 05:00:00+00:00,0.11266769455921871
2026-04-23 05:15:00+00:00,0.11882539099984857
2026-04-23 05:30:00+00:00,0.12451945599383438
2026-04-23 05:45:00+00:00,0.10743887584371557
2026-04-23 06:00:00+00:00,0.11911438033840574
2026-04-23 06:15:00+00:00,0.1103793237480502
2026-04-23 06:30:00+00:00,0.1025683733136517
2026-04-23 06:45:00+00:00,0.07861739555984151
2026-04-23 07:00:00+00:00,0.1333933977082297
2026-04-23 07:15:00+00:00,0.138535676137777
2026-04-23 07:30:00+00:00,0.06148427287114136
2026-04-23 07:45:00+00:00,0.004491844268364424
2026-04-23 08:00:00+00:00,0.0
2026-04-23 08:15:00+00:00,0.0
2026-04-23 08:30:00+00:00,0.0
2026-04-23 08:45:00+00:00,0.0
2026-04-23 09:00:00+00:00,0.0
2026-04-23 09:15:00+00:00,0.0008841975989295047
2026-04-23 09:30:00+00:00,0.0009501518824349756
2026-04-23 09:45:00+00:00,0.0
2026-04-23 10:00:00+00:00,0.0
2026-04-23 10:15:00+00:00,0.0
2026-04-23 10:30:00+00:00,0.0
2026-04-23 10:45:00+00:00,0.0
2026-04-23 11:00:00+00:00,0.0
2026-04-23 11:15:00+00:00,0.0
2026-04-23 11:30:00+00:00,0.0
2026-04-23 11:45:00+00:00,0.0
2026-04-23 12:00:00+00:00,0.0
2026-04-23 12:15:00+00:00,0.0
2026-04-23 12:30:00+00:00,0.0
2026-04-23 12:45:00+00:00,0.0
2026-04-23 13:00:00+00:00,0.0
2026-04-23 13:15:00+00:00,0.0
2026-04-23 13:30:00+00:00,0.0
2026-04-23 13:45:00+00:00,0.0
2026-04-23 14:00:00+00:00,0.0
2026-04-23 14:15:00+00:00,0.0010592596477670571
2026-04-23 14:30:00+00:00,0.0
2026-04-23 14:45:00+00:00,0.0
2026-04-23 15:00:00+00:00,0.0009100926799704997
2026-04-23 15:15:00+00:00,0.0021107450616131267
2026-04-23 15:30:00+00:00,0.057307980846088444
2026-04-23 15:45:00+00:00,0.09753362356513084
2026-04-23 16:00:00+00:00,0.03766263081258716
2026-04-23 16:15:00+00:00,0.08335796205047287
2026-04-23 16:30:00+00:00,0.09607370977883016
2026-04-23 16:45:00+00:00,0.13463081478667385
2026-04-23 17:00:00+00:00,0.09405753463623186
2026-04-23 17:15:00+00:00,0.11348689744123423
2026-04-23 17:30:00+00:00,0.12367935674668676
2026-04-23 17:45:00+00:00,0.1399289112660117
2026-04-23 18:00:00+00:00,0.13938209082454822
2026-04-23 18:15:00+00:00,0.13516694302306018
2026-04-23 18:30:00+00:00,0.15038856464085898
2026-04-23 18:45:00+00:00,0.12860566790474529
2026-04-23 19:00:00+00:00,0.11977949147977732
2026-04-23 19:15:00+00:00,0.11624166328188769
2026-04-23 19:30:00+00:00,0.13044354952270745
2026-04-23 19:45:00+00:00,0.10466835121748903
2026-04-23 20:00:00+00:00,0.10656723376847613
2026-04-23 20:15:00+00:00,0.10352003849873607
2026-04-23 20:30:00+00:00,0.10248873519010424
2026-04-23 20:45:00+00:00,0.09518502277573278
2026-04-23 21:00:00+00:00,0.09184352151650757
2026-04-23 21:15:00+00:00,0.08852799903053021
2026-04-23 21:30:00+00:00,0.0905867962563863
2026-04-23 21:45:00+00:00,0.10045571018453098
2026-04-23 22:00:00+00:00,0.10721762712727127
2026-04-23 22:15:00+00:00,0.0991983831090596
2026-04-23 22:30:00+00:00,0.11097088025254896
2026-04-23 22:45:00+00:00,0.11220007149938419
2026-04-23 23:00:00+00:00,0.09856875056862265
2026-04-23 23:15:00+00:00,0.0936513648931659
2026-04-23 23:30:00+00:00,0.09100569686326462
2026-04-23 23:45:00+00:00,0.10644775769708237
2026-04-24 00:00:00+00:00,0.09965292766477712
2026-04-24 00:15:00+00:00,0.0965850510967721
2026-04-24 00:30:00+00:00,0.09222335424862448
2026-04-24 00:45:00+00:00,0.09263333590988612
2026-04-24 01:00:00+00:00,0.10377058191493245
2026-04-24 01:15:00+00:00,0.08822561734112738
2026-04-24 01:30:00+00:00,0.11222868693787938
2026-04-24 01:45:00+00:00,0.09719155356185082
2026-04-24 02:00:00+00:00,0.10065364055748208
2026-04-24 02:15:00+00:00,0.09083022041859445
2026-04-24 02:30:00+00:00,0.10665634061757635
2026-04-24 02:45:00+00:00,0.10501679057309439
2026-04-24 03:00:00+00:00,0.10444919401143533
2026-04-24 03:15:00+00:00,0.1258070889836189
2026-04-24 03:30:00+00:00,0.12316698045790239
2026-04-24 03:45:00+00:00,0.11984340815854194
2026-04-24 04:00:00+00:00,0.11806680089453434
2026-04-24 04:15:00+00:00,0.1393013118591377
2026-04-24 04:30:00+00:00,0.14656693290993425
2026-04-24 04:45:00+00:00,0.1381991802075105
2026-04-24 05:00:00+00:00,0.2063271274455477
2026-04-24 05:15:00+00:00,0.14891737723336707
2026-04-24 05:30:00+00:00,0.1501506441335752
2026-04-24 05:45:00+00:00,0.10423409827273968
2026-04-24 06:00:00+00:00,0.1616221893930453
2026-04-24 06:15:00+00:00,0.13593736043903562
2026-04-24 06:30:00+00:00,0.09981276293864426
2026-04-24 06:45:00+00:00,0.06763331815993584
2026-04-24 07:00:00+00:00,0.11978217251371845
2026-04-24 07:15:00+00:00,0.07548209803622616
2026-04-24 07:30:00+00:00,0.06356282949064473
2026-04-24 07:45:00+00:00,0.04660602813054941
2026-04-24 08:00:00+00:00,0.0683467465116737
2026-04-24 08:15:00+00:00,0.028183169577685366
2026-04-24 08:30:00+00:00,0.0
2026-04-24 08:45:00+00:00,0.0
2026-04-24 09:00:00+00:00,0.013248218400162229
2026-04-24 09:15:00+00:00,0.006467439354186445
2026-04-24 09:30:00+00:00,0.0007986484186899614
2026-04-24 09:45:00+00:00,0.004533366755549672
2026-04-24 10:00:00+00:00,0.0
2026-04-24 10:15:00+00:00,0.0007358468304761463
2026-04-24 10:30:00+00:00,0.039589333034942595
2026-04-24 10:45:00+00:00,0.0
2026-04-24 11:00:00+00:00,0.0
2026-04-24 11:15:00+00:00,0.0
2026-04-24 11:30:00+00:00,0.0
2026-04-24 11:45:00+00:00,0.0
2026-04-24 12:00:00+00:00,0.0
2026-04-24 12:15:00+00:00,0.0
2026-04-24 12:30:00+00:00,0.0
2026-04-24 12:45:00+00:00,0.0
2026-04-24 13:00:00+00:00,0.0
2026-04-24 13:15:00+00:00,0.0
2026-04-24 13:30:00+00:00,0.0
2026-04-24 13:45:00+00:00,0.0
2026-04-24 14:00:00+00:00,0.0
2026-04-24 14:15:00+00:00,0.0
2026-04-24 14:30:00+00:00,0.0
2026-04-24 14:45:00+00:00,0.003445975351782162
2026-04-24 15:00:00+00:00,0.0
2026-04-24 15:15:00+00:00,0.022801284812178794
2026-04-24 15:30:00+00:00,0.07132706718392623
2026-04-24 15:45:00+00:00,0.106820720317502
2026-04-24 16:00:00+00:00,0.057665798593084905
2026-04-24 16:15:00+00:00,0.09085933881760225
2026-04-24 16:30:00+00:00,0.10882340253869285
2026-04-24 16:45:00+00:00,0.14320313451907735
2026-04-24 17:00:00+00:00,0.17423330309075197
2026-04-24 17:15:00+00:00,0.10993324969536368
2026-04-24 17:30:00+00:00,0.15042313019104878
2026-04-24 17:45:00+00:00,0.16761278828923468
2026-04-24 18:00:00+00:00,0.1418637141708864
2026-04-24 18:15:00+00:00,0.12516289188615273
2026-04-24 18:30:00+00:00,0.13334730583322518
2026-04-24 18:45:00+00:00,0.17573090349961978
2026-04-24 19:00:00+00:00,0.1527930502912209
2026-04-24 19:15:00+00:00,0.1774708204262913
2026-04-24 19:30:00+00:00,0.11793984108193228
2026-04-24 19:45:00+00:00,0.12778781142435733
2026-04-24 20:00:00+00:00,0.11820025814319539
2026-04-24 20:15:00+00:00,0.12593690516748587
2026-04-24 20:30:00+00:00,0.12319846281901824
2026-04-24 20:45:00+00:00,0.10131679451348162
2026-04-24 21:00:00+00:00,0.17482827495452838
2026-04-24 21:15:00+00:00,0.11081672987118371
2026-04-24 21:30:00+00:00,0.08699610348416933
2026-04-24 21:45:00+00:00,0.11568849612104566
2026-04-24 22:00:00+00:00,0.09555059115897635
2026-04-24 22:15:00+00:00,0.08857225053860901
2026-04-24 22:30:00+00:00,0.10702902082892399
2026-04-24 22:45:00+00:00,0.0931083851758155
2026-04-24 23:00:00+00:00,0.107377721505515
2026-04-24 23:15:00+00:00,0.10673166095365319
2026-04-24 23:30:00+00:00,0.08901071539677702
2026-04-24 23:45:00+00:00,0.15180262495955033
2026-04-25 00:00:00+00:00,0.09039539198607117
2026-04-25 00:15:00+00:00,0.11852115917132176
2026-04-25 00:30:00+00:00,0.08629042995468784
2026-04-25 00:45:00+00:00,0.10338087440960003
2026-04-25 01:00:00+00:00,0.10614790025881576
2026-04-25 01:15:00+00:00,0.09797087822108934
2026-04-25 01:30:00+00:00,0.08825456838583318
2026-04-25 01:45:00+00:00,0.09163602508058591
2026-04-25 02:00:00+00:00,0.06681411887055448
2026-04-25 02:15:00+00:00,0.0901542003838225
2026-04-25 02:30:00+00:00,0.14219615331028385
2026-04-25 02:45:00+00:00,0.09020499419061372
2026-04-25 03:00:00+00:00,0.05904693828707443
2026-04-25 03:15:00+00:00,0.1255236355491019
2026-04-25 03:30:00+00:00,0.08194909017151338
2026-04-25 03:45:00+00:00,0.08864658933189046
2026-04-25 04:00:00+00:00,0.09275338905642984
2026-04-25 04:15:00+00:00,0.08916776208028822
2026-04-25 04:30:00+00:00,0.09235245536603956
2026-04-25 04:45:00+00:00,0.055737576246971
2026-04-25 05:00:00+00:00,0.10117235005693996
2026-04-25 05:15:00+00:00,0.09338742104839891
2026-04-25 05:30:00+00:00,0.0695855473283791
2026-04-25 05:45:00+00:00,0.034109595689143436
2026-04-25 06:00:00+00:00,0.07717743824831262
2026-04-25 06:15:00+00:00,0.022001956884898786
2026-04-25 06:30:00+00:00,0.0
2026-04-25 06:45:00+00:00,0.002583054757359842
2026-04-25 07:00:00+00:00,0.007724833770742185
2026-04-25 07:15:00+00:00,0.0
2026-04-25 07:30:00+00:00,0.01088272246931099
2026-04-25 07:45:00+00:00,0.05347033705716011
2026-04-25 08:00:00+00:00,0.0
2026-04-25 08:15:00+00:00,0.0009767197733792634
2026-04-25 08:30:00+00:00,0.03893970845587285
2026-04-25 08:45:00+00:00,0.0
2026-04-25 09:00:00+00:00,0.0
2026-04-25 09:15:00+00:00,0.0
2026-04-25 09:30:00+00:00,0.0
2026-04-25 09:45:00+00:00,0.0
2026-04-25 10:00:00+00:00,0.0
2026-04-25 10:15:00+00:00,0.0
2026-04-25 10:30:00+00:00,0.0
2026-04-25 10:45:00+00:00,0.0
2026-04-25 11:00:00+00:00,0.0
2026-04-25 11:15:00+00:00,0.0
2026-04-25 11:30:00+00:00,0.0
2026-04-25 11:45:00+00:00,0.0
2026-04-25 12:00:00+00:00,0.0
2026-04-25 12:15:00+00:00,0.0
2026-04-25 12:30:00+00:00,0.0
2026-04-25 12:45:00+00:00,0.0
2026-04-25 13:00:00+00:00,0.0
2026-04-25 13:15:00+00:00,0.0
2026-04-25 13:30:00+00:00,0.0
2026-04-25 13:45:00+00:00,0.0
2026-04-25 14:00:00+00:00,0.0
2026-04-25 14:15:00+00:00,0.0
2026-04-25 14:30:00+00:00,0.0
2026-04-25 14:45:00+00:00,0.0
2026-04-25 15:00:00+00:00,0.0
2026-04-25 15:15:00+00:00,0.0
2026-04-25 15:30:00+00:00,0.0010667762853911618
2026-04-25 15:45:00+00:00,0.0
2026-04-25 16:00:00+00:00,0.0
2026-04-25 16:15:00+00:00,0.0
2026-04-25 16:30:00+00:00,0.011896190135514908
2026-04-25 16:45:00+00:00,0.017785180622437113
2026-04-25 17:00:00+00:00,0.037205560657147176
2026-04-25 17:15:00+00:00,0.05532570746750795
2026-04-25 17:30:00+00:00,0.06000086889608913
2026-04-25 17:45:00+00:00,0.09879964192549344
2026-04-25 18:00:00+00:00,0.08101638708131807
2026-04-25 18:15:00+00:00,0.06130082157430032
2026-04-25 18:30:00+00:00,0.08364142300709657
2026-04-25 18:45:00+00:00,0.0818848117023311
2026-04-25 19:00:00+00:00,0.0831037612230093
2026-04-25 19:15:00+00:00,0.09231110895751758
2026-04-25 19:30:00+00:00,0.07192719642122883
2026-04-25 19:45:00+00:00,0.045901764720508095
2026-04-25 20:00:00+00:00,0.08353169001048322
2026-04-25 20:15:00+00:00,0.0755989730171273
2026-04-25 20:30:00+00:00,0.06620703151221845
2026-04-25 20:45:00+00:00,0.07117558836877425
2026-04-25 21:00:00+00:00,0.05612334733809138
2026-04-25 21:15:00+00:00,0.0756156682744279
2026-04-25 21:30:00+00:00,0.06310878296394547
2026-04-25 21:45:00+00:00,0.059670538748829674
2026-04-25 22:00:00+00:00,0.07717175227692523
2026-04-25 22:15:00+00:00,0.08081972928043636
2026-04-25 22:30:00+00:00,0.08208924063593429
2026-04-25 22:45:00+00:00,0.07508340834227621
2026-04-25 23:00:00+00:00,0.07632910708808112
2026-04-25 23:15:00+00:00,0.07021957652622537
2026-04-25 23:30:00+00:00,0.0831832009837013
2026-04-25 23:45:00+00:00,0.0967602121451091
2026-04-26 00:00:00+00:00,0.08530737062356124
2026-04-26 00:15:00+00:00,0.09433414254759453
2026-04-26 00:30:00+00:00,0.10280401337726192
2026-04-26 00:45:00+00:00,0.08317981480963033
2026-04-26 01:00:00+00:00,0.08606426746944634
2026-04-26 01:15:00+00:00,0.11108192861062496
2026-04-26 01:30:00+00:00,0.10571343411979946
2026-04-26 01:45:00+00:00,0.07665595474187648
2026-04-26 02:00:00+00:00,0.09234148316060906
2026-04-26 02:15:00+00:00,0.09115559992339695
2026-04-26 02:30:00+00:00,0.10653453110858763
2026-04-26 02:45:00+00:00,0.09127021232514945
2026-04-26 03:00:00+00:00,0.08582391627959328
2026-04-26 03:15:00+00:00,0.0927292928470639
2026-04-26 03:30:00+00:00,0.09418071453801567
2026-04-26 03:45:00+00:00,0.10910324166809014
2026-04-26 04:00:00+00:00,0.08528798826851121
2026-04-26 04:15:00+00:00,0.0909738610004068
2026-04-26 04:30:00+00:00,0.07614987609498558
2026-04-26 04:45:00+00:00,0.09847117823412374
2026-04-26 05:00:00+00:00,0.1049603009943114
2026-04-26 05:15:00+00:00,0.08494926569136214
2026-04-26 05:30:00+00:00,0.08018050635186777
2026-04-26 05:45:00+00:00,0.07351221902282898
2026-04-26 06:00:00+00:00,0.10359482007378255
2026-04-26 06:15:00+00:00,0.07708610747563917
2026-04-26 06:30:00+00:00,0.03874458057524885
2026-04-26 06:45:00+00:00,0.0
2026-04-26 07:00:00+00:00,0.0
2026-04-26 07:15:00+00:00,0.0006421945031246505
2026-04-26 07:30:00+00:00,0.04263672476799206
2026-04-26 07:45:00+00:00,0.0
2026-04-26 08:00:00+00:00,0.0
2026-04-26 08:15:00+00:00,0.0
2026-04-26 08:30:00+00:00,0.0
2026-04-26 08:45:00+00:00,0.0
2026-04-26 09:00:00+00:00,0.0
2026-04-26 09:15:00+00:00,0.0
2026-04-26 09:30:00+00:00,0.0
2026-04-26 09:45:00+00:00,0.0
2026-04-26 10:00:00+00:00,0.0
2026-04-26 10:15:00+00:00,0.0
2026-04-26 10:30:00+00:00,0.0
2026-04-26 10:45:00+00:00,0.0
2026-04-26 11:00:00+00:00,0.0
2026-04-26 11:15:00+00:00,0.0
2026-04-26 11:30:00+00:00,0.0
2026-04-26 11:45:00+00:00,0.0
2026-04-26 12:00:00+00:00,0.0
2026-04-26 12:15:00+00:00,0.0
2026-04-26 12:30:00+00:00,0.0
2026-04-26 12:45:00+00:00,0.0
2026-04-26 13:00:00+00:00,0.0
2026-04-26 13:15:00+00:00,0.0
2026-04-26 13:30:00+00:00,0.0
2026-04-26 13:45:00+00:00,0.0
2026-04-26 14:00:00+00:00,0.0
2026-04-26 14:15:00+00:00,0.0
2026-04-26 14:30:00+00:00,0.0
2026-04-26 14:45:00+00:00,0.0
2026-04-26 15:00:00+00:00,0.004685496546210517
2026-04-26 15:15:00+00:00,0.0
2026-04-26 15:30:00+00:00,0.005610206351107666
2026-04-26 15:45:00+00:00,0.04111798499623663
2026-04-26 16:00:00+00:00,0.04074193912692588
2026-04-26 16:15:00+00:00,0.08752482076434963
2026-04-26 16:30:00+00:00,0.13574382759813292
2026-04-26 16:45:00+00:00,0.1742012532553031
2026-04-26 17:00:00+00:00,0.11521863373980214
2026-04-26 17:15:00+00:00,0.17851221598290445
2026-04-26 17:30:00+00:00,0.16347511647368967
2026-04-26 17:45:00+00:00,0.19417211824664302
2026-04-26 18:00:00+00:00,0.15638494496163338
2026-04-26 18:15:00+00:00,0.16025972999603197
2026-04-26 18:30:00+00:00,0.17715959110896667
2026-04-26 18:45:00+00:00,0.16174462636906667
2026-04-26 19:00:00+00:00,0.15413372029130396
2026-04-26 19:15:00+00:00,0.14300611782910072
2026-04-26 19:30:00+00:00,0.1434532109511954
2026-04-26 19:45:00+00:00,0.13641267421801184
2026-04-26 20:00:00+00:00,0.14458800071805947
2026-04-26 20:15:00+00:00,0.13895561376738308
2026-04-26 20:30:00+00:00,0.11372746098582272
2026-04-26 20:45:00+00:00,0.10692036829258293
2026-04-26 21:00:00+00:00,0.11784750455595924
2026-04-26 21:15:00+00:00,0.13732138690066922
2026-04-26 21:30:00+00:00,0.10531691003228753
2026-04-26 21:45:00+00:00,0.12194757389107992
2026-04-26 22:00:00+00:00,0.12953543091092962
2026-04-26 22:15:00+00:00,0.13142648058686193
2026-04-26 22:30:00+00:00,0.16718338690663886
2026-04-26 22:45:00+00:00,0.09926790609416099
2026-04-26 23:00:00+00:00,0.15488645039351878
2026-04-26 23:15:00+00:00,0.10177004478102175
2026-04-26 23:30:00+00:00,0.10693056033666859
2026-04-26 23:45:00+00:00,0.10991098432576074
2026-04-27 00:00:00+00:00,0.10135558473778943
2026-04-27 00:15:00+00:00,0.1274166199065229
2026-04-27 00:30:00+00:00,0.09945718628047559
2026-04-27 00:45:00+00:00,0.1258710342386248
2026-04-27 01:00:00+00:00,0.1248216303143934
2026-04-27 01:15:00+00:00,0.12112302549689036
2026-04-27 01:30:00+00:00,0.1057323339250325
2026-04-27 01:45:00+00:00,0.11694450879176901
2026-04-27 02:00:00+00:00,0.09993628866449382
2026-04-27 02:15:00+00:00,0.12302907035033749
2026-04-27 02:30:00+00:00,0.11613015218463732
2026-04-27 02:45:00+00:00,0.11936679785413315
2026-04-27 03:00:00+00:00,0.10446255153343731
2026-04-27 03:15:00+00:00,0.09922493881370983
2026-04-27 03:30:00+00:00,0.11940459142964242
2026-04-27 03:45:00+00:00,0.14330798195612907
2026-04-27 04:00:00+00:00,0.14607166571525196
2026-04-27 04:15:00+00:00,0.16470671142884952
2026-04-27 04:30:00+00:00,0.1765355435828845
2026-04-27 04:45:00+00:00,0.19384668878116265
2026-04-27 05:00:00+00:00,0.1984600465494564
2026-04-27 05:15:00+00:00,0.16154664996183812
2026-04-27 05:30:00+00:00,0.12398429428562595
2026-04-27 05:45:00+00:00,0.13846614259100104
2026-04-27 06:00:00+00:00,0.19648991611659455
2026-04-27 06:15:00+00:00,0.13689453596429282
2026-04-27 06:30:00+00:00,0.09667511754418179
2026-04-27 06:45:00+00:00,0.09763226533893939
2026-04-27 07:00:00+00:00,0.1239001631398739
2026-04-27 07:15:00+00:00,0.09814018876893389
2026-04-27 07:30:00+00:00,0.0955645884310513
2026-04-27 07:45:00+00:00,0.06258374746873299
2026-04-27 08:00:00+00:00,0.08081185088985054
2026-04-27 08:15:00+00:00,0.06465258064918027
2026-04-27 08:30:00+00:00,0.05908152928661347
2026-04-27 08:45:00+00:00,0.07863252222405019
2026-04-27 09:00:00+00:00,0.019210165743584758
2026-04-27 09:15:00+00:00,0.009334229544758642
2026-04-27 09:30:00+00:00,0.0
2026-04-27 09:45:00+00:00,0.0017666977521907203
2026-04-27 10:00:00+00:00,0.0
2026-04-27 10:15:00+00:00,0.0
2026-04-27 10:30:00+00:00,0.007539029085756444
2026-04-27 10:45:00+00:00,0.0
2026-04-27 11:00:00+00:00,0.0
2026-04-27 11:15:00+00:00,0.0
2026-04-27 11:30:00+00:00,0.009033658927291455
2026-04-27 11:45:00+00:00,0.0044846327354057065
2026-04-27 12:00:00+00:00,0.007754145978230849
2026-04-27 12:15:00+00:00,0.0
2026-04-27 12:30:00+00:00,0.0
2026-04-27 12:45:00+00:00,0.0
2026-04-27 13:00:00+00:00,0.0
2026-04-27 13:15:00+00:00,0.0
2026-04-27 13:30:00+00:00,0.0
2026-04-27 13:45:00+00:00,0.02906644782706652
2026-04-27 14:00:00+00:00,0.0
2026-04-27 14:15:00+00:00,0.07138294768030454
2026-04-27 14:30:00+00:00,0.09345841125026462
2026-04-27 14:45:00+00:00,0.11334668104339787
2026-04-27 15:00:00+00:00,0.07731834146372926
2026-04-27 15:15:00+00:00,0.09066165254831565
2026-04-27 15:30:00+00:00,0.11690299094848985
2026-04-27 15:45:00+00:00,0.13054924567609444
2026-04-27 16:00:00+00:00,0.12270560370432176
2026-04-27 16:15:00+00:00,0.12327503418873442
2026-04-27 16:30:00+00:00,0.14383054671185147
2026-04-27 16:45:00+00:00,0.14139421004063873
2026-04-27 17:00:00+00:00,0.1377784206896749
2026-04-27 17:15:00+00:00,0.17331239592974457
2026-04-27 17:30:00+00:00,0.18537526691674114
2026-04-27 17:45:00+00:00,0.22351544012222122
2026-04-27 18:00:00+00:00,0.2243049084726547
2026-04-27 18:15:00+00:00,0.21091516954607212
2026-04-27 18:30:00+00:00,0.18444587671697277
2026-04-27 18:45:00+00:00,0.1615195336086041
2026-04-27 19:00:00+00:00,0.20498477703837467
2026-04-27 19:15:00+00:00,0.14962841403125116
2026-04-27 19:30:00+00:00,0.13541879061477768
2026-04-27 19:45:00+00:00,0.11616905078840206
2026-04-27 20:00:00+00:00,0.12913927603684422
2026-04-27 20:15:00+00:00,0.12732506244296013
2026-04-27 20:30:00+00:00,0.12206721848260417
2026-04-27 20:45:00+00:00,0.09475419010822007
2026-04-27 21:00:00+00:00,0.1333433255941672
2026-04-27 21:15:00+00:00,0.08977674577397601
2026-04-27 21:30:00+00:00,0.13868816939486323
2026-04-27 21:45:00+00:00,0.12209879133796318
2026-04-27 22:00:00+00:00,0.11730991275827686
2026-04-27 22:15:00+00:00,0.11378426360563773
2026-04-27 22:30:00+00:00,0.11293971873587283
2026-04-27 22:45:00+00:00,0.10122839612011059
2026-04-27 23:00:00+00:00,0.11275619147586936
2026-04-27 23:15:00+00:00,0.10617000022298338
2026-04-27 23:30:00+00:00,0.10531727282769034
2026-04-27 23:45:00+00:00,0.10472461063480638
2026-04-28 00:00:00+00:00,0.09088472201646006
2026-04-28 00:15:00+00:00,0.10290569724133648
2026-04-28 00:30:00+00:00,0.10427447746617477
2026-04-28 00:45:00+00:00,0.10403849621355914
2026-04-28 01:00:00+00:00,0.10020169244563847
2026-04-28 01:15:00+00:00,0.11345857775969373
2026-04-28 01:30:00+00:00,0.0994134744511845
2026-04-28 01:45:00+00:00,0.1062032590682319
2026-04-28 02:00:00+00:00,0.11570297533925546
2026-04-28 02:15:00+00:00,0.10267623859979688
2026-04-28 02:30:00+00:00,0.10766463267467552
2026-04-28 02:45:00+00:00,0.10842615363685103
2026-04-28 03:00:00+00:00,0.11692369793563599
2026-04-28 03:15:00+00:00,0.10666275438413705
2026-04-28 03:30:00+00:00,0.12803354577288206
2026-04-28 03:45:00+00:00,0.11731412105352935
2026-04-28 04:00:00+00:00,0.11019540276551984
2026-04-28 04:15:00+00:00,0.1281937317057412
2026-04-28 04:30:00+00:00,0.12184332166244344
2026-04-28 04:45:00+00:00,0.12952500899099162
2026-04-28 05:00:00+00:00,0.10699595615076266
2026-04-28 05:15:00+00:00,0.12699205261894947
2026-04-28 05:30:00+00:00,0.1118039470124252
2026-04-28 05:45:00+00:00,0.09745741313468723
2026-04-28 06:00:00+00:00,0.123377589981602
2026-04-28 06:15:00+00:00,0.11533296855707348
2026-04-28 06:30:00+00:00,0.10923014205149419
2026-04-28 06:45:00+00:00,0.07589673538715044
2026-04-28 07:00:00+00:00,0.11616273780259714
2026-04-28 07:15:00+00:00,0.11067214785205788
2026-04-28 07:30:00+00:00,0.07287928496947825
2026-04-28 07:45:00+00:00,0.04711988609229009
2026-04-28 08:00:00+00:00,0.07959562454613796
2026-04-28 08:15:00+00:00,0.03555489512184177
2026-04-28 08:30:00+00:00,0.01863138692821305
2026-04-28 08:45:00+00:00,0.0
2026-04-28 09:00:00+00:00,0.0
2026-04-28 09:15:00+00:00,0.007434656483247347
2026-04-28 09:30:00+00:00,0.0060826621965739975
2026-04-28 09:45:00+00:00,0.004766752996156892
2026-04-28 10:00:00+00:00,0.012502824542502521
2026-04-28 10:15:00+00:00,0.0
2026-04-28 10:30:00+00:00,0.0
2026-04-28 10:45:00+00:00,0.0
2026-04-28 11:00:00+00:00,0.0
2026-04-28 11:15:00+00:00,0.0
2026-04-28 11:30:00+00:00,0.0
2026-04-28 11:45:00+00:00,0.0
2026-04-28 12:00:00+00:00,0.0
2026-04-28 12:15:00+00:00,0.0
2026-04-28 12:30:00+00:00,0.0
2026-04-28 12:45:00+00:00,0.0
2026-04-28 13:00:00+00:00,0.0
2026-04-28 13:15:00+00:00,0.0
2026-04-28 13:30:00+00:00,0.0
2026-04-28 13:45:00+00:00,0.0010390417672771803
2026-04-28 14:00:00+00:00,0.0
2026-04-28 14:15:00+00:00,0.01323134564362391
2026-04-28 14:30:00+00:00,0.0
2026-04-28 14:45:00+00:00,0.0
2026-04-28 15:00:00+00:00,0.0
2026-04-28 15:15:00+00:00,0.0011127020351040231
2026-04-28 15:30:00+00:00,0.042594306094147515
2026-04-28 15:45:00+00:00,0.07743022447193959
2026-04-28 16:00:00+00:00,0.06084308913132054
2026-04-28 16:15:00+00:00,0.07974295390745216
2026-04-28 16:30:00+00:00,0.0981316520482175
2026-04-28 16:45:00+00:00,0.09524451223012431
2026-04-28 17:00:00+00:00,0.09529131294621301
2026-04-28 17:15:00+00:00,0.10970761346687424
2026-04-28 17:30:00+00:00,0.1177092056319228
2026-04-28 17:45:00+00:00,0.11770332540689463
2026-04-28 18:00:00+00:00,0.1191019353350358
2026-04-28 18:15:00+00:00,0.10875012611514413
2026-04-28 18:30:00+00:00,0.11981180648451667
2026-04-28 18:45:00+00:00,0.10801908671637384
2026-04-28 19:00:00+00:00,0.11138095343629537
2026-04-28 19:15:00+00:00,0.10582315869010861
2026-04-28 19:30:00+00:00,0.11394499304430217
2026-04-28 19:45:00+00:00,0.10038552230047601
2026-04-28 20:00:00+00:00,0.1270878426667543
2026-04-28 20:15:00+00:00,0.11646850266692899
2026-04-28 20:30:00+00:00,0.10980148131816357
2026-04-28 20:45:00+00:00,0.0962751450265621
2026-04-28 21:00:00+00:00,0.11092520305316303
2026-04-28 21:15:00+00:00,0.10894700889348638
2026-04-28 21:30:00+00:00,0.1018368841220163
2026-04-28 21:45:00+00:00,0.11354701855466931
2026-04-28 22:00:00+00:00,0.10655637318074815
2026-04-28 22:15:00+00:00,0.10751607217568034
2026-04-28 22:30:00+00:00,0.09879565415535979
2026-04-28 22:45:00+00:00,0.10178664453256978
2026-04-28 23:00:00+00:00,0.08985218767330826
2026-04-28 23:15:00+00:00,0.09173601636787207
2026-04-28 23:30:00+00:00,0.10019363553482379
2026-04-28 23:45:00+00:00,0.09948099481557382
2026-04-29 00:00:00+00:00,0.10290611822943248
2026-04-29 00:15:00+00:00,0.10854392892278729
2026-04-29 00:30:00+00:00,0.08419028828184588
2026-04-29 00:45:00+00:00,0.08811547452389704
2026-04-29 01:00:00+00:00,0.09988572641074253
2026-04-29 01:15:00+00:00,0.0907863636819654
2026-04-29 01:30:00+00:00,0.13248768241289363
2026-04-29 01:45:00+00:00,0.10493719619170136
2026-04-29 02:00:00+00:00,0.09789669151069844
2026-04-29 02:15:00+00:00,0.09464530726916141
2026-04-29 02:30:00+00:00,0.09598837716806956
2026-04-29 02:45:00+00:00,0.10363140661315177
2026-04-29 03:00:00+00:00,0.10318981932621257
2026-04-29 03:15:00+00:00,0.10047300855306486
2026-04-29 03:30:00+00:00,0.10697847753480098
2026-04-29 03:45:00+00:00,0.12824284575234596
2026-04-29 04:00:00+00:00,0.13542504962651034
2026-04-29 04:15:00+00:00,0.14045033979934876
2026-04-29 04:30:00+00:00,0.13642740272763262
2026-04-29 04:45:00+00:00,0.15522503156639045
2026-04-29 05:00:00+00:00,0.16854282441611027
2026-04-29 05:15:00+00:00,0.1438678110196238
2026-04-29 05:30:00+00:00,0.12654425852809667
2026-04-29 05:45:00+00:00,0.11924422955285822
2026-04-29 06:00:00+00:00,0.1351238427247902
2026-04-29 06:15:00+00:00,0.12674102969833706
2026-04-29 06:30:00+00:00,0.0983422443367482
2026-04-29 06:45:00+00:00,0.09218265456155712
2026-04-29 07:00:00+00:00,0.13104534243970523
2026-04-29 07:15:00+00:00,0.09105576588513109
2026-04-29 07:30:00+00:00,0.04192556570535714
2026-04-29 07:45:00+00:00,0.0014148893902369685
2026-04-29 08:00:00+00:00,0.008533377962760005
2026-04-29 08:15:00+00:00,0.006471477210704204
2026-04-29 08:30:00+00:00,0.0
2026-04-29 08:45:00+00:00,0.00637439615602714
2026-04-29 09:00:00+00:00,0.0
2026-04-29 09:15:00+00:00,0.004547347862197345
2026-04-29 09:30:00+00:00,0.0
2026-04-29 09:45:00+00:00,0.0
2026-04-29 10:00:00+00:00,0.0
2026-04-29 10:15:00+00:00,0.0
2026-04-29 10:30:00+00:00,0.0
2026-04-29 10:45:00+00:00,0.0
2026-04-29 11:00:00+00:00,0.0
2026-04-29 11:15:00+00:00,0.0
2026-04-29 11:30:00+00:00,0.0
2026-04-29 11:45:00+00:00,0.0
2026-04-29 12:00:00+00:00,0.0
2026-04-29 12:15:00+00:00,0.0
2026-04-29 12:30:00+00:00,0.0
2026-04-29 12:45:00+00:00,0.0
2026-04-29 13:00:00+00:00,0.0
2026-04-29 13:15:00+00:00,0.0
2026-04-29 13:30:00+00:00,0.0
2026-04-29 13:45:00+00:00,0.0
2026-04-29 14:00:00+00:00,0.0
2026-04-29 14:15:00+00:00,0.0
2026-04-29 14:30:00+00:00,0.0
2026-04-29 14:45:00+00:00,0.05381071137066024
2026-04-29 15:00:00+00:00,0.0
2026-04-29 15:15:00+00:00,0.0
2026-04-29 15:30:00+00:00,0.0
2026-04-29 15:45:00+00:00,0.07007945622606104
2026-04-29 16:00:00+00:00,0.04310350201123436
2026-04-29 16:15:00+00:00,0.07703639567234306
2026-04-29 16:30:00+00:00,0.1105386543117536
2026-04-29 16:45:00+00:00,0.12456465059647008
2026-04-29 17:00:00+00:00,0.10261850528462271
2026-04-29 17:15:00+00:00,0.10346605706299254
2026-04-29 17:30:00+00:00,0.12082014945933321
2026-04-29 17:45:00+00:00,0.15038732940219307
2026-04-29 18:00:00+00:00,0.14865067440573831
2026-04-29 18:15:00+00:00,0.1495810262859137
2026-04-29 18:30:00+00:00,0.14149382049874662
2026-04-29 18:45:00+00:00,0.15965640096017045
2026-04-29 19:00:00+00:00,0.15535398552557952
2026-04-29 19:15:00+00:00,0.1466218562379656
2026-04-29 19:30:00+00:00,0.11229872826168397
2026-04-29 19:45:00+00:00,0.09099422223400563
2026-04-29 20:00:00+00:00,0.1275219782491235
2026-04-29 20:15:00+00:00,0.11974545105118987
2026-04-29 20:30:00+00:00,0.11455393795307584
2026-04-29 20:45:00+00:00,0.1512376752155601
2026-04-29 21:00:00+00:00,0.11161427774514181
2026-04-29 21:15:00+00:00,0.10109740542130473
2026-04-29 21:30:00+00:00,0.10029650433668248
2026-04-29 21:45:00+00:00,0.10731632255765075
2026-04-29 22:00:00+00:00,0.10124217229530094
2026-04-29 22:15:00+00:00,0.10764951387331978
2026-04-29 22:30:00+00:00,0.09878131493374209
2026-04-29 22:45:00+00:00,0.09580982654195225
2026-04-29 23:00:00+00:00,0.08803517469111358
2026-04-29 23:15:00+00:00,0.09548963387431803
2026-04-29 23:30:00+00:00,0.06675885444410862
2026-04-29 23:45:00+00:00,0.09580778033694365
2026-04-30 00:00:00+00:00,0.0995112582280916
2026-04-30 00:15:00+00:00,0.10344673654270156
2026-04-30 00:30:00+00:00,0.09533322122475042
2026-04-30 00:45:00+00:00,0.10159673542245
2026-04-30 01:00:00+00:00,0.07695211338609755
2026-04-30 01:15:00+00:00,0.0984416314779305
2026-04-30 01:30:00+00:00,0.08249497207086597
2026-04-30 01:45:00+00:00,0.08877696484340668
2026-04-30 02:00:00+00:00,0.09647834452136139
2026-04-30 02:15:00+00:00,0.11424263987873555
2026-04-30 02:30:00+00:00,0.11060206763470058
2026-04-30 02:45:00+00:00,0.10982230997137117
2026-04-30 03:00:00+00:00,0.10661469610532898
2026-04-30 03:15:00+00:00,0.10374371106795534
2026-04-30 03:30:00+00:00,0.11084016586627315
2026-04-30 03:45:00+00:00,0.12671376045470797
2026-04-30 04:00:00+00:00,0.10577639481555506
2026-04-30 04:15:00+00:00,0.1539005405028302
2026-04-30 04:30:00+00:00,0.14645492932881146
2026-04-30 04:45:00+00:00,0.14679557074869565
2026-04-30 05:00:00+00:00,0.16497093457232084
2026-04-30 05:15:00+00:00,0.11394915987494258
2026-04-30 05:30:00+00:00,0.10808419236772782
2026-04-30 05:45:00+00:00,0.08064472312059376
2026-04-30 06:00:00+00:00,0.10957272034926857
2026-04-30 06:15:00+00:00,0.1049746672379059
2026-04-30 06:30:00+00:00,0.1176125584526534
2026-04-30 06:45:00+00:00,0.0547650989621244
2026-04-30 07:00:00+00:00,0.12752287968605755
2026-04-30 07:15:00+00:00,0.06749098440018336
2026-04-30 07:30:00+00:00,0.0072415683899152445
2026-04-30 07:45:00+00:00,0.0
2026-04-30 08:00:00+00:00,0.007864361802403073
2026-04-30 08:15:00+00:00,0.004375062034730363
2026-04-30 08:30:00+00:00,0.0
2026-04-30 08:45:00+00:00,0.0
2026-04-30 09:00:00+00:00,0.032367611873887384
2026-04-30 09:15:00+00:00,0.0
2026-04-30 09:30:00+00:00,0.0427426110681738
2026-04-30 09:45:00+00:00,0.0
2026-04-30 10:00:00+00:00,0.0
2026-04-30 10:15:00+00:00,0.0
2026-04-30 10:30:00+00:00,0.0
2026-04-30 10:45:00+00:00,0.0
2026-04-30 11:00:00+00:00,0.0
2026-04-30 11:15:00+00:00,0.0
2026-04-30 11:30:00+00:00,0.0
2026-04-30 11:45:00+00:00,0.0
2026-04-30 12:00:00+00:00,0.0
2026-04-30 12:15:00+00:00,0.0
2026-04-30 12:30:00+00:00,0.0
2026-04-30 12:45:00+00:00,0.0
2026-04-30 13:00:00+00:00,0.0
2026-04-30 13:15:00+00:00,0.0
2026-04-30 13:30:00+00:00,0.0
2026-04-30 13:45:00+00:00,0.0
2026-04-30 14:00:00+00:00,0.0
2026-04-30 14:15:00+00:00,0.0
2026-04-30 14:30:00+00:00,0.0
2026-04-30 14:45:00+00:00,0.0
2026-04-30 15:00:00+00:00,0.04204949154552649
2026-04-30 15:15:00+00:00,0.012065031949519207
2026-04-30 15:30:00+00:00,0.005561863580710707
2026-04-30 15:45:00+00:00,0.07211468141831207
2026-04-30 16:00:00+00:00,0.033405427509309964
2026-04-30 16:15:00+00:00,0.10158916505660762
2026-04-30 16:30:00+00:00,0.1250957740696415
2026-04-30 16:45:00+00:00,0.13692497031205084
2026-04-30 17:00:00+00:00,0.09937515258810557
2026-04-30 17:15:00+00:00,0.1150616689717431
2026-04-30 17:30:00+00:00,0.1418593677753422
2026-04-30 17:45:00+00:00,0.18190966645676399
2026-04-30 18:00:00+00:00,0.18354627409358232
2026-04-30 18:15:00+00:00,0.19267309817485204
2026-04-30 18:30:00+00:00,0.18700801191145017
2026-04-30 18:45:00+00:00,0.17950283711436169
2026-04-30 19:00:00+00:00,0.20025869121400178
2026-04-30 19:15:00+00:00,0.15668663393407556
2026-04-30 19:30:00+00:00,0.14222463771395655
2026-04-30 19:45:00+00:00,0.11154339816165784
2026-04-30 20:00:00+00:00,0.14422006983583013
2026-04-30 20:15:00+00:00,0.13071509157175845
2026-04-30 20:30:00+00:00,0.12402415969942991
2026-04-30 20:45:00+00:00,0.11021069841191525
2026-04-30 21:00:00+00:00,0.11090641836009112
2026-04-30 21:15:00+00:00,0.09717471562134523
2026-04-30 21:30:00+00:00,0.10633962792478902
2026-04-30 21:45:00+00:00,0.11831012542249184
2026-04-30 22:00:00+00:00,0.11289155098635927
2026-04-30 22:15:00+00:00,0.11671126585460054
2026-04-30 22:30:00+00:00,0.11191951400518932
2026-04-30 22:45:00+00:00,0.09774313779072827
2026-04-30 23:00:00+00:00,0.11808344837519519
2026-04-30 23:15:00+00:00,0.07407339255519496
2026-04-30 23:30:00+00:00,0.09093249721261826
2026-04-30 23:45:00+00:00,0.0919436770364154
2026-05-01 00:00:00+00:00,0.0946428497713261
2026-05-01 00:15:00+00:00,0.10387262951185895
2026-05-01 00:30:00+00:00,0.10399037803053902
2026-05-01 00:45:00+00:00,0.10503990572175008
2026-05-01 01:00:00+00:00,0.10497081494132487
2026-05-01 01:15:00+00:00,0.08945895430854352
2026-05-01 01:30:00+00:00,0.1375982393319268
2026-05-01 01:45:00+00:00,0.10319319682007863
2026-05-01 02:00:00+00:00,0.09149767926353561
2026-05-01 02:15:00+00:00,0.0825052495463203
2026-05-01 02:30:00+00:00,0.10671344284541481
2026-05-01 02:45:00+00:00,0.11286101906502298
2026-05-01 03:00:00+00:00,0.1129216088969866
2026-05-01 03:15:00+00:00,0.0997400772147472
2026-05-01 03:30:00+00:00,0.10562932095972903
2026-05-01 03:45:00+00:00,0.10908868223361912
2026-05-01 04:00:00+00:00,0.10626584209976567
2026-05-01 04:15:00+00:00,0.12176677684054091
2026-05-01 04:30:00+00:00,0.10949396234143209
2026-05-01 04:45:00+00:00,0.1441271165234259
2026-05-01 05:00:00+00:00,0.12664093020875936
2026-05-01 05:15:00+00:00,0.10884256709748003
2026-05-01 05:30:00+00:00,0.07225523762541537
2026-05-01 05:45:00+00:00,0.015840209405325822
2026-05-01 06:00:00+00:00,0.11316926632314722
2026-05-01 06:15:00+00:00,0.02551469259027888
2026-05-01 06:30:00+00:00,0.020190582102439143
2026-05-01 06:45:00+00:00,0.0
2026-05-01 07:00:00+00:00,0.012920109851977064
2026-05-01 07:15:00+00:00,0.01134768614866765
2026-05-01 07:30:00+00:00,0.004291429743153713
2026-05-01 07:45:00+00:00,0.0038253531762713084
2026-05-01 08:00:00+00:00,0.0028462861719256594
2026-05-01 08:15:00+00:00,0.0
2026-05-01 08:30:00+00:00,0.0
2026-05-01 08:45:00+00:00,0.0
2026-05-01 09:00:00+00:00,0.0
2026-05-01 09:15:00+00:00,0.0
2026-05-01 09:30:00+00:00,0.0
2026-05-01 09:45:00+00:00,0.0
2026-05-01 10:00:00+00:00,0.0
2026-05-01 10:15:00+00:00,0.0
2026-05-01 10:30:00+00:00,0.0
2026-05-01 10:45:00+00:00,0.0
2026-05-01 11:00:00+00:00,0.0
2026-05-01 11:15:00+00:00,0.0
2026-05-01 11:30:00+00:00,0.0
2026-05-01 11:45:00+00:00,0.0
2026-05-01 12:00:00+00:00,0.0
2026-05-01 12:15:00+00:00,0.0
2026-05-01 12:30:00+00:00,0.0
2026-05-01 12:45:00+00:00,0.0
2026-05-01 13:00:00+00:00,0.0
2026-05-01 13:15:00+00:00,0.0
2026-05-01 13:30:00+00:00,0.0
2026-05-01 13:45:00+00:00,0.0
2026-05-01 14:00:00+00:00,0.0
2026-05-01 14:15:00+00:00,0.0
2026-05-01 14:30:00+00:00,0.0
2026-05-01 14:45:00+00:00,0.003443205608266652
2026-05-01 15:00:00+00:00,0.0039839886065174
2026-05-01 15:15:00+00:00,0.01062261776294304
2026-05-01 15:30:00+00:00,0.0
2026-05-01 15:45:00+00:00,0.014572247597695254
2026-05-01 16:00:00+00:00,0.0020142261043625616
2026-05-01 16:15:00+00:00,0.06942247660452901
2026-05-01 16:30:00+00:00,0.11531498204047497
2026-05-01 16:45:00+00:00,0.1646424869982359
2026-05-01 17:00:00+00:00,0.12996016418252687
2026-05-01 17:15:00+00:00,0.13710927861573752
2026-05-01 17:30:00+00:00,0.15311575769600314
2026-05-01 17:45:00+00:00,0.24166394492997975
2026-05-01 18:00:00+00:00,0.1643419813568921
2026-05-01 18:15:00+00:00,0.20645373331399558
2026-05-01 18:30:00+00:00,0.2251178538779951
2026-05-01 18:45:00+00:00,0.14914502586100642
2026-05-01 19:00:00+00:00,0.19144066712811564
2026-05-01 19:15:00+00:00,0.14018287304740895
2026-05-01 19:30:00+00:00,0.10558655842922891
2026-05-01 19:45:00+00:00,0.11084655761566028
2026-05-01 20:00:00+00:00,0.12225725567075463
2026-05-01 20:15:00+00:00,0.10521256065069656
2026-05-01 20:30:00+00:00,0.09795638498237383
2026-05-01 20:45:00+00:00,0.10545788034085521
2026-05-01 21:00:00+00:00,0.09127509027131175
2026-05-01 21:15:00+00:00,0.09464188328976422
2026-05-01 21:30:00+00:00,0.10147273381264477
2026-05-01 21:45:00+00:00,0.11289479874874314
2026-05-01 22:00:00+00:00,0.14277588819553005
2026-05-01 22:15:00+00:00,0.11413738357822713
2026-05-01 22:30:00+00:00,0.1014588582992769
2026-05-01 22:45:00+00:00,0.10357589006152579
2026-05-01 23:00:00+00:00,0.10609575049364293
2026-05-01 23:15:00+00:00,0.11390058166736933
2026-05-01 23:30:00+00:00,0.10441473483014224
2026-05-01 23:45:00+00:00,0.1072285238490987
2026-05-02 00:00:00+00:00,0.15102556209702372
2026-05-02 00:15:00+00:00,0.11216500219721257
2026-05-02 00:30:00+00:00,0.09566514415718454
2026-05-02 00:45:00+00:00,0.08778810130862008
2026-05-02 01:00:00+00:00,0.1191432038104222
2026-05-02 01:15:00+00:00,0.07387022253038883
2026-05-02 01:30:00+00:00,0.1346926127469507
2026-05-02 01:45:00+00:00,0.08549972148169606
2026-05-02 02:00:00+00:00,0.11660306273056564
2026-05-02 02:15:00+00:00,0.11228858884146511
2026-05-02 02:30:00+00:00,0.10915928143642198
2026-05-02 02:45:00+00:00,0.09091341337623668
2026-05-02 03:00:00+00:00,0.11708178003841775
2026-05-02 03:15:00+00:00,0.09546352003840972
2026-05-02 03:30:00+00:00,0.10491263370303122
2026-05-02 03:45:00+00:00,0.09684695381106206
2026-05-02 04:00:00+00:00,0.09515533428676748
2026-05-02 04:15:00+00:00,0.09426221326073621
2026-05-02 04:30:00+00:00,0.09137360006580837
2026-05-02 04:45:00+00:00,0.08730491648678079
2026-05-02 05:00:00+00:00,0.11452199798775388
2026-05-02 05:15:00+00:00,0.08624528629796316
2026-05-02 05:30:00+00:00,0.08713523992698854
2026-05-02 05:45:00+00:00,0.012932469312592693
2026-05-02 06:00:00+00:00,0.05130887247921195
2026-05-02 06:15:00+00:00,0.027177387066589793
2026-05-02 06:30:00+00:00,0.016239628682551695
2026-05-02 06:45:00+00:00,0.0014512855894663885
2026-05-02 07:00:00+00:00,0.006869200673839576
2026-05-02 07:15:00+00:00,0.010189483833147214
2026-05-02 07:30:00+00:00,0.0149116640428018
2026-05-02 07:45:00+00:00,0.0
2026-05-02 08:00:00+00:00,0.002659757831275602
2026-05-02 08:15:00+00:00,0.016695739643487573
2026-05-02 08:30:00+00:00,0.0
2026-05-02 08:45:00+00:00,0.0
2026-05-02 09:00:00+00:00,0.004658359786029631
2026-05-02 09:15:00+00:00,0.0
2026-05-02 09:30:00+00:00,0.0
2026-05-02 09:45:00+00:00,0.0
2026-05-02 10:00:00+00:00,0.0
2026-05-02 10:15:00+00:00,0.0
2026-05-02 10:30:00+00:00,0.0
2026-05-02 10:45:00+00:00,0.0
2026-05-02 11:00:00+00:00,0.0
2026-05-02 11:15:00+00:00,0.0
2026-05-02 11:30:00+00:00,0.0
2026-05-02 11:45:00+00:00,0.0
2026-05-02 12:00:00+00:00,0.0
2026-05-02 12:15:00+00:00,0.0
2026-05-02 12:30:00+00:00,0.0
2026-05-02 12:45:00+00:00,0.0
2026-05-02 13:00:00+00:00,0.0
2026-05-02 13:15:00+00:00,0.006060866393345021
2026-05-02 13:30:00+00:00,0.0
2026-05-02 13:45:00+00:00,0.0
2026-05-02 14:00:00+00:00,5.70086726755042e-05
2026-05-02 14:15:00+00:00,0.0
2026-05-02 14:30:00+00:00,0.0
2026-05-02 14:45:00+00:00,0.0
2026-05-02 15:00:00+00:00,0.04046345922500762
2026-05-02 15:15:00+00:00,0.0033227830517993714
2026-05-02 15:30:00+00:00,0.08833929089517424
2026-05-02 15:45:00+00:00,0.1451793729655821
2026-05-02 16:00:00+00:00,0.09053900489387524
2026-05-02 16:15:00+00:00,0.11857976345828142
2026-05-02 16:30:00+00:00,0.1474486239798222
2026-05-02 16:45:00+00:00,0.15203035697406414
2026-05-02 17:00:00+00:00,0.11263541978851771
2026-05-02 17:15:00+00:00,0.15053135423150713
2026-05-02 17:30:00+00:00,0.15005264177250666
2026-05-02 17:45:00+00:00,0.2687147316486961
2026-05-02 18:00:00+00:00,0.1918189015376776
2026-05-02 18:15:00+00:00,0.1950786928387254
2026-05-02 18:30:00+00:00,0.21196836480953643
2026-05-02 18:45:00+00:00,0.17791394157645532
2026-05-02 19:00:00+00:00,0.20446405768136203
2026-05-02 19:15:00+00:00,0.13561410935831084
2026-05-02 19:30:00+00:00,0.13806811180433007
2026-05-02 19:45:00+00:00,0.11023953506653567
2026-05-02 20:00:00+00:00,0.18083733016190223
2026-05-02 20:15:00+00:00,0.1440807869690025
2026-05-02 20:30:00+00:00,0.10878795594816079
2026-05-02 20:45:00+00:00,0.1373381860632834
2026-05-02 21:00:00+00:00,0.14024609294415222
2026-05-02 21:15:00+00:00,0.1366569802144487
2026-05-02 21:30:00+00:00,0.11015334798457227
2026-05-02 21:45:00+00:00,0.11967379118473118
2026-05-02 22:00:00+00:00,0.14079393449722066
2026-05-02 22:15:00+00:00,0.11909391600995323
2026-05-02 22:30:00+00:00,0.1396792245924836
2026-05-02 22:45:00+00:00,0.11595064634912938
2026-05-02 23:00:00+00:00,0.12966785800452474
2026-05-02 23:15:00+00:00,0.12084008807258655
2026-05-02 23:30:00+00:00,0.12180521532856868
2026-05-02 23:45:00+00:00,0.09529667732365227
2026-05-03 00:00:00+00:00,0.11497053738215363
2026-05-03 00:15:00+00:00,0.10354024898742734
2026-05-03 00:30:00+00:00,0.15153601694222313
2026-05-03 00:45:00+00:00,0.1259410318446598
2026-05-03 01:00:00+00:00,0.1071622975193765
2026-05-03 01:15:00+00:00,0.09908698169024503
2026-05-03 01:30:00+00:00,0.10430868371891125
2026-05-03 01:45:00+00:00,0.09458549771078087
2026-05-03 02:00:00+00:00,0.1211988446819627
2026-05-03 02:15:00+00:00,0.09868319255833485
2026-05-03 02:30:00+00:00,0.1113529993394367
2026-05-03 02:45:00+00:00,0.12017106714210325
2026-05-03 03:00:00+00:00,0.09969847318785272
2026-05-03 03:15:00+00:00,0.11248022432272786
2026-05-03 03:30:00+00:00,0.0968391394509557
2026-05-03 03:45:00+00:00,0.13374769569113684
2026-05-03 04:00:00+00:00,0.11719380134616622
2026-05-03 04:15:00+00:00,0.10201393561239194
2026-05-03 04:30:00+00:00,0.09501166269111036
2026-05-03 04:45:00+00:00,0.09115003447160373
2026-05-03 05:00:00+00:00,0.1163701627764848
2026-05-03 05:15:00+00:00,0.11278944553999506
2026-05-03 05:30:00+00:00,0.056844652777850974
2026-05-03 05:45:00+00:00,0.060568014232902034
2026-05-03 06:00:00+00:00,0.08757661933366291
2026-05-03 06:15:00+00:00,0.0740758969965513
2026-05-03 06:30:00+00:00,0.06620383345061658
2026-05-03 06:45:00+00:00,0.055489291898795166
2026-05-03 07:00:00+00:00,0.07096066066332099
2026-05-03 07:15:00+00:00,0.042449844464924356
2026-05-03 07:30:00+00:00,0.030009116113727863
2026-05-03 07:45:00+00:00,0.0
2026-05-03 08:00:00+00:00,0.009347948741631638
2026-05-03 08:15:00+00:00,0.0
2026-05-03 08:30:00+00:00,0.005873201631358254
2026-05-03 08:45:00+00:00,0.014134973675705147
2026-05-03 09:00:00+00:00,0.0
2026-05-03 09:15:00+00:00,0.0
2026-05-03 09:30:00+00:00,0.0
2026-05-03 09:45:00+00:00,0.009224317757568008
2026-05-03 10:00:00+00:00,0.0
2026-05-03 10:15:00+00:00,0.010733293805663333
2026-05-03 10:30:00+00:00,0.0
2026-05-03 10:45:00+00:00,0.0
2026-05-03 11:00:00+00:00,0.0
2026-05-03 11:15:00+00:00,0.0
2026-05-03 11:30:00+00:00,0.0
2026-05-03 11:45:00+00:00,0.0
2026-05-03 12:00:00+00:00,0.0
2026-05-03 12:15:00+00:00,0.0
2026-05-03 12:30:00+00:00,0.0
2026-05-03 12:45:00+00:00,0.0
2026-05-03 13:00:00+00:00,0.0
2026-05-03 13:15:00+00:00,0.0
2026-05-03 13:30:00+00:00,0.029657377874125146
2026-05-03 13:45:00+00:00,0.00720122481485493
2026-05-03 14:00:00+00:00,0.004940615726946707
2026-05-03 14:15:00+00:00,0.004070909439935746
2026-05-03 14:30:00+00:00,0.01321928421945811
2026-05-03 14:45:00+00:00,0.031139681096960747
2026-05-03 15:00:00+00:00,0.0069488585722874505
2026-05-03 15:15:00+00:00,0.06754970223191956
2026-05-03 15:30:00+00:00,0.0962149970029409
2026-05-03 15:45:00+00:00,0.1252070428322993
2026-05-03 16:00:00+00:00,0.10089150846512204
2026-05-03 16:15:00+00:00,0.10887394853795415
2026-05-03 16:30:00+00:00,0.10962994716643168
2026-05-03 16:45:00+00:00,0.1332082330920624
2026-05-03 17:00:00+00:00,0.11215624833296144
2026-05-03 17:15:00+00:00,0.12708648071610923
2026-05-03 17:30:00+00:00,0.13132965241759345
2026-05-03 17:45:00+00:00,0.1641163147414105
2026-05-03 18:00:00+00:00,0.15567866067267866
2026-05-03 18:15:00+00:00,0.14882381373011905
2026-05-03 18:30:00+00:00,0.1264697381801668
2026-05-03 18:45:00+00:00,0.1548819599887904
2026-05-03 19:00:00+00:00,0.16369720450373765
2026-05-03 19:15:00+00:00,0.1388679051130794
2026-05-03 19:30:00+00:00,0.14716926160335533
2026-05-03 19:45:00+00:00,0.1231632486195332
2026-05-03 20:00:00+00:00,0.12140754065150411
2026-05-03 20:15:00+00:00,0.13014715561378407
2026-05-03 20:30:00+00:00,0.14216300866044757
2026-05-03 20:45:00+00:00,0.10390920076388525
2026-05-03 21:00:00+00:00,0.13395521281931494
2026-05-03 21:15:00+00:00,0.12158143893340212
2026-05-03 21:30:00+00:00,0.11082025756032188
2026-05-03 21:45:00+00:00,0.10887478400162884
2026-05-03 22:00:00+00:00,0.12751249134236203
2026-05-03 22:15:00+00:00,0.11445837658065273
2026-05-03 22:30:00+00:00,0.09824941502832069
2026-05-03 22:45:00+00:00,0.11223031942943455
2026-05-03 23:00:00+00:00,0.12138366582444972
2026-05-03 23:15:00+00:00,0.11811572518653421
2026-05-03 23:30:00+00:00,0.10025264532610188
2026-05-03 23:45:00+00:00,0.09270772084622324
2026-05-04 00:00:00+00:00,0.11041812117845222
2026-05-04 00:15:00+00:00,0.12631791509795665
2026-05-04 00:30:00+00:00,0.11655598078959546
2026-05-04 00:45:00+00:00,0.11526964676794234
2026-05-04 01:00:00+00:00,0.11544856951785495
2026-05-04 01:15:00+00:00,0.10965766562518586
2026-05-04 01:30:00+00:00,0.10713608547613579
2026-05-04 01:45:00+00:00,0.11408306896647968
2026-05-04 02:00:00+00:00,0.1015783389578198
2026-05-04 02:15:00+00:00,0.09460536988633679
2026-05-04 02:30:00+00:00,0.11822996934624323
2026-05-04 02:45:00+00:00,0.12521738105749225
2026-05-04 03:00:00+00:00,0.15018768060643967
2026-05-04 03:15:00+00:00,0.127309214824159
2026-05-04 03:30:00+00:00,0.1512976571338819
2026-05-04 03:45:00+00:00,0.15055753798242877
2026-05-04 04:00:00+00:00,0.13353997815258256
2026-05-04 04:15:00+00:00,0.15516018673526757
2026-05-04 04:30:00+00:00,0.146494660317993
2026-05-04 04:45:00+00:00,0.144372698900436
2026-05-04 05:00:00+00:00,0.16766184067271542
2026-05-04 05:15:00+00:00,0.13822270524970104
2026-05-04 05:30:00+00:00,0.13275071077507772
2026-05-04 05:45:00+00:00,0.14048290880373943
2026-05-04 06:00:00+00:00,0.1552869146108757
2026-05-04 06:15:00+00:00,0.14631554577039937
2026-05-04 06:30:00+00:00,0.1499522538848339
2026-05-04 06:45:00+00:00,0.10986514036075821
2026-05-04 07:00:00+00:00,0.13587172150334795
2026-05-04 07:15:00+00:00,0.10236467064385368
2026-05-04 07:30:00+00:00,0.11908937663516536
2026-05-04 07:45:00+00:00,0.09581609134889323
2026-05-04 08:00:00+00:00,0.11965420832581093
2026-05-04 08:15:00+00:00,0.09708151374930837
2026-05-04 08:30:00+00:00,0.10730974234914031
2026-05-04 08:45:00+00:00,0.07277023445625
2026-05-04 09:00:00+00:00,0.0746576136538496
2026-05-04 09:15:00+00:00,0.09147567302912075
2026-05-04 09:30:00+00:00,0.09796531256905125
2026-05-04 09:45:00+00:00,0.08952269375807499
2026-05-04 10:00:00+00:00,0.09980204237413912
2026-05-04 10:15:00+00:00,0.0788137267417967
2026-05-04 10:30:00+00:00,0.06499151668140139
2026-05-04 10:45:00+00:00,0.0444557984586032
2026-05-04 11:00:00+00:00,0.07003687765804782
2026-05-04 11:15:00+00:00,0.07917959002257799
2026-05-04 11:30:00+00:00,0.059079522173328854
2026-05-04 11:45:00+00:00,0.07360320263677764
2026-05-04 12:00:00+00:00,0.07702360254306709
2026-05-04 12:15:00+00:00,0.06939707625750184
2026-05-04 12:30:00+00:00,0.09002235896638817
2026-05-04 12:45:00+00:00,0.10453121790001706
2026-05-04 13:00:00+00:00,0.08161186648106593
2026-05-04 13:15:00+00:00,0.07833935578167699
2026-05-04 13:30:00+00:00,0.09330398972978027
2026-05-04 13:45:00+00:00,0.08682615891391131
2026-05-04 14:00:00+00:00,0.09191903263976617
2026-05-04 14:15:00+00:00,0.10407274377648579
2026-05-04 14:30:00+00:00,0.12938636293845562
2026-05-04 14:45:00+00:00,0.12920005207433374
2026-05-04 15:00:00+00:00,0.09742485338146471
2026-05-04 15:15:00+00:00,0.11738711897614099
2026-05-04 15:30:00+00:00,0.1376257287947492
2026-05-04 15:45:00+00:00,0.140188145633378
2026-05-04 16:00:00+00:00,0.13332210378716763
2026-05-04 16:15:00+00:00,0.14386690846481434
2026-05-04 16:30:00+00:00,0.18173199766088896
2026-05-04 16:45:00+00:00,0.20883403119667363
2026-05-04 17:00:00+00:00,0.15753345350975093
2026-05-04 17:15:00+00:00,0.19313619944392335
2026-05-04 17:30:00+00:00,0.2673650061170048
2026-05-04 17:45:00+00:00,0.35707362325963027
2026-05-04 18:00:00+00:00,0.28616522942317013
2026-05-04 18:15:00+00:00,0.28961174039051635
2026-05-04 18:30:00+00:00,0.27151356965870166
2026-05-04 18:45:00+00:00,0.22336114650876998
2026-05-04 19:00:00+00:00,0.27118192554912773
2026-05-04 19:15:00+00:00,0.19549335883159005
2026-05-04 19:30:00+00:00,0.15531088906433327
2026-05-04 19:45:00+00:00,0.16297158713073231
2026-05-04 20:00:00+00:00,0.17187321239304132
2026-05-04 20:15:00+00:00,0.14992343666120692
2026-05-04 20:30:00+00:00,0.1374851133673031
2026-05-04 20:45:00+00:00,0.13463828387755603
2026-05-04 21:00:00+00:00,0.14893760691121605
2026-05-04 21:15:00+00:00,0.14188240101221
2026-05-04 21:30:00+00:00,0.11489824898608206
2026-05-04 21:45:00+00:00,0.13583171472532002
2026-05-04 22:00:00+00:00,0.14974582799642197
2026-05-04 22:15:00+00:00,0.12002128413936866
2026-05-04 22:30:00+00:00,0.15352922727047597
2026-05-04 22:45:00+00:00,0.11357927853858599
2026-05-04 23:00:00+00:00,0.12945333538572878
2026-05-04 23:15:00+00:00,0.15195291898690777
2026-05-04 23:30:00+00:00,0.13078256964974272
2026-05-04 23:45:00+00:00,0.10334410350818543
2026-05-05 00:00:00+00:00,0.11638344495099057
2026-05-05 00:15:00+00:00,0.12125787563727017
2026-05-05 00:30:00+00:00,0.12412683554298097
2026-05-05 00:45:00+00:00,0.10863251139689577
2026-05-05 01:00:00+00:00,0.12083009772022939
2026-05-05 01:15:00+00:00,0.1146636086238946
2026-05-05 01:30:00+00:00,0.11164241437397683
2026-05-05 01:45:00+00:00,0.12407595646698955
2026-05-05 02:00:00+00:00,0.12842877173442824
2026-05-05 02:15:00+00:00,0.1307504127696162
2026-05-05 02:30:00+00:00,0.13118386351133876
2026-05-05 02:45:00+00:00,0.12215630466859737
2026-05-05 03:00:00+00:00,0.13133549761463506
2026-05-05 03:15:00+00:00,0.13066054438104288
2026-05-05 03:30:00+00:00,0.13791941882952014
2026-05-05 03:45:00+00:00,0.14115306878298203
2026-05-05 04:00:00+00:00,0.14442123872658472
2026-05-05 04:15:00+00:00,0.15626886936124554
2026-05-05 04:30:00+00:00,0.18806874466985501
2026-05-05 04:45:00+00:00,0.17487242480091392
2026-05-05 05:00:00+00:00,0.17222811497749713
2026-05-05 05:15:00+00:00,0.15722610555030558
2026-05-05 05:30:00+00:00,0.14667233387343798
2026-05-05 05:45:00+00:00,0.16935293447549066
2026-05-05 06:00:00+00:00,0.16315743354054038
2026-05-05 06:15:00+00:00,0.15603870534610284
2026-05-05 06:30:00+00:00,0.14102071754528642
2026-05-05 06:45:00+00:00,0.1326418454127963
2026-05-05 07:00:00+00:00,0.14932745274008724
2026-05-05 07:15:00+00:00,0.12431097150190076
2026-05-05 07:30:00+00:00,0.11958888345847231
2026-05-05 07:45:00+00:00,0.1375886969445533
2026-05-05 08:00:00+00:00,0.13450592894895796
2026-05-05 08:15:00+00:00,0.12379672318690729
2026-05-05 08:30:00+00:00,0.11659276293122914
2026-05-05 08:45:00+00:00,0.11180575488311065
2026-05-05 09:00:00+00:00,0.13325775813175064
2026-05-05 09:15:00+00:00,0.11042908301877158
2026-05-05 09:30:00+00:00,0.11213262367200919
2026-05-05 09:45:00+00:00,0.08909087071405987
2026-05-05 10:00:00+00:00,0.0980303931340876
2026-05-05 10:15:00+00:00,0.0852718100016496
2026-05-05 10:30:00+00:00,0.10804063583516149
2026-05-05 10:45:00+00:00,0.0719845984797925
2026-05-05 11:00:00+00:00,0.09422689977247278
2026-05-05 11:15:00+00:00,0.06836293397339377
2026-05-05 11:30:00+00:00,0.0890471210451811
2026-05-05 11:45:00+00:00,0.09340051050268133
2026-05-05 12:00:00+00:00,0.10617871093794043
2026-05-05 12:15:00+00:00,0.10226627939221457
2026-05-05 12:30:00+00:00,0.09100858476671034
2026-05-05 12:45:00+00:00,0.11166963719731826
2026-05-05 13:00:00+00:00,0.11128832254529758
2026-05-05 13:15:00+00:00,0.10252566858707253
2026-05-05 13:30:00+00:00,0.09327328492228008
2026-05-05 13:45:00+00:00,0.09549986286096859
2026-05-05 14:00:00+00:00,0.10127902700054475
2026-05-05 14:15:00+00:00,0.1060346127315419
2026-05-05 14:30:00+00:00,0.10919885726980676
2026-05-05 14:45:00+00:00,0.13983092663524044
2026-05-05 15:00:00+00:00,0.12001055167937834
2026-05-05 15:15:00+00:00,0.09635434306327892
2026-05-05 15:30:00+00:00,0.1354164198787169
2026-05-05 15:45:00+00:00,0.12779983643832468
2026-05-05 16:00:00+00:00,0.12375029075388463
2026-05-05 16:15:00+00:00,0.12410830528273668
2026-05-05 16:30:00+00:00,0.14296661676487699
2026-05-05 16:45:00+00:00,0.15405850607959695
2026-05-05 17:00:00+00:00,0.15100482003452287
2026-05-05 17:15:00+00:00,0.1429919771490904
2026-05-05 17:30:00+00:00,0.16639667607249847
2026-05-05 17:45:00+00:00,0.2082097107706163
2026-05-05 18:00:00+00:00,0.15187640941065939
2026-05-05 18:15:00+00:00,0.16647489695660778
2026-05-05 18:30:00+00:00,0.1408454263748753
2026-05-05 18:45:00+00:00,0.15203064707029867
2026-05-05 19:00:00+00:00,0.16342717152631484
2026-05-05 19:15:00+00:00,0.15916639231357269
2026-05-05 19:30:00+00:00,0.14681363730284097
2026-05-05 19:45:00+00:00,0.19188263424758978
2026-05-05 20:00:00+00:00,0.1720705453594279
2026-05-05 20:15:00+00:00,0.152733046874376
2026-05-05 20:30:00+00:00,0.12480479070590364
2026-05-05 20:45:00+00:00,0.10421896013533262
2026-05-05 21:00:00+00:00,0.12396848583426197
2026-05-05 21:15:00+00:00,0.10794017234382652
2026-05-05 21:30:00+00:00,0.11543347547864632
2026-05-05 21:45:00+00:00,0.09299806460570502
2026-05-05 22:00:00+00:00,0.1272817756740966
2026-05-05 22:15:00+00:00,0.1281401405453631
2026-05-05 22:30:00+00:00,0.11717304127182822
2026-05-05 22:45:00+00:00,0.10472686177252204
2026-05-05 23:00:00+00:00,0.1297781405758569
2026-05-05 23:15:00+00:00,0.09536019055246173
2026-05-05 23:30:00+00:00,0.10974204944122537
2026-05-05 23:45:00+00:00,0.11130339976618665
2026-05-06 00:00:00+00:00,0.11361908658399632
2026-05-06 00:15:00+00:00,0.1148149605607808
2026-05-06 00:30:00+00:00,0.11886439819809493
2026-05-06 00:45:00+00:00,0.11307592560954649
2026-05-06 01:00:00+00:00,0.10892941717856319
2026-05-06 01:15:00+00:00,0.10875410655340305
2026-05-06 01:30:00+00:00,0.10742484197961645
2026-05-06 01:45:00+00:00,0.12087543324326866
2026-05-06 02:00:00+00:00,0.10652471520523485
2026-05-06 02:15:00+00:00,0.12112771109008244
2026-05-06 02:30:00+00:00,0.11390999082259871
2026-05-06 02:45:00+00:00,0.1087774519314387
2026-05-06 03:00:00+00:00,0.11874407215744134
2026-05-06 03:15:00+00:00,0.10884546075276882
2026-05-06 03:30:00+00:00,0.12547184040728213
2026-05-06 03:45:00+00:00,0.12725726121191783
2026-05-06 04:00:00+00:00,0.1146367531090808
2026-05-06 04:15:00+00:00,0.13500634815334558
2026-05-06 04:30:00+00:00,0.1415058972568864
2026-05-06 04:45:00+00:00,0.14977519605809958
2026-05-06 05:00:00+00:00,0.15976147012409297
2026-05-06 05:15:00+00:00,0.15487274020726283
2026-05-06 05:30:00+00:00,0.17976409048791236
2026-05-06 05:45:00+00:00,0.15318586988174057
2026-05-06 06:00:00+00:00,0.1637538378892819
2026-05-06 06:15:00+00:00,0.15342263174282308
2026-05-06 06:30:00+00:00,0.13568283816886298
2026-05-06 06:45:00+00:00,0.10136857627518886
2026-05-06 07:00:00+00:00,0.13561699061121502
2026-05-06 07:15:00+00:00,0.12470247113755359
2026-05-06 07:30:00+00:00,0.12888582715810523
2026-05-06 07:45:00+00:00,0.09990689099719788
2026-05-06 08:00:00+00:00,0.11685054993575647
2026-05-06 08:15:00+00:00,0.08682930394978737
2026-05-06 08:30:00+00:00,0.12011762793123577
2026-05-06 08:45:00+00:00,0.09206531756979928
2026-05-06 09:00:00+00:00,0.11426910864239175
2026-05-06 09:15:00+00:00,0.10171592170278136
2026-05-06 09:30:00+00:00,0.10158999033216659
2026-05-06 09:45:00+00:00,0.10827861984870876
2026-05-06 10:00:00+00:00,0.11650262460303634
2026-05-06 10:15:00+00:00,0.10223493669941992
2026-05-06 10:30:00+00:00,0.10986078017630525
2026-05-06 10:45:00+00:00,0.10083891536727041
2026-05-06 11:00:00+00:00,0.10647531423930626
2026-05-06 11:15:00+00:00,0.08701083620513672
2026-05-06 11:30:00+00:00,0.09637390554416414
2026-05-06 11:45:00+00:00,0.09490499865647384
2026-05-06 12:00:00+00:00,0.0965653700868291
2026-05-06 12:15:00+00:00,0.08216852132663524
2026-05-06 12:30:00+00:00,0.09127662365762809
2026-05-06 12:45:00+00:00,0.10024466988780435
2026-05-06 13:00:00+00:00,0.08895157955170994
2026-05-06 13:15:00+00:00,0.11570920208086015
2026-05-06 13:30:00+00:00,0.10227723466497825
2026-05-06 13:45:00+00:00,0.11051927887604722
2026-05-06 14:00:00+00:00,0.09991995560272798
2026-05-06 14:15:00+00:00,0.09140122440632978
2026-05-06 14:30:00+00:00,0.1091197011452523
2026-05-06 14:45:00+00:00,0.12732204187633586
2026-05-06 15:00:00+00:00,0.11844428812753693
2026-05-06 15:15:00+00:00,0.12125791540602719
2026-05-06 15:30:00+00:00,0.18250724016241948
2026-05-06 15:45:00+00:00,0.13644973625318624
2026-05-06 16:00:00+00:00,0.12904248566245427
2026-05-06 16:15:00+00:00,0.1462783286638591
2026-05-06 16:30:00+00:00,0.14815789442438987
2026-05-06 16:45:00+00:00,0.1630954188825294
2026-05-06 17:00:00+00:00,0.14344016399306633
2026-05-06 17:15:00+00:00,0.134978449304004
2026-05-06 17:30:00+00:00,0.14686333469368756
2026-05-06 17:45:00+00:00,0.17514875800663843
2026-05-06 18:00:00+00:00,0.14589060948039914
2026-05-06 18:15:00+00:00,0.15563842886472828
2026-05-06 18:30:00+00:00,0.17695423417844075
2026-05-06 18:45:00+00:00,0.17749035999229332
2026-05-06 19:00:00+00:00,0.1763088620574282
2026-05-06 19:15:00+00:00,0.1632468138947073
2026-05-06 19:30:00+00:00,0.1449278432251556
2026-05-06 19:45:00+00:00,0.1388413384078566
2026-05-06 20:00:00+00:00,0.14778248186280862
2026-05-06 20:15:00+00:00,0.16402294956772448
2026-05-06 20:30:00+00:00,0.1478539107653547
2026-05-06 20:45:00+00:00,0.1346351249662828
2026-05-06 21:00:00+00:00,0.14935943202228105
2026-05-06 21:15:00+00:00,0.10930943585476774
2026-05-06 21:30:00+00:00,0.1319813795134266
2026-05-06 21:45:00+00:00,0.10732354215695628
2026-05-06 22:00:00+00:00,0.13249744301534339
2026-05-06 22:15:00+00:00,0.12288292407532786
2026-05-06 22:30:00+00:00,0.12970736612096948
2026-05-06 22:45:00+00:00,0.12123187288960956
2026-05-06 23:00:00+00:00,0.13162117173611787
2026-05-06 23:15:00+00:00,0.16049102839067386
2026-05-06 23:30:00+00:00,0.12305114389633283
2026-05-06 23:45:00+00:00,0.11692223216898832
2026-05-07 00:00:00+00:00,0.09812709729928447
2026-05-07 00:15:00+00:00,0.10607383541476967
2026-05-07 00:30:00+00:00,0.11336121966477831
2026-05-07 00:45:00+00:00,0.12755292449891728
2026-05-07 01:00:00+00:00,0.12053723057557114
2026-05-07 01:15:00+00:00,0.10340499176119286
2026-05-07 01:30:00+00:00,0.16493683771952838
2026-05-07 01:45:00+00:00,0.1388180644879303
2026-05-07 02:00:00+00:00,0.11524223334840858
2026-05-07 02:15:00+00:00,0.11431674424927604
2026-05-07 02:30:00+00:00,0.1251773964075622
2026-05-07 02:45:00+00:00,0.1322039307958197
2026-05-07 03:00:00+00:00,0.11430831652519942
2026-05-07 03:15:00+00:00,0.12873574774371438
2026-05-07 03:30:00+00:00,0.1254211050332919
2026-05-07 03:45:00+00:00,0.1434032760182944
2026-05-07 04:00:00+00:00,0.14071693157971285
2026-05-07 04:15:00+00:00,0.15616967827052894
2026-05-07 04:30:00+00:00,0.14599816453832495
2026-05-07 04:45:00+00:00,0.1518271361592714
2026-05-07 05:00:00+00:00,0.18010497304659395
2026-05-07 05:15:00+00:00,0.17098603618614505
2026-05-07 05:30:00+00:00,0.1695903474209936
2026-05-07 05:45:00+00:00,0.1569360457291348
2026-05-07 06:00:00+00:00,0.19513726774013646
2026-05-07 06:15:00+00:00,0.14903190019970342
2026-05-07 06:30:00+00:00,0.1475739876009912
2026-05-07 06:45:00+00:00,0.1400399281270313
2026-05-07 07:00:00+00:00,0.16305967699164264
2026-05-07 07:15:00+00:00,0.13491240708973315
2026-05-07 07:30:00+00:00,0.1505568398195588
2026-05-07 07:45:00+00:00,0.12633241693693617
2026-05-07 08:00:00+00:00,0.12385071738191264
2026-05-07 08:15:00+00:00,0.12729052048589967
2026-05-07 08:30:00+00:00,0.10964000785516542
2026-05-07 08:45:00+00:00,0.11352068487183177
2026-05-07 09:00:00+00:00,0.11659143752339662
2026-05-07 09:15:00+00:00,0.11359273690190146
2026-05-07 09:30:00+00:00,0.10508406623413853
2026-05-07 09:45:00+00:00,0.1199306123071636
2026-05-07 10:00:00+00:00,0.09668872632848968
2026-05-07 10:15:00+00:00,0.09304235104595004
2026-05-07 10:30:00+00:00,0.10613360349147487
2026-05-07 10:45:00+00:00,0.1168784424717797
2026-05-07 11:00:00+00:00,0.10014406902935592
2026-05-07 11:15:00+00:00,0.11040972322703967
2026-05-07 11:30:00+00:00,0.11146340176863545
2026-05-07 11:45:00+00:00,0.1080068443729407
2026-05-07 12:00:00+00:00,0.09676791710826319
2026-05-07 12:15:00+00:00,0.09004953282805925
2026-05-07 12:30:00+00:00,0.08004452434328645
2026-05-07 12:45:00+00:00,0.10133159500537607
2026-05-07 13:00:00+00:00,0.16678087368562175
2026-05-07 13:15:00+00:00,0.09464834015238066
2026-05-07 13:30:00+00:00,0.11430209847518766
2026-05-07 13:45:00+00:00,0.10208847469948128
2026-05-07 14:00:00+00:00,0.11298072576386839
2026-05-07 14:15:00+00:00,0.12007791614155018
2026-05-07 14:30:00+00:00,0.11136504563161571
2026-05-07 14:45:00+00:00,0.13081484680696914
2026-05-07 15:00:00+00:00,0.1112690866327467
2026-05-07 15:15:00+00:00,0.13020148658938177
2026-05-07 15:30:00+00:00,0.14050317168484636
2026-05-07 15:45:00+00:00,0.15408507674429267
2026-05-07 16:00:00+00:00,0.14802349960141978
2026-05-07 16:15:00+00:00,0.147683061423683
2026-05-07 16:30:00+00:00,0.19579648133873712
2026-05-07 16:45:00+00:00,0.16776136099202238
2026-05-07 17:00:00+00:00,0.16234101214920338
2026-05-07 17:15:00+00:00,0.16858319572625213
2026-05-07 17:30:00+00:00,0.21413509276607495
2026-05-07 17:45:00+00:00,0.22655851892710996
2026-05-07 18:00:00+00:00,0.19871097429895224
2026-05-07 18:15:00+00:00,0.21984201028283035
2026-05-07 18:30:00+00:00,0.20565627912504192
2026-05-07 18:45:00+00:00,0.2132920174295416
2026-05-07 19:00:00+00:00,0.19890689770273573
2026-05-07 19:15:00+00:00,0.1795240952893157
2026-05-07 19:30:00+00:00,0.15282278470365881
2026-05-07 19:45:00+00:00,0.15965160177967477
2026-05-07 20:00:00+00:00,0.1650553936262888
2026-05-07 20:15:00+00:00,0.1578396230749873
2026-05-07 20:30:00+00:00,0.15311448611431472
2026-05-07 20:45:00+00:00,0.1797770224979558
2026-05-07 21:00:00+00:00,0.16212521369254734
2026-05-07 21:15:00+00:00,0.16590224560269454
2026-05-07 21:30:00+00:00,0.14067212578606547
2026-05-07 21:45:00+00:00,0.12652075400682436
2026-05-07 22:00:00+00:00,0.12371932823894556
2026-05-07 22:15:00+00:00,0.12506933029240033
2026-05-07 22:30:00+00:00,0.1317003965657206
2026-05-07 22:45:00+00:00,0.13278118026799376
2026-05-07 23:00:00+00:00,0.12755866174721978
2026-05-07 23:15:00+00:00,0.12951887289705985
2026-05-07 23:30:00+00:00,0.12707678244027243
2026-05-07 23:45:00+00:00,0.12123534391385918
2026-05-08 00:00:00+00:00,0.11288526404738744
2026-05-08 00:15:00+00:00,0.12032923511975152
2026-05-08 00:30:00+00:00,0.11018622196117861
2026-05-08 00:45:00+00:00,0.166304289529581
2026-05-08 01:00:00+00:00,0.12069863531066911
2026-05-08 01:15:00+00:00,0.13413783807386853
2026-05-08 01:30:00+00:00,0.10333268025632368
2026-05-08 01:45:00+00:00,0.12155507630991305
2026-05-08 02:00:00+00:00,0.13100236591623596
2026-05-08 02:15:00+00:00,0.12471847765838796
2026-05-08 02:30:00+00:00,0.12783945442825043
2026-05-08 02:45:00+00:00,0.12730694901867812
2026-05-08 03:00:00+00:00,0.13320334489775415
2026-05-08 03:15:00+00:00,0.11048521831887631
2026-05-08 03:30:00+00:00,0.11326073334029754
2026-05-08 03:45:00+00:00,0.13597665859534744
2026-05-08 04:00:00+00:00,0.11388837896428292
2026-05-08 04:15:00+00:00,0.15780645804178012
2026-05-08 04:30:00+00:00,0.1588171519549544
2026-05-08 04:45:00+00:00,0.14245649444915473
2026-05-08 05:00:00+00:00,0.1519422940333949
2026-05-08 05:15:00+00:00,0.1506765252484933
2026-05-08 05:30:00+00:00,0.19642020650439618
2026-05-08 05:45:00+00:00,0.13643173919194285
2026-05-08 06:00:00+00:00,0.16666232106878304
2026-05-08 06:15:00+00:00,0.1405637364699152
2026-05-08 06:30:00+00:00,0.14174193303477794
2026-05-08 06:45:00+00:00,0.11837947777125303
2026-05-08 07:00:00+00:00,0.12604036554127365
2026-05-08 07:15:00+00:00,0.13288112667804097
2026-05-08 07:30:00+00:00,0.09474743013877512
2026-05-08 07:45:00+00:00,0.10009834189178524
2026-05-08 08:00:00+00:00,0.12489917401075468
2026-05-08 08:15:00+00:00,0.09447926895087855
2026-05-08 08:30:00+00:00,0.09474555646767151
2026-05-08 08:45:00+00:00,0.08783339596999049
2026-05-08 09:00:00+00:00,0.08538476132018762
2026-05-08 09:15:00+00:00,0.08428522280405965
2026-05-08 09:30:00+00:00,0.0656849616979079
2026-05-08 09:45:00+00:00,0.05147262148167707
2026-05-08 10:00:00+00:00,0.09902674852050775
2026-05-08 10:15:00+00:00,0.05974893646554524
2026-05-08 10:30:00+00:00,0.07215930294067883
2026-05-08 10:45:00+00:00,0.05205198983118858
2026-05-08 11:00:00+00:00,0.056393638111147185
2026-05-08 11:15:00+00:00,0.11217814243155069
2026-05-08 11:30:00+00:00,0.06212093384387501
2026-05-08 11:45:00+00:00,0.05999509575065679
2026-05-08 12:00:00+00:00,0.0698226511065507
2026-05-08 12:15:00+00:00,0.089732462899351
2026-05-08 12:30:00+00:00,0.07659514203755598
2026-05-08 12:45:00+00:00,0.062159078261746124
2026-05-08 13:00:00+00:00,0.07386874326794891
2026-05-08 13:15:00+00:00,0.07205787049593508
2026-05-08 13:30:00+00:00,0.1003796612985223
2026-05-08 13:45:00+00:00,0.07941835703634278
2026-05-08 14:00:00+00:00,0.10738334542400438
2026-05-08 14:15:00+00:00,0.09836048094775514
2026-05-08 14:30:00+00:00,0.07933995982203836
2026-05-08 14:45:00+00:00,0.09947971097685028
2026-05-08 15:00:00+00:00,0.10497081044113939
2026-05-08 15:15:00+00:00,0.11428344056171455
2026-05-08 15:30:00+00:00,0.10185762372768037
2026-05-08 15:45:00+00:00,0.1312202585043295
2026-05-08 16:00:00+00:00,0.09098660127338076
2026-05-08 16:15:00+00:00,0.12214664134528953
2026-05-08 16:30:00+00:00,0.14432046842103208
2026-05-08 16:45:00+00:00,0.1390448426989702
2026-05-08 17:00:00+00:00,0.11676077700861986
2026-05-08 17:15:00+00:00,0.1381221479637756
2026-05-08 17:30:00+00:00,0.1412928113336452
2026-05-08 17:45:00+00:00,0.16463558366065836
2026-05-08 18:00:00+00:00,0.14564673567781938
2026-05-08 18:15:00+00:00,0.146373631103469
2026-05-08 18:30:00+00:00,0.13308997679123755
2026-05-08 18:45:00+00:00,0.15170944711051484
2026-05-08 19:00:00+00:00,0.150440950617234
2026-05-08 19:15:00+00:00,0.1321061532925993
2026-05-08 19:30:00+00:00,0.13456798713767093
2026-05-08 19:45:00+00:00,0.13720070300644138
2026-05-08 20:00:00+00:00,0.13715432056581048
2026-05-08 20:15:00+00:00,0.13058166949821975
2026-05-08 20:30:00+00:00,0.12682311249585165
2026-05-08 20:45:00+00:00,0.1066667017282104
2026-05-08 21:00:00+00:00,0.14522585820707595
2026-05-08 21:15:00+00:00,0.11928150169877716
2026-05-08 21:30:00+00:00,0.17541116201860268
2026-05-08 21:45:00+00:00,0.11675215277229051
2026-05-08 22:00:00+00:00,0.13206404872884248
2026-05-08 22:15:00+00:00,0.13316795025059633
2026-05-08 22:30:00+00:00,0.1279681922181639
2026-05-08 22:45:00+00:00,0.11052360242772595
2026-05-08 23:00:00+00:00,0.1219172729874991
2026-05-08 23:15:00+00:00,0.11867449097645938
2026-05-08 23:30:00+00:00,0.11778254958653872
2026-05-08 23:45:00+00:00,0.10814996822163363
2026-05-09 00:00:00+00:00,0.1342543371674603
2026-05-09 00:15:00+00:00,0.14111992654613412
2026-05-09 00:30:00+00:00,0.1317800297599841
2026-05-09 00:45:00+00:00,0.13653529224147143
2026-05-09 01:00:00+00:00,0.12056365162991843
2026-05-09 01:15:00+00:00,0.11802743165013964
2026-05-09 01:30:00+00:00,0.11680412953188289
2026-05-09 01:45:00+00:00,0.13086064922957222
2026-05-09 02:00:00+00:00,0.1265206305314415
2026-05-09 02:15:00+00:00,0.12399778288401575
2026-05-09 02:30:00+00:00,0.13927148544195342
2026-05-09 02:45:00+00:00,0.13165941353815344
2026-05-09 03:00:00+00:00,0.11635342362479416
2026-05-09 03:15:00+00:00,0.16945091170864307
2026-05-09 03:30:00+00:00,0.13421993299254148
2026-05-09 03:45:00+00:00,0.13782732852654597
2026-05-09 04:00:00+00:00,0.1364968023225597
2026-05-09 04:15:00+00:00,0.1482388874787208
2026-05-09 04:30:00+00:00,0.1443000716573142
2026-05-09 04:45:00+00:00,0.1263003583485076
2026-05-09 05:00:00+00:00,0.11879419340518496
2026-05-09 05:15:00+00:00,0.11036012488268232
2026-05-09 05:30:00+00:00,0.11544618254985285
2026-05-09 05:45:00+00:00,0.11225213446416156
2026-05-09 06:00:00+00:00,0.15161647079311938
2026-05-09 06:15:00+00:00,0.12072447034410799
2026-05-09 06:30:00+00:00,0.11536722794231236
2026-05-09 06:45:00+00:00,0.07465692513812197
2026-05-09 07:00:00+00:00,0.1324476912522755
2026-05-09 07:15:00+00:00,0.09323356829477174
2026-05-09 07:30:00+00:00,0.02666405724147472
2026-05-09 07:45:00+00:00,0.011415611976234898
2026-05-09 08:00:00+00:00,0.041217003842778696
2026-05-09 08:15:00+00:00,0.01067468335636565
2026-05-09 08:30:00+00:00,0.0
2026-05-09 08:45:00+00:00,0.0
2026-05-09 09:00:00+00:00,0.0
2026-05-09 09:15:00+00:00,0.0
2026-05-09 09:30:00+00:00,0.0
2026-05-09 09:45:00+00:00,0.001390849370279944
2026-05-09 10:00:00+00:00,0.005023867472328946
2026-05-09 10:15:00+00:00,0.006616871707262328
2026-05-09 10:30:00+00:00,0.0
2026-05-09 10:45:00+00:00,0.0
2026-05-09 11:00:00+00:00,0.04686377351645265
2026-05-09 11:15:00+00:00,0.005631731310374635
2026-05-09 11:30:00+00:00,0.004802340135500355
2026-05-09 11:45:00+00:00,0.004628699478766758
2026-05-09 12:00:00+00:00,0.0
2026-05-09 12:15:00+00:00,0.0
2026-05-09 12:30:00+00:00,0.0
2026-05-09 12:45:00+00:00,0.007671941281058479
2026-05-09 13:00:00+00:00,0.0
2026-05-09 13:15:00+00:00,0.008500363951895698
2026-05-09 13:30:00+00:00,0.002078532381376461
2026-05-09 13:45:00+00:00,0.0
2026-05-09 14:00:00+00:00,0.0
2026-05-09 14:15:00+00:00,0.0
2026-05-09 14:30:00+00:00,0.028613472436219548
2026-05-09 14:45:00+00:00,0.06487993131375114
2026-05-09 15:00:00+00:00,0.06324975688418749
2026-05-09 15:15:00+00:00,0.08744644844665336
2026-05-09 15:30:00+00:00,0.12382357368026006
2026-05-09 15:45:00+00:00,0.13949217905433872
2026-05-09 16:00:00+00:00,0.10173794124258492
2026-05-09 16:15:00+00:00,0.12147936298415228
2026-05-09 16:30:00+00:00,0.12131835430578
2026-05-09 16:45:00+00:00,0.13965760733335694
2026-05-09 17:00:00+00:00,0.1423410782374403
2026-05-09 17:15:00+00:00,0.14179498802624876
2026-05-09 17:30:00+00:00,0.14530794305692754
2026-05-09 17:45:00+00:00,0.14995115087616281
2026-05-09 18:00:00+00:00,0.15091938392944837
2026-05-09 18:15:00+00:00,0.13016123048626946
2026-05-09 18:30:00+00:00,0.14616646518009108
2026-05-09 18:45:00+00:00,0.1545571141982395
2026-05-09 19:00:00+00:00,0.1649242121404775
2026-05-09 19:15:00+00:00,0.1527888449021574
2026-05-09 19:30:00+00:00,0.14257830689209694
2026-05-09 19:45:00+00:00,0.12874275020916118
2026-05-09 20:00:00+00:00,0.1512497596982649
2026-05-09 20:15:00+00:00,0.130741389594137
2026-05-09 20:30:00+00:00,0.12364322736706751
2026-05-09 20:45:00+00:00,0.12758734676460295
2026-05-09 21:00:00+00:00,0.13382197642708749
2026-05-09 21:15:00+00:00,0.10927384821435354
2026-05-09 21:30:00+00:00,0.1307014638094952
2026-05-09 21:45:00+00:00,0.13030728377919393
2026-05-09 22:00:00+00:00,0.13263714762533704
2026-05-09 22:15:00+00:00,0.15123466283283993
2026-05-09 22:30:00+00:00,0.11917064893684814
2026-05-09 22:45:00+00:00,0.1218591283661313
2026-05-09 23:00:00+00:00,0.12360933093872792
2026-05-09 23:15:00+00:00,0.12572812388708982
2026-05-09 23:30:00+00:00,0.12140275187033708
2026-05-09 23:45:00+00:00,0.10898189455395128
2026-05-10 00:00:00+00:00,0.12389451703763525
2026-05-10 00:15:00+00:00,0.12392379304225924
2026-05-10 00:30:00+00:00,0.13656572082061996
2026-05-10 00:45:00+00:00,0.14521243273372914
2026-05-10 01:00:00+00:00,0.18834473897850657
2026-05-10 01:15:00+00:00,0.11535620970327393
2026-05-10 01:30:00+00:00,0.11613190389373836
2026-05-10 01:45:00+00:00,0.1211467142249065
2026-05-10 02:00:00+00:00,0.13958558888853587
2026-05-10 02:15:00+00:00,0.12483575947818105
2026-05-10 02:30:00+00:00,0.11213492509462569
2026-05-10 02:45:00+00:00,0.11813822863046965
2026-05-10 03:00:00+00:00,0.13097056001819415
2026-05-10 03:15:00+00:00,0.13323940276896087
2026-05-10 03:30:00+00:00,0.12460783333508343
2026-05-10 03:45:00+00:00,0.1262441467356003
2026-05-10 04:00:00+00:00,0.10758827797453167
2026-05-10 04:15:00+00:00,0.12071829235032697
2026-05-10 04:30:00+00:00,0.1171768542136863
2026-05-10 04:45:00+00:00,0.09366136724845464
2026-05-10 05:00:00+00:00,0.11363661463503712
2026-05-10 05:15:00+00:00,0.08503551847236525
2026-05-10 05:30:00+00:00,0.11299895594810694
2026-05-10 05:45:00+00:00,0.07466846022978434
2026-05-10 06:00:00+00:00,0.11347043277862112
2026-05-10 06:15:00+00:00,0.10225917041483375
2026-05-10 06:30:00+00:00,0.07830067949141453
2026-05-10 06:45:00+00:00,0.011341022260143649
2026-05-10 07:00:00+00:00,0.028195702062215815
2026-05-10 07:15:00+00:00,0.011690676485705535
2026-05-10 07:30:00+00:00,0.01399080276542287
2026-05-10 07:45:00+00:00,0.0
2026-05-10 08:00:00+00:00,0.0
2026-05-10 08:15:00+00:00,0.0
2026-05-10 08:30:00+00:00,0.0
2026-05-10 08:45:00+00:00,0.00859391497406665
2026-05-10 09:00:00+00:00,0.0
2026-05-10 09:15:00+00:00,0.0434347909007929
2026-05-10 09:30:00+00:00,0.0
2026-05-10 09:45:00+00:00,0.0
2026-05-10 10:00:00+00:00,0.0
2026-05-10 10:15:00+00:00,0.0
2026-05-10 10:30:00+00:00,0.011503239278107391
2026-05-10 10:45:00+00:00,0.012270162818616334
2026-05-10 11:00:00+00:00,0.0
2026-05-10 11:15:00+00:00,0.001225927311429576
2026-05-10 11:30:00+00:00,0.0
2026-05-10 11:45:00+00:00,0.0
2026-05-10 12:00:00+00:00,0.001082783851266944
2026-05-10 12:15:00+00:00,0.0
2026-05-10 12:30:00+00:00,0.001004598806276332
2026-05-10 12:45:00+00:00,0.005679702060319175
2026-05-10 13:00:00+00:00,0.002115768005403199
2026-05-10 13:15:00+00:00,0.0
2026-05-10 13:30:00+00:00,0.0
2026-05-10 13:45:00+00:00,0.0
2026-05-10 14:00:00+00:00,0.0
2026-05-10 14:15:00+00:00,0.019590683618985284
2026-05-10 14:30:00+00:00,0.0
2026-05-10 14:45:00+00:00,0.0
2026-05-10 15:00:00+00:00,0.013329278618447734
2026-05-10 15:15:00+00:00,0.057926352407081404
2026-05-10 15:30:00+00:00,0.09353406763150775
2026-05-10 15:45:00+00:00,0.1334604596641209
2026-05-10 16:00:00+00:00,0.09647126675558365
2026-05-10 16:15:00+00:00,0.10348007068296525
2026-05-10 16:30:00+00:00,0.1152752408240822
2026-05-10 16:45:00+00:00,0.11946413486094315
2026-05-10 17:00:00+00:00,0.12102739621580258
2026-05-10 17:15:00+00:00,0.11842852370546864
2026-05-10 17:30:00+00:00,0.10728846497545849
2026-05-10 17:45:00+00:00,0.12850680321265656
2026-05-10 18:00:00+00:00,0.1116497399887207
2026-05-10 18:15:00+00:00,0.15114230601754902
2026-05-10 18:30:00+00:00,0.12057332086152771
2026-05-10 18:45:00+00:00,0.1291013523464227
2026-05-10 19:00:00+00:00,0.13387202734701137
2026-05-10 19:15:00+00:00,0.17606341839320772
2026-05-10 19:30:00+00:00,0.12450969598533806
2026-05-10 19:45:00+00:00,0.13062827286160877
2026-05-10 20:00:00+00:00,0.1421521595879628
2026-05-10 20:15:00+00:00,0.13258509081817296
2026-05-10 20:30:00+00:00,0.13840513878573543
2026-05-10 20:45:00+00:00,0.16067380891906496
2026-05-10 21:00:00+00:00,0.12732362633255362
2026-05-10 21:15:00+00:00,0.1231424605205828
2026-05-10 21:30:00+00:00,0.12398091291676734
2026-05-10 21:45:00+00:00,0.12690231970635574
2026-05-10 22:00:00+00:00,0.12295210850207945
2026-05-10 22:15:00+00:00,0.11579496633445913
2026-05-10 22:30:00+00:00,0.12205980797418664
2026-05-10 22:45:00+00:00,0.09562797272434152
2026-05-10 23:00:00+00:00,0.11508147950877821
2026-05-10 23:15:00+00:00,0.11183802310714547
2026-05-10 23:30:00+00:00,0.10116641383693074
2026-05-10 23:45:00+00:00,0.11891059011356578
2026-05-11 00:00:00+00:00,0.10047759682656716
2026-05-11 00:15:00+00:00,0.10851126951636203
2026-05-11 00:30:00+00:00,0.11302157225322967
2026-05-11 00:45:00+00:00,0.12418451561476118
2026-05-11 01:00:00+00:00,0.11023443565119145
2026-05-11 01:15:00+00:00,0.1214415359412821
2026-05-11 01:30:00+00:00,0.12043595397277128
2026-05-11 01:45:00+00:00,0.11601457556169142
2026-05-11 02:00:00+00:00,0.09704486591726544
2026-05-11 02:15:00+00:00,0.09429419139095652
2026-05-11 02:30:00+00:00,0.11658505401419186
2026-05-11 02:45:00+00:00,0.11484303126097387
2026-05-11 03:00:00+00:00,0.12720261091681292
2026-05-11 03:15:00+00:00,0.12753856518098577
2026-05-11 03:30:00+00:00,0.1219038900556295
2026-05-11 03:45:00+00:00,0.1151328707605873
2026-05-11 04:00:00+00:00,0.13054735549607274
2026-05-11 04:15:00+00:00,0.12344050553864848
2026-05-11 04:30:00+00:00,0.13261536077069133
2026-05-11 04:45:00+00:00,0.13684584261784843
2026-05-11 05:00:00+00:00,0.15159498978060046
2026-05-11 05:15:00+00:00,0.1707619233407056
2026-05-11 05:30:00+00:00,0.1560695912977647
2026-05-11 05:45:00+00:00,0.14359781307572303
2026-05-11 06:00:00+00:00,0.15831385069954756
2026-05-11 06:15:00+00:00,0.15803124584729844
2026-05-11 06:30:00+00:00,0.1343959539407137
2026-05-11 06:45:00+00:00,0.13294517619158097
2026-05-11 07:00:00+00:00,0.1494078138408336
2026-05-11 07:15:00+00:00,0.14605177219599436
2026-05-11 07:30:00+00:00,0.13186763607971447
2026-05-11 07:45:00+00:00,0.17255073645476948
2026-05-11 08:00:00+00:00,0.1443474714745546
2026-05-11 08:15:00+00:00,0.19931940182263186
2026-05-11 08:30:00+00:00,0.13102446930358555
2026-05-11 08:45:00+00:00,0.1144639389365139
2026-05-11 09:00:00+00:00,0.1260719799061529
2026-05-11 09:15:00+00:00,0.10971140539675565
2026-05-11 09:30:00+00:00,0.09723004296480306
2026-05-11 09:45:00+00:00,0.10047249212933677
2026-05-11 10:00:00+00:00,0.10067851036288057
2026-05-11 10:15:00+00:00,0.11273368383795886
2026-05-11 10:30:00+00:00,0.09547805142131015
2026-05-11 10:45:00+00:00,0.11448210561380044
2026-05-11 11:00:00+00:00,0.15918046383618828
2026-05-11 11:15:00+00:00,0.10142501729367669
2026-05-11 11:30:00+00:00,0.09872318611465068
2026-05-11 11:45:00+00:00,0.08794718690385447
2026-05-11 12:00:00+00:00,0.10003084411347764
2026-05-11 12:15:00+00:00,0.10820092463208589
2026-05-11 12:30:00+00:00,0.08698843537744187
2026-05-11 12:45:00+00:00,0.0799160791108127
2026-05-11 13:00:00+00:00,0.10207218254856744
2026-05-11 13:15:00+00:00,0.099263659742438
2026-05-11 13:30:00+00:00,0.08469801198558821
2026-05-11 13:45:00+00:00,0.09050608629085882
2026-05-11 14:00:00+00:00,0.08255895725949859
2026-05-11 14:15:00+00:00,0.08932467730965751
2026-05-11 14:30:00+00:00,0.09844317245958813
2026-05-11 14:45:00+00:00,0.10989452695719253
2026-05-11 15:00:00+00:00,0.0951420634493154
2026-05-11 15:15:00+00:00,0.10798836180500072
2026-05-11 15:30:00+00:00,0.11869215656080619
2026-05-11 15:45:00+00:00,0.12868691534859564
2026-05-11 16:00:00+00:00,0.11735703463635155
2026-05-11 16:15:00+00:00,0.133586670233413
2026-05-11 16:30:00+00:00,0.12760087714420787
2026-05-11 16:45:00+00:00,0.11097154143141304
2026-05-11 17:00:00+00:00,0.12891727765413855
2026-05-11 17:15:00+00:00,0.13505543982585583
2026-05-11 17:30:00+00:00,0.12763265031875806
2026-05-11 17:45:00+00:00,0.12325802412696844
2026-05-11 18:00:00+00:00,0.12967066759411136
2026-05-11 18:15:00+00:00,0.12812291348517757
2026-05-11 18:30:00+00:00,0.12211353763466806
2026-05-11 18:45:00+00:00,0.11884780783740065
2026-05-11 19:00:00+00:00,0.1345044645354656
2026-05-11 19:15:00+00:00,0.1776592280794918
2026-05-11 19:30:00+00:00,0.12346734634677607
2026-05-11 19:45:00+00:00,0.11764589265253439
2026-05-11 20:00:00+00:00,0.11583223626179681
2026-05-11 20:15:00+00:00,0.11666179387133886
2026-05-11 20:30:00+00:00,0.12719325030614348
2026-05-11 20:45:00+00:00,0.10983029919648711
2026-05-11 21:00:00+00:00,0.10263027528207448
2026-05-11 21:15:00+00:00,0.10407307722276428
2026-05-11 21:30:00+00:00,0.09589841536493139
2026-05-11 21:45:00+00:00,0.10373136296461731
2026-05-11 22:00:00+00:00,0.10909837403380426
2026-05-11 22:15:00+00:00,0.0842722537491397
2026-05-11 22:30:00+00:00,0.10427012970582189
2026-05-11 22:45:00+00:00,0.08168813698721442
2026-05-11 23:00:00+00:00,0.11518182290482351
2026-05-11 23:15:00+00:00,0.09420223735499383
2026-05-11 23:30:00+00:00,0.08203606501460838
2026-05-11 23:45:00+00:00,0.08090013929307319
2026-05-12 00:00:00+00:00,0.09561095291787346
2026-05-12 00:15:00+00:00,0.08763700110101623
2026-05-12 00:30:00+00:00,0.09073346090381859
2026-05-12 00:45:00+00:00,0.10766780232697039
2026-05-12 01:00:00+00:00,0.08531755935770925
2026-05-12 01:15:00+00:00,0.09158962857695707
2026-05-12 01:30:00+00:00,0.10449844487373054
2026-05-12 01:45:00+00:00,0.08869513475466399
2026-05-12 02:00:00+00:00,0.06837397264641995
2026-05-12 02:15:00+00:00,0.09468389011732137
2026-05-12 02:30:00+00:00,0.08068997142216555
2026-05-12 02:45:00+00:00,0.11317807528732965
2026-05-12 03:00:00+00:00,0.07717132395002023
2026-05-12 03:15:00+00:00,0.11970509507745665
2026-05-12 03:30:00+00:00,0.11357375988327678
2026-05-12 03:45:00+00:00,0.09373387430372021
2026-05-12 04:00:00+00:00,0.1000801380500161
2026-05-12 04:15:00+00:00,0.11815644281633463
2026-05-12 04:30:00+00:00,0.12252660474226708
2026-05-12 04:45:00+00:00,0.12428336259976197
2026-05-12 05:00:00+00:00,0.1879615903696611
2026-05-12 05:15:00+00:00,0.12378031053365632
2026-05-12 05:30:00+00:00,0.11918282331423967
2026-05-12 05:45:00+00:00,0.1135313601207539
2026-05-12 06:00:00+00:00,0.13363373231972125
2026-05-12 06:15:00+00:00,0.12165181040302646
2026-05-12 06:30:00+00:00,0.11144283665690256
2026-05-12 06:45:00+00:00,0.10495234249257182
2026-05-12 07:00:00+00:00,0.08801947592146145
2026-05-12 07:15:00+00:00,0.10310068823875151
2026-05-12 07:30:00+00:00,0.09496568888873716
2026-05-12 07:45:00+00:00,0.09167808081300705
2026-05-12 08:00:00+00:00,0.08155412017736333
2026-05-12 08:15:00+00:00,0.10327186632376759
2026-05-12 08:30:00+00:00,0.07444409128924666
2026-05-12 08:45:00+00:00,0.06488989530660044
2026-05-12 09:00:00+00:00,0.08940918787609377
2026-05-12 09:15:00+00:00,0.07070761268005574
2026-05-12 09:30:00+00:00,0.06408368289462561
2026-05-12 09:45:00+00:00,0.058732911858023186
2026-05-12 10:00:00+00:00,0.05107521865005623
2026-05-12 10:15:00+00:00,0.045675108754896075
2026-05-12 10:30:00+00:00,0.033754872338772515
2026-05-12 10:45:00+00:00,0.04041433100574518
2026-05-12 11:00:00+00:00,0.008950693029449033
2026-05-12 11:15:00+00:00,0.034300395675675485
2026-05-12 11:30:00+00:00,0.023262627462163742
2026-05-12 11:45:00+00:00,0.019157962633332356
2026-05-12 12:00:00+00:00,0.017327580839401432
2026-05-12 12:15:00+00:00,0.0031043607703455933
2026-05-12 12:30:00+00:00,0.04030269996621283
2026-05-12 12:45:00+00:00,0.025282325385124003
2026-05-12 13:00:00+00:00,0.028901555670278106
2026-05-12 13:15:00+00:00,0.027866037898670773
2026-05-12 13:30:00+00:00,0.050339463824492614
2026-05-12 13:45:00+00:00,0.0749295989027328
2026-05-12 14:00:00+00:00,0.056009162094320344
2026-05-12 14:15:00+00:00,0.07693437751140557
2026-05-12 14:30:00+00:00,0.09287398951667272
2026-05-12 14:45:00+00:00,0.09258457472437391
2026-05-12 15:00:00+00:00,0.055598368329632976
2026-05-12 15:15:00+00:00,0.09278961228133364
2026-05-12 15:30:00+00:00,0.10026128535466323
2026-05-12 15:45:00+00:00,0.1269679443967124
2026-05-12 16:00:00+00:00,0.1004839044245982
2026-05-12 16:15:00+00:00,0.12733311527903549
2026-05-12 16:30:00+00:00,0.13305488540038174
2026-05-12 16:45:00+00:00,0.12527504390495905
2026-05-12 17:00:00+00:00,0.10402870803380132
2026-05-12 17:15:00+00:00,0.1435057523394148
2026-05-12 17:30:00+00:00,0.15404385223230743
2026-05-12 17:45:00+00:00,0.13936788409097775
2026-05-12 18:00:00+00:00,0.153382400198275
2026-05-12 18:15:00+00:00,0.1468311717059252
2026-05-12 18:30:00+00:00,0.14809685498125655
2026-05-12 18:45:00+00:00,0.16029783254247326
2026-05-12 19:00:00+00:00,0.16522685173230614
2026-05-12 19:15:00+00:00,0.15383330951995206
2026-05-12 19:30:00+00:00,0.14434217065811983
2026-05-12 19:45:00+00:00,0.13842394290530358
2026-05-12 20:00:00+00:00,0.13415942566117475
2026-05-12 20:15:00+00:00,0.1323389855026768
2026-05-12 20:30:00+00:00,0.12042682845405459
2026-05-12 20:45:00+00:00,0.1210696022426108
2026-05-12 21:00:00+00:00,0.12347366121331067
2026-05-12 21:15:00+00:00,0.11397694630378336
2026-05-12 21:30:00+00:00,0.11653746502648463
2026-05-12 21:45:00+00:00,0.10750019149299424
2026-05-12 22:00:00+00:00,0.13107234720351973
2026-05-12 22:15:00+00:00,0.09906679386706235
2026-05-12 22:30:00+00:00,0.109166452058927
2026-05-12 22:45:00+00:00,0.10699551640177496
2026-05-12 23:00:00+00:00,0.10743370760163119
2026-05-12 23:15:00+00:00,0.10342607300190768
2026-05-12 23:30:00+00:00,0.08926753989270143
2026-05-12 23:45:00+00:00,0.10762477104669492
2026-05-13 00:00:00+00:00,0.16116605982567073
2026-05-13 00:15:00+00:00,0.10896537294203766
2026-05-13 00:30:00+00:00,0.11398727059442183
2026-05-13 00:45:00+00:00,0.10712529605782502
2026-05-13 01:00:00+00:00,0.10927681180650937
2026-05-13 01:15:00+00:00,0.10795090738456853
2026-05-13 01:30:00+00:00,0.11600550719592495
2026-05-13 01:45:00+00:00,0.09395770363867878
2026-05-13 02:00:00+00:00,0.0971541903202199
2026-05-13 02:15:00+00:00,0.1262089965703309
2026-05-13 02:30:00+00:00,0.08717564177903794
2026-05-13 02:45:00+00:00,0.11516822070174655
2026-05-13 03:00:00+00:00,0.12344274959608068
2026-05-13 03:15:00+00:00,0.11466739334458234
2026-05-13 03:30:00+00:00,0.11962988928549302
2026-05-13 03:45:00+00:00,0.130294216768153
2026-05-13 04:00:00+00:00,0.12484879819997553
2026-05-13 04:15:00+00:00,0.1389884949275694
2026-05-13 04:30:00+00:00,0.1345361896347987
2026-05-13 04:45:00+00:00,0.15138674419955725
2026-05-13 05:00:00+00:00,0.1583226492106566
2026-05-13 05:15:00+00:00,0.14106609677888376
2026-05-13 05:30:00+00:00,0.1299351057930876
2026-05-13 05:45:00+00:00,0.12896156829686606
2026-05-13 06:00:00+00:00,0.14207011339897035
2026-05-13 06:15:00+00:00,0.1372753887690321
2026-05-13 06:30:00+00:00,0.11380986776829322
2026-05-13 06:45:00+00:00,0.09908837681357849
2026-05-13 07:00:00+00:00,0.12834676137858808
2026-05-13 07:15:00+00:00,0.11160908832039558
2026-05-13 07:30:00+00:00,0.09148405954829315
2026-05-13 07:45:00+00:00,0.07360782946049005
2026-05-13 08:00:00+00:00,0.13072118201287883
2026-05-13 08:15:00+00:00,0.09728304237088714
2026-05-13 08:30:00+00:00,0.08149996238232968
2026-05-13 08:45:00+00:00,0.0829503127553084
2026-05-13 09:00:00+00:00,0.08765543370285579
2026-05-13 09:15:00+00:00,0.09181156889100187
2026-05-13 09:30:00+00:00,0.08466393197776223
2026-05-13 09:45:00+00:00,0.08091271898167574
2026-05-13 10:00:00+00:00,0.08055418131769211
2026-05-13 10:15:00+00:00,0.06182618666536911
2026-05-13 10:30:00+00:00,0.09042094899393141
2026-05-13 10:45:00+00:00,0.05796466079732256
2026-05-13 11:00:00+00:00,0.060829764236894054
2026-05-13 11:15:00+00:00,0.07159140117243631
2026-05-13 11:30:00+00:00,0.06223528186489493
2026-05-13 11:45:00+00:00,0.06657287209439729
2026-05-13 12:00:00+00:00,0.07087763848561769
2026-05-13 12:15:00+00:00,0.07637302900529223
2026-05-13 12:30:00+00:00,0.08077730721621681
2026-05-13 12:45:00+00:00,0.07470367945214319
2026-05-13 13:00:00+00:00,0.06963591827661585
2026-05-13 13:15:00+00:00,0.0814087905089749
2026-05-13 13:30:00+00:00,0.06800212576057928
2026-05-13 13:45:00+00:00,0.10272584700119859
2026-05-13 14:00:00+00:00,0.06119700712416169
2026-05-13 14:15:00+00:00,0.1084634659890649
2026-05-13 14:30:00+00:00,0.09130484915358306
2026-05-13 14:45:00+00:00,0.1084712482280541
2026-05-13 15:00:00+00:00,0.08589292900762145
2026-05-13 15:15:00+00:00,0.0987002996814431
2026-05-13 15:30:00+00:00,0.1437109356914324
2026-05-13 15:45:00+00:00,0.14025369688623296
2026-05-13 16:00:00+00:00,0.1015779755485216
2026-05-13 16:15:00+00:00,0.1449321290068523
2026-05-13 16:30:00+00:00,0.1472524227514143
2026-05-13 16:45:00+00:00,0.1443278753771171
2026-05-13 17:00:00+00:00,0.1368169694202984
2026-05-13 17:15:00+00:00,0.14338055920578924
2026-05-13 17:30:00+00:00,0.17272579904446933
2026-05-13 17:45:00+00:00,0.1677270981100791
2026-05-13 18:00:00+00:00,0.16561010609775725
2026-05-13 18:15:00+00:00,0.16513854669007194
2026-05-13 18:30:00+00:00,0.16208959595382144
2026-05-13 18:45:00+00:00,0.19699638255054988
2026-05-13 19:00:00+00:00,0.17118433420897589
2026-05-13 19:15:00+00:00,0.16417129187487775
2026-05-13 19:30:00+00:00,0.13456299393619664
2026-05-13 19:45:00+00:00,0.13924929460756907
2026-05-13 20:00:00+00:00,0.16024968821433458
2026-05-13 20:15:00+00:00,0.13532266020497638
2026-05-13 20:30:00+00:00,0.14268801850735655
2026-05-13 20:45:00+00:00,0.12970958908111915
2026-05-13 21:00:00+00:00,0.14224082512398614
2026-05-13 21:15:00+00:00,0.14036760913340224
2026-05-13 21:30:00+00:00,0.11319255239269989
2026-05-13 21:45:00+00:00,0.11669732859392958
2026-05-13 22:00:00+00:00,0.14302454226472233
2026-05-13 22:15:00+00:00,0.13957349295434698
2026-05-13 22:30:00+00:00,0.12651381996244268
2026-05-13 22:45:00+00:00,0.12312210959342841
2026-05-13 23:00:00+00:00,0.1246459352520488
2026-05-13 23:15:00+00:00,0.12335239866972018
2026-05-13 23:30:00+00:00,0.1333794019353513
2026-05-13 23:45:00+00:00,0.12378083241211854
2026-05-14 00:00:00+00:00,0.1299925563944337
2026-05-14 00:15:00+00:00,0.12712070324135577
2026-05-14 00:30:00+00:00,0.11675191222118965
2026-05-14 00:45:00+00:00,0.1189282704357953
2026-05-14 01:00:00+00:00,0.10676826321664255
2026-05-14 01:15:00+00:00,0.12912807656316957
2026-05-14 01:30:00+00:00,0.0864903956765678
2026-05-14 01:45:00+00:00,0.11329851607664575
2026-05-14 02:00:00+00:00,0.12495895977150275
2026-05-14 02:15:00+00:00,0.09847132066370659
2026-05-14 02:30:00+00:00,0.1161477991761685
2026-05-14 02:45:00+00:00,0.10705233553420973
2026-05-14 03:00:00+00:00,0.10946196734811131
2026-05-14 03:15:00+00:00,0.12131940960639438
2026-05-14 03:30:00+00:00,0.1145805692588515
2026-05-14 03:45:00+00:00,0.09022644132115637
2026-05-14 04:00:00+00:00,0.10400574460268401
2026-05-14 04:15:00+00:00,0.1242633573488876
2026-05-14 04:30:00+00:00,0.11762942718192998
2026-05-14 04:45:00+00:00,0.12168135572524284
2026-05-14 05:00:00+00:00,0.13773647594013297
2026-05-14 05:15:00+00:00,0.10577754869853209
2026-05-14 05:30:00+00:00,0.12814237805069487
2026-05-14 05:45:00+00:00,0.09938479669851912
2026-05-14 06:00:00+00:00,0.10087331465590975
2026-05-14 06:15:00+00:00,0.09867360134089423
2026-05-14 06:30:00+00:00,0.07533274894710582
2026-05-14 06:45:00+00:00,0.0996901900824928
2026-05-14 07:00:00+00:00,0.11697761989043863
2026-05-14 07:15:00+00:00,0.0850249256118668
2026-05-14 07:30:00+00:00,0.07812115711618094
2026-05-14 07:45:00+00:00,0.06494607544112578
2026-05-14 08:00:00+00:00,0.07304646947857886
2026-05-14 08:15:00+00:00,0.04644897968728838
2026-05-14 08:30:00+00:00,0.047966423962230886
2026-05-14 08:45:00+00:00,0.03463920570540753
2026-05-14 09:00:00+00:00,0.03951588759011225
2026-05-14 09:15:00+00:00,0.09231716062600964
2026-05-14 09:30:00+00:00,0.04801519658525992
2026-05-14 09:45:00+00:00,0.02202907280308274
2026-05-14 10:00:00+00:00,0.025484429987213626
2026-05-14 10:15:00+00:00,0.02323870523744936
2026-05-14 10:30:00+00:00,0.019761429265127486
2026-05-14 10:45:00+00:00,0.05410576475552158
2026-05-14 11:00:00+00:00,0.01117377123114036
2026-05-14 11:15:00+00:00,0.013725398201690534
2026-05-14 11:30:00+00:00,0.0
2026-05-14 11:45:00+00:00,0.06787539010796509
2026-05-14 12:00:00+00:00,0.01762588905214111
2026-05-14 12:15:00+00:00,0.04730219744555506
2026-05-14 12:30:00+00:00,0.006766700183481687
2026-05-14 12:45:00+00:00,0.012162782566710318
2026-05-14 13:00:00+00:00,0.0
2026-05-14 13:15:00+00:00,0.012656138456880944
2026-05-14 13:30:00+00:00,0.019602556262921653
2026-05-14 13:45:00+00:00,0.02588081822361199
2026-05-14 14:00:00+00:00,0.02862161315978558
2026-05-14 14:15:00+00:00,0.04522857583728965
2026-05-14 14:30:00+00:00,0.09124202851662047
2026-05-14 14:45:00+00:00,0.09882788924866111
2026-05-14 15:00:00+00:00,0.05884714566338855
2026-05-14 15:15:00+00:00,0.10423278913446574
2026-05-14 15:30:00+00:00,0.10790381646528846
2026-05-14 15:45:00+00:00,0.11433526080425453
2026-05-14 16:00:00+00:00,0.09563083429200916
2026-05-14 16:15:00+00:00,0.11608697211376275
2026-05-14 16:30:00+00:00,0.13623644083356665
2026-05-14 16:45:00+00:00,0.1474329981493277
2026-05-14 17:00:00+00:00,0.1245289769533713
2026-05-14 17:15:00+00:00,0.1265379051438564
2026-05-14 17:30:00+00:00,0.14887583405085833
2026-05-14 17:45:00+00:00,0.1512813993420984
2026-05-14 18:00:00+00:00,0.16460215887447738
2026-05-14 18:15:00+00:00,0.14873603656563078
2026-05-14 18:30:00+00:00,0.22120252827700276
2026-05-14 18:45:00+00:00,0.1456261640189566
2026-05-14 19:00:00+00:00,0.13810787060438293
2026-05-14 19:15:00+00:00,0.14346914867474467
2026-05-14 19:30:00+00:00,0.16465129781453466
2026-05-14 19:45:00+00:00,0.16510101589693535
2026-05-14 20:00:00+00:00,0.16034820546047365
2026-05-14 20:15:00+00:00,0.14566433970240442
2026-05-14 20:30:00+00:00,0.133700190897875
2026-05-14 20:45:00+00:00,0.17169360152881613
2026-05-14 21:00:00+00:00,0.1516041169777663
2026-05-14 21:15:00+00:00,0.13963020302962162
2026-05-14 21:30:00+00:00,0.13381487982673876
2026-05-14 21:45:00+00:00,0.1157494346283662
2026-05-14 22:00:00+00:00,0.1627695668182866
2026-05-14 22:15:00+00:00,0.13493643261950528
2026-05-14 22:30:00+00:00,0.14309626424816474
2026-05-14 22:45:00+00:00,0.11324438594755275
2026-05-14 23:00:00+00:00,0.13982474810379963
2026-05-14 23:15:00+00:00,0.13634374456238582
2026-05-14 23:30:00+00:00,0.13146075218053307
2026-05-14 23:45:00+00:00,0.12368648543236625
2026-05-15 00:00:00+00:00,0.13642522492048775
2026-05-15 00:15:00+00:00,0.11537479543967037
2026-05-15 00:30:00+00:00,0.1261737260543966
2026-05-15 00:45:00+00:00,0.12402757683480277
2026-05-15 01:00:00+00:00,0.1246467268419506
2026-05-15 01:15:00+00:00,0.12187345217319182
2026-05-15 01:30:00+00:00,0.10992787226086603
2026-05-15 01:45:00+00:00,0.10843200247891026
2026-05-15 02:00:00+00:00,0.09860731814115448
2026-05-15 02:15:00+00:00,0.13087534509845297
2026-05-15 02:30:00+00:00,0.132366575097352
2026-05-15 02:45:00+00:00,0.1357455029122212
2026-05-15 03:00:00+00:00,0.12716789962461453
2026-05-15 03:15:00+00:00,0.10406880782281891
2026-05-15 03:30:00+00:00,0.11768289508214735
2026-05-15 03:45:00+00:00,0.13289415417593112
2026-05-15 04:00:00+00:00,0.13405518002791797
2026-05-15 04:15:00+00:00,0.13537251786847979
2026-05-15 04:30:00+00:00,0.14078917202908248
2026-05-15 04:45:00+00:00,0.13711651707685246
2026-05-15 05:00:00+00:00,0.14305770465551362
2026-05-15 05:15:00+00:00,0.13237934667167983
2026-05-15 05:30:00+00:00,0.1451401098612159
2026-05-15 05:45:00+00:00,0.10981228391319615
2026-05-15 06:00:00+00:00,0.12348350916979373
2026-05-15 06:15:00+00:00,0.12193000987181273
2026-05-15 06:30:00+00:00,0.1170953380863802
2026-05-15 06:45:00+00:00,0.11891002788368846
2026-05-15 07:00:00+00:00,0.12132732001565207
2026-05-15 07:15:00+00:00,0.10880851781034351
2026-05-15 07:30:00+00:00,0.08513336575237372
2026-05-15 07:45:00+00:00,0.09597482589829577
2026-05-15 08:00:00+00:00,0.09271047845976614
2026-05-15 08:15:00+00:00,0.08204972141058664
2026-05-15 08:30:00+00:00,0.09216183076881865
2026-05-15 08:45:00+00:00,0.07257763331049304
2026-05-15 09:00:00+00:00,0.06671745952284826
2026-05-15 09:15:00+00:00,0.05783489763647528
2026-05-15 09:30:00+00:00,0.10944689549880754
2026-05-15 09:45:00+00:00,0.03652259385125195
2026-05-15 10:00:00+00:00,0.07700546747632998
2026-05-15 10:15:00+00:00,0.06043263064964979
2026-05-15 10:30:00+00:00,0.04929384769023863
2026-05-15 10:45:00+00:00,0.031972568183576466
2026-05-15 11:00:00+00:00,0.06785383655286706
2026-05-15 11:15:00+00:00,0.06941593728010459
2026-05-15 11:30:00+00:00,0.03550415276243285
2026-05-15 11:45:00+00:00,0.03510039248415001
2026-05-15 12:00:00+00:00,0.03300417343064313
2026-05-15 12:15:00+00:00,0.03451313136558931
2026-05-15 12:30:00+00:00,0.03513929532267203
2026-05-15 12:45:00+00:00,0.03714032012519523
2026-05-15 13:00:00+00:00,0.01698402734474476
2026-05-15 13:15:00+00:00,0.04805240025549145
2026-05-15 13:30:00+00:00,0.05180325521796365
2026-05-15 13:45:00+00:00,0.0488870714985947
2026-05-15 14:00:00+00:00,0.048008582205983225
2026-05-15 14:15:00+00:00,0.06892738717535844
2026-05-15 14:30:00+00:00,0.10730673001401148
2026-05-15 14:45:00+00:00,0.10630122397091009
2026-05-15 15:00:00+00:00,0.07201326403689703
2026-05-15 15:15:00+00:00,0.07730323359270018
2026-05-15 15:30:00+00:00,0.10457527615662063
2026-05-15 15:45:00+00:00,0.11576892579306347
2026-05-15 16:00:00+00:00,0.12538159201000165
2026-05-15 16:15:00+00:00,0.12191129067710427
2026-05-15 16:30:00+00:00,0.1381368849809851
2026-05-15 16:45:00+00:00,0.12217166944297367
2026-05-15 17:00:00+00:00,0.14563264384380448
2026-05-15 17:15:00+00:00,0.1474998915343092
2026-05-15 17:30:00+00:00,0.12479765888568803
2026-05-15 17:45:00+00:00,0.16521617841260772
2026-05-15 18:00:00+00:00,0.15280458491766352
2026-05-15 18:15:00+00:00,0.15570044503868505
2026-05-15 18:30:00+00:00,0.14443103887571576
2026-05-15 18:45:00+00:00,0.16984247012921974
2026-05-15 19:00:00+00:00,0.1508114767076113
2026-05-15 19:15:00+00:00,0.16153092018373946
2026-05-15 19:30:00+00:00,0.1547660747590867
2026-05-15 19:45:00+00:00,0.13239832571827775
2026-05-15 20:00:00+00:00,0.17077373599422574
2026-05-15 20:15:00+00:00,0.1468352848021752
2026-05-15 20:30:00+00:00,0.15074892610271023
2026-05-15 20:45:00+00:00,0.12379879204664244
2026-05-15 21:00:00+00:00,0.16565730003008564
2026-05-15 21:15:00+00:00,0.1249644305977491
2026-05-15 21:30:00+00:00,0.14144886432765932
2026-05-15 21:45:00+00:00,0.11921228282068304
2026-05-15 22:00:00+00:00,0.13295011197152318
2026-05-15 22:15:00+00:00,0.13951754043885448
2026-05-15 22:30:00+00:00,0.18674552713675158
2026-05-15 22:45:00+00:00,0.11004715750885898
2026-05-15 23:00:00+00:00,0.13549472169056995
2026-05-15 23:15:00+00:00,0.13305980495133193
2026-05-15 23:30:00+00:00,0.11131046591155108
2026-05-15 23:45:00+00:00,0.1352464759359111
2026-05-16 00:00:00+00:00,0.10502142371751962
2026-05-16 00:15:00+00:00,0.11142227417222385
2026-05-16 00:30:00+00:00,0.12200002624091988
2026-05-16 00:45:00+00:00,0.10724433715297393
2026-05-16 01:00:00+00:00,0.12048819085679341
2026-05-16 01:15:00+00:00,0.11850076078803295
2026-05-16 01:30:00+00:00,0.11334925730077279
2026-05-16 01:45:00+00:00,0.12317400538590559
2026-05-16 02:00:00+00:00,0.1124463920734236
2026-05-16 02:15:00+00:00,0.11592541068813805
2026-05-16 02:30:00+00:00,0.12422471877487902
2026-05-16 02:45:00+00:00,0.1228868621002584
2026-05-16 03:00:00+00:00,0.1226801729081421
2026-05-16 03:15:00+00:00,0.09869820397783219
2026-05-16 03:30:00+00:00,0.11204792575501323
2026-05-16 03:45:00+00:00,0.09677501209030495
2026-05-16 04:00:00+00:00,0.09765585020221973
2026-05-16 04:15:00+00:00,0.10575293653715032
2026-05-16 04:30:00+00:00,0.0960570481334841
2026-05-16 04:45:00+00:00,0.10869617718839977
2026-05-16 05:00:00+00:00,0.11611535459695324
2026-05-16 05:15:00+00:00,0.08425373763568558
2026-05-16 05:30:00+00:00,0.0903569746042311
2026-05-16 05:45:00+00:00,0.07569213328082
2026-05-16 06:00:00+00:00,0.09568370723407109
2026-05-16 06:15:00+00:00,0.09978175669868825
2026-05-16 06:30:00+00:00,0.07927711901821612
2026-05-16 06:45:00+00:00,0.06467240759332864
2026-05-16 07:00:00+00:00,0.1020517652681314
2026-05-16 07:15:00+00:00,0.039081428274037114
2026-05-16 07:30:00+00:00,0.029828718935182248
2026-05-16 07:45:00+00:00,0.0017271170684451439
2026-05-16 08:00:00+00:00,0.012868909898872105
2026-05-16 08:15:00+00:00,0.0
2026-05-16 08:30:00+00:00,0.015528881055391184
2026-05-16 08:45:00+00:00,0.0
2026-05-16 09:00:00+00:00,0.00011736369721935848
2026-05-16 09:15:00+00:00,0.005264386518599968
2026-05-16 09:30:00+00:00,0.0
2026-05-16 09:45:00+00:00,0.0
2026-05-16 10:00:00+00:00,0.0
2026-05-16 10:15:00+00:00,0.0
2026-05-16 10:30:00+00:00,0.0
2026-05-16 10:45:00+00:00,0.0
2026-05-16 11:00:00+00:00,0.004165813316461731
2026-05-16 11:15:00+00:00,0.0
2026-05-16 11:30:00+00:00,0.008564261944729465
2026-05-16 11:45:00+00:00,0.0
2026-05-16 12:00:00+00:00,0.0
2026-05-16 12:15:00+00:00,0.017243454057211338
2026-05-16 12:30:00+00:00,0.0
2026-05-16 12:45:00+00:00,0.0
2026-05-16 13:00:00+00:00,0.0
2026-05-16 13:15:00+00:00,0.00970103453808939
2026-05-16 13:30:00+00:00,0.0
2026-05-16 13:45:00+00:00,0.0
2026-05-16 14:00:00+00:00,0.0
2026-05-16 14:15:00+00:00,0.010119428846697812
2026-05-16 14:30:00+00:00,0.0
2026-05-16 14:45:00+00:00,0.042480537788326264
2026-05-16 15:00:00+00:00,0.0076476057405422924
2026-05-16 15:15:00+00:00,0.05433784766958322
2026-05-16 15:30:00+00:00,0.09438239857904407
2026-05-16 15:45:00+00:00,0.10364552679741963
2026-05-16 16:00:00+00:00,0.06559029013979537
2026-05-16 16:15:00+00:00,0.09912963928566554
2026-05-16 16:30:00+00:00,0.11962098731207273
2026-05-16 16:45:00+00:00,0.11337413951873472
2026-05-16 17:00:00+00:00,0.11456338865950656
2026-05-16 17:15:00+00:00,0.13336204978259597
2026-05-16 17:30:00+00:00,0.15269947739069678
2026-05-16 17:45:00+00:00,0.1485236932034942
2026-05-16 18:00:00+00:00,0.15260759686380282
2026-05-16 18:15:00+00:00,0.13220625788793544
2026-05-16 18:30:00+00:00,0.14845882252059295
2026-05-16 18:45:00+00:00,0.15945519508581274
2026-05-16 19:00:00+00:00,0.13511666667028005
2026-05-16 19:15:00+00:00,0.1364940988795499
2026-05-16 19:30:00+00:00,0.1566390476183525
2026-05-16 19:45:00+00:00,0.12830901144213058
2026-05-16 20:00:00+00:00,0.1289286996734429
2026-05-16 20:15:00+00:00,0.15171981573639512
2026-05-16 20:30:00+00:00,0.1462776322498044
2026-05-16 20:45:00+00:00,0.13519120243983768
2026-05-16 21:00:00+00:00,0.13381289245354172
2026-05-16 21:15:00+00:00,0.1248147549439502
2026-05-16 21:30:00+00:00,0.13076948873809052
2026-05-16 21:45:00+00:00,0.1351780695740155
2026-05-16 22:00:00+00:00,0.14033566126142075
2026-05-16 22:15:00+00:00,0.15187959267246964
2026-05-16 22:30:00+00:00,0.1137605801435977
2026-05-16 22:45:00+00:00,0.1197731924567173
2026-05-16 23:00:00+00:00,0.12203941332336084
2026-05-16 23:15:00+00:00,0.10788858456837667
2026-05-16 23:30:00+00:00,0.11497916266990345
2026-05-16 23:45:00+00:00,0.11940329301660439
2026-05-17 00:00:00+00:00,0.12396230179952031
2026-05-17 00:15:00+00:00,0.13871452178944557
2026-05-17 00:30:00+00:00,0.11828467469723561
2026-05-17 00:45:00+00:00,0.12439136803679617
2026-05-17 01:00:00+00:00,0.11198094246298976
2026-05-17 01:15:00+00:00,0.18060055600452596
2026-05-17 01:30:00+00:00,0.1380144928558807
2026-05-17 01:45:00+00:00,0.1217308513097595
2026-05-17 02:00:00+00:00,0.10065340984548418
2026-05-17 02:15:00+00:00,0.10460194977222831
2026-05-17 02:30:00+00:00,0.11070934303205163
2026-05-17 02:45:00+00:00,0.11268498035250646
2026-05-17 03:00:00+00:00,0.11431425134384371
2026-05-17 03:15:00+00:00,0.11140197681230042
2026-05-17 03:30:00+00:00,0.10539984916255939
2026-05-17 03:45:00+00:00,0.0959580155879787
2026-05-17 04:00:00+00:00,0.10965138261264229
2026-05-17 04:15:00+00:00,0.12117987357480656
2026-05-17 04:30:00+00:00,0.10603928605427754
2026-05-17 04:45:00+00:00,0.09640703949636198
2026-05-17 05:00:00+00:00,0.11048566923822752
2026-05-17 05:15:00+00:00,0.08507935971099147
2026-05-17 05:30:00+00:00,0.0657973485391668
2026-05-17 05:45:00+00:00,0.05584214895634018
2026-05-17 06:00:00+00:00,0.13254713377230562
2026-05-17 06:15:00+00:00,0.0612099410329092
2026-05-17 06:30:00+00:00,0.06126274740652139
2026-05-17 06:45:00+00:00,0.01220676582317811
2026-05-17 07:00:00+00:00,0.030582782837750837
2026-05-17 07:15:00+00:00,0.04088577178830632
2026-05-17 07:30:00+00:00,0.005476247689186565
2026-05-17 07:45:00+00:00,0.007355284572503509
2026-05-17 08:00:00+00:00,0.012583228247434117
2026-05-17 08:15:00+00:00,0.0
2026-05-17 08:30:00+00:00,0.01369483769503069
2026-05-17 08:45:00+00:00,0.006411190404112276
2026-05-17 09:00:00+00:00,0.017583840118807818
2026-05-17 09:15:00+00:00,0.0
2026-05-17 09:30:00+00:00,0.0010412579247616
2026-05-17 09:45:00+00:00,0.0003935575499419535
2026-05-17 10:00:00+00:00,0.05397888494350022
2026-05-17 10:15:00+00:00,0.0
2026-05-17 10:30:00+00:00,0.002078363786922224
2026-05-17 10:45:00+00:00,0.0
2026-05-17 11:00:00+00:00,0.003583340711969214
2026-05-17 11:15:00+00:00,0.0
2026-05-17 11:30:00+00:00,0.0
2026-05-17 11:45:00+00:00,0.008185487164399983
2026-05-17 12:00:00+00:00,0.0
2026-05-17 12:15:00+00:00,0.0
2026-05-17 12:30:00+00:00,0.01275845621075548
2026-05-17 12:45:00+00:00,0.00714626217328415
2026-05-17 13:00:00+00:00,0.012190901955337837
2026-05-17 13:15:00+00:00,0.003307579276791695
2026-05-17 13:30:00+00:00,0.03734628693900003
2026-05-17 13:45:00+00:00,0.02020486139440205
2026-05-17 14:00:00+00:00,0.029954955493598882
2026-05-17 14:15:00+00:00,0.02572633959900087
2026-05-17 14:30:00+00:00,0.05045489605087254
2026-05-17 14:45:00+00:00,0.1087284874574811
2026-05-17 15:00:00+00:00,0.07007762561455164
2026-05-17 15:15:00+00:00,0.0809367818576077
2026-05-17 15:30:00+00:00,0.10353780722865286
2026-05-17 15:45:00+00:00,0.1298730235691501
2026-05-17 16:00:00+00:00,0.11152747815247982
2026-05-17 16:15:00+00:00,0.101833367171206
2026-05-17 16:30:00+00:00,0.14871121452523803
2026-05-17 16:45:00+00:00,0.13985502026185023
2026-05-17 17:00:00+00:00,0.12188252515601822
2026-05-17 17:15:00+00:00,0.1516406655145193
2026-05-17 17:30:00+00:00,0.14663382020581545
2026-05-17 17:45:00+00:00,0.16013165776782254
2026-05-17 18:00:00+00:00,0.15520952262979754
2026-05-17 18:15:00+00:00,0.15855485497051952
2026-05-17 18:30:00+00:00,0.15819270055019843
2026-05-17 18:45:00+00:00,0.15890712760556136
2026-05-17 19:00:00+00:00,0.1602346874119067
2026-05-17 19:15:00+00:00,0.148974274112535
2026-05-17 19:30:00+00:00,0.15932909122654645
2026-05-17 19:45:00+00:00,0.1502751215855557
2026-05-17 20:00:00+00:00,0.15843567648069004
2026-05-17 20:15:00+00:00,0.16189379836154608
2026-05-17 20:30:00+00:00,0.1480912339226426
2026-05-17 20:45:00+00:00,0.1472903392554179
2026-05-17 21:00:00+00:00,0.1418235048854907
2026-05-17 21:15:00+00:00,0.1482673993398185
2026-05-17 21:30:00+00:00,0.14779827912680088
2026-05-17 21:45:00+00:00,0.14322775131790558
2026-05-17 22:00:00+00:00,0.14076871162993124
2026-05-17 22:15:00+00:00,0.13202183030409814
2026-05-17 22:30:00+00:00,0.1379913739914547
2026-05-17 22:45:00+00:00,0.12792213003362865
2026-05-17 23:00:00+00:00,0.12102781873807307
2026-05-17 23:15:00+00:00,0.138215540677345
2026-05-17 23:30:00+00:00,0.10752549431599749
2026-05-17 23:45:00+00:00,0.1319828475326375
2026-05-18 00:00:00+00:00,0.11239787964001803
2026-05-18 00:15:00+00:00,0.19519788516485526
2026-05-18 00:30:00+00:00,0.11088400273094376
2026-05-18 00:45:00+00:00,0.1377925065187275
2026-05-18 01:00:00+00:00,0.12572365639988758
2026-05-18 01:15:00+00:00,0.12208397430161257
2026-05-18 01:30:00+00:00,0.12840396656467762
2026-05-18 01:45:00+00:00,0.13304900339157813
2026-05-18 02:00:00+00:00,0.1178059949766913
2026-05-18 02:15:00+00:00,0.12026212274831428
2026-05-18 02:30:00+00:00,0.13514604865112884
2026-05-18 02:45:00+00:00,0.116446570463504
2026-05-18 03:00:00+00:00,0.12036770906807913
2026-05-18 03:15:00+00:00,0.16451686954159442
2026-05-18 03:30:00+00:00,0.1297898703541072
2026-05-18 03:45:00+00:00,0.15977802791759751
2026-05-18 04:00:00+00:00,0.13850049231286188
2026-05-18 04:15:00+00:00,0.15509045144797143
2026-05-18 04:30:00+00:00,0.16024355690596218
2026-05-18 04:45:00+00:00,0.17329956735182947
2026-05-18 05:00:00+00:00,0.16872746173187222
2026-05-18 05:15:00+00:00,0.18160884638754854
2026-05-18 05:30:00+00:00,0.1531966343541482
2026-05-18 05:45:00+00:00,0.2011022041359956
2026-05-18 06:00:00+00:00,0.1714227693221761
2026-05-18 06:15:00+00:00,0.14943031880050583
2026-05-18 06:30:00+00:00,0.14621127745020882
2026-05-18 06:45:00+00:00,0.1313451349923841
2026-05-18 07:00:00+00:00,0.1368787895687058
2026-05-18 07:15:00+00:00,0.15588923965456536
2026-05-18 07:30:00+00:00,0.11164376326400469
2026-05-18 07:45:00+00:00,0.12260424468140428
2026-05-18 08:00:00+00:00,0.12801459813148786
2026-05-18 08:15:00+00:00,0.1085213786549573
2026-05-18 08:30:00+00:00,0.09747790946147754
2026-05-18 08:45:00+00:00,0.0894774467960823
2026-05-18 09:00:00+00:00,0.0979303270078349
2026-05-18 09:15:00+00:00,0.08292258718053737
2026-05-18 09:30:00+00:00,0.08826534574200709
2026-05-18 09:45:00+00:00,0.08319523484636357
2026-05-18 10:00:00+00:00,0.11445875003177718
2026-05-18 10:15:00+00:00,0.10185462392388218
2026-05-18 10:30:00+00:00,0.1009097409886546
2026-05-18 10:45:00+00:00,0.09574831951541947
2026-05-18 11:00:00+00:00,0.09662967623334164
2026-05-18 11:15:00+00:00,0.10994680332129136
2026-05-18 11:30:00+00:00,0.09149237344268263
2026-05-18 11:45:00+00:00,0.09307669655367044
2026-05-18 12:00:00+00:00,0.09534058827824124
2026-05-18 12:15:00+00:00,0.08151790768143871
2026-05-18 12:30:00+00:00,0.13185588896142547
2026-05-18 12:45:00+00:00,0.10387565762777587
2026-05-18 13:00:00+00:00,0.09141989450575592
2026-05-18 13:15:00+00:00,0.11489878031674922
2026-05-18 13:30:00+00:00,0.11610955333010224
2026-05-18 13:45:00+00:00,0.11071078019396459
2026-05-18 14:00:00+00:00,0.10423129438098042
2026-05-18 14:15:00+00:00,0.09304851469052022
2026-05-18 14:30:00+00:00,0.11131534222150023
2026-05-18 14:45:00+00:00,0.1331321021615896
2026-05-18 15:00:00+00:00,0.12239892839042886
2026-05-18 15:15:00+00:00,0.13756165750004085
2026-05-18 15:30:00+00:00,0.13772498941776676
2026-05-18 15:45:00+00:00,0.14014713486569133
2026-05-18 16:00:00+00:00,0.14357730430775678
2026-05-18 16:15:00+00:00,0.15702089346182016
2026-05-18 16:30:00+00:00,0.1622824457285623
2026-05-18 16:45:00+00:00,0.17794366329142508
2026-05-18 17:00:00+00:00,0.15980386051876577
2026-05-18 17:15:00+00:00,0.20152910478008212
2026-05-18 17:30:00+00:00,0.19602152314440474
2026-05-18 17:45:00+00:00,0.24682263307754876
2026-05-18 18:00:00+00:00,0.2257771495044785
2026-05-18 18:15:00+00:00,0.2525747600030405
2026-05-18 18:30:00+00:00,0.2530519568910194
2026-05-18 18:45:00+00:00,0.2582240307491207
2026-05-18 19:00:00+00:00,0.28196336650315884
2026-05-18 19:15:00+00:00,0.23965121739812653
2026-05-18 19:30:00+00:00,0.206061948560543
2026-05-18 19:45:00+00:00,0.1705758479175177
2026-05-18 20:00:00+00:00,0.1547332098948547
2026-05-18 20:15:00+00:00,0.17022053128047923
2026-05-18 20:30:00+00:00,0.16296513386060246
2026-05-18 20:45:00+00:00,0.15186944377078346
2026-05-18 21:00:00+00:00,0.14086777873854514
2026-05-18 21:15:00+00:00,0.14087226090812938
2026-05-18 21:30:00+00:00,0.13674177230465934
2026-05-18 21:45:00+00:00,0.12020991560492911
2026-05-18 22:00:00+00:00,0.15960084848585204
2026-05-18 22:15:00+00:00,0.1404917787855722
2026-05-18 22:30:00+00:00,0.1701430558026891
2026-05-18 22:45:00+00:00,0.13933228060562092
2026-05-18 23:00:00+00:00,0.16198753155865958
2026-05-18 23:15:00+00:00,0.17520900975306775
2026-05-18 23:30:00+00:00,0.1337091041399513
2026-05-18 23:45:00+00:00,0.13977897876034315
2026-05-19 00:00:00+00:00,0.1318184605139233
2026-05-19 00:15:00+00:00,0.13380799315195258
2026-05-19 00:30:00+00:00,0.1371304909375646
2026-05-19 00:45:00+00:00,0.13671092014555106
2026-05-19 01:00:00+00:00,0.15720118573035347
2026-05-19 01:15:00+00:00,0.1408122628543151
2026-05-19 01:30:00+00:00,0.14303510562941305
2026-05-19 01:45:00+00:00,0.1456365477434507
2026-05-19 02:00:00+00:00,0.14176626377337115
2026-05-19 02:15:00+00:00,0.13597113016125134
2026-05-19 02:30:00+00:00,0.14058253628521153
2026-05-19 02:45:00+00:00,0.15170816059518277
2026-05-19 03:00:00+00:00,0.15175803948913474
2026-05-19 03:15:00+00:00,0.15531238188436386
2026-05-19 03:30:00+00:00,0.14711601524311588
2026-05-19 03:45:00+00:00,0.1615984369466811
2026-05-19 04:00:00+00:00,0.15791415336960332
2026-05-19 04:15:00+00:00,0.17265870549435244
2026-05-19 04:30:00+00:00,0.16579476618445801
2026-05-19 04:45:00+00:00,0.15331354861093766
2026-05-19 05:00:00+00:00,0.1881533006954968
2026-05-19 05:15:00+00:00,0.15771421147339237
2026-05-19 05:30:00+00:00,0.15191282508552317
2026-05-19 05:45:00+00:00,0.11852782220742042
2026-05-19 06:00:00+00:00,0.20046756092367268
2026-05-19 06:15:00+00:00,0.1379368509625527
2026-05-19 06:30:00+00:00,0.11675856514556594
2026-05-19 06:45:00+00:00,0.15867665411703563
2026-05-19 07:00:00+00:00,0.12171817709772347
2026-05-19 07:15:00+00:00,0.11703995855243582
2026-05-19 07:30:00+00:00,0.10249503009818933
2026-05-19 07:45:00+00:00,0.08188245642177355
2026-05-19 08:00:00+00:00,0.1001829821751681
2026-05-19 08:15:00+00:00,0.09930374282760834
2026-05-19 08:30:00+00:00,0.10187299431156725
2026-05-19 08:45:00+00:00,0.0868971917279574
2026-05-19 09:00:00+00:00,0.08341064820082572
2026-05-19 09:15:00+00:00,0.08834004759243852
2026-05-19 09:30:00+00:00,0.09686548889321761
2026-05-19 09:45:00+00:00,0.08333706472589018
2026-05-19 10:00:00+00:00,0.0821252653043562
2026-05-19 10:15:00+00:00,0.08346590175482321
2026-05-19 10:30:00+00:00,0.1347295404142863
2026-05-19 10:45:00+00:00,0.0801462679401766
2026-05-19 11:00:00+00:00,0.07978760381117658
2026-05-19 11:15:00+00:00,0.08433642219590085
2026-05-19 11:30:00+00:00,0.0632034890373594
2026-05-19 11:45:00+00:00,0.05813734747659719
2026-05-19 12:00:00+00:00,0.07064098650643831
2026-05-19 12:15:00+00:00,0.07869680709650538
2026-05-19 12:30:00+00:00,0.07804089946486742
2026-05-19 12:45:00+00:00,0.09693852669827709
2026-05-19 13:00:00+00:00,0.05904136413548765
2026-05-19 13:15:00+00:00,0.07935227743942196
2026-05-19 13:30:00+00:00,0.08640044455122385
2026-05-19 13:45:00+00:00,0.08029698214900541
2026-05-19 14:00:00+00:00,0.15442731007269306
2026-05-19 14:15:00+00:00,0.08482798731336677
2026-05-19 14:30:00+00:00,0.09995659942692314
2026-05-19 14:45:00+00:00,0.12433979757805134
2026-05-19 15:00:00+00:00,0.11655045343428731
2026-05-19 15:15:00+00:00,0.10724825303515254
2026-05-19 15:30:00+00:00,0.14341489209260636
2026-05-19 15:45:00+00:00,0.14705784478658224
2026-05-19 16:00:00+00:00,0.15254035562111468
2026-05-19 16:15:00+00:00,0.14269940416068305
2026-05-19 16:30:00+00:00,0.14732758178931468
2026-05-19 16:45:00+00:00,0.15462498042880576
2026-05-19 17:00:00+00:00,0.1913975663304443
2026-05-19 17:15:00+00:00,0.1510923090453184
2026-05-19 17:30:00+00:00,0.18619098813911922
2026-05-19 17:45:00+00:00,0.20944969915016473
2026-05-19 18:00:00+00:00,0.1929924712397473
2026-05-19 18:15:00+00:00,0.19877247599980885
2026-05-19 18:30:00+00:00,0.15537535857792537
2026-05-19 18:45:00+00:00,0.18646873764700375
2026-05-19 19:00:00+00:00,0.18787396911783333
2026-05-19 19:15:00+00:00,0.16735048371640446
2026-05-19 19:30:00+00:00,0.1495659677825175
2026-05-19 19:45:00+00:00,0.13879875601551483
2026-05-19 20:00:00+00:00,0.1660284588981299
2026-05-19 20:15:00+00:00,0.1747359780033147
2026-05-19 20:30:00+00:00,0.15141313312814902
2026-05-19 20:45:00+00:00,0.1414252292141854
2026-05-19 21:00:00+00:00,0.1389699872973858
2026-05-19 21:15:00+00:00,0.17798795775414372
2026-05-19 21:30:00+00:00,0.12090195048421006
2026-05-19 21:45:00+00:00,0.11873726275303312
2026-05-19 22:00:00+00:00,0.11486217566829476
2026-05-19 22:15:00+00:00,0.120650806571084
2026-05-19 22:30:00+00:00,0.11306646843940156
2026-05-19 22:45:00+00:00,0.1112064182560516
2026-05-19 23:00:00+00:00,0.12142750109747291
2026-05-19 23:15:00+00:00,0.1193245086862561
2026-05-19 23:30:00+00:00,0.1135407462755704
2026-05-19 23:45:00+00:00,0.10322556913657242
2026-05-20 00:00:00+00:00,0.1417364135673448
2026-05-20 00:15:00+00:00,0.10324691391598206
2026-05-20 00:30:00+00:00,0.09947549362312995
2026-05-20 00:45:00+00:00,0.11410066748278604
2026-05-20 01:00:00+00:00,0.12090287396693694
2026-05-20 01:15:00+00:00,0.11950571067059938
2026-05-20 01:30:00+00:00,0.11729952736127819
2026-05-20 01:45:00+00:00,0.10689474264547512
2026-05-20 02:00:00+00:00,0.10347044434524102
2026-05-20 02:15:00+00:00,0.10165897246332935
2026-05-20 02:30:00+00:00,0.0963650108339825
2026-05-20 02:45:00+00:00,0.12229853700507858
2026-05-20 03:00:00+00:00,0.10992288962070026
2026-05-20 03:15:00+00:00,0.10253659706379127
2026-05-20 03:30:00+00:00,0.11107508624289765
2026-05-20 03:45:00+00:00,0.12152026543567448
2026-05-20 04:00:00+00:00,0.1283302448501513
2026-05-20 04:15:00+00:00,0.14940467851070685
2026-05-20 04:30:00+00:00,0.13582010450404416
2026-05-20 04:45:00+00:00,0.1114946648521635
2026-05-20 05:00:00+00:00,0.1465081966484108
2026-05-20 05:15:00+00:00,0.14176806099902806
2026-05-20 05:30:00+00:00,0.1304207976906448
2026-05-20 05:45:00+00:00,0.11722538833524299
2026-05-20 06:00:00+00:00,0.14131439080725844
2026-05-20 06:15:00+00:00,0.13280141115149002
2026-05-20 06:30:00+00:00,0.12132169685873352
2026-05-20 06:45:00+00:00,0.11332641361442966
2026-05-20 07:00:00+00:00,0.16597167176852146
2026-05-20 07:15:00+00:00,0.10580414330299347
2026-05-20 07:30:00+00:00,0.121761232895854
2026-05-20 07:45:00+00:00,0.10293355409715435
2026-05-20 08:00:00+00:00,0.103539460609428
2026-05-20 08:15:00+00:00,0.10426104585334069
2026-05-20 08:30:00+00:00,0.095259441806248
2026-05-20 08:45:00+00:00,0.09081388679136171
2026-05-20 09:00:00+00:00,0.0725265483792974
2026-05-20 09:15:00+00:00,0.07610153871996027
2026-05-20 09:30:00+00:00,0.07391281538185673
2026-05-20 09:45:00+00:00,0.0805068409089981
2026-05-20 10:00:00+00:00,0.09285645531803301
2026-05-20 10:15:00+00:00,0.0598355480920682
2026-05-20 10:30:00+00:00,0.06284794158529206
2026-05-20 10:45:00+00:00,0.0488568133344924
2026-05-20 11:00:00+00:00,0.06455331433152228
2026-05-20 11:15:00+00:00,0.03879157530625348
2026-05-20 11:30:00+00:00,0.045610164652382254
2026-05-20 11:45:00+00:00,0.026708486507117657
2026-05-20 12:00:00+00:00,0.030184497640556
2026-05-20 12:15:00+00:00,0.022826148348778302
2026-05-20 12:30:00+00:00,0.030099368286034007
2026-05-20 12:45:00+00:00,0.052408420203667025
2026-05-20 13:00:00+00:00,0.021074524416598392
2026-05-20 13:15:00+00:00,0.02900245598957952
2026-05-20 13:30:00+00:00,0.04832418742784422
2026-05-20 13:45:00+00:00,0.055711096248140454
2026-05-20 14:00:00+00:00,0.009159713677372014
2026-05-20 14:15:00+00:00,0.061050759712082944
2026-05-20 14:30:00+00:00,0.06966934143096296
2026-05-20 14:45:00+00:00,0.08723037765086361
2026-05-20 15:00:00+00:00,0.09323095582923643
2026-05-20 15:15:00+00:00,0.1008147505896901
2026-05-20 15:30:00+00:00,0.0994443664773009
2026-05-20 15:45:00+00:00,0.12595215078266198
2026-05-20 16:00:00+00:00,0.1114233047698663
2026-05-20 16:15:00+00:00,0.1319441442009024
2026-05-20 16:30:00+00:00,0.1387584397054327
2026-05-20 16:45:00+00:00,0.1628349770277289
2026-05-20 17:00:00+00:00,0.10681553475117828
2026-05-20 17:15:00+00:00,0.13367691869524248
2026-05-20 17:30:00+00:00,0.20463871401736455
2026-05-20 17:45:00+00:00,0.17712633532807792
2026-05-20 18:00:00+00:00,0.1426721771233136
2026-05-20 18:15:00+00:00,0.1660641999126316
2026-05-20 18:30:00+00:00,0.1665215975131274
2026-05-20 18:45:00+00:00,0.18090040905772833
2026-05-20 19:00:00+00:00,0.1932777380066501
2026-05-20 19:15:00+00:00,0.179829374968886
2026-05-20 19:30:00+00:00,0.15051939672636738
2026-05-20 19:45:00+00:00,0.13516748537979897
2026-05-20 20:00:00+00:00,0.16419826604446683
2026-05-20 20:15:00+00:00,0.15200253698827074
2026-05-20 20:30:00+00:00,0.1378710151142526
2026-05-20 20:45:00+00:00,0.1954564244279967
2026-05-20 21:00:00+00:00,0.14919389841708555
2026-05-20 21:15:00+00:00,0.1466208510987443
2026-05-20 21:30:00+00:00,0.1239746117105503
2026-05-20 21:45:00+00:00,0.1427629071738378
2026-05-20 22:00:00+00:00,0.11520831177759311
2026-05-20 22:15:00+00:00,0.14485055451849368
2026-05-20 22:30:00+00:00,0.1391431173767077
2026-05-20 22:45:00+00:00,0.11806598812722038
2026-05-20 23:00:00+00:00,0.14185910217247424
2026-05-20 23:15:00+00:00,0.12300902447045653
2026-05-20 23:30:00+00:00,0.11920431703327443
2026-05-20 23:45:00+00:00,0.11868528787404217
2026-05-21 00:00:00+00:00,0.14940574911811055
2026-05-21 00:15:00+00:00,0.12874433908083005
2026-05-21 00:30:00+00:00,0.12230131200712918
2026-05-21 00:45:00+00:00,0.10683195513398805
2026-05-21 01:00:00+00:00,0.11459589825479492
2026-05-21 01:15:00+00:00,0.10480875906153614
2026-05-21 01:30:00+00:00,0.12197110847282813
2026-05-21 01:45:00+00:00,0.11575466975734856
2026-05-21 02:00:00+00:00,0.09910478320386105
2026-05-21 02:15:00+00:00,0.11424124583418503
2026-05-21 02:30:00+00:00,0.10918582530283695
2026-05-21 02:45:00+00:00,0.12409216221337546
2026-05-21 03:00:00+00:00,0.11200922683634744
2026-05-21 03:15:00+00:00,0.12499487633360813
2026-05-21 03:30:00+00:00,0.14010469861935093
2026-05-21 03:45:00+00:00,0.13516948008074892
2026-05-21 04:00:00+00:00,0.1315811173282761
2026-05-21 04:15:00+00:00,0.14667276221057463
2026-05-21 04:30:00+00:00,0.1526618262079285
2026-05-21 04:45:00+00:00,0.1343681673011824
2026-05-21 05:00:00+00:00,0.15772656154705203
2026-05-21 05:15:00+00:00,0.16142540819017398
2026-05-21 05:30:00+00:00,0.14699656963276714
2026-05-21 05:45:00+00:00,0.13041754146667228
2026-05-21 06:00:00+00:00,0.15939737506698895
2026-05-21 06:15:00+00:00,0.13890496456102683
2026-05-21 06:30:00+00:00,0.13168601109159814
2026-05-21 06:45:00+00:00,0.09378068389017055
2026-05-21 07:00:00+00:00,0.10305543866336735
2026-05-21 07:15:00+00:00,0.11397829149483236
2026-05-21 07:30:00+00:00,0.0857672082383856
2026-05-21 07:45:00+00:00,0.09723538635719205
2026-05-21 08:00:00+00:00,0.09509950343967709
2026-05-21 08:15:00+00:00,0.08195810754404004
2026-05-21 08:30:00+00:00,0.08250649757147473
2026-05-21 08:45:00+00:00,0.0572503350371657
2026-05-21 09:00:00+00:00,0.09283342652096378
2026-05-21 09:15:00+00:00,0.04777188795464111
2026-05-21 09:30:00+00:00,0.044661101200691736
2026-05-21 09:45:00+00:00,0.018524229143843145
2026-05-21 10:00:00+00:00,0.008389781184572877
2026-05-21 10:15:00+00:00,0.019762464575172452
2026-05-21 10:30:00+00:00,0.01742738504453951
2026-05-21 10:45:00+00:00,0.010368432948580492
2026-05-21 11:00:00+00:00,0.012782953564406235
2026-05-21 11:15:00+00:00,0.002480129689544683
2026-05-21 11:30:00+00:00,0.0
2026-05-21 11:45:00+00:00,0.01224442173822583
2026-05-21 12:00:00+00:00,0.00276060575686726
2026-05-21 12:15:00+00:00,0.008299170017509076
2026-05-21 12:30:00+00:00,0.01213821595944277
2026-05-21 12:45:00+00:00,0.01446288344783808
2026-05-21 13:00:00+00:00,0.0
2026-05-21 13:15:00+00:00,0.03294252086454859
2026-05-21 13:30:00+00:00,0.04793182151900678
2026-05-21 13:45:00+00:00,0.0628734673717785
2026-05-21 14:00:00+00:00,0.03187846005169747
2026-05-21 14:15:00+00:00,0.06969542193614864
2026-05-21 14:30:00+00:00,0.09833062689489702
2026-05-21 14:45:00+00:00,0.1066498367215094
2026-05-21 15:00:00+00:00,0.08524846228996266
2026-05-21 15:15:00+00:00,0.11350993905727516
2026-05-21 15:30:00+00:00,0.11980624548970972
2026-05-21 15:45:00+00:00,0.12933513779671438
2026-05-21 16:00:00+00:00,0.10190098843923166
2026-05-21 16:15:00+00:00,0.14760797933004513
2026-05-21 16:30:00+00:00,0.14407276626652887
2026-05-21 16:45:00+00:00,0.1483089258663948
2026-05-21 17:00:00+00:00,0.1242227318223556
2026-05-21 17:15:00+00:00,0.15638473105312112
2026-05-21 17:30:00+00:00,0.1655088660395377
2026-05-21 17:45:00+00:00,0.1796588506375052
2026-05-21 18:00:00+00:00,0.18054274042133175
2026-05-21 18:15:00+00:00,0.18959808079298562
2026-05-21 18:30:00+00:00,0.24561315007288692
2026-05-21 18:45:00+00:00,0.22378638807909132
2026-05-21 19:00:00+00:00,0.21220806667802208
2026-05-21 19:15:00+00:00,0.18599223775745632
2026-05-21 19:30:00+00:00,0.1924987652104197
2026-05-21 19:45:00+00:00,0.15892224205535246
2026-05-21 20:00:00+00:00,0.18850085846234504
2026-05-21 20:15:00+00:00,0.17133955009920543
2026-05-21 20:30:00+00:00,0.14161647064586816
2026-05-21 20:45:00+00:00,0.15495110546248947
2026-05-21 21:00:00+00:00,0.17146399716600857
2026-05-21 21:15:00+00:00,0.1547560783283509
2026-05-21 21:30:00+00:00,0.15038898316259924
2026-05-21 21:45:00+00:00,0.14752060216907484
2026-05-21 22:00:00+00:00,0.16933708028675518
2026-05-21 22:15:00+00:00,0.16053893960019103
2026-05-21 22:30:00+00:00,0.14506669722273022
2026-05-21 22:45:00+00:00,0.14494891400636
2026-05-21 23:00:00+00:00,0.1395806507453489
2026-05-21 23:15:00+00:00,0.14366293590747323
2026-05-21 23:30:00+00:00,0.17310444028816252
2026-05-21 23:45:00+00:00,0.12642977581368373
2026-05-22 00:00:00+00:00,0.10190437824856761
2026-05-22 00:15:00+00:00,0.13601429659367462
2026-05-22 00:30:00+00:00,0.12436127988891647
2026-05-22 00:45:00+00:00,0.19213145215204464
2026-05-22 01:00:00+00:00,0.18452192610605406
2026-05-22 01:15:00+00:00,0.14110095894701624
2026-05-22 01:30:00+00:00,0.11700403455327463
2026-05-22 01:45:00+00:00,0.13786386037159634
2026-05-22 02:00:00+00:00,0.14860856344363327
2026-05-22 02:15:00+00:00,0.13710158299931893
2026-05-22 02:30:00+00:00,0.1418434900869229
2026-05-22 02:45:00+00:00,0.13673597676394933
2026-05-22 03:00:00+00:00,0.12471331219434635
2026-05-22 03:15:00+00:00,0.1425819237270151
2026-05-22 03:30:00+00:00,0.12225917089597932
2026-05-22 03:45:00+00:00,0.13644244875079184
2026-05-22 04:00:00+00:00,0.12484943197662818
2026-05-22 04:15:00+00:00,0.14018343622684917
2026-05-22 04:30:00+00:00,0.15257045091893562
2026-05-22 04:45:00+00:00,0.14654393376220465
2026-05-22 05:00:00+00:00,0.15708913695535473
2026-05-22 05:15:00+00:00,0.14885400994062012
2026-05-22 05:30:00+00:00,0.1151513538213579
2026-05-22 05:45:00+00:00,0.11124437719429085
2026-05-22 06:00:00+00:00,0.1341864839356479
2026-05-22 06:15:00+00:00,0.12364940309485459
2026-05-22 06:30:00+00:00,0.12483578627813753
2026-05-22 06:45:00+00:00,0.09385492673494689
2026-05-22 07:00:00+00:00,0.1249231914987259
2026-05-22 07:15:00+00:00,0.08003930754290484
2026-05-22 07:30:00+00:00,0.0780287681962383
2026-05-22 07:45:00+00:00,0.043801624522863805
2026-05-22 08:00:00+00:00,0.09361202928689644
2026-05-22 08:15:00+00:00,0.05147891953257536
2026-05-22 08:30:00+00:00,0.01583542245549216
2026-05-22 08:45:00+00:00,0.0
2026-05-22 09:00:00+00:00,0.030470417730423208
2026-05-22 09:15:00+00:00,0.006882179804531937
2026-05-22 09:30:00+00:00,0.0
2026-05-22 09:45:00+00:00,0.0
2026-05-22 10:00:00+00:00,0.0005620800899233324
2026-05-22 10:15:00+00:00,0.0
2026-05-22 10:30:00+00:00,0.0
2026-05-22 10:45:00+00:00,0.013495463138337434
2026-05-22 11:00:00+00:00,0.0072022401690540775
2026-05-22 11:15:00+00:00,0.005209768734917716
2026-05-22 11:30:00+00:00,0.0
2026-05-22 11:45:00+00:00,0.004276767710099296
2026-05-22 12:00:00+00:00,0.0
2026-05-22 12:15:00+00:00,0.0020485730021769077
2026-05-22 12:30:00+00:00,0.0
2026-05-22 12:45:00+00:00,0.01907288450556014
2026-05-22 13:00:00+00:00,0.0
2026-05-22 13:15:00+00:00,0.021422838295108312
2026-05-22 13:30:00+00:00,0.022759158280173303
2026-05-22 13:45:00+00:00,0.04364533004658009
2026-05-22 14:00:00+00:00,0.017010029216957382
2026-05-22 14:15:00+00:00,0.06775348007178181
2026-05-22 14:30:00+00:00,0.10537746736694398
2026-05-22 14:45:00+00:00,0.11662143023133531
2026-05-22 15:00:00+00:00,0.06316303914737723
2026-05-22 15:15:00+00:00,0.09156630123765788
2026-05-22 15:30:00+00:00,0.13187793236662373
2026-05-22 15:45:00+00:00,0.15346678085512624
2026-05-22 16:00:00+00:00,0.11825763478124358
2026-05-22 16:15:00+00:00,0.13958687020122387
2026-05-22 16:30:00+00:00,0.14933450090606543
2026-05-22 16:45:00+00:00,0.1682475483450987
2026-05-22 17:00:00+00:00,0.12551371214278095
2026-05-22 17:15:00+00:00,0.12841913934224997
2026-05-22 17:30:00+00:00,0.16333003500737062
2026-05-22 17:45:00+00:00,0.2020241841322231
2026-05-22 18:00:00+00:00,0.17832979244622815
2026-05-22 18:15:00+00:00,0.19872721423412068
2026-05-22 18:30:00+00:00,0.25607313924533687
2026-05-22 18:45:00+00:00,0.24904124634075844
2026-05-22 19:00:00+00:00,0.2342490783636099
2026-05-22 19:15:00+00:00,0.19508637192995745
2026-05-22 19:30:00+00:00,0.1565324704120737
2026-05-22 19:45:00+00:00,0.15354947356881193
2026-05-22 20:00:00+00:00,0.19577195585208748
2026-05-22 20:15:00+00:00,0.16234275466076523
2026-05-22 20:30:00+00:00,0.15159595091444392
2026-05-22 20:45:00+00:00,0.13992566039202062
2026-05-22 21:00:00+00:00,0.14708650620201721
2026-05-22 21:15:00+00:00,0.1578896558397337
2026-05-22 21:30:00+00:00,0.12957192400777817
2026-05-22 21:45:00+00:00,0.14409232359262553
2026-05-22 22:00:00+00:00,0.1625530215613534
2026-05-22 22:15:00+00:00,0.12360954845753677
2026-05-22 22:30:00+00:00,0.12088990513399467
2026-05-22 22:45:00+00:00,0.10119061467127896
2026-05-22 23:00:00+00:00,0.1477728213279421
2026-05-22 23:15:00+00:00,0.12979264579197597
2026-05-22 23:30:00+00:00,0.10859657560050219
2026-05-22 23:45:00+00:00,0.12669746881719657
2026-05-23 00:00:00+00:00,0.1263183573761168
2026-05-23 00:15:00+00:00,0.11339194144966677
2026-05-23 00:30:00+00:00,0.13778965836968698
2026-05-23 00:45:00+00:00,0.12361285866096579
2026-05-23 01:00:00+00:00,0.12354568597686688
2026-05-23 01:15:00+00:00,0.12247575219013983
2026-05-23 01:30:00+00:00,0.11131720530842229
2026-05-23 01:45:00+00:00,0.1090245110041589
2026-05-23 02:00:00+00:00,0.13456916784875084
2026-05-23 02:15:00+00:00,0.11513117130214282
2026-05-23 02:30:00+00:00,0.12166067700936864
2026-05-23 02:45:00+00:00,0.10345669523798925
2026-05-23 03:00:00+00:00,0.11328907964204495
2026-05-23 03:15:00+00:00,0.12769812519874751
2026-05-23 03:30:00+00:00,0.12170711760113832
2026-05-23 03:45:00+00:00,0.12857375198724316
2026-05-23 04:00:00+00:00,0.14372956331631226
2026-05-23 04:15:00+00:00,0.11960289027515178
2026-05-23 04:30:00+00:00,0.11470953564713271
2026-05-23 04:45:00+00:00,0.10011396557096926
2026-05-23 05:00:00+00:00,0.1523880981863865
2026-05-23 05:15:00+00:00,0.115430146960524
2026-05-23 05:30:00+00:00,0.09255685090857751
2026-05-23 05:45:00+00:00,0.06370394784876351
2026-05-23 06:00:00+00:00,0.11858850287259808
2026-05-23 06:15:00+00:00,0.06922577847113848
2026-05-23 06:30:00+00:00,0.03999628017070086
2026-05-23 06:45:00+00:00,0.0
2026-05-23 07:00:00+00:00,0.060012282614987984
2026-05-23 07:15:00+00:00,0.045845651353186155
2026-05-23 07:30:00+00:00,0.017563779876279925
2026-05-23 07:45:00+00:00,0.015463986871898292
2026-05-23 08:00:00+00:00,0.00031835809101306663
2026-05-23 08:15:00+00:00,0.015336309788110318
2026-05-23 08:30:00+00:00,0.01753114519992506
2026-05-23 08:45:00+00:00,0.0
2026-05-23 09:00:00+00:00,0.022699337724318574
2026-05-23 09:15:00+00:00,0.0
2026-05-23 09:30:00+00:00,0.0
2026-05-23 09:45:00+00:00,0.0031787258858434345
2026-05-23 10:00:00+00:00,0.0
2026-05-23 10:15:00+00:00,0.0
2026-05-23 10:30:00+00:00,0.0005543442405090988
2026-05-23 10:45:00+00:00,0.0
2026-05-23 11:00:00+00:00,0.0
2026-05-23 11:15:00+00:00,0.0
2026-05-23 11:30:00+00:00,0.0
2026-05-23 11:45:00+00:00,0.023032711572945466
2026-05-23 12:00:00+00:00,0.0
2026-05-23 12:15:00+00:00,0.0
2026-05-23 12:30:00+00:00,0.045535323007926974
2026-05-23 12:45:00+00:00,0.0
2026-05-23 13:00:00+00:00,0.0
2026-05-23 13:15:00+00:00,0.004809864958905025
2026-05-23 13:30:00+00:00,0.017584512893602904
2026-05-23 13:45:00+00:00,0.0
2026-05-23 14:00:00+00:00,0.01692738291727098
2026-05-23 14:15:00+00:00,0.0
2026-05-23 14:30:00+00:00,0.0
2026-05-23 14:45:00+00:00,0.002972004433548381
2026-05-23 15:00:00+00:00,0.007259104161288095
2026-05-23 15:15:00+00:00,0.01291750123972265
2026-05-23 15:30:00+00:00,0.04589237579226798
2026-05-23 15:45:00+00:00,0.1227254009725429
2026-05-23 16:00:00+00:00,0.07551445428516494
2026-05-23 16:15:00+00:00,0.09870077743929423
2026-05-23 16:30:00+00:00,0.12371263684467215
2026-05-23 16:45:00+00:00,0.14658099634044183
2026-05-23 17:00:00+00:00,0.13108595160352507
2026-05-23 17:15:00+00:00,0.1517121366306867
2026-05-23 17:30:00+00:00,0.14009793370124732
2026-05-23 17:45:00+00:00,0.18125961074208058
2026-05-23 18:00:00+00:00,0.14573301814229095
2026-05-23 18:15:00+00:00,0.17188085409013998
2026-05-23 18:30:00+00:00,0.17845269418996254
2026-05-23 18:45:00+00:00,0.17979670981976723
2026-05-23 19:00:00+00:00,0.18887664515347577
2026-05-23 19:15:00+00:00,0.16716077394554904
2026-05-23 19:30:00+00:00,0.164740360486473
2026-05-23 19:45:00+00:00,0.14025010912443625
2026-05-23 20:00:00+00:00,0.19051551361423472
2026-05-23 20:15:00+00:00,0.16712908521169106
2026-05-23 20:30:00+00:00,0.14897457844281314
2026-05-23 20:45:00+00:00,0.12349419058644241
2026-05-23 21:00:00+00:00,0.1656936917833476
2026-05-23 21:15:00+00:00,0.14213736613639208
2026-05-23 21:30:00+00:00,0.13473646549899412
2026-05-23 21:45:00+00:00,0.2100604405635953
2026-05-23 22:00:00+00:00,0.1459636355589077
2026-05-23 22:15:00+00:00,0.15749209962426503
2026-05-23 22:30:00+00:00,0.14239092262082617
2026-05-23 22:45:00+00:00,0.13927172192880083
2026-05-23 23:00:00+00:00,0.13996000542554513
2026-05-23 23:15:00+00:00,0.140143885618892
2026-05-23 23:30:00+00:00,0.1339194059094054
2026-05-23 23:45:00+00:00,0.1282708164122394
2026-05-24 00:00:00+00:00,0.15760283124110744
2026-05-24 00:15:00+00:00,0.1259033943920072
2026-05-24 00:30:00+00:00,0.14550458104015376
2026-05-24 00:45:00+00:00,0.13895342298687552
2026-05-24 01:00:00+00:00,0.133393991213294
2026-05-24 01:15:00+00:00,0.1369597942764013
2026-05-24 01:30:00+00:00,0.12454400604731607
2026-05-24 01:45:00+00:00,0.10540025924173124
2026-05-24 02:00:00+00:00,0.12057707340285514
2026-05-24 02:15:00+00:00,0.11123805782375445
2026-05-24 02:30:00+00:00,0.11768140790141936
2026-05-24 02:45:00+00:00,0.11168580326167588
2026-05-24 03:00:00+00:00,0.11991655141556165
2026-05-24 03:15:00+00:00,0.11436376306016552
2026-05-24 03:30:00+00:00,0.09169430170072898
2026-05-24 03:45:00+00:00,0.11740221911282289
2026-05-24 04:00:00+00:00,0.14172321858004883
2026-05-24 04:15:00+00:00,0.11906237193496289
2026-05-24 04:30:00+00:00,0.10186076043465772
2026-05-24 04:45:00+00:00,0.09822253604323784
2026-05-24 05:00:00+00:00,0.11954014131986823
2026-05-24 05:15:00+00:00,0.09866041583866958
2026-05-24 05:30:00+00:00,0.08432991905926766
2026-05-24 05:45:00+00:00,0.039229515696017056
2026-05-24 06:00:00+00:00,0.07384888388947831
2026-05-24 06:15:00+00:00,0.0
2026-05-24 06:30:00+00:00,0.007673315431942462
2026-05-24 06:45:00+00:00,0.0
2026-05-24 07:00:00+00:00,0.019018318150657448
2026-05-24 07:15:00+00:00,0.0034086459924822137
2026-05-24 07:30:00+00:00,0.0
2026-05-24 07:45:00+00:00,0.0
2026-05-24 08:00:00+00:00,0.0002890669451976115
2026-05-24 08:15:00+00:00,0.0
2026-05-24 08:30:00+00:00,0.0
2026-05-24 08:45:00+00:00,0.0
2026-05-24 09:00:00+00:00,0.0
2026-05-24 09:15:00+00:00,0.0
2026-05-24 09:30:00+00:00,0.0
2026-05-24 09:45:00+00:00,0.0
2026-05-24 10:00:00+00:00,0.0
2026-05-24 10:15:00+00:00,0.0
2026-05-24 10:30:00+00:00,0.0
2026-05-24 10:45:00+00:00,0.0
2026-05-24 11:00:00+00:00,0.0
2026-05-24 11:15:00+00:00,0.0
2026-05-24 11:30:00+00:00,0.0
2026-05-24 11:45:00+00:00,0.0
2026-05-24 12:00:00+00:00,0.0
2026-05-24 12:15:00+00:00,0.0
2026-05-24 12:30:00+00:00,0.0
2026-05-24 12:45:00+00:00,0.0
2026-05-24 13:00:00+00:00,0.0
2026-05-24 13:15:00+00:00,0.0
2026-05-24 13:30:00+00:00,0.0
2026-05-24 13:45:00+00:00,0.0
2026-05-24 14:00:00+00:00,0.0021831373631996196
2026-05-24 14:15:00+00:00,0.0
2026-05-24 14:30:00+00:00,0.0
2026-05-24 14:45:00+00:00,0.004367567544387642
2026-05-24 15:00:00+00:00,0.00905343235397152
2026-05-24 15:15:00+00:00,0.002106354452150584
2026-05-24 15:30:00+00:00,0.0
2026-05-24 15:45:00+00:00,0.060112033191517436
2026-05-24 16:00:00+00:00,0.0186695069972521
2026-05-24 16:15:00+00:00,0.09723186881893828
2026-05-24 16:30:00+00:00,0.1452925888485659
2026-05-24 16:45:00+00:00,0.11652423244311469
2026-05-24 17:00:00+00:00,0.12137067473195633
2026-05-24 17:15:00+00:00,0.15873266063052374
2026-05-24 17:30:00+00:00,0.15880788585329772
2026-05-24 17:45:00+00:00,0.14744875466203808
2026-05-24 18:00:00+00:00,0.14058373241825373
2026-05-24 18:15:00+00:00,0.14748683140405106
2026-05-24 18:30:00+00:00,0.1519291541928094
2026-05-24 18:45:00+00:00,0.15392946952822573
2026-05-24 19:00:00+00:00,0.17686679173100758
2026-05-24 19:15:00+00:00,0.1686893806017831
2026-05-24 19:30:00+00:00,0.17105584087377562
2026-05-24 19:45:00+00:00,0.191704533351577
2026-05-24 20:00:00+00:00,0.16059919621246
2026-05-24 20:15:00+00:00,0.14731808434344712
2026-05-24 20:30:00+00:00,0.1365091779688499
2026-05-24 20:45:00+00:00,0.12017113067522633
2026-05-24 21:00:00+00:00,0.13923010190924354
2026-05-24 21:15:00+00:00,0.12506753405113802
2026-05-24 21:30:00+00:00,0.13411908922164203
2026-05-24 21:45:00+00:00,0.1290501021898021
2026-05-24 22:00:00+00:00,0.13900682043675722
2026-05-24 22:15:00+00:00,0.14677129939690226
2026-05-24 22:30:00+00:00,0.13138282050234407
2026-05-24 22:45:00+00:00,0.13312727002853428
2026-05-24 23:00:00+00:00,0.15168509464085583
2026-05-24 23:15:00+00:00,0.13858617069295048
2026-05-24 23:30:00+00:00,0.13454169698454843
2026-05-24 23:45:00+00:00,0.121163117844795
2026-05-25 00:00:00+00:00,0.12797643055567795
2026-05-25 00:15:00+00:00,0.11239723707970058
2026-05-25 00:30:00+00:00,0.12998914400964415
2026-05-25 00:45:00+00:00,0.12744460177613842
2026-05-25 01:00:00+00:00,0.1211638512515618
2026-05-25 01:15:00+00:00,0.1342319478824286
2026-05-25 01:30:00+00:00,0.11507225177575604
2026-05-25 01:45:00+00:00,0.14835862851160347
2026-05-25 02:00:00+00:00,0.13380764687940283
2026-05-25 02:15:00+00:00,0.12827366020348027
2026-05-25 02:30:00+00:00,0.12768270412182608
2026-05-25 02:45:00+00:00,0.13911611215248595
2026-05-25 03:00:00+00:00,0.1437585123206378
2026-05-25 03:15:00+00:00,0.1317260771869001
2026-05-25 03:30:00+00:00,0.13520030901979224
2026-05-25 03:45:00+00:00,0.13514118477625872
2026-05-25 04:00:00+00:00,0.15571024112701473
2026-05-25 04:15:00+00:00,0.13127116897062976
2026-05-25 04:30:00+00:00,0.12883492401380928
2026-05-25 04:45:00+00:00,0.13343435654260996
2026-05-25 05:00:00+00:00,0.13988010833612863
2026-05-25 05:15:00+00:00,0.13781058860045522
2026-05-25 05:30:00+00:00,0.10488719943097041
2026-05-25 05:45:00+00:00,0.09060707478371487
2026-05-25 06:00:00+00:00,0.14980434038440227
2026-05-25 06:15:00+00:00,0.09674660284236455
2026-05-25 06:30:00+00:00,0.06405700960230293
2026-05-25 06:45:00+00:00,0.009246852308914786
2026-05-25 07:00:00+00:00,0.006838454820070131
2026-05-25 07:15:00+00:00,0.0
2026-05-25 07:30:00+00:00,0.0013163668182564038
2026-05-25 07:45:00+00:00,0.0004668173416196121
2026-05-25 08:00:00+00:00,0.012803520208371357
2026-05-25 08:15:00+00:00,0.06539457194832254
2026-05-25 08:30:00+00:00,0.0
2026-05-25 08:45:00+00:00,0.0005326851916748945
2026-05-25 09:00:00+00:00,0.004732483084247657
2026-05-25 09:15:00+00:00,0.012123474657991972
2026-05-25 09:30:00+00:00,0.0011749029731712947
2026-05-25 09:45:00+00:00,0.0
2026-05-25 10:00:00+00:00,0.0
2026-05-25 10:15:00+00:00,0.0
2026-05-25 10:30:00+00:00,0.0
2026-05-25 10:45:00+00:00,0.0
2026-05-25 11:00:00+00:00,0.0
2026-05-25 11:15:00+00:00,0.0
2026-05-25 11:30:00+00:00,0.0
2026-05-25 11:45:00+00:00,0.0
2026-05-25 12:00:00+00:00,0.0
2026-05-25 12:15:00+00:00,0.0
2026-05-25 12:30:00+00:00,0.0
2026-05-25 12:45:00+00:00,0.0
2026-05-25 13:00:00+00:00,0.0
2026-05-25 13:15:00+00:00,0.0
2026-05-25 13:30:00+00:00,0.00034187616135564203
2026-05-25 13:45:00+00:00,0.01472524773046905
2026-05-25 14:00:00+00:00,0.010154333409054328
2026-05-25 14:15:00+00:00,0.0
2026-05-25 14:30:00+00:00,0.053596273105507033
2026-05-25 14:45:00+00:00,0.0
2026-05-25 15:00:00+00:00,0.0
2026-05-25 15:15:00+00:00,0.0
2026-05-25 15:30:00+00:00,0.024210669498554303
2026-05-25 15:45:00+00:00,0.11890253376449039
2026-05-25 16:00:00+00:00,0.06999968928720213
2026-05-25 16:15:00+00:00,0.10476929258991975
2026-05-25 16:30:00+00:00,0.14561263743235794
2026-05-25 16:45:00+00:00,0.16343994539524243
2026-05-25 17:00:00+00:00,0.1403122570675853
2026-05-25 17:15:00+00:00,0.129836280244908
2026-05-25 17:30:00+00:00,0.1521702733980403
2026-05-25 17:45:00+00:00,0.16841975624108824
2026-05-25 18:00:00+00:00,0.15381057720936597
2026-05-25 18:15:00+00:00,0.16629824712319238
2026-05-25 18:30:00+00:00,0.18029250546097297
2026-05-25 18:45:00+00:00,0.17710257111889466
2026-05-25 19:00:00+00:00,0.17025710206792571
2026-05-25 19:15:00+00:00,0.15573562473285096
2026-05-25 19:30:00+00:00,0.1632781984573516
2026-05-25 19:45:00+00:00,0.1502899889416706
2026-05-25 20:00:00+00:00,0.17171062335196172
2026-05-25 20:15:00+00:00,0.17495548462831662
2026-05-25 20:30:00+00:00,0.13968561813204688
2026-05-25 20:45:00+00:00,0.15501834082138805
2026-05-25 21:00:00+00:00,0.16533843744269258
2026-05-25 21:15:00+00:00,0.12299099533210618
2026-05-25 21:30:00+00:00,0.1419138145899897
2026-05-25 21:45:00+00:00,0.12751303509164008
2026-05-25 22:00:00+00:00,0.12387196055282733
2026-05-25 22:15:00+00:00,0.12566358746931586
2026-05-25 22:30:00+00:00,0.18790936107108475
2026-05-25 22:45:00+00:00,0.14237199252711263
2026-05-25 23:00:00+00:00,0.14325678142699247
2026-05-25 23:15:00+00:00,0.12983632472512976
2026-05-25 23:30:00+00:00,0.12261667618368911
2026-05-25 23:45:00+00:00,0.13575662914648112
2026-05-26 00:00:00+00:00,0.14551239201957641
2026-05-26 00:15:00+00:00,0.11521157320475814
2026-05-26 00:30:00+00:00,0.10014013439689709
2026-05-26 00:45:00+00:00,0.09634812536728798
2026-05-26 01:00:00+00:00,0.13603880992159803
2026-05-26 01:15:00+00:00,0.12057941459225614
2026-05-26 01:30:00+00:00,0.12282241910458719
2026-05-26 01:45:00+00:00,0.10195349007043286
2026-05-26 02:00:00+00:00,0.10999811087211533
2026-05-26 02:15:00+00:00,0.11488519186099218
2026-05-26 02:30:00+00:00,0.1221183838336407
2026-05-26 02:45:00+00:00,0.11872407961086241
2026-05-26 03:00:00+00:00,0.11173673801698657
2026-05-26 03:15:00+00:00,0.11698433007397477
2026-05-26 03:30:00+00:00,0.1430932328594723
2026-05-26 03:45:00+00:00,0.140137846196035
2026-05-26 04:00:00+00:00,0.14485156806955551
2026-05-26 04:15:00+00:00,0.13792126189122672
2026-05-26 04:30:00+00:00,0.11405176514599374
2026-05-26 04:45:00+00:00,0.13795895693115504
2026-05-26 05:00:00+00:00,0.15312429445574502
2026-05-26 05:15:00+00:00,0.14874012268628078
2026-05-26 05:30:00+00:00,0.17265723713681844
2026-05-26 05:45:00+00:00,0.12627166017618255
2026-05-26 06:00:00+00:00,0.23665960159383487
2026-05-26 06:15:00+00:00,0.1360176969533945
2026-05-26 06:30:00+00:00,0.15256113762427287
2026-05-26 06:45:00+00:00,0.09316916078120883
2026-05-26 07:00:00+00:00,0.15485638599477708
2026-05-26 07:15:00+00:00,0.11090562596321239
2026-05-26 07:30:00+00:00,0.06425662631956922
2026-05-26 07:45:00+00:00,0.01806183695699299
2026-05-26 08:00:00+00:00,0.007947331203288548
2026-05-26 08:15:00+00:00,0.012046686246914297
2026-05-26 08:30:00+00:00,0.015593546990558944
2026-05-26 08:45:00+00:00,0.0003779945411601616
2026-05-26 09:00:00+00:00,0.0
2026-05-26 09:15:00+00:00,0.0036013095127756267
2026-05-26 09:30:00+00:00,0.004164590313631661
2026-05-26 09:45:00+00:00,0.0007914383184962018
2026-05-26 10:00:00+00:00,0.0012071512433595294
2026-05-26 10:15:00+00:00,0.047071851495306294
2026-05-26 10:30:00+00:00,0.007889549282264059
2026-05-26 10:45:00+00:00,0.0039022744516512696
2026-05-26 11:00:00+00:00,0.0
2026-05-26 11:15:00+00:00,0.0
2026-05-26 11:30:00+00:00,0.0
2026-05-26 11:45:00+00:00,0.0043683712410517925
2026-05-26 12:00:00+00:00,0.00022057413890814634
2026-05-26 12:15:00+00:00,0.0
2026-05-26 12:30:00+00:00,0.0016751859672583017
2026-05-26 12:45:00+00:00,0.0
2026-05-26 13:00:00+00:00,0.008764864602241313
2026-05-26 13:15:00+00:00,0.003320584350670474
2026-05-26 13:30:00+00:00,0.046837218125478565
2026-05-26 13:45:00+00:00,0.0023151877204646153
2026-05-26 14:00:00+00:00,0.013140480595242017
2026-05-26 14:15:00+00:00,0.0
2026-05-26 14:30:00+00:00,0.00981656981647161
2026-05-26 14:45:00+00:00,0.04501539659534004
2026-05-26 15:00:00+00:00,0.013369836838620999
2026-05-26 15:15:00+00:00,0.07731435058404271
2026-05-26 15:30:00+00:00,0.12757335433159375
2026-05-26 15:45:00+00:00,0.150388232824168
2026-05-26 16:00:00+00:00,0.08324993018753891
2026-05-26 16:15:00+00:00,0.10966594896674918
2026-05-26 16:30:00+00:00,0.13308544435513034
2026-05-26 16:45:00+00:00,0.1658633746979981
2026-05-26 17:00:00+00:00,0.13392323287892666
2026-05-26 17:15:00+00:00,0.13893140314134533
2026-05-26 17:30:00+00:00,0.18430104655256468
2026-05-26 17:45:00+00:00,0.2783528930331071
2026-05-26 18:00:00+00:00,0.20334659060548593
2026-05-26 18:15:00+00:00,0.22301441020037513
2026-05-26 18:30:00+00:00,0.23199923731755104
2026-05-26 18:45:00+00:00,0.2167214532973757
2026-05-26 19:00:00+00:00,0.22137759044451816
2026-05-26 19:15:00+00:00,0.18693165281345422
2026-05-26 19:30:00+00:00,0.1959942743475696
2026-05-26 19:45:00+00:00,0.16093310903931302
2026-05-26 20:00:00+00:00,0.20595650917512143
2026-05-26 20:15:00+00:00,0.14922036867079497
2026-05-26 20:30:00+00:00,0.14675033403111853
2026-05-26 20:45:00+00:00,0.11883874234723353
2026-05-26 21:00:00+00:00,0.13378433197910428
2026-05-26 21:15:00+00:00,0.156079131486625
2026-05-26 21:30:00+00:00,0.12325965710158245
2026-05-26 21:45:00+00:00,0.1339028130014446
2026-05-26 22:00:00+00:00,0.1276863773932011
2026-05-26 22:15:00+00:00,0.12477530965926724
2026-05-26 22:30:00+00:00,0.1301176877897658
2026-05-26 22:45:00+00:00,0.12955250078320824
2026-05-26 23:00:00+00:00,0.1427208729245013
2026-05-26 23:15:00+00:00,0.13260770417186266
2026-05-26 23:30:00+00:00,0.12271684742655972
2026-05-26 23:45:00+00:00,0.12026684193481894
2026-05-27 00:00:00+00:00,0.119469370802153
2026-05-27 00:15:00+00:00,0.1118934626467427
2026-05-27 00:30:00+00:00,0.11119037063398378
2026-05-27 00:45:00+00:00,0.1286788389143341
2026-05-27 01:00:00+00:00,0.1010083507207286
2026-05-27 01:15:00+00:00,0.13502358697445055
2026-05-27 01:30:00+00:00,0.11545005774397768
2026-05-27 01:45:00+00:00,0.1107349139360784
2026-05-27 02:00:00+00:00,0.12374759290697268
2026-05-27 02:15:00+00:00,0.1337921658414712
2026-05-27 02:30:00+00:00,0.13071632441603956
2026-05-27 02:45:00+00:00,0.1263785204935989
2026-05-27 03:00:00+00:00,0.12653863489721837
2026-05-27 03:15:00+00:00,0.09985502422856134
2026-05-27 03:30:00+00:00,0.11808169458511852
2026-05-27 03:45:00+00:00,0.11983829939975156
2026-05-27 04:00:00+00:00,0.14183638731215176
2026-05-27 04:15:00+00:00,0.13426521981076114
2026-05-27 04:30:00+00:00,0.14599406556782055
2026-05-27 04:45:00+00:00,0.13692856942488638
2026-05-27 05:00:00+00:00,0.13907693063836318
2026-05-27 05:15:00+00:00,0.13309041790023715
2026-05-27 05:30:00+00:00,0.13896817690814725
2026-05-27 05:45:00+00:00,0.10395517351315586
2026-05-27 06:00:00+00:00,0.14405867610195477
2026-05-27 06:15:00+00:00,0.15686458713673557
2026-05-27 06:30:00+00:00,0.09518047813084139
2026-05-27 06:45:00+00:00,0.06952838056030028
2026-05-27 07:00:00+00:00,0.09617133489702508
2026-05-27 07:15:00+00:00,0.05837553046016118
2026-05-27 07:30:00+00:00,0.020132733367774425
2026-05-27 07:45:00+00:00,0.0
2026-05-27 08:00:00+00:00,0.002893424443013274
2026-05-27 08:15:00+00:00,0.0
2026-05-27 08:30:00+00:00,0.0
2026-05-27 08:45:00+00:00,0.009417016343998413
2026-05-27 09:00:00+00:00,0.015065286363122668
2026-05-27 09:15:00+00:00,0.0
2026-05-27 09:30:00+00:00,0.021223107933312113
2026-05-27 09:45:00+00:00,0.0
2026-05-27 10:00:00+00:00,0.010055485233278698
2026-05-27 10:15:00+00:00,0.0
2026-05-27 10:30:00+00:00,0.0400807673012999
2026-05-27 10:45:00+00:00,0.0
2026-05-27 11:00:00+00:00,0.0
2026-05-27 11:15:00+00:00,0.0044297217103361035
2026-05-27 11:30:00+00:00,0.00469868037904822
2026-05-27 11:45:00+00:00,0.0
2026-05-27 12:00:00+00:00,0.0
2026-05-27 12:15:00+00:00,0.0
2026-05-27 12:30:00+00:00,0.0
2026-05-27 12:45:00+00:00,0.0
2026-05-27 13:00:00+00:00,0.0
2026-05-27 13:15:00+00:00,0.0006760369406324414
2026-05-27 13:30:00+00:00,0.020725688083353185
2026-05-27 13:45:00+00:00,0.0
2026-05-27 14:00:00+00:00,0.0
2026-05-27 14:15:00+00:00,0.0055066157032436875
2026-05-27 14:30:00+00:00,0.0
2026-05-27 14:45:00+00:00,0.006979644817181824
2026-05-27 15:00:00+00:00,0.0
2026-05-27 15:15:00+00:00,0.023321196075773012
2026-05-27 15:30:00+00:00,0.04261774972592295
2026-05-27 15:45:00+00:00,0.07645977050923289
2026-05-27 16:00:00+00:00,0.032733083005307265
2026-05-27 16:15:00+00:00,0.08291200247291966
2026-05-27 16:30:00+00:00,0.13509749666248874
2026-05-27 16:45:00+00:00,0.13066248992398716
2026-05-27 17:00:00+00:00,0.10640058329540496
2026-05-27 17:15:00+00:00,0.12889339443074574
2026-05-27 17:30:00+00:00,0.14533312033243062
2026-05-27 17:45:00+00:00,0.15027890307353203
2026-05-27 18:00:00+00:00,0.12607772168609538
2026-05-27 18:15:00+00:00,0.1455517731640453
2026-05-27 18:30:00+00:00,0.1638744931681503
2026-05-27 18:45:00+00:00,0.16501902164920218
2026-05-27 19:00:00+00:00,0.17582775489047664
2026-05-27 19:15:00+00:00,0.17107408428753645
2026-05-27 19:30:00+00:00,0.15405613300270607
2026-05-27 19:45:00+00:00,0.1467454158685073
2026-05-27 20:00:00+00:00,0.1327894400265073
2026-05-27 20:15:00+00:00,0.14147897227838166
2026-05-27 20:30:00+00:00,0.15134821691757913
2026-05-27 20:45:00+00:00,0.13101563416820725
2026-05-27 21:00:00+00:00,0.13294738323608038
2026-05-27 21:15:00+00:00,0.15708688926030934
2026-05-27 21:30:00+00:00,0.14846077190195806
2026-05-27 21:45:00+00:00,0.13359574912482158
2026-05-27 22:00:00+00:00,0.14998910611480049
2026-05-27 22:15:00+00:00,0.11028064582041922
2026-05-27 22:30:00+00:00,0.12273448559371294
2026-05-27 22:45:00+00:00,0.1253304212682685
2026-05-27 23:00:00+00:00,0.13364019901133053
2026-05-27 23:15:00+00:00,0.12368055979026038
2026-05-27 23:30:00+00:00,0.10234973708483652
2026-05-27 23:45:00+00:00,0.1295802461870856
2026-05-28 00:00:00+00:00,0.13351654128280607
2026-05-28 00:15:00+00:00,0.14180898791589983
2026-05-28 00:30:00+00:00,0.11989690735225036
2026-05-28 00:45:00+00:00,0.168598368422201
2026-05-28 01:00:00+00:00,0.1002401551403553
2026-05-28 01:15:00+00:00,0.12433433163409113
2026-05-28 01:30:00+00:00,0.1366111178106217
2026-05-28 01:45:00+00:00,0.1214223213780728
2026-05-28 02:00:00+00:00,0.14752444818543647
2026-05-28 02:15:00+00:00,0.12539405164210476
2026-05-28 02:30:00+00:00,0.13227992284288556
2026-05-28 02:45:00+00:00,0.12186896919418407
2026-05-28 03:00:00+00:00,0.1340322034517528
2026-05-28 03:15:00+00:00,0.11501680205147306
2026-05-28 03:30:00+00:00,0.14540697955013146
2026-05-28 03:45:00+00:00,0.1448142817623541
2026-05-28 04:00:00+00:00,0.16031291424336508
2026-05-28 04:15:00+00:00,0.1418803128123231
2026-05-28 04:30:00+00:00,0.1504156211829742
2026-05-28 04:45:00+00:00,0.15183816559386504
2026-05-28 05:00:00+00:00,0.1571128163833031
2026-05-28 05:15:00+00:00,0.1367570072486515
2026-05-28 05:30:00+00:00,0.11278018110443859
2026-05-28 05:45:00+00:00,0.1212896029688448
2026-05-28 06:00:00+00:00,0.1423650032169008
2026-05-28 06:15:00+00:00,0.1260432940703856
2026-05-28 06:30:00+00:00,0.12837945363715467
2026-05-28 06:45:00+00:00,0.09682080461845566
2026-05-28 07:00:00+00:00,0.16068804947232201
2026-05-28 07:15:00+00:00,0.07513547710903778
2026-05-28 07:30:00+00:00,0.06647036734866835
2026-05-28 07:45:00+00:00,0.07801012294766788
2026-05-28 08:00:00+00:00,0.10861776773932773
2026-05-28 08:15:00+00:00,0.018896123419750117
2026-05-28 08:30:00+00:00,0.0045033907281419525
2026-05-28 08:45:00+00:00,3.6070600525642694e-05
2026-05-28 09:00:00+00:00,0.01323195983359095
2026-05-28 09:15:00+00:00,0.0
2026-05-28 09:30:00+00:00,0.0057792041068429265
2026-05-28 09:45:00+00:00,0.0
2026-05-28 10:00:00+00:00,0.019431566318350624
2026-05-28 10:15:00+00:00,0.007422885075783037
2026-05-28 10:30:00+00:00,0.012445568146836256
2026-05-28 10:45:00+00:00,0.0
2026-05-28 11:00:00+00:00,0.010581361125674218
2026-05-28 11:15:00+00:00,0.0
2026-05-28 11:30:00+00:00,0.0010903482393284925
2026-05-28 11:45:00+00:00,0.016320476706194586
2026-05-28 12:00:00+00:00,0.039552249432435814
2026-05-28 12:15:00+00:00,0.0020324773130540037
2026-05-28 12:30:00+00:00,0.004380052585187268
2026-05-28 12:45:00+00:00,0.005220043808008099
2026-05-28 13:00:00+00:00,0.0
2026-05-28 13:15:00+00:00,0.020872641008080815
2026-05-28 13:30:00+00:00,0.0
2026-05-28 13:45:00+00:00,0.018928853886324693
2026-05-28 14:00:00+00:00,0.014990656055916388
2026-05-28 14:15:00+00:00,0.029008887896036846
2026-05-28 14:30:00+00:00,0.0364277290129218
2026-05-28 14:45:00+00:00,0.1347416851211029
2026-05-28 15:00:00+00:00,0.08034943059161641
2026-05-28 15:15:00+00:00,0.07378960845369692
2026-05-28 15:30:00+00:00,0.09494541098959586
2026-05-28 15:45:00+00:00,0.1311469221328851
2026-05-28 16:00:00+00:00,0.11224993788622267
2026-05-28 16:15:00+00:00,0.14601225073648777
2026-05-28 16:30:00+00:00,0.14542734085069642
2026-05-28 16:45:00+00:00,0.1592176085193546
2026-05-28 17:00:00+00:00,0.15758389937696426
2026-05-28 17:15:00+00:00,0.175345964832944
2026-05-28 17:30:00+00:00,0.20887239822170273
2026-05-28 17:45:00+00:00,0.33905013792048655
2026-05-28 18:00:00+00:00,0.2473891388608185
2026-05-28 18:15:00+00:00,0.3642738401089367
2026-05-28 18:30:00+00:00,0.4825127108526746
2026-05-28 18:45:00+00:00,0.468910689379766
2026-05-28 19:00:00+00:00,0.4817547788089294
2026-05-28 19:15:00+00:00,0.4532016854837398
2026-05-28 19:30:00+00:00,0.3505088336763105
2026-05-28 19:45:00+00:00,0.23100651866286992
2026-05-28 20:00:00+00:00,0.3230875840517404
2026-05-28 20:15:00+00:00,0.20746622496705372
2026-05-28 20:30:00+00:00,0.172137628229016
2026-05-28 20:45:00+00:00,0.15640306068578236
2026-05-28 21:00:00+00:00,0.16039656952214124
2026-05-28 21:15:00+00:00,0.16731477881879056
2026-05-28 21:30:00+00:00,0.14213648208487134
2026-05-28 21:45:00+00:00,0.14553615125096722
2026-05-28 22:00:00+00:00,0.1758813582415011
2026-05-28 22:15:00+00:00,0.14891976802723947
2026-05-28 22:30:00+00:00,0.12528516870029016
2026-05-28 22:45:00+00:00,0.1256301218679502
2026-05-28 23:00:00+00:00,0.1366702889192147
2026-05-28 23:15:00+00:00,0.14295509002631468
2026-05-28 23:30:00+00:00,0.12828011252477145
2026-05-28 23:45:00+00:00,0.14104763251664573
2026-05-29 00:00:00+00:00,0.19105989595677336
2026-05-29 00:15:00+00:00,0.12654919495518596
2026-05-29 00:30:00+00:00,0.1349860906797309
2026-05-29 00:45:00+00:00,0.12262763590837156
2026-05-29 01:00:00+00:00,0.12838956885165168
2026-05-29 01:15:00+00:00,0.12338565803649688
2026-05-29 01:30:00+00:00,0.1836645595984971
2026-05-29 01:45:00+00:00,0.1380498827670958
2026-05-29 02:00:00+00:00,0.13228648207191143
2026-05-29 02:15:00+00:00,0.13421936601285356
2026-05-29 02:30:00+00:00,0.1346303343723573
2026-05-29 02:45:00+00:00,0.13192255922334709
2026-05-29 03:00:00+00:00,0.11367713840789731
2026-05-29 03:15:00+00:00,0.141709715194165
2026-05-29 03:30:00+00:00,0.14244410826698425
2026-05-29 03:45:00+00:00,0.1254712039668663
2026-05-29 04:00:00+00:00,0.12794302084783818
2026-05-29 04:15:00+00:00,0.14316411652915376
2026-05-29 04:30:00+00:00,0.13799812835183506
2026-05-29 04:45:00+00:00,0.12434053931246981
2026-05-29 05:00:00+00:00,0.12445974344412396
2026-05-29 05:15:00+00:00,0.13315701190749776
2026-05-29 05:30:00+00:00,0.13048436538175545
2026-05-29 05:45:00+00:00,0.11920821148038796
2026-05-29 06:00:00+00:00,0.13870292772354206
2026-05-29 06:15:00+00:00,0.1178288485163809
2026-05-29 06:30:00+00:00,0.16694002039506278
2026-05-29 06:45:00+00:00,0.14216848497565918
2026-05-29 07:00:00+00:00,0.10349076985635279
2026-05-29 07:15:00+00:00,0.08551346617954278
2026-05-29 07:30:00+00:00,0.04417030967525018
2026-05-29 07:45:00+00:00,0.02871758175821461
2026-05-29 08:00:00+00:00,0.04588436519874668
2026-05-29 08:15:00+00:00,0.020317830221392302
2026-05-29 08:30:00+00:00,0.02354664172981186
2026-05-29 08:45:00+00:00,0.0012202508598429577
2026-05-29 09:00:00+00:00,0.006233131630533161
2026-05-29 09:15:00+00:00,0.00792740176305772
2026-05-29 09:30:00+00:00,0.02337857008287408
2026-05-29 09:45:00+00:00,0.001297654911176404
2026-05-29 10:00:00+00:00,0.0
2026-05-29 10:15:00+00:00,0.008439287533552818
2026-05-29 10:30:00+00:00,0.018587273559684567
2026-05-29 10:45:00+00:00,0.0
2026-05-29 11:00:00+00:00,0.008320815386064159
2026-05-29 11:15:00+00:00,0.012247280552289201
2026-05-29 11:30:00+00:00,0.010160655439701535
2026-05-29 11:45:00+00:00,0.0012555852247357793
2026-05-29 12:00:00+00:00,0.0
2026-05-29 12:15:00+00:00,0.0
2026-05-29 12:30:00+00:00,0.004586004538776307
2026-05-29 12:45:00+00:00,0.00938222524091729
2026-05-29 13:00:00+00:00,0.004179450479990392
2026-05-29 13:15:00+00:00,0.0
2026-05-29 13:30:00+00:00,0.014653796561497689
2026-05-29 13:45:00+00:00,0.034190850677428206
2026-05-29 14:00:00+00:00,0.009066100564144804
2026-05-29 14:15:00+00:00,0.02094812885461675
2026-05-29 14:30:00+00:00,0.06818593965282811
2026-05-29 14:45:00+00:00,0.11133820776412467
2026-05-29 15:00:00+00:00,0.05930982191255526
2026-05-29 15:15:00+00:00,0.06969821977608841
2026-05-29 15:30:00+00:00,0.12676082850144021
2026-05-29 15:45:00+00:00,0.1432941525502188
2026-05-29 16:00:00+00:00,0.11842730002520106
2026-05-29 16:15:00+00:00,0.11829183026372944
2026-05-29 16:30:00+00:00,0.1526152806346654
2026-05-29 16:45:00+00:00,0.16403248687568364
2026-05-29 17:00:00+00:00,0.13032672422151603
2026-05-29 17:15:00+00:00,0.17793283414273858
2026-05-29 17:30:00+00:00,0.1859268332361873
2026-05-29 17:45:00+00:00,0.2016291603392073
2026-05-29 18:00:00+00:00,0.2086101025401478
2026-05-29 18:15:00+00:00,0.21705778094567624
2026-05-29 18:30:00+00:00,0.2575933659963136
2026-05-29 18:45:00+00:00,0.26379857207245727
2026-05-29 19:00:00+00:00,0.23604919867666907
2026-05-29 19:15:00+00:00,0.2201748520745167
2026-05-29 19:30:00+00:00,0.17851140981004154
2026-05-29 19:45:00+00:00,0.16192227523632385
2026-05-29 20:00:00+00:00,0.17448991745239614
2026-05-29 20:15:00+00:00,0.16201205020228449
2026-05-29 20:30:00+00:00,0.15594470025257223
2026-05-29 20:45:00+00:00,0.14804013523811355
2026-05-29 21:00:00+00:00,0.1495202654689488
2026-05-29 21:15:00+00:00,0.14193644264845107
2026-05-29 21:30:00+00:00,0.20962006949770445
2026-05-29 21:45:00+00:00,0.1584264019178857
2026-05-29 22:00:00+00:00,0.14643286671882025
2026-05-29 22:15:00+00:00,0.12928219632979132
2026-05-29 22:30:00+00:00,0.14718454131042294
2026-05-29 22:45:00+00:00,0.11331242893671535
2026-05-29 23:00:00+00:00,0.13004226675295175
2026-05-29 23:15:00+00:00,0.17223882948653702
2026-05-29 23:30:00+00:00,0.11494464449549513
2026-05-29 23:45:00+00:00,0.12186975767078231
2026-05-30 00:00:00+00:00,0.11636827920826036
2026-05-30 00:15:00+00:00,0.12377654464148655
2026-05-30 00:30:00+00:00,0.12427177167672464
2026-05-30 00:45:00+00:00,0.1162166827647802
2026-05-30 01:00:00+00:00,0.11852486643406131
2026-05-30 01:15:00+00:00,0.1177615103209629
2026-05-30 01:30:00+00:00,0.12895846061119426
2026-05-30 01:45:00+00:00,0.11969570598935814
2026-05-30 02:00:00+00:00,0.13101701740786098
2026-05-30 02:15:00+00:00,0.13018812983554656
2026-05-30 02:30:00+00:00,0.18197530696900743
2026-05-30 02:45:00+00:00,0.14194845970345973
2026-05-30 03:00:00+00:00,0.11742609120254091
2026-05-30 03:15:00+00:00,0.12113816893692887
2026-05-30 03:30:00+00:00,0.1416329880029957
2026-05-30 03:45:00+00:00,0.11911683499410733
2026-05-30 04:00:00+00:00,0.09540876310094151
2026-05-30 04:15:00+00:00,0.11827031656852115
2026-05-30 04:30:00+00:00,0.1209893953016325
2026-05-30 04:45:00+00:00,0.0862988688256879
2026-05-30 05:00:00+00:00,0.13386935639887948
2026-05-30 05:15:00+00:00,0.10710287536134397
2026-05-30 05:30:00+00:00,0.11176563115187516
2026-05-30 05:45:00+00:00,0.09087018454655939
2026-05-30 06:00:00+00:00,0.10420648580795959
2026-05-30 06:15:00+00:00,0.0860349186536458
2026-05-30 06:30:00+00:00,0.06995917163572454
2026-05-30 06:45:00+00:00,0.07318671909183638
2026-05-30 07:00:00+00:00,0.07411461811899848
2026-05-30 07:15:00+00:00,0.041731344834482535
2026-05-30 07:30:00+00:00,0.0072439108740976876
2026-05-30 07:45:00+00:00,0.019561502215261265
2026-05-30 08:00:00+00:00,0.024632012725235873
2026-05-30 08:15:00+00:00,0.013597438987066807
2026-05-30 08:30:00+00:00,0.005024373391541667
2026-05-30 08:45:00+00:00,0.002898300418707116
2026-05-30 09:00:00+00:00,0.0
2026-05-30 09:15:00+00:00,0.0
2026-05-30 09:30:00+00:00,0.0
2026-05-30 09:45:00+00:00,0.0
2026-05-30 10:00:00+00:00,0.010560434191653657
2026-05-30 10:15:00+00:00,0.0
2026-05-30 10:30:00+00:00,0.011909419074353072
2026-05-30 10:45:00+00:00,0.008717464007600121
2026-05-30 11:00:00+00:00,0.0045571797663341886
2026-05-30 11:15:00+00:00,0.004838840717631838
2026-05-30 11:30:00+00:00,0.0
2026-05-30 11:45:00+00:00,0.016548501512906648
2026-05-30 12:00:00+00:00,0.0
2026-05-30 12:15:00+00:00,0.002019316851187039
2026-05-30 12:30:00+00:00,0.0
2026-05-30 12:45:00+00:00,0.0
2026-05-30 13:00:00+00:00,0.004752960088094232
2026-05-30 13:15:00+00:00,0.0021651349593878547
2026-05-30 13:30:00+00:00,0.0
2026-05-30 13:45:00+00:00,0.0
2026-05-30 14:00:00+00:00,0.0
2026-05-30 14:15:00+00:00,0.01196133717091107
2026-05-30 14:30:00+00:00,0.0
2026-05-30 14:45:00+00:00,0.008130914543241663
2026-05-30 15:00:00+00:00,0.022943402587590624
2026-05-30 15:15:00+00:00,0.03785849438513585
2026-05-30 15:30:00+00:00,0.08021005174282944
2026-05-30 15:45:00+00:00,0.09731233171439306
2026-05-30 16:00:00+00:00,0.09515068481166039
2026-05-30 16:15:00+00:00,0.12212383500582415
2026-05-30 16:30:00+00:00,0.1270956322540217
2026-05-30 16:45:00+00:00,0.1351238472415424
2026-05-30 17:00:00+00:00,0.11949644997147268
2026-05-30 17:15:00+00:00,0.1518732848690428
2026-05-30 17:30:00+00:00,0.14888696254358663
2026-05-30 17:45:00+00:00,0.1641111026444974
2026-05-30 18:00:00+00:00,0.14125475061229045
2026-05-30 18:15:00+00:00,0.1525196741267239
2026-05-30 18:30:00+00:00,0.1847704225959612
2026-05-30 18:45:00+00:00,0.18184723679738307
2026-05-30 19:00:00+00:00,0.1867237546107038
2026-05-30 19:15:00+00:00,0.17293328171745045
2026-05-30 19:30:00+00:00,0.1677963346357691
2026-05-30 19:45:00+00:00,0.1626765706712151
2026-05-30 20:00:00+00:00,0.1748896524246461
2026-05-30 20:15:00+00:00,0.15465499783956674
2026-05-30 20:30:00+00:00,0.1449253859137231
2026-05-30 20:45:00+00:00,0.15884417031787024
2026-05-30 21:00:00+00:00,0.19468129929176492
2026-05-30 21:15:00+00:00,0.14409192747791322
2026-05-30 21:30:00+00:00,0.14357133589885607
2026-05-30 21:45:00+00:00,0.13282846874679433
2026-05-30 22:00:00+00:00,0.16106799466308738
2026-05-30 22:15:00+00:00,0.1278285823879539
2026-05-30 22:30:00+00:00,0.1367962526358077
2026-05-30 22:45:00+00:00,0.12837117706376583
2026-05-30 23:00:00+00:00,0.13200745397135852
2026-05-30 23:15:00+00:00,0.11664087386728017
2026-05-30 23:30:00+00:00,0.13679817551863466
2026-05-30 23:45:00+00:00,0.13360510670334597
2026-05-31 00:00:00+00:00,0.12078431471408782
2026-05-31 00:15:00+00:00,0.13362487207205362
2026-05-31 00:30:00+00:00,0.13005907686300777
2026-05-31 00:45:00+00:00,0.11045387854638891
2026-05-31 01:00:00+00:00,0.11644071085428642
2026-05-31 01:15:00+00:00,0.1354628144488958
2026-05-31 01:30:00+00:00,0.1282541618514205
2026-05-31 01:45:00+00:00,0.12092697054189373
2026-05-31 02:00:00+00:00,0.11921524108827358
2026-05-31 02:15:00+00:00,0.12244606201884578
2026-05-31 02:30:00+00:00,0.12335520470122295
2026-05-31 02:45:00+00:00,0.11614036967370749
2026-05-31 03:00:00+00:00,0.11157235887616697
2026-05-31 03:15:00+00:00,0.13608013286400786
2026-05-31 03:30:00+00:00,0.13246633672611444
2026-05-31 03:45:00+00:00,0.10426744548193141
2026-05-31 04:00:00+00:00,0.12440311295563668
2026-05-31 04:15:00+00:00,0.11079761797285233
2026-05-31 04:30:00+00:00,0.10946432776773464
2026-05-31 04:45:00+00:00,0.10162233420126343
2026-05-31 05:00:00+00:00,0.10759165784282128
2026-05-31 05:15:00+00:00,0.12574947084076285
2026-05-31 05:30:00+00:00,0.09483674315323809
2026-05-31 05:45:00+00:00,0.07732736174933075
2026-05-31 06:00:00+00:00,0.09705418570502952
2026-05-31 06:15:00+00:00,0.10499776956401756
2026-05-31 06:30:00+00:00,0.06760897668307064
2026-05-31 06:45:00+00:00,0.0707537708356448
2026-05-31 07:00:00+00:00,0.09235822840111534
2026-05-31 07:15:00+00:00,0.06495986187997647
2026-05-31 07:30:00+00:00,0.053029220050361134
2026-05-31 07:45:00+00:00,0.05496146460143702
2026-05-31 08:00:00+00:00,0.02866347952948499
2026-05-31 08:15:00+00:00,0.0
2026-05-31 08:30:00+00:00,0.0
2026-05-31 08:45:00+00:00,0.0
2026-05-31 09:00:00+00:00,0.012559370400156969
2026-05-31 09:15:00+00:00,0.005745617175367154
2026-05-31 09:30:00+00:00,0.011244141499708891
2026-05-31 09:45:00+00:00,0.012129839285493707
2026-05-31 10:00:00+00:00,0.0
2026-05-31 10:15:00+00:00,0.0
2026-05-31 10:30:00+00:00,0.0
2026-05-31 10:45:00+00:00,0.0
2026-05-31 11:00:00+00:00,0.0016395687540902467
2026-05-31 11:15:00+00:00,0.011310968808346892
2026-05-31 11:30:00+00:00,0.0
2026-05-31 11:45:00+00:00,0.0014899508990773914
2026-05-31 12:00:00+00:00,0.0
2026-05-31 12:15:00+00:00,0.008017275724376978
2026-05-31 12:30:00+00:00,0.043312176057117104
2026-05-31 12:45:00+00:00,0.0
2026-05-31 13:00:00+00:00,0.004698688593753809
2026-05-31 13:15:00+00:00,0.009878344213079936
2026-05-31 13:30:00+00:00,0.004463742447585357
2026-05-31 13:45:00+00:00,0.0
2026-05-31 14:00:00+00:00,0.0
2026-05-31 14:15:00+00:00,0.04300497531780321
2026-05-31 14:30:00+00:00,0.06529478952934674
2026-05-31 14:45:00+00:00,0.0850820737234167
2026-05-31 15:00:00+00:00,0.08416463342993791
2026-05-31 15:15:00+00:00,0.07994199905818669
2026-05-31 15:30:00+00:00,0.12175037021127465
2026-05-31 15:45:00+00:00,0.1246678390487064
2026-05-31 16:00:00+00:00,0.08564429523129125
2026-05-31 16:15:00+00:00,0.11722797345680859
2026-05-31 16:30:00+00:00,0.14606496076599443
2026-05-31 16:45:00+00:00,0.1459194496719503
2026-05-31 17:00:00+00:00,0.11702221458761605
2026-05-31 17:15:00+00:00,0.1363348546820383
2026-05-31 17:30:00+00:00,0.13664827626108292
2026-05-31 17:45:00+00:00,0.15542814401087962
2026-05-31 18:00:00+00:00,0.1518039981606761
2026-05-31 18:15:00+00:00,0.13741729592251894
2026-05-31 18:30:00+00:00,0.1502919594488435
2026-05-31 18:45:00+00:00,0.16921642465106937
2026-05-31 19:00:00+00:00,0.14992155721701042
2026-05-31 19:15:00+00:00,0.14473841864172005
2026-05-31 19:30:00+00:00,0.14299308868203744
2026-05-31 19:45:00+00:00,0.1588103861295812
2026-05-31 20:00:00+00:00,0.16525157719517464
2026-05-31 20:15:00+00:00,0.14801953969620957
2026-05-31 20:30:00+00:00,0.15099085396128234
2026-05-31 20:45:00+00:00,0.15982132384155132
2026-05-31 21:00:00+00:00,0.14177939843081777
2026-05-31 21:15:00+00:00,0.1274325739098955
2026-05-31 21:30:00+00:00,0.1475407557572037
2026-05-31 21:45:00+00:00,0.13882598836098411
