time,price
2025-12-31 23:00:00+00:00,-0.26894
2025-12-31 23:15:00+00:00,-0.37076
2025-12-31 23:30:00+00:00,-0.18978
2025-12-31 23:45:00+00:00,-0.41681999999999997
2026-01-01 00:00:00+00:00,-0.73961
2026-01-01 00:15:00+00:00,-1.01578
2026-01-01 00:30:00+00:00,-1.09748
2026-01-01 00:45:00+00:00,-1.30046
2026-01-01 01:00:00+00:00,-0.56343
2026-01-01 01:15:00+00:00,-0.45292
2026-01-01 01:30:00+00:00,-1.25852
2026-01-01 01:45:00+00:00,-1.38179
2026-01-01 02:00:00+00:00,-0.55402
2026-01-01 02:15:00+00:00,-1.28251
2026-01-01 02:30:00+00:00,-1.67398
2026-01-01 02:45:00+00:00,-1.87486
2026-01-01 03:00:00+00:00,-0.1565
2026-01-01 03:15:00+00:00,-0.60476
2026-01-01 03:30:00+00:00,-0.63301
2026-01-01 03:45:00+00:00,-0.46002
2026-01-01 04:00:00+00:00,-0.6945800000000001
2026-01-01 04:15:00+00:00,-1.19754
2026-01-01 04:30:00+00:00,-1.45085
2026-01-01 04:45:00+00:00,-1.07016
2026-01-01 05:00:00+00:00,-0.04363
2026-01-01 05:15:00+00:00,-0.34692
2026-01-01 05:30:00+00:00,-0.50692
2026-01-01 05:45:00+00:00,-0.65331
2026-01-01 06:00:00+00:00,-0.16922
2026-01-01 06:15:00+00:00,-0.48489
2026-01-01 06:30:00+00:00,-0.75849
2026-01-01 06:45:00+00:00,0.09395999999999999
2026-01-01 07:00:00+00:00,-0.5223099999999999
2026-01-01 07:15:00+00:00,-0.32738
2026-01-01 07:30:00+00:00,-0.69994
2026-01-01 07:45:00+00:00,-0.57557
2026-01-01 08:00:00+00:00,-0.62019
2026-01-01 08:15:00+00:00,-0.7944
2026-01-01 08:30:00+00:00,-0.61905
2026-01-01 08:45:00+00:00,-0.52552
2026-01-01 09:00:00+00:00,-0.04629
2026-01-01 09:15:00+00:00,0.068
2026-01-01 09:30:00+00:00,0.25275
2026-01-01 09:45:00+00:00,0.013810000000000001
2026-01-01 10:00:00+00:00,-0.23481
2026-01-01 10:15:00+00:00,-0.8138500000000001
2026-01-01 10:30:00+00:00,-0.5116
2026-01-01 10:45:00+00:00,-0.63728
2026-01-01 11:00:00+00:00,-0.6487999999999999
2026-01-01 11:15:00+00:00,-0.67564
2026-01-01 11:30:00+00:00,-0.50124
2026-01-01 11:45:00+00:00,-0.68114
2026-01-01 12:00:00+00:00,-0.37739
2026-01-01 12:15:00+00:00,-0.36413999999999996
2026-01-01 12:30:00+00:00,-0.31277
2026-01-01 12:45:00+00:00,-0.7719199999999999
2026-01-01 13:00:00+00:00,-0.8562799999999999
2026-01-01 13:15:00+00:00,-0.9248200000000001
2026-01-01 13:30:00+00:00,-0.93889
2026-01-01 13:45:00+00:00,-0.74215
2026-01-01 14:00:00+00:00,-0.64923
2026-01-01 14:15:00+00:00,-0.92311
2026-01-01 14:30:00+00:00,-0.6618200000000001
2026-01-01 14:45:00+00:00,-0.65928
2026-01-01 15:00:00+00:00,-0.47572000000000003
2026-01-01 15:15:00+00:00,-0.92838
2026-01-01 15:30:00+00:00,-0.72925
2026-01-01 15:45:00+00:00,-0.94975
2026-01-01 16:00:00+00:00,-0.49942000000000003
2026-01-01 16:15:00+00:00,-0.6243200000000001
2026-01-01 16:30:00+00:00,-0.67484
2026-01-01 16:45:00+00:00,-0.45688
2026-01-01 17:00:00+00:00,-0.146
2026-01-01 17:15:00+00:00,-0.47686
2026-01-01 17:30:00+00:00,-0.1819
2026-01-01 17:45:00+00:00,-0.4082
2026-01-01 18:00:00+00:00,-0.28668
2026-01-01 18:15:00+00:00,-0.14717
2026-01-01 18:30:00+00:00,-0.32444
2026-01-01 18:45:00+00:00,-0.58139
2026-01-01 19:00:00+00:00,-0.74713
2026-01-01 19:15:00+00:00,-0.8533999999999999
2026-01-01 19:30:00+00:00,-0.7990900000000001
2026-01-01 19:45:00+00:00,-0.94398
2026-01-01 20:00:00+00:00,-0.25879
2026-01-01 20:15:00+00:00,-0.50084
2026-01-01 20:30:00+00:00,-0.7573200000000001
2026-01-01 20:45:00+00:00,-0.6631699999999999
2026-01-01 21:00:00+00:00,0.05824
2026-01-01 21:15:00+00:00,-0.14036
2026-01-01 21:30:00+00:00,-0.32391000000000003
2026-01-01 21:45:00+00:00,-0.58069
2026-01-01 22:00:00+00:00,-0.03917
2026-01-01 22:15:00+00:00,-0.25428
2026-01-01 22:30:00+00:00,-0.23609
2026-01-01 22:45:00+00:00,-0.44895
2026-01-01 23:00:00+00:00,-0.6598099999999999
2026-01-01 23:15:00+00:00,-0.73092
2026-01-01 23:30:00+00:00,-0.5887100000000001
2026-01-01 23:45:00+00:00,-0.18700999999999998
2026-01-02 00:00:00+00:00,-0.51809
2026-01-02 00:15:00+00:00,-0.03196
2026-01-02 00:30:00+00:00,-0.2915
2026-01-02 00:45:00+00:00,-0.33441000000000004
2026-01-02 01:00:00+00:00,0.01863
2026-01-02 01:15:00+00:00,0.02496
2026-01-02 01:30:00+00:00,-0.00831
2026-01-02 01:45:00+00:00,-0.34776
2026-01-02 02:00:00+00:00,0.04159
2026-01-02 02:15:00+00:00,0.00294
2026-01-02 02:30:00+00:00,0.01509
2026-01-02 02:45:00+00:00,0.0004
2026-01-02 03:00:00+00:00,-0.062090000000000006
2026-01-02 03:15:00+00:00,0.13196000000000002
2026-01-02 03:30:00+00:00,0.00674
2026-01-02 03:45:00+00:00,0.021079999999999998
2026-01-02 04:00:00+00:00,0.45473
2026-01-02 04:15:00+00:00,0.14625
2026-01-02 04:30:00+00:00,0.18223
2026-01-02 04:45:00+00:00,0.28623000000000004
2026-01-02 05:00:00+00:00,0.07465000000000001
2026-01-02 05:15:00+00:00,0.36928
2026-01-02 05:30:00+00:00,0.36462
2026-01-02 05:45:00+00:00,0.023350000000000003
2026-01-02 06:00:00+00:00,0.07773999999999999
2026-01-02 06:15:00+00:00,0.34936
2026-01-02 06:30:00+00:00,0.35688
2026-01-02 06:45:00+00:00,-0.41807
2026-01-02 07:00:00+00:00,0.31162
2026-01-02 07:15:00+00:00,0.18044
2026-01-02 07:30:00+00:00,0.39719
2026-01-02 07:45:00+00:00,-1.07524
2026-01-02 08:00:00+00:00,0.36164999999999997
2026-01-02 08:15:00+00:00,-0.32952
2026-01-02 08:30:00+00:00,-0.25209
2026-01-02 08:45:00+00:00,-0.17657
2026-01-02 09:00:00+00:00,0.20692
2026-01-02 09:15:00+00:00,-0.14158
2026-01-02 09:30:00+00:00,0.03417
2026-01-02 09:45:00+00:00,-0.464
2026-01-02 10:00:00+00:00,-0.04165
2026-01-02 10:15:00+00:00,-0.28328
2026-01-02 10:30:00+00:00,0.21047
2026-01-02 10:45:00+00:00,-0.09132
2026-01-02 11:00:00+00:00,0.08724
2026-01-02 11:15:00+00:00,1.99122
2026-01-02 11:30:00+00:00,-0.89137
2026-01-02 11:45:00+00:00,-0.45724000000000004
2026-01-02 12:00:00+00:00,0.05784
2026-01-02 12:15:00+00:00,0.039880000000000006
2026-01-02 12:30:00+00:00,-0.053840000000000006
2026-01-02 12:45:00+00:00,0.32239999999999996
2026-01-02 13:00:00+00:00,0.30261
2026-01-02 13:15:00+00:00,0.32930000000000004
2026-01-02 13:30:00+00:00,0.28769
2026-01-02 13:45:00+00:00,0.04911
2026-01-02 14:00:00+00:00,0.5355
2026-01-02 14:15:00+00:00,0.24588
2026-01-02 14:30:00+00:00,-0.06756999999999999
2026-01-02 14:45:00+00:00,-0.04815
2026-01-02 15:00:00+00:00,0.02856
2026-01-02 15:15:00+00:00,0.08084000000000001
2026-01-02 15:30:00+00:00,-0.22427
2026-01-02 15:45:00+00:00,-0.1946
2026-01-02 16:00:00+00:00,-0.01776
2026-01-02 16:15:00+00:00,0.0938
2026-01-02 16:30:00+00:00,0.83665
2026-01-02 16:45:00+00:00,0.12762
2026-01-02 17:00:00+00:00,0.20146
2026-01-02 17:15:00+00:00,0.034140000000000004
2026-01-02 17:30:00+00:00,0.06620000000000001
2026-01-02 17:45:00+00:00,0.35117000000000004
2026-01-02 18:00:00+00:00,0.1258
2026-01-02 18:15:00+00:00,-0.12254000000000001
2026-01-02 18:30:00+00:00,-0.5428099999999999
2026-01-02 18:45:00+00:00,2.7360100000000003
2026-01-02 19:00:00+00:00,0.13995
2026-01-02 19:15:00+00:00,0.0698
2026-01-02 19:30:00+00:00,0.02038
2026-01-02 19:45:00+00:00,-0.06456
2026-01-02 20:00:00+00:00,0.27201
2026-01-02 20:15:00+00:00,-0.02137
2026-01-02 20:30:00+00:00,-0.19050999999999998
2026-01-02 20:45:00+00:00,-0.2273
2026-01-02 21:00:00+00:00,0.07867
2026-01-02 21:15:00+00:00,0.23943
2026-01-02 21:30:00+00:00,0.16388999999999998
2026-01-02 21:45:00+00:00,0.30592
2026-01-02 22:00:00+00:00,-0.22766999999999998
2026-01-02 22:15:00+00:00,-0.33003
2026-01-02 22:30:00+00:00,-0.49168
2026-01-02 22:45:00+00:00,-0.5006499999999999
2026-01-02 23:00:00+00:00,0.39107
2026-01-02 23:15:00+00:00,0.1205
2026-01-02 23:30:00+00:00,-0.04111
2026-01-02 23:45:00+00:00,0.04186
2026-01-03 00:00:00+00:00,0.08388
2026-01-03 00:15:00+00:00,0.06406
2026-01-03 00:30:00+00:00,0.039920000000000004
2026-01-03 00:45:00+00:00,-0.24343
2026-01-03 01:00:00+00:00,0.04265
2026-01-03 01:15:00+00:00,-0.1691
2026-01-03 01:30:00+00:00,-0.79795
2026-01-03 01:45:00+00:00,-0.46124
2026-01-03 02:00:00+00:00,0.024
2026-01-03 02:15:00+00:00,0.02871
2026-01-03 02:30:00+00:00,-1.22306
2026-01-03 02:45:00+00:00,-0.9419
2026-01-03 03:00:00+00:00,0.0069500000000000004
2026-01-03 03:15:00+00:00,0.06154
2026-01-03 03:30:00+00:00,-0.043429999999999996
2026-01-03 03:45:00+00:00,-0.01678
2026-01-03 04:00:00+00:00,-0.09720999999999999
2026-01-03 04:15:00+00:00,-0.36601999999999996
2026-01-03 04:30:00+00:00,-0.5312
2026-01-03 04:45:00+00:00,-0.7769199999999999
2026-01-03 05:00:00+00:00,-0.87567
2026-01-03 05:15:00+00:00,-0.5436799999999999
2026-01-03 05:30:00+00:00,-0.24371
2026-01-03 05:45:00+00:00,0.10059
2026-01-03 06:00:00+00:00,0.13946
2026-01-03 06:15:00+00:00,0.10771
2026-01-03 06:30:00+00:00,0.05652
2026-01-03 06:45:00+00:00,-0.1264
2026-01-03 07:00:00+00:00,-1.25561
2026-01-03 07:15:00+00:00,-1.51483
2026-01-03 07:30:00+00:00,-1.4121400000000002
2026-01-03 07:45:00+00:00,-0.58649
2026-01-03 08:00:00+00:00,-1.47596
2026-01-03 08:15:00+00:00,-1.83944
2026-01-03 08:30:00+00:00,-0.69287
2026-01-03 08:45:00+00:00,-0.84874
2026-01-03 09:00:00+00:00,0.04572
2026-01-03 09:15:00+00:00,-0.0123
2026-01-03 09:30:00+00:00,0.04982
2026-01-03 09:45:00+00:00,-0.05594
2026-01-03 10:00:00+00:00,-1.07145
2026-01-03 10:15:00+00:00,-2.07201
2026-01-03 10:30:00+00:00,-3.05884
2026-01-03 10:45:00+00:00,-0.19438
2026-01-03 11:00:00+00:00,-0.20384
2026-01-03 11:15:00+00:00,-0.08710999999999999
2026-01-03 11:30:00+00:00,-0.88364
2026-01-03 11:45:00+00:00,-1.23569
2026-01-03 12:00:00+00:00,0.0069500000000000004
2026-01-03 12:15:00+00:00,-0.9372
2026-01-03 12:30:00+00:00,0.0020499999999999997
2026-01-03 12:45:00+00:00,0.0028599999999999997
2026-01-03 13:00:00+00:00,0.03885
2026-01-03 13:15:00+00:00,0.06442
2026-01-03 13:30:00+00:00,-0.01286
2026-01-03 13:45:00+00:00,0.06620999999999999
2026-01-03 14:00:00+00:00,0.04654
2026-01-03 14:15:00+00:00,0.07819
2026-01-03 14:30:00+00:00,0.01719
2026-01-03 14:45:00+00:00,0.05558
2026-01-03 15:00:00+00:00,-0.81312
2026-01-03 15:15:00+00:00,-0.98005
2026-01-03 15:30:00+00:00,-2.50171
2026-01-03 15:45:00+00:00,-1.19039
2026-01-03 16:00:00+00:00,0.05841
2026-01-03 16:15:00+00:00,-0.30929
2026-01-03 16:30:00+00:00,0.02243
2026-01-03 16:45:00+00:00,-0.28702
2026-01-03 17:00:00+00:00,-0.12733
2026-01-03 17:15:00+00:00,-0.46914
2026-01-03 17:30:00+00:00,-0.12329000000000001
2026-01-03 17:45:00+00:00,-1.30727
2026-01-03 18:00:00+00:00,-2.02168
2026-01-03 18:15:00+00:00,-1.11966
2026-01-03 18:30:00+00:00,-1.40175
2026-01-03 18:45:00+00:00,-1.38718
2026-01-03 19:00:00+00:00,-0.09684999999999999
2026-01-03 19:15:00+00:00,-0.66813
2026-01-03 19:30:00+00:00,-1.70574
2026-01-03 19:45:00+00:00,-1.05946
2026-01-03 20:00:00+00:00,-0.45130000000000003
2026-01-03 20:15:00+00:00,-0.3353
2026-01-03 20:30:00+00:00,0.47478
2026-01-03 20:45:00+00:00,-0.48579
2026-01-03 21:00:00+00:00,-0.03691
2026-01-03 21:15:00+00:00,-0.18553
2026-01-03 21:30:00+00:00,0.0554
2026-01-03 21:45:00+00:00,-0.53975
2026-01-03 22:00:00+00:00,0.03774
2026-01-03 22:15:00+00:00,0.01262
2026-01-03 22:30:00+00:00,-0.01696
2026-01-03 22:45:00+00:00,0.07733
2026-01-03 23:00:00+00:00,-0.52943
2026-01-03 23:15:00+00:00,-0.93051
2026-01-03 23:30:00+00:00,-0.75955
2026-01-03 23:45:00+00:00,-0.47563
2026-01-04 00:00:00+00:00,0.14965
2026-01-04 00:15:00+00:00,0.11748
2026-01-04 00:30:00+00:00,0.08546
2026-01-04 00:45:00+00:00,-0.09395
2026-01-04 01:00:00+00:00,0.10794
2026-01-04 01:15:00+00:00,0.1331
2026-01-04 01:30:00+00:00,0.10367
2026-01-04 01:45:00+00:00,-0.01245
2026-01-04 02:00:00+00:00,0.10972
2026-01-04 02:15:00+00:00,0.15481
2026-01-04 02:30:00+00:00,0.09711
2026-01-04 02:45:00+00:00,-0.016649999999999998
2026-01-04 03:00:00+00:00,0.16848
2026-01-04 03:15:00+00:00,0.21144
2026-01-04 03:30:00+00:00,0.020460000000000002
2026-01-04 03:45:00+00:00,-0.12254999999999999
2026-01-04 04:00:00+00:00,0.15111000000000002
2026-01-04 04:15:00+00:00,0.30724
2026-01-04 04:30:00+00:00,-0.01712
2026-01-04 04:45:00+00:00,0.02453
2026-01-04 05:00:00+00:00,0.16876
2026-01-04 05:15:00+00:00,0.25532
2026-01-04 05:30:00+00:00,0.17546
2026-01-04 05:45:00+00:00,-0.02063
2026-01-04 06:00:00+00:00,0.38994
2026-01-04 06:15:00+00:00,0.51759
2026-01-04 06:30:00+00:00,0.047380000000000005
2026-01-04 06:45:00+00:00,0.04995
2026-01-04 07:00:00+00:00,0.26749
2026-01-04 07:15:00+00:00,0.33952
2026-01-04 07:30:00+00:00,0.25626
2026-01-04 07:45:00+00:00,0.01819
2026-01-04 08:00:00+00:00,0.15816999999999998
2026-01-04 08:15:00+00:00,0.42848
2026-01-04 08:30:00+00:00,0.13019
2026-01-04 08:45:00+00:00,-0.04967
2026-01-04 09:00:00+00:00,0.38071
2026-01-04 09:15:00+00:00,0.28581
2026-01-04 09:30:00+00:00,0.19702
2026-01-04 09:45:00+00:00,-0.018510000000000002
2026-01-04 10:00:00+00:00,0.27415
2026-01-04 10:15:00+00:00,0.4704
2026-01-04 10:30:00+00:00,0.30247
2026-01-04 10:45:00+00:00,0.17127
2026-01-04 11:00:00+00:00,0.34482999999999997
2026-01-04 11:15:00+00:00,0.36678
2026-01-04 11:30:00+00:00,0.46426999999999996
2026-01-04 11:45:00+00:00,-0.0037099999999999998
2026-01-04 12:00:00+00:00,0.29258999999999996
2026-01-04 12:15:00+00:00,0.24441
2026-01-04 12:30:00+00:00,0.22971
2026-01-04 12:45:00+00:00,0.07194
2026-01-04 13:00:00+00:00,0.24056
2026-01-04 13:15:00+00:00,0.23051
2026-01-04 13:30:00+00:00,0.22744
2026-01-04 13:45:00+00:00,0.01569
2026-01-04 14:00:00+00:00,0.11702
2026-01-04 14:15:00+00:00,0.16083
2026-01-04 14:30:00+00:00,0.19949
2026-01-04 14:45:00+00:00,0.04636
2026-01-04 15:00:00+00:00,0.28902999999999995
2026-01-04 15:15:00+00:00,0.29089
2026-01-04 15:30:00+00:00,0.25916
2026-01-04 15:45:00+00:00,0.056799999999999996
2026-01-04 16:00:00+00:00,0.324
2026-01-04 16:15:00+00:00,0.6098
2026-01-04 16:30:00+00:00,0.11503000000000001
2026-01-04 16:45:00+00:00,0.21296
2026-01-04 17:00:00+00:00,0.28074
2026-01-04 17:15:00+00:00,0.19316999999999998
2026-01-04 17:30:00+00:00,0.19065000000000001
2026-01-04 17:45:00+00:00,0.13522
2026-01-04 18:00:00+00:00,0.10894
2026-01-04 18:15:00+00:00,0.13798
2026-01-04 18:30:00+00:00,-0.061189999999999994
2026-01-04 18:45:00+00:00,0.00643
2026-01-04 19:00:00+00:00,0.13977
2026-01-04 19:15:00+00:00,0.05632
2026-01-04 19:30:00+00:00,-0.01887
2026-01-04 19:45:00+00:00,-0.39233999999999997
2026-01-04 20:00:00+00:00,0.12732
2026-01-04 20:15:00+00:00,0.08366
2026-01-04 20:30:00+00:00,-0.2911
2026-01-04 20:45:00+00:00,-0.16032
2026-01-04 21:00:00+00:00,0.19347999999999999
2026-01-04 21:15:00+00:00,0.14799
2026-01-04 21:30:00+00:00,-1.10507
2026-01-04 21:45:00+00:00,-0.99421
2026-01-04 22:00:00+00:00,0.203
2026-01-04 22:15:00+00:00,0.18042
2026-01-04 22:30:00+00:00,0.11361
2026-01-04 22:45:00+00:00,-0.056780000000000004
2026-01-04 23:00:00+00:00,0.10735
2026-01-04 23:15:00+00:00,0.04857
2026-01-04 23:30:00+00:00,0.01843
2026-01-04 23:45:00+00:00,-0.50686
2026-01-05 00:00:00+00:00,-0.08882999999999999
2026-01-05 00:15:00+00:00,0.05367
2026-01-05 00:30:00+00:00,-0.00266
2026-01-05 00:45:00+00:00,-0.04094
2026-01-05 01:00:00+00:00,0.06887
2026-01-05 01:15:00+00:00,0.01358
2026-01-05 01:30:00+00:00,-1.16549
2026-01-05 01:45:00+00:00,-0.95901
2026-01-05 02:00:00+00:00,-0.0002
2026-01-05 02:15:00+00:00,0.01312
2026-01-05 02:30:00+00:00,-0.47066
2026-01-05 02:45:00+00:00,-0.10224
2026-01-05 03:00:00+00:00,-0.01511
2026-01-05 03:15:00+00:00,0.013130000000000001
2026-01-05 03:30:00+00:00,0.016739999999999998
2026-01-05 03:45:00+00:00,-0.10914
2026-01-05 04:00:00+00:00,-0.01324
2026-01-05 04:15:00+00:00,-0.08813
2026-01-05 04:30:00+00:00,-0.95862
2026-01-05 04:45:00+00:00,-0.59675
2026-01-05 05:00:00+00:00,-0.02089
2026-01-05 05:15:00+00:00,0.00421
2026-01-05 05:30:00+00:00,-0.86737
2026-01-05 05:45:00+00:00,-0.33812000000000003
2026-01-05 06:00:00+00:00,0.04272
2026-01-05 06:15:00+00:00,0.15863
2026-01-05 06:30:00+00:00,-0.43126
2026-01-05 06:45:00+00:00,0.0208
2026-01-05 07:00:00+00:00,0.0557
2026-01-05 07:15:00+00:00,-0.44453
2026-01-05 07:30:00+00:00,0.10256
2026-01-05 07:45:00+00:00,-0.3826
2026-01-05 08:00:00+00:00,-0.06661
2026-01-05 08:15:00+00:00,-0.08441
2026-01-05 08:30:00+00:00,-0.03971
2026-01-05 08:45:00+00:00,-0.1267
2026-01-05 09:00:00+00:00,0.0268
2026-01-05 09:15:00+00:00,0.15516
2026-01-05 09:30:00+00:00,0.10025
2026-01-05 09:45:00+00:00,-0.24828
2026-01-05 10:00:00+00:00,-0.1455
2026-01-05 10:15:00+00:00,0.03406
2026-01-05 10:30:00+00:00,-0.19338999999999998
2026-01-05 10:45:00+00:00,-0.23918999999999999
2026-01-05 11:00:00+00:00,0.08598
2026-01-05 11:15:00+00:00,0.05155
2026-01-05 11:30:00+00:00,-0.18691999999999998
2026-01-05 11:45:00+00:00,-0.14646
2026-01-05 12:00:00+00:00,0.09889
2026-01-05 12:15:00+00:00,0.08466
2026-01-05 12:30:00+00:00,0.09212000000000001
2026-01-05 12:45:00+00:00,-0.5748
2026-01-05 13:00:00+00:00,0.02345
2026-01-05 13:15:00+00:00,0.04861
2026-01-05 13:30:00+00:00,0.08424
2026-01-05 13:45:00+00:00,0.039409999999999994
2026-01-05 14:00:00+00:00,0.08792
2026-01-05 14:15:00+00:00,0.0963
2026-01-05 14:30:00+00:00,0.09799
2026-01-05 14:45:00+00:00,0.04197
2026-01-05 15:00:00+00:00,0.10651999999999999
2026-01-05 15:15:00+00:00,0.11189
2026-01-05 15:30:00+00:00,0.10633
2026-01-05 15:45:00+00:00,0.03739
2026-01-05 16:00:00+00:00,0.11053
2026-01-05 16:15:00+00:00,0.12165000000000001
2026-01-05 16:30:00+00:00,0.10862999999999999
2026-01-05 16:45:00+00:00,0.12312000000000001
2026-01-05 17:00:00+00:00,0.09653
2026-01-05 17:15:00+00:00,0.11359
2026-01-05 17:30:00+00:00,0.08195000000000001
2026-01-05 17:45:00+00:00,0.13056
2026-01-05 18:00:00+00:00,0.13945
2026-01-05 18:15:00+00:00,0.14808000000000002
2026-01-05 18:30:00+00:00,0.12771
2026-01-05 18:45:00+00:00,0.1083
2026-01-05 19:00:00+00:00,0.13981
2026-01-05 19:15:00+00:00,0.11109000000000001
2026-01-05 19:30:00+00:00,0.16565000000000002
2026-01-05 19:45:00+00:00,0.12611
2026-01-05 20:00:00+00:00,0.10811
2026-01-05 20:15:00+00:00,0.10828
2026-01-05 20:30:00+00:00,0.12362999999999999
2026-01-05 20:45:00+00:00,0.08587
2026-01-05 21:00:00+00:00,0.11802
2026-01-05 21:15:00+00:00,0.09965
2026-01-05 21:30:00+00:00,0.11693
2026-01-05 21:45:00+00:00,0.10443999999999999
2026-01-05 22:00:00+00:00,0.08075
2026-01-05 22:15:00+00:00,0.07678
2026-01-05 22:30:00+00:00,0.08456999999999999
2026-01-05 22:45:00+00:00,0.07583
2026-01-05 23:00:00+00:00,0.19913
2026-01-05 23:15:00+00:00,0.16115000000000002
2026-01-05 23:30:00+00:00,0.11849
2026-01-05 23:45:00+00:00,0.07255
2026-01-06 00:00:00+00:00,0.10490000000000001
2026-01-06 00:15:00+00:00,0.10047
2026-01-06 00:30:00+00:00,0.13261
2026-01-06 00:45:00+00:00,0.09620999999999999
2026-01-06 01:00:00+00:00,0.1693
2026-01-06 01:15:00+00:00,0.08903
2026-01-06 01:30:00+00:00,0.10559
2026-01-06 01:45:00+00:00,0.0984
2026-01-06 02:00:00+00:00,0.10592
2026-01-06 02:15:00+00:00,0.1065
2026-01-06 02:30:00+00:00,0.12304000000000001
2026-01-06 02:45:00+00:00,0.10283
2026-01-06 03:00:00+00:00,0.12472
2026-01-06 03:15:00+00:00,0.13763
2026-01-06 03:30:00+00:00,0.15541
2026-01-06 03:45:00+00:00,0.09678
2026-01-06 04:00:00+00:00,0.11955
2026-01-06 04:15:00+00:00,0.09935
2026-01-06 04:30:00+00:00,0.10869
2026-01-06 04:45:00+00:00,0.06643
2026-01-06 05:00:00+00:00,0.113
2026-01-06 05:15:00+00:00,0.10388
2026-01-06 05:30:00+00:00,0.11848
2026-01-06 05:45:00+00:00,0.12891
2026-01-06 06:00:00+00:00,0.12129999999999999
2026-01-06 06:15:00+00:00,0.0965
2026-01-06 06:30:00+00:00,0.10759
2026-01-06 06:45:00+00:00,0.12090999999999999
2026-01-06 07:00:00+00:00,0.19688
2026-01-06 07:15:00+00:00,0.13913999999999999
2026-01-06 07:30:00+00:00,0.12343000000000001
2026-01-06 07:45:00+00:00,0.10459
2026-01-06 08:00:00+00:00,0.12381
2026-01-06 08:15:00+00:00,0.11433
2026-01-06 08:30:00+00:00,0.08785
2026-01-06 08:45:00+00:00,0.07468000000000001
2026-01-06 09:00:00+00:00,0.11248999999999999
2026-01-06 09:15:00+00:00,0.10898999999999999
2026-01-06 09:30:00+00:00,0.07851000000000001
2026-01-06 09:45:00+00:00,0.07601999999999999
2026-01-06 10:00:00+00:00,0.09867000000000001
2026-01-06 10:15:00+00:00,0.09464
2026-01-06 10:30:00+00:00,0.13488
2026-01-06 10:45:00+00:00,0.12943000000000002
2026-01-06 11:00:00+00:00,0.07757
2026-01-06 11:15:00+00:00,0.09198
2026-01-06 11:30:00+00:00,0.03996
2026-01-06 11:45:00+00:00,-0.03028
2026-01-06 12:00:00+00:00,0.09333
2026-01-06 12:15:00+00:00,0.09273999999999999
2026-01-06 12:30:00+00:00,0.0643
2026-01-06 12:45:00+00:00,0.07214
2026-01-06 13:00:00+00:00,0.06989
2026-01-06 13:15:00+00:00,0.07201
2026-01-06 13:30:00+00:00,0.1022
2026-01-06 13:45:00+00:00,0.057210000000000004
2026-01-06 14:00:00+00:00,0.08281999999999999
2026-01-06 14:15:00+00:00,0.07363
2026-01-06 14:30:00+00:00,0.053450000000000004
2026-01-06 14:45:00+00:00,0.07266
2026-01-06 15:00:00+00:00,0.07389
2026-01-06 15:15:00+00:00,0.10546
2026-01-06 15:30:00+00:00,0.12285
2026-01-06 15:45:00+00:00,-0.57227
2026-01-06 16:00:00+00:00,0.07353
2026-01-06 16:15:00+00:00,0.09487000000000001
2026-01-06 16:30:00+00:00,0.11395999999999999
2026-01-06 16:45:00+00:00,0.07404999999999999
2026-01-06 17:00:00+00:00,0.09689
2026-01-06 17:15:00+00:00,0.08301
2026-01-06 17:30:00+00:00,0.05551
2026-01-06 17:45:00+00:00,-0.0291
2026-01-06 18:00:00+00:00,0.06448999999999999
2026-01-06 18:15:00+00:00,0.064
2026-01-06 18:30:00+00:00,-0.061950000000000005
2026-01-06 18:45:00+00:00,0.0517
2026-01-06 19:00:00+00:00,0.05731
2026-01-06 19:15:00+00:00,0.032380000000000006
2026-01-06 19:30:00+00:00,0.046270000000000006
2026-01-06 19:45:00+00:00,0.01804
2026-01-06 20:00:00+00:00,0.07235
2026-01-06 20:15:00+00:00,0.046579999999999996
2026-01-06 20:30:00+00:00,0.03628
2026-01-06 20:45:00+00:00,0.040530000000000004
2026-01-06 21:00:00+00:00,0.07901999999999999
2026-01-06 21:15:00+00:00,0.05373
2026-01-06 21:30:00+00:00,0.06594
2026-01-06 21:45:00+00:00,0.04871
2026-01-06 22:00:00+00:00,0.07826000000000001
2026-01-06 22:15:00+00:00,0.077
2026-01-06 22:30:00+00:00,0.07357
2026-01-06 22:45:00+00:00,0.06656000000000001
2026-01-06 23:00:00+00:00,0.10067
2026-01-06 23:15:00+00:00,0.04857
2026-01-06 23:30:00+00:00,0.03757
2026-01-06 23:45:00+00:00,0.05045
2026-01-07 00:00:00+00:00,0.07476999999999999
2026-01-07 00:15:00+00:00,0.06694
2026-01-07 00:30:00+00:00,0.0586
2026-01-07 00:45:00+00:00,0.053649999999999996
2026-01-07 01:00:00+00:00,0.05693
2026-01-07 01:15:00+00:00,0.04871
2026-01-07 01:30:00+00:00,0.057
2026-01-07 01:45:00+00:00,-0.01694
2026-01-07 02:00:00+00:00,0.03591
2026-01-07 02:15:00+00:00,0.05178
2026-01-07 02:30:00+00:00,0.0644
2026-01-07 02:45:00+00:00,-0.09984
2026-01-07 03:00:00+00:00,0.07468000000000001
2026-01-07 03:15:00+00:00,0.03792
2026-01-07 03:30:00+00:00,0.043840000000000004
2026-01-07 03:45:00+00:00,-0.06944
2026-01-07 04:00:00+00:00,0.09372
2026-01-07 04:15:00+00:00,0.10015
2026-01-07 04:30:00+00:00,0.00631
2026-01-07 04:45:00+00:00,0.0008100000000000001
2026-01-07 05:00:00+00:00,-0.042140000000000004
2026-01-07 05:15:00+00:00,0.06049
2026-01-07 05:30:00+00:00,0.09473999999999999
2026-01-07 05:45:00+00:00,0.02557
2026-01-07 06:00:00+00:00,0.00594
2026-01-07 06:15:00+00:00,-0.011439999999999999
2026-01-07 06:30:00+00:00,0.01185
2026-01-07 06:45:00+00:00,0.06216
2026-01-07 07:00:00+00:00,0.07575
2026-01-07 07:15:00+00:00,0.07373
2026-01-07 07:30:00+00:00,0.05101
2026-01-07 07:45:00+00:00,0.04743
2026-01-07 08:00:00+00:00,0.020579999999999998
2026-01-07 08:15:00+00:00,0.12239
2026-01-07 08:30:00+00:00,-0.37160000000000004
2026-01-07 08:45:00+00:00,0.54032
2026-01-07 09:00:00+00:00,-1.75999
2026-01-07 09:15:00+00:00,0.06952
2026-01-07 09:30:00+00:00,0.13532
2026-01-07 09:45:00+00:00,-0.70835
2026-01-07 10:00:00+00:00,-0.0112
2026-01-07 10:15:00+00:00,1.84925
2026-01-07 10:30:00+00:00,-0.06620000000000001
2026-01-07 10:45:00+00:00,-0.5000899999999999
2026-01-07 11:00:00+00:00,0.06024
2026-01-07 11:15:00+00:00,-0.1044
2026-01-07 11:30:00+00:00,0.06925
2026-01-07 11:45:00+00:00,0.05281
2026-01-07 12:00:00+00:00,0.0366
2026-01-07 12:15:00+00:00,0.055549999999999995
2026-01-07 12:30:00+00:00,0.049409999999999996
2026-01-07 12:45:00+00:00,0.04671
2026-01-07 13:00:00+00:00,0.03268
2026-01-07 13:15:00+00:00,0.05264
2026-01-07 13:30:00+00:00,0.02382
2026-01-07 13:45:00+00:00,0.06848
2026-01-07 14:00:00+00:00,-0.03177
2026-01-07 14:15:00+00:00,-0.17141
2026-01-07 14:30:00+00:00,-0.011859999999999999
2026-01-07 14:45:00+00:00,-0.015529999999999999
2026-01-07 15:00:00+00:00,0.07672
2026-01-07 15:15:00+00:00,0.10640000000000001
2026-01-07 15:30:00+00:00,0.13104
2026-01-07 15:45:00+00:00,0.05446
2026-01-07 16:00:00+00:00,0.09845999999999999
2026-01-07 16:15:00+00:00,0.08602
2026-01-07 16:30:00+00:00,0.23733
2026-01-07 16:45:00+00:00,0.08708
2026-01-07 17:00:00+00:00,0.15083000000000002
2026-01-07 17:15:00+00:00,0.10233
2026-01-07 17:30:00+00:00,0.10346999999999999
2026-01-07 17:45:00+00:00,0.11033
2026-01-07 18:00:00+00:00,0.20564
2026-01-07 18:15:00+00:00,0.16902
2026-01-07 18:30:00+00:00,0.12802000000000002
2026-01-07 18:45:00+00:00,0.08077
2026-01-07 19:00:00+00:00,0.19904
2026-01-07 19:15:00+00:00,0.3414
2026-01-07 19:30:00+00:00,0.11042
2026-01-07 19:45:00+00:00,0.11506999999999999
2026-01-07 20:00:00+00:00,0.08072
2026-01-07 20:15:00+00:00,0.060700000000000004
2026-01-07 20:30:00+00:00,0.05443
2026-01-07 20:45:00+00:00,0.14313
2026-01-07 21:00:00+00:00,0.08835
2026-01-07 21:15:00+00:00,0.07891
2026-01-07 21:30:00+00:00,0.06495999999999999
2026-01-07 21:45:00+00:00,0.10131
2026-01-07 22:00:00+00:00,0.08113
2026-01-07 22:15:00+00:00,0.11206999999999999
2026-01-07 22:30:00+00:00,0.08442
2026-01-07 22:45:00+00:00,0.14543
2026-01-07 23:00:00+00:00,0.08389
2026-01-07 23:15:00+00:00,0.10767
2026-01-07 23:30:00+00:00,0.04981
2026-01-07 23:45:00+00:00,0.05407
2026-01-08 00:00:00+00:00,0.07489
2026-01-08 00:15:00+00:00,0.06962
2026-01-08 00:30:00+00:00,0.04913
2026-01-08 00:45:00+00:00,0.04671
2026-01-08 01:00:00+00:00,0.07568000000000001
2026-01-08 01:15:00+00:00,0.06215
2026-01-08 01:30:00+00:00,0.05953
2026-01-08 01:45:00+00:00,0.06973
2026-01-08 02:00:00+00:00,0.06401000000000001
2026-01-08 02:15:00+00:00,0.019059999999999997
2026-01-08 02:30:00+00:00,0.05436
2026-01-08 02:45:00+00:00,0.041299999999999996
2026-01-08 03:00:00+00:00,0.062299999999999994
2026-01-08 03:15:00+00:00,0.049210000000000004
2026-01-08 03:30:00+00:00,0.06417
2026-01-08 03:45:00+00:00,0.08204
2026-01-08 04:00:00+00:00,0.07623
2026-01-08 04:15:00+00:00,0.06624
2026-01-08 04:30:00+00:00,0.04097
2026-01-08 04:45:00+00:00,0.06877
2026-01-08 05:00:00+00:00,0.05697
2026-01-08 05:15:00+00:00,0.07176
2026-01-08 05:30:00+00:00,0.07297
2026-01-08 05:45:00+00:00,0.05862
2026-01-08 06:00:00+00:00,0.05859
2026-01-08 06:15:00+00:00,0.07228
2026-01-08 06:30:00+00:00,0.06003
2026-01-08 06:45:00+00:00,0.07948000000000001
2026-01-08 07:00:00+00:00,0.16134
2026-01-08 07:15:00+00:00,0.07698999999999999
2026-01-08 07:30:00+00:00,0.06827
2026-01-08 07:45:00+00:00,0.05329
2026-01-08 08:00:00+00:00,0.04232
2026-01-08 08:15:00+00:00,0.13728
2026-01-08 08:30:00+00:00,0.11988
2026-01-08 08:45:00+00:00,0.09195
2026-01-08 09:00:00+00:00,0.061840000000000006
2026-01-08 09:15:00+00:00,-0.07186
2026-01-08 09:30:00+00:00,-0.13792
2026-01-08 09:45:00+00:00,-0.1372
2026-01-08 10:00:00+00:00,-0.13116
2026-01-08 10:15:00+00:00,0.04231
2026-01-08 10:30:00+00:00,0.054909999999999994
2026-01-08 10:45:00+00:00,-0.14787999999999998
2026-01-08 11:00:00+00:00,0.08689
2026-01-08 11:15:00+00:00,0.07501000000000001
2026-01-08 11:30:00+00:00,0.08536
2026-01-08 11:45:00+00:00,0.07128
2026-01-08 12:00:00+00:00,0.039409999999999994
2026-01-08 12:15:00+00:00,0.05689
2026-01-08 12:30:00+00:00,0.0682
2026-01-08 12:45:00+00:00,-0.061810000000000004
2026-01-08 13:00:00+00:00,0.05439
2026-01-08 13:15:00+00:00,0.0767
2026-01-08 13:30:00+00:00,0.06995
2026-01-08 13:45:00+00:00,0.06344
2026-01-08 14:00:00+00:00,0.06831999999999999
2026-01-08 14:15:00+00:00,0.11846
2026-01-08 14:30:00+00:00,0.05461
2026-01-08 14:45:00+00:00,0.06984
2026-01-08 15:00:00+00:00,0.10131
2026-01-08 15:15:00+00:00,0.05634
2026-01-08 15:30:00+00:00,0.06279
2026-01-08 15:45:00+00:00,0.02001
2026-01-08 16:00:00+00:00,0.09096
2026-01-08 16:15:00+00:00,0.06758
2026-01-08 16:30:00+00:00,0.1038
2026-01-08 16:45:00+00:00,0.06661
2026-01-08 17:00:00+00:00,0.08843999999999999
2026-01-08 17:15:00+00:00,0.08353000000000001
2026-01-08 17:30:00+00:00,0.0864
2026-01-08 17:45:00+00:00,0.00618
2026-01-08 18:00:00+00:00,0.0424
2026-01-08 18:15:00+00:00,0.04299
2026-01-08 18:30:00+00:00,0.06415000000000001
2026-01-08 18:45:00+00:00,-0.011210000000000001
2026-01-08 19:00:00+00:00,-0.87349
2026-01-08 19:15:00+00:00,0.07232
2026-01-08 19:30:00+00:00,0.08864
2026-01-08 19:45:00+00:00,0.08888
2026-01-08 20:00:00+00:00,0.17683000000000001
2026-01-08 20:15:00+00:00,0.22313
2026-01-08 20:30:00+00:00,0.44474
2026-01-08 20:45:00+00:00,0.03533
2026-01-08 21:00:00+00:00,0.11331000000000001
2026-01-08 21:15:00+00:00,0.07096
2026-01-08 21:30:00+00:00,0.07451
2026-01-08 21:45:00+00:00,0.01682
2026-01-08 22:00:00+00:00,0.11427
2026-01-08 22:15:00+00:00,0.08934
2026-01-08 22:30:00+00:00,0.06908
2026-01-08 22:45:00+00:00,-0.00775
2026-01-08 23:00:00+00:00,0.09895999999999999
2026-01-08 23:15:00+00:00,0.09658
2026-01-08 23:30:00+00:00,0.13406
2026-01-08 23:45:00+00:00,0.2051
2026-01-09 00:00:00+00:00,0.19071000000000002
2026-01-09 00:15:00+00:00,0.07326
2026-01-09 00:30:00+00:00,0.11736
2026-01-09 00:45:00+00:00,0.11084999999999999
2026-01-09 01:00:00+00:00,0.22736
2026-01-09 01:15:00+00:00,0.32229
2026-01-09 01:30:00+00:00,0.22891999999999998
2026-01-09 01:45:00+00:00,0.34196
2026-01-09 02:00:00+00:00,0.11911
2026-01-09 02:15:00+00:00,0.41056
2026-01-09 02:30:00+00:00,0.20045
2026-01-09 02:45:00+00:00,0.16336
2026-01-09 03:00:00+00:00,0.12785
2026-01-09 03:15:00+00:00,0.09215999999999999
2026-01-09 03:30:00+00:00,0.16019999999999998
2026-01-09 03:45:00+00:00,0.16383
2026-01-09 04:00:00+00:00,0.23265
2026-01-09 04:15:00+00:00,0.17576
2026-01-09 04:30:00+00:00,-0.24844
2026-01-09 04:45:00+00:00,0.24587
2026-01-09 05:00:00+00:00,-0.27956
2026-01-09 05:15:00+00:00,-0.63638
2026-01-09 05:30:00+00:00,-0.59274
2026-01-09 05:45:00+00:00,-0.34799
2026-01-09 06:00:00+00:00,-0.6060099999999999
2026-01-09 06:15:00+00:00,-0.7942
2026-01-09 06:30:00+00:00,-0.36636
2026-01-09 06:45:00+00:00,-0.51507
2026-01-09 07:00:00+00:00,-0.08419
2026-01-09 07:15:00+00:00,0.27016
2026-01-09 07:30:00+00:00,0.26608
2026-01-09 07:45:00+00:00,1.37219
2026-01-09 08:00:00+00:00,0.13743
2026-01-09 08:15:00+00:00,0.26315
2026-01-09 08:30:00+00:00,0.28152
2026-01-09 08:45:00+00:00,0.27008
2026-01-09 09:00:00+00:00,-0.65195
2026-01-09 09:15:00+00:00,0.21880000000000002
2026-01-09 09:30:00+00:00,0.11075
2026-01-09 09:45:00+00:00,0.5961000000000001
2026-01-09 10:00:00+00:00,0.75473
2026-01-09 10:15:00+00:00,0.61327
2026-01-09 10:30:00+00:00,0.08322
2026-01-09 10:45:00+00:00,0.11966
2026-01-09 11:00:00+00:00,0.40872
2026-01-09 11:15:00+00:00,0.21061000000000002
2026-01-09 11:30:00+00:00,0.40499
2026-01-09 11:45:00+00:00,1.72493
2026-01-09 12:00:00+00:00,0.07526000000000001
2026-01-09 12:15:00+00:00,0.31810000000000005
2026-01-09 12:30:00+00:00,1.2138499999999999
2026-01-09 12:45:00+00:00,0.07465000000000001
2026-01-09 13:00:00+00:00,0.10868000000000001
2026-01-09 13:15:00+00:00,0.07945
2026-01-09 13:30:00+00:00,0.09118000000000001
2026-01-09 13:45:00+00:00,0.10416
2026-01-09 14:00:00+00:00,2.89702
2026-01-09 14:15:00+00:00,0.06111
2026-01-09 14:30:00+00:00,0.00146
2026-01-09 14:45:00+00:00,0.09086
2026-01-09 15:00:00+00:00,0.11631
2026-01-09 15:15:00+00:00,0.06797
2026-01-09 15:30:00+00:00,0.15403999999999998
2026-01-09 15:45:00+00:00,0.14583000000000002
2026-01-09 16:00:00+00:00,0.05988
2026-01-09 16:15:00+00:00,0.11538
2026-01-09 16:30:00+00:00,0.15627000000000002
2026-01-09 16:45:00+00:00,0.09664
2026-01-09 17:00:00+00:00,-0.46218
2026-01-09 17:15:00+00:00,-0.48363
2026-01-09 17:30:00+00:00,-0.56302
2026-01-09 17:45:00+00:00,-0.55134
2026-01-09 18:00:00+00:00,-0.12154000000000001
2026-01-09 18:15:00+00:00,0.05968
2026-01-09 18:30:00+00:00,-0.34948
2026-01-09 18:45:00+00:00,-0.25875
2026-01-09 19:00:00+00:00,-0.09098
2026-01-09 19:15:00+00:00,0.1176
2026-01-09 19:30:00+00:00,-0.08938
2026-01-09 19:45:00+00:00,-0.22782
2026-01-09 20:00:00+00:00,0.04352
2026-01-09 20:15:00+00:00,-0.29079
2026-01-09 20:30:00+00:00,0.88918
2026-01-09 20:45:00+00:00,-0.24878999999999998
2026-01-09 21:00:00+00:00,-0.32885000000000003
2026-01-09 21:15:00+00:00,-0.52628
2026-01-09 21:30:00+00:00,-0.33529000000000003
2026-01-09 21:45:00+00:00,-0.29585
2026-01-09 22:00:00+00:00,-0.4515
2026-01-09 22:15:00+00:00,-0.42173
2026-01-09 22:30:00+00:00,-1.00593
2026-01-09 22:45:00+00:00,-0.68696
2026-01-09 23:00:00+00:00,-0.02607
2026-01-09 23:15:00+00:00,0.02072
2026-01-09 23:30:00+00:00,-0.03433
2026-01-09 23:45:00+00:00,0.026260000000000002
2026-01-10 00:00:00+00:00,0.048240000000000005
2026-01-10 00:15:00+00:00,0.04028
2026-01-10 00:30:00+00:00,-0.0128
2026-01-10 00:45:00+00:00,0.00434
2026-01-10 01:00:00+00:00,0.18297999999999998
2026-01-10 01:15:00+00:00,0.17334
2026-01-10 01:30:00+00:00,0.0384
2026-01-10 01:45:00+00:00,-0.0025299999999999997
2026-01-10 02:00:00+00:00,0.21966999999999998
2026-01-10 02:15:00+00:00,0.21061000000000002
2026-01-10 02:30:00+00:00,0.08265
2026-01-10 02:45:00+00:00,0.1065
2026-01-10 03:00:00+00:00,0.10523
2026-01-10 03:15:00+00:00,0.17725
2026-01-10 03:30:00+00:00,0.18075
2026-01-10 03:45:00+00:00,0.05917
2026-01-10 04:00:00+00:00,0.13244999999999998
2026-01-10 04:15:00+00:00,0.13537000000000002
2026-01-10 04:30:00+00:00,0.10690999999999999
2026-01-10 04:45:00+00:00,0.03155
2026-01-10 05:00:00+00:00,0.13412000000000002
2026-01-10 05:15:00+00:00,0.15413
2026-01-10 05:30:00+00:00,0.10698
2026-01-10 05:45:00+00:00,0.08539
2026-01-10 06:00:00+00:00,0.18878999999999999
2026-01-10 06:15:00+00:00,0.25945
2026-01-10 06:30:00+00:00,0.13846
2026-01-10 06:45:00+00:00,0.07637000000000001
2026-01-10 07:00:00+00:00,0.16468
2026-01-10 07:15:00+00:00,0.25449
2026-01-10 07:30:00+00:00,0.24168
2026-01-10 07:45:00+00:00,0.18733000000000002
2026-01-10 08:00:00+00:00,0.26436000000000004
2026-01-10 08:15:00+00:00,0.31165
2026-01-10 08:30:00+00:00,0.2528
2026-01-10 08:45:00+00:00,0.08552
2026-01-10 09:00:00+00:00,0.30832
2026-01-10 09:15:00+00:00,0.33021
2026-01-10 09:30:00+00:00,0.17690999999999998
2026-01-10 09:45:00+00:00,0.05181
2026-01-10 10:00:00+00:00,0.28863
2026-01-10 10:15:00+00:00,0.24247
2026-01-10 10:30:00+00:00,0.16511
2026-01-10 10:45:00+00:00,0.06667000000000001
2026-01-10 11:00:00+00:00,0.19334
2026-01-10 11:15:00+00:00,0.15322999999999998
2026-01-10 11:30:00+00:00,0.11916
2026-01-10 11:45:00+00:00,0.09384
2026-01-10 12:00:00+00:00,0.14453
2026-01-10 12:15:00+00:00,0.17642
2026-01-10 12:30:00+00:00,0.10886
2026-01-10 12:45:00+00:00,0.09345
2026-01-10 13:00:00+00:00,0.27144
2026-01-10 13:15:00+00:00,0.13188999999999998
2026-01-10 13:30:00+00:00,0.12666
2026-01-10 13:45:00+00:00,0.10336
2026-01-10 14:00:00+00:00,0.14131
2026-01-10 14:15:00+00:00,0.12258
2026-01-10 14:30:00+00:00,-0.53208
2026-01-10 14:45:00+00:00,-0.04137
2026-01-10 15:00:00+00:00,0.27172
2026-01-10 15:15:00+00:00,0.21308000000000002
2026-01-10 15:30:00+00:00,0.05007
2026-01-10 15:45:00+00:00,0.1734
2026-01-10 16:00:00+00:00,0.1466
2026-01-10 16:15:00+00:00,0.43244
2026-01-10 16:30:00+00:00,0.14886000000000002
2026-01-10 16:45:00+00:00,0.055549999999999995
2026-01-10 17:00:00+00:00,0.10384
2026-01-10 17:15:00+00:00,0.05973
2026-01-10 17:30:00+00:00,-0.23228000000000001
2026-01-10 17:45:00+00:00,-0.22091999999999998
2026-01-10 18:00:00+00:00,-0.05823
2026-01-10 18:15:00+00:00,-0.18400999999999998
2026-01-10 18:30:00+00:00,-0.23782
2026-01-10 18:45:00+00:00,-0.12278
2026-01-10 19:00:00+00:00,-0.35475
2026-01-10 19:15:00+00:00,-0.23004
2026-01-10 19:30:00+00:00,-0.67518
2026-01-10 19:45:00+00:00,-0.56847
2026-01-10 20:00:00+00:00,-0.53125
2026-01-10 20:15:00+00:00,-0.34093
2026-01-10 20:30:00+00:00,-1.2939200000000002
2026-01-10 20:45:00+00:00,-0.73454
2026-01-10 21:00:00+00:00,-0.17984999999999998
2026-01-10 21:15:00+00:00,-0.37139999999999995
2026-01-10 21:30:00+00:00,-0.37451999999999996
2026-01-10 21:45:00+00:00,-0.29529
2026-01-10 22:00:00+00:00,-0.17326
2026-01-10 22:15:00+00:00,-0.25333
2026-01-10 22:30:00+00:00,-0.6316
2026-01-10 22:45:00+00:00,-0.16688
2026-01-10 23:00:00+00:00,0.07748000000000001
2026-01-10 23:15:00+00:00,0.3034
2026-01-10 23:30:00+00:00,0.40277999999999997
2026-01-10 23:45:00+00:00,0.05418
2026-01-11 00:00:00+00:00,0.24073
2026-01-11 00:15:00+00:00,0.07496
2026-01-11 00:30:00+00:00,0.024059999999999998
2026-01-11 00:45:00+00:00,-0.020980000000000002
2026-01-11 01:00:00+00:00,0.16263
2026-01-11 01:15:00+00:00,0.053130000000000004
2026-01-11 01:30:00+00:00,-0.01576
2026-01-11 01:45:00+00:00,-0.02895
2026-01-11 02:00:00+00:00,-0.01416
2026-01-11 02:15:00+00:00,0.07836
2026-01-11 02:30:00+00:00,0.02054
2026-01-11 02:45:00+00:00,-0.03728
2026-01-11 03:00:00+00:00,-0.047
2026-01-11 03:15:00+00:00,0.06305
2026-01-11 03:30:00+00:00,-0.013630000000000001
2026-01-11 03:45:00+00:00,0.01333
2026-01-11 04:00:00+00:00,0.049479999999999996
2026-01-11 04:15:00+00:00,-0.01725
2026-01-11 04:30:00+00:00,-0.019030000000000002
2026-01-11 04:45:00+00:00,-0.12922999999999998
2026-01-11 05:00:00+00:00,0.16718
2026-01-11 05:15:00+00:00,0.07679000000000001
2026-01-11 05:30:00+00:00,-0.03861
2026-01-11 05:45:00+00:00,-0.06378
2026-01-11 06:00:00+00:00,0.12122
2026-01-11 06:15:00+00:00,0.07535
2026-01-11 06:30:00+00:00,-0.03458
2026-01-11 06:45:00+00:00,-0.08707
2026-01-11 07:00:00+00:00,-0.00452
2026-01-11 07:15:00+00:00,0.02854
2026-01-11 07:30:00+00:00,-0.0045899999999999995
2026-01-11 07:45:00+00:00,-0.12426000000000001
2026-01-11 08:00:00+00:00,0.0639
2026-01-11 08:15:00+00:00,-0.039689999999999996
2026-01-11 08:30:00+00:00,-0.25771
2026-01-11 08:45:00+00:00,-0.14802
2026-01-11 09:00:00+00:00,-0.037149999999999996
2026-01-11 09:15:00+00:00,0.03453
2026-01-11 09:30:00+00:00,-0.046130000000000004
2026-01-11 09:45:00+00:00,-0.20122
2026-01-11 10:00:00+00:00,0.03462
2026-01-11 10:15:00+00:00,0.03472
2026-01-11 10:30:00+00:00,-0.06441
2026-01-11 10:45:00+00:00,-0.05005
2026-01-11 11:00:00+00:00,0.03137
2026-01-11 11:15:00+00:00,0.02283
2026-01-11 11:30:00+00:00,-0.04646
2026-01-11 11:45:00+00:00,-0.04494
2026-01-11 12:00:00+00:00,-0.03365
2026-01-11 12:15:00+00:00,-0.028079999999999997
2026-01-11 12:30:00+00:00,-0.03499
2026-01-11 12:45:00+00:00,-0.037689999999999994
2026-01-11 13:00:00+00:00,-0.07271999999999999
2026-01-11 13:15:00+00:00,-0.0024100000000000002
2026-01-11 13:30:00+00:00,-0.11295999999999999
2026-01-11 13:45:00+00:00,-0.017079999999999998
2026-01-11 14:00:00+00:00,-0.0126
2026-01-11 14:15:00+00:00,-0.0055
2026-01-11 14:30:00+00:00,-0.65637
2026-01-11 14:45:00+00:00,0.07076
2026-01-11 15:00:00+00:00,-0.00458
2026-01-11 15:15:00+00:00,0.04690999999999999
2026-01-11 15:30:00+00:00,-0.03258
2026-01-11 15:45:00+00:00,-0.08754
2026-01-11 16:00:00+00:00,0.12841
2026-01-11 16:15:00+00:00,0.0576
2026-01-11 16:30:00+00:00,0.04412
2026-01-11 16:45:00+00:00,0.02656
2026-01-11 17:00:00+00:00,0.07876999999999999
2026-01-11 17:15:00+00:00,0.09572
2026-01-11 17:30:00+00:00,0.05951
2026-01-11 17:45:00+00:00,0.05852
2026-01-11 18:00:00+00:00,0.10268000000000001
2026-01-11 18:15:00+00:00,0.09608
2026-01-11 18:30:00+00:00,0.11835999999999999
2026-01-11 18:45:00+00:00,-0.17127
2026-01-11 19:00:00+00:00,0.09656
2026-01-11 19:15:00+00:00,0.01952
2026-01-11 19:30:00+00:00,-0.5846699999999999
2026-01-11 19:45:00+00:00,-0.28849
2026-01-11 20:00:00+00:00,0.07485
2026-01-11 20:15:00+00:00,0.00235
2026-01-11 20:30:00+00:00,-0.46982999999999997
2026-01-11 20:45:00+00:00,-0.59028
2026-01-11 21:00:00+00:00,-0.31889
2026-01-11 21:15:00+00:00,0.08592
2026-01-11 21:30:00+00:00,-0.49786
2026-01-11 21:45:00+00:00,-0.84037
2026-01-11 22:00:00+00:00,-0.13678
2026-01-11 22:15:00+00:00,-0.07893
2026-01-11 22:30:00+00:00,-0.7174400000000001
2026-01-11 22:45:00+00:00,-0.5224
2026-01-11 23:00:00+00:00,-0.06204
2026-01-11 23:15:00+00:00,0.10167
2026-01-11 23:30:00+00:00,0.15506999999999999
2026-01-11 23:45:00+00:00,0.08355
2026-01-12 00:00:00+00:00,0.08492
2026-01-12 00:15:00+00:00,0.10212
2026-01-12 00:30:00+00:00,-0.37995
2026-01-12 00:45:00+00:00,-0.36822000000000005
2026-01-12 01:00:00+00:00,0.0030499999999999998
2026-01-12 01:15:00+00:00,-0.25207
2026-01-12 01:30:00+00:00,0.061799999999999994
2026-01-12 01:45:00+00:00,-0.07878
2026-01-12 02:00:00+00:00,0.19681
2026-01-12 02:15:00+00:00,0.16577
2026-01-12 02:30:00+00:00,0.18944999999999998
2026-01-12 02:45:00+00:00,0.15225
2026-01-12 03:00:00+00:00,0.0846
2026-01-12 03:15:00+00:00,0.0988
2026-01-12 03:30:00+00:00,0.13072999999999999
2026-01-12 03:45:00+00:00,0.11976
2026-01-12 04:00:00+00:00,0.18111000000000002
2026-01-12 04:15:00+00:00,0.11977
2026-01-12 04:30:00+00:00,0.1202
2026-01-12 04:45:00+00:00,0.08012999999999999
2026-01-12 05:00:00+00:00,-0.05652
2026-01-12 05:15:00+00:00,0.053079999999999995
2026-01-12 05:30:00+00:00,-0.01072
2026-01-12 05:45:00+00:00,0.055810000000000005
2026-01-12 06:00:00+00:00,-0.2311
2026-01-12 06:15:00+00:00,-0.7426900000000001
2026-01-12 06:30:00+00:00,-0.57621
2026-01-12 06:45:00+00:00,-0.68896
2026-01-12 07:00:00+00:00,-0.1966
2026-01-12 07:15:00+00:00,-0.33124000000000003
2026-01-12 07:30:00+00:00,0.06541
2026-01-12 07:45:00+00:00,-0.31188
2026-01-12 08:00:00+00:00,0.02993
2026-01-12 08:15:00+00:00,0.10114
2026-01-12 08:30:00+00:00,0.08918000000000001
2026-01-12 08:45:00+00:00,-0.10697
2026-01-12 09:00:00+00:00,0.05773
2026-01-12 09:15:00+00:00,-0.046590000000000006
2026-01-12 09:30:00+00:00,0.08095000000000001
2026-01-12 09:45:00+00:00,0.09169
2026-01-12 10:00:00+00:00,0.44373
2026-01-12 10:15:00+00:00,0.10662999999999999
2026-01-12 10:30:00+00:00,0.06726
2026-01-12 10:45:00+00:00,-0.04126
2026-01-12 11:00:00+00:00,0.0198
2026-01-12 11:15:00+00:00,-1.1111099999999998
2026-01-12 11:30:00+00:00,-1.1922000000000001
2026-01-12 11:45:00+00:00,0.3431
2026-01-12 12:00:00+00:00,0.02485
2026-01-12 12:15:00+00:00,-0.13965
2026-01-12 12:30:00+00:00,0.06031
2026-01-12 12:45:00+00:00,-0.78091
2026-01-12 13:00:00+00:00,0.11693
2026-01-12 13:15:00+00:00,0.08633
2026-01-12 13:30:00+00:00,0.09294
2026-01-12 13:45:00+00:00,0.09244
2026-01-12 14:00:00+00:00,0.1305
2026-01-12 14:15:00+00:00,0.06331
2026-01-12 14:30:00+00:00,0.07008
2026-01-12 14:45:00+00:00,0.04473
2026-01-12 15:00:00+00:00,-0.23853
2026-01-12 15:15:00+00:00,0.09414
2026-01-12 15:30:00+00:00,0.0049299999999999995
2026-01-12 15:45:00+00:00,0.05119
2026-01-12 16:00:00+00:00,0.08545
2026-01-12 16:15:00+00:00,0.13574
2026-01-12 16:30:00+00:00,0.06883
2026-01-12 16:45:00+00:00,0.09629
2026-01-12 17:00:00+00:00,0.09805
2026-01-12 17:15:00+00:00,0.09716
2026-01-12 17:30:00+00:00,0.08738
2026-01-12 17:45:00+00:00,0.07398
2026-01-12 18:00:00+00:00,0.08843000000000001
2026-01-12 18:15:00+00:00,0.58182
2026-01-12 18:30:00+00:00,0.09672
2026-01-12 18:45:00+00:00,0.08415
2026-01-12 19:00:00+00:00,0.11653
2026-01-12 19:15:00+00:00,0.08262
2026-01-12 19:30:00+00:00,-0.00149
2026-01-12 19:45:00+00:00,-0.09312000000000001
2026-01-12 20:00:00+00:00,0.08395
2026-01-12 20:15:00+00:00,0.07672
2026-01-12 20:30:00+00:00,0.056280000000000004
2026-01-12 20:45:00+00:00,0.07564
2026-01-12 21:00:00+00:00,0.0742
2026-01-12 21:15:00+00:00,0.05414
2026-01-12 21:30:00+00:00,0.05261
2026-01-12 21:45:00+00:00,0.05812
2026-01-12 22:00:00+00:00,-0.00184
2026-01-12 22:15:00+00:00,0.004730000000000001
2026-01-12 22:30:00+00:00,0.041479999999999996
2026-01-12 22:45:00+00:00,0.039299999999999995
2026-01-12 23:00:00+00:00,0.08826
2026-01-12 23:15:00+00:00,0.08733
2026-01-12 23:30:00+00:00,0.08267000000000001
2026-01-12 23:45:00+00:00,0.08519
2026-01-13 00:00:00+00:00,0.08986
2026-01-13 00:15:00+00:00,0.08634
2026-01-13 00:30:00+00:00,0.08231999999999999
2026-01-13 00:45:00+00:00,0.08604
2026-01-13 01:00:00+00:00,0.08151
2026-01-13 01:15:00+00:00,0.08063
2026-01-13 01:30:00+00:00,0.09742
2026-01-13 01:45:00+00:00,0.08188
2026-01-13 02:00:00+00:00,2.6540500000000002
2026-01-13 02:15:00+00:00,0.08252
2026-01-13 02:30:00+00:00,0.08952
2026-01-13 02:45:00+00:00,0.09345999999999999
2026-01-13 03:00:00+00:00,0.08909
2026-01-13 03:15:00+00:00,0.11509
2026-01-13 03:30:00+00:00,0.09489
2026-01-13 03:45:00+00:00,0.09573999999999999
2026-01-13 04:00:00+00:00,0.06764
2026-01-13 04:15:00+00:00,0.09939
2026-01-13 04:30:00+00:00,0.10202
2026-01-13 04:45:00+00:00,0.10474
2026-01-13 05:00:00+00:00,0.062020000000000006
2026-01-13 05:15:00+00:00,0.13875
2026-01-13 05:30:00+00:00,0.10166
2026-01-13 05:45:00+00:00,0.12626
2026-01-13 06:00:00+00:00,0.11535
2026-01-13 06:15:00+00:00,0.10845
2026-01-13 06:30:00+00:00,0.10673
2026-01-13 06:45:00+00:00,0.13169
2026-01-13 07:00:00+00:00,0.12808
2026-01-13 07:15:00+00:00,0.09881999999999999
2026-01-13 07:30:00+00:00,0.12027
2026-01-13 07:45:00+00:00,0.13063
2026-01-13 08:00:00+00:00,0.08301
2026-01-13 08:15:00+00:00,0.11946
2026-01-13 08:30:00+00:00,0.08191
2026-01-13 08:45:00+00:00,0.7077899999999999
2026-01-13 09:00:00+00:00,0.10182
2026-01-13 09:15:00+00:00,0.09772
2026-01-13 09:30:00+00:00,0.09626
2026-01-13 09:45:00+00:00,0.11787
2026-01-13 10:00:00+00:00,0.12986
2026-01-13 10:15:00+00:00,0.09214
2026-01-13 10:30:00+00:00,0.10211
2026-01-13 10:45:00+00:00,0.23153
2026-01-13 11:00:00+00:00,0.13087000000000001
2026-01-13 11:15:00+00:00,0.08821
2026-01-13 11:30:00+00:00,0.08037000000000001
2026-01-13 11:45:00+00:00,0.08231999999999999
2026-01-13 12:00:00+00:00,0.09073
2026-01-13 12:15:00+00:00,0.31842000000000004
2026-01-13 12:30:00+00:00,0.08909
2026-01-13 12:45:00+00:00,0.09654
2026-01-13 13:00:00+00:00,0.08809
2026-01-13 13:15:00+00:00,0.14865
2026-01-13 13:30:00+00:00,0.09265999999999999
2026-01-13 13:45:00+00:00,0.08843000000000001
2026-01-13 14:00:00+00:00,0.0883
2026-01-13 14:15:00+00:00,0.08868000000000001
2026-01-13 14:30:00+00:00,0.09476000000000001
2026-01-13 14:45:00+00:00,0.08468
2026-01-13 15:00:00+00:00,0.09458
2026-01-13 15:15:00+00:00,0.10243000000000001
2026-01-13 15:30:00+00:00,0.09351999999999999
2026-01-13 15:45:00+00:00,0.10219
2026-01-13 16:00:00+00:00,0.09911
2026-01-13 16:15:00+00:00,0.09728
2026-01-13 16:30:00+00:00,0.10958
2026-01-13 16:45:00+00:00,0.11475
2026-01-13 17:00:00+00:00,0.09576000000000001
2026-01-13 17:15:00+00:00,0.09793
2026-01-13 17:30:00+00:00,0.09262999999999999
2026-01-13 17:45:00+00:00,0.10083
2026-01-13 18:00:00+00:00,0.10023
2026-01-13 18:15:00+00:00,0.09756999999999999
2026-01-13 18:30:00+00:00,0.0935
2026-01-13 18:45:00+00:00,0.0999
2026-01-13 19:00:00+00:00,0.10604999999999999
2026-01-13 19:15:00+00:00,0.26706
2026-01-13 19:30:00+00:00,0.16137
2026-01-13 19:45:00+00:00,0.10118
2026-01-13 20:00:00+00:00,0.09761
2026-01-13 20:15:00+00:00,0.08521
2026-01-13 20:30:00+00:00,0.09676
2026-01-13 20:45:00+00:00,0.08717
2026-01-13 21:00:00+00:00,0.10079
2026-01-13 21:15:00+00:00,0.09791
2026-01-13 21:30:00+00:00,0.09959
2026-01-13 21:45:00+00:00,0.08303
2026-01-13 22:00:00+00:00,0.10343000000000001
2026-01-13 22:15:00+00:00,0.09267
2026-01-13 22:30:00+00:00,0.10599
2026-01-13 22:45:00+00:00,0.07414
2026-01-13 23:00:00+00:00,0.07976000000000001
2026-01-13 23:15:00+00:00,0.08497
2026-01-13 23:30:00+00:00,0.08658
2026-01-13 23:45:00+00:00,0.06918
2026-01-14 00:00:00+00:00,0.08578
2026-01-14 00:15:00+00:00,0.11139
2026-01-14 00:30:00+00:00,0.06006
2026-01-14 00:45:00+00:00,0.04596
2026-01-14 01:00:00+00:00,0.06678
2026-01-14 01:15:00+00:00,0.14536000000000002
2026-01-14 01:30:00+00:00,0.11173999999999999
2026-01-14 01:45:00+00:00,0.07166
2026-01-14 02:00:00+00:00,0.08940000000000001
2026-01-14 02:15:00+00:00,0.08164
2026-01-14 02:30:00+00:00,0.07905
2026-01-14 02:45:00+00:00,0.08669
2026-01-14 03:00:00+00:00,0.08012999999999999
2026-01-14 03:15:00+00:00,0.07862000000000001
2026-01-14 03:30:00+00:00,0.08155
2026-01-14 03:45:00+00:00,0.08089
2026-01-14 04:00:00+00:00,0.07626999999999999
2026-01-14 04:15:00+00:00,0.078
2026-01-14 04:30:00+00:00,0.08559
2026-01-14 04:45:00+00:00,0.09143000000000001
2026-01-14 05:00:00+00:00,0.08226
2026-01-14 05:15:00+00:00,0.07307999999999999
2026-01-14 05:30:00+00:00,0.0788
2026-01-14 05:45:00+00:00,0.07157
2026-01-14 06:00:00+00:00,0.08784
2026-01-14 06:15:00+00:00,0.07673
2026-01-14 06:30:00+00:00,0.08645
2026-01-14 06:45:00+00:00,0.08349
2026-01-14 07:00:00+00:00,0.08537
2026-01-14 07:15:00+00:00,0.09523000000000001
2026-01-14 07:30:00+00:00,0.08685
2026-01-14 07:45:00+00:00,0.10084
2026-01-14 08:00:00+00:00,0.09634000000000001
2026-01-14 08:15:00+00:00,0.09240999999999999
2026-01-14 08:30:00+00:00,0.09809
2026-01-14 08:45:00+00:00,0.08839
2026-01-14 09:00:00+00:00,0.09756999999999999
2026-01-14 09:15:00+00:00,0.08903
2026-01-14 09:30:00+00:00,0.0955
2026-01-14 09:45:00+00:00,0.0835
2026-01-14 10:00:00+00:00,0.17742
2026-01-14 10:15:00+00:00,0.10578
2026-01-14 10:30:00+00:00,0.13993
2026-01-14 10:45:00+00:00,0.13153
2026-01-14 11:00:00+00:00,0.0882
2026-01-14 11:15:00+00:00,2.11977
2026-01-14 11:30:00+00:00,0.08649
2026-01-14 11:45:00+00:00,0.03829
2026-01-14 12:00:00+00:00,0.09883
2026-01-14 12:15:00+00:00,0.02991
2026-01-14 12:30:00+00:00,0.08961
2026-01-14 12:45:00+00:00,0.06748
2026-01-14 13:00:00+00:00,0.09046
2026-01-14 13:15:00+00:00,0.08424
2026-01-14 13:30:00+00:00,0.11328
2026-01-14 13:45:00+00:00,0.06520999999999999
2026-01-14 14:00:00+00:00,0.040049999999999995
2026-01-14 14:15:00+00:00,0.07199
2026-01-14 14:30:00+00:00,0.09853
2026-01-14 14:45:00+00:00,0.10796
2026-01-14 15:00:00+00:00,0.09572
2026-01-14 15:15:00+00:00,0.10962999999999999
2026-01-14 15:30:00+00:00,0.07783
2026-01-14 15:45:00+00:00,0.03767
2026-01-14 16:00:00+00:00,0.09408
2026-01-14 16:15:00+00:00,0.10443999999999999
2026-01-14 16:30:00+00:00,0.06437000000000001
2026-01-14 16:45:00+00:00,0.10074
2026-01-14 17:00:00+00:00,0.09351000000000001
2026-01-14 17:15:00+00:00,0.10740999999999999
2026-01-14 17:30:00+00:00,0.09043999999999999
2026-01-14 17:45:00+00:00,0.09125
2026-01-14 18:00:00+00:00,0.06513
2026-01-14 18:15:00+00:00,0.02915
2026-01-14 18:30:00+00:00,0.07311
2026-01-14 18:45:00+00:00,0.09976
2026-01-14 19:00:00+00:00,0.09870999999999999
2026-01-14 19:15:00+00:00,0.12269
2026-01-14 19:30:00+00:00,0.10112
2026-01-14 19:45:00+00:00,0.08476
2026-01-14 20:00:00+00:00,0.054479999999999994
2026-01-14 20:15:00+00:00,-0.03689
2026-01-14 20:30:00+00:00,0.07635
2026-01-14 20:45:00+00:00,0.0883
2026-01-14 21:00:00+00:00,-0.08391
2026-01-14 21:15:00+00:00,0.08586
2026-01-14 21:30:00+00:00,0.07359
2026-01-14 21:45:00+00:00,0.22769999999999999
2026-01-14 22:00:00+00:00,0.0868
2026-01-14 22:15:00+00:00,0.21932
2026-01-14 22:30:00+00:00,0.07379999999999999
2026-01-14 22:45:00+00:00,0.08306000000000001
2026-01-14 23:00:00+00:00,0.08771999999999999
2026-01-14 23:15:00+00:00,0.06478
2026-01-14 23:30:00+00:00,0.0715
2026-01-14 23:45:00+00:00,0.06207
2026-01-15 00:00:00+00:00,0.08405
2026-01-15 00:15:00+00:00,0.0573
2026-01-15 00:30:00+00:00,0.048909999999999995
2026-01-15 00:45:00+00:00,0.0728
2026-01-15 01:00:00+00:00,0.05613
2026-01-15 01:15:00+00:00,0.06709999999999999
2026-01-15 01:30:00+00:00,0.040240000000000005
2026-01-15 01:45:00+00:00,0.06842000000000001
2026-01-15 02:00:00+00:00,0.06199
2026-01-15 02:15:00+00:00,0.05379
2026-01-15 02:30:00+00:00,0.06196
2026-01-15 02:45:00+00:00,0.06612
2026-01-15 03:00:00+00:00,0.06701
2026-01-15 03:15:00+00:00,0.0722
2026-01-15 03:30:00+00:00,0.09381
2026-01-15 03:45:00+00:00,0.06736
2026-01-15 04:00:00+00:00,0.07110999999999999
2026-01-15 04:15:00+00:00,0.06486
2026-01-15 04:30:00+00:00,0.07282999999999999
2026-01-15 04:45:00+00:00,0.07187
2026-01-15 05:00:00+00:00,0.06999
2026-01-15 05:15:00+00:00,0.07615000000000001
2026-01-15 05:30:00+00:00,0.07027
2026-01-15 05:45:00+00:00,0.06516
2026-01-15 06:00:00+00:00,0.07025
2026-01-15 06:15:00+00:00,0.08055
2026-01-15 06:30:00+00:00,0.07209
2026-01-15 06:45:00+00:00,0.08611
2026-01-15 07:00:00+00:00,0.07836
2026-01-15 07:15:00+00:00,0.05185
2026-01-15 07:30:00+00:00,0.0742
2026-01-15 07:45:00+00:00,0.07640999999999999
2026-01-15 08:00:00+00:00,0.08417
2026-01-15 08:15:00+00:00,0.07870999999999999
2026-01-15 08:30:00+00:00,0.06006
2026-01-15 08:45:00+00:00,0.07989
2026-01-15 09:00:00+00:00,0.08477
2026-01-15 09:15:00+00:00,0.09290999999999999
2026-01-15 09:30:00+00:00,0.099
2026-01-15 09:45:00+00:00,0.06276
2026-01-15 10:00:00+00:00,0.09670000000000001
2026-01-15 10:15:00+00:00,0.07901999999999999
2026-01-15 10:30:00+00:00,0.19953
2026-01-15 10:45:00+00:00,0.19866999999999999
2026-01-15 11:00:00+00:00,0.09781999999999999
2026-01-15 11:15:00+00:00,0.07336
2026-01-15 11:30:00+00:00,0.07529999999999999
2026-01-15 11:45:00+00:00,0.09987
2026-01-15 12:00:00+00:00,0.07395
2026-01-15 12:15:00+00:00,0.08224
2026-01-15 12:30:00+00:00,0.08031
2026-01-15 12:45:00+00:00,0.08476
2026-01-15 13:00:00+00:00,0.07192
2026-01-15 13:15:00+00:00,0.10357
2026-01-15 13:30:00+00:00,0.06419
2026-01-15 13:45:00+00:00,0.08633
2026-01-15 14:00:00+00:00,0.10306
2026-01-15 14:15:00+00:00,0.1194
2026-01-15 14:30:00+00:00,0.109
2026-01-15 14:45:00+00:00,0.10143
2026-01-15 15:00:00+00:00,0.08915000000000001
2026-01-15 15:15:00+00:00,0.09139
2026-01-15 15:30:00+00:00,0.27179000000000003
2026-01-15 15:45:00+00:00,0.10247
2026-01-15 16:00:00+00:00,0.09734000000000001
2026-01-15 16:15:00+00:00,0.13115000000000002
2026-01-15 16:30:00+00:00,0.13072
2026-01-15 16:45:00+00:00,0.15934
2026-01-15 17:00:00+00:00,0.11795
2026-01-15 17:15:00+00:00,0.10895999999999999
2026-01-15 17:30:00+00:00,0.09678
2026-01-15 17:45:00+00:00,0.09670999999999999
2026-01-15 18:00:00+00:00,0.16444
2026-01-15 18:15:00+00:00,0.09312999999999999
2026-01-15 18:30:00+00:00,0.13113
2026-01-15 18:45:00+00:00,0.12235
2026-01-15 19:00:00+00:00,0.09527
2026-01-15 19:15:00+00:00,0.07332
2026-01-15 19:30:00+00:00,0.08591
2026-01-15 19:45:00+00:00,0.08687
2026-01-15 20:00:00+00:00,0.09007
2026-01-15 20:15:00+00:00,0.07805
2026-01-15 20:30:00+00:00,0.08239
2026-01-15 20:45:00+00:00,0.07341
2026-01-15 21:00:00+00:00,0.07285
2026-01-15 21:15:00+00:00,0.0685
2026-01-15 21:30:00+00:00,0.08379
2026-01-15 21:45:00+00:00,0.08936
2026-01-15 22:00:00+00:00,0.09869
2026-01-15 22:15:00+00:00,0.1022
2026-01-15 22:30:00+00:00,0.0834
2026-01-15 22:45:00+00:00,0.07551999999999999
2026-01-15 23:00:00+00:00,0.12304999999999999
2026-01-15 23:15:00+00:00,0.12749
2026-01-15 23:30:00+00:00,0.04886
2026-01-15 23:45:00+00:00,0.0952
2026-01-16 00:00:00+00:00,0.0988
2026-01-16 00:15:00+00:00,0.06008
2026-01-16 00:30:00+00:00,0.05771
2026-01-16 00:45:00+00:00,0.07276
2026-01-16 01:00:00+00:00,0.06978
2026-01-16 01:15:00+00:00,0.06361
2026-01-16 01:30:00+00:00,0.05533
2026-01-16 01:45:00+00:00,0.06263
2026-01-16 02:00:00+00:00,0.06913
2026-01-16 02:15:00+00:00,0.04747
2026-01-16 02:30:00+00:00,0.054020000000000006
2026-01-16 02:45:00+00:00,0.06975
2026-01-16 03:00:00+00:00,0.07607
2026-01-16 03:15:00+00:00,0.04419
2026-01-16 03:30:00+00:00,0.05116
2026-01-16 03:45:00+00:00,0.05496
2026-01-16 04:00:00+00:00,0.06849
2026-01-16 04:15:00+00:00,0.066
2026-01-16 04:30:00+00:00,0.06411
2026-01-16 04:45:00+00:00,0.06522
2026-01-16 05:00:00+00:00,0.07546
2026-01-16 05:15:00+00:00,0.06385
2026-01-16 05:30:00+00:00,0.06342
2026-01-16 05:45:00+00:00,0.11874
2026-01-16 06:00:00+00:00,0.07917
2026-01-16 06:15:00+00:00,0.07977
2026-01-16 06:30:00+00:00,0.04667
2026-01-16 06:45:00+00:00,0.07654000000000001
2026-01-16 07:00:00+00:00,0.20787
2026-01-16 07:15:00+00:00,0.08896
2026-01-16 07:30:00+00:00,0.09262000000000001
2026-01-16 07:45:00+00:00,0.04157
2026-01-16 08:00:00+00:00,0.08485
2026-01-16 08:15:00+00:00,0.07637999999999999
2026-01-16 08:30:00+00:00,0.05071
2026-01-16 08:45:00+00:00,0.0573
2026-01-16 09:00:00+00:00,0.09666
2026-01-16 09:15:00+00:00,0.06978
2026-01-16 09:30:00+00:00,0.06727
2026-01-16 09:45:00+00:00,0.07279000000000001
2026-01-16 10:00:00+00:00,0.08945
2026-01-16 10:15:00+00:00,0.08220999999999999
2026-01-16 10:30:00+00:00,0.07659
2026-01-16 10:45:00+00:00,0.10918000000000001
2026-01-16 11:00:00+00:00,-0.5792
2026-01-16 11:15:00+00:00,0.0777
2026-01-16 11:30:00+00:00,0.10321
2026-01-16 11:45:00+00:00,0.01298
2026-01-16 12:00:00+00:00,0.04752
2026-01-16 12:15:00+00:00,-0.051770000000000004
2026-01-16 12:30:00+00:00,0.07117
2026-01-16 12:45:00+00:00,0.06651
2026-01-16 13:00:00+00:00,0.03349
2026-01-16 13:15:00+00:00,0.08813
2026-01-16 13:30:00+00:00,0.00866
2026-01-16 13:45:00+00:00,0.09598999999999999
2026-01-16 14:00:00+00:00,0.09417
2026-01-16 14:15:00+00:00,0.05497
2026-01-16 14:30:00+00:00,0.047259999999999996
2026-01-16 14:45:00+00:00,0.08415
2026-01-16 15:00:00+00:00,0.09054000000000001
2026-01-16 15:15:00+00:00,0.08857999999999999
2026-01-16 15:30:00+00:00,0.09179000000000001
2026-01-16 15:45:00+00:00,0.10873999999999999
2026-01-16 16:00:00+00:00,0.08897
2026-01-16 16:15:00+00:00,0.13252
2026-01-16 16:30:00+00:00,0.1966
2026-01-16 16:45:00+00:00,0.10118
2026-01-16 17:00:00+00:00,0.20027
2026-01-16 17:15:00+00:00,0.17409
2026-01-16 17:30:00+00:00,0.12963999999999998
2026-01-16 17:45:00+00:00,0.11309000000000001
2026-01-16 18:00:00+00:00,0.13596
2026-01-16 18:15:00+00:00,0.10584
2026-01-16 18:30:00+00:00,0.28052
2026-01-16 18:45:00+00:00,0.13134
2026-01-16 19:00:00+00:00,0.12513
2026-01-16 19:15:00+00:00,-0.28311000000000003
2026-01-16 19:30:00+00:00,0.2066
2026-01-16 19:45:00+00:00,0.10577
2026-01-16 20:00:00+00:00,-0.05586
2026-01-16 20:15:00+00:00,0.09218000000000001
2026-01-16 20:30:00+00:00,0.10707
2026-01-16 20:45:00+00:00,0.1038
2026-01-16 21:00:00+00:00,0.10545
2026-01-16 21:15:00+00:00,0.10916
2026-01-16 21:30:00+00:00,0.11579
2026-01-16 21:45:00+00:00,0.10590999999999999
2026-01-16 22:00:00+00:00,-0.9498
2026-01-16 22:15:00+00:00,0.12818000000000002
2026-01-16 22:30:00+00:00,0.16762
2026-01-16 22:45:00+00:00,0.14037
2026-01-16 23:00:00+00:00,0.18336000000000002
2026-01-16 23:15:00+00:00,0.13506
2026-01-16 23:30:00+00:00,0.06287
2026-01-16 23:45:00+00:00,0.13788999999999998
2026-01-17 00:00:00+00:00,0.08308
2026-01-17 00:15:00+00:00,0.06718
2026-01-17 00:30:00+00:00,0.08961
2026-01-17 00:45:00+00:00,0.09353
2026-01-17 01:00:00+00:00,0.08065
2026-01-17 01:15:00+00:00,0.0736
2026-01-17 01:30:00+00:00,0.06356
2026-01-17 01:45:00+00:00,0.08331000000000001
2026-01-17 02:00:00+00:00,0.09562000000000001
2026-01-17 02:15:00+00:00,0.07576000000000001
2026-01-17 02:30:00+00:00,0.030109999999999998
2026-01-17 02:45:00+00:00,0.09222
2026-01-17 03:00:00+00:00,0.1159
2026-01-17 03:15:00+00:00,0.07106
2026-01-17 03:30:00+00:00,0.06257
2026-01-17 03:45:00+00:00,0.07286
2026-01-17 04:00:00+00:00,0.07317
2026-01-17 04:15:00+00:00,0.07418000000000001
2026-01-17 04:30:00+00:00,0.07088
2026-01-17 04:45:00+00:00,0.08078
2026-01-17 05:00:00+00:00,0.08543
2026-01-17 05:15:00+00:00,0.14218
2026-01-17 05:30:00+00:00,0.14029
2026-01-17 05:45:00+00:00,0.18065
2026-01-17 06:00:00+00:00,0.14956999999999998
2026-01-17 06:15:00+00:00,0.06775
2026-01-17 06:30:00+00:00,0.13472
2026-01-17 06:45:00+00:00,0.07109
2026-01-17 07:00:00+00:00,0.09240999999999999
2026-01-17 07:15:00+00:00,0.08990000000000001
2026-01-17 07:30:00+00:00,0.08824
2026-01-17 07:45:00+00:00,0.07078
2026-01-17 08:00:00+00:00,0.08684
2026-01-17 08:15:00+00:00,0.10179
2026-01-17 08:30:00+00:00,0.05082
2026-01-17 08:45:00+00:00,0.17997
2026-01-17 09:00:00+00:00,0.03556
2026-01-17 09:15:00+00:00,0.06659000000000001
2026-01-17 09:30:00+00:00,0.13353
2026-01-17 09:45:00+00:00,0.07219
2026-01-17 10:00:00+00:00,0.09135
2026-01-17 10:15:00+00:00,0.11173999999999999
2026-01-17 10:30:00+00:00,0.07568000000000001
2026-01-17 10:45:00+00:00,0.14301
2026-01-17 11:00:00+00:00,0.09061
2026-01-17 11:15:00+00:00,0.08572
2026-01-17 11:30:00+00:00,0.10481
2026-01-17 11:45:00+00:00,0.09795999999999999
2026-01-17 12:00:00+00:00,0.12131
2026-01-17 12:15:00+00:00,0.08862
2026-01-17 12:30:00+00:00,0.0624
2026-01-17 12:45:00+00:00,0.06938
2026-01-17 13:00:00+00:00,0.09037
2026-01-17 13:15:00+00:00,0.0577
2026-01-17 13:30:00+00:00,0.04235
2026-01-17 13:45:00+00:00,0.059789999999999996
2026-01-17 14:00:00+00:00,0.06593
2026-01-17 14:15:00+00:00,0.06805
2026-01-17 14:30:00+00:00,0.05458
2026-01-17 14:45:00+00:00,0.07464
2026-01-17 15:00:00+00:00,0.07068
2026-01-17 15:15:00+00:00,0.06243
2026-01-17 15:30:00+00:00,0.07375
2026-01-17 15:45:00+00:00,0.08839
2026-01-17 16:00:00+00:00,0.07717
2026-01-17 16:15:00+00:00,0.08167
2026-01-17 16:30:00+00:00,0.08571
2026-01-17 16:45:00+00:00,0.08907
2026-01-17 17:00:00+00:00,0.14402
2026-01-17 17:15:00+00:00,0.10352
2026-01-17 17:30:00+00:00,0.07493999999999999
2026-01-17 17:45:00+00:00,0.08134999999999999
2026-01-17 18:00:00+00:00,0.09753
2026-01-17 18:15:00+00:00,0.10041
2026-01-17 18:30:00+00:00,0.08004
2026-01-17 18:45:00+00:00,0.07073
2026-01-17 19:00:00+00:00,0.09333
2026-01-17 19:15:00+00:00,0.044950000000000004
2026-01-17 19:30:00+00:00,0.071
2026-01-17 19:45:00+00:00,0.07221
2026-01-17 20:00:00+00:00,0.08137
2026-01-17 20:15:00+00:00,0.023899999999999998
2026-01-17 20:30:00+00:00,-0.00157
2026-01-17 20:45:00+00:00,0.05153
2026-01-17 21:00:00+00:00,0.09509000000000001
2026-01-17 21:15:00+00:00,-0.00034
2026-01-17 21:30:00+00:00,0.047920000000000004
2026-01-17 21:45:00+00:00,0.10204
2026-01-17 22:00:00+00:00,0.11442000000000001
2026-01-17 22:15:00+00:00,0.02993
2026-01-17 22:30:00+00:00,0.07579999999999999
2026-01-17 22:45:00+00:00,0.09289
2026-01-17 23:00:00+00:00,0.06536
2026-01-17 23:15:00+00:00,0.03704
2026-01-17 23:30:00+00:00,0.0586
2026-01-17 23:45:00+00:00,0.05206
2026-01-18 00:00:00+00:00,0.04295
2026-01-18 00:15:00+00:00,0.05758
2026-01-18 00:30:00+00:00,0.051789999999999996
2026-01-18 00:45:00+00:00,0.04113
2026-01-18 01:00:00+00:00,0.06604
2026-01-18 01:15:00+00:00,-0.0009699999999999999
2026-01-18 01:30:00+00:00,0.03444
2026-01-18 01:45:00+00:00,0.04079
2026-01-18 02:00:00+00:00,0.01115
2026-01-18 02:15:00+00:00,0.05701
2026-01-18 02:30:00+00:00,0.00498
2026-01-18 02:45:00+00:00,-0.0015400000000000001
2026-01-18 03:00:00+00:00,0.06028
2026-01-18 03:15:00+00:00,0.05117
2026-01-18 03:30:00+00:00,0.08391
2026-01-18 03:45:00+00:00,0.08965000000000001
2026-01-18 04:00:00+00:00,0.07768000000000001
2026-01-18 04:15:00+00:00,0.06173
2026-01-18 04:30:00+00:00,0.06479
2026-01-18 04:45:00+00:00,0.04272
2026-01-18 05:00:00+00:00,0.07619
2026-01-18 05:15:00+00:00,0.036
2026-01-18 05:30:00+00:00,0.09679
2026-01-18 05:45:00+00:00,0.05884
2026-01-18 06:00:00+00:00,0.15419
2026-01-18 06:15:00+00:00,0.17503
2026-01-18 06:30:00+00:00,0.1413
2026-01-18 06:45:00+00:00,0.07478
2026-01-18 07:00:00+00:00,0.08478
2026-01-18 07:15:00+00:00,0.04795
2026-01-18 07:30:00+00:00,0.07181
2026-01-18 07:45:00+00:00,0.054619999999999995
2026-01-18 08:00:00+00:00,0.07131
2026-01-18 08:15:00+00:00,0.03422
2026-01-18 08:30:00+00:00,-0.03302
2026-01-18 08:45:00+00:00,0.009640000000000001
2026-01-18 09:00:00+00:00,0.04282
2026-01-18 09:15:00+00:00,0.04401
2026-01-18 09:30:00+00:00,0.06615
2026-01-18 09:45:00+00:00,0.06311
2026-01-18 10:00:00+00:00,0.06617
2026-01-18 10:15:00+00:00,0.04922
2026-01-18 10:30:00+00:00,0.05583
2026-01-18 10:45:00+00:00,0.05869
2026-01-18 11:00:00+00:00,0.05718
2026-01-18 11:15:00+00:00,0.05877
2026-01-18 11:30:00+00:00,0.04775
2026-01-18 11:45:00+00:00,0.04453
2026-01-18 12:00:00+00:00,0.020399999999999998
2026-01-18 12:15:00+00:00,-0.02444
2026-01-18 12:30:00+00:00,-0.02675
2026-01-18 12:45:00+00:00,0.06056
2026-01-18 13:00:00+00:00,0.1658
2026-01-18 13:15:00+00:00,0.02999
2026-01-18 13:30:00+00:00,0.06653
2026-01-18 13:45:00+00:00,0.07282999999999999
2026-01-18 14:00:00+00:00,0.01077
2026-01-18 14:15:00+00:00,0.04157
2026-01-18 14:30:00+00:00,0.023399999999999997
2026-01-18 14:45:00+00:00,0.015470000000000001
2026-01-18 15:00:00+00:00,0.08542
2026-01-18 15:15:00+00:00,0.0606
2026-01-18 15:30:00+00:00,0.04498
2026-01-18 15:45:00+00:00,0.055659999999999994
2026-01-18 16:00:00+00:00,0.04168
2026-01-18 16:15:00+00:00,0.053340000000000005
2026-01-18 16:30:00+00:00,0.12235
2026-01-18 16:45:00+00:00,0.05806
2026-01-18 17:00:00+00:00,0.09884
2026-01-18 17:15:00+00:00,0.04827
2026-01-18 17:30:00+00:00,0.03449
2026-01-18 17:45:00+00:00,0.0696
2026-01-18 18:00:00+00:00,0.16047
2026-01-18 18:15:00+00:00,0.073
2026-01-18 18:30:00+00:00,0.04385
2026-01-18 18:45:00+00:00,0.00204
2026-01-18 19:00:00+00:00,0.0201
2026-01-18 19:15:00+00:00,0.04582
2026-01-18 19:30:00+00:00,0.04554
2026-01-18 19:45:00+00:00,0.07529999999999999
2026-01-18 20:00:00+00:00,0.04965
2026-01-18 20:15:00+00:00,0.04265
2026-01-18 20:30:00+00:00,0.04284
2026-01-18 20:45:00+00:00,0.03583
2026-01-18 21:00:00+00:00,0.05535
2026-01-18 21:15:00+00:00,0.0238
2026-01-18 21:30:00+00:00,0.02134
2026-01-18 21:45:00+00:00,0.020980000000000002
2026-01-18 22:00:00+00:00,0.07409
2026-01-18 22:15:00+00:00,0.05328
2026-01-18 22:30:00+00:00,0.05285
2026-01-18 22:45:00+00:00,0.06835
2026-01-18 23:00:00+00:00,0.048670000000000005
2026-01-18 23:15:00+00:00,0.02032
2026-01-18 23:30:00+00:00,-0.02284
2026-01-18 23:45:00+00:00,-0.01595
2026-01-19 00:00:00+00:00,0.026449999999999998
2026-01-19 00:15:00+00:00,0.00838
2026-01-19 00:30:00+00:00,0.03711
2026-01-19 00:45:00+00:00,-0.049890000000000004
2026-01-19 01:00:00+00:00,0.012029999999999999
2026-01-19 01:15:00+00:00,0.09845000000000001
2026-01-19 01:30:00+00:00,0.07537999999999999
2026-01-19 01:45:00+00:00,0.02252
2026-01-19 02:00:00+00:00,0.039509999999999997
2026-01-19 02:15:00+00:00,0.045520000000000005
2026-01-19 02:30:00+00:00,0.03673
2026-01-19 02:45:00+00:00,0.00237
2026-01-19 03:00:00+00:00,0.08719
2026-01-19 03:15:00+00:00,0.0188
2026-01-19 03:30:00+00:00,0.013980000000000001
2026-01-19 03:45:00+00:00,0.0831
2026-01-19 04:00:00+00:00,0.0853
2026-01-19 04:15:00+00:00,0.06956999999999999
2026-01-19 04:30:00+00:00,-0.04344
2026-01-19 04:45:00+00:00,0.07213
2026-01-19 05:00:00+00:00,0.06702
2026-01-19 05:15:00+00:00,0.03306
2026-01-19 05:30:00+00:00,0.0222
2026-01-19 05:45:00+00:00,0.06918
2026-01-19 06:00:00+00:00,0.08209999999999999
2026-01-19 06:15:00+00:00,0.10463
2026-01-19 06:30:00+00:00,0.06447
2026-01-19 06:45:00+00:00,0.10709
2026-01-19 07:00:00+00:00,0.07970000000000001
2026-01-19 07:15:00+00:00,0.05946
2026-01-19 07:30:00+00:00,0.02969
2026-01-19 07:45:00+00:00,0.039689999999999996
2026-01-19 08:00:00+00:00,0.08911
2026-01-19 08:15:00+00:00,0.038
2026-01-19 08:30:00+00:00,0.03257
2026-01-19 08:45:00+00:00,0.10765999999999999
2026-01-19 09:00:00+00:00,0.15575999999999998
2026-01-19 09:15:00+00:00,0.04863
2026-01-19 09:30:00+00:00,0.07228
2026-01-19 09:45:00+00:00,0.04976
2026-01-19 10:00:00+00:00,0.06674
2026-01-19 10:15:00+00:00,0.13788
2026-01-19 10:30:00+00:00,0.11612
2026-01-19 10:45:00+00:00,0.06217
2026-01-19 11:00:00+00:00,0.09394
2026-01-19 11:15:00+00:00,3.0490399999999998
2026-01-19 11:30:00+00:00,2.0747
2026-01-19 11:45:00+00:00,-0.78054
2026-01-19 12:00:00+00:00,0.07307
2026-01-19 12:15:00+00:00,0.06552
2026-01-19 12:30:00+00:00,0.08849
2026-01-19 12:45:00+00:00,0.08957
2026-01-19 13:00:00+00:00,0.05354
2026-01-19 13:15:00+00:00,0.052039999999999996
2026-01-19 13:30:00+00:00,0.00642
2026-01-19 13:45:00+00:00,0.01829
2026-01-19 14:00:00+00:00,0.07607
2026-01-19 14:15:00+00:00,0.06142
2026-01-19 14:30:00+00:00,0.0685
2026-01-19 14:45:00+00:00,0.06965
2026-01-19 15:00:00+00:00,0.057
2026-01-19 15:15:00+00:00,0.08223
2026-01-19 15:30:00+00:00,0.05496
2026-01-19 15:45:00+00:00,0.09673999999999999
2026-01-19 16:00:00+00:00,0.12794
2026-01-19 16:15:00+00:00,0.10055
2026-01-19 16:30:00+00:00,0.10373
2026-01-19 16:45:00+00:00,0.08996
2026-01-19 17:00:00+00:00,0.0872
2026-01-19 17:15:00+00:00,0.09433
2026-01-19 17:30:00+00:00,0.06334000000000001
2026-01-19 17:45:00+00:00,0.07199
2026-01-19 18:00:00+00:00,0.0986
2026-01-19 18:15:00+00:00,0.11491
2026-01-19 18:30:00+00:00,0.09047
2026-01-19 18:45:00+00:00,0.10355
2026-01-19 19:00:00+00:00,0.09781000000000001
2026-01-19 19:15:00+00:00,0.10312
2026-01-19 19:30:00+00:00,0.10618000000000001
2026-01-19 19:45:00+00:00,0.09936
2026-01-19 20:00:00+00:00,0.09526000000000001
2026-01-19 20:15:00+00:00,0.09473999999999999
2026-01-19 20:30:00+00:00,0.08120999999999999
2026-01-19 20:45:00+00:00,0.07465999999999999
2026-01-19 21:00:00+00:00,0.09905
2026-01-19 21:15:00+00:00,0.08848
2026-01-19 21:30:00+00:00,0.10501
2026-01-19 21:45:00+00:00,0.11051000000000001
2026-01-19 22:00:00+00:00,0.11579
2026-01-19 22:15:00+00:00,0.10926999999999999
2026-01-19 22:30:00+00:00,0.09508
2026-01-19 22:45:00+00:00,0.10123
2026-01-19 23:00:00+00:00,0.08913
2026-01-19 23:15:00+00:00,0.03976
2026-01-19 23:30:00+00:00,0.038149999999999996
2026-01-19 23:45:00+00:00,-0.03411
2026-01-20 00:00:00+00:00,0.06772
2026-01-20 00:15:00+00:00,0.00452
2026-01-20 00:30:00+00:00,0.039560000000000005
2026-01-20 00:45:00+00:00,0.046619999999999995
2026-01-20 01:00:00+00:00,0.0677
2026-01-20 01:15:00+00:00,0.05328
2026-01-20 01:30:00+00:00,0.05532
2026-01-20 01:45:00+00:00,0.05205
2026-01-20 02:00:00+00:00,0.06454
2026-01-20 02:15:00+00:00,0.03187
2026-01-20 02:30:00+00:00,0.06358
2026-01-20 02:45:00+00:00,0.06006
2026-01-20 03:00:00+00:00,0.07008
2026-01-20 03:15:00+00:00,0.04561
2026-01-20 03:30:00+00:00,0.07032
2026-01-20 03:45:00+00:00,0.06824
2026-01-20 04:00:00+00:00,0.0592
2026-01-20 04:15:00+00:00,0.05497
2026-01-20 04:30:00+00:00,0.05875
2026-01-20 04:45:00+00:00,0.07704000000000001
2026-01-20 05:00:00+00:00,0.05974
2026-01-20 05:15:00+00:00,0.07284
2026-01-20 05:30:00+00:00,0.08301
2026-01-20 05:45:00+00:00,0.07597
2026-01-20 06:00:00+00:00,0.11001000000000001
2026-01-20 06:15:00+00:00,0.06946
2026-01-20 06:30:00+00:00,0.07847
2026-01-20 06:45:00+00:00,0.08311
2026-01-20 07:00:00+00:00,0.09384999999999999
2026-01-20 07:15:00+00:00,0.07776999999999999
2026-01-20 07:30:00+00:00,0.08611
2026-01-20 07:45:00+00:00,0.0519
2026-01-20 08:00:00+00:00,0.09083
2026-01-20 08:15:00+00:00,0.08416
2026-01-20 08:30:00+00:00,0.06702
2026-01-20 08:45:00+00:00,0.04341
2026-01-20 09:00:00+00:00,0.0874
2026-01-20 09:15:00+00:00,0.10768000000000001
2026-01-20 09:30:00+00:00,0.09056
2026-01-20 09:45:00+00:00,0.07438
2026-01-20 10:00:00+00:00,0.07156
2026-01-20 10:15:00+00:00,0.07490999999999999
2026-01-20 10:30:00+00:00,0.07587
2026-01-20 10:45:00+00:00,0.08306999999999999
2026-01-20 11:00:00+00:00,0.08193
2026-01-20 11:15:00+00:00,0.05341
2026-01-20 11:30:00+00:00,0.06703
2026-01-20 11:45:00+00:00,0.06945
2026-01-20 12:00:00+00:00,0.05237
2026-01-20 12:15:00+00:00,0.09386
2026-01-20 12:30:00+00:00,0.06634000000000001
2026-01-20 12:45:00+00:00,0.14411000000000002
2026-01-20 13:00:00+00:00,0.12519
2026-01-20 13:15:00+00:00,0.09808
2026-01-20 13:30:00+00:00,0.09575
2026-01-20 13:45:00+00:00,0.09845000000000001
2026-01-20 14:00:00+00:00,0.12643000000000001
2026-01-20 14:15:00+00:00,0.11976
2026-01-20 14:30:00+00:00,0.09309999999999999
2026-01-20 14:45:00+00:00,0.73494
2026-01-20 15:00:00+00:00,0.08749
2026-01-20 15:15:00+00:00,0.12997999999999998
2026-01-20 15:30:00+00:00,0.10834
2026-01-20 15:45:00+00:00,0.12201000000000001
2026-01-20 16:00:00+00:00,0.05564
2026-01-20 16:15:00+00:00,0.12176999999999999
2026-01-20 16:30:00+00:00,0.0723
2026-01-20 16:45:00+00:00,0.07667
2026-01-20 17:00:00+00:00,0.1014
2026-01-20 17:15:00+00:00,0.11806
2026-01-20 17:30:00+00:00,0.09484999999999999
2026-01-20 17:45:00+00:00,0.10281
2026-01-20 18:00:00+00:00,0.10056
2026-01-20 18:15:00+00:00,0.12104999999999999
2026-01-20 18:30:00+00:00,0.08865
2026-01-20 18:45:00+00:00,0.08036
2026-01-20 19:00:00+00:00,0.059179999999999996
2026-01-20 19:15:00+00:00,0.04546
2026-01-20 19:30:00+00:00,0.13598
2026-01-20 19:45:00+00:00,0.08895
2026-01-20 20:00:00+00:00,0.16793
2026-01-20 20:15:00+00:00,0.11276
2026-01-20 20:30:00+00:00,0.06329
2026-01-20 20:45:00+00:00,0.07411
2026-01-20 21:00:00+00:00,0.0843
2026-01-20 21:15:00+00:00,0.06166
2026-01-20 21:30:00+00:00,0.05122
2026-01-20 21:45:00+00:00,0.06419
2026-01-20 22:00:00+00:00,0.08593
2026-01-20 22:15:00+00:00,0.04995
2026-01-20 22:30:00+00:00,0.07123
2026-01-20 22:45:00+00:00,0.02809
2026-01-20 23:00:00+00:00,0.05668
2026-01-20 23:15:00+00:00,0.15178999999999998
2026-01-20 23:30:00+00:00,0.02871
2026-01-20 23:45:00+00:00,0.02168
2026-01-21 00:00:00+00:00,0.03818
2026-01-21 00:15:00+00:00,0.07623
2026-01-21 00:30:00+00:00,0.0078
2026-01-21 00:45:00+00:00,0.06459999999999999
2026-01-21 01:00:00+00:00,0.07637000000000001
2026-01-21 01:15:00+00:00,0.06528
2026-01-21 01:30:00+00:00,0.054060000000000004
2026-01-21 01:45:00+00:00,0.07493999999999999
2026-01-21 02:00:00+00:00,-0.018949999999999998
2026-01-21 02:15:00+00:00,0.07109
2026-01-21 02:30:00+00:00,0.026949999999999998
2026-01-21 02:45:00+00:00,0.07476999999999999
2026-01-21 03:00:00+00:00,0.07438
2026-01-21 03:15:00+00:00,0.06944
2026-01-21 03:30:00+00:00,0.03207
2026-01-21 03:45:00+00:00,0.06264
2026-01-21 04:00:00+00:00,0.07673999999999999
2026-01-21 04:15:00+00:00,0.07162
2026-01-21 04:30:00+00:00,0.02162
2026-01-21 04:45:00+00:00,-0.00239
2026-01-21 05:00:00+00:00,0.08129
2026-01-21 05:15:00+00:00,0.07934999999999999
2026-01-21 05:30:00+00:00,0.15603
2026-01-21 05:45:00+00:00,0.08956
2026-01-21 06:00:00+00:00,0.09387999999999999
2026-01-21 06:15:00+00:00,0.11383
2026-01-21 06:30:00+00:00,0.08329
2026-01-21 06:45:00+00:00,0.09239
2026-01-21 07:00:00+00:00,0.10238
2026-01-21 07:15:00+00:00,0.07998000000000001
2026-01-21 07:30:00+00:00,0.08952
2026-01-21 07:45:00+00:00,0.09494
2026-01-21 08:00:00+00:00,0.09779
2026-01-21 08:15:00+00:00,0.0867
2026-01-21 08:30:00+00:00,0.08206999999999999
2026-01-21 08:45:00+00:00,0.07324
2026-01-21 09:00:00+00:00,0.07171999999999999
2026-01-21 09:15:00+00:00,0.087
2026-01-21 09:30:00+00:00,0.07952
2026-01-21 09:45:00+00:00,0.09295999999999999
2026-01-21 10:00:00+00:00,0.05657
2026-01-21 10:15:00+00:00,0.08287
2026-01-21 10:30:00+00:00,0.07306
2026-01-21 10:45:00+00:00,0.08273
2026-01-21 11:00:00+00:00,0.10142
2026-01-21 11:15:00+00:00,0.08418
2026-01-21 11:30:00+00:00,0.10047
2026-01-21 11:45:00+00:00,0.08713
2026-01-21 12:00:00+00:00,0.08249
2026-01-21 12:15:00+00:00,0.08527
2026-01-21 12:30:00+00:00,0.06586
2026-01-21 12:45:00+00:00,0.08033
2026-01-21 13:00:00+00:00,0.08954999999999999
2026-01-21 13:15:00+00:00,0.08664
2026-01-21 13:30:00+00:00,0.09294
2026-01-21 13:45:00+00:00,0.10901000000000001
2026-01-21 14:00:00+00:00,0.09146
2026-01-21 14:15:00+00:00,0.09911
2026-01-21 14:30:00+00:00,0.09245
2026-01-21 14:45:00+00:00,0.09201000000000001
2026-01-21 15:00:00+00:00,0.09985
2026-01-21 15:15:00+00:00,0.10446
2026-01-21 15:30:00+00:00,0.09887
2026-01-21 15:45:00+00:00,0.09656
2026-01-21 16:00:00+00:00,0.11006999999999999
2026-01-21 16:15:00+00:00,0.0814
2026-01-21 16:30:00+00:00,0.07558
2026-01-21 16:45:00+00:00,0.06854
2026-01-21 17:00:00+00:00,0.07686
2026-01-21 17:15:00+00:00,0.07558
2026-01-21 17:30:00+00:00,0.04844
2026-01-21 17:45:00+00:00,0.05811
2026-01-21 18:00:00+00:00,0.0505
2026-01-21 18:15:00+00:00,0.04949
2026-01-21 18:30:00+00:00,0.07332
2026-01-21 18:45:00+00:00,0.0448
2026-01-21 19:00:00+00:00,0.08329
2026-01-21 19:15:00+00:00,0.07895999999999999
2026-01-21 19:30:00+00:00,0.08417
2026-01-21 19:45:00+00:00,0.11119
2026-01-21 20:00:00+00:00,0.08865
2026-01-21 20:15:00+00:00,0.02969
2026-01-21 20:30:00+00:00,0.06338
2026-01-21 20:45:00+00:00,0.09708
2026-01-21 21:00:00+00:00,0.11347
2026-01-21 21:15:00+00:00,0.11697
2026-01-21 21:30:00+00:00,0.045840000000000006
2026-01-21 21:45:00+00:00,-0.5270900000000001
2026-01-21 22:00:00+00:00,0.01312
2026-01-21 22:15:00+00:00,0.06495999999999999
2026-01-21 22:30:00+00:00,0.04065
2026-01-21 22:45:00+00:00,0.0106
2026-01-21 23:00:00+00:00,0.07795
2026-01-21 23:15:00+00:00,0.08117
2026-01-21 23:30:00+00:00,-0.02339
2026-01-21 23:45:00+00:00,0.01819
2026-01-22 00:00:00+00:00,0.05939
2026-01-22 00:15:00+00:00,0.08098999999999999
2026-01-22 00:30:00+00:00,0.07669
2026-01-22 00:45:00+00:00,0.02479
2026-01-22 01:00:00+00:00,0.01625
2026-01-22 01:15:00+00:00,0.044270000000000004
2026-01-22 01:30:00+00:00,0.032420000000000004
2026-01-22 01:45:00+00:00,0.02844
2026-01-22 02:00:00+00:00,0.06456
2026-01-22 02:15:00+00:00,-0.00604
2026-01-22 02:30:00+00:00,-0.025160000000000002
2026-01-22 02:45:00+00:00,0.0805
2026-01-22 03:00:00+00:00,0.07246
2026-01-22 03:15:00+00:00,0.07263
2026-01-22 03:30:00+00:00,0.04927
2026-01-22 03:45:00+00:00,0.023469999999999998
2026-01-22 04:00:00+00:00,-0.02741
2026-01-22 04:15:00+00:00,0.0955
2026-01-22 04:30:00+00:00,0.15469
2026-01-22 04:45:00+00:00,0.05228
2026-01-22 05:00:00+00:00,0.09991
2026-01-22 05:15:00+00:00,0.05081
2026-01-22 05:30:00+00:00,0.07465000000000001
2026-01-22 05:45:00+00:00,0.08516
2026-01-22 06:00:00+00:00,0.09282
2026-01-22 06:15:00+00:00,0.040369999999999996
2026-01-22 06:30:00+00:00,0.07458
2026-01-22 06:45:00+00:00,0.11231000000000001
2026-01-22 07:00:00+00:00,0.09602
2026-01-22 07:15:00+00:00,-0.01426
2026-01-22 07:30:00+00:00,0.10142
2026-01-22 07:45:00+00:00,0.11263
2026-01-22 08:00:00+00:00,0.11017
2026-01-22 08:15:00+00:00,0.11177
2026-01-22 08:30:00+00:00,0.08565
2026-01-22 08:45:00+00:00,0.08525
2026-01-22 09:00:00+00:00,0.09131
2026-01-22 09:15:00+00:00,0.03929
2026-01-22 09:30:00+00:00,0.07134
2026-01-22 09:45:00+00:00,0.08537
2026-01-22 10:00:00+00:00,0.14471
2026-01-22 10:15:00+00:00,0.05533
2026-01-22 10:30:00+00:00,0.07504000000000001
2026-01-22 10:45:00+00:00,0.07831
2026-01-22 11:00:00+00:00,0.0338
2026-01-22 11:15:00+00:00,0.06386
2026-01-22 11:30:00+00:00,0.08059000000000001
2026-01-22 11:45:00+00:00,0.00184
2026-01-22 12:00:00+00:00,0.047409999999999994
2026-01-22 12:15:00+00:00,0.046700000000000005
2026-01-22 12:30:00+00:00,0.08354
2026-01-22 12:45:00+00:00,0.027190000000000002
2026-01-22 13:00:00+00:00,0.05316
2026-01-22 13:15:00+00:00,0.04489
2026-01-22 13:30:00+00:00,0.09617
2026-01-22 13:45:00+00:00,0.16008
2026-01-22 14:00:00+00:00,-0.11162000000000001
2026-01-22 14:15:00+00:00,-0.31147
2026-01-22 14:30:00+00:00,0.08712
2026-01-22 14:45:00+00:00,0.06381
2026-01-22 15:00:00+00:00,0.01693
2026-01-22 15:15:00+00:00,0.013640000000000001
2026-01-22 15:30:00+00:00,0.0461
2026-01-22 15:45:00+00:00,0.07182
2026-01-22 16:00:00+00:00,0.1144
2026-01-22 16:15:00+00:00,0.07978
2026-01-22 16:30:00+00:00,0.08523
2026-01-22 16:45:00+00:00,0.06912
2026-01-22 17:00:00+00:00,0.08608
2026-01-22 17:15:00+00:00,0.08999
2026-01-22 17:30:00+00:00,0.09137999999999999
2026-01-22 17:45:00+00:00,0.06663
2026-01-22 18:00:00+00:00,0.09534000000000001
2026-01-22 18:15:00+00:00,0.08381
2026-01-22 18:30:00+00:00,0.11544
2026-01-22 18:45:00+00:00,0.0845
2026-01-22 19:00:00+00:00,0.08961
2026-01-22 19:15:00+00:00,0.09977
2026-01-22 19:30:00+00:00,0.06976
2026-01-22 19:45:00+00:00,0.09315999999999999
2026-01-22 20:00:00+00:00,0.07228
2026-01-22 20:15:00+00:00,0.07286
2026-01-22 20:30:00+00:00,0.091
2026-01-22 20:45:00+00:00,0.05865
2026-01-22 21:00:00+00:00,0.062229999999999994
2026-01-22 21:15:00+00:00,0.07465999999999999
2026-01-22 21:30:00+00:00,0.07229000000000001
2026-01-22 21:45:00+00:00,-0.03121
2026-01-22 22:00:00+00:00,0.08020999999999999
2026-01-22 22:15:00+00:00,0.05777
2026-01-22 22:30:00+00:00,0.08195999999999999
2026-01-22 22:45:00+00:00,0.03535
2026-01-22 23:00:00+00:00,0.05055
2026-01-22 23:15:00+00:00,0.0338
2026-01-22 23:30:00+00:00,0.027870000000000002
2026-01-22 23:45:00+00:00,0.04387
2026-01-23 00:00:00+00:00,0.11081999999999999
2026-01-23 00:15:00+00:00,0.08068
2026-01-23 00:30:00+00:00,0.063
2026-01-23 00:45:00+00:00,-0.01736
2026-01-23 01:00:00+00:00,0.08655
2026-01-23 01:15:00+00:00,0.00151
2026-01-23 01:30:00+00:00,0.04059
2026-01-23 01:45:00+00:00,0.03641
2026-01-23 02:00:00+00:00,-0.06099
2026-01-23 02:15:00+00:00,-0.04922
2026-01-23 02:30:00+00:00,0.01176
2026-01-23 02:45:00+00:00,0.06915
2026-01-23 03:00:00+00:00,0.19588999999999998
2026-01-23 03:15:00+00:00,-0.060469999999999996
2026-01-23 03:30:00+00:00,0.007030000000000001
2026-01-23 03:45:00+00:00,0.07232999999999999
2026-01-23 04:00:00+00:00,0.037270000000000005
2026-01-23 04:15:00+00:00,0.01061
2026-01-23 04:30:00+00:00,0.06817000000000001
2026-01-23 04:45:00+00:00,0.07826000000000001
2026-01-23 05:00:00+00:00,0.10066
2026-01-23 05:15:00+00:00,0.04308
2026-01-23 05:30:00+00:00,0.04504
2026-01-23 05:45:00+00:00,0.02032
2026-01-23 06:00:00+00:00,0.13483
2026-01-23 06:15:00+00:00,0.17178
2026-01-23 06:30:00+00:00,0.07901000000000001
2026-01-23 06:45:00+00:00,0.08283
2026-01-23 07:00:00+00:00,0.07401
2026-01-23 07:15:00+00:00,0.026690000000000002
2026-01-23 07:30:00+00:00,0.12757
2026-01-23 07:45:00+00:00,0.10808
2026-01-23 08:00:00+00:00,0.16937
2026-01-23 08:15:00+00:00,0.10668000000000001
2026-01-23 08:30:00+00:00,0.04185
2026-01-23 08:45:00+00:00,0.15308000000000002
2026-01-23 09:00:00+00:00,0.13147999999999999
2026-01-23 09:15:00+00:00,0.10126
2026-01-23 09:30:00+00:00,0.09040000000000001
2026-01-23 09:45:00+00:00,0.06734
2026-01-23 10:00:00+00:00,0.10321999999999999
2026-01-23 10:15:00+00:00,0.07009
2026-01-23 10:30:00+00:00,0.06417
2026-01-23 10:45:00+00:00,0.05779
2026-01-23 11:00:00+00:00,0.12173
2026-01-23 11:15:00+00:00,0.08006
2026-01-23 11:30:00+00:00,0.07522
2026-01-23 11:45:00+00:00,0.09813
2026-01-23 12:00:00+00:00,0.03712
2026-01-23 12:15:00+00:00,0.05603
2026-01-23 12:30:00+00:00,0.06414
2026-01-23 12:45:00+00:00,0.08691
2026-01-23 13:00:00+00:00,0.08393
2026-01-23 13:15:00+00:00,0.05964
2026-01-23 13:30:00+00:00,0.08923
2026-01-23 13:45:00+00:00,0.115
2026-01-23 14:00:00+00:00,0.12007
2026-01-23 14:15:00+00:00,0.0874
2026-01-23 14:30:00+00:00,0.11145999999999999
2026-01-23 14:45:00+00:00,0.08767
2026-01-23 15:00:00+00:00,0.09502
2026-01-23 15:15:00+00:00,0.07836
2026-01-23 15:30:00+00:00,0.07654000000000001
2026-01-23 15:45:00+00:00,0.09948
2026-01-23 16:00:00+00:00,0.07934999999999999
2026-01-23 16:15:00+00:00,0.11773
2026-01-23 16:30:00+00:00,0.08814
2026-01-23 16:45:00+00:00,0.07321
2026-01-23 17:00:00+00:00,0.13566999999999999
2026-01-23 17:15:00+00:00,0.04761
2026-01-23 17:30:00+00:00,0.26898
2026-01-23 17:45:00+00:00,0.12215000000000001
2026-01-23 18:00:00+00:00,0.13194999999999998
2026-01-23 18:15:00+00:00,0.22263999999999998
2026-01-23 18:30:00+00:00,0.10978
2026-01-23 18:45:00+00:00,0.05131
2026-01-23 19:00:00+00:00,0.16999
2026-01-23 19:15:00+00:00,0.10748999999999999
2026-01-23 19:30:00+00:00,0.10264
2026-01-23 19:45:00+00:00,0.12068999999999999
2026-01-23 20:00:00+00:00,0.00628
2026-01-23 20:15:00+00:00,0.06409000000000001
2026-01-23 20:30:00+00:00,0.12548
2026-01-23 20:45:00+00:00,0.10928
2026-01-23 21:00:00+00:00,0.09695999999999999
2026-01-23 21:15:00+00:00,-0.13851
2026-01-23 21:30:00+00:00,0.09196
2026-01-23 21:45:00+00:00,0.09178
2026-01-23 22:00:00+00:00,0.20029
2026-01-23 22:15:00+00:00,0.00422
2026-01-23 22:30:00+00:00,0.09952
2026-01-23 22:45:00+00:00,0.10997
2026-01-23 23:00:00+00:00,-0.45144
2026-01-23 23:15:00+00:00,0.04463
2026-01-23 23:30:00+00:00,0.049049999999999996
2026-01-23 23:45:00+00:00,-0.19157
2026-01-24 00:00:00+00:00,0.06545000000000001
2026-01-24 00:15:00+00:00,-0.52038
2026-01-24 00:30:00+00:00,-0.50991
2026-01-24 00:45:00+00:00,-1.97711
2026-01-24 01:00:00+00:00,0.08912
2026-01-24 01:15:00+00:00,-0.79346
2026-01-24 01:30:00+00:00,-0.10887000000000001
2026-01-24 01:45:00+00:00,-0.6116900000000001
2026-01-24 02:00:00+00:00,0.06419
2026-01-24 02:15:00+00:00,-0.18428
2026-01-24 02:30:00+00:00,0.011970000000000001
2026-01-24 02:45:00+00:00,0.07887999999999999
2026-01-24 03:00:00+00:00,0.0873
2026-01-24 03:15:00+00:00,-0.32832
2026-01-24 03:30:00+00:00,-0.30448000000000003
2026-01-24 03:45:00+00:00,0.02087
2026-01-24 04:00:00+00:00,0.05819
2026-01-24 04:15:00+00:00,-0.21383000000000002
2026-01-24 04:30:00+00:00,-0.04868
2026-01-24 04:45:00+00:00,-1.10524
2026-01-24 05:00:00+00:00,0.0757
2026-01-24 05:15:00+00:00,-0.25039
2026-01-24 05:30:00+00:00,-0.5462100000000001
2026-01-24 05:45:00+00:00,-0.06856
2026-01-24 06:00:00+00:00,0.08231000000000001
2026-01-24 06:15:00+00:00,-0.635
2026-01-24 06:30:00+00:00,-0.14629
2026-01-24 06:45:00+00:00,-0.19094999999999998
2026-01-24 07:00:00+00:00,0.10058
2026-01-24 07:15:00+00:00,-0.14783000000000002
2026-01-24 07:30:00+00:00,-0.09961
2026-01-24 07:45:00+00:00,0.03785
2026-01-24 08:00:00+00:00,0.0846
2026-01-24 08:15:00+00:00,-0.52098
2026-01-24 08:30:00+00:00,-0.22104
2026-01-24 08:45:00+00:00,-0.21528999999999998
2026-01-24 09:00:00+00:00,0.06445999999999999
2026-01-24 09:15:00+00:00,-0.64558
2026-01-24 09:30:00+00:00,-0.48558999999999997
2026-01-24 09:45:00+00:00,-0.2076
2026-01-24 10:00:00+00:00,0.14477
2026-01-24 10:15:00+00:00,-0.2818
2026-01-24 10:30:00+00:00,-0.15512
2026-01-24 10:45:00+00:00,-0.27308
2026-01-24 11:00:00+00:00,0.22143000000000002
2026-01-24 11:15:00+00:00,-0.22845
2026-01-24 11:30:00+00:00,-0.02612
2026-01-24 11:45:00+00:00,-0.16422
2026-01-24 12:00:00+00:00,-0.03649
2026-01-24 12:15:00+00:00,-0.19366
2026-01-24 12:30:00+00:00,-0.03514
2026-01-24 12:45:00+00:00,-0.15883
2026-01-24 13:00:00+00:00,0.0028799999999999997
2026-01-24 13:15:00+00:00,-0.13496
2026-01-24 13:30:00+00:00,-0.04193
2026-01-24 13:45:00+00:00,-0.02936
2026-01-24 14:00:00+00:00,0.08778
2026-01-24 14:15:00+00:00,0.02732
2026-01-24 14:30:00+00:00,-0.04574
2026-01-24 14:45:00+00:00,-0.44359
2026-01-24 15:00:00+00:00,0.09534999999999999
2026-01-24 15:15:00+00:00,-0.08535
2026-01-24 15:30:00+00:00,-4.9749300000000005
2026-01-24 15:45:00+00:00,-0.20531
2026-01-24 16:00:00+00:00,0.08422
2026-01-24 16:15:00+00:00,0.00821
2026-01-24 16:30:00+00:00,0.056240000000000005
2026-01-24 16:45:00+00:00,0.06778
2026-01-24 17:00:00+00:00,0.1184
2026-01-24 17:15:00+00:00,-0.07211
2026-01-24 17:30:00+00:00,-0.22300999999999999
2026-01-24 17:45:00+00:00,0.03131
2026-01-24 18:00:00+00:00,0.10128
2026-01-24 18:15:00+00:00,-0.07252
2026-01-24 18:30:00+00:00,-0.12626
2026-01-24 18:45:00+00:00,0.20787
2026-01-24 19:00:00+00:00,0.03333
2026-01-24 19:15:00+00:00,0.07034
2026-01-24 19:30:00+00:00,-0.13705
2026-01-24 19:45:00+00:00,-0.44687
2026-01-24 20:00:00+00:00,0.06522
2026-01-24 20:15:00+00:00,0.03284
2026-01-24 20:30:00+00:00,0.048100000000000004
2026-01-24 20:45:00+00:00,0.06761
2026-01-24 21:00:00+00:00,0.06854
2026-01-24 21:15:00+00:00,0.07662999999999999
2026-01-24 21:30:00+00:00,0.05532
2026-01-24 21:45:00+00:00,0.03638
2026-01-24 22:00:00+00:00,0.10742
2026-01-24 22:15:00+00:00,-0.061700000000000005
2026-01-24 22:30:00+00:00,-0.32319
2026-01-24 22:45:00+00:00,0.04234
2026-01-24 23:00:00+00:00,0.07966
2026-01-24 23:15:00+00:00,0.07487
2026-01-24 23:30:00+00:00,0.01896
2026-01-24 23:45:00+00:00,-0.0124
2026-01-25 00:00:00+00:00,0.17506
2026-01-25 00:15:00+00:00,0.04435
2026-01-25 00:30:00+00:00,0.13982
2026-01-25 00:45:00+00:00,0.07271
2026-01-25 01:00:00+00:00,0.21847999999999998
2026-01-25 01:15:00+00:00,0.6737799999999999
2026-01-25 01:30:00+00:00,0.03153
2026-01-25 01:45:00+00:00,0.28491000000000005
2026-01-25 02:00:00+00:00,0.06745999999999999
2026-01-25 02:15:00+00:00,0.03686
2026-01-25 02:30:00+00:00,0.12694
2026-01-25 02:45:00+00:00,0.07014
2026-01-25 03:00:00+00:00,0.07936
2026-01-25 03:15:00+00:00,0.04337
2026-01-25 03:30:00+00:00,0.15042
2026-01-25 03:45:00+00:00,0.00934
2026-01-25 04:00:00+00:00,0.07231
2026-01-25 04:15:00+00:00,0.09845000000000001
2026-01-25 04:30:00+00:00,0.11256000000000001
2026-01-25 04:45:00+00:00,0.050140000000000004
2026-01-25 05:00:00+00:00,0.07709
2026-01-25 05:15:00+00:00,-0.03018
2026-01-25 05:30:00+00:00,0.04368
2026-01-25 05:45:00+00:00,0.02958
2026-01-25 06:00:00+00:00,0.08752
2026-01-25 06:15:00+00:00,0.68568
2026-01-25 06:30:00+00:00,0.097
2026-01-25 06:45:00+00:00,0.10718000000000001
2026-01-25 07:00:00+00:00,0.14548
2026-01-25 07:15:00+00:00,0.04914
2026-01-25 07:30:00+00:00,0.38337
2026-01-25 07:45:00+00:00,0.07231
2026-01-25 08:00:00+00:00,0.18009999999999998
2026-01-25 08:15:00+00:00,0.58613
2026-01-25 08:30:00+00:00,0.06431
2026-01-25 08:45:00+00:00,0.05662
2026-01-25 09:00:00+00:00,0.09442
2026-01-25 09:15:00+00:00,0.06594
2026-01-25 09:30:00+00:00,0.07415000000000001
2026-01-25 09:45:00+00:00,0.07513
2026-01-25 10:00:00+00:00,0.08816
2026-01-25 10:15:00+00:00,0.09242
2026-01-25 10:30:00+00:00,0.06722
2026-01-25 10:45:00+00:00,0.054240000000000003
2026-01-25 11:00:00+00:00,0.03404
2026-01-25 11:15:00+00:00,0.08022
2026-01-25 11:30:00+00:00,0.07465999999999999
2026-01-25 11:45:00+00:00,0.04322
2026-01-25 12:00:00+00:00,0.06168
2026-01-25 12:15:00+00:00,0.11948
2026-01-25 12:30:00+00:00,0.09190999999999999
2026-01-25 12:45:00+00:00,0.17379
2026-01-25 13:00:00+00:00,0.18305000000000002
2026-01-25 13:15:00+00:00,0.10203
2026-01-25 13:30:00+00:00,0.07812999999999999
2026-01-25 13:45:00+00:00,0.03014
2026-01-25 14:00:00+00:00,0.08043
2026-01-25 14:15:00+00:00,0.05913
2026-01-25 14:30:00+00:00,0.07754000000000001
2026-01-25 14:45:00+00:00,0.06523999999999999
2026-01-25 15:00:00+00:00,0.08753
2026-01-25 15:15:00+00:00,0.09820000000000001
2026-01-25 15:30:00+00:00,0.060579999999999995
2026-01-25 15:45:00+00:00,0.03488
2026-01-25 16:00:00+00:00,0.09581
2026-01-25 16:15:00+00:00,0.05868
2026-01-25 16:30:00+00:00,0.03507
2026-01-25 16:45:00+00:00,0.05148
2026-01-25 17:00:00+00:00,0.08134000000000001
2026-01-25 17:15:00+00:00,0.05983
2026-01-25 17:30:00+00:00,0.05304
2026-01-25 17:45:00+00:00,0.06377000000000001
2026-01-25 18:00:00+00:00,0.08424
2026-01-25 18:15:00+00:00,0.04969
2026-01-25 18:30:00+00:00,0.05747
2026-01-25 18:45:00+00:00,0.05719
2026-01-25 19:00:00+00:00,0.06326
2026-01-25 19:15:00+00:00,0.06639
2026-01-25 19:30:00+00:00,0.06166
2026-01-25 19:45:00+00:00,0.061079999999999995
2026-01-25 20:00:00+00:00,0.07434
2026-01-25 20:15:00+00:00,0.06142
2026-01-25 20:30:00+00:00,0.053810000000000004
2026-01-25 20:45:00+00:00,0.06406999999999999
2026-01-25 21:00:00+00:00,0.05988
2026-01-25 21:15:00+00:00,0.04933
2026-01-25 21:30:00+00:00,0.06338
2026-01-25 21:45:00+00:00,0.05166
2026-01-25 22:00:00+00:00,0.06748
2026-01-25 22:15:00+00:00,0.06795999999999999
2026-01-25 22:30:00+00:00,0.04664
2026-01-25 22:45:00+00:00,0.04398
2026-01-25 23:00:00+00:00,0.08342000000000001
2026-01-25 23:15:00+00:00,0.03392
2026-01-25 23:30:00+00:00,0.04931
2026-01-25 23:45:00+00:00,0.03032
2026-01-26 00:00:00+00:00,0.10861
2026-01-26 00:15:00+00:00,0.06983
2026-01-26 00:30:00+00:00,0.06934
2026-01-26 00:45:00+00:00,0.05264
2026-01-26 01:00:00+00:00,0.07934000000000001
2026-01-26 01:15:00+00:00,0.04388
2026-01-26 01:30:00+00:00,0.02897
2026-01-26 01:45:00+00:00,0.04961
2026-01-26 02:00:00+00:00,0.07654999999999999
2026-01-26 02:15:00+00:00,0.054490000000000004
2026-01-26 02:30:00+00:00,0.032119999999999996
2026-01-26 02:45:00+00:00,0.034820000000000004
2026-01-26 03:00:00+00:00,0.06609999999999999
2026-01-26 03:15:00+00:00,0.09301999999999999
2026-01-26 03:30:00+00:00,0.06881999999999999
2026-01-26 03:45:00+00:00,0.052590000000000005
2026-01-26 04:00:00+00:00,0.01482
2026-01-26 04:15:00+00:00,0.04412
2026-01-26 04:30:00+00:00,0.05415
2026-01-26 04:45:00+00:00,0.030379999999999997
2026-01-26 05:00:00+00:00,0.11227
2026-01-26 05:15:00+00:00,0.06287
2026-01-26 05:30:00+00:00,0.039619999999999995
2026-01-26 05:45:00+00:00,0.0305
2026-01-26 06:00:00+00:00,0.10801000000000001
2026-01-26 06:15:00+00:00,0.08095999999999999
2026-01-26 06:30:00+00:00,0.04568
2026-01-26 06:45:00+00:00,0.08218
2026-01-26 07:00:00+00:00,0.11238
2026-01-26 07:15:00+00:00,0.00387
2026-01-26 07:30:00+00:00,-0.04985
2026-01-26 07:45:00+00:00,-1.92455
2026-01-26 08:00:00+00:00,0.03753
2026-01-26 08:15:00+00:00,0.026690000000000002
2026-01-26 08:30:00+00:00,0.07307
2026-01-26 08:45:00+00:00,0.10021
2026-01-26 09:00:00+00:00,-1.5506600000000001
2026-01-26 09:15:00+00:00,0.10053
2026-01-26 09:30:00+00:00,0.05743
2026-01-26 09:45:00+00:00,0.05792
2026-01-26 10:00:00+00:00,0.027620000000000002
2026-01-26 10:15:00+00:00,0.07117
2026-01-26 10:30:00+00:00,0.04690999999999999
2026-01-26 10:45:00+00:00,0.02917
2026-01-26 11:00:00+00:00,0.04735
2026-01-26 11:15:00+00:00,0.04405
2026-01-26 11:30:00+00:00,0.04259
2026-01-26 11:45:00+00:00,0.03386
2026-01-26 12:00:00+00:00,0.01202
2026-01-26 12:15:00+00:00,0.06443
2026-01-26 12:30:00+00:00,0.0551
2026-01-26 12:45:00+00:00,0.02902
2026-01-26 13:00:00+00:00,0.08985
2026-01-26 13:15:00+00:00,0.11169
2026-01-26 13:30:00+00:00,0.08736
2026-01-26 13:45:00+00:00,0.05129
2026-01-26 14:00:00+00:00,0.0866
2026-01-26 14:15:00+00:00,0.057030000000000004
2026-01-26 14:30:00+00:00,0.07970999999999999
2026-01-26 14:45:00+00:00,0.02529
2026-01-26 15:00:00+00:00,0.12476000000000001
2026-01-26 15:15:00+00:00,0.09162999999999999
2026-01-26 15:30:00+00:00,0.04388
2026-01-26 15:45:00+00:00,0.07289
2026-01-26 16:00:00+00:00,0.13086
2026-01-26 16:15:00+00:00,0.09584999999999999
2026-01-26 16:30:00+00:00,0.09461
2026-01-26 16:45:00+00:00,0.14373
2026-01-26 17:00:00+00:00,0.11324
2026-01-26 17:15:00+00:00,0.07875
2026-01-26 17:30:00+00:00,0.06316
2026-01-26 17:45:00+00:00,0.07887999999999999
2026-01-26 18:00:00+00:00,0.10171
2026-01-26 18:15:00+00:00,0.00717
2026-01-26 18:30:00+00:00,0.10945999999999999
2026-01-26 18:45:00+00:00,0.10265
2026-01-26 19:00:00+00:00,0.07322
2026-01-26 19:15:00+00:00,0.09849
2026-01-26 19:30:00+00:00,-0.46686
2026-01-26 19:45:00+00:00,0.10142
2026-01-26 20:00:00+00:00,0.11754
2026-01-26 20:15:00+00:00,0.09215999999999999
2026-01-26 20:30:00+00:00,0.1674
2026-01-26 20:45:00+00:00,0.09059
2026-01-26 21:00:00+00:00,0.11448
2026-01-26 21:15:00+00:00,0.12881
2026-01-26 21:30:00+00:00,0.10862999999999999
2026-01-26 21:45:00+00:00,0.08997
2026-01-26 22:00:00+00:00,0.10635
2026-01-26 22:15:00+00:00,0.06806999999999999
2026-01-26 22:30:00+00:00,0.07157
2026-01-26 22:45:00+00:00,0.04208
2026-01-26 23:00:00+00:00,-0.19408
2026-01-26 23:15:00+00:00,-0.05927
2026-01-26 23:30:00+00:00,0.12259
2026-01-26 23:45:00+00:00,0.035859999999999996
2026-01-27 00:00:00+00:00,0.06866
2026-01-27 00:15:00+00:00,0.18241
2026-01-27 00:30:00+00:00,0.13018000000000002
2026-01-27 00:45:00+00:00,0.05981
2026-01-27 01:00:00+00:00,0.14677
2026-01-27 01:15:00+00:00,0.09481
2026-01-27 01:30:00+00:00,0.08511
2026-01-27 01:45:00+00:00,0.06149
2026-01-27 02:00:00+00:00,0.14132
2026-01-27 02:15:00+00:00,0.07231
2026-01-27 02:30:00+00:00,0.11465
2026-01-27 02:45:00+00:00,0.04746
2026-01-27 03:00:00+00:00,0.10104
2026-01-27 03:15:00+00:00,0.08095999999999999
2026-01-27 03:30:00+00:00,0.06516
2026-01-27 03:45:00+00:00,0.06279
2026-01-27 04:00:00+00:00,0.09131
2026-01-27 04:15:00+00:00,0.05661
2026-01-27 04:30:00+00:00,0.04355
2026-01-27 04:45:00+00:00,0.10037
2026-01-27 05:00:00+00:00,0.56509
2026-01-27 05:15:00+00:00,0.09781999999999999
2026-01-27 05:30:00+00:00,0.10473
2026-01-27 05:45:00+00:00,0.05879
2026-01-27 06:00:00+00:00,0.12154999999999999
2026-01-27 06:15:00+00:00,0.12323
2026-01-27 06:30:00+00:00,0.10722
2026-01-27 06:45:00+00:00,0.18247
2026-01-27 07:00:00+00:00,0.79732
2026-01-27 07:15:00+00:00,0.11125
2026-01-27 07:30:00+00:00,0.061450000000000005
2026-01-27 07:45:00+00:00,0.0006
2026-01-27 08:00:00+00:00,0.17235
2026-01-27 08:15:00+00:00,0.08033
2026-01-27 08:30:00+00:00,0.07955
2026-01-27 08:45:00+00:00,0.07145
2026-01-27 09:00:00+00:00,0.07515999999999999
2026-01-27 09:15:00+00:00,0.11485
2026-01-27 09:30:00+00:00,0.09511
2026-01-27 09:45:00+00:00,0.09620999999999999
2026-01-27 10:00:00+00:00,0.10128
2026-01-27 10:15:00+00:00,0.22618000000000002
2026-01-27 10:30:00+00:00,0.31261
2026-01-27 10:45:00+00:00,0.07482
2026-01-27 11:00:00+00:00,0.07055
2026-01-27 11:15:00+00:00,0.10995999999999999
2026-01-27 11:30:00+00:00,0.12912
2026-01-27 11:45:00+00:00,0.07947
2026-01-27 12:00:00+00:00,0.11644
2026-01-27 12:15:00+00:00,0.09973
2026-01-27 12:30:00+00:00,0.08633
2026-01-27 12:45:00+00:00,0.10722
2026-01-27 13:00:00+00:00,0.08323
2026-01-27 13:15:00+00:00,0.06327
2026-01-27 13:30:00+00:00,0.08576
2026-01-27 13:45:00+00:00,0.02687
2026-01-27 14:00:00+00:00,0.08394
2026-01-27 14:15:00+00:00,0.08414
2026-01-27 14:30:00+00:00,0.07811
2026-01-27 14:45:00+00:00,0.02776
2026-01-27 15:00:00+00:00,-0.11772
2026-01-27 15:15:00+00:00,0.08597
2026-01-27 15:30:00+00:00,0.03847
2026-01-27 15:45:00+00:00,0.06121
2026-01-27 16:00:00+00:00,0.03977
2026-01-27 16:15:00+00:00,0.06447
2026-01-27 16:30:00+00:00,-0.0050999999999999995
2026-01-27 16:45:00+00:00,0.04373
2026-01-27 17:00:00+00:00,0.06915
2026-01-27 17:15:00+00:00,0.17212
2026-01-27 17:30:00+00:00,0.24195
2026-01-27 17:45:00+00:00,0.0515
2026-01-27 18:00:00+00:00,0.041030000000000004
2026-01-27 18:15:00+00:00,0.30372000000000005
2026-01-27 18:30:00+00:00,0.12429000000000001
2026-01-27 18:45:00+00:00,0.04235
2026-01-27 19:00:00+00:00,0.02909
2026-01-27 19:15:00+00:00,0.05897
2026-01-27 19:30:00+00:00,0.0708
2026-01-27 19:45:00+00:00,0.08452
2026-01-27 20:00:00+00:00,0.6818099999999999
2026-01-27 20:15:00+00:00,0.08862
2026-01-27 20:30:00+00:00,0.13287000000000002
2026-01-27 20:45:00+00:00,0.045899999999999996
2026-01-27 21:00:00+00:00,0.07909999999999999
2026-01-27 21:15:00+00:00,0.05976
2026-01-27 21:30:00+00:00,0.05568
2026-01-27 21:45:00+00:00,0.06106
2026-01-27 22:00:00+00:00,0.06609999999999999
2026-01-27 22:15:00+00:00,0.060219999999999996
2026-01-27 22:30:00+00:00,0.06545000000000001
2026-01-27 22:45:00+00:00,0.03889
2026-01-27 23:00:00+00:00,-0.00219
2026-01-27 23:15:00+00:00,0.07322
2026-01-27 23:30:00+00:00,0.06612
2026-01-27 23:45:00+00:00,0.055049999999999995
2026-01-28 00:00:00+00:00,-0.01847
2026-01-28 00:15:00+00:00,0.01755
2026-01-28 00:30:00+00:00,-0.17499
2026-01-28 00:45:00+00:00,0.04541
2026-01-28 01:00:00+00:00,0.052469999999999996
2026-01-28 01:15:00+00:00,0.039119999999999995
2026-01-28 01:30:00+00:00,0.06367
2026-01-28 01:45:00+00:00,0.01669
2026-01-28 02:00:00+00:00,0.06724
2026-01-28 02:15:00+00:00,0.05264
2026-01-28 02:30:00+00:00,0.06064
2026-01-28 02:45:00+00:00,0.05385
2026-01-28 03:00:00+00:00,0.04927
2026-01-28 03:15:00+00:00,0.03976
2026-01-28 03:30:00+00:00,0.04979
2026-01-28 03:45:00+00:00,0.05632
2026-01-28 04:00:00+00:00,0.05139
2026-01-28 04:15:00+00:00,-0.00246
2026-01-28 04:30:00+00:00,0.06196
2026-01-28 04:45:00+00:00,0.06659000000000001
2026-01-28 05:00:00+00:00,0.07385
2026-01-28 05:15:00+00:00,0.03504
2026-01-28 05:30:00+00:00,0.0441
2026-01-28 05:45:00+00:00,0.06494
2026-01-28 06:00:00+00:00,0.08684
2026-01-28 06:15:00+00:00,0.09636
2026-01-28 06:30:00+00:00,0.0752
2026-01-28 06:45:00+00:00,0.055560000000000005
2026-01-28 07:00:00+00:00,0.09831000000000001
2026-01-28 07:15:00+00:00,0.10194
2026-01-28 07:30:00+00:00,0.08771999999999999
2026-01-28 07:45:00+00:00,0.08943999999999999
2026-01-28 08:00:00+00:00,0.10096
2026-01-28 08:15:00+00:00,0.08904000000000001
2026-01-28 08:30:00+00:00,0.0808
2026-01-28 08:45:00+00:00,0.07672
2026-01-28 09:00:00+00:00,0.31333999999999995
2026-01-28 09:15:00+00:00,0.11416
2026-01-28 09:30:00+00:00,0.11386
2026-01-28 09:45:00+00:00,0.06839
2026-01-28 10:00:00+00:00,0.08452
2026-01-28 10:15:00+00:00,0.037880000000000004
2026-01-28 10:30:00+00:00,0.12103
2026-01-28 10:45:00+00:00,-0.07984000000000001
2026-01-28 11:00:00+00:00,0.106
2026-01-28 11:15:00+00:00,0.0887
2026-01-28 11:30:00+00:00,0.13726
2026-01-28 11:45:00+00:00,0.08674
2026-01-28 12:00:00+00:00,0.08712
2026-01-28 12:15:00+00:00,0.10298
2026-01-28 12:30:00+00:00,0.08892
2026-01-28 12:45:00+00:00,0.05818
2026-01-28 13:00:00+00:00,0.10068
2026-01-28 13:15:00+00:00,0.08136
2026-01-28 13:30:00+00:00,0.08427
2026-01-28 13:45:00+00:00,0.08431999999999999
2026-01-28 14:00:00+00:00,0.09654
2026-01-28 14:15:00+00:00,0.08347
2026-01-28 14:30:00+00:00,0.07593000000000001
2026-01-28 14:45:00+00:00,0.08451
2026-01-28 15:00:00+00:00,0.07529999999999999
2026-01-28 15:15:00+00:00,0.09417
2026-01-28 15:30:00+00:00,0.06884
2026-01-28 15:45:00+00:00,0.06779
2026-01-28 16:00:00+00:00,0.07915000000000001
2026-01-28 16:15:00+00:00,0.09258
2026-01-28 16:30:00+00:00,0.09484000000000001
2026-01-28 16:45:00+00:00,0.09788
2026-01-28 17:00:00+00:00,0.087
2026-01-28 17:15:00+00:00,0.11117
2026-01-28 17:30:00+00:00,0.10171
2026-01-28 17:45:00+00:00,0.09498000000000001
2026-01-28 18:00:00+00:00,0.8589199999999999
2026-01-28 18:15:00+00:00,0.09093000000000001
2026-01-28 18:30:00+00:00,0.07892
2026-01-28 18:45:00+00:00,0.06523999999999999
2026-01-28 19:00:00+00:00,0.08268
2026-01-28 19:15:00+00:00,0.05946
2026-01-28 19:30:00+00:00,0.01455
2026-01-28 19:45:00+00:00,0.06443
2026-01-28 20:00:00+00:00,-1.01494
2026-01-28 20:15:00+00:00,0.08367000000000001
2026-01-28 20:30:00+00:00,0.07893
2026-01-28 20:45:00+00:00,0.07255
2026-01-28 21:00:00+00:00,-1.74355
2026-01-28 21:15:00+00:00,0.08562
2026-01-28 21:30:00+00:00,0.09328
2026-01-28 21:45:00+00:00,-0.00218
2026-01-28 22:00:00+00:00,-0.00239
2026-01-28 22:15:00+00:00,0.05181
2026-01-28 22:30:00+00:00,0.00471
2026-01-28 22:45:00+00:00,0.08394
2026-01-28 23:00:00+00:00,0.07895
2026-01-28 23:15:00+00:00,0.10476
2026-01-28 23:30:00+00:00,0.08938
2026-01-28 23:45:00+00:00,0.08352
2026-01-29 00:00:00+00:00,0.09774
2026-01-29 00:15:00+00:00,0.09289
2026-01-29 00:30:00+00:00,0.12766
2026-01-29 00:45:00+00:00,0.06813
2026-01-29 01:00:00+00:00,0.07046
2026-01-29 01:15:00+00:00,0.08725
2026-01-29 01:30:00+00:00,0.10223
2026-01-29 01:45:00+00:00,0.08666
2026-01-29 02:00:00+00:00,0.07177
2026-01-29 02:15:00+00:00,0.07273
2026-01-29 02:30:00+00:00,0.032369999999999996
2026-01-29 02:45:00+00:00,0.0761
2026-01-29 03:00:00+00:00,0.14593
2026-01-29 03:15:00+00:00,0.09115999999999999
2026-01-29 03:30:00+00:00,0.09342
2026-01-29 03:45:00+00:00,0.07919
2026-01-29 04:00:00+00:00,0.09067
2026-01-29 04:15:00+00:00,0.24697999999999998
2026-01-29 04:30:00+00:00,0.07521
2026-01-29 04:45:00+00:00,0.08431999999999999
2026-01-29 05:00:00+00:00,0.09727
2026-01-29 05:15:00+00:00,0.09071
2026-01-29 05:30:00+00:00,0.08987
2026-01-29 05:45:00+00:00,0.05937
2026-01-29 06:00:00+00:00,0.09458
2026-01-29 06:15:00+00:00,0.13829
2026-01-29 06:30:00+00:00,0.11031
2026-01-29 06:45:00+00:00,0.09720999999999999
2026-01-29 07:00:00+00:00,0.11201
2026-01-29 07:15:00+00:00,0.08868000000000001
2026-01-29 07:30:00+00:00,0.10031999999999999
2026-01-29 07:45:00+00:00,0.10686
2026-01-29 08:00:00+00:00,0.10615999999999999
2026-01-29 08:15:00+00:00,0.11589
2026-01-29 08:30:00+00:00,0.11048999999999999
2026-01-29 08:45:00+00:00,0.10417
2026-01-29 09:00:00+00:00,0.11506999999999999
2026-01-29 09:15:00+00:00,0.10531
2026-01-29 09:30:00+00:00,0.09559999999999999
2026-01-29 09:45:00+00:00,0.19140000000000001
2026-01-29 10:00:00+00:00,0.16312000000000001
2026-01-29 10:15:00+00:00,0.0889
2026-01-29 10:30:00+00:00,0.1156
2026-01-29 10:45:00+00:00,0.09251999999999999
2026-01-29 11:00:00+00:00,0.0947
2026-01-29 11:15:00+00:00,0.10609
2026-01-29 11:30:00+00:00,0.11481999999999999
2026-01-29 11:45:00+00:00,0.09548999999999999
2026-01-29 12:00:00+00:00,0.11333
2026-01-29 12:15:00+00:00,0.12002
2026-01-29 12:30:00+00:00,0.13857
2026-01-29 12:45:00+00:00,0.08151
2026-01-29 13:00:00+00:00,0.05119
2026-01-29 13:15:00+00:00,0.18377000000000002
2026-01-29 13:30:00+00:00,0.10373
2026-01-29 13:45:00+00:00,0.10206
2026-01-29 14:00:00+00:00,0.07665000000000001
2026-01-29 14:15:00+00:00,0.10851000000000001
2026-01-29 14:30:00+00:00,0.16771
2026-01-29 14:45:00+00:00,0.08268
2026-01-29 15:00:00+00:00,0.07770999999999999
2026-01-29 15:15:00+00:00,0.10012
2026-01-29 15:30:00+00:00,0.06545000000000001
2026-01-29 15:45:00+00:00,0.09384999999999999
2026-01-29 16:00:00+00:00,0.08198
2026-01-29 16:15:00+00:00,0.055600000000000004
2026-01-29 16:30:00+00:00,0.10312
2026-01-29 16:45:00+00:00,0.09085
2026-01-29 17:00:00+00:00,0.21323
2026-01-29 17:15:00+00:00,-1.21394
2026-01-29 17:30:00+00:00,0.06806999999999999
2026-01-29 17:45:00+00:00,0.09778
2026-01-29 18:00:00+00:00,0.08576
2026-01-29 18:15:00+00:00,0.06376
2026-01-29 18:30:00+00:00,0.10853
2026-01-29 18:45:00+00:00,0.08188
2026-01-29 19:00:00+00:00,0.11384999999999999
2026-01-29 19:15:00+00:00,0.08226
2026-01-29 19:30:00+00:00,0.08169
2026-01-29 19:45:00+00:00,0.06124
2026-01-29 20:00:00+00:00,0.10295
2026-01-29 20:15:00+00:00,0.09479000000000001
2026-01-29 20:30:00+00:00,0.08874
2026-01-29 20:45:00+00:00,2.0324400000000002
2026-01-29 21:00:00+00:00,0.09773
2026-01-29 21:15:00+00:00,0.15385
2026-01-29 21:30:00+00:00,0.060840000000000005
2026-01-29 21:45:00+00:00,0.07761
2026-01-29 22:00:00+00:00,-0.8132
2026-01-29 22:15:00+00:00,0.18821000000000002
2026-01-29 22:30:00+00:00,0.09079000000000001
2026-01-29 22:45:00+00:00,0.10186
2026-01-29 23:00:00+00:00,0.07042
2026-01-29 23:15:00+00:00,-0.05595
2026-01-29 23:30:00+00:00,0.10047
2026-01-29 23:45:00+00:00,0.12101
2026-01-30 00:00:00+00:00,0.16021000000000002
2026-01-30 00:15:00+00:00,0.09148
2026-01-30 00:30:00+00:00,0.09103
2026-01-30 00:45:00+00:00,0.09706999999999999
2026-01-30 01:00:00+00:00,0.20108
2026-01-30 01:15:00+00:00,0.10011
2026-01-30 01:30:00+00:00,0.15168
2026-01-30 01:45:00+00:00,0.09376999999999999
2026-01-30 02:00:00+00:00,0.08766
2026-01-30 02:15:00+00:00,0.11059999999999999
2026-01-30 02:30:00+00:00,0.19259
2026-01-30 02:45:00+00:00,0.24378
2026-01-30 03:00:00+00:00,0.21321
2026-01-30 03:15:00+00:00,0.09383
2026-01-30 03:30:00+00:00,0.09542
2026-01-30 03:45:00+00:00,0.18303
2026-01-30 04:00:00+00:00,0.21547999999999998
2026-01-30 04:15:00+00:00,0.10626000000000001
2026-01-30 04:30:00+00:00,0.09612000000000001
2026-01-30 04:45:00+00:00,0.14694
2026-01-30 05:00:00+00:00,0.08532
2026-01-30 05:15:00+00:00,0.15247999999999998
2026-01-30 05:30:00+00:00,0.12425
2026-01-30 05:45:00+00:00,0.11531999999999999
2026-01-30 06:00:00+00:00,0.20034
2026-01-30 06:15:00+00:00,0.10909999999999999
2026-01-30 06:30:00+00:00,0.17790999999999998
2026-01-30 06:45:00+00:00,0.11298
2026-01-30 07:00:00+00:00,0.13763999999999998
2026-01-30 07:15:00+00:00,0.12952000000000002
2026-01-30 07:30:00+00:00,0.17438
2026-01-30 07:45:00+00:00,0.13802
2026-01-30 08:00:00+00:00,0.14148
2026-01-30 08:15:00+00:00,0.10753
2026-01-30 08:30:00+00:00,0.19482
2026-01-30 08:45:00+00:00,0.11968999999999999
2026-01-30 09:00:00+00:00,0.13662
2026-01-30 09:15:00+00:00,0.11477
2026-01-30 09:30:00+00:00,0.10529999999999999
2026-01-30 09:45:00+00:00,0.11738
2026-01-30 10:00:00+00:00,0.10989
2026-01-30 10:15:00+00:00,0.11892
2026-01-30 10:30:00+00:00,0.11009999999999999
2026-01-30 10:45:00+00:00,0.14509
2026-01-30 11:00:00+00:00,0.14608000000000002
2026-01-30 11:15:00+00:00,0.12461
2026-01-30 11:30:00+00:00,0.11225
2026-01-30 11:45:00+00:00,0.13383
2026-01-30 12:00:00+00:00,0.0999
2026-01-30 12:15:00+00:00,0.25459
2026-01-30 12:30:00+00:00,2.04305
2026-01-30 12:45:00+00:00,0.08284
2026-01-30 13:00:00+00:00,0.09799
2026-01-30 13:15:00+00:00,0.11276
2026-01-30 13:30:00+00:00,0.09445999999999999
2026-01-30 13:45:00+00:00,0.09347
2026-01-30 14:00:00+00:00,0.11387
2026-01-30 14:15:00+00:00,0.09233
2026-01-30 14:30:00+00:00,0.09627
2026-01-30 14:45:00+00:00,0.16341999999999998
2026-01-30 15:00:00+00:00,0.09573000000000001
2026-01-30 15:15:00+00:00,0.10587
2026-01-30 15:30:00+00:00,0.09453
2026-01-30 15:45:00+00:00,0.10834999999999999
2026-01-30 16:00:00+00:00,0.81255
2026-01-30 16:15:00+00:00,0.11338
2026-01-30 16:30:00+00:00,0.10674
2026-01-30 16:45:00+00:00,0.11137000000000001
2026-01-30 17:00:00+00:00,0.10269
2026-01-30 17:15:00+00:00,0.13088
2026-01-30 17:30:00+00:00,0.10006999999999999
2026-01-30 17:45:00+00:00,0.21832
2026-01-30 18:00:00+00:00,0.09543
2026-01-30 18:15:00+00:00,0.13132
2026-01-30 18:30:00+00:00,0.0938
2026-01-30 18:45:00+00:00,0.08751
2026-01-30 19:00:00+00:00,0.13456
2026-01-30 19:15:00+00:00,0.11295999999999999
2026-01-30 19:30:00+00:00,0.09256
2026-01-30 19:45:00+00:00,0.10334
2026-01-30 20:00:00+00:00,0.08464
2026-01-30 20:15:00+00:00,0.12248
2026-01-30 20:30:00+00:00,0.09201000000000001
2026-01-30 20:45:00+00:00,0.08272
2026-01-30 21:00:00+00:00,0.11522
2026-01-30 21:15:00+00:00,0.08367000000000001
2026-01-30 21:30:00+00:00,0.07424
2026-01-30 21:45:00+00:00,0.10389
2026-01-30 22:00:00+00:00,0.08365
2026-01-30 22:15:00+00:00,0.0892
2026-01-30 22:30:00+00:00,0.08325
2026-01-30 22:45:00+00:00,0.16393000000000002
2026-01-30 23:00:00+00:00,0.14024
2026-01-30 23:15:00+00:00,0.11020999999999999
2026-01-30 23:30:00+00:00,0.09906999999999999
2026-01-30 23:45:00+00:00,0.10412
2026-01-31 00:00:00+00:00,0.11337
2026-01-31 00:15:00+00:00,0.09987
2026-01-31 00:30:00+00:00,0.11581999999999999
2026-01-31 00:45:00+00:00,0.10567
2026-01-31 01:00:00+00:00,0.10614
2026-01-31 01:15:00+00:00,0.10165
2026-01-31 01:30:00+00:00,0.09398000000000001
2026-01-31 01:45:00+00:00,0.11175
2026-01-31 02:00:00+00:00,0.10865000000000001
2026-01-31 02:15:00+00:00,0.11195999999999999
2026-01-31 02:30:00+00:00,0.10649
2026-01-31 02:45:00+00:00,0.10193
2026-01-31 03:00:00+00:00,0.09942000000000001
2026-01-31 03:15:00+00:00,0.1479
2026-01-31 03:30:00+00:00,0.10369
2026-01-31 03:45:00+00:00,0.12924000000000002
2026-01-31 04:00:00+00:00,0.09826
2026-01-31 04:15:00+00:00,0.10371999999999999
2026-01-31 04:30:00+00:00,0.11134000000000001
2026-01-31 04:45:00+00:00,0.13901
2026-01-31 05:00:00+00:00,0.10428
2026-01-31 05:15:00+00:00,0.10389
2026-01-31 05:30:00+00:00,0.09334999999999999
2026-01-31 05:45:00+00:00,0.11226
2026-01-31 06:00:00+00:00,0.11422
2026-01-31 06:15:00+00:00,0.09608
2026-01-31 06:30:00+00:00,0.08926
2026-01-31 06:45:00+00:00,0.09401000000000001
2026-01-31 07:00:00+00:00,0.09251000000000001
2026-01-31 07:15:00+00:00,0.08493
2026-01-31 07:30:00+00:00,0.1186
2026-01-31 07:45:00+00:00,0.09409000000000001
2026-01-31 08:00:00+00:00,0.079
2026-01-31 08:15:00+00:00,0.09443
2026-01-31 08:30:00+00:00,0.08503
2026-01-31 08:45:00+00:00,0.09993
2026-01-31 09:00:00+00:00,0.10422
2026-01-31 09:15:00+00:00,0.10324
2026-01-31 09:30:00+00:00,0.08645
2026-01-31 09:45:00+00:00,0.0888
2026-01-31 10:00:00+00:00,0.10425
2026-01-31 10:15:00+00:00,0.16038999999999998
2026-01-31 10:30:00+00:00,0.11639000000000001
2026-01-31 10:45:00+00:00,0.10784
2026-01-31 11:00:00+00:00,0.10454000000000001
2026-01-31 11:15:00+00:00,0.1178
2026-01-31 11:30:00+00:00,0.11433
2026-01-31 11:45:00+00:00,0.17828
2026-01-31 12:00:00+00:00,0.045700000000000005
2026-01-31 12:15:00+00:00,0.09683
2026-01-31 12:30:00+00:00,0.10933
2026-01-31 12:45:00+00:00,0.13545
2026-01-31 13:00:00+00:00,0.09993
2026-01-31 13:15:00+00:00,0.09473999999999999
2026-01-31 13:30:00+00:00,0.15769
2026-01-31 13:45:00+00:00,0.10603
2026-01-31 14:00:00+00:00,0.09978000000000001
2026-01-31 14:15:00+00:00,0.10786
2026-01-31 14:30:00+00:00,0.09543
2026-01-31 14:45:00+00:00,0.0965
2026-01-31 15:00:00+00:00,0.16463999999999998
2026-01-31 15:15:00+00:00,0.09618
2026-01-31 15:30:00+00:00,0.13409000000000001
2026-01-31 15:45:00+00:00,0.09719
2026-01-31 16:00:00+00:00,0.11231999999999999
2026-01-31 16:15:00+00:00,0.10308
2026-01-31 16:30:00+00:00,0.11069
2026-01-31 16:45:00+00:00,0.11092
2026-01-31 17:00:00+00:00,0.11066
2026-01-31 17:15:00+00:00,0.11962
2026-01-31 17:30:00+00:00,0.11503000000000001
2026-01-31 17:45:00+00:00,0.23431
2026-01-31 18:00:00+00:00,0.11818000000000001
2026-01-31 18:15:00+00:00,0.11070999999999999
2026-01-31 18:30:00+00:00,0.097
2026-01-31 18:45:00+00:00,0.09101000000000001
2026-01-31 19:00:00+00:00,0.10664
2026-01-31 19:15:00+00:00,0.10533
2026-01-31 19:30:00+00:00,0.10771
2026-01-31 19:45:00+00:00,0.10262
2026-01-31 20:00:00+00:00,0.10583
2026-01-31 20:15:00+00:00,0.09901
2026-01-31 20:30:00+00:00,0.10432999999999999
2026-01-31 20:45:00+00:00,0.11012000000000001
2026-01-31 21:00:00+00:00,0.11598
2026-01-31 21:15:00+00:00,0.11064
2026-01-31 21:30:00+00:00,0.09498000000000001
2026-01-31 21:45:00+00:00,0.1102
2026-01-31 22:00:00+00:00,0.11036
2026-01-31 22:15:00+00:00,0.09132
2026-01-31 22:30:00+00:00,0.08551
2026-01-31 22:45:00+00:00,0.08679
2026-01-31 23:00:00+00:00,0.09559000000000001
2026-01-31 23:15:00+00:00,0.047659999999999994
2026-01-31 23:30:00+00:00,0.06616
2026-01-31 23:45:00+00:00,0.07606
2026-02-01 00:00:00+00:00,0.08978
2026-02-01 00:15:00+00:00,0.06434000000000001
2026-02-01 00:30:00+00:00,0.0517
2026-02-01 00:45:00+00:00,0.04814
2026-02-01 01:00:00+00:00,0.09798
2026-02-01 01:15:00+00:00,0.04432
2026-02-01 01:30:00+00:00,0.06406
2026-02-01 01:45:00+00:00,0.039060000000000004
2026-02-01 02:00:00+00:00,0.08303
2026-02-01 02:15:00+00:00,0.07164
2026-02-01 02:30:00+00:00,0.05102
2026-02-01 02:45:00+00:00,0.07573
2026-02-01 03:00:00+00:00,0.07994
2026-02-01 03:15:00+00:00,0.05053
2026-02-01 03:30:00+00:00,0.05565
2026-02-01 03:45:00+00:00,0.04899
2026-02-01 04:00:00+00:00,0.08583
2026-02-01 04:15:00+00:00,0.05889
2026-02-01 04:30:00+00:00,0.07509
2026-02-01 04:45:00+00:00,0.05577
2026-02-01 05:00:00+00:00,0.08535
2026-02-01 05:15:00+00:00,0.05892
2026-02-01 05:30:00+00:00,0.06397
2026-02-01 05:45:00+00:00,0.05597
2026-02-01 06:00:00+00:00,0.08109999999999999
2026-02-01 06:15:00+00:00,0.05917
2026-02-01 06:30:00+00:00,0.051789999999999996
2026-02-01 06:45:00+00:00,0.07231
2026-02-01 07:00:00+00:00,0.07468000000000001
2026-02-01 07:15:00+00:00,0.05324
2026-02-01 07:30:00+00:00,0.05583
2026-02-01 07:45:00+00:00,0.05472
2026-02-01 08:00:00+00:00,0.08201
2026-02-01 08:15:00+00:00,0.0465
2026-02-01 08:30:00+00:00,0.04893
2026-02-01 08:45:00+00:00,0.05638
2026-02-01 09:00:00+00:00,0.09837
2026-02-01 09:15:00+00:00,0.0843
2026-02-01 09:30:00+00:00,0.06193
2026-02-01 09:45:00+00:00,0.040159999999999994
2026-02-01 10:00:00+00:00,0.09440000000000001
2026-02-01 10:15:00+00:00,0.05799
2026-02-01 10:30:00+00:00,0.048369999999999996
2026-02-01 10:45:00+00:00,0.04316
2026-02-01 11:00:00+00:00,0.0906
2026-02-01 11:15:00+00:00,0.02945
2026-02-01 11:30:00+00:00,0.05178
2026-02-01 11:45:00+00:00,0.05421
2026-02-01 12:00:00+00:00,0.08136
2026-02-01 12:15:00+00:00,0.04077
2026-02-01 12:30:00+00:00,0.05688
2026-02-01 12:45:00+00:00,0.05332
2026-02-01 13:00:00+00:00,0.08954999999999999
2026-02-01 13:15:00+00:00,0.0591
2026-02-01 13:30:00+00:00,0.06121
2026-02-01 13:45:00+00:00,0.07718000000000001
2026-02-01 14:00:00+00:00,0.0873
2026-02-01 14:15:00+00:00,0.06904
2026-02-01 14:30:00+00:00,0.05881
2026-02-01 14:45:00+00:00,0.056420000000000005
2026-02-01 15:00:00+00:00,0.09356
2026-02-01 15:15:00+00:00,0.054299999999999994
2026-02-01 15:30:00+00:00,0.061149999999999996
2026-02-01 15:45:00+00:00,0.05821
2026-02-01 16:00:00+00:00,0.10853
2026-02-01 16:15:00+00:00,0.07414
2026-02-01 16:30:00+00:00,0.057460000000000004
2026-02-01 16:45:00+00:00,0.06168
2026-02-01 17:00:00+00:00,0.09655
2026-02-01 17:15:00+00:00,0.07704000000000001
2026-02-01 17:30:00+00:00,0.07448
2026-02-01 17:45:00+00:00,0.06168
2026-02-01 18:00:00+00:00,0.09648000000000001
2026-02-01 18:15:00+00:00,0.06259
2026-02-01 18:30:00+00:00,0.06715
2026-02-01 18:45:00+00:00,0.06011
2026-02-01 19:00:00+00:00,0.21539
2026-02-01 19:15:00+00:00,0.10773999999999999
2026-02-01 19:30:00+00:00,0.06589
2026-02-01 19:45:00+00:00,0.03878
2026-02-01 20:00:00+00:00,0.09162000000000001
2026-02-01 20:15:00+00:00,0.060649999999999996
2026-02-01 20:30:00+00:00,0.0603
2026-02-01 20:45:00+00:00,0.04237
2026-02-01 21:00:00+00:00,0.09122
2026-02-01 21:15:00+00:00,0.07208
2026-02-01 21:30:00+00:00,0.07701000000000001
2026-02-01 21:45:00+00:00,0.06106
2026-02-01 22:00:00+00:00,0.07931
2026-02-01 22:15:00+00:00,0.06604
2026-02-01 22:30:00+00:00,0.06309000000000001
2026-02-01 22:45:00+00:00,0.04115
2026-02-01 23:00:00+00:00,0.08506999999999999
2026-02-01 23:15:00+00:00,0.06981
2026-02-01 23:30:00+00:00,0.032299999999999995
2026-02-01 23:45:00+00:00,0.05244
2026-02-02 00:00:00+00:00,0.07479999999999999
2026-02-02 00:15:00+00:00,0.04029
2026-02-02 00:30:00+00:00,0.04564
2026-02-02 00:45:00+00:00,0.0673
2026-02-02 01:00:00+00:00,0.07747
2026-02-02 01:15:00+00:00,0.07465000000000001
2026-02-02 01:30:00+00:00,0.05006
2026-02-02 01:45:00+00:00,0.06927
2026-02-02 02:00:00+00:00,0.07582
2026-02-02 02:15:00+00:00,0.06564
2026-02-02 02:30:00+00:00,0.060759999999999995
2026-02-02 02:45:00+00:00,0.06570999999999999
2026-02-02 03:00:00+00:00,0.08988
2026-02-02 03:15:00+00:00,0.053759999999999995
2026-02-02 03:30:00+00:00,0.06731000000000001
2026-02-02 03:45:00+00:00,0.056350000000000004
2026-02-02 04:00:00+00:00,0.08859
2026-02-02 04:15:00+00:00,0.04979
2026-02-02 04:30:00+00:00,0.06537000000000001
2026-02-02 04:45:00+00:00,0.07178
2026-02-02 05:00:00+00:00,0.06767000000000001
2026-02-02 05:15:00+00:00,0.05231
2026-02-02 05:30:00+00:00,0.07981
2026-02-02 05:45:00+00:00,0.05974
2026-02-02 06:00:00+00:00,0.07629999999999999
2026-02-02 06:15:00+00:00,0.07318000000000001
2026-02-02 06:30:00+00:00,0.07872
2026-02-02 06:45:00+00:00,0.07091
2026-02-02 07:00:00+00:00,0.08807999999999999
2026-02-02 07:15:00+00:00,0.06255
2026-02-02 07:30:00+00:00,0.052289999999999996
2026-02-02 07:45:00+00:00,0.06598000000000001
2026-02-02 08:00:00+00:00,0.09126999999999999
2026-02-02 08:15:00+00:00,0.07459
2026-02-02 08:30:00+00:00,-0.00959
2026-02-02 08:45:00+00:00,0.03083
2026-02-02 09:00:00+00:00,0.07619
2026-02-02 09:15:00+00:00,0.07848000000000001
2026-02-02 09:30:00+00:00,0.09164
2026-02-02 09:45:00+00:00,-2.36184
2026-02-02 10:00:00+00:00,0.0819
2026-02-02 10:15:00+00:00,0.06869
2026-02-02 10:30:00+00:00,0.0845
2026-02-02 10:45:00+00:00,0.08299
2026-02-02 11:00:00+00:00,0.08846
2026-02-02 11:15:00+00:00,-0.83925
2026-02-02 11:30:00+00:00,0.12825
2026-02-02 11:45:00+00:00,0.11623
2026-02-02 12:00:00+00:00,0.09473999999999999
2026-02-02 12:15:00+00:00,0.08116
2026-02-02 12:30:00+00:00,0.09634000000000001
2026-02-02 12:45:00+00:00,0.09847
2026-02-02 13:00:00+00:00,0.09201999999999999
2026-02-02 13:15:00+00:00,0.0765
2026-02-02 13:30:00+00:00,-0.6085499999999999
2026-02-02 13:45:00+00:00,0.07582
2026-02-02 14:00:00+00:00,0.21417
2026-02-02 14:15:00+00:00,0.09035
2026-02-02 14:30:00+00:00,0.09212999999999999
2026-02-02 14:45:00+00:00,0.08708
2026-02-02 15:00:00+00:00,0.19586
2026-02-02 15:15:00+00:00,0.08871
2026-02-02 15:30:00+00:00,0.09273999999999999
2026-02-02 15:45:00+00:00,0.10805
2026-02-02 16:00:00+00:00,0.10513
2026-02-02 16:15:00+00:00,0.08779
2026-02-02 16:30:00+00:00,0.10746
2026-02-02 16:45:00+00:00,0.10053
2026-02-02 17:00:00+00:00,0.11932999999999999
2026-02-02 17:15:00+00:00,0.09405
2026-02-02 17:30:00+00:00,0.09924
2026-02-02 17:45:00+00:00,0.09448000000000001
2026-02-02 18:00:00+00:00,0.08252
2026-02-02 18:15:00+00:00,0.07791
2026-02-02 18:30:00+00:00,0.07959000000000001
2026-02-02 18:45:00+00:00,0.08715
2026-02-02 19:00:00+00:00,0.06895
2026-02-02 19:15:00+00:00,0.07784
2026-02-02 19:30:00+00:00,0.09523999999999999
2026-02-02 19:45:00+00:00,0.21925
2026-02-02 20:00:00+00:00,0.1014
2026-02-02 20:15:00+00:00,0.08745
2026-02-02 20:30:00+00:00,0.08872
2026-02-02 20:45:00+00:00,0.08886
2026-02-02 21:00:00+00:00,0.08655
2026-02-02 21:15:00+00:00,0.08779
2026-02-02 21:30:00+00:00,0.28763
2026-02-02 21:45:00+00:00,0.2496
2026-02-02 22:00:00+00:00,0.21972
2026-02-02 22:15:00+00:00,0.22818
2026-02-02 22:30:00+00:00,0.07936
2026-02-02 22:45:00+00:00,0.07329000000000001
2026-02-02 23:00:00+00:00,0.09565
2026-02-02 23:15:00+00:00,0.09269
2026-02-02 23:30:00+00:00,0.08456999999999999
2026-02-02 23:45:00+00:00,0.07956999999999999
2026-02-03 00:00:00+00:00,0.09426999999999999
2026-02-03 00:15:00+00:00,0.08243
2026-02-03 00:30:00+00:00,0.07964
2026-02-03 00:45:00+00:00,0.08181999999999999
2026-02-03 01:00:00+00:00,0.09467
2026-02-03 01:15:00+00:00,0.062130000000000005
2026-02-03 01:30:00+00:00,0.08885
2026-02-03 01:45:00+00:00,0.09724
2026-02-03 02:00:00+00:00,0.09367
2026-02-03 02:15:00+00:00,0.09451999999999999
2026-02-03 02:30:00+00:00,0.08022
2026-02-03 02:45:00+00:00,0.07390000000000001
2026-02-03 03:00:00+00:00,0.09434000000000001
2026-02-03 03:15:00+00:00,0.08214
2026-02-03 03:30:00+00:00,0.08799
2026-02-03 03:45:00+00:00,0.10218
2026-02-03 04:00:00+00:00,0.07708
2026-02-03 04:15:00+00:00,0.06856
2026-02-03 04:30:00+00:00,0.07978
2026-02-03 04:45:00+00:00,0.10191
2026-02-03 05:00:00+00:00,0.0874
2026-02-03 05:15:00+00:00,0.08434
2026-02-03 05:30:00+00:00,0.08406999999999999
2026-02-03 05:45:00+00:00,0.11884
2026-02-03 06:00:00+00:00,0.09099
2026-02-03 06:15:00+00:00,0.08675
2026-02-03 06:30:00+00:00,0.08846
2026-02-03 06:45:00+00:00,0.07772
2026-02-03 07:00:00+00:00,0.07966
2026-02-03 07:15:00+00:00,0.09903
2026-02-03 07:30:00+00:00,0.06826
2026-02-03 07:45:00+00:00,0.09426999999999999
2026-02-03 08:00:00+00:00,0.09359
2026-02-03 08:15:00+00:00,0.09902
2026-02-03 08:30:00+00:00,0.09927
2026-02-03 08:45:00+00:00,0.09248
2026-02-03 09:00:00+00:00,0.08005
2026-02-03 09:15:00+00:00,0.0935
2026-02-03 09:30:00+00:00,0.08642
2026-02-03 09:45:00+00:00,0.12232
2026-02-03 10:00:00+00:00,0.07373
2026-02-03 10:15:00+00:00,0.039520000000000007
2026-02-03 10:30:00+00:00,0.13915
2026-02-03 10:45:00+00:00,0.0538
2026-02-03 11:00:00+00:00,0.07331
2026-02-03 11:15:00+00:00,0.0706
2026-02-03 11:30:00+00:00,0.07209
2026-02-03 11:45:00+00:00,0.07833
2026-02-03 12:00:00+00:00,0.06367
2026-02-03 12:15:00+00:00,0.12733
2026-02-03 12:30:00+00:00,0.0925
2026-02-03 12:45:00+00:00,0.11892
2026-02-03 13:00:00+00:00,0.09639
2026-02-03 13:15:00+00:00,0.08061
2026-02-03 13:30:00+00:00,0.10428
2026-02-03 13:45:00+00:00,0.09823
2026-02-03 14:00:00+00:00,0.09187000000000001
2026-02-03 14:15:00+00:00,0.10464
2026-02-03 14:30:00+00:00,0.08847
2026-02-03 14:45:00+00:00,0.05783
2026-02-03 15:00:00+00:00,0.06456
2026-02-03 15:15:00+00:00,0.06733
2026-02-03 15:30:00+00:00,0.08997
2026-02-03 15:45:00+00:00,0.08020000000000001
2026-02-03 16:00:00+00:00,0.09071
2026-02-03 16:15:00+00:00,0.10531
2026-02-03 16:30:00+00:00,0.11431999999999999
2026-02-03 16:45:00+00:00,0.6356900000000001
2026-02-03 17:00:00+00:00,0.08535
2026-02-03 17:15:00+00:00,0.10621
2026-02-03 17:30:00+00:00,0.0697
2026-02-03 17:45:00+00:00,0.06306
2026-02-03 18:00:00+00:00,0.09448000000000001
2026-02-03 18:15:00+00:00,0.16136
2026-02-03 18:30:00+00:00,0.11158
2026-02-03 18:45:00+00:00,0.08405
2026-02-03 19:00:00+00:00,0.10573
2026-02-03 19:15:00+00:00,0.09759999999999999
2026-02-03 19:30:00+00:00,0.09556
2026-02-03 19:45:00+00:00,0.08928
2026-02-03 20:00:00+00:00,0.08283
2026-02-03 20:15:00+00:00,0.09503
2026-02-03 20:30:00+00:00,0.08077
2026-02-03 20:45:00+00:00,0.08549
2026-02-03 21:00:00+00:00,0.0887
2026-02-03 21:15:00+00:00,0.08795
2026-02-03 21:30:00+00:00,0.08569
2026-02-03 21:45:00+00:00,0.09209999999999999
2026-02-03 22:00:00+00:00,0.09654
2026-02-03 22:15:00+00:00,0.09765
2026-02-03 22:30:00+00:00,0.09570000000000001
2026-02-03 22:45:00+00:00,0.09068000000000001
2026-02-03 23:00:00+00:00,0.12465999999999999
2026-02-03 23:15:00+00:00,0.09185
2026-02-03 23:30:00+00:00,0.06889
2026-02-03 23:45:00+00:00,0.04381
2026-02-04 00:00:00+00:00,0.10327
2026-02-04 00:15:00+00:00,0.09301000000000001
2026-02-04 00:30:00+00:00,0.11208
2026-02-04 00:45:00+00:00,0.07876999999999999
2026-02-04 01:00:00+00:00,0.10256
2026-02-04 01:15:00+00:00,0.09733
2026-02-04 01:30:00+00:00,0.08443
2026-02-04 01:45:00+00:00,0.08945
2026-02-04 02:00:00+00:00,0.07834
2026-02-04 02:15:00+00:00,0.10014
2026-02-04 02:30:00+00:00,0.09040000000000001
2026-02-04 02:45:00+00:00,0.08262
2026-02-04 03:00:00+00:00,0.0793
2026-02-04 03:15:00+00:00,0.07112
2026-02-04 03:30:00+00:00,0.09104999999999999
2026-02-04 03:45:00+00:00,0.09506999999999999
2026-02-04 04:00:00+00:00,0.09417
2026-02-04 04:15:00+00:00,0.07923999999999999
2026-02-04 04:30:00+00:00,0.09718
2026-02-04 04:45:00+00:00,0.09614
2026-02-04 05:00:00+00:00,0.10823999999999999
2026-02-04 05:15:00+00:00,0.09354000000000001
2026-02-04 05:30:00+00:00,0.09156
2026-02-04 05:45:00+00:00,0.08111
2026-02-04 06:00:00+00:00,0.09175
2026-02-04 06:15:00+00:00,0.10194
2026-02-04 06:30:00+00:00,0.10737000000000001
2026-02-04 06:45:00+00:00,0.10074
2026-02-04 07:00:00+00:00,0.10432999999999999
2026-02-04 07:15:00+00:00,0.10046
2026-02-04 07:30:00+00:00,0.17837999999999998
2026-02-04 07:45:00+00:00,0.07937000000000001
2026-02-04 08:00:00+00:00,0.09340999999999999
2026-02-04 08:15:00+00:00,0.0767
2026-02-04 08:30:00+00:00,0.07282
2026-02-04 08:45:00+00:00,0.06509000000000001
2026-02-04 09:00:00+00:00,0.08917
2026-02-04 09:15:00+00:00,0.09836
2026-02-04 09:30:00+00:00,0.08469
2026-02-04 09:45:00+00:00,0.09147
2026-02-04 10:00:00+00:00,0.05902
2026-02-04 10:15:00+00:00,0.053
2026-02-04 10:30:00+00:00,0.06879
2026-02-04 10:45:00+00:00,0.06322
2026-02-04 11:00:00+00:00,0.06672
2026-02-04 11:15:00+00:00,-0.20096
2026-02-04 11:30:00+00:00,0.08065
2026-02-04 11:45:00+00:00,0.10864
2026-02-04 12:00:00+00:00,0.07067
2026-02-04 12:15:00+00:00,0.08294
2026-02-04 12:30:00+00:00,0.07069
2026-02-04 12:45:00+00:00,0.08092
2026-02-04 13:00:00+00:00,0.08811
2026-02-04 13:15:00+00:00,0.07254000000000001
2026-02-04 13:30:00+00:00,0.07862000000000001
2026-02-04 13:45:00+00:00,0.06803000000000001
2026-02-04 14:00:00+00:00,0.08276
2026-02-04 14:15:00+00:00,0.08349
2026-02-04 14:30:00+00:00,0.18009999999999998
2026-02-04 14:45:00+00:00,0.06873
2026-02-04 15:00:00+00:00,0.08951
2026-02-04 15:15:00+00:00,0.06434000000000001
2026-02-04 15:30:00+00:00,0.08936
2026-02-04 15:45:00+00:00,0.07664
2026-02-04 16:00:00+00:00,0.08741
2026-02-04 16:15:00+00:00,0.09290999999999999
2026-02-04 16:30:00+00:00,0.07576000000000001
2026-02-04 16:45:00+00:00,0.08899
2026-02-04 17:00:00+00:00,0.08119
2026-02-04 17:15:00+00:00,0.09412000000000001
2026-02-04 17:30:00+00:00,0.09812
2026-02-04 17:45:00+00:00,0.09714
2026-02-04 18:00:00+00:00,0.02817
2026-02-04 18:15:00+00:00,0.09198
2026-02-04 18:30:00+00:00,0.08031
2026-02-04 18:45:00+00:00,0.07103
2026-02-04 19:00:00+00:00,0.09208
2026-02-04 19:15:00+00:00,0.08758
2026-02-04 19:30:00+00:00,0.10298
2026-02-04 19:45:00+00:00,0.09031
2026-02-04 20:00:00+00:00,0.09966
2026-02-04 20:15:00+00:00,0.08561
2026-02-04 20:30:00+00:00,0.08798
2026-02-04 20:45:00+00:00,-1.74108
2026-02-04 21:00:00+00:00,0.10091
2026-02-04 21:15:00+00:00,0.10258
2026-02-04 21:30:00+00:00,0.08906
2026-02-04 21:45:00+00:00,0.08963
2026-02-04 22:00:00+00:00,0.10348
2026-02-04 22:15:00+00:00,0.0838
2026-02-04 22:30:00+00:00,0.08821999999999999
2026-02-04 22:45:00+00:00,0.06881
2026-02-04 23:00:00+00:00,0.09283
2026-02-04 23:15:00+00:00,0.08263
2026-02-04 23:30:00+00:00,-0.02549
2026-02-04 23:45:00+00:00,0.09491
2026-02-05 00:00:00+00:00,0.09209999999999999
2026-02-05 00:15:00+00:00,0.09445
2026-02-05 00:30:00+00:00,0.07009
2026-02-05 00:45:00+00:00,0.08901
2026-02-05 01:00:00+00:00,0.08832
2026-02-05 01:15:00+00:00,0.08309
2026-02-05 01:30:00+00:00,0.09039
2026-02-05 01:45:00+00:00,0.07511
2026-02-05 02:00:00+00:00,0.01918
2026-02-05 02:15:00+00:00,0.07936
2026-02-05 02:30:00+00:00,0.08477
2026-02-05 02:45:00+00:00,0.07747
2026-02-05 03:00:00+00:00,0.08028
2026-02-05 03:15:00+00:00,0.07524
2026-02-05 03:30:00+00:00,0.08673
2026-02-05 03:45:00+00:00,0.08888
2026-02-05 04:00:00+00:00,0.08929000000000001
2026-02-05 04:15:00+00:00,0.08715
2026-02-05 04:30:00+00:00,0.08043
2026-02-05 04:45:00+00:00,0.09704
2026-02-05 05:00:00+00:00,0.09086
2026-02-05 05:15:00+00:00,0.09108
2026-02-05 05:30:00+00:00,0.09125
2026-02-05 05:45:00+00:00,0.04239
2026-02-05 06:00:00+00:00,0.07717
2026-02-05 06:15:00+00:00,0.07967
2026-02-05 06:30:00+00:00,0.07521
2026-02-05 06:45:00+00:00,0.09448000000000001
2026-02-05 07:00:00+00:00,0.07823999999999999
2026-02-05 07:15:00+00:00,0.08882999999999999
2026-02-05 07:30:00+00:00,0.10657
2026-02-05 07:45:00+00:00,0.09273
2026-02-05 08:00:00+00:00,0.09062
2026-02-05 08:15:00+00:00,0.09854
2026-02-05 08:30:00+00:00,0.07934000000000001
2026-02-05 08:45:00+00:00,0.08272
2026-02-05 09:00:00+00:00,0.09815
2026-02-05 09:15:00+00:00,0.09531999999999999
2026-02-05 09:30:00+00:00,0.09183
2026-02-05 09:45:00+00:00,0.09208
2026-02-05 10:00:00+00:00,0.08529
2026-02-05 10:15:00+00:00,0.0876
2026-02-05 10:30:00+00:00,0.08862
2026-02-05 10:45:00+00:00,0.09347
2026-02-05 11:00:00+00:00,0.09096
2026-02-05 11:15:00+00:00,0.09306
2026-02-05 11:30:00+00:00,0.09559999999999999
2026-02-05 11:45:00+00:00,0.09417
2026-02-05 12:00:00+00:00,0.09552
2026-02-05 12:15:00+00:00,0.09539
2026-02-05 12:30:00+00:00,0.09317
2026-02-05 12:45:00+00:00,0.08889
2026-02-05 13:00:00+00:00,0.08804000000000001
2026-02-05 13:15:00+00:00,0.09815
2026-02-05 13:30:00+00:00,0.08518
2026-02-05 13:45:00+00:00,0.08303
2026-02-05 14:00:00+00:00,0.12589
2026-02-05 14:15:00+00:00,0.13733
2026-02-05 14:30:00+00:00,0.09584999999999999
2026-02-05 14:45:00+00:00,0.10097
2026-02-05 15:00:00+00:00,0.08728
2026-02-05 15:15:00+00:00,0.09381999999999999
2026-02-05 15:30:00+00:00,0.10317
2026-02-05 15:45:00+00:00,0.11573
2026-02-05 16:00:00+00:00,0.093
2026-02-05 16:15:00+00:00,0.09433
2026-02-05 16:30:00+00:00,0.1731
2026-02-05 16:45:00+00:00,0.11065000000000001
2026-02-05 17:00:00+00:00,0.11127
2026-02-05 17:15:00+00:00,0.11541
2026-02-05 17:30:00+00:00,0.11758
2026-02-05 17:45:00+00:00,0.10478
2026-02-05 18:00:00+00:00,0.11696
2026-02-05 18:15:00+00:00,0.12051
2026-02-05 18:30:00+00:00,0.70097
2026-02-05 18:45:00+00:00,0.10212
2026-02-05 19:00:00+00:00,0.11697
2026-02-05 19:15:00+00:00,0.7285900000000001
2026-02-05 19:30:00+00:00,0.15682
2026-02-05 19:45:00+00:00,0.11747
2026-02-05 20:00:00+00:00,0.09009
2026-02-05 20:15:00+00:00,0.08775
2026-02-05 20:30:00+00:00,0.08906
2026-02-05 20:45:00+00:00,0.09670000000000001
2026-02-05 21:00:00+00:00,0.07831999999999999
2026-02-05 21:15:00+00:00,0.09742
2026-02-05 21:30:00+00:00,0.09348000000000001
2026-02-05 21:45:00+00:00,0.09115999999999999
2026-02-05 22:00:00+00:00,0.09819
2026-02-05 22:15:00+00:00,0.10379000000000001
2026-02-05 22:30:00+00:00,-0.03861
2026-02-05 22:45:00+00:00,0.04417
2026-02-05 23:00:00+00:00,0.12047
2026-02-05 23:15:00+00:00,0.09179999999999999
2026-02-05 23:30:00+00:00,0.07965000000000001
2026-02-05 23:45:00+00:00,0.08934
2026-02-06 00:00:00+00:00,0.07984999999999999
2026-02-06 00:15:00+00:00,0.09995
2026-02-06 00:30:00+00:00,0.09053
2026-02-06 00:45:00+00:00,0.07212
2026-02-06 01:00:00+00:00,0.0884
2026-02-06 01:15:00+00:00,0.10123
2026-02-06 01:30:00+00:00,0.08695
2026-02-06 01:45:00+00:00,0.06013
2026-02-06 02:00:00+00:00,0.08525
2026-02-06 02:15:00+00:00,0.09541
2026-02-06 02:30:00+00:00,0.10331
2026-02-06 02:45:00+00:00,0.10294
2026-02-06 03:00:00+00:00,0.09573000000000001
2026-02-06 03:15:00+00:00,0.10011
2026-02-06 03:30:00+00:00,0.09924
2026-02-06 03:45:00+00:00,0.14333
2026-02-06 04:00:00+00:00,0.1023
2026-02-06 04:15:00+00:00,0.073
2026-02-06 04:30:00+00:00,0.10901999999999999
2026-02-06 04:45:00+00:00,0.23019
2026-02-06 05:00:00+00:00,0.04859
2026-02-06 05:15:00+00:00,0.08628
2026-02-06 05:30:00+00:00,0.09226999999999999
2026-02-06 05:45:00+00:00,0.12165000000000001
2026-02-06 06:00:00+00:00,0.09938
2026-02-06 06:15:00+00:00,0.03921
2026-02-06 06:30:00+00:00,0.11175
2026-02-06 06:45:00+00:00,0.09709999999999999
2026-02-06 07:00:00+00:00,0.10128
2026-02-06 07:15:00+00:00,0.11168
2026-02-06 07:30:00+00:00,0.09899
2026-02-06 07:45:00+00:00,0.09813
2026-02-06 08:00:00+00:00,0.10107
2026-02-06 08:15:00+00:00,0.08537
2026-02-06 08:30:00+00:00,0.09090999999999999
2026-02-06 08:45:00+00:00,0.10608
2026-02-06 09:00:00+00:00,0.09705
2026-02-06 09:15:00+00:00,0.12714
2026-02-06 09:30:00+00:00,0.11711
2026-02-06 09:45:00+00:00,0.10311
2026-02-06 10:00:00+00:00,0.09340999999999999
2026-02-06 10:15:00+00:00,0.10522
2026-02-06 10:30:00+00:00,0.10629999999999999
2026-02-06 10:45:00+00:00,0.10797
2026-02-06 11:00:00+00:00,0.09942000000000001
2026-02-06 11:15:00+00:00,0.10573
2026-02-06 11:30:00+00:00,0.11064
2026-02-06 11:45:00+00:00,0.12114
2026-02-06 12:00:00+00:00,0.09148999999999999
2026-02-06 12:15:00+00:00,0.11511
2026-02-06 12:30:00+00:00,0.10953
2026-02-06 12:45:00+00:00,0.11919
2026-02-06 13:00:00+00:00,0.26263
2026-02-06 13:15:00+00:00,0.10374
2026-02-06 13:30:00+00:00,0.10374
2026-02-06 13:45:00+00:00,0.10346999999999999
2026-02-06 14:00:00+00:00,0.11055
2026-02-06 14:15:00+00:00,0.09670999999999999
2026-02-06 14:30:00+00:00,0.10978
2026-02-06 14:45:00+00:00,0.09776
2026-02-06 15:00:00+00:00,0.07943
2026-02-06 15:15:00+00:00,0.11623
2026-02-06 15:30:00+00:00,0.15541999999999997
2026-02-06 15:45:00+00:00,0.10918000000000001
2026-02-06 16:00:00+00:00,0.09998
2026-02-06 16:15:00+00:00,0.10851000000000001
2026-02-06 16:30:00+00:00,0.11542
2026-02-06 16:45:00+00:00,0.11837
2026-02-06 17:00:00+00:00,0.09833
2026-02-06 17:15:00+00:00,0.11401
2026-02-06 17:30:00+00:00,0.15067
2026-02-06 17:45:00+00:00,0.09770999999999999
2026-02-06 18:00:00+00:00,0.10662
2026-02-06 18:15:00+00:00,0.10256
2026-02-06 18:30:00+00:00,0.10643000000000001
2026-02-06 18:45:00+00:00,0.09087
2026-02-06 19:00:00+00:00,0.10626000000000001
2026-02-06 19:15:00+00:00,0.10375
2026-02-06 19:30:00+00:00,0.09198999999999999
2026-02-06 19:45:00+00:00,-0.07522
2026-02-06 20:00:00+00:00,0.26839999999999997
2026-02-06 20:15:00+00:00,0.08782999999999999
2026-02-06 20:30:00+00:00,0.09286
2026-02-06 20:45:00+00:00,0.09073
2026-02-06 21:00:00+00:00,0.08088
2026-02-06 21:15:00+00:00,0.08129
2026-02-06 21:30:00+00:00,0.08134999999999999
2026-02-06 21:45:00+00:00,0.05837
2026-02-06 22:00:00+00:00,-0.20564
2026-02-06 22:15:00+00:00,0.08292000000000001
2026-02-06 22:30:00+00:00,0.07740999999999999
2026-02-06 22:45:00+00:00,0.08699
2026-02-06 23:00:00+00:00,0.08865
2026-02-06 23:15:00+00:00,0.11663
2026-02-06 23:30:00+00:00,0.02404
2026-02-06 23:45:00+00:00,0.08170999999999999
2026-02-07 00:00:00+00:00,0.19524
2026-02-07 00:15:00+00:00,0.10629999999999999
2026-02-07 00:30:00+00:00,0.00101
2026-02-07 00:45:00+00:00,0.06956999999999999
2026-02-07 01:00:00+00:00,0.16674
2026-02-07 01:15:00+00:00,0.10416
2026-02-07 01:30:00+00:00,0.06823
2026-02-07 01:45:00+00:00,0.01271
2026-02-07 02:00:00+00:00,0.12417
2026-02-07 02:15:00+00:00,0.09765
2026-02-07 02:30:00+00:00,0.10395
2026-02-07 02:45:00+00:00,0.08372
2026-02-07 03:00:00+00:00,0.08534
2026-02-07 03:15:00+00:00,0.10956
2026-02-07 03:30:00+00:00,0.03671
2026-02-07 03:45:00+00:00,0.09084
2026-02-07 04:00:00+00:00,0.196
2026-02-07 04:15:00+00:00,0.17396999999999999
2026-02-07 04:30:00+00:00,0.11315
2026-02-07 04:45:00+00:00,0.11119
2026-02-07 05:00:00+00:00,0.052039999999999996
2026-02-07 05:15:00+00:00,0.06734
2026-02-07 05:30:00+00:00,0.09895999999999999
2026-02-07 05:45:00+00:00,0.10353
2026-02-07 06:00:00+00:00,0.06661
2026-02-07 06:15:00+00:00,0.11147
2026-02-07 06:30:00+00:00,0.07206
2026-02-07 06:45:00+00:00,0.0813
2026-02-07 07:00:00+00:00,0.09664
2026-02-07 07:15:00+00:00,0.08628
2026-02-07 07:30:00+00:00,0.08224
2026-02-07 07:45:00+00:00,0.05941
2026-02-07 08:00:00+00:00,0.09112
2026-02-07 08:15:00+00:00,0.07087
2026-02-07 08:30:00+00:00,0.05921
2026-02-07 08:45:00+00:00,0.08963
2026-02-07 09:00:00+00:00,0.10634
2026-02-07 09:15:00+00:00,0.06352000000000001
2026-02-07 09:30:00+00:00,0.05975
2026-02-07 09:45:00+00:00,0.12701
2026-02-07 10:00:00+00:00,0.09276999999999999
2026-02-07 10:15:00+00:00,0.0717
2026-02-07 10:30:00+00:00,0.09203
2026-02-07 10:45:00+00:00,0.09881999999999999
2026-02-07 11:00:00+00:00,0.08048000000000001
2026-02-07 11:15:00+00:00,0.1343
2026-02-07 11:30:00+00:00,0.13413
2026-02-07 11:45:00+00:00,0.10247
2026-02-07 12:00:00+00:00,0.07806999999999999
2026-02-07 12:15:00+00:00,0.11084000000000001
2026-02-07 12:30:00+00:00,0.11309000000000001
2026-02-07 12:45:00+00:00,0.11935
2026-02-07 13:00:00+00:00,0.07973999999999999
2026-02-07 13:15:00+00:00,0.07356
2026-02-07 13:30:00+00:00,0.0584
2026-02-07 13:45:00+00:00,0.04162
2026-02-07 14:00:00+00:00,0.08914
2026-02-07 14:15:00+00:00,0.0854
2026-02-07 14:30:00+00:00,0.09337000000000001
2026-02-07 14:45:00+00:00,0.08533
2026-02-07 15:00:00+00:00,0.08301
2026-02-07 15:15:00+00:00,0.09203
2026-02-07 15:30:00+00:00,0.10699
2026-02-07 15:45:00+00:00,0.09731999999999999
2026-02-07 16:00:00+00:00,0.09509999999999999
2026-02-07 16:15:00+00:00,0.10406
2026-02-07 16:30:00+00:00,0.06791
2026-02-07 16:45:00+00:00,0.15759
2026-02-07 17:00:00+00:00,0.07484
2026-02-07 17:15:00+00:00,0.11682
2026-02-07 17:30:00+00:00,0.07390000000000001
2026-02-07 17:45:00+00:00,0.08679
2026-02-07 18:00:00+00:00,0.10798999999999999
2026-02-07 18:15:00+00:00,0.09355
2026-02-07 18:30:00+00:00,0.1008
2026-02-07 18:45:00+00:00,0.05689
2026-02-07 19:00:00+00:00,0.10965000000000001
2026-02-07 19:15:00+00:00,0.10344
2026-02-07 19:30:00+00:00,0.05285
2026-02-07 19:45:00+00:00,0.055689999999999996
2026-02-07 20:00:00+00:00,0.26297000000000004
2026-02-07 20:15:00+00:00,0.20857
2026-02-07 20:30:00+00:00,0.04355
2026-02-07 20:45:00+00:00,0.06885
2026-02-07 21:00:00+00:00,0.1674
2026-02-07 21:15:00+00:00,0.09684000000000001
2026-02-07 21:30:00+00:00,0.10773
2026-02-07 21:45:00+00:00,0.07553
2026-02-07 22:00:00+00:00,0.16222
2026-02-07 22:15:00+00:00,0.13807
2026-02-07 22:30:00+00:00,0.08381999999999999
2026-02-07 22:45:00+00:00,0.08584
2026-02-07 23:00:00+00:00,0.08285
2026-02-07 23:15:00+00:00,0.08312
2026-02-07 23:30:00+00:00,0.12622
2026-02-07 23:45:00+00:00,0.09618
2026-02-08 00:00:00+00:00,0.28013
2026-02-08 00:15:00+00:00,0.11888
2026-02-08 00:30:00+00:00,0.11031
2026-02-08 00:45:00+00:00,0.10987999999999999
2026-02-08 01:00:00+00:00,0.1653
2026-02-08 01:15:00+00:00,0.09644
2026-02-08 01:30:00+00:00,0.09114
2026-02-08 01:45:00+00:00,0.10638
2026-02-08 02:00:00+00:00,0.08098000000000001
2026-02-08 02:15:00+00:00,0.08542
2026-02-08 02:30:00+00:00,0.09525
2026-02-08 02:45:00+00:00,0.09704
2026-02-08 03:00:00+00:00,0.06645999999999999
2026-02-08 03:15:00+00:00,0.08706
2026-02-08 03:30:00+00:00,0.11066
2026-02-08 03:45:00+00:00,0.11822
2026-02-08 04:00:00+00:00,0.13997
2026-02-08 04:15:00+00:00,0.10459
2026-02-08 04:30:00+00:00,0.0871
2026-02-08 04:45:00+00:00,0.09548000000000001
2026-02-08 05:00:00+00:00,0.14928999999999998
2026-02-08 05:15:00+00:00,0.07154
2026-02-08 05:30:00+00:00,0.10116
2026-02-08 05:45:00+00:00,0.10328
2026-02-08 06:00:00+00:00,0.10556
2026-02-08 06:15:00+00:00,0.1266
2026-02-08 06:30:00+00:00,0.11588
2026-02-08 06:45:00+00:00,0.22961
2026-02-08 07:00:00+00:00,0.20194
2026-02-08 07:15:00+00:00,0.09631
2026-02-08 07:30:00+00:00,0.191
2026-02-08 07:45:00+00:00,0.13943
2026-02-08 08:00:00+00:00,0.15658000000000002
2026-02-08 08:15:00+00:00,0.10128
2026-02-08 08:30:00+00:00,0.10359
2026-02-08 08:45:00+00:00,0.1406
2026-02-08 09:00:00+00:00,0.20915
2026-02-08 09:15:00+00:00,0.17354
2026-02-08 09:30:00+00:00,0.10704000000000001
2026-02-08 09:45:00+00:00,0.17012
2026-02-08 10:00:00+00:00,0.11669
2026-02-08 10:15:00+00:00,0.1174
2026-02-08 10:30:00+00:00,0.09841
2026-02-08 10:45:00+00:00,0.11225
2026-02-08 11:00:00+00:00,0.10762000000000001
2026-02-08 11:15:00+00:00,0.10565000000000001
2026-02-08 11:30:00+00:00,0.10333
2026-02-08 11:45:00+00:00,0.10249
2026-02-08 12:00:00+00:00,0.10001
2026-02-08 12:15:00+00:00,0.09759999999999999
2026-02-08 12:30:00+00:00,0.09516
2026-02-08 12:45:00+00:00,0.09773
2026-02-08 13:00:00+00:00,0.09731000000000001
2026-02-08 13:15:00+00:00,0.07970999999999999
2026-02-08 13:30:00+00:00,0.09307
2026-02-08 13:45:00+00:00,0.08659
2026-02-08 14:00:00+00:00,0.09490000000000001
2026-02-08 14:15:00+00:00,0.09988
2026-02-08 14:30:00+00:00,0.089
2026-02-08 14:45:00+00:00,0.10612
2026-02-08 15:00:00+00:00,0.09603
2026-02-08 15:15:00+00:00,0.10053
2026-02-08 15:30:00+00:00,0.13774
2026-02-08 15:45:00+00:00,0.1013
2026-02-08 16:00:00+00:00,0.10517
2026-02-08 16:15:00+00:00,0.10149
2026-02-08 16:30:00+00:00,0.12495
2026-02-08 16:45:00+00:00,0.11073000000000001
2026-02-08 17:00:00+00:00,0.09768
2026-02-08 17:15:00+00:00,0.11122
2026-02-08 17:30:00+00:00,0.10659
2026-02-08 17:45:00+00:00,0.10098
2026-02-08 18:00:00+00:00,0.11192
2026-02-08 18:15:00+00:00,0.09952
2026-02-08 18:30:00+00:00,0.08771
2026-02-08 18:45:00+00:00,0.09465000000000001
2026-02-08 19:00:00+00:00,0.1082
2026-02-08 19:15:00+00:00,0.08863
2026-02-08 19:30:00+00:00,0.10403
2026-02-08 19:45:00+00:00,0.08415
2026-02-08 20:00:00+00:00,0.10088
2026-02-08 20:15:00+00:00,0.09861
2026-02-08 20:30:00+00:00,0.08624
2026-02-08 20:45:00+00:00,0.09564
2026-02-08 21:00:00+00:00,0.10211
2026-02-08 21:15:00+00:00,0.08399
2026-02-08 21:30:00+00:00,0.11806
2026-02-08 21:45:00+00:00,0.13196000000000002
2026-02-08 22:00:00+00:00,0.08785
2026-02-08 22:15:00+00:00,0.0958
2026-02-08 22:30:00+00:00,0.27836
2026-02-08 22:45:00+00:00,0.10137
2026-02-08 23:00:00+00:00,0.13733
2026-02-08 23:15:00+00:00,0.11136
2026-02-08 23:30:00+00:00,0.08288
2026-02-08 23:45:00+00:00,0.14303
2026-02-09 00:00:00+00:00,0.13871
2026-02-09 00:15:00+00:00,0.1172
2026-02-09 00:30:00+00:00,0.08642
2026-02-09 00:45:00+00:00,0.09176000000000001
2026-02-09 01:00:00+00:00,0.06851
2026-02-09 01:15:00+00:00,0.10357999999999999
2026-02-09 01:30:00+00:00,0.11042
2026-02-09 01:45:00+00:00,0.11749
2026-02-09 02:00:00+00:00,0.10406
2026-02-09 02:15:00+00:00,0.12328
2026-02-09 02:30:00+00:00,0.09218000000000001
2026-02-09 02:45:00+00:00,0.17674
2026-02-09 03:00:00+00:00,0.09434999999999999
2026-02-09 03:15:00+00:00,0.07948000000000001
2026-02-09 03:30:00+00:00,0.13233
2026-02-09 03:45:00+00:00,0.09124
2026-02-09 04:00:00+00:00,0.10235
2026-02-09 04:15:00+00:00,0.1264
2026-02-09 04:30:00+00:00,0.0785
2026-02-09 04:45:00+00:00,0.11952
2026-02-09 05:00:00+00:00,0.1161
2026-02-09 05:15:00+00:00,0.09917000000000001
2026-02-09 05:30:00+00:00,0.12635
2026-02-09 05:45:00+00:00,0.14395
2026-02-09 06:00:00+00:00,0.12981
2026-02-09 06:15:00+00:00,0.12519
2026-02-09 06:30:00+00:00,0.11061
2026-02-09 06:45:00+00:00,0.11745
2026-02-09 07:00:00+00:00,0.14633000000000002
2026-02-09 07:15:00+00:00,0.11523
2026-02-09 07:30:00+00:00,0.11547
2026-02-09 07:45:00+00:00,0.11824
2026-02-09 08:00:00+00:00,0.05841
2026-02-09 08:15:00+00:00,0.33017
2026-02-09 08:30:00+00:00,-0.00705
2026-02-09 08:45:00+00:00,0.13137000000000001
2026-02-09 09:00:00+00:00,0.09973
2026-02-09 09:15:00+00:00,0.26730000000000004
2026-02-09 09:30:00+00:00,0.17996
2026-02-09 09:45:00+00:00,0.44719
2026-02-09 10:00:00+00:00,0.11617
2026-02-09 10:15:00+00:00,0.11835
2026-02-09 10:30:00+00:00,0.07596
2026-02-09 10:45:00+00:00,0.24531999999999998
2026-02-09 11:00:00+00:00,0.12506
2026-02-09 11:15:00+00:00,0.13055
2026-02-09 11:30:00+00:00,0.13498
2026-02-09 11:45:00+00:00,0.09195
2026-02-09 12:00:00+00:00,0.09848
2026-02-09 12:15:00+00:00,0.09225
2026-02-09 12:30:00+00:00,0.08678
2026-02-09 12:45:00+00:00,0.11398
2026-02-09 13:00:00+00:00,0.10188
2026-02-09 13:15:00+00:00,0.08419
2026-02-09 13:30:00+00:00,0.09456
2026-02-09 13:45:00+00:00,0.10447
2026-02-09 14:00:00+00:00,0.10504999999999999
2026-02-09 14:15:00+00:00,0.10812000000000001
2026-02-09 14:30:00+00:00,0.07483
2026-02-09 14:45:00+00:00,0.13238
2026-02-09 15:00:00+00:00,0.10639
2026-02-09 15:15:00+00:00,0.26437
2026-02-09 15:30:00+00:00,0.09164
2026-02-09 15:45:00+00:00,0.24609999999999999
2026-02-09 16:00:00+00:00,0.13808
2026-02-09 16:15:00+00:00,0.16103
2026-02-09 16:30:00+00:00,0.11862
2026-02-09 16:45:00+00:00,0.10617
2026-02-09 17:00:00+00:00,0.12077
2026-02-09 17:15:00+00:00,0.10618999999999999
2026-02-09 17:30:00+00:00,0.10658
2026-02-09 17:45:00+00:00,0.10382999999999999
2026-02-09 18:00:00+00:00,0.14411000000000002
2026-02-09 18:15:00+00:00,0.12947
2026-02-09 18:30:00+00:00,0.10840000000000001
2026-02-09 18:45:00+00:00,0.08928
2026-02-09 19:00:00+00:00,0.11789
2026-02-09 19:15:00+00:00,0.09140999999999999
2026-02-09 19:30:00+00:00,0.12922999999999998
2026-02-09 19:45:00+00:00,0.09956
2026-02-09 20:00:00+00:00,0.11323
2026-02-09 20:15:00+00:00,0.12663
2026-02-09 20:30:00+00:00,0.10252
2026-02-09 20:45:00+00:00,0.08435
2026-02-09 21:00:00+00:00,0.09240000000000001
2026-02-09 21:15:00+00:00,0.20073
2026-02-09 21:30:00+00:00,0.13029
2026-02-09 21:45:00+00:00,0.08962
2026-02-09 22:00:00+00:00,0.58197
2026-02-09 22:15:00+00:00,0.08039
2026-02-09 22:30:00+00:00,0.12667
2026-02-09 22:45:00+00:00,0.5421900000000001
2026-02-09 23:00:00+00:00,0.08519
2026-02-09 23:15:00+00:00,0.16755
2026-02-09 23:30:00+00:00,0.1194
2026-02-09 23:45:00+00:00,0.08602
2026-02-10 00:00:00+00:00,0.09356
2026-02-10 00:15:00+00:00,0.08433
2026-02-10 00:30:00+00:00,0.08945
2026-02-10 00:45:00+00:00,0.40338
2026-02-10 01:00:00+00:00,0.10282
2026-02-10 01:15:00+00:00,0.10191
2026-02-10 01:30:00+00:00,0.10682
2026-02-10 01:45:00+00:00,0.21915
2026-02-10 02:00:00+00:00,0.06871
2026-02-10 02:15:00+00:00,0.11558
2026-02-10 02:30:00+00:00,0.09797
2026-02-10 02:45:00+00:00,0.09165000000000001
2026-02-10 03:00:00+00:00,0.22982
2026-02-10 03:15:00+00:00,0.17043
2026-02-10 03:30:00+00:00,0.09295999999999999
2026-02-10 03:45:00+00:00,0.21166
2026-02-10 04:00:00+00:00,0.11234999999999999
2026-02-10 04:15:00+00:00,0.12883
2026-02-10 04:30:00+00:00,0.37233
2026-02-10 04:45:00+00:00,0.19241999999999998
2026-02-10 05:00:00+00:00,0.146
2026-02-10 05:15:00+00:00,0.07718000000000001
2026-02-10 05:30:00+00:00,-0.01549
2026-02-10 05:45:00+00:00,0.10614
2026-02-10 06:00:00+00:00,0.13531
2026-02-10 06:15:00+00:00,0.09734999999999999
2026-02-10 06:30:00+00:00,0.09075
2026-02-10 06:45:00+00:00,0.10865000000000001
2026-02-10 07:00:00+00:00,0.11115
2026-02-10 07:15:00+00:00,0.09815
2026-02-10 07:30:00+00:00,0.09867000000000001
2026-02-10 07:45:00+00:00,0.07309
2026-02-10 08:00:00+00:00,0.12323999999999999
2026-02-10 08:15:00+00:00,0.11254
2026-02-10 08:30:00+00:00,0.10332
2026-02-10 08:45:00+00:00,0.09358
2026-02-10 09:00:00+00:00,0.10748999999999999
2026-02-10 09:15:00+00:00,0.10968000000000001
2026-02-10 09:30:00+00:00,0.08708
2026-02-10 09:45:00+00:00,0.07981999999999999
2026-02-10 10:00:00+00:00,0.16468
2026-02-10 10:15:00+00:00,0.21003
2026-02-10 10:30:00+00:00,0.12204000000000001
2026-02-10 10:45:00+00:00,0.16538999999999998
2026-02-10 11:00:00+00:00,0.12929
2026-02-10 11:15:00+00:00,0.10748999999999999
2026-02-10 11:30:00+00:00,0.15385
2026-02-10 11:45:00+00:00,0.11301
2026-02-10 12:00:00+00:00,0.12206
2026-02-10 12:15:00+00:00,0.43486
2026-02-10 12:30:00+00:00,0.22019
2026-02-10 12:45:00+00:00,0.23168
2026-02-10 13:00:00+00:00,0.13616
2026-02-10 13:15:00+00:00,0.15553
2026-02-10 13:30:00+00:00,0.12745
2026-02-10 13:45:00+00:00,0.10235
2026-02-10 14:00:00+00:00,0.1906
2026-02-10 14:15:00+00:00,0.14962
2026-02-10 14:30:00+00:00,0.10537
2026-02-10 14:45:00+00:00,0.13645
2026-02-10 15:00:00+00:00,0.16013999999999998
2026-02-10 15:15:00+00:00,0.08416
2026-02-10 15:30:00+00:00,0.10401
2026-02-10 15:45:00+00:00,0.08887
2026-02-10 16:00:00+00:00,0.09087
2026-02-10 16:15:00+00:00,0.06741
2026-02-10 16:30:00+00:00,0.10327
2026-02-10 16:45:00+00:00,0.43213
2026-02-10 17:00:00+00:00,0.10740000000000001
2026-02-10 17:15:00+00:00,0.56902
2026-02-10 17:30:00+00:00,0.0709
2026-02-10 17:45:00+00:00,0.10601000000000001
2026-02-10 18:00:00+00:00,0.06897
2026-02-10 18:15:00+00:00,0.13387000000000002
2026-02-10 18:30:00+00:00,0.25965
2026-02-10 18:45:00+00:00,0.13204
2026-02-10 19:00:00+00:00,0.11954000000000001
2026-02-10 19:15:00+00:00,0.11122
2026-02-10 19:30:00+00:00,0.09429000000000001
2026-02-10 19:45:00+00:00,0.11495999999999999
2026-02-10 20:00:00+00:00,0.07855
2026-02-10 20:15:00+00:00,0.13019999999999998
2026-02-10 20:30:00+00:00,0.14117
2026-02-10 20:45:00+00:00,0.20733000000000001
2026-02-10 21:00:00+00:00,0.18512
2026-02-10 21:15:00+00:00,0.13313
2026-02-10 21:30:00+00:00,0.11948
2026-02-10 21:45:00+00:00,0.1232
2026-02-10 22:00:00+00:00,0.13525
2026-02-10 22:15:00+00:00,0.13979
2026-02-10 22:30:00+00:00,0.12800999999999998
2026-02-10 22:45:00+00:00,0.14842
2026-02-10 23:00:00+00:00,0.19554
2026-02-10 23:15:00+00:00,0.10318000000000001
2026-02-10 23:30:00+00:00,0.12398999999999999
2026-02-10 23:45:00+00:00,0.14906999999999998
2026-02-11 00:00:00+00:00,0.17825
2026-02-11 00:15:00+00:00,0.19958
2026-02-11 00:30:00+00:00,0.131
2026-02-11 00:45:00+00:00,0.10116
2026-02-11 01:00:00+00:00,0.14780000000000001
2026-02-11 01:15:00+00:00,0.15666
2026-02-11 01:30:00+00:00,0.12887
2026-02-11 01:45:00+00:00,0.11215
2026-02-11 02:00:00+00:00,0.18177000000000001
2026-02-11 02:15:00+00:00,0.12448999999999999
2026-02-11 02:30:00+00:00,0.10587
2026-02-11 02:45:00+00:00,0.12546
2026-02-11 03:00:00+00:00,0.18972999999999998
2026-02-11 03:15:00+00:00,0.0575
2026-02-11 03:30:00+00:00,0.1066
2026-02-11 03:45:00+00:00,0.13424
2026-02-11 04:00:00+00:00,0.12185
2026-02-11 04:15:00+00:00,0.11752
2026-02-11 04:30:00+00:00,0.10305
2026-02-11 04:45:00+00:00,0.09952
2026-02-11 05:00:00+00:00,0.08857
2026-02-11 05:15:00+00:00,-0.00362
2026-02-11 05:30:00+00:00,0.06043
2026-02-11 05:45:00+00:00,0.07422
2026-02-11 06:00:00+00:00,0.07142
2026-02-11 06:15:00+00:00,0.07941
2026-02-11 06:30:00+00:00,0.048530000000000004
2026-02-11 06:45:00+00:00,0.07422
2026-02-11 07:00:00+00:00,0.09525
2026-02-11 07:15:00+00:00,0.07309
2026-02-11 07:30:00+00:00,0.07765999999999999
2026-02-11 07:45:00+00:00,0.13063999999999998
2026-02-11 08:00:00+00:00,0.09998
2026-02-11 08:15:00+00:00,0.047630000000000006
2026-02-11 08:30:00+00:00,0.07898999999999999
2026-02-11 08:45:00+00:00,0.05062
2026-02-11 09:00:00+00:00,0.08213
2026-02-11 09:15:00+00:00,0.06304
2026-02-11 09:30:00+00:00,0.05044
2026-02-11 09:45:00+00:00,0.00111
2026-02-11 10:00:00+00:00,0.044289999999999996
2026-02-11 10:15:00+00:00,0.10765000000000001
2026-02-11 10:30:00+00:00,0.13975
2026-02-11 10:45:00+00:00,0.07251
2026-02-11 11:00:00+00:00,0.0434
2026-02-11 11:15:00+00:00,0.08734
2026-02-11 11:30:00+00:00,0.10925
2026-02-11 11:45:00+00:00,0.07085
2026-02-11 12:00:00+00:00,0.17892
2026-02-11 12:15:00+00:00,0.10948999999999999
2026-02-11 12:30:00+00:00,0.09935
2026-02-11 12:45:00+00:00,0.10509
2026-02-11 13:00:00+00:00,-5.08957
2026-02-11 13:15:00+00:00,0.10648
2026-02-11 13:30:00+00:00,0.14451
2026-02-11 13:45:00+00:00,1.3320699999999999
2026-02-11 14:00:00+00:00,0.12813
2026-02-11 14:15:00+00:00,1.258
2026-02-11 14:30:00+00:00,0.82645
2026-02-11 14:45:00+00:00,0.097
2026-02-11 15:00:00+00:00,0.13967
2026-02-11 15:15:00+00:00,0.26323
2026-02-11 15:30:00+00:00,0.22453
2026-02-11 15:45:00+00:00,0.12355
2026-02-11 16:00:00+00:00,0.13133
2026-02-11 16:15:00+00:00,0.12604
2026-02-11 16:30:00+00:00,0.16081
2026-02-11 16:45:00+00:00,0.16391999999999998
2026-02-11 17:00:00+00:00,0.12975
2026-02-11 17:15:00+00:00,0.12234
2026-02-11 17:30:00+00:00,0.10491
2026-02-11 17:45:00+00:00,0.08902
2026-02-11 18:00:00+00:00,0.07395
2026-02-11 18:15:00+00:00,0.10044
2026-02-11 18:30:00+00:00,0.10466
2026-02-11 18:45:00+00:00,0.11712
2026-02-11 19:00:00+00:00,0.11559
2026-02-11 19:15:00+00:00,0.10876000000000001
2026-02-11 19:30:00+00:00,0.0782
2026-02-11 19:45:00+00:00,0.13475
2026-02-11 20:00:00+00:00,-0.08757
2026-02-11 20:15:00+00:00,0.10906999999999999
2026-02-11 20:30:00+00:00,0.12384
2026-02-11 20:45:00+00:00,0.8636900000000001
2026-02-11 21:00:00+00:00,0.10294
2026-02-11 21:15:00+00:00,0.12475
2026-02-11 21:30:00+00:00,0.09609000000000001
2026-02-11 21:45:00+00:00,0.05274
2026-02-11 22:00:00+00:00,0.11472
2026-02-11 22:15:00+00:00,0.15287
2026-02-11 22:30:00+00:00,0.08488
2026-02-11 22:45:00+00:00,0.09573999999999999
2026-02-11 23:00:00+00:00,0.13141999999999998
2026-02-11 23:15:00+00:00,0.11832
2026-02-11 23:30:00+00:00,0.3987
2026-02-11 23:45:00+00:00,0.1062
2026-02-12 00:00:00+00:00,0.07942
2026-02-12 00:15:00+00:00,0.09989
2026-02-12 00:30:00+00:00,0.09468
2026-02-12 00:45:00+00:00,0.1033
2026-02-12 01:00:00+00:00,0.09425
2026-02-12 01:15:00+00:00,0.10178
2026-02-12 01:30:00+00:00,0.30765
2026-02-12 01:45:00+00:00,0.10302
2026-02-12 02:00:00+00:00,0.12539
2026-02-12 02:15:00+00:00,0.09031
2026-02-12 02:30:00+00:00,0.11414
2026-02-12 02:45:00+00:00,0.14382
2026-02-12 03:00:00+00:00,0.10563
2026-02-12 03:15:00+00:00,0.12267
2026-02-12 03:30:00+00:00,0.08658
2026-02-12 03:45:00+00:00,0.10335
2026-02-12 04:00:00+00:00,0.10848000000000001
2026-02-12 04:15:00+00:00,0.13087000000000001
2026-02-12 04:30:00+00:00,0.17407
2026-02-12 04:45:00+00:00,0.09885
2026-02-12 05:00:00+00:00,0.07546
2026-02-12 05:15:00+00:00,0.07267
2026-02-12 05:30:00+00:00,0.12440000000000001
2026-02-12 05:45:00+00:00,0.09886
2026-02-12 06:00:00+00:00,0.08356
2026-02-12 06:15:00+00:00,0.07876000000000001
2026-02-12 06:30:00+00:00,0.06942
2026-02-12 06:45:00+00:00,0.07879000000000001
2026-02-12 07:00:00+00:00,0.07448
2026-02-12 07:15:00+00:00,0.07243000000000001
2026-02-12 07:30:00+00:00,0.0719
2026-02-12 07:45:00+00:00,0.09991
2026-02-12 08:00:00+00:00,0.14667
2026-02-12 08:15:00+00:00,0.8518600000000001
2026-02-12 08:30:00+00:00,0.07422
2026-02-12 08:45:00+00:00,0.57947
2026-02-12 09:00:00+00:00,0.09165999999999999
2026-02-12 09:15:00+00:00,0.3142
2026-02-12 09:30:00+00:00,0.12089
2026-02-12 09:45:00+00:00,0.06343
2026-02-12 10:00:00+00:00,0.09281
2026-02-12 10:15:00+00:00,0.09594
2026-02-12 10:30:00+00:00,0.09186
2026-02-12 10:45:00+00:00,0.12
2026-02-12 11:00:00+00:00,0.09311
2026-02-12 11:15:00+00:00,0.10201
2026-02-12 11:30:00+00:00,0.10143
2026-02-12 11:45:00+00:00,0.09893
2026-02-12 12:00:00+00:00,0.10432999999999999
2026-02-12 12:15:00+00:00,0.09994
2026-02-12 12:30:00+00:00,0.10168
2026-02-12 12:45:00+00:00,0.22479
2026-02-12 13:00:00+00:00,0.45183999999999996
2026-02-12 13:15:00+00:00,0.09042
2026-02-12 13:30:00+00:00,0.15253999999999998
2026-02-12 13:45:00+00:00,0.15034
2026-02-12 14:00:00+00:00,0.11264
2026-02-12 14:15:00+00:00,0.13399
2026-02-12 14:30:00+00:00,0.10031999999999999
2026-02-12 14:45:00+00:00,0.09361
2026-02-12 15:00:00+00:00,0.11129
2026-02-12 15:15:00+00:00,0.12225
2026-02-12 15:30:00+00:00,0.11070999999999999
2026-02-12 15:45:00+00:00,0.20648
2026-02-12 16:00:00+00:00,0.10689
2026-02-12 16:15:00+00:00,0.11211
2026-02-12 16:30:00+00:00,0.0685
2026-02-12 16:45:00+00:00,0.09104000000000001
2026-02-12 17:00:00+00:00,0.12319
2026-02-12 17:15:00+00:00,0.11631999999999999
2026-02-12 17:30:00+00:00,0.21509999999999999
2026-02-12 17:45:00+00:00,0.10884
2026-02-12 18:00:00+00:00,0.11641
2026-02-12 18:15:00+00:00,0.11374
2026-02-12 18:30:00+00:00,0.12267
2026-02-12 18:45:00+00:00,0.11354
2026-02-12 19:00:00+00:00,0.10934999999999999
2026-02-12 19:15:00+00:00,0.11239
2026-02-12 19:30:00+00:00,0.11226
2026-02-12 19:45:00+00:00,0.10235
2026-02-12 20:00:00+00:00,0.09643
2026-02-12 20:15:00+00:00,0.10499
2026-02-12 20:30:00+00:00,0.11497
2026-02-12 20:45:00+00:00,0.09614
2026-02-12 21:00:00+00:00,0.10389
2026-02-12 21:15:00+00:00,0.08002
2026-02-12 21:30:00+00:00,0.09038
2026-02-12 21:45:00+00:00,0.08506
2026-02-12 22:00:00+00:00,0.12006
2026-02-12 22:15:00+00:00,0.09370999999999999
2026-02-12 22:30:00+00:00,0.1139
2026-02-12 22:45:00+00:00,0.09668
2026-02-12 23:00:00+00:00,0.16852
2026-02-12 23:15:00+00:00,0.10565999999999999
2026-02-12 23:30:00+00:00,0.0958
2026-02-12 23:45:00+00:00,0.08532
2026-02-13 00:00:00+00:00,0.09628
2026-02-13 00:15:00+00:00,0.09161
2026-02-13 00:30:00+00:00,0.09998
2026-02-13 00:45:00+00:00,0.09362999999999999
2026-02-13 01:00:00+00:00,0.09775
2026-02-13 01:15:00+00:00,0.09087999999999999
2026-02-13 01:30:00+00:00,0.10064000000000001
2026-02-13 01:45:00+00:00,0.09355
2026-02-13 02:00:00+00:00,0.07113
2026-02-13 02:15:00+00:00,0.06738
2026-02-13 02:30:00+00:00,0.0851
2026-02-13 02:45:00+00:00,0.08484
2026-02-13 03:00:00+00:00,0.10815999999999999
2026-02-13 03:15:00+00:00,0.10351
2026-02-13 03:30:00+00:00,0.08258
2026-02-13 03:45:00+00:00,0.08005
2026-02-13 04:00:00+00:00,0.12601
2026-02-13 04:15:00+00:00,0.09196
2026-02-13 04:30:00+00:00,0.10056
2026-02-13 04:45:00+00:00,0.08441
2026-02-13 05:00:00+00:00,0.08309
2026-02-13 05:15:00+00:00,0.08792
2026-02-13 05:30:00+00:00,0.08366
2026-02-13 05:45:00+00:00,0.09194
2026-02-13 06:00:00+00:00,0.08547
2026-02-13 06:15:00+00:00,0.08698
2026-02-13 06:30:00+00:00,-0.03549
2026-02-13 06:45:00+00:00,0.07844
2026-02-13 07:00:00+00:00,0.13454
2026-02-13 07:15:00+00:00,0.08803
2026-02-13 07:30:00+00:00,0.08679
2026-02-13 07:45:00+00:00,0.09971
2026-02-13 08:00:00+00:00,0.09047
2026-02-13 08:15:00+00:00,0.10513
2026-02-13 08:30:00+00:00,0.11448
2026-02-13 08:45:00+00:00,0.10855
2026-02-13 09:00:00+00:00,0.10578
2026-02-13 09:15:00+00:00,0.09631999999999999
2026-02-13 09:30:00+00:00,0.09512999999999999
2026-02-13 09:45:00+00:00,0.09501000000000001
2026-02-13 10:00:00+00:00,0.08985
2026-02-13 10:15:00+00:00,0.1011
2026-02-13 10:30:00+00:00,0.08714
2026-02-13 10:45:00+00:00,0.10003000000000001
2026-02-13 11:00:00+00:00,0.10333
2026-02-13 11:15:00+00:00,0.11581
2026-02-13 11:30:00+00:00,0.08461
2026-02-13 11:45:00+00:00,0.08806
2026-02-13 12:00:00+00:00,0.10260999999999999
2026-02-13 12:15:00+00:00,0.08281999999999999
2026-02-13 12:30:00+00:00,0.09193000000000001
2026-02-13 12:45:00+00:00,0.08892
2026-02-13 13:00:00+00:00,0.08709
2026-02-13 13:15:00+00:00,0.0968
2026-02-13 13:30:00+00:00,0.09309999999999999
2026-02-13 13:45:00+00:00,0.08947
2026-02-13 14:00:00+00:00,0.11899
2026-02-13 14:15:00+00:00,0.08442
2026-02-13 14:30:00+00:00,0.09187000000000001
2026-02-13 14:45:00+00:00,0.09877
2026-02-13 15:00:00+00:00,0.11251
2026-02-13 15:15:00+00:00,0.09131
2026-02-13 15:30:00+00:00,0.08912
2026-02-13 15:45:00+00:00,0.09817000000000001
2026-02-13 16:00:00+00:00,0.09851
2026-02-13 16:15:00+00:00,0.10006
2026-02-13 16:30:00+00:00,0.14235
2026-02-13 16:45:00+00:00,0.09856000000000001
2026-02-13 17:00:00+00:00,0.11006999999999999
2026-02-13 17:15:00+00:00,0.13038999999999998
2026-02-13 17:30:00+00:00,0.13446
2026-02-13 17:45:00+00:00,0.12581
2026-02-13 18:00:00+00:00,0.053340000000000005
2026-02-13 18:15:00+00:00,0.07909000000000001
2026-02-13 18:30:00+00:00,0.29721
2026-02-13 18:45:00+00:00,0.08937
2026-02-13 19:00:00+00:00,0.08961
2026-02-13 19:15:00+00:00,0.043859999999999996
2026-02-13 19:30:00+00:00,0.10324
2026-02-13 19:45:00+00:00,0.0897
2026-02-13 20:00:00+00:00,0.09440000000000001
2026-02-13 20:15:00+00:00,0.10141
2026-02-13 20:30:00+00:00,0.08828
2026-02-13 20:45:00+00:00,0.08025
2026-02-13 21:00:00+00:00,0.091
2026-02-13 21:15:00+00:00,0.08769
2026-02-13 21:30:00+00:00,0.09172
2026-02-13 21:45:00+00:00,0.10324
2026-02-13 22:00:00+00:00,0.09777
2026-02-13 22:15:00+00:00,0.09379000000000001
2026-02-13 22:30:00+00:00,0.09051000000000001
2026-02-13 22:45:00+00:00,0.11159999999999999
2026-02-13 23:00:00+00:00,0.12337999999999999
2026-02-13 23:15:00+00:00,0.1017
2026-02-13 23:30:00+00:00,0.08531
2026-02-13 23:45:00+00:00,0.10004
2026-02-14 00:00:00+00:00,0.11148999999999999
2026-02-14 00:15:00+00:00,0.11277
2026-02-14 00:30:00+00:00,0.09761
2026-02-14 00:45:00+00:00,0.09672
2026-02-14 01:00:00+00:00,0.08386
2026-02-14 01:15:00+00:00,0.09578
2026-02-14 01:30:00+00:00,0.09398000000000001
2026-02-14 01:45:00+00:00,0.09601000000000001
2026-02-14 02:00:00+00:00,0.09232
2026-02-14 02:15:00+00:00,0.09395
2026-02-14 02:30:00+00:00,0.06355
2026-02-14 02:45:00+00:00,0.09911
2026-02-14 03:00:00+00:00,0.11233
2026-02-14 03:15:00+00:00,0.11428
2026-02-14 03:30:00+00:00,0.1105
2026-02-14 03:45:00+00:00,0.10515000000000001
2026-02-14 04:00:00+00:00,0.11839
2026-02-14 04:15:00+00:00,0.11583
2026-02-14 04:30:00+00:00,0.08276
2026-02-14 04:45:00+00:00,0.10262
2026-02-14 05:00:00+00:00,0.12465999999999999
2026-02-14 05:15:00+00:00,0.11573
2026-02-14 05:30:00+00:00,0.10168
2026-02-14 05:45:00+00:00,0.12304000000000001
2026-02-14 06:00:00+00:00,0.1259
2026-02-14 06:15:00+00:00,0.13193000000000002
2026-02-14 06:30:00+00:00,0.09412000000000001
2026-02-14 06:45:00+00:00,0.11827
2026-02-14 07:00:00+00:00,0.13532
2026-02-14 07:15:00+00:00,0.12026
2026-02-14 07:30:00+00:00,0.12638
2026-02-14 07:45:00+00:00,0.1277
2026-02-14 08:00:00+00:00,0.1274
2026-02-14 08:15:00+00:00,0.13578
2026-02-14 08:30:00+00:00,0.13215000000000002
2026-02-14 08:45:00+00:00,0.13218000000000002
2026-02-14 09:00:00+00:00,0.13234
2026-02-14 09:15:00+00:00,0.12264
2026-02-14 09:30:00+00:00,0.11982999999999999
2026-02-14 09:45:00+00:00,0.10936
2026-02-14 10:00:00+00:00,0.13469
2026-02-14 10:15:00+00:00,0.12587
2026-02-14 10:30:00+00:00,0.1377
2026-02-14 10:45:00+00:00,0.12605
2026-02-14 11:00:00+00:00,0.11492000000000001
2026-02-14 11:15:00+00:00,0.12057
2026-02-14 11:30:00+00:00,0.11892
2026-02-14 11:45:00+00:00,0.12031
2026-02-14 12:00:00+00:00,0.11757
2026-02-14 12:15:00+00:00,0.10482
2026-02-14 12:30:00+00:00,0.12185
2026-02-14 12:45:00+00:00,0.12304000000000001
2026-02-14 13:00:00+00:00,0.12905
2026-02-14 13:15:00+00:00,0.12337999999999999
2026-02-14 13:30:00+00:00,0.13532
2026-02-14 13:45:00+00:00,0.12856
2026-02-14 14:00:00+00:00,0.14039
2026-02-14 14:15:00+00:00,0.1308
2026-02-14 14:30:00+00:00,0.13695
2026-02-14 14:45:00+00:00,0.16004
2026-02-14 15:00:00+00:00,0.108
2026-02-14 15:15:00+00:00,0.13122
2026-02-14 15:30:00+00:00,0.15707
2026-02-14 15:45:00+00:00,0.13288999999999998
2026-02-14 16:00:00+00:00,0.12381
2026-02-14 16:15:00+00:00,0.10748999999999999
2026-02-14 16:30:00+00:00,0.12759
2026-02-14 16:45:00+00:00,0.11844
2026-02-14 17:00:00+00:00,0.14507
2026-02-14 17:15:00+00:00,0.13201
2026-02-14 17:30:00+00:00,0.13027
2026-02-14 17:45:00+00:00,0.13437000000000002
2026-02-14 18:00:00+00:00,0.1286
2026-02-14 18:15:00+00:00,0.13488999999999998
2026-02-14 18:30:00+00:00,0.13422
2026-02-14 18:45:00+00:00,0.12547
2026-02-14 19:00:00+00:00,0.13354
2026-02-14 19:15:00+00:00,0.12981
2026-02-14 19:30:00+00:00,0.17239
2026-02-14 19:45:00+00:00,0.18219
2026-02-14 20:00:00+00:00,0.12936
2026-02-14 20:15:00+00:00,0.15858
2026-02-14 20:30:00+00:00,0.17868
2026-02-14 20:45:00+00:00,0.16540000000000002
2026-02-14 21:00:00+00:00,0.13962
2026-02-14 21:15:00+00:00,0.12514
2026-02-14 21:30:00+00:00,0.15252000000000002
2026-02-14 21:45:00+00:00,0.18018
2026-02-14 22:00:00+00:00,0.13996
2026-02-14 22:15:00+00:00,0.12571
2026-02-14 22:30:00+00:00,0.10515000000000001
2026-02-14 22:45:00+00:00,0.12071
2026-02-14 23:00:00+00:00,0.08086
2026-02-14 23:15:00+00:00,0.11415
2026-02-14 23:30:00+00:00,0.13041999999999998
2026-02-14 23:45:00+00:00,0.10509
2026-02-15 00:00:00+00:00,0.13303
2026-02-15 00:15:00+00:00,0.1013
2026-02-15 00:30:00+00:00,0.12862
2026-02-15 00:45:00+00:00,0.08573
2026-02-15 01:00:00+00:00,0.11869
2026-02-15 01:15:00+00:00,0.12323999999999999
2026-02-15 01:30:00+00:00,0.09756000000000001
2026-02-15 01:45:00+00:00,0.08965999999999999
2026-02-15 02:00:00+00:00,0.09909
2026-02-15 02:15:00+00:00,0.11776
2026-02-15 02:30:00+00:00,0.13319999999999999
2026-02-15 02:45:00+00:00,0.13682
2026-02-15 03:00:00+00:00,0.13221
2026-02-15 03:15:00+00:00,0.10732
2026-02-15 03:30:00+00:00,0.13741
2026-02-15 03:45:00+00:00,0.10778
2026-02-15 04:00:00+00:00,0.12002
2026-02-15 04:15:00+00:00,0.12977
2026-02-15 04:30:00+00:00,0.14124
2026-02-15 04:45:00+00:00,0.10787999999999999
2026-02-15 05:00:00+00:00,0.13237000000000002
2026-02-15 05:15:00+00:00,0.11484
2026-02-15 05:30:00+00:00,0.19381
2026-02-15 05:45:00+00:00,0.18954
2026-02-15 06:00:00+00:00,0.14403
2026-02-15 06:15:00+00:00,0.12601
2026-02-15 06:30:00+00:00,0.15782
2026-02-15 06:45:00+00:00,0.14912999999999998
2026-02-15 07:00:00+00:00,0.12465000000000001
2026-02-15 07:15:00+00:00,0.13633
2026-02-15 07:30:00+00:00,0.16041
2026-02-15 07:45:00+00:00,0.13599
2026-02-15 08:00:00+00:00,0.17367
2026-02-15 08:15:00+00:00,0.14877
2026-02-15 08:30:00+00:00,0.12661
2026-02-15 08:45:00+00:00,0.13398
2026-02-15 09:00:00+00:00,0.11566
2026-02-15 09:15:00+00:00,0.12857
2026-02-15 09:30:00+00:00,0.11019
2026-02-15 09:45:00+00:00,0.12347
2026-02-15 10:00:00+00:00,0.12584
2026-02-15 10:15:00+00:00,0.12232
2026-02-15 10:30:00+00:00,0.09325
2026-02-15 10:45:00+00:00,0.11379
2026-02-15 11:00:00+00:00,0.11448
2026-02-15 11:15:00+00:00,0.12626
2026-02-15 11:30:00+00:00,0.1006
2026-02-15 11:45:00+00:00,0.10327
2026-02-15 12:00:00+00:00,0.12157
2026-02-15 12:15:00+00:00,0.11675
2026-02-15 12:30:00+00:00,0.10225
2026-02-15 12:45:00+00:00,0.09577
2026-02-15 13:00:00+00:00,0.10582
2026-02-15 13:15:00+00:00,0.11434
2026-02-15 13:30:00+00:00,0.11548
2026-02-15 13:45:00+00:00,0.11309000000000001
2026-02-15 14:00:00+00:00,0.12188
2026-02-15 14:15:00+00:00,0.11284000000000001
2026-02-15 14:30:00+00:00,0.12054000000000001
2026-02-15 14:45:00+00:00,0.136
2026-02-15 15:00:00+00:00,0.11678
2026-02-15 15:15:00+00:00,0.11229
2026-02-15 15:30:00+00:00,0.10723
2026-02-15 15:45:00+00:00,0.12173
2026-02-15 16:00:00+00:00,0.12857
2026-02-15 16:15:00+00:00,0.12476000000000001
2026-02-15 16:30:00+00:00,0.12168000000000001
2026-02-15 16:45:00+00:00,0.12703
2026-02-15 17:00:00+00:00,0.12443000000000001
2026-02-15 17:15:00+00:00,0.12778
2026-02-15 17:30:00+00:00,0.12506
2026-02-15 17:45:00+00:00,0.12803
2026-02-15 18:00:00+00:00,0.12654
2026-02-15 18:15:00+00:00,0.11181999999999999
2026-02-15 18:30:00+00:00,0.12711
2026-02-15 18:45:00+00:00,0.13268000000000002
2026-02-15 19:00:00+00:00,0.13093000000000002
2026-02-15 19:15:00+00:00,0.11952
2026-02-15 19:30:00+00:00,0.13033
2026-02-15 19:45:00+00:00,0.13231
2026-02-15 20:00:00+00:00,0.12278
2026-02-15 20:15:00+00:00,0.13141
2026-02-15 20:30:00+00:00,0.14127
2026-02-15 20:45:00+00:00,0.13241
2026-02-15 21:00:00+00:00,0.13441
2026-02-15 21:15:00+00:00,0.12139
2026-02-15 21:30:00+00:00,0.15283000000000002
2026-02-15 21:45:00+00:00,0.13757
2026-02-15 22:00:00+00:00,0.13547
2026-02-15 22:15:00+00:00,0.12943000000000002
2026-02-15 22:30:00+00:00,0.13340000000000002
2026-02-15 22:45:00+00:00,0.14729
2026-02-15 23:00:00+00:00,0.19834000000000002
2026-02-15 23:15:00+00:00,0.1008
2026-02-15 23:30:00+00:00,0.11405
2026-02-15 23:45:00+00:00,0.20202
2026-02-16 00:00:00+00:00,0.12456999999999999
2026-02-16 00:15:00+00:00,0.13113999999999998
2026-02-16 00:30:00+00:00,0.10972
2026-02-16 00:45:00+00:00,0.13426
2026-02-16 01:00:00+00:00,0.09581
2026-02-16 01:15:00+00:00,0.09719
2026-02-16 01:30:00+00:00,0.25046
2026-02-16 01:45:00+00:00,0.17487
2026-02-16 02:00:00+00:00,0.17042
2026-02-16 02:15:00+00:00,0.23465
2026-02-16 02:30:00+00:00,0.12046
2026-02-16 02:45:00+00:00,0.14118
2026-02-16 03:00:00+00:00,0.12872999999999998
2026-02-16 03:15:00+00:00,0.13978
2026-02-16 03:30:00+00:00,0.15661000000000003
2026-02-16 03:45:00+00:00,0.0943
2026-02-16 04:00:00+00:00,0.09381999999999999
2026-02-16 04:15:00+00:00,0.13097
2026-02-16 04:30:00+00:00,0.10537
2026-02-16 04:45:00+00:00,0.1051
2026-02-16 05:00:00+00:00,0.09909
2026-02-16 05:15:00+00:00,0.09670999999999999
2026-02-16 05:30:00+00:00,0.016829999999999998
2026-02-16 05:45:00+00:00,0.08727
2026-02-16 06:00:00+00:00,0.07683
2026-02-16 06:15:00+00:00,0.09694
2026-02-16 06:30:00+00:00,0.05646
2026-02-16 06:45:00+00:00,0.01933
2026-02-16 07:00:00+00:00,0.07919
2026-02-16 07:15:00+00:00,0.08544
2026-02-16 07:30:00+00:00,0.04802
2026-02-16 07:45:00+00:00,0.04375
2026-02-16 08:00:00+00:00,0.06812
2026-02-16 08:15:00+00:00,0.09264
2026-02-16 08:30:00+00:00,0.08433
2026-02-16 08:45:00+00:00,0.05996
2026-02-16 09:00:00+00:00,0.08556
2026-02-16 09:15:00+00:00,0.07912000000000001
2026-02-16 09:30:00+00:00,0.053689999999999995
2026-02-16 09:45:00+00:00,0.057
2026-02-16 10:00:00+00:00,0.08227
2026-02-16 10:15:00+00:00,0.08946
2026-02-16 10:30:00+00:00,0.05694
2026-02-16 10:45:00+00:00,0.06365
2026-02-16 11:00:00+00:00,0.11459
2026-02-16 11:15:00+00:00,0.09701
2026-02-16 11:30:00+00:00,0.07612000000000001
2026-02-16 11:45:00+00:00,0.05813
2026-02-16 12:00:00+00:00,0.08814
2026-02-16 12:15:00+00:00,0.0887
2026-02-16 12:30:00+00:00,0.09440000000000001
2026-02-16 12:45:00+00:00,0.09568
2026-02-16 13:00:00+00:00,0.14701
2026-02-16 13:15:00+00:00,0.10228
2026-02-16 13:30:00+00:00,0.09223999999999999
2026-02-16 13:45:00+00:00,0.12832
2026-02-16 14:00:00+00:00,0.16502
2026-02-16 14:15:00+00:00,0.1039
2026-02-16 14:30:00+00:00,0.17003000000000001
2026-02-16 14:45:00+00:00,0.08644
2026-02-16 15:00:00+00:00,0.12723
2026-02-16 15:15:00+00:00,0.10331
2026-02-16 15:30:00+00:00,0.12326999999999999
2026-02-16 15:45:00+00:00,0.10141
2026-02-16 16:00:00+00:00,0.09114
2026-02-16 16:15:00+00:00,0.07438
2026-02-16 16:30:00+00:00,0.08981
2026-02-16 16:45:00+00:00,0.09068999999999999
2026-02-16 17:00:00+00:00,0.07744
2026-02-16 17:15:00+00:00,0.07856999999999999
2026-02-16 17:30:00+00:00,0.05833
2026-02-16 17:45:00+00:00,0.07770999999999999
2026-02-16 18:00:00+00:00,0.06441
2026-02-16 18:15:00+00:00,0.0755
2026-02-16 18:30:00+00:00,0.0519
2026-02-16 18:45:00+00:00,0.041530000000000004
2026-02-16 19:00:00+00:00,0.10264
2026-02-16 19:15:00+00:00,0.09623000000000001
2026-02-16 19:30:00+00:00,0.09616
2026-02-16 19:45:00+00:00,0.09873
2026-02-16 20:00:00+00:00,0.09251000000000001
2026-02-16 20:15:00+00:00,0.09004999999999999
2026-02-16 20:30:00+00:00,0.11447
2026-02-16 20:45:00+00:00,0.10321
2026-02-16 21:00:00+00:00,0.11657
2026-02-16 21:15:00+00:00,0.09219
2026-02-16 21:30:00+00:00,0.09672
2026-02-16 21:45:00+00:00,0.10309
2026-02-16 22:00:00+00:00,0.09966
2026-02-16 22:15:00+00:00,0.11665
2026-02-16 22:30:00+00:00,0.08626
2026-02-16 22:45:00+00:00,-0.6649400000000001
2026-02-16 23:00:00+00:00,0.09662000000000001
2026-02-16 23:15:00+00:00,0.07784
2026-02-16 23:30:00+00:00,0.08446
2026-02-16 23:45:00+00:00,0.07558
2026-02-17 00:00:00+00:00,0.07579000000000001
2026-02-17 00:15:00+00:00,0.0724
2026-02-17 00:30:00+00:00,0.06839
2026-02-17 00:45:00+00:00,0.09559000000000001
2026-02-17 01:00:00+00:00,0.09006
2026-02-17 01:15:00+00:00,0.07867
2026-02-17 01:30:00+00:00,0.09251999999999999
2026-02-17 01:45:00+00:00,0.08181999999999999
2026-02-17 02:00:00+00:00,0.07898999999999999
2026-02-17 02:15:00+00:00,0.07801000000000001
2026-02-17 02:30:00+00:00,0.09913
2026-02-17 02:45:00+00:00,0.07487
2026-02-17 03:00:00+00:00,0.06714
2026-02-17 03:15:00+00:00,0.06531999999999999
2026-02-17 03:30:00+00:00,0.05307
2026-02-17 03:45:00+00:00,0.06462000000000001
2026-02-17 04:00:00+00:00,0.1178
2026-02-17 04:15:00+00:00,0.07299
2026-02-17 04:30:00+00:00,0.06793
2026-02-17 04:45:00+00:00,0.061369999999999994
2026-02-17 05:00:00+00:00,0.07354000000000001
2026-02-17 05:15:00+00:00,0.06453
2026-02-17 05:30:00+00:00,0.07238
2026-02-17 05:45:00+00:00,0.0555
2026-02-17 06:00:00+00:00,0.05994
2026-02-17 06:15:00+00:00,0.063
2026-02-17 06:30:00+00:00,0.04414
2026-02-17 06:45:00+00:00,0.048960000000000004
2026-02-17 07:00:00+00:00,0.02794
2026-02-17 07:15:00+00:00,0.06803000000000001
2026-02-17 07:30:00+00:00,0.06175
2026-02-17 07:45:00+00:00,0.08886
2026-02-17 08:00:00+00:00,0.06388
2026-02-17 08:15:00+00:00,0.08033
2026-02-17 08:30:00+00:00,1.5472000000000001
2026-02-17 08:45:00+00:00,1.6190799999999999
2026-02-17 09:00:00+00:00,0.08331000000000001
2026-02-17 09:15:00+00:00,0.07895999999999999
2026-02-17 09:30:00+00:00,1.49369
2026-02-17 09:45:00+00:00,1.6059400000000001
2026-02-17 10:00:00+00:00,0.0874
2026-02-17 10:15:00+00:00,0.1001
2026-02-17 10:30:00+00:00,0.10609
2026-02-17 10:45:00+00:00,2.09549
2026-02-17 11:00:00+00:00,1.9536600000000002
2026-02-17 11:15:00+00:00,1.32363
2026-02-17 11:30:00+00:00,0.07171999999999999
2026-02-17 11:45:00+00:00,1.09976
2026-02-17 12:00:00+00:00,0.08181000000000001
2026-02-17 12:15:00+00:00,1.358
2026-02-17 12:30:00+00:00,0.10249
2026-02-17 12:45:00+00:00,1.4303599999999999
2026-02-17 13:00:00+00:00,0.07296
2026-02-17 13:15:00+00:00,0.08465
2026-02-17 13:30:00+00:00,0.07873000000000001
2026-02-17 13:45:00+00:00,1.22382
2026-02-17 14:00:00+00:00,1.3115299999999999
2026-02-17 14:15:00+00:00,1.2351800000000002
2026-02-17 14:30:00+00:00,0.10175
2026-02-17 14:45:00+00:00,0.07461
2026-02-17 15:00:00+00:00,0.12894
2026-02-17 15:15:00+00:00,0.08362
2026-02-17 15:30:00+00:00,0.08668000000000001
2026-02-17 15:45:00+00:00,0.08997
2026-02-17 16:00:00+00:00,0.07435
2026-02-17 16:15:00+00:00,0.05794
2026-02-17 16:30:00+00:00,0.07762999999999999
2026-02-17 16:45:00+00:00,0.06833
2026-02-17 17:00:00+00:00,0.07825
2026-02-17 17:15:00+00:00,0.10031999999999999
2026-02-17 17:30:00+00:00,0.15725999999999998
2026-02-17 17:45:00+00:00,0.14959
2026-02-17 18:00:00+00:00,0.12518
2026-02-17 18:15:00+00:00,0.11668
2026-02-17 18:30:00+00:00,0.14908000000000002
2026-02-17 18:45:00+00:00,0.11825
2026-02-17 19:00:00+00:00,0.12855
2026-02-17 19:15:00+00:00,0.10818000000000001
2026-02-17 19:30:00+00:00,0.09456999999999999
2026-02-17 19:45:00+00:00,0.09656999999999999
2026-02-17 20:00:00+00:00,0.07719
2026-02-17 20:15:00+00:00,0.07662000000000001
2026-02-17 20:30:00+00:00,0.04511
2026-02-17 20:45:00+00:00,0.039990000000000005
2026-02-17 21:00:00+00:00,0.09497
2026-02-17 21:15:00+00:00,0.08406
2026-02-17 21:30:00+00:00,0.08422
2026-02-17 21:45:00+00:00,0.08072
2026-02-17 22:00:00+00:00,0.07864
2026-02-17 22:15:00+00:00,0.08893999999999999
2026-02-17 22:30:00+00:00,0.06645000000000001
2026-02-17 22:45:00+00:00,0.08575
2026-02-17 23:00:00+00:00,0.16291
2026-02-17 23:15:00+00:00,0.17798
2026-02-17 23:30:00+00:00,0.12678
2026-02-17 23:45:00+00:00,0.12143000000000001
2026-02-18 00:00:00+00:00,0.10962999999999999
2026-02-18 00:15:00+00:00,0.08368
2026-02-18 00:30:00+00:00,0.07512
2026-02-18 00:45:00+00:00,0.10506
2026-02-18 01:00:00+00:00,0.07066
2026-02-18 01:15:00+00:00,0.06953
2026-02-18 01:30:00+00:00,0.07306
2026-02-18 01:45:00+00:00,0.08521
2026-02-18 02:00:00+00:00,0.07418999999999999
2026-02-18 02:15:00+00:00,0.07112
2026-02-18 02:30:00+00:00,0.08409
2026-02-18 02:45:00+00:00,0.08658
2026-02-18 03:00:00+00:00,0.09043000000000001
2026-02-18 03:15:00+00:00,0.08263
2026-02-18 03:30:00+00:00,0.08889
2026-02-18 03:45:00+00:00,0.08144
2026-02-18 04:00:00+00:00,0.0848
2026-02-18 04:15:00+00:00,0.06712
2026-02-18 04:30:00+00:00,0.07124
2026-02-18 04:45:00+00:00,0.08019
2026-02-18 05:00:00+00:00,0.0945
2026-02-18 05:15:00+00:00,0.08932
2026-02-18 05:30:00+00:00,0.08472
2026-02-18 05:45:00+00:00,0.09481
2026-02-18 06:00:00+00:00,0.12812
2026-02-18 06:15:00+00:00,0.11484
2026-02-18 06:30:00+00:00,0.0906
2026-02-18 06:45:00+00:00,0.11843000000000001
2026-02-18 07:00:00+00:00,0.13294
2026-02-18 07:15:00+00:00,0.11497
2026-02-18 07:30:00+00:00,0.11506999999999999
2026-02-18 07:45:00+00:00,0.13555
2026-02-18 08:00:00+00:00,0.10284
2026-02-18 08:15:00+00:00,0.13327
2026-02-18 08:30:00+00:00,0.1115
2026-02-18 08:45:00+00:00,0.13804
2026-02-18 09:00:00+00:00,0.12735
2026-02-18 09:15:00+00:00,0.09997
2026-02-18 09:30:00+00:00,0.15644
2026-02-18 09:45:00+00:00,0.24616
2026-02-18 10:00:00+00:00,0.13541
2026-02-18 10:15:00+00:00,0.09406999999999999
2026-02-18 10:30:00+00:00,0.11776
2026-02-18 10:45:00+00:00,0.13132
2026-02-18 11:00:00+00:00,0.20789
2026-02-18 11:15:00+00:00,0.21009999999999998
2026-02-18 11:30:00+00:00,0.11772
2026-02-18 11:45:00+00:00,0.16228
2026-02-18 12:00:00+00:00,0.6541699999999999
2026-02-18 12:15:00+00:00,0.15916
2026-02-18 12:30:00+00:00,0.08491
2026-02-18 12:45:00+00:00,0.15116
2026-02-18 13:00:00+00:00,0.10870999999999999
2026-02-18 13:15:00+00:00,0.10473
2026-02-18 13:30:00+00:00,0.10617
2026-02-18 13:45:00+00:00,0.13182
2026-02-18 14:00:00+00:00,0.09215000000000001
2026-02-18 14:15:00+00:00,0.09356999999999999
2026-02-18 14:30:00+00:00,0.0855
2026-02-18 14:45:00+00:00,0.06815
2026-02-18 15:00:00+00:00,0.15734
2026-02-18 15:15:00+00:00,0.10937999999999999
2026-02-18 15:30:00+00:00,0.14675
2026-02-18 15:45:00+00:00,0.12533
2026-02-18 16:00:00+00:00,0.11606999999999999
2026-02-18 16:15:00+00:00,0.14206
2026-02-18 16:30:00+00:00,0.11544
2026-02-18 16:45:00+00:00,0.07970999999999999
2026-02-18 17:00:00+00:00,0.13699
2026-02-18 17:15:00+00:00,0.12993000000000002
2026-02-18 17:30:00+00:00,0.10672
2026-02-18 17:45:00+00:00,0.097
2026-02-18 18:00:00+00:00,0.12340999999999999
2026-02-18 18:15:00+00:00,0.10908
2026-02-18 18:30:00+00:00,0.09492
2026-02-18 18:45:00+00:00,0.09398999999999999
2026-02-18 19:00:00+00:00,0.07145
2026-02-18 19:15:00+00:00,0.07501000000000001
2026-02-18 19:30:00+00:00,0.046369999999999995
2026-02-18 19:45:00+00:00,0.05976
2026-02-18 20:00:00+00:00,0.08401
2026-02-18 20:15:00+00:00,0.06394
2026-02-18 20:30:00+00:00,0.08728
2026-02-18 20:45:00+00:00,0.09431999999999999
2026-02-18 21:00:00+00:00,0.10524
2026-02-18 21:15:00+00:00,0.07848000000000001
2026-02-18 21:30:00+00:00,0.07132
2026-02-18 21:45:00+00:00,0.06714
2026-02-18 22:00:00+00:00,0.09943
2026-02-18 22:15:00+00:00,0.10328
2026-02-18 22:30:00+00:00,0.07426
2026-02-18 22:45:00+00:00,0.07171999999999999
2026-02-18 23:00:00+00:00,0.08102
2026-02-18 23:15:00+00:00,0.08170999999999999
2026-02-18 23:30:00+00:00,0.08444
2026-02-18 23:45:00+00:00,0.08368
2026-02-19 00:00:00+00:00,0.09834
2026-02-19 00:15:00+00:00,0.10006999999999999
2026-02-19 00:30:00+00:00,0.09040000000000001
2026-02-19 00:45:00+00:00,0.09248
2026-02-19 01:00:00+00:00,0.07288
2026-02-19 01:15:00+00:00,0.07254000000000001
2026-02-19 01:30:00+00:00,0.12117
2026-02-19 01:45:00+00:00,0.07356
2026-02-19 02:00:00+00:00,0.08826
2026-02-19 02:15:00+00:00,0.07445
2026-02-19 02:30:00+00:00,0.07967
2026-02-19 02:45:00+00:00,0.0742
2026-02-19 03:00:00+00:00,0.0783
2026-02-19 03:15:00+00:00,0.06534999999999999
2026-02-19 03:30:00+00:00,0.0916
2026-02-19 03:45:00+00:00,0.12089
2026-02-19 04:00:00+00:00,0.08351
2026-02-19 04:15:00+00:00,0.07584
2026-02-19 04:30:00+00:00,0.08831
2026-02-19 04:45:00+00:00,0.08624
2026-02-19 05:00:00+00:00,0.08691
2026-02-19 05:15:00+00:00,0.11215
2026-02-19 05:30:00+00:00,0.07583
2026-02-19 05:45:00+00:00,0.06495999999999999
2026-02-19 06:00:00+00:00,0.12323
2026-02-19 06:15:00+00:00,0.08706
2026-02-19 06:30:00+00:00,0.0819
2026-02-19 06:45:00+00:00,0.13421
2026-02-19 07:00:00+00:00,0.10468000000000001
2026-02-19 07:15:00+00:00,0.09303
2026-02-19 07:30:00+00:00,0.11283
2026-02-19 07:45:00+00:00,0.10608
2026-02-19 08:00:00+00:00,0.09877
2026-02-19 08:15:00+00:00,0.09004000000000001
2026-02-19 08:30:00+00:00,0.0846
2026-02-19 08:45:00+00:00,0.08029
2026-02-19 09:00:00+00:00,0.10168
2026-02-19 09:15:00+00:00,0.08259999999999999
2026-02-19 09:30:00+00:00,0.07972
2026-02-19 09:45:00+00:00,0.05135
2026-02-19 10:00:00+00:00,0.15530000000000002
2026-02-19 10:15:00+00:00,0.11927
2026-02-19 10:30:00+00:00,0.12434
2026-02-19 10:45:00+00:00,0.09506999999999999
2026-02-19 11:00:00+00:00,0.07718000000000001
2026-02-19 11:15:00+00:00,0.08025
2026-02-19 11:30:00+00:00,0.06951
2026-02-19 11:45:00+00:00,0.08679
2026-02-19 12:00:00+00:00,0.09198
2026-02-19 12:15:00+00:00,0.07442
2026-02-19 12:30:00+00:00,0.066
2026-02-19 12:45:00+00:00,0.22191
2026-02-19 13:00:00+00:00,0.06779
2026-02-19 13:15:00+00:00,0.053399999999999996
2026-02-19 13:30:00+00:00,0.09620000000000001
2026-02-19 13:45:00+00:00,0.32355
2026-02-19 14:00:00+00:00,0.08104
2026-02-19 14:15:00+00:00,0.05784
2026-02-19 14:30:00+00:00,0.04572
2026-02-19 14:45:00+00:00,0.05768
2026-02-19 15:00:00+00:00,0.04846
2026-02-19 15:15:00+00:00,0.060649999999999996
2026-02-19 15:30:00+00:00,0.040060000000000005
2026-02-19 15:45:00+00:00,0.04968
2026-02-19 16:00:00+00:00,0.06641
2026-02-19 16:15:00+00:00,0.08231999999999999
2026-02-19 16:30:00+00:00,0.0782
2026-02-19 16:45:00+00:00,0.08764
2026-02-19 17:00:00+00:00,0.07116
2026-02-19 17:15:00+00:00,0.09092
2026-02-19 17:30:00+00:00,0.09201999999999999
2026-02-19 17:45:00+00:00,0.08116
2026-02-19 18:00:00+00:00,0.08338
2026-02-19 18:15:00+00:00,0.08641
2026-02-19 18:30:00+00:00,0.10338
2026-02-19 18:45:00+00:00,0.10122
2026-02-19 19:00:00+00:00,0.11756
2026-02-19 19:15:00+00:00,1.53059
2026-02-19 19:30:00+00:00,0.09902
2026-02-19 19:45:00+00:00,0.04263
2026-02-19 20:00:00+00:00,0.08134999999999999
2026-02-19 20:15:00+00:00,0.05086
2026-02-19 20:30:00+00:00,0.07239
2026-02-19 20:45:00+00:00,0.07676000000000001
2026-02-19 21:00:00+00:00,0.07762999999999999
2026-02-19 21:15:00+00:00,0.07657
2026-02-19 21:30:00+00:00,0.06445000000000001
2026-02-19 21:45:00+00:00,0.048530000000000004
2026-02-19 22:00:00+00:00,0.09053
2026-02-19 22:15:00+00:00,0.08361
2026-02-19 22:30:00+00:00,0.08197
2026-02-19 22:45:00+00:00,0.06012
2026-02-19 23:00:00+00:00,0.08448
2026-02-19 23:15:00+00:00,0.08476
2026-02-19 23:30:00+00:00,0.07535
2026-02-19 23:45:00+00:00,0.054020000000000006
2026-02-20 00:00:00+00:00,0.06341
2026-02-20 00:15:00+00:00,0.07124
2026-02-20 00:30:00+00:00,0.08868000000000001
2026-02-20 00:45:00+00:00,0.07422
2026-02-20 01:00:00+00:00,0.06584999999999999
2026-02-20 01:15:00+00:00,0.07759
2026-02-20 01:30:00+00:00,0.10955
2026-02-20 01:45:00+00:00,0.08065
2026-02-20 02:00:00+00:00,0.06989
2026-02-20 02:15:00+00:00,0.05607
2026-02-20 02:30:00+00:00,0.06981
2026-02-20 02:45:00+00:00,0.06314
2026-02-20 03:00:00+00:00,0.06021
2026-02-20 03:15:00+00:00,0.1066
2026-02-20 03:30:00+00:00,0.08225
2026-02-20 03:45:00+00:00,0.07582
2026-02-20 04:00:00+00:00,0.06372
2026-02-20 04:15:00+00:00,0.06562
2026-02-20 04:30:00+00:00,0.038729999999999994
2026-02-20 04:45:00+00:00,0.06548000000000001
2026-02-20 05:00:00+00:00,0.07339
2026-02-20 05:15:00+00:00,0.08735
2026-02-20 05:30:00+00:00,0.07396
2026-02-20 05:45:00+00:00,0.07467
2026-02-20 06:00:00+00:00,0.07219
2026-02-20 06:15:00+00:00,0.09391
2026-02-20 06:30:00+00:00,0.0927
2026-02-20 06:45:00+00:00,0.11787
2026-02-20 07:00:00+00:00,0.10794
2026-02-20 07:15:00+00:00,0.10403
2026-02-20 07:30:00+00:00,0.07485
2026-02-20 07:45:00+00:00,0.08027
2026-02-20 08:00:00+00:00,0.13999
2026-02-20 08:15:00+00:00,0.07945
2026-02-20 08:30:00+00:00,0.09043000000000001
2026-02-20 08:45:00+00:00,0.12257
2026-02-20 09:00:00+00:00,0.08142
2026-02-20 09:15:00+00:00,0.07912000000000001
2026-02-20 09:30:00+00:00,0.11575
2026-02-20 09:45:00+00:00,0.12944999999999998
2026-02-20 10:00:00+00:00,0.09344
2026-02-20 10:15:00+00:00,0.08391
2026-02-20 10:30:00+00:00,0.09695000000000001
2026-02-20 10:45:00+00:00,0.09084
2026-02-20 11:00:00+00:00,0.07013
2026-02-20 11:15:00+00:00,0.09592
2026-02-20 11:30:00+00:00,0.1007
2026-02-20 11:45:00+00:00,0.08832999999999999
2026-02-20 12:00:00+00:00,0.08954999999999999
2026-02-20 12:15:00+00:00,0.0869
2026-02-20 12:30:00+00:00,0.07792
2026-02-20 12:45:00+00:00,0.08658
2026-02-20 13:00:00+00:00,0.07384
2026-02-20 13:15:00+00:00,0.07836
2026-02-20 13:30:00+00:00,0.10739
2026-02-20 13:45:00+00:00,0.09098
2026-02-20 14:00:00+00:00,0.07585
2026-02-20 14:15:00+00:00,0.07404999999999999
2026-02-20 14:30:00+00:00,0.08384
2026-02-20 14:45:00+00:00,0.09326000000000001
2026-02-20 15:00:00+00:00,0.08151
2026-02-20 15:15:00+00:00,0.08664
2026-02-20 15:30:00+00:00,0.10302
2026-02-20 15:45:00+00:00,0.10182
2026-02-20 16:00:00+00:00,0.09743
2026-02-20 16:15:00+00:00,0.07804000000000001
2026-02-20 16:30:00+00:00,0.08862
2026-02-20 16:45:00+00:00,0.10601000000000001
2026-02-20 17:00:00+00:00,0.02825
2026-02-20 17:15:00+00:00,0.07434
2026-02-20 17:30:00+00:00,0.09953000000000001
2026-02-20 17:45:00+00:00,0.11444
2026-02-20 18:00:00+00:00,0.36164999999999997
2026-02-20 18:15:00+00:00,0.11519
2026-02-20 18:30:00+00:00,0.13717
2026-02-20 18:45:00+00:00,0.12355
2026-02-20 19:00:00+00:00,0.11861
2026-02-20 19:15:00+00:00,0.11339
2026-02-20 19:30:00+00:00,0.10478
2026-02-20 19:45:00+00:00,0.10473
2026-02-20 20:00:00+00:00,0.23909
2026-02-20 20:15:00+00:00,0.17074
2026-02-20 20:30:00+00:00,0.07831999999999999
2026-02-20 20:45:00+00:00,0.26089999999999997
2026-02-20 21:00:00+00:00,0.07339
2026-02-20 21:15:00+00:00,0.02218
2026-02-20 21:30:00+00:00,0.01754
2026-02-20 21:45:00+00:00,0.19607
2026-02-20 22:00:00+00:00,0.08227
2026-02-20 22:15:00+00:00,0.04995
2026-02-20 22:30:00+00:00,0.0422
2026-02-20 22:45:00+00:00,0.00418
2026-02-20 23:00:00+00:00,0.04239
2026-02-20 23:15:00+00:00,0.02585
2026-02-20 23:30:00+00:00,0.039689999999999996
2026-02-20 23:45:00+00:00,0.03024
2026-02-21 00:00:00+00:00,0.04231
2026-02-21 00:15:00+00:00,0.02191
2026-02-21 00:30:00+00:00,0.06387
2026-02-21 00:45:00+00:00,0.02702
2026-02-21 01:00:00+00:00,0.054189999999999995
2026-02-21 01:15:00+00:00,-0.006730000000000001
2026-02-21 01:30:00+00:00,0.07559
2026-02-21 01:45:00+00:00,0.0508
2026-02-21 02:00:00+00:00,0.05128
2026-02-21 02:15:00+00:00,0.03665
2026-02-21 02:30:00+00:00,0.07045
2026-02-21 02:45:00+00:00,0.022850000000000002
2026-02-21 03:00:00+00:00,0.023809999999999998
2026-02-21 03:15:00+00:00,0.08868000000000001
2026-02-21 03:30:00+00:00,0.02705
2026-02-21 03:45:00+00:00,-0.00020999999999999998
2026-02-21 04:00:00+00:00,0.07071
2026-02-21 04:15:00+00:00,0.05237
2026-02-21 04:30:00+00:00,0.059359999999999996
2026-02-21 04:45:00+00:00,0.02441
2026-02-21 05:00:00+00:00,0.02996
2026-02-21 05:15:00+00:00,0.03719
2026-02-21 05:30:00+00:00,0.023710000000000002
2026-02-21 05:45:00+00:00,0.1281
2026-02-21 06:00:00+00:00,0.06827
2026-02-21 06:15:00+00:00,0.03602
2026-02-21 06:30:00+00:00,0.07012
2026-02-21 06:45:00+00:00,0.033
2026-02-21 07:00:00+00:00,0.0439
2026-02-21 07:15:00+00:00,0.02935
2026-02-21 07:30:00+00:00,0.030109999999999998
2026-02-21 07:45:00+00:00,0.07218000000000001
2026-02-21 08:00:00+00:00,0.08636
2026-02-21 08:15:00+00:00,0.062329999999999997
2026-02-21 08:30:00+00:00,0.07865000000000001
2026-02-21 08:45:00+00:00,0.07889
2026-02-21 09:00:00+00:00,0.07529999999999999
2026-02-21 09:15:00+00:00,0.07837999999999999
2026-02-21 09:30:00+00:00,0.07484
2026-02-21 09:45:00+00:00,0.06323
2026-02-21 10:00:00+00:00,0.08276
2026-02-21 10:15:00+00:00,0.08595
2026-02-21 10:30:00+00:00,0.07053
2026-02-21 10:45:00+00:00,0.07767
2026-02-21 11:00:00+00:00,0.09001
2026-02-21 11:15:00+00:00,0.1044
2026-02-21 11:30:00+00:00,0.26916
2026-02-21 11:45:00+00:00,0.08229
2026-02-21 12:00:00+00:00,0.08832999999999999
2026-02-21 12:15:00+00:00,0.09025
2026-02-21 12:30:00+00:00,0.07086
2026-02-21 12:45:00+00:00,0.08710999999999999
2026-02-21 13:00:00+00:00,0.07109
2026-02-21 13:15:00+00:00,0.07196999999999999
2026-02-21 13:30:00+00:00,0.07676000000000001
2026-02-21 13:45:00+00:00,0.08106000000000001
2026-02-21 14:00:00+00:00,0.06512000000000001
2026-02-21 14:15:00+00:00,0.07751000000000001
2026-02-21 14:30:00+00:00,0.07071
2026-02-21 14:45:00+00:00,0.11724
2026-02-21 15:00:00+00:00,0.08609
2026-02-21 15:15:00+00:00,0.13318000000000002
2026-02-21 15:30:00+00:00,0.10346
2026-02-21 15:45:00+00:00,0.08633
2026-02-21 16:00:00+00:00,0.1007
2026-02-21 16:15:00+00:00,0.09345
2026-02-21 16:30:00+00:00,0.12941
2026-02-21 16:45:00+00:00,0.10537
2026-02-21 17:00:00+00:00,0.10046
2026-02-21 17:15:00+00:00,0.10504999999999999
2026-02-21 17:30:00+00:00,0.12371
2026-02-21 17:45:00+00:00,0.11320999999999999
2026-02-21 18:00:00+00:00,0.08872
2026-02-21 18:15:00+00:00,0.10123
2026-02-21 18:30:00+00:00,0.12051
2026-02-21 18:45:00+00:00,0.09315000000000001
2026-02-21 19:00:00+00:00,0.08653
2026-02-21 19:15:00+00:00,0.08990999999999999
2026-02-21 19:30:00+00:00,0.08206000000000001
2026-02-21 19:45:00+00:00,0.08421
2026-02-21 20:00:00+00:00,0.09054999999999999
2026-02-21 20:15:00+00:00,0.09401999999999999
2026-02-21 20:30:00+00:00,0.0872
2026-02-21 20:45:00+00:00,0.09043000000000001
2026-02-21 21:00:00+00:00,0.09558
2026-02-21 21:15:00+00:00,0.08005
2026-02-21 21:30:00+00:00,0.09972
2026-02-21 21:45:00+00:00,0.07079
2026-02-21 22:00:00+00:00,0.08194
2026-02-21 22:15:00+00:00,0.10101
2026-02-21 22:30:00+00:00,0.14905000000000002
2026-02-21 22:45:00+00:00,0.09262000000000001
2026-02-21 23:00:00+00:00,0.08517
2026-02-21 23:15:00+00:00,0.09168000000000001
2026-02-21 23:30:00+00:00,0.19975
2026-02-21 23:45:00+00:00,0.18541
2026-02-22 00:00:00+00:00,0.10425
2026-02-22 00:15:00+00:00,0.11544
2026-02-22 00:30:00+00:00,0.07633
2026-02-22 00:45:00+00:00,0.07412
2026-02-22 01:00:00+00:00,0.09083
2026-02-22 01:15:00+00:00,0.09715
2026-02-22 01:30:00+00:00,0.10718000000000001
2026-02-22 01:45:00+00:00,0.14107
2026-02-22 02:00:00+00:00,0.14998
2026-02-22 02:15:00+00:00,0.11336
2026-02-22 02:30:00+00:00,0.12387000000000001
2026-02-22 02:45:00+00:00,0.10191
2026-02-22 03:00:00+00:00,0.11742
2026-02-22 03:15:00+00:00,0.07726000000000001
2026-02-22 03:30:00+00:00,0.12928
2026-02-22 03:45:00+00:00,0.12264
2026-02-22 04:00:00+00:00,0.13053
2026-02-22 04:15:00+00:00,0.09573000000000001
2026-02-22 04:30:00+00:00,0.12988999999999998
2026-02-22 04:45:00+00:00,0.11834
2026-02-22 05:00:00+00:00,0.11591
2026-02-22 05:15:00+00:00,0.10857
2026-02-22 05:30:00+00:00,0.10779999999999999
2026-02-22 05:45:00+00:00,0.1004
2026-02-22 06:00:00+00:00,0.09409999999999999
2026-02-22 06:15:00+00:00,0.10601000000000001
2026-02-22 06:30:00+00:00,0.10765000000000001
2026-02-22 06:45:00+00:00,0.13456
2026-02-22 07:00:00+00:00,0.17834
2026-02-22 07:15:00+00:00,0.13924
2026-02-22 07:30:00+00:00,0.15237
2026-02-22 07:45:00+00:00,0.12586
2026-02-22 08:00:00+00:00,0.09018000000000001
2026-02-22 08:15:00+00:00,0.08529
2026-02-22 08:30:00+00:00,0.07962000000000001
2026-02-22 08:45:00+00:00,0.09265999999999999
2026-02-22 09:00:00+00:00,0.08043
2026-02-22 09:15:00+00:00,0.07879000000000001
2026-02-22 09:30:00+00:00,0.08945
2026-02-22 09:45:00+00:00,0.09459999999999999
2026-02-22 10:00:00+00:00,0.08606
2026-02-22 10:15:00+00:00,0.08496
2026-02-22 10:30:00+00:00,0.08562
2026-02-22 10:45:00+00:00,0.10231
2026-02-22 11:00:00+00:00,0.08201
2026-02-22 11:15:00+00:00,0.08447
2026-02-22 11:30:00+00:00,0.08344
2026-02-22 11:45:00+00:00,0.09866
2026-02-22 12:00:00+00:00,0.08345
2026-02-22 12:15:00+00:00,0.06901
2026-02-22 12:30:00+00:00,0.07265
2026-02-22 12:45:00+00:00,0.07317
2026-02-22 13:00:00+00:00,0.07926000000000001
2026-02-22 13:15:00+00:00,0.08169
2026-02-22 13:30:00+00:00,0.06964000000000001
2026-02-22 13:45:00+00:00,0.06359000000000001
2026-02-22 14:00:00+00:00,0.06945
2026-02-22 14:15:00+00:00,0.07432
2026-02-22 14:30:00+00:00,0.07313
2026-02-22 14:45:00+00:00,0.05021
2026-02-22 15:00:00+00:00,0.07697
2026-02-22 15:15:00+00:00,0.09888
2026-02-22 15:30:00+00:00,0.04604
2026-02-22 15:45:00+00:00,0.08131000000000001
2026-02-22 16:00:00+00:00,0.07758
2026-02-22 16:15:00+00:00,0.09024
2026-02-22 16:30:00+00:00,0.09297
2026-02-22 16:45:00+00:00,0.09245
2026-02-22 17:00:00+00:00,0.07675
2026-02-22 17:15:00+00:00,0.08327
2026-02-22 17:30:00+00:00,0.08799
2026-02-22 17:45:00+00:00,0.12872999999999998
2026-02-22 18:00:00+00:00,0.08419
2026-02-22 18:15:00+00:00,0.09109
2026-02-22 18:30:00+00:00,0.22524
2026-02-22 18:45:00+00:00,0.15477000000000002
2026-02-22 19:00:00+00:00,0.08175
2026-02-22 19:15:00+00:00,0.14364
2026-02-22 19:30:00+00:00,0.10406
2026-02-22 19:45:00+00:00,0.16097999999999998
2026-02-22 20:00:00+00:00,0.14802
2026-02-22 20:15:00+00:00,0.1001
2026-02-22 20:30:00+00:00,0.19197
2026-02-22 20:45:00+00:00,0.12156
2026-02-22 21:00:00+00:00,0.09905
2026-02-22 21:15:00+00:00,0.12778
2026-02-22 21:30:00+00:00,0.10592
2026-02-22 21:45:00+00:00,0.10182
2026-02-22 22:00:00+00:00,0.13722
2026-02-22 22:15:00+00:00,0.09587000000000001
2026-02-22 22:30:00+00:00,0.08345999999999999
2026-02-22 22:45:00+00:00,0.07257999999999999
2026-02-22 23:00:00+00:00,0.12556
2026-02-22 23:15:00+00:00,0.05126
2026-02-22 23:30:00+00:00,0.06263
2026-02-22 23:45:00+00:00,0.04525
2026-02-23 00:00:00+00:00,0.07745999999999999
2026-02-23 00:15:00+00:00,0.08015
2026-02-23 00:30:00+00:00,0.05944
2026-02-23 00:45:00+00:00,0.07091
2026-02-23 01:00:00+00:00,0.07267
2026-02-23 01:15:00+00:00,0.07964
2026-02-23 01:30:00+00:00,0.06520000000000001
2026-02-23 01:45:00+00:00,0.05373
2026-02-23 02:00:00+00:00,0.06093
2026-02-23 02:15:00+00:00,0.054189999999999995
2026-02-23 02:30:00+00:00,0.040659999999999995
2026-02-23 02:45:00+00:00,0.03829
2026-02-23 03:00:00+00:00,0.07139
2026-02-23 03:15:00+00:00,0.05396
2026-02-23 03:30:00+00:00,0.04895
2026-02-23 03:45:00+00:00,0.04743
2026-02-23 04:00:00+00:00,0.06218
2026-02-23 04:15:00+00:00,0.04843
2026-02-23 04:30:00+00:00,0.02413
2026-02-23 04:45:00+00:00,0.05225
2026-02-23 05:00:00+00:00,0.07357999999999999
2026-02-23 05:15:00+00:00,0.0425
2026-02-23 05:30:00+00:00,0.06327
2026-02-23 05:45:00+00:00,0.033159999999999995
2026-02-23 06:00:00+00:00,0.04265
2026-02-23 06:15:00+00:00,0.06099
2026-02-23 06:30:00+00:00,0.06952
2026-02-23 06:45:00+00:00,0.06670000000000001
2026-02-23 07:00:00+00:00,0.06806
2026-02-23 07:15:00+00:00,0.062
2026-02-23 07:30:00+00:00,0.06262
2026-02-23 07:45:00+00:00,0.023129999999999998
2026-02-23 08:00:00+00:00,0.05808
2026-02-23 08:15:00+00:00,0.07791
2026-02-23 08:30:00+00:00,0.08648
2026-02-23 08:45:00+00:00,0.0864
2026-02-23 09:00:00+00:00,0.077
2026-02-23 09:15:00+00:00,0.08020000000000001
2026-02-23 09:30:00+00:00,0.08131999999999999
2026-02-23 09:45:00+00:00,0.0805
2026-02-23 10:00:00+00:00,0.08395
2026-02-23 10:15:00+00:00,0.07657
2026-02-23 10:30:00+00:00,0.07054
2026-02-23 10:45:00+00:00,0.07381
2026-02-23 11:00:00+00:00,0.08161
2026-02-23 11:15:00+00:00,0.07164
2026-02-23 11:30:00+00:00,0.1243
2026-02-23 11:45:00+00:00,0.09198999999999999
2026-02-23 12:00:00+00:00,0.08571
2026-02-23 12:15:00+00:00,0.07432
2026-02-23 12:30:00+00:00,0.06681000000000001
2026-02-23 12:45:00+00:00,0.05999
2026-02-23 13:00:00+00:00,0.10931999999999999
2026-02-23 13:15:00+00:00,0.07224
2026-02-23 13:30:00+00:00,0.10071
2026-02-23 13:45:00+00:00,0.07653
2026-02-23 14:00:00+00:00,0.07429000000000001
2026-02-23 14:15:00+00:00,0.06761
2026-02-23 14:30:00+00:00,0.1077
2026-02-23 14:45:00+00:00,0.07118000000000001
2026-02-23 15:00:00+00:00,0.09317
2026-02-23 15:15:00+00:00,0.07338
2026-02-23 15:30:00+00:00,0.06711
2026-02-23 15:45:00+00:00,0.08812
2026-02-23 16:00:00+00:00,0.07626000000000001
2026-02-23 16:15:00+00:00,0.07676999999999999
2026-02-23 16:30:00+00:00,0.07876999999999999
2026-02-23 16:45:00+00:00,0.07082
2026-02-23 17:00:00+00:00,0.08775
2026-02-23 17:15:00+00:00,0.08512
2026-02-23 17:30:00+00:00,0.09145
2026-02-23 17:45:00+00:00,0.15924000000000002
2026-02-23 18:00:00+00:00,0.10098
2026-02-23 18:15:00+00:00,0.09111
2026-02-23 18:30:00+00:00,0.05349
2026-02-23 18:45:00+00:00,0.10557
2026-02-23 19:00:00+00:00,0.08575
2026-02-23 19:15:00+00:00,0.09751
2026-02-23 19:30:00+00:00,0.09237999999999999
2026-02-23 19:45:00+00:00,0.09221
2026-02-23 20:00:00+00:00,0.08706
2026-02-23 20:15:00+00:00,0.0892
2026-02-23 20:30:00+00:00,0.08355
2026-02-23 20:45:00+00:00,0.07737000000000001
2026-02-23 21:00:00+00:00,0.08511
2026-02-23 21:15:00+00:00,0.08729
2026-02-23 21:30:00+00:00,0.08937
2026-02-23 21:45:00+00:00,0.08859
2026-02-23 22:00:00+00:00,0.08563
2026-02-23 22:15:00+00:00,0.09520999999999999
2026-02-23 22:30:00+00:00,0.07972
2026-02-23 22:45:00+00:00,0.10055
2026-02-23 23:00:00+00:00,0.08381999999999999
2026-02-23 23:15:00+00:00,0.08238
2026-02-23 23:30:00+00:00,0.07528
2026-02-23 23:45:00+00:00,0.11306000000000001
2026-02-24 00:00:00+00:00,0.09468
2026-02-24 00:15:00+00:00,0.08886
2026-02-24 00:30:00+00:00,0.12854
2026-02-24 00:45:00+00:00,0.15552000000000002
2026-02-24 01:00:00+00:00,0.08881
2026-02-24 01:15:00+00:00,0.11738
2026-02-24 01:30:00+00:00,0.218
2026-02-24 01:45:00+00:00,0.1028
2026-02-24 02:00:00+00:00,0.09401000000000001
2026-02-24 02:15:00+00:00,0.09644
2026-02-24 02:30:00+00:00,0.13604
2026-02-24 02:45:00+00:00,0.09329000000000001
2026-02-24 03:00:00+00:00,0.09129000000000001
2026-02-24 03:15:00+00:00,0.08989
2026-02-24 03:30:00+00:00,0.09551000000000001
2026-02-24 03:45:00+00:00,0.09695000000000001
2026-02-24 04:00:00+00:00,0.08227
2026-02-24 04:15:00+00:00,0.09609000000000001
2026-02-24 04:30:00+00:00,0.10235
2026-02-24 04:45:00+00:00,0.09384
2026-02-24 05:00:00+00:00,0.0897
2026-02-24 05:15:00+00:00,0.08776
2026-02-24 05:30:00+00:00,0.08898
2026-02-24 05:45:00+00:00,0.06806
2026-02-24 06:00:00+00:00,0.08709
2026-02-24 06:15:00+00:00,0.07615999999999999
2026-02-24 06:30:00+00:00,0.08093
2026-02-24 06:45:00+00:00,0.06116
2026-02-24 07:00:00+00:00,0.08848
2026-02-24 07:15:00+00:00,0.07493999999999999
2026-02-24 07:30:00+00:00,0.07618000000000001
2026-02-24 07:45:00+00:00,0.08122
2026-02-24 08:00:00+00:00,0.11420999999999999
2026-02-24 08:15:00+00:00,0.08481999999999999
2026-02-24 08:30:00+00:00,0.00484
2026-02-24 08:45:00+00:00,0.08524
2026-02-24 09:00:00+00:00,0.1194
2026-02-24 09:15:00+00:00,0.09539
2026-02-24 09:30:00+00:00,0.08113
2026-02-24 09:45:00+00:00,0.09319
2026-02-24 10:00:00+00:00,0.14967
2026-02-24 10:15:00+00:00,0.15903
2026-02-24 10:30:00+00:00,0.09988
2026-02-24 10:45:00+00:00,0.10404000000000001
2026-02-24 11:00:00+00:00,0.12032
2026-02-24 11:15:00+00:00,0.11261
2026-02-24 11:30:00+00:00,0.23671999999999999
2026-02-24 11:45:00+00:00,0.10815000000000001
2026-02-24 12:00:00+00:00,0.08952
2026-02-24 12:15:00+00:00,0.14552
2026-02-24 12:30:00+00:00,0.20463
2026-02-24 12:45:00+00:00,0.0849
2026-02-24 13:00:00+00:00,0.11402
2026-02-24 13:15:00+00:00,0.09909
2026-02-24 13:30:00+00:00,0.1011
2026-02-24 13:45:00+00:00,0.09781999999999999
2026-02-24 14:00:00+00:00,0.09569
2026-02-24 14:15:00+00:00,0.07377
2026-02-24 14:30:00+00:00,0.10521
2026-02-24 14:45:00+00:00,0.09354000000000001
2026-02-24 15:00:00+00:00,0.11663
2026-02-24 15:15:00+00:00,0.09615
2026-02-24 15:30:00+00:00,0.09749
2026-02-24 15:45:00+00:00,0.11242
2026-02-24 16:00:00+00:00,0.21856
2026-02-24 16:15:00+00:00,0.29963999999999996
2026-02-24 16:30:00+00:00,0.22649
2026-02-24 16:45:00+00:00,0.163
2026-02-24 17:00:00+00:00,0.10967
2026-02-24 17:15:00+00:00,0.13797
2026-02-24 17:30:00+00:00,0.0732
2026-02-24 17:45:00+00:00,0.22888999999999998
2026-02-24 18:00:00+00:00,0.19290000000000002
2026-02-24 18:15:00+00:00,0.14385
2026-02-24 18:30:00+00:00,0.11977
2026-02-24 18:45:00+00:00,0.1194
2026-02-24 19:00:00+00:00,0.0938
2026-02-24 19:15:00+00:00,0.18128999999999998
2026-02-24 19:30:00+00:00,0.06548999999999999
2026-02-24 19:45:00+00:00,0.14774
2026-02-24 20:00:00+00:00,0.10708
2026-02-24 20:15:00+00:00,0.08061
2026-02-24 20:30:00+00:00,0.09090999999999999
2026-02-24 20:45:00+00:00,0.06759
2026-02-24 21:00:00+00:00,0.09439
2026-02-24 21:15:00+00:00,0.08504
2026-02-24 21:30:00+00:00,0.11959
2026-02-24 21:45:00+00:00,0.12966999999999998
2026-02-24 22:00:00+00:00,0.10209
2026-02-24 22:15:00+00:00,0.08543
2026-02-24 22:30:00+00:00,0.14064
2026-02-24 22:45:00+00:00,0.15092
2026-02-24 23:00:00+00:00,-0.17847
2026-02-24 23:15:00+00:00,0.08391
2026-02-24 23:30:00+00:00,0.032979999999999995
2026-02-24 23:45:00+00:00,0.04811
2026-02-25 00:00:00+00:00,0.04858
2026-02-25 00:15:00+00:00,0.03283
2026-02-25 00:30:00+00:00,-0.01396
2026-02-25 00:45:00+00:00,0.00404
2026-02-25 01:00:00+00:00,0.04469
2026-02-25 01:15:00+00:00,0.02367
2026-02-25 01:30:00+00:00,-0.21333000000000002
2026-02-25 01:45:00+00:00,-0.53392
2026-02-25 02:00:00+00:00,0.05182
2026-02-25 02:15:00+00:00,0.01559
2026-02-25 02:30:00+00:00,0.03729
2026-02-25 02:45:00+00:00,-0.00718
2026-02-25 03:00:00+00:00,0.08696
2026-02-25 03:15:00+00:00,0.02743
2026-02-25 03:30:00+00:00,-0.35402
2026-02-25 03:45:00+00:00,-0.31171
2026-02-25 04:00:00+00:00,-0.52197
2026-02-25 04:15:00+00:00,0.0625
2026-02-25 04:30:00+00:00,0.11822
2026-02-25 04:45:00+00:00,0.04358
2026-02-25 05:00:00+00:00,-0.19406
2026-02-25 05:15:00+00:00,0.09198
2026-02-25 05:30:00+00:00,0.14589
2026-02-25 05:45:00+00:00,-0.11728
2026-02-25 06:00:00+00:00,0.22241
2026-02-25 06:15:00+00:00,-0.01744
2026-02-25 06:30:00+00:00,0.05808
2026-02-25 06:45:00+00:00,0.027
2026-02-25 07:00:00+00:00,0.02887
2026-02-25 07:15:00+00:00,0.06461
2026-02-25 07:30:00+00:00,0.013529999999999999
2026-02-25 07:45:00+00:00,0.06092
2026-02-25 08:00:00+00:00,0.032
2026-02-25 08:15:00+00:00,0.08648
2026-02-25 08:30:00+00:00,0.04536
2026-02-25 08:45:00+00:00,0.00332
2026-02-25 09:00:00+00:00,-0.03982
2026-02-25 09:15:00+00:00,0.07719
2026-02-25 09:30:00+00:00,0.09522
2026-02-25 09:45:00+00:00,0.29236
2026-02-25 10:00:00+00:00,0.0862
2026-02-25 10:15:00+00:00,0.08403000000000001
2026-02-25 10:30:00+00:00,0.07027
2026-02-25 10:45:00+00:00,0.07669
2026-02-25 11:00:00+00:00,0.02563
2026-02-25 11:15:00+00:00,0.06631999999999999
2026-02-25 11:30:00+00:00,0.048850000000000005
2026-02-25 11:45:00+00:00,0.06876
2026-02-25 12:00:00+00:00,0.07295
2026-02-25 12:15:00+00:00,0.04029
2026-02-25 12:30:00+00:00,0.13585
2026-02-25 12:45:00+00:00,0.07753
2026-02-25 13:00:00+00:00,0.08505
2026-02-25 13:15:00+00:00,0.07728
2026-02-25 13:30:00+00:00,0.06702
2026-02-25 13:45:00+00:00,0.07495
2026-02-25 14:00:00+00:00,0.09481
2026-02-25 14:15:00+00:00,0.06597
2026-02-25 14:30:00+00:00,0.08179
2026-02-25 14:45:00+00:00,0.033460000000000004
2026-02-25 15:00:00+00:00,0.10894
2026-02-25 15:15:00+00:00,0.0565
2026-02-25 15:30:00+00:00,0.07063
2026-02-25 15:45:00+00:00,0.007030000000000001
2026-02-25 16:00:00+00:00,0.14203
2026-02-25 16:15:00+00:00,0.10447
2026-02-25 16:30:00+00:00,0.15475999999999998
2026-02-25 16:45:00+00:00,0.11871999999999999
2026-02-25 17:00:00+00:00,0.10017
2026-02-25 17:15:00+00:00,0.07889
2026-02-25 17:30:00+00:00,0.06766
2026-02-25 17:45:00+00:00,0.04456
2026-02-25 18:00:00+00:00,0.07642
2026-02-25 18:15:00+00:00,0.08227
2026-02-25 18:30:00+00:00,0.04133
2026-02-25 18:45:00+00:00,0.08538
2026-02-25 19:00:00+00:00,0.09398000000000001
2026-02-25 19:15:00+00:00,0.07912999999999999
2026-02-25 19:30:00+00:00,0.06948
2026-02-25 19:45:00+00:00,0.11087999999999999
2026-02-25 20:00:00+00:00,0.08097
2026-02-25 20:15:00+00:00,0.06726
2026-02-25 20:30:00+00:00,-0.013710000000000002
2026-02-25 20:45:00+00:00,0.03556
2026-02-25 21:00:00+00:00,0.0704
2026-02-25 21:15:00+00:00,0.06669
2026-02-25 21:30:00+00:00,0.05325
2026-02-25 21:45:00+00:00,0.06502
2026-02-25 22:00:00+00:00,0.07242
2026-02-25 22:15:00+00:00,0.06456
2026-02-25 22:30:00+00:00,0.00839
2026-02-25 22:45:00+00:00,0.07207
2026-02-25 23:00:00+00:00,0.27738999999999997
2026-02-25 23:15:00+00:00,0.02533
2026-02-25 23:30:00+00:00,-0.0023
2026-02-25 23:45:00+00:00,-0.0793
2026-02-26 00:00:00+00:00,0.17038999999999999
2026-02-26 00:15:00+00:00,0.10575
2026-02-26 00:30:00+00:00,0.0658
2026-02-26 00:45:00+00:00,0.0587
2026-02-26 01:00:00+00:00,0.05968
2026-02-26 01:15:00+00:00,0.06613
2026-02-26 01:30:00+00:00,0.0509
2026-02-26 01:45:00+00:00,0.07958
2026-02-26 02:00:00+00:00,0.07574
2026-02-26 02:15:00+00:00,0.0682
2026-02-26 02:30:00+00:00,0.05629
2026-02-26 02:45:00+00:00,0.045270000000000005
2026-02-26 03:00:00+00:00,0.06131
2026-02-26 03:15:00+00:00,0.06089
2026-02-26 03:30:00+00:00,0.05672
2026-02-26 03:45:00+00:00,0.05511
2026-02-26 04:00:00+00:00,0.05914
2026-02-26 04:15:00+00:00,0.07468999999999999
2026-02-26 04:30:00+00:00,0.039509999999999997
2026-02-26 04:45:00+00:00,0.05851
2026-02-26 05:00:00+00:00,0.07535
2026-02-26 05:15:00+00:00,0.07163
2026-02-26 05:30:00+00:00,0.06672
2026-02-26 05:45:00+00:00,0.05967
2026-02-26 06:00:00+00:00,0.08481999999999999
2026-02-26 06:15:00+00:00,0.07662000000000001
2026-02-26 06:30:00+00:00,0.00209
2026-02-26 06:45:00+00:00,-0.10427
2026-02-26 07:00:00+00:00,-0.049909999999999996
2026-02-26 07:15:00+00:00,0.01697
2026-02-26 07:30:00+00:00,0.1029
2026-02-26 07:45:00+00:00,0.055450000000000006
2026-02-26 08:00:00+00:00,0.11504
2026-02-26 08:15:00+00:00,0.06889
2026-02-26 08:30:00+00:00,0.09937
2026-02-26 08:45:00+00:00,0.055979999999999995
2026-02-26 09:00:00+00:00,0.056299999999999996
2026-02-26 09:15:00+00:00,0.061689999999999995
2026-02-26 09:30:00+00:00,0.09948
2026-02-26 09:45:00+00:00,0.05626
2026-02-26 10:00:00+00:00,0.03651
2026-02-26 10:15:00+00:00,0.15975999999999999
2026-02-26 10:30:00+00:00,0.08329
2026-02-26 10:45:00+00:00,0.05121
2026-02-26 11:00:00+00:00,0.18832
2026-02-26 11:15:00+00:00,0.06983
2026-02-26 11:30:00+00:00,0.038439999999999995
2026-02-26 11:45:00+00:00,0.066
2026-02-26 12:00:00+00:00,0.06742000000000001
2026-02-26 12:15:00+00:00,0.04709000000000001
2026-02-26 12:30:00+00:00,0.03138
2026-02-26 12:45:00+00:00,0.01265
2026-02-26 13:00:00+00:00,0.04203
2026-02-26 13:15:00+00:00,0.02752
2026-02-26 13:30:00+00:00,0.05833
2026-02-26 13:45:00+00:00,0.043609999999999996
2026-02-26 14:00:00+00:00,0.09627
2026-02-26 14:15:00+00:00,0.07047
2026-02-26 14:30:00+00:00,0.06933
2026-02-26 14:45:00+00:00,0.09409999999999999
2026-02-26 15:00:00+00:00,0.08113
2026-02-26 15:15:00+00:00,0.02957
2026-02-26 15:30:00+00:00,0.033479999999999996
2026-02-26 15:45:00+00:00,0.03821
2026-02-26 16:00:00+00:00,0.11348
2026-02-26 16:15:00+00:00,0.09253
2026-02-26 16:30:00+00:00,0.10042
2026-02-26 16:45:00+00:00,0.09293000000000001
2026-02-26 17:00:00+00:00,0.12029999999999999
2026-02-26 17:15:00+00:00,0.07479000000000001
2026-02-26 17:30:00+00:00,0.046079999999999996
2026-02-26 17:45:00+00:00,0.04127
2026-02-26 18:00:00+00:00,0.07967
2026-02-26 18:15:00+00:00,0.08216
2026-02-26 18:30:00+00:00,0.08571
2026-02-26 18:45:00+00:00,0.10548
2026-02-26 19:00:00+00:00,0.07187
2026-02-26 19:15:00+00:00,0.07356
2026-02-26 19:30:00+00:00,0.05939
2026-02-26 19:45:00+00:00,0.07881
2026-02-26 20:00:00+00:00,0.06781000000000001
2026-02-26 20:15:00+00:00,0.07429000000000001
2026-02-26 20:30:00+00:00,0.060770000000000005
2026-02-26 20:45:00+00:00,0.08993999999999999
2026-02-26 21:00:00+00:00,0.11202
2026-02-26 21:15:00+00:00,0.04349
2026-02-26 21:30:00+00:00,0.015349999999999999
2026-02-26 21:45:00+00:00,0.02445
2026-02-26 22:00:00+00:00,0.02391
2026-02-26 22:15:00+00:00,0.04653
2026-02-26 22:30:00+00:00,0.02884
2026-02-26 22:45:00+00:00,-0.0268
2026-02-26 23:00:00+00:00,-0.0069500000000000004
2026-02-26 23:15:00+00:00,0.0435
2026-02-26 23:30:00+00:00,0.05615
2026-02-26 23:45:00+00:00,0.0733
2026-02-27 00:00:00+00:00,0.08295999999999999
2026-02-27 00:15:00+00:00,0.11883
2026-02-27 00:30:00+00:00,0.08425
2026-02-27 00:45:00+00:00,0.06467
2026-02-27 01:00:00+00:00,0.10026
2026-02-27 01:15:00+00:00,0.06597
2026-02-27 01:30:00+00:00,0.23965
2026-02-27 01:45:00+00:00,0.08017
2026-02-27 02:00:00+00:00,0.09595000000000001
2026-02-27 02:15:00+00:00,0.13188999999999998
2026-02-27 02:30:00+00:00,0.02238
2026-02-27 02:45:00+00:00,0.07928
2026-02-27 03:00:00+00:00,0.13431
2026-02-27 03:15:00+00:00,-0.023489999999999997
2026-02-27 03:30:00+00:00,0.1626
2026-02-27 03:45:00+00:00,0.18183000000000002
2026-02-27 04:00:00+00:00,0.12887
2026-02-27 04:15:00+00:00,0.15843000000000002
2026-02-27 04:30:00+00:00,0.23096
2026-02-27 04:45:00+00:00,0.12393000000000001
2026-02-27 05:00:00+00:00,0.1765
2026-02-27 05:15:00+00:00,0.15297
2026-02-27 05:30:00+00:00,0.07995999999999999
2026-02-27 05:45:00+00:00,0.03418
2026-02-27 06:00:00+00:00,0.06384000000000001
2026-02-27 06:15:00+00:00,0.038560000000000004
2026-02-27 06:30:00+00:00,0.13187000000000001
2026-02-27 06:45:00+00:00,-0.018359999999999998
2026-02-27 07:00:00+00:00,0.05854
2026-02-27 07:15:00+00:00,0.10757
2026-02-27 07:30:00+00:00,0.21616
2026-02-27 07:45:00+00:00,0.10626999999999999
2026-02-27 08:00:00+00:00,0.36005000000000004
2026-02-27 08:15:00+00:00,0.09595000000000001
2026-02-27 08:30:00+00:00,0.16438
2026-02-27 08:45:00+00:00,0.06036
2026-02-27 09:00:00+00:00,0.02845
2026-02-27 09:15:00+00:00,0.07339
2026-02-27 09:30:00+00:00,0.05496
2026-02-27 09:45:00+00:00,0.06382
2026-02-27 10:00:00+00:00,0.033299999999999996
2026-02-27 10:15:00+00:00,0.05888
2026-02-27 10:30:00+00:00,0.038990000000000004
2026-02-27 10:45:00+00:00,0.05231
2026-02-27 11:00:00+00:00,0.02775
2026-02-27 11:15:00+00:00,0.05471
2026-02-27 11:30:00+00:00,0.12972
2026-02-27 11:45:00+00:00,0.06653
2026-02-27 12:00:00+00:00,0.0624
2026-02-27 12:15:00+00:00,0.061450000000000005
2026-02-27 12:30:00+00:00,0.061880000000000004
2026-02-27 12:45:00+00:00,0.04979
2026-02-27 13:00:00+00:00,0.02117
2026-02-27 13:15:00+00:00,0.06768
2026-02-27 13:30:00+00:00,0.08285
2026-02-27 13:45:00+00:00,0.054119999999999994
2026-02-27 14:00:00+00:00,0.019289999999999998
2026-02-27 14:15:00+00:00,0.05197
2026-02-27 14:30:00+00:00,0.07174
2026-02-27 14:45:00+00:00,0.07968
2026-02-27 15:00:00+00:00,0.07162
2026-02-27 15:15:00+00:00,0.07853
2026-02-27 15:30:00+00:00,0.09014
2026-02-27 15:45:00+00:00,0.10843000000000001
2026-02-27 16:00:00+00:00,0.09475
2026-02-27 16:15:00+00:00,0.08109999999999999
2026-02-27 16:30:00+00:00,0.16056
2026-02-27 16:45:00+00:00,0.12395999999999999
2026-02-27 17:00:00+00:00,0.11037999999999999
2026-02-27 17:15:00+00:00,0.10809999999999999
2026-02-27 17:30:00+00:00,0.12104999999999999
2026-02-27 17:45:00+00:00,0.13696
2026-02-27 18:00:00+00:00,0.0872
2026-02-27 18:15:00+00:00,0.08467
2026-02-27 18:30:00+00:00,0.12193999999999999
2026-02-27 18:45:00+00:00,0.08063
2026-02-27 19:00:00+00:00,0.09968
2026-02-27 19:15:00+00:00,0.09014
2026-02-27 19:30:00+00:00,0.11466
2026-02-27 19:45:00+00:00,0.12440999999999999
2026-02-27 20:00:00+00:00,0.08847
2026-02-27 20:15:00+00:00,0.07171
2026-02-27 20:30:00+00:00,0.08811
2026-02-27 20:45:00+00:00,0.07408
2026-02-27 21:00:00+00:00,0.08916
2026-02-27 21:15:00+00:00,0.08219
2026-02-27 21:30:00+00:00,0.09145
2026-02-27 21:45:00+00:00,0.12437000000000001
2026-02-27 22:00:00+00:00,0.09375
2026-02-27 22:15:00+00:00,0.10793000000000001
2026-02-27 22:30:00+00:00,0.11391
2026-02-27 22:45:00+00:00,0.09265999999999999
2026-02-27 23:00:00+00:00,0.07808
2026-02-27 23:15:00+00:00,0.13058
2026-02-27 23:30:00+00:00,0.07798999999999999
2026-02-27 23:45:00+00:00,0.12791
2026-02-28 00:00:00+00:00,0.07432
2026-02-28 00:15:00+00:00,0.08192
2026-02-28 00:30:00+00:00,0.11675
2026-02-28 00:45:00+00:00,0.05928
2026-02-28 01:00:00+00:00,0.05951
2026-02-28 01:15:00+00:00,0.062299999999999994
2026-02-28 01:30:00+00:00,0.11944
2026-02-28 01:45:00+00:00,0.10279
2026-02-28 02:00:00+00:00,0.06611
2026-02-28 02:15:00+00:00,0.14757
2026-02-28 02:30:00+00:00,0.14405
2026-02-28 02:45:00+00:00,0.09292
2026-02-28 03:00:00+00:00,0.11512
2026-02-28 03:15:00+00:00,0.13166999999999998
2026-02-28 03:30:00+00:00,0.22008000000000003
2026-02-28 03:45:00+00:00,0.11962
2026-02-28 04:00:00+00:00,0.40429000000000004
2026-02-28 04:15:00+00:00,0.16081
2026-02-28 04:30:00+00:00,0.13374
2026-02-28 04:45:00+00:00,0.20282
2026-02-28 05:00:00+00:00,0.08812
2026-02-28 05:15:00+00:00,0.05725
2026-02-28 05:30:00+00:00,0.17375
2026-02-28 05:45:00+00:00,0.1495
2026-02-28 06:00:00+00:00,0.18988
2026-02-28 06:15:00+00:00,0.04647
2026-02-28 06:30:00+00:00,0.07028
2026-02-28 06:45:00+00:00,0.07166
2026-02-28 07:00:00+00:00,0.11283
2026-02-28 07:15:00+00:00,0.06628
2026-02-28 07:30:00+00:00,0.0683
2026-02-28 07:45:00+00:00,0.028829999999999998
2026-02-28 08:00:00+00:00,0.06537000000000001
2026-02-28 08:15:00+00:00,0.14524
2026-02-28 08:30:00+00:00,0.03006
2026-02-28 08:45:00+00:00,0.12966999999999998
2026-02-28 09:00:00+00:00,0.19066999999999998
2026-02-28 09:15:00+00:00,0.16815
2026-02-28 09:30:00+00:00,0.03616
2026-02-28 09:45:00+00:00,0.096
2026-02-28 10:00:00+00:00,0.07805
2026-02-28 10:15:00+00:00,0.05888
2026-02-28 10:30:00+00:00,0.02284
2026-02-28 10:45:00+00:00,0.08941
2026-02-28 11:00:00+00:00,0.0677
2026-02-28 11:15:00+00:00,0.07429999999999999
2026-02-28 11:30:00+00:00,0.07816
2026-02-28 11:45:00+00:00,0.07839
2026-02-28 12:00:00+00:00,0.08003
2026-02-28 12:15:00+00:00,0.05859
2026-02-28 12:30:00+00:00,0.08012999999999999
2026-02-28 12:45:00+00:00,0.05111
2026-02-28 13:00:00+00:00,0.04071
2026-02-28 13:15:00+00:00,0.06225
2026-02-28 13:30:00+00:00,0.06366
2026-02-28 13:45:00+00:00,0.08059000000000001
2026-02-28 14:00:00+00:00,0.048310000000000006
2026-02-28 14:15:00+00:00,0.07083
2026-02-28 14:30:00+00:00,0.07529000000000001
2026-02-28 14:45:00+00:00,0.09090000000000001
2026-02-28 15:00:00+00:00,0.07245
2026-02-28 15:15:00+00:00,0.08066
2026-02-28 15:30:00+00:00,0.07571
2026-02-28 15:45:00+00:00,0.10842
2026-02-28 16:00:00+00:00,0.07651000000000001
2026-02-28 16:15:00+00:00,0.07701999999999999
2026-02-28 16:30:00+00:00,0.10826999999999999
2026-02-28 16:45:00+00:00,0.09996
2026-02-28 17:00:00+00:00,0.07492
2026-02-28 17:15:00+00:00,0.07937999999999999
2026-02-28 17:30:00+00:00,0.06542
2026-02-28 17:45:00+00:00,0.07332
2026-02-28 18:00:00+00:00,0.0836
2026-02-28 18:15:00+00:00,0.09337999999999999
2026-02-28 18:30:00+00:00,0.0756
2026-02-28 18:45:00+00:00,0.07845
2026-02-28 19:00:00+00:00,0.07285
2026-02-28 19:15:00+00:00,0.07228
2026-02-28 19:30:00+00:00,0.08263
2026-02-28 19:45:00+00:00,0.07057
2026-02-28 20:00:00+00:00,0.0745
2026-02-28 20:15:00+00:00,0.0706
2026-02-28 20:30:00+00:00,0.05507
2026-02-28 20:45:00+00:00,0.0584
2026-02-28 21:00:00+00:00,0.0841
2026-02-28 21:15:00+00:00,0.06906
2026-02-28 21:30:00+00:00,0.07304000000000001
2026-02-28 21:45:00+00:00,0.06793
2026-02-28 22:00:00+00:00,0.12362999999999999
2026-02-28 22:15:00+00:00,0.10972
2026-02-28 22:30:00+00:00,0.07381
2026-02-28 22:45:00+00:00,0.06023
2026-02-28 23:00:00+00:00,0.18083000000000002
2026-02-28 23:15:00+00:00,0.11949
2026-02-28 23:30:00+00:00,0.09734000000000001
2026-02-28 23:45:00+00:00,0.09745000000000001
2026-03-01 00:00:00+00:00,0.16375
2026-03-01 00:15:00+00:00,0.15725
2026-03-01 00:30:00+00:00,0.16187
2026-03-01 00:45:00+00:00,0.13643
2026-03-01 01:00:00+00:00,0.17256
2026-03-01 01:15:00+00:00,0.11349
2026-03-01 01:30:00+00:00,0.11089
2026-03-01 01:45:00+00:00,0.09691
2026-03-01 02:00:00+00:00,0.13736
2026-03-01 02:15:00+00:00,0.11399
2026-03-01 02:30:00+00:00,0.1194
2026-03-01 02:45:00+00:00,0.08804000000000001
2026-03-01 03:00:00+00:00,0.14805000000000001
2026-03-01 03:15:00+00:00,0.07049
2026-03-01 03:30:00+00:00,0.07325
2026-03-01 03:45:00+00:00,0.08317000000000001
2026-03-01 04:00:00+00:00,0.07987999999999999
2026-03-01 04:15:00+00:00,0.07237
2026-03-01 04:30:00+00:00,0.0708
2026-03-01 04:45:00+00:00,0.03889
2026-03-01 05:00:00+00:00,0.09057
2026-03-01 05:15:00+00:00,0.11239
2026-03-01 05:30:00+00:00,0.07463
2026-03-01 05:45:00+00:00,0.14773
2026-03-01 06:00:00+00:00,0.08358
2026-03-01 06:15:00+00:00,0.09278
2026-03-01 06:30:00+00:00,0.06455
2026-03-01 06:45:00+00:00,0.0536
2026-03-01 07:00:00+00:00,0.10546
2026-03-01 07:15:00+00:00,0.10601000000000001
2026-03-01 07:30:00+00:00,0.05814
2026-03-01 07:45:00+00:00,-0.10671
2026-03-01 08:00:00+00:00,0.13344
2026-03-01 08:15:00+00:00,0.11087999999999999
2026-03-01 08:30:00+00:00,0.07873000000000001
2026-03-01 08:45:00+00:00,0.05665
2026-03-01 09:00:00+00:00,0.04911
2026-03-01 09:15:00+00:00,0.03161
2026-03-01 09:30:00+00:00,-0.059969999999999996
2026-03-01 09:45:00+00:00,0.03699
2026-03-01 10:00:00+00:00,0.06531
2026-03-01 10:15:00+00:00,0.033479999999999996
2026-03-01 10:30:00+00:00,0.0359
2026-03-01 10:45:00+00:00,0.06157
2026-03-01 11:00:00+00:00,0.05889
2026-03-01 11:15:00+00:00,0.02966
2026-03-01 11:30:00+00:00,0.014369999999999999
2026-03-01 11:45:00+00:00,0.040369999999999996
2026-03-01 12:00:00+00:00,0.02569
2026-03-01 12:15:00+00:00,0.00891
2026-03-01 12:30:00+00:00,-0.00439
2026-03-01 12:45:00+00:00,0.0361
2026-03-01 13:00:00+00:00,0.014240000000000001
2026-03-01 13:15:00+00:00,0.048549999999999996
2026-03-01 13:30:00+00:00,0.02922
2026-03-01 13:45:00+00:00,0.02256
2026-03-01 14:00:00+00:00,0.033909999999999996
2026-03-01 14:15:00+00:00,0.03525
2026-03-01 14:30:00+00:00,0.04894
2026-03-01 14:45:00+00:00,0.05643
2026-03-01 15:00:00+00:00,0.056600000000000004
2026-03-01 15:15:00+00:00,0.07313
2026-03-01 15:30:00+00:00,0.14761000000000002
2026-03-01 15:45:00+00:00,0.07171999999999999
2026-03-01 16:00:00+00:00,0.08179
2026-03-01 16:15:00+00:00,0.08476
2026-03-01 16:30:00+00:00,0.06459000000000001
2026-03-01 16:45:00+00:00,0.07629999999999999
2026-03-01 17:00:00+00:00,0.08771999999999999
2026-03-01 17:15:00+00:00,0.07318999999999999
2026-03-01 17:30:00+00:00,0.07315
2026-03-01 17:45:00+00:00,0.08173
2026-03-01 18:00:00+00:00,0.09061
2026-03-01 18:15:00+00:00,0.06898
2026-03-01 18:30:00+00:00,0.05355
2026-03-01 18:45:00+00:00,0.07937000000000001
2026-03-01 19:00:00+00:00,0.0891
2026-03-01 19:15:00+00:00,0.08148999999999999
2026-03-01 19:30:00+00:00,0.09372
2026-03-01 19:45:00+00:00,0.09503
2026-03-01 20:00:00+00:00,0.15684
2026-03-01 20:15:00+00:00,0.14875
2026-03-01 20:30:00+00:00,0.03023
2026-03-01 20:45:00+00:00,0.07504000000000001
2026-03-01 21:00:00+00:00,0.0865
2026-03-01 21:15:00+00:00,0.1019
2026-03-01 21:30:00+00:00,0.053009999999999995
2026-03-01 21:45:00+00:00,0.16168000000000002
2026-03-01 22:00:00+00:00,0.08792
2026-03-01 22:15:00+00:00,0.07497
2026-03-01 22:30:00+00:00,0.06558
2026-03-01 22:45:00+00:00,0.04513
2026-03-01 23:00:00+00:00,0.06745
2026-03-01 23:15:00+00:00,0.0708
2026-03-01 23:30:00+00:00,0.07041
2026-03-01 23:45:00+00:00,0.07086
2026-03-02 00:00:00+00:00,0.08092
2026-03-02 00:15:00+00:00,0.07043
2026-03-02 00:30:00+00:00,0.07955
2026-03-02 00:45:00+00:00,0.07596
2026-03-02 01:00:00+00:00,0.07352
2026-03-02 01:15:00+00:00,0.0768
2026-03-02 01:30:00+00:00,0.04378
2026-03-02 01:45:00+00:00,0.07085
2026-03-02 02:00:00+00:00,0.07331
2026-03-02 02:15:00+00:00,0.0682
2026-03-02 02:30:00+00:00,0.03807
2026-03-02 02:45:00+00:00,0.0569
2026-03-02 03:00:00+00:00,0.06664
2026-03-02 03:15:00+00:00,0.06135
2026-03-02 03:30:00+00:00,0.05919
2026-03-02 03:45:00+00:00,0.062020000000000006
2026-03-02 04:00:00+00:00,0.05842
2026-03-02 04:15:00+00:00,0.06361
2026-03-02 04:30:00+00:00,0.07071
2026-03-02 04:45:00+00:00,0.0709
2026-03-02 05:00:00+00:00,0.09207
2026-03-02 05:15:00+00:00,0.060149999999999995
2026-03-02 05:30:00+00:00,0.02972
2026-03-02 05:45:00+00:00,0.02244
2026-03-02 06:00:00+00:00,0.10686
2026-03-02 06:15:00+00:00,0.07396
2026-03-02 06:30:00+00:00,0.099
2026-03-02 06:45:00+00:00,0.08372
2026-03-02 07:00:00+00:00,0.08262
2026-03-02 07:15:00+00:00,0.0832
2026-03-02 07:30:00+00:00,0.13572
2026-03-02 07:45:00+00:00,0.05724
2026-03-02 08:00:00+00:00,-0.06558
2026-03-02 08:15:00+00:00,0.06995
2026-03-02 08:30:00+00:00,0.09232
2026-03-02 08:45:00+00:00,0.09816
2026-03-02 09:00:00+00:00,0.07615000000000001
2026-03-02 09:15:00+00:00,0.09103
2026-03-02 09:30:00+00:00,0.10533
2026-03-02 09:45:00+00:00,0.05483
2026-03-02 10:00:00+00:00,0.07490999999999999
2026-03-02 10:15:00+00:00,0.07603
2026-03-02 10:30:00+00:00,-0.57727
2026-03-02 10:45:00+00:00,0.06215
2026-03-02 11:00:00+00:00,0.06806
2026-03-02 11:15:00+00:00,0.06265
2026-03-02 11:30:00+00:00,0.04927
2026-03-02 11:45:00+00:00,0.04481
2026-03-02 12:00:00+00:00,0.0583
2026-03-02 12:15:00+00:00,-1.26101
2026-03-02 12:30:00+00:00,0.06999
2026-03-02 12:45:00+00:00,0.08073000000000001
2026-03-02 13:00:00+00:00,0.03227
2026-03-02 13:15:00+00:00,0.05661
2026-03-02 13:30:00+00:00,0.07332999999999999
2026-03-02 13:45:00+00:00,0.08222
2026-03-02 14:00:00+00:00,0.011130000000000001
2026-03-02 14:15:00+00:00,0.04796
2026-03-02 14:30:00+00:00,0.03409
2026-03-02 14:45:00+00:00,0.06256
2026-03-02 15:00:00+00:00,0.056850000000000005
2026-03-02 15:15:00+00:00,0.05221
2026-03-02 15:30:00+00:00,0.03778
2026-03-02 15:45:00+00:00,0.05539
2026-03-02 16:00:00+00:00,0.06007
2026-03-02 16:15:00+00:00,0.07193000000000001
2026-03-02 16:30:00+00:00,0.06898
2026-03-02 16:45:00+00:00,0.11617
2026-03-02 17:00:00+00:00,0.10959
2026-03-02 17:15:00+00:00,0.11192
2026-03-02 17:30:00+00:00,0.12079999999999999
2026-03-02 17:45:00+00:00,0.1194
2026-03-02 18:00:00+00:00,0.13425
2026-03-02 18:15:00+00:00,0.10374
2026-03-02 18:30:00+00:00,0.10368000000000001
2026-03-02 18:45:00+00:00,0.09975
2026-03-02 19:00:00+00:00,0.07445
2026-03-02 19:15:00+00:00,0.06984
2026-03-02 19:30:00+00:00,0.08039
2026-03-02 19:45:00+00:00,0.016190000000000003
2026-03-02 20:00:00+00:00,0.09047
2026-03-02 20:15:00+00:00,0.05594
2026-03-02 20:30:00+00:00,0.11931
2026-03-02 20:45:00+00:00,0.05508
2026-03-02 21:00:00+00:00,0.00749
2026-03-02 21:15:00+00:00,0.06647
2026-03-02 21:30:00+00:00,0.07096
2026-03-02 21:45:00+00:00,0.0736
2026-03-02 22:00:00+00:00,0.0471
2026-03-02 22:15:00+00:00,0.05719
2026-03-02 22:30:00+00:00,0.06658
2026-03-02 22:45:00+00:00,0.06124
2026-03-02 23:00:00+00:00,0.08907999999999999
2026-03-02 23:15:00+00:00,0.08289
2026-03-02 23:30:00+00:00,0.08904999999999999
2026-03-02 23:45:00+00:00,0.09954
2026-03-03 00:00:00+00:00,0.07087
2026-03-03 00:15:00+00:00,0.09190999999999999
2026-03-03 00:30:00+00:00,0.13606000000000001
2026-03-03 00:45:00+00:00,0.17543
2026-03-03 01:00:00+00:00,0.10073
2026-03-03 01:15:00+00:00,0.09148999999999999
2026-03-03 01:30:00+00:00,0.11701
2026-03-03 01:45:00+00:00,0.11253
2026-03-03 02:00:00+00:00,0.09336
2026-03-03 02:15:00+00:00,0.09579
2026-03-03 02:30:00+00:00,0.08948
2026-03-03 02:45:00+00:00,0.08978
2026-03-03 03:00:00+00:00,0.11531
2026-03-03 03:15:00+00:00,0.10739
2026-03-03 03:30:00+00:00,0.10169
2026-03-03 03:45:00+00:00,0.1252
2026-03-03 04:00:00+00:00,0.10209
2026-03-03 04:15:00+00:00,0.09606999999999999
2026-03-03 04:30:00+00:00,0.10511
2026-03-03 04:45:00+00:00,0.11031
2026-03-03 05:00:00+00:00,0.10522
2026-03-03 05:15:00+00:00,0.08475
2026-03-03 05:30:00+00:00,0.10534
2026-03-03 05:45:00+00:00,0.15196
2026-03-03 06:00:00+00:00,0.14679
2026-03-03 06:15:00+00:00,0.12725
2026-03-03 06:30:00+00:00,0.11834
2026-03-03 06:45:00+00:00,0.10694
2026-03-03 07:00:00+00:00,0.11808
2026-03-03 07:15:00+00:00,0.07815000000000001
2026-03-03 07:30:00+00:00,0.12387999999999999
2026-03-03 07:45:00+00:00,0.04117
2026-03-03 08:00:00+00:00,0.09931999999999999
2026-03-03 08:15:00+00:00,0.069
2026-03-03 08:30:00+00:00,0.09813
2026-03-03 08:45:00+00:00,0.15750999999999998
2026-03-03 09:00:00+00:00,0.06894
2026-03-03 09:15:00+00:00,0.0418
2026-03-03 09:30:00+00:00,0.06153
2026-03-03 09:45:00+00:00,0.06973
2026-03-03 10:00:00+00:00,0.06385
2026-03-03 10:15:00+00:00,0.07640000000000001
2026-03-03 10:30:00+00:00,0.06478
2026-03-03 10:45:00+00:00,0.06815
2026-03-03 11:00:00+00:00,0.06858
2026-03-03 11:15:00+00:00,0.046259999999999996
2026-03-03 11:30:00+00:00,0.04933
2026-03-03 11:45:00+00:00,0.04071
2026-03-03 12:00:00+00:00,0.0643
2026-03-03 12:15:00+00:00,0.05069
2026-03-03 12:30:00+00:00,0.01863
2026-03-03 12:45:00+00:00,0.06459000000000001
2026-03-03 13:00:00+00:00,0.05453
2026-03-03 13:15:00+00:00,0.38566
2026-03-03 13:30:00+00:00,0.07426
2026-03-03 13:45:00+00:00,0.12484999999999999
2026-03-03 14:00:00+00:00,0.06819
2026-03-03 14:15:00+00:00,0.053770000000000005
2026-03-03 14:30:00+00:00,0.033229999999999996
2026-03-03 14:45:00+00:00,0.00903
2026-03-03 15:00:00+00:00,0.08689
2026-03-03 15:15:00+00:00,0.06216
2026-03-03 15:30:00+00:00,0.01465
2026-03-03 15:45:00+00:00,0.07686
2026-03-03 16:00:00+00:00,0.07709
2026-03-03 16:15:00+00:00,-0.01478
2026-03-03 16:30:00+00:00,0.06745999999999999
2026-03-03 16:45:00+00:00,-0.03153
2026-03-03 17:00:00+00:00,-0.1492
2026-03-03 17:15:00+00:00,0.062189999999999995
2026-03-03 17:30:00+00:00,-0.013859999999999999
2026-03-03 17:45:00+00:00,-0.20142
2026-03-03 18:00:00+00:00,0.0755
2026-03-03 18:15:00+00:00,0.06381
2026-03-03 18:30:00+00:00,0.08
2026-03-03 18:45:00+00:00,0.02178
2026-03-03 19:00:00+00:00,0.08787
2026-03-03 19:15:00+00:00,0.06316
2026-03-03 19:30:00+00:00,0.02621
2026-03-03 19:45:00+00:00,0.08723
2026-03-03 20:00:00+00:00,0.09768
2026-03-03 20:15:00+00:00,0.04292
2026-03-03 20:30:00+00:00,0.00434
2026-03-03 20:45:00+00:00,0.06798
2026-03-03 21:00:00+00:00,0.07507
2026-03-03 21:15:00+00:00,0.0998
2026-03-03 21:30:00+00:00,0.08415
2026-03-03 21:45:00+00:00,0.07765999999999999
2026-03-03 22:00:00+00:00,0.22351
2026-03-03 22:15:00+00:00,0.13326
2026-03-03 22:30:00+00:00,0.09473000000000001
2026-03-03 22:45:00+00:00,0.06032
2026-03-03 23:00:00+00:00,-0.10804000000000001
2026-03-03 23:15:00+00:00,0.03236
2026-03-03 23:30:00+00:00,0.06872
2026-03-03 23:45:00+00:00,-0.039560000000000005
2026-03-04 00:00:00+00:00,0.06491
2026-03-04 00:15:00+00:00,0.00369
2026-03-04 00:30:00+00:00,-0.16522
2026-03-04 00:45:00+00:00,0.0229
2026-03-04 01:00:00+00:00,-0.06118
2026-03-04 01:15:00+00:00,-0.09344
2026-03-04 01:30:00+00:00,0.01934
2026-03-04 01:45:00+00:00,0.00985
2026-03-04 02:00:00+00:00,0.03964
2026-03-04 02:15:00+00:00,0.05903
2026-03-04 02:30:00+00:00,0.011359999999999999
2026-03-04 02:45:00+00:00,-0.00439
2026-03-04 03:00:00+00:00,-0.00457
2026-03-04 03:15:00+00:00,0.04291
2026-03-04 03:30:00+00:00,0.03537
2026-03-04 03:45:00+00:00,-0.027460000000000002
2026-03-04 04:00:00+00:00,0.023239999999999997
2026-03-04 04:15:00+00:00,0.02941
2026-03-04 04:30:00+00:00,0.03058
2026-03-04 04:45:00+00:00,-0.13021000000000002
2026-03-04 05:00:00+00:00,-0.23965999999999998
2026-03-04 05:15:00+00:00,0.09620000000000001
2026-03-04 05:30:00+00:00,-0.26077
2026-03-04 05:45:00+00:00,-0.1316
2026-03-04 06:00:00+00:00,-0.02086
2026-03-04 06:15:00+00:00,0.07086
2026-03-04 06:30:00+00:00,-0.0852
2026-03-04 06:45:00+00:00,-0.01927
2026-03-04 07:00:00+00:00,0.06374
2026-03-04 07:15:00+00:00,0.04988
2026-03-04 07:30:00+00:00,0.02475
2026-03-04 07:45:00+00:00,0.03427
2026-03-04 08:00:00+00:00,-0.02538
2026-03-04 08:15:00+00:00,-0.38783999999999996
2026-03-04 08:30:00+00:00,0.05348
2026-03-04 08:45:00+00:00,0.02916
2026-03-04 09:00:00+00:00,-0.09489
2026-03-04 09:15:00+00:00,0.04323
2026-03-04 09:30:00+00:00,0.041960000000000004
2026-03-04 09:45:00+00:00,-0.15622999999999998
2026-03-04 10:00:00+00:00,0.03512
2026-03-04 10:15:00+00:00,0.054490000000000004
2026-03-04 10:30:00+00:00,0.0564
2026-03-04 10:45:00+00:00,0.027989999999999998
2026-03-04 11:00:00+00:00,0.07377
2026-03-04 11:15:00+00:00,0.06773
2026-03-04 11:30:00+00:00,-0.10626999999999999
2026-03-04 11:45:00+00:00,0.12334999999999999
2026-03-04 12:00:00+00:00,-0.13471
2026-03-04 12:15:00+00:00,0.04396
2026-03-04 12:30:00+00:00,0.05497
2026-03-04 12:45:00+00:00,0.04228
2026-03-04 13:00:00+00:00,0.02238
2026-03-04 13:15:00+00:00,0.04814
2026-03-04 13:30:00+00:00,0.05051
2026-03-04 13:45:00+00:00,0.04306
2026-03-04 14:00:00+00:00,0.06608
2026-03-04 14:15:00+00:00,0.04347
2026-03-04 14:30:00+00:00,0.04294
2026-03-04 14:45:00+00:00,0.01599
2026-03-04 15:00:00+00:00,0.07836
2026-03-04 15:15:00+00:00,0.06692000000000001
2026-03-04 15:30:00+00:00,-0.13571
2026-03-04 15:45:00+00:00,0.015960000000000002
2026-03-04 16:00:00+00:00,0.0687
2026-03-04 16:15:00+00:00,0.06548999999999999
2026-03-04 16:30:00+00:00,-0.16166999999999998
2026-03-04 16:45:00+00:00,0.0633
2026-03-04 17:00:00+00:00,0.05657
2026-03-04 17:15:00+00:00,0.06723
2026-03-04 17:30:00+00:00,0.05296
2026-03-04 17:45:00+00:00,-0.16340000000000002
2026-03-04 18:00:00+00:00,0.08988
2026-03-04 18:15:00+00:00,0.08128
2026-03-04 18:30:00+00:00,0.013980000000000001
2026-03-04 18:45:00+00:00,-0.20516
2026-03-04 19:00:00+00:00,-0.00202
2026-03-04 19:15:00+00:00,0.00605
2026-03-04 19:30:00+00:00,0.07048
2026-03-04 19:45:00+00:00,-0.02574
2026-03-04 20:00:00+00:00,-0.01257
2026-03-04 20:15:00+00:00,0.07873000000000001
2026-03-04 20:30:00+00:00,-0.04347
2026-03-04 20:45:00+00:00,0.020210000000000002
2026-03-04 21:00:00+00:00,0.00027
2026-03-04 21:15:00+00:00,0.04403
2026-03-04 21:30:00+00:00,0.05364
2026-03-04 21:45:00+00:00,-0.06044
2026-03-04 22:00:00+00:00,0.07093
2026-03-04 22:15:00+00:00,0.07776999999999999
2026-03-04 22:30:00+00:00,0.05859
2026-03-04 22:45:00+00:00,0.05428
2026-03-04 23:00:00+00:00,0.11064
2026-03-04 23:15:00+00:00,0.01992
2026-03-04 23:30:00+00:00,-0.00197
2026-03-04 23:45:00+00:00,0.06
2026-03-05 00:00:00+00:00,0.09237999999999999
2026-03-05 00:15:00+00:00,-0.05989
2026-03-05 00:30:00+00:00,0.051590000000000004
2026-03-05 00:45:00+00:00,0.11005
2026-03-05 01:00:00+00:00,0.07615999999999999
2026-03-05 01:15:00+00:00,0.06647
2026-03-05 01:30:00+00:00,-0.10673
2026-03-05 01:45:00+00:00,0.05912
2026-03-05 02:00:00+00:00,0.06523999999999999
2026-03-05 02:15:00+00:00,0.07422
2026-03-05 02:30:00+00:00,-0.08863
2026-03-05 02:45:00+00:00,0.048920000000000005
2026-03-05 03:00:00+00:00,0.06922
2026-03-05 03:15:00+00:00,0.04561
2026-03-05 03:30:00+00:00,-0.15581
2026-03-05 03:45:00+00:00,0.06931
2026-03-05 04:00:00+00:00,0.06116
2026-03-05 04:15:00+00:00,0.06792000000000001
2026-03-05 04:30:00+00:00,0.00923
2026-03-05 04:45:00+00:00,0.09278
2026-03-05 05:00:00+00:00,0.07461
2026-03-05 05:15:00+00:00,0.09798
2026-03-05 05:30:00+00:00,0.08499
2026-03-05 05:45:00+00:00,0.083
2026-03-05 06:00:00+00:00,0.10575
2026-03-05 06:15:00+00:00,0.10279
2026-03-05 06:30:00+00:00,-0.23901
2026-03-05 06:45:00+00:00,0.04541
2026-03-05 07:00:00+00:00,-0.008490000000000001
2026-03-05 07:15:00+00:00,0.07936
2026-03-05 07:30:00+00:00,-0.16568
2026-03-05 07:45:00+00:00,-0.06906999999999999
2026-03-05 08:00:00+00:00,0.023170000000000003
2026-03-05 08:15:00+00:00,0.07546
2026-03-05 08:30:00+00:00,-0.11233
2026-03-05 08:45:00+00:00,-0.17912
2026-03-05 09:00:00+00:00,0.06669
2026-03-05 09:15:00+00:00,-0.07879000000000001
2026-03-05 09:30:00+00:00,-0.11687
2026-03-05 09:45:00+00:00,-0.060090000000000005
2026-03-05 10:00:00+00:00,-0.06834
2026-03-05 10:15:00+00:00,0.07617
2026-03-05 10:30:00+00:00,-0.00632
2026-03-05 10:45:00+00:00,0.15800999999999998
2026-03-05 11:00:00+00:00,0.04718
2026-03-05 11:15:00+00:00,-0.06155
2026-03-05 11:30:00+00:00,0.06459999999999999
2026-03-05 11:45:00+00:00,0.07423
2026-03-05 12:00:00+00:00,0.03904
2026-03-05 12:15:00+00:00,0.018420000000000002
2026-03-05 12:30:00+00:00,0.03689
2026-03-05 12:45:00+00:00,4.13159
2026-03-05 13:00:00+00:00,0.03943
2026-03-05 13:15:00+00:00,-0.51613
2026-03-05 13:30:00+00:00,-0.3329
2026-03-05 13:45:00+00:00,0.020649999999999998
2026-03-05 14:00:00+00:00,-0.0788
2026-03-05 14:15:00+00:00,0.07923000000000001
2026-03-05 14:30:00+00:00,-0.0354
2026-03-05 14:45:00+00:00,0.038549999999999994
2026-03-05 15:00:00+00:00,0.034570000000000004
2026-03-05 15:15:00+00:00,0.07815000000000001
2026-03-05 15:30:00+00:00,0.12353
2026-03-05 15:45:00+00:00,0.09193000000000001
2026-03-05 16:00:00+00:00,-0.00887
2026-03-05 16:15:00+00:00,0.0721
2026-03-05 16:30:00+00:00,-0.02811
2026-03-05 16:45:00+00:00,0.06581000000000001
2026-03-05 17:00:00+00:00,0.03496
2026-03-05 17:15:00+00:00,0.07206
2026-03-05 17:30:00+00:00,0.05021
2026-03-05 17:45:00+00:00,0.02348
2026-03-05 18:00:00+00:00,0.0165
2026-03-05 18:15:00+00:00,0.06489
2026-03-05 18:30:00+00:00,-0.021670000000000002
2026-03-05 18:45:00+00:00,0.04211
2026-03-05 19:00:00+00:00,0.07076
2026-03-05 19:15:00+00:00,-0.29849000000000003
2026-03-05 19:30:00+00:00,0.05836
2026-03-05 19:45:00+00:00,-0.02709
2026-03-05 20:00:00+00:00,0.06552
2026-03-05 20:15:00+00:00,0.04248
2026-03-05 20:30:00+00:00,0.03524
2026-03-05 20:45:00+00:00,0.00653
2026-03-05 21:00:00+00:00,0.038299999999999994
2026-03-05 21:15:00+00:00,0.0823
2026-03-05 21:30:00+00:00,0.05467
2026-03-05 21:45:00+00:00,0.07773999999999999
2026-03-05 22:00:00+00:00,0.06253
2026-03-05 22:15:00+00:00,0.06305
2026-03-05 22:30:00+00:00,0.0504
2026-03-05 22:45:00+00:00,0.03325
2026-03-05 23:00:00+00:00,0.01988
2026-03-05 23:15:00+00:00,0.05314
2026-03-05 23:30:00+00:00,0.02856
2026-03-05 23:45:00+00:00,0.00746
2026-03-06 00:00:00+00:00,-0.08156999999999999
2026-03-06 00:15:00+00:00,0.053219999999999996
2026-03-06 00:30:00+00:00,-0.04491
2026-03-06 00:45:00+00:00,0.040850000000000004
2026-03-06 01:00:00+00:00,0.07134
2026-03-06 01:15:00+00:00,0.06327
2026-03-06 01:30:00+00:00,0.04387
2026-03-06 01:45:00+00:00,0.0658
2026-03-06 02:00:00+00:00,-0.16191
2026-03-06 02:15:00+00:00,0.059539999999999996
2026-03-06 02:30:00+00:00,-0.1264
2026-03-06 02:45:00+00:00,0.061259999999999995
2026-03-06 03:00:00+00:00,0.07262
2026-03-06 03:15:00+00:00,0.04887
2026-03-06 03:30:00+00:00,0.07929
2026-03-06 03:45:00+00:00,0.06459000000000001
2026-03-06 04:00:00+00:00,0.06678
2026-03-06 04:15:00+00:00,0.05273
2026-03-06 04:30:00+00:00,-0.15768000000000001
2026-03-06 04:45:00+00:00,0.04555
2026-03-06 05:00:00+00:00,0.0060999999999999995
2026-03-06 05:15:00+00:00,0.08106999999999999
2026-03-06 05:30:00+00:00,0.0365
2026-03-06 05:45:00+00:00,0.06906999999999999
2026-03-06 06:00:00+00:00,0.03411
2026-03-06 06:15:00+00:00,-0.0851
2026-03-06 06:30:00+00:00,0.03929
2026-03-06 06:45:00+00:00,-0.15800999999999998
2026-03-06 07:00:00+00:00,0.054520000000000006
2026-03-06 07:15:00+00:00,0.05659
2026-03-06 07:30:00+00:00,0.00793
2026-03-06 07:45:00+00:00,0.02128
2026-03-06 08:00:00+00:00,0.06039
2026-03-06 08:15:00+00:00,0.04919
2026-03-06 08:30:00+00:00,-0.03661
2026-03-06 08:45:00+00:00,-0.00926
2026-03-06 09:00:00+00:00,-0.03257
2026-03-06 09:15:00+00:00,-0.09422
2026-03-06 09:30:00+00:00,-0.02517
2026-03-06 09:45:00+00:00,-0.11729
2026-03-06 10:00:00+00:00,0.02656
2026-03-06 10:15:00+00:00,-0.09626
2026-03-06 10:30:00+00:00,-0.02023
2026-03-06 10:45:00+00:00,-0.18575999999999998
2026-03-06 11:00:00+00:00,0.025929999999999998
2026-03-06 11:15:00+00:00,-0.044899999999999995
2026-03-06 11:30:00+00:00,-0.11655
2026-03-06 11:45:00+00:00,-0.35446
2026-03-06 12:00:00+00:00,-0.18908000000000003
2026-03-06 12:15:00+00:00,-0.031149999999999997
2026-03-06 12:30:00+00:00,0.08587
2026-03-06 12:45:00+00:00,-0.24625
2026-03-06 13:00:00+00:00,-0.12979
2026-03-06 13:15:00+00:00,-0.01782
2026-03-06 13:30:00+00:00,0.07404999999999999
2026-03-06 13:45:00+00:00,0.02917
2026-03-06 14:00:00+00:00,-0.09895999999999999
2026-03-06 14:15:00+00:00,0.01394
2026-03-06 14:30:00+00:00,-0.01613
2026-03-06 14:45:00+00:00,0.016370000000000003
2026-03-06 15:00:00+00:00,0.03532
2026-03-06 15:15:00+00:00,0.03811
2026-03-06 15:30:00+00:00,0.06634999999999999
2026-03-06 15:45:00+00:00,0.07944
2026-03-06 16:00:00+00:00,0.047299999999999995
2026-03-06 16:15:00+00:00,-0.16813999999999998
2026-03-06 16:30:00+00:00,0.07784999999999999
2026-03-06 16:45:00+00:00,0.07446
2026-03-06 17:00:00+00:00,-0.08643
2026-03-06 17:15:00+00:00,0.06862
2026-03-06 17:30:00+00:00,0.06259
2026-03-06 17:45:00+00:00,0.01222
2026-03-06 18:00:00+00:00,-0.22636
2026-03-06 18:15:00+00:00,0.07503
2026-03-06 18:30:00+00:00,0.08871
2026-03-06 18:45:00+00:00,-0.14111
2026-03-06 19:00:00+00:00,-0.2055
2026-03-06 19:15:00+00:00,0.02939
2026-03-06 19:30:00+00:00,-0.01682
2026-03-06 19:45:00+00:00,-0.01262
2026-03-06 20:00:00+00:00,0.05496
2026-03-06 20:15:00+00:00,0.08118
2026-03-06 20:30:00+00:00,0.06622
2026-03-06 20:45:00+00:00,-0.02881
2026-03-06 21:00:00+00:00,0.047200000000000006
2026-03-06 21:15:00+00:00,-0.00518
2026-03-06 21:30:00+00:00,-0.01964
2026-03-06 21:45:00+00:00,-0.020329999999999997
2026-03-06 22:00:00+00:00,0.13258
2026-03-06 22:15:00+00:00,0.08601
2026-03-06 22:30:00+00:00,0.12407
2026-03-06 22:45:00+00:00,0.08413
2026-03-06 23:00:00+00:00,0.0549
2026-03-06 23:15:00+00:00,0.03828
2026-03-06 23:30:00+00:00,0.05008
2026-03-06 23:45:00+00:00,0.03638
2026-03-07 00:00:00+00:00,-0.07689
2026-03-07 00:15:00+00:00,0.02393
2026-03-07 00:30:00+00:00,-0.05441
2026-03-07 00:45:00+00:00,-0.07784999999999999
2026-03-07 01:00:00+00:00,-0.1911
2026-03-07 01:15:00+00:00,0.017
2026-03-07 01:30:00+00:00,-0.06477
2026-03-07 01:45:00+00:00,0.0295
2026-03-07 02:00:00+00:00,0.07279000000000001
2026-03-07 02:15:00+00:00,0.05759
2026-03-07 02:30:00+00:00,-0.01067
2026-03-07 02:45:00+00:00,-0.03363
2026-03-07 03:00:00+00:00,-0.02991
2026-03-07 03:15:00+00:00,-0.23795
2026-03-07 03:30:00+00:00,0.05201
2026-03-07 03:45:00+00:00,0.05705
2026-03-07 04:00:00+00:00,-0.19481
2026-03-07 04:15:00+00:00,0.01102
2026-03-07 04:30:00+00:00,-0.1441
2026-03-07 04:45:00+00:00,0.02549
2026-03-07 05:00:00+00:00,-0.22086
2026-03-07 05:15:00+00:00,-0.00025
2026-03-07 05:30:00+00:00,0.05717
2026-03-07 05:45:00+00:00,-0.12696
2026-03-07 06:00:00+00:00,0.06079
2026-03-07 06:15:00+00:00,0.06784
2026-03-07 06:30:00+00:00,-0.01388
2026-03-07 06:45:00+00:00,-0.15941999999999998
2026-03-07 07:00:00+00:00,0.00624
2026-03-07 07:15:00+00:00,0.009810000000000001
2026-03-07 07:30:00+00:00,-0.04624
2026-03-07 07:45:00+00:00,0.01066
2026-03-07 08:00:00+00:00,-0.060200000000000004
2026-03-07 08:15:00+00:00,-0.07411
2026-03-07 08:30:00+00:00,0.07418000000000001
2026-03-07 08:45:00+00:00,-0.13024000000000002
2026-03-07 09:00:00+00:00,0.13227
2026-03-07 09:15:00+00:00,0.023940000000000003
2026-03-07 09:30:00+00:00,0.10532
2026-03-07 09:45:00+00:00,-0.07342
2026-03-07 10:00:00+00:00,0.03369
2026-03-07 10:15:00+00:00,-0.17751
2026-03-07 10:30:00+00:00,-0.08093
2026-03-07 10:45:00+00:00,-0.01688
2026-03-07 11:00:00+00:00,-0.056850000000000005
2026-03-07 11:15:00+00:00,-2.45391
2026-03-07 11:30:00+00:00,0.03125
2026-03-07 11:45:00+00:00,-0.05098
2026-03-07 12:00:00+00:00,0.038630000000000005
2026-03-07 12:15:00+00:00,0.07427
2026-03-07 12:30:00+00:00,0.02857
2026-03-07 12:45:00+00:00,0.032049999999999995
2026-03-07 13:00:00+00:00,0.08222
2026-03-07 13:15:00+00:00,-0.10181
2026-03-07 13:30:00+00:00,-0.00233
2026-03-07 13:45:00+00:00,0.06492
2026-03-07 14:00:00+00:00,-0.04113
2026-03-07 14:15:00+00:00,-0.20824
2026-03-07 14:30:00+00:00,-0.06791
2026-03-07 14:45:00+00:00,0.09281
2026-03-07 15:00:00+00:00,0.15585
2026-03-07 15:15:00+00:00,0.03623
2026-03-07 15:30:00+00:00,-0.08126
2026-03-07 15:45:00+00:00,-0.14386000000000002
2026-03-07 16:00:00+00:00,0.08576
2026-03-07 16:15:00+00:00,-0.06297
2026-03-07 16:30:00+00:00,-0.11810999999999999
2026-03-07 16:45:00+00:00,-0.19605
2026-03-07 17:00:00+00:00,-0.13119999999999998
2026-03-07 17:15:00+00:00,0.040670000000000005
2026-03-07 17:30:00+00:00,-0.08204
2026-03-07 17:45:00+00:00,-0.18674000000000002
2026-03-07 18:00:00+00:00,0.04529
2026-03-07 18:15:00+00:00,0.07407
2026-03-07 18:30:00+00:00,0.14931999999999998
2026-03-07 18:45:00+00:00,-0.02571
2026-03-07 19:00:00+00:00,0.0992
2026-03-07 19:15:00+00:00,-0.035859999999999996
2026-03-07 19:30:00+00:00,-0.02518
2026-03-07 19:45:00+00:00,-0.05844
2026-03-07 20:00:00+00:00,0.0628
2026-03-07 20:15:00+00:00,0.06495000000000001
2026-03-07 20:30:00+00:00,-0.12691
2026-03-07 20:45:00+00:00,0.11101000000000001
2026-03-07 21:00:00+00:00,0.10367
2026-03-07 21:15:00+00:00,-0.08909
2026-03-07 21:30:00+00:00,0.05249
2026-03-07 21:45:00+00:00,-0.09731000000000001
2026-03-07 22:00:00+00:00,-0.13666999999999999
2026-03-07 22:15:00+00:00,0.10062
2026-03-07 22:30:00+00:00,0.08866
2026-03-07 22:45:00+00:00,-0.19390000000000002
2026-03-07 23:00:00+00:00,0.12321
2026-03-07 23:15:00+00:00,-0.11685
2026-03-07 23:30:00+00:00,0.02531
2026-03-07 23:45:00+00:00,-0.20613
2026-03-08 00:00:00+00:00,0.03384
2026-03-08 00:15:00+00:00,0.0035600000000000002
2026-03-08 00:30:00+00:00,-0.11818000000000001
2026-03-08 00:45:00+00:00,0.03424
2026-03-08 01:00:00+00:00,0.02827
2026-03-08 01:15:00+00:00,0.027219999999999998
2026-03-08 01:30:00+00:00,0.028239999999999998
2026-03-08 01:45:00+00:00,0.022699999999999998
2026-03-08 02:00:00+00:00,0.06976
2026-03-08 02:15:00+00:00,0.03624
2026-03-08 02:30:00+00:00,-0.15738999999999997
2026-03-08 02:45:00+00:00,-0.0205
2026-03-08 03:00:00+00:00,0.00328
2026-03-08 03:15:00+00:00,0.08261
2026-03-08 03:30:00+00:00,0.06703
2026-03-08 03:45:00+00:00,-0.21638
2026-03-08 04:00:00+00:00,0.08465
2026-03-08 04:15:00+00:00,0.017410000000000002
2026-03-08 04:30:00+00:00,-0.31882
2026-03-08 04:45:00+00:00,0.06583
2026-03-08 05:00:00+00:00,-0.1434
2026-03-08 05:15:00+00:00,-0.14132
2026-03-08 05:30:00+00:00,-0.02971
2026-03-08 05:45:00+00:00,0.11792
2026-03-08 06:00:00+00:00,-0.07039
2026-03-08 06:15:00+00:00,0.033409999999999995
2026-03-08 06:30:00+00:00,-0.012230000000000001
2026-03-08 06:45:00+00:00,-0.32177
2026-03-08 07:00:00+00:00,0.054380000000000005
2026-03-08 07:15:00+00:00,0.0572
2026-03-08 07:30:00+00:00,-0.11455
2026-03-08 07:45:00+00:00,0.02418
2026-03-08 08:00:00+00:00,0.07997
2026-03-08 08:15:00+00:00,0.03471
2026-03-08 08:30:00+00:00,0.03932
2026-03-08 08:45:00+00:00,-0.041979999999999996
2026-03-08 09:00:00+00:00,0.004690000000000001
2026-03-08 09:15:00+00:00,0.04295
2026-03-08 09:30:00+00:00,-0.05773
2026-03-08 09:45:00+00:00,-0.047450000000000006
2026-03-08 10:00:00+00:00,0.02572
2026-03-08 10:15:00+00:00,0.032350000000000004
2026-03-08 10:30:00+00:00,-0.037880000000000004
2026-03-08 10:45:00+00:00,0.03989
2026-03-08 11:00:00+00:00,0.0562
2026-03-08 11:15:00+00:00,-0.00863
2026-03-08 11:30:00+00:00,-0.00183
2026-03-08 11:45:00+00:00,-0.01614
2026-03-08 12:00:00+00:00,0.03915999999999999
2026-03-08 12:15:00+00:00,-0.06296
2026-03-08 12:30:00+00:00,0.01677
2026-03-08 12:45:00+00:00,0.022940000000000002
2026-03-08 13:00:00+00:00,0.026949999999999998
2026-03-08 13:15:00+00:00,0.00401
2026-03-08 13:30:00+00:00,0.04187
2026-03-08 13:45:00+00:00,0.031670000000000004
2026-03-08 14:00:00+00:00,0.02511
2026-03-08 14:15:00+00:00,0.0325
2026-03-08 14:30:00+00:00,-0.00354
2026-03-08 14:45:00+00:00,0.07131
2026-03-08 15:00:00+00:00,0.07825
2026-03-08 15:15:00+00:00,0.09226999999999999
2026-03-08 15:30:00+00:00,0.018359999999999998
2026-03-08 15:45:00+00:00,0.05218
2026-03-08 16:00:00+00:00,0.06806
2026-03-08 16:15:00+00:00,0.07576000000000001
2026-03-08 16:30:00+00:00,0.13272
2026-03-08 16:45:00+00:00,0.18746000000000002
2026-03-08 17:00:00+00:00,0.16472
2026-03-08 17:15:00+00:00,0.23465
2026-03-08 17:30:00+00:00,0.08685999999999999
2026-03-08 17:45:00+00:00,0.09533
2026-03-08 18:00:00+00:00,0.08847
2026-03-08 18:15:00+00:00,0.075
2026-03-08 18:30:00+00:00,0.11989
2026-03-08 18:45:00+00:00,0.09511
2026-03-08 19:00:00+00:00,0.12240000000000001
2026-03-08 19:15:00+00:00,0.1343
2026-03-08 19:30:00+00:00,0.06365
2026-03-08 19:45:00+00:00,0.08329
2026-03-08 20:00:00+00:00,0.12713
2026-03-08 20:15:00+00:00,0.09837
2026-03-08 20:30:00+00:00,0.041049999999999996
2026-03-08 20:45:00+00:00,0.11339
2026-03-08 21:00:00+00:00,0.19212
2026-03-08 21:15:00+00:00,0.07637000000000001
2026-03-08 21:30:00+00:00,0.06036
2026-03-08 21:45:00+00:00,0.10391
2026-03-08 22:00:00+00:00,0.16083
2026-03-08 22:15:00+00:00,0.09215999999999999
2026-03-08 22:30:00+00:00,0.10683
2026-03-08 22:45:00+00:00,0.09462999999999999
2026-03-08 23:00:00+00:00,0.0375
2026-03-08 23:15:00+00:00,0.04407
2026-03-08 23:30:00+00:00,0.05323
2026-03-08 23:45:00+00:00,0.02139
2026-03-09 00:00:00+00:00,0.06495999999999999
2026-03-09 00:15:00+00:00,-0.00226
2026-03-09 00:30:00+00:00,0.0528
2026-03-09 00:45:00+00:00,0.05435
2026-03-09 01:00:00+00:00,0.07562999999999999
2026-03-09 01:15:00+00:00,0.05969
2026-03-09 01:30:00+00:00,0.026809999999999997
2026-03-09 01:45:00+00:00,0.07097
2026-03-09 02:00:00+00:00,0.06470999999999999
2026-03-09 02:15:00+00:00,0.02047
2026-03-09 02:30:00+00:00,0.02587
2026-03-09 02:45:00+00:00,0.04784
2026-03-09 03:00:00+00:00,0.08345
2026-03-09 03:15:00+00:00,-0.01085
2026-03-09 03:30:00+00:00,0.14226
2026-03-09 03:45:00+00:00,0.05806
2026-03-09 04:00:00+00:00,0.02124
2026-03-09 04:15:00+00:00,0.07631
2026-03-09 04:30:00+00:00,0.04015
2026-03-09 04:45:00+00:00,0.08616
2026-03-09 05:00:00+00:00,0.10362
2026-03-09 05:15:00+00:00,0.08936
2026-03-09 05:30:00+00:00,0.07373
2026-03-09 05:45:00+00:00,0.09933
2026-03-09 06:00:00+00:00,0.15503
2026-03-09 06:15:00+00:00,0.11732
2026-03-09 06:30:00+00:00,0.06751
2026-03-09 06:45:00+00:00,0.037
2026-03-09 07:00:00+00:00,0.13859
2026-03-09 07:15:00+00:00,0.07263
2026-03-09 07:30:00+00:00,0.02665
2026-03-09 07:45:00+00:00,0.00884
2026-03-09 08:00:00+00:00,0.04925
2026-03-09 08:15:00+00:00,0.06772
2026-03-09 08:30:00+00:00,0.054450000000000005
2026-03-09 08:45:00+00:00,0.04011
2026-03-09 09:00:00+00:00,-0.956
2026-03-09 09:15:00+00:00,0.08845
2026-03-09 09:30:00+00:00,0.08418
2026-03-09 09:45:00+00:00,0.12248
2026-03-09 10:00:00+00:00,0.05639
2026-03-09 10:15:00+00:00,0.06675
2026-03-09 10:30:00+00:00,0.09051000000000001
2026-03-09 10:45:00+00:00,-0.18280000000000002
2026-03-09 11:00:00+00:00,0.09426999999999999
2026-03-09 11:15:00+00:00,-0.00256
2026-03-09 11:30:00+00:00,0.091
2026-03-09 11:45:00+00:00,0.07855
2026-03-09 12:00:00+00:00,-0.03258
2026-03-09 12:15:00+00:00,0.09806999999999999
2026-03-09 12:30:00+00:00,0.32006
2026-03-09 12:45:00+00:00,0.09428
2026-03-09 13:00:00+00:00,0.09112
2026-03-09 13:15:00+00:00,0.05854
2026-03-09 13:30:00+00:00,0.09853
2026-03-09 13:45:00+00:00,-0.07654999999999999
2026-03-09 14:00:00+00:00,0.1408
2026-03-09 14:15:00+00:00,0.0068200000000000005
2026-03-09 14:30:00+00:00,0.07303
2026-03-09 14:45:00+00:00,0.11855
2026-03-09 15:00:00+00:00,-0.10161
2026-03-09 15:15:00+00:00,0.03835
2026-03-09 15:30:00+00:00,0.08444
2026-03-09 15:45:00+00:00,0.06389
2026-03-09 16:00:00+00:00,0.01244
2026-03-09 16:15:00+00:00,0.10381
2026-03-09 16:30:00+00:00,0.10856
2026-03-09 16:45:00+00:00,-0.81424
2026-03-09 17:00:00+00:00,0.30777
2026-03-09 17:15:00+00:00,0.14956999999999998
2026-03-09 17:30:00+00:00,-0.1255
2026-03-09 17:45:00+00:00,-0.34695
2026-03-09 18:00:00+00:00,0.21946000000000002
2026-03-09 18:15:00+00:00,0.12063
2026-03-09 18:30:00+00:00,-0.047740000000000005
2026-03-09 18:45:00+00:00,-0.01457
2026-03-09 19:00:00+00:00,0.23463
2026-03-09 19:15:00+00:00,-0.0864
2026-03-09 19:30:00+00:00,0.08868999999999999
2026-03-09 19:45:00+00:00,0.04525
2026-03-09 20:00:00+00:00,0.024210000000000002
2026-03-09 20:15:00+00:00,0.11465
2026-03-09 20:30:00+00:00,0.15156
2026-03-09 20:45:00+00:00,0.01829
2026-03-09 21:00:00+00:00,0.01233
2026-03-09 21:15:00+00:00,0.0517
2026-03-09 21:30:00+00:00,0.08486
2026-03-09 21:45:00+00:00,0.04846
2026-03-09 22:00:00+00:00,0.11026000000000001
2026-03-09 22:15:00+00:00,0.10349
2026-03-09 22:30:00+00:00,0.10302
2026-03-09 22:45:00+00:00,-0.08063
2026-03-09 23:00:00+00:00,0.13746
2026-03-09 23:15:00+00:00,-0.14562999999999998
2026-03-09 23:30:00+00:00,-0.08125
2026-03-09 23:45:00+00:00,-0.25959
2026-03-10 00:00:00+00:00,0.056549999999999996
2026-03-10 00:15:00+00:00,-0.179
2026-03-10 00:30:00+00:00,0.04568
2026-03-10 00:45:00+00:00,-0.14837
2026-03-10 01:00:00+00:00,-0.00309
2026-03-10 01:15:00+00:00,0.02051
2026-03-10 01:30:00+00:00,0.09826
2026-03-10 01:45:00+00:00,0.08209000000000001
2026-03-10 02:00:00+00:00,-0.02727
2026-03-10 02:15:00+00:00,0.11487
2026-03-10 02:30:00+00:00,-0.02144
2026-03-10 02:45:00+00:00,0.10443000000000001
2026-03-10 03:00:00+00:00,0.05244
2026-03-10 03:15:00+00:00,-0.1365
2026-03-10 03:30:00+00:00,0.17084
2026-03-10 03:45:00+00:00,-0.0357
2026-03-10 04:00:00+00:00,0.05799
2026-03-10 04:15:00+00:00,0.08626
2026-03-10 04:30:00+00:00,0.03187
2026-03-10 04:45:00+00:00,0.09172
2026-03-10 05:00:00+00:00,0.04589
2026-03-10 05:15:00+00:00,0.11955
2026-03-10 05:30:00+00:00,0.13708
2026-03-10 05:45:00+00:00,0.11803
2026-03-10 06:00:00+00:00,0.11635
2026-03-10 06:15:00+00:00,0.14608000000000002
2026-03-10 06:30:00+00:00,-0.00415
2026-03-10 06:45:00+00:00,-0.25931
2026-03-10 07:00:00+00:00,0.0834
2026-03-10 07:15:00+00:00,0.08836
2026-03-10 07:30:00+00:00,0.02275
2026-03-10 07:45:00+00:00,0.044969999999999996
2026-03-10 08:00:00+00:00,-0.00452
2026-03-10 08:15:00+00:00,-0.18546
2026-03-10 08:30:00+00:00,-0.055049999999999995
2026-03-10 08:45:00+00:00,-0.05147
2026-03-10 09:00:00+00:00,0.057159999999999996
2026-03-10 09:15:00+00:00,0.019420000000000003
2026-03-10 09:30:00+00:00,0.00377
2026-03-10 09:45:00+00:00,0.03666
2026-03-10 10:00:00+00:00,2.31611
2026-03-10 10:15:00+00:00,0.05863
2026-03-10 10:30:00+00:00,0.09201999999999999
2026-03-10 10:45:00+00:00,0.03138
2026-03-10 11:00:00+00:00,-0.00842
2026-03-10 11:15:00+00:00,-0.17922
2026-03-10 11:30:00+00:00,-0.03185
2026-03-10 11:45:00+00:00,0.02375
2026-03-10 12:00:00+00:00,0.07916
2026-03-10 12:15:00+00:00,-0.02693
2026-03-10 12:30:00+00:00,0.06012
2026-03-10 12:45:00+00:00,0.07966
2026-03-10 13:00:00+00:00,0.08354
2026-03-10 13:15:00+00:00,0.046490000000000004
2026-03-10 13:30:00+00:00,-0.054689999999999996
2026-03-10 13:45:00+00:00,0.06837
2026-03-10 14:00:00+00:00,0.01034
2026-03-10 14:15:00+00:00,0.12787
2026-03-10 14:30:00+00:00,0.08937
2026-03-10 14:45:00+00:00,0.03506
2026-03-10 15:00:00+00:00,-0.06384000000000001
2026-03-10 15:15:00+00:00,0.01133
2026-03-10 15:30:00+00:00,0.19269999999999998
2026-03-10 15:45:00+00:00,0.08217
2026-03-10 16:00:00+00:00,0.23152
2026-03-10 16:15:00+00:00,0.10337
2026-03-10 16:30:00+00:00,0.26776
2026-03-10 16:45:00+00:00,0.26108
2026-03-10 17:00:00+00:00,0.11114
2026-03-10 17:15:00+00:00,0.14951
2026-03-10 17:30:00+00:00,0.10881
2026-03-10 17:45:00+00:00,0.09670999999999999
2026-03-10 18:00:00+00:00,0.22191
2026-03-10 18:15:00+00:00,0.14846
2026-03-10 18:30:00+00:00,0.05839
2026-03-10 18:45:00+00:00,0.00216
2026-03-10 19:00:00+00:00,0.17116
2026-03-10 19:15:00+00:00,0.12433
2026-03-10 19:30:00+00:00,0.02524
2026-03-10 19:45:00+00:00,-0.00741
2026-03-10 20:00:00+00:00,0.11814
2026-03-10 20:15:00+00:00,0.24274
2026-03-10 20:30:00+00:00,0.11125
2026-03-10 20:45:00+00:00,0.01291
2026-03-10 21:00:00+00:00,0.37082
2026-03-10 21:15:00+00:00,0.3201
2026-03-10 21:30:00+00:00,0.13983
2026-03-10 21:45:00+00:00,0.13294
2026-03-10 22:00:00+00:00,0.08929999999999999
2026-03-10 22:15:00+00:00,0.08166
2026-03-10 22:30:00+00:00,0.09165999999999999
2026-03-10 22:45:00+00:00,0.05132
2026-03-10 23:00:00+00:00,0.08576
2026-03-10 23:15:00+00:00,-0.04575
2026-03-10 23:30:00+00:00,-0.00304
2026-03-10 23:45:00+00:00,0.00086
2026-03-11 00:00:00+00:00,0.04353
2026-03-11 00:15:00+00:00,0.04354
2026-03-11 00:30:00+00:00,0.05213
2026-03-11 00:45:00+00:00,0.04231
2026-03-11 01:00:00+00:00,0.01471
2026-03-11 01:15:00+00:00,0.03958
2026-03-11 01:30:00+00:00,0.01242
2026-03-11 01:45:00+00:00,0.0029500000000000004
2026-03-11 02:00:00+00:00,0.09169
2026-03-11 02:15:00+00:00,-0.04125
2026-03-11 02:30:00+00:00,-0.04176
2026-03-11 02:45:00+00:00,-0.04856
2026-03-11 03:00:00+00:00,-0.08519
2026-03-11 03:15:00+00:00,-0.06974
2026-03-11 03:30:00+00:00,-0.24076
2026-03-11 03:45:00+00:00,-0.0013700000000000001
2026-03-11 04:00:00+00:00,-0.01732
2026-03-11 04:15:00+00:00,-0.11793000000000001
2026-03-11 04:30:00+00:00,-0.01745
2026-03-11 04:45:00+00:00,0.01435
2026-03-11 05:00:00+00:00,0.03111
2026-03-11 05:15:00+00:00,0.04531
2026-03-11 05:30:00+00:00,-0.00113
2026-03-11 05:45:00+00:00,-0.00028000000000000003
2026-03-11 06:00:00+00:00,0.02138
2026-03-11 06:15:00+00:00,0.032670000000000005
2026-03-11 06:30:00+00:00,0.008919999999999999
2026-03-11 06:45:00+00:00,0.01868
2026-03-11 07:00:00+00:00,0.0676
2026-03-11 07:15:00+00:00,0.05978
2026-03-11 07:30:00+00:00,0.03288
2026-03-11 07:45:00+00:00,0.02853
2026-03-11 08:00:00+00:00,0.09154999999999999
2026-03-11 08:15:00+00:00,0.04258
2026-03-11 08:30:00+00:00,-0.061939999999999995
2026-03-11 08:45:00+00:00,-0.13787
2026-03-11 09:00:00+00:00,0.0887
2026-03-11 09:15:00+00:00,0.01124
2026-03-11 09:30:00+00:00,2.46707
2026-03-11 09:45:00+00:00,-2.03597
2026-03-11 10:00:00+00:00,0.03077
2026-03-11 10:15:00+00:00,-1.4417200000000001
2026-03-11 10:30:00+00:00,0.2728
2026-03-11 10:45:00+00:00,-0.039990000000000005
2026-03-11 11:00:00+00:00,3.2788600000000003
2026-03-11 11:15:00+00:00,-3.62106
2026-03-11 11:30:00+00:00,0.022420000000000002
2026-03-11 11:45:00+00:00,0.06287
2026-03-11 12:00:00+00:00,1.92608
2026-03-11 12:15:00+00:00,0.03713
2026-03-11 12:30:00+00:00,0.03768
2026-03-11 12:45:00+00:00,0.060969999999999996
2026-03-11 13:00:00+00:00,0.06665
2026-03-11 13:15:00+00:00,1.9419300000000002
2026-03-11 13:30:00+00:00,0.05331
2026-03-11 13:45:00+00:00,-3.07532
2026-03-11 14:00:00+00:00,0.97893
2026-03-11 14:15:00+00:00,-1.6291099999999998
2026-03-11 14:30:00+00:00,1.1125699999999998
2026-03-11 14:45:00+00:00,0.0799
2026-03-11 15:00:00+00:00,-1.55597
2026-03-11 15:15:00+00:00,0.08387
2026-03-11 15:30:00+00:00,0.10018
2026-03-11 15:45:00+00:00,0.12355
2026-03-11 16:00:00+00:00,0.10216
2026-03-11 16:15:00+00:00,0.04272
2026-03-11 16:30:00+00:00,0.11934
2026-03-11 16:45:00+00:00,0.11415
2026-03-11 17:00:00+00:00,0.07307999999999999
2026-03-11 17:15:00+00:00,0.02612
2026-03-11 17:30:00+00:00,0.09469
2026-03-11 17:45:00+00:00,0.1037
2026-03-11 18:00:00+00:00,0.0723
2026-03-11 18:15:00+00:00,0.0993
2026-03-11 18:30:00+00:00,0.10023
2026-03-11 18:45:00+00:00,0.051340000000000004
2026-03-11 19:00:00+00:00,0.06055
2026-03-11 19:15:00+00:00,0.046200000000000005
2026-03-11 19:30:00+00:00,0.09211
2026-03-11 19:45:00+00:00,0.06569
2026-03-11 20:00:00+00:00,0.01434
2026-03-11 20:15:00+00:00,0.11025
2026-03-11 20:30:00+00:00,0.07967
2026-03-11 20:45:00+00:00,0.07114
2026-03-11 21:00:00+00:00,0.07533
2026-03-11 21:15:00+00:00,0.06594
2026-03-11 21:30:00+00:00,0.060090000000000005
2026-03-11 21:45:00+00:00,0.07631
2026-03-11 22:00:00+00:00,0.11435
2026-03-11 22:15:00+00:00,0.06014
2026-03-11 22:30:00+00:00,-0.08957999999999999
2026-03-11 22:45:00+00:00,0.07255
2026-03-11 23:00:00+00:00,0.12237
2026-03-11 23:15:00+00:00,0.04004
2026-03-11 23:30:00+00:00,0.06714
2026-03-11 23:45:00+00:00,0.07501999999999999
2026-03-12 00:00:00+00:00,0.04306
2026-03-12 00:15:00+00:00,0.11075
2026-03-12 00:30:00+00:00,0.09487999999999999
2026-03-12 00:45:00+00:00,0.06092
2026-03-12 01:00:00+00:00,0.07148
2026-03-12 01:15:00+00:00,0.08852
2026-03-12 01:30:00+00:00,0.0964
2026-03-12 01:45:00+00:00,0.08259999999999999
2026-03-12 02:00:00+00:00,0.07481
2026-03-12 02:15:00+00:00,0.09770000000000001
2026-03-12 02:30:00+00:00,0.08241
2026-03-12 02:45:00+00:00,0.07956
2026-03-12 03:00:00+00:00,0.07404999999999999
2026-03-12 03:15:00+00:00,0.07704000000000001
2026-03-12 03:30:00+00:00,0.05361
2026-03-12 03:45:00+00:00,0.060829999999999995
2026-03-12 04:00:00+00:00,0.09079000000000001
2026-03-12 04:15:00+00:00,0.13129
2026-03-12 04:30:00+00:00,0.0824
2026-03-12 04:45:00+00:00,0.0785
2026-03-12 05:00:00+00:00,0.06393
2026-03-12 05:15:00+00:00,0.0828
2026-03-12 05:30:00+00:00,0.11677
2026-03-12 05:45:00+00:00,0.08767
2026-03-12 06:00:00+00:00,0.06595000000000001
2026-03-12 06:15:00+00:00,0.06772
2026-03-12 06:30:00+00:00,0.07207
2026-03-12 06:45:00+00:00,0.07337
2026-03-12 07:00:00+00:00,0.10168
2026-03-12 07:15:00+00:00,0.08617
2026-03-12 07:30:00+00:00,0.12364
2026-03-12 07:45:00+00:00,0.12346
2026-03-12 08:00:00+00:00,0.061560000000000004
2026-03-12 08:15:00+00:00,0.07044
2026-03-12 08:30:00+00:00,0.057210000000000004
2026-03-12 08:45:00+00:00,0.0353
2026-03-12 09:00:00+00:00,0.08959
2026-03-12 09:15:00+00:00,0.08259
2026-03-12 09:30:00+00:00,-0.10181
2026-03-12 09:45:00+00:00,0.15863999999999998
2026-03-12 10:00:00+00:00,0.062310000000000004
2026-03-12 10:15:00+00:00,0.015210000000000001
2026-03-12 10:30:00+00:00,0.02899
2026-03-12 10:45:00+00:00,0.028030000000000003
2026-03-12 11:00:00+00:00,0.04015
2026-03-12 11:15:00+00:00,0.01748
2026-03-12 11:30:00+00:00,-0.0070599999999999994
2026-03-12 11:45:00+00:00,0.01523
2026-03-12 12:00:00+00:00,0.02388
2026-03-12 12:15:00+00:00,0.00363
2026-03-12 12:30:00+00:00,0.01563
2026-03-12 12:45:00+00:00,-0.00432
2026-03-12 13:00:00+00:00,0.030260000000000002
2026-03-12 13:15:00+00:00,0.038549999999999994
2026-03-12 13:30:00+00:00,0.024730000000000002
2026-03-12 13:45:00+00:00,0.03592
2026-03-12 14:00:00+00:00,0.00479
2026-03-12 14:15:00+00:00,0.00432
2026-03-12 14:30:00+00:00,0.04961
2026-03-12 14:45:00+00:00,0.0571
2026-03-12 15:00:00+00:00,-0.08660999999999999
2026-03-12 15:15:00+00:00,0.045340000000000005
2026-03-12 15:30:00+00:00,0.07236
2026-03-12 15:45:00+00:00,0.09123
2026-03-12 16:00:00+00:00,0.01761
2026-03-12 16:15:00+00:00,-0.00841
2026-03-12 16:30:00+00:00,0.0687
2026-03-12 16:45:00+00:00,0.06452
2026-03-12 17:00:00+00:00,0.06498000000000001
2026-03-12 17:15:00+00:00,0.05005
2026-03-12 17:30:00+00:00,0.05756
2026-03-12 17:45:00+00:00,0.04876
2026-03-12 18:00:00+00:00,0.07759999999999999
2026-03-12 18:15:00+00:00,0.06848
2026-03-12 18:30:00+00:00,0.05552
2026-03-12 18:45:00+00:00,0.07744
2026-03-12 19:00:00+00:00,0.09961
2026-03-12 19:15:00+00:00,0.01391
2026-03-12 19:30:00+00:00,0.02935
2026-03-12 19:45:00+00:00,0.03666
2026-03-12 20:00:00+00:00,0.047170000000000004
2026-03-12 20:15:00+00:00,0.013560000000000001
2026-03-12 20:30:00+00:00,-0.015960000000000002
2026-03-12 20:45:00+00:00,0.047159999999999994
2026-03-12 21:00:00+00:00,0.03477
2026-03-12 21:15:00+00:00,0.052399999999999995
2026-03-12 21:30:00+00:00,0.034409999999999996
2026-03-12 21:45:00+00:00,0.02632
2026-03-12 22:00:00+00:00,0.02488
2026-03-12 22:15:00+00:00,0.045399999999999996
2026-03-12 22:30:00+00:00,0.02196
2026-03-12 22:45:00+00:00,0.07454000000000001
2026-03-12 23:00:00+00:00,0.05533
2026-03-12 23:15:00+00:00,0.03272
2026-03-12 23:30:00+00:00,0.09108
2026-03-12 23:45:00+00:00,0.013640000000000001
2026-03-13 00:00:00+00:00,0.12473000000000001
2026-03-13 00:15:00+00:00,0.00996
2026-03-13 00:30:00+00:00,0.040490000000000005
2026-03-13 00:45:00+00:00,0.03133
2026-03-13 01:00:00+00:00,0.0438
2026-03-13 01:15:00+00:00,0.053079999999999995
2026-03-13 01:30:00+00:00,0.09759000000000001
2026-03-13 01:45:00+00:00,0.1763
2026-03-13 02:00:00+00:00,0.06079
2026-03-13 02:15:00+00:00,0.05632
2026-03-13 02:30:00+00:00,0.45717
2026-03-13 02:45:00+00:00,0.15996000000000002
2026-03-13 03:00:00+00:00,0.42869999999999997
2026-03-13 03:15:00+00:00,0.26098000000000005
2026-03-13 03:30:00+00:00,0.30337000000000003
2026-03-13 03:45:00+00:00,0.12061
2026-03-13 04:00:00+00:00,0.37511
2026-03-13 04:15:00+00:00,0.12201000000000001
2026-03-13 04:30:00+00:00,-0.01838
2026-03-13 04:45:00+00:00,0.06892
2026-03-13 05:00:00+00:00,0.15744
2026-03-13 05:15:00+00:00,0.20224
2026-03-13 05:30:00+00:00,0.04893
2026-03-13 05:45:00+00:00,0.06312
2026-03-13 06:00:00+00:00,0.0697
2026-03-13 06:15:00+00:00,0.08195999999999999
2026-03-13 06:30:00+00:00,0.05072
2026-03-13 06:45:00+00:00,-0.0015
2026-03-13 07:00:00+00:00,0.04555
2026-03-13 07:15:00+00:00,-0.01812
2026-03-13 07:30:00+00:00,-0.01932
2026-03-13 07:45:00+00:00,0.0047599999999999995
2026-03-13 08:00:00+00:00,0.028120000000000003
2026-03-13 08:15:00+00:00,0.00513
2026-03-13 08:30:00+00:00,-0.00433
2026-03-13 08:45:00+00:00,0.06883
2026-03-13 09:00:00+00:00,2.19975
2026-03-13 09:15:00+00:00,0.00027
2026-03-13 09:30:00+00:00,-0.02438
2026-03-13 09:45:00+00:00,-0.04102
2026-03-13 10:00:00+00:00,0.03201
2026-03-13 10:15:00+00:00,-0.02016
2026-03-13 10:30:00+00:00,-0.09548000000000001
2026-03-13 10:45:00+00:00,0.00366
2026-03-13 11:00:00+00:00,0.01532
2026-03-13 11:15:00+00:00,0.01775
2026-03-13 11:30:00+00:00,0.04734
2026-03-13 11:45:00+00:00,0.00086
2026-03-13 12:00:00+00:00,0.026
2026-03-13 12:15:00+00:00,0.01267
2026-03-13 12:30:00+00:00,-0.0027
2026-03-13 12:45:00+00:00,0.04438
2026-03-13 13:00:00+00:00,-0.045340000000000005
2026-03-13 13:15:00+00:00,-0.07947
2026-03-13 13:30:00+00:00,-0.05043
2026-03-13 13:45:00+00:00,0.0214
2026-03-13 14:00:00+00:00,0.03413
2026-03-13 14:15:00+00:00,0.02316
2026-03-13 14:30:00+00:00,0.04511
2026-03-13 14:45:00+00:00,0.17238
2026-03-13 15:00:00+00:00,0.08617
2026-03-13 15:15:00+00:00,0.08005
2026-03-13 15:30:00+00:00,0.08009999999999999
2026-03-13 15:45:00+00:00,0.07476000000000001
2026-03-13 16:00:00+00:00,0.08452
2026-03-13 16:15:00+00:00,0.07828
2026-03-13 16:30:00+00:00,0.09212999999999999
2026-03-13 16:45:00+00:00,0.07787000000000001
2026-03-13 17:00:00+00:00,0.06871
2026-03-13 17:15:00+00:00,0.10355
2026-03-13 17:30:00+00:00,0.08073999999999999
2026-03-13 17:45:00+00:00,0.07082
2026-03-13 18:00:00+00:00,0.08061
2026-03-13 18:15:00+00:00,0.09468
2026-03-13 18:30:00+00:00,0.10590999999999999
2026-03-13 18:45:00+00:00,0.06887
2026-03-13 19:00:00+00:00,0.06779
2026-03-13 19:15:00+00:00,0.08299
2026-03-13 19:30:00+00:00,0.11657
2026-03-13 19:45:00+00:00,0.06316
2026-03-13 20:00:00+00:00,0.10523
2026-03-13 20:15:00+00:00,0.10135
2026-03-13 20:30:00+00:00,0.07572
2026-03-13 20:45:00+00:00,0.08867
2026-03-13 21:00:00+00:00,0.09534000000000001
2026-03-13 21:15:00+00:00,0.074
2026-03-13 21:30:00+00:00,0.04718
2026-03-13 21:45:00+00:00,0.062490000000000004
2026-03-13 22:00:00+00:00,0.13016999999999998
2026-03-13 22:15:00+00:00,0.03835
2026-03-13 22:30:00+00:00,0.21500999999999998
2026-03-13 22:45:00+00:00,0.06395
2026-03-13 23:00:00+00:00,0.062340000000000007
2026-03-13 23:15:00+00:00,0.06401000000000001
2026-03-13 23:30:00+00:00,0.06884
2026-03-13 23:45:00+00:00,0.08379
2026-03-14 00:00:00+00:00,0.09281
2026-03-14 00:15:00+00:00,0.21127
2026-03-14 00:30:00+00:00,0.08270000000000001
2026-03-14 00:45:00+00:00,0.07757
2026-03-14 01:00:00+00:00,0.15325
2026-03-14 01:15:00+00:00,0.09334
2026-03-14 01:30:00+00:00,0.14473
2026-03-14 01:45:00+00:00,0.09729
2026-03-14 02:00:00+00:00,0.08503
2026-03-14 02:15:00+00:00,0.08749
2026-03-14 02:30:00+00:00,0.10751999999999999
2026-03-14 02:45:00+00:00,0.07354999999999999
2026-03-14 03:00:00+00:00,0.09063
2026-03-14 03:15:00+00:00,0.08748
2026-03-14 03:30:00+00:00,0.08965000000000001
2026-03-14 03:45:00+00:00,0.08223
2026-03-14 04:00:00+00:00,0.16129
2026-03-14 04:15:00+00:00,0.13628
2026-03-14 04:30:00+00:00,0.15275999999999998
2026-03-14 04:45:00+00:00,0.19341
2026-03-14 05:00:00+00:00,0.07661
2026-03-14 05:15:00+00:00,0.0644
2026-03-14 05:30:00+00:00,0.09451000000000001
2026-03-14 05:45:00+00:00,0.06602
2026-03-14 06:00:00+00:00,0.08622
2026-03-14 06:15:00+00:00,0.07535
2026-03-14 06:30:00+00:00,0.05328
2026-03-14 06:45:00+00:00,0.050409999999999996
2026-03-14 07:00:00+00:00,0.08761
2026-03-14 07:15:00+00:00,0.0327
2026-03-14 07:30:00+00:00,0.046759999999999996
2026-03-14 07:45:00+00:00,0.05336
2026-03-14 08:00:00+00:00,0.03282
2026-03-14 08:15:00+00:00,0.027280000000000002
2026-03-14 08:30:00+00:00,0.1326
2026-03-14 08:45:00+00:00,0.04169
2026-03-14 09:00:00+00:00,0.12002
2026-03-14 09:15:00+00:00,0.03018
2026-03-14 09:30:00+00:00,0.00825
2026-03-14 09:45:00+00:00,0.0451
2026-03-14 10:00:00+00:00,0.05595
2026-03-14 10:15:00+00:00,0.00889
2026-03-14 10:30:00+00:00,-0.027530000000000002
2026-03-14 10:45:00+00:00,0.02877
2026-03-14 11:00:00+00:00,0.024050000000000002
2026-03-14 11:15:00+00:00,0.02298
2026-03-14 11:30:00+00:00,-0.17424
2026-03-14 11:45:00+00:00,0.04072
2026-03-14 12:00:00+00:00,0.037340000000000005
2026-03-14 12:15:00+00:00,0.07393999999999999
2026-03-14 12:30:00+00:00,0.05021
2026-03-14 12:45:00+00:00,0.05575
2026-03-14 13:00:00+00:00,0.0665
2026-03-14 13:15:00+00:00,0.05324
2026-03-14 13:30:00+00:00,0.07298
2026-03-14 13:45:00+00:00,0.05102
2026-03-14 14:00:00+00:00,0.02648
2026-03-14 14:15:00+00:00,0.04864
2026-03-14 14:30:00+00:00,0.0571
2026-03-14 14:45:00+00:00,0.09187999999999999
2026-03-14 15:00:00+00:00,0.06788
2026-03-14 15:15:00+00:00,0.06456999999999999
2026-03-14 15:30:00+00:00,0.07595
2026-03-14 15:45:00+00:00,0.06879
2026-03-14 16:00:00+00:00,0.07751999999999999
2026-03-14 16:15:00+00:00,0.08165
2026-03-14 16:30:00+00:00,0.09526000000000001
2026-03-14 16:45:00+00:00,0.06987
2026-03-14 17:00:00+00:00,0.09409999999999999
2026-03-14 17:15:00+00:00,0.09731999999999999
2026-03-14 17:30:00+00:00,0.07712000000000001
2026-03-14 17:45:00+00:00,0.06972
2026-03-14 18:00:00+00:00,0.09778
2026-03-14 18:15:00+00:00,0.09839
2026-03-14 18:30:00+00:00,0.06128
2026-03-14 18:45:00+00:00,0.08254
2026-03-14 19:00:00+00:00,0.07184
2026-03-14 19:15:00+00:00,0.09136
2026-03-14 19:30:00+00:00,0.08123000000000001
2026-03-14 19:45:00+00:00,0.10472
2026-03-14 20:00:00+00:00,0.09527
2026-03-14 20:15:00+00:00,0.09323999999999999
2026-03-14 20:30:00+00:00,0.09778
2026-03-14 20:45:00+00:00,0.09242
2026-03-14 21:00:00+00:00,0.09562999999999999
2026-03-14 21:15:00+00:00,0.08705
2026-03-14 21:30:00+00:00,0.09484999999999999
2026-03-14 21:45:00+00:00,0.09247
2026-03-14 22:00:00+00:00,0.09303
2026-03-14 22:15:00+00:00,0.08928
2026-03-14 22:30:00+00:00,0.09561
2026-03-14 22:45:00+00:00,0.1123
2026-03-14 23:00:00+00:00,0.09164
2026-03-14 23:15:00+00:00,0.06
2026-03-14 23:30:00+00:00,0.47648
2026-03-14 23:45:00+00:00,0.11
2026-03-15 00:00:00+00:00,0.11
2026-03-15 00:15:00+00:00,0.11
2026-03-15 00:30:00+00:00,0.11
2026-03-15 00:45:00+00:00,0.0702
2026-03-15 01:00:00+00:00,0.0702
2026-03-15 01:15:00+00:00,0.0702
2026-03-15 01:30:00+00:00,0.0702
2026-03-15 01:45:00+00:00,0.0702
2026-03-15 02:00:00+00:00,0.0702
2026-03-15 02:15:00+00:00,0.0702
2026-03-15 02:30:00+00:00,0.0702
2026-03-15 02:45:00+00:00,0.0702
2026-03-15 03:00:00+00:00,0.0702
2026-03-15 03:15:00+00:00,0.0702
2026-03-15 03:30:00+00:00,0.0702
2026-03-15 03:45:00+00:00,0.0702
2026-03-15 04:00:00+00:00,0.0702
2026-03-15 04:15:00+00:00,0.0702
2026-03-15 04:30:00+00:00,0.0702
2026-03-15 04:45:00+00:00,0.0702
2026-03-15 05:00:00+00:00,0.0702
2026-03-15 05:15:00+00:00,0.0702
2026-03-15 05:30:00+00:00,0.0702
2026-03-15 05:45:00+00:00,0.0702
2026-03-15 06:00:00+00:00,0.0702
2026-03-15 06:15:00+00:00,0.113
2026-03-15 06:30:00+00:00,0.22408
2026-03-15 06:45:00+00:00,0.09293000000000001
2026-03-15 07:00:00+00:00,0.08939
2026-03-15 07:15:00+00:00,0.08887
2026-03-15 07:30:00+00:00,0.08887
2026-03-15 07:45:00+00:00,0.08887
2026-03-15 08:00:00+00:00,0.08887
2026-03-15 08:15:00+00:00,0.23296
2026-03-15 08:30:00+00:00,0.08251
2026-03-15 08:45:00+00:00,0.04264
2026-03-15 09:00:00+00:00,0.11277
2026-03-15 09:15:00+00:00,0.05711
2026-03-15 09:30:00+00:00,0.07036
2026-03-15 09:45:00+00:00,0.0020099999999999996
2026-03-15 10:00:00+00:00,0.01748
2026-03-15 10:15:00+00:00,0.06679
2026-03-15 10:30:00+00:00,0.03533
2026-03-15 10:45:00+00:00,-0.055380000000000006
2026-03-15 11:00:00+00:00,0.0417
2026-03-15 11:15:00+00:00,0.039299999999999995
2026-03-15 11:30:00+00:00,0.00149
2026-03-15 11:45:00+00:00,0.045810000000000003
2026-03-15 12:00:00+00:00,-0.00722
2026-03-15 12:15:00+00:00,-0.05006
2026-03-15 12:30:00+00:00,0.01738
2026-03-15 12:45:00+00:00,0.030600000000000002
2026-03-15 13:00:00+00:00,0.0070599999999999994
2026-03-15 13:15:00+00:00,0.18785
2026-03-15 13:30:00+00:00,0.03536
2026-03-15 13:45:00+00:00,0.04954
2026-03-15 14:00:00+00:00,0.04564
2026-03-15 14:15:00+00:00,-0.012960000000000001
2026-03-15 14:30:00+00:00,0.056350000000000004
2026-03-15 14:45:00+00:00,0.0985
2026-03-15 15:00:00+00:00,0.03843
2026-03-15 15:15:00+00:00,0.02435
2026-03-15 15:30:00+00:00,0.06511
2026-03-15 15:45:00+00:00,0.06731999999999999
2026-03-15 16:00:00+00:00,0.04374
2026-03-15 16:15:00+00:00,-0.038770000000000006
2026-03-15 16:30:00+00:00,-0.05221
2026-03-15 16:45:00+00:00,0.10468999999999999
2026-03-15 17:00:00+00:00,0.040130000000000006
2026-03-15 17:15:00+00:00,0.04913
2026-03-15 17:30:00+00:00,0.03025
2026-03-15 17:45:00+00:00,0.07535
2026-03-15 18:00:00+00:00,0.02185
2026-03-15 18:15:00+00:00,0.04355
2026-03-15 18:30:00+00:00,0.01592
2026-03-15 18:45:00+00:00,0.02914
2026-03-15 19:00:00+00:00,-0.00368
2026-03-15 19:15:00+00:00,0.06962
2026-03-15 19:30:00+00:00,-0.027649999999999997
2026-03-15 19:45:00+00:00,0.08472
2026-03-15 20:00:00+00:00,0.06873
2026-03-15 20:15:00+00:00,0.06822
2026-03-15 20:30:00+00:00,0.06698
2026-03-15 20:45:00+00:00,0.06675
2026-03-15 21:00:00+00:00,0.07216
2026-03-15 21:15:00+00:00,0.011630000000000001
2026-03-15 21:30:00+00:00,0.01776
2026-03-15 21:45:00+00:00,0.038759999999999996
2026-03-15 22:00:00+00:00,0.06085
2026-03-15 22:15:00+00:00,0.0156
2026-03-15 22:30:00+00:00,-0.04152
2026-03-15 22:45:00+00:00,0.13486
2026-03-15 23:00:00+00:00,0.36246
2026-03-15 23:15:00+00:00,-0.005690000000000001
2026-03-15 23:30:00+00:00,0.03296
2026-03-15 23:45:00+00:00,0.00717
2026-03-16 00:00:00+00:00,0.08655
2026-03-16 00:15:00+00:00,0.013519999999999999
2026-03-16 00:30:00+00:00,0.01443
2026-03-16 00:45:00+00:00,0.03187
2026-03-16 01:00:00+00:00,-0.0636
2026-03-16 01:15:00+00:00,0.8382000000000001
2026-03-16 01:30:00+00:00,0.054549999999999994
2026-03-16 01:45:00+00:00,0.9277799999999999
2026-03-16 02:00:00+00:00,0.29805000000000004
2026-03-16 02:15:00+00:00,0.38574
2026-03-16 02:30:00+00:00,0.22479
2026-03-16 02:45:00+00:00,0.77488
2026-03-16 03:00:00+00:00,0.23514
2026-03-16 03:15:00+00:00,0.49960000000000004
2026-03-16 03:30:00+00:00,0.57571
2026-03-16 03:45:00+00:00,0.57888
2026-03-16 04:00:00+00:00,0.59387
2026-03-16 04:15:00+00:00,0.13161
2026-03-16 04:30:00+00:00,1.2194200000000002
2026-03-16 04:45:00+00:00,0.97733
2026-03-16 05:00:00+00:00,0.08015
2026-03-16 05:15:00+00:00,0.69224
2026-03-16 05:30:00+00:00,0.489
2026-03-16 05:45:00+00:00,0.69777
2026-03-16 06:00:00+00:00,0.23605
2026-03-16 06:15:00+00:00,0.10243000000000001
2026-03-16 06:30:00+00:00,0.09681999999999999
2026-03-16 06:45:00+00:00,0.05289
2026-03-16 07:00:00+00:00,0.16299
2026-03-16 07:15:00+00:00,0.10731
2026-03-16 07:30:00+00:00,0.10398
2026-03-16 07:45:00+00:00,0.10254
2026-03-16 08:00:00+00:00,0.20851
2026-03-16 08:15:00+00:00,0.13793
2026-03-16 08:30:00+00:00,0.06025
2026-03-16 08:45:00+00:00,0.061149999999999996
2026-03-16 09:00:00+00:00,0.07288
2026-03-16 09:15:00+00:00,0.02354
2026-03-16 09:30:00+00:00,0.07621
2026-03-16 09:45:00+00:00,0.07129
2026-03-16 10:00:00+00:00,0.02871
2026-03-16 10:15:00+00:00,0.52728
2026-03-16 10:30:00+00:00,0.08123000000000001
2026-03-16 10:45:00+00:00,0.38126
2026-03-16 11:00:00+00:00,0.08479
2026-03-16 11:15:00+00:00,0.046259999999999996
2026-03-16 11:30:00+00:00,0.060090000000000005
2026-03-16 11:45:00+00:00,0.06149
2026-03-16 12:00:00+00:00,0.05833
2026-03-16 12:15:00+00:00,0.07448
2026-03-16 12:30:00+00:00,0.06453
2026-03-16 12:45:00+00:00,0.05341
2026-03-16 13:00:00+00:00,0.06454
2026-03-16 13:15:00+00:00,0.04722
2026-03-16 13:30:00+00:00,-0.95872
2026-03-16 13:45:00+00:00,0.15791999999999998
2026-03-16 14:00:00+00:00,-0.0083
2026-03-16 14:15:00+00:00,2.02
2026-03-16 14:30:00+00:00,0.07798999999999999
2026-03-16 14:45:00+00:00,0.084
2026-03-16 15:00:00+00:00,0.08456
2026-03-16 15:15:00+00:00,0.05049
2026-03-16 15:30:00+00:00,-0.0030299999999999997
2026-03-16 15:45:00+00:00,2.47398
2026-03-16 16:00:00+00:00,0.12021
2026-03-16 16:15:00+00:00,0.05832
2026-03-16 16:30:00+00:00,0.13718
2026-03-16 16:45:00+00:00,0.09389
2026-03-16 17:00:00+00:00,0.08814
2026-03-16 17:15:00+00:00,0.1062
2026-03-16 17:30:00+00:00,0.15134999999999998
2026-03-16 17:45:00+00:00,0.13385
2026-03-16 18:00:00+00:00,0.12762
2026-03-16 18:15:00+00:00,0.14404
2026-03-16 18:30:00+00:00,0.18463
2026-03-16 18:45:00+00:00,0.13943
2026-03-16 19:00:00+00:00,0.03073
2026-03-16 19:15:00+00:00,0.11343
2026-03-16 19:30:00+00:00,0.08234999999999999
2026-03-16 19:45:00+00:00,0.11120999999999999
2026-03-16 20:00:00+00:00,0.13974
2026-03-16 20:15:00+00:00,0.09581999999999999
2026-03-16 20:30:00+00:00,0.12014
2026-03-16 20:45:00+00:00,0.07740000000000001
2026-03-16 21:00:00+00:00,0.10559
2026-03-16 21:15:00+00:00,0.09342
2026-03-16 21:30:00+00:00,0.08159999999999999
2026-03-16 21:45:00+00:00,0.10965000000000001
2026-03-16 22:00:00+00:00,0.09753
2026-03-16 22:15:00+00:00,0.12206
2026-03-16 22:30:00+00:00,0.08959
2026-03-16 22:45:00+00:00,0.08696
2026-03-16 23:00:00+00:00,0.10671
2026-03-16 23:15:00+00:00,0.07589
2026-03-16 23:30:00+00:00,0.060200000000000004
2026-03-16 23:45:00+00:00,0.06927
2026-03-17 00:00:00+00:00,0.03556
2026-03-17 00:15:00+00:00,0.018609999999999998
2026-03-17 00:30:00+00:00,0.06478
2026-03-17 00:45:00+00:00,0.05871
2026-03-17 01:00:00+00:00,0.08289
2026-03-17 01:15:00+00:00,0.08305
2026-03-17 01:30:00+00:00,0.07905
2026-03-17 01:45:00+00:00,0.0396
2026-03-17 02:00:00+00:00,0.06868
2026-03-17 02:15:00+00:00,0.00623
2026-03-17 02:30:00+00:00,0.11927
2026-03-17 02:45:00+00:00,0.04879
2026-03-17 03:00:00+00:00,0.05941
2026-03-17 03:15:00+00:00,0.06191
2026-03-17 03:30:00+00:00,0.07045
2026-03-17 03:45:00+00:00,0.08539
2026-03-17 04:00:00+00:00,0.07318999999999999
2026-03-17 04:15:00+00:00,0.07471
2026-03-17 04:30:00+00:00,0.08327
2026-03-17 04:45:00+00:00,0.13875
2026-03-17 05:00:00+00:00,0.07717
2026-03-17 05:15:00+00:00,0.06139
2026-03-17 05:30:00+00:00,0.30932
2026-03-17 05:45:00+00:00,0.061369999999999994
2026-03-17 06:00:00+00:00,0.1419
2026-03-17 06:15:00+00:00,0.17625
2026-03-17 06:30:00+00:00,0.09508
2026-03-17 06:45:00+00:00,0.11642
2026-03-17 07:00:00+00:00,-3.52425
2026-03-17 07:15:00+00:00,0.29729
2026-03-17 07:30:00+00:00,0.06953
2026-03-17 07:45:00+00:00,0.17196
2026-03-17 08:00:00+00:00,0.09104999999999999
2026-03-17 08:15:00+00:00,0.53051
2026-03-17 08:30:00+00:00,0.05089
2026-03-17 08:45:00+00:00,0.0458
2026-03-17 09:00:00+00:00,0.98681
2026-03-17 09:15:00+00:00,-0.25443
2026-03-17 09:30:00+00:00,0.02588
2026-03-17 09:45:00+00:00,-0.89148
2026-03-17 10:00:00+00:00,-0.23659
2026-03-17 10:15:00+00:00,0.036590000000000004
2026-03-17 10:30:00+00:00,0.08534
2026-03-17 10:45:00+00:00,0.09434000000000001
2026-03-17 11:00:00+00:00,0.04471
2026-03-17 11:15:00+00:00,-0.0089
2026-03-17 11:30:00+00:00,0.36156
2026-03-17 11:45:00+00:00,0.60622
2026-03-17 12:00:00+00:00,0.06361
2026-03-17 12:15:00+00:00,0.04019
2026-03-17 12:30:00+00:00,0.05125
2026-03-17 12:45:00+00:00,0.05372
2026-03-17 13:00:00+00:00,0.05706
2026-03-17 13:15:00+00:00,0.060039999999999996
2026-03-17 13:30:00+00:00,0.06373
2026-03-17 13:45:00+00:00,0.06383
2026-03-17 14:00:00+00:00,0.07486
2026-03-17 14:15:00+00:00,0.07945999999999999
2026-03-17 14:30:00+00:00,0.04117
2026-03-17 14:45:00+00:00,0.05465999999999999
2026-03-17 15:00:00+00:00,0.055810000000000005
2026-03-17 15:15:00+00:00,0.05899
2026-03-17 15:30:00+00:00,0.08020000000000001
2026-03-17 15:45:00+00:00,0.08288
2026-03-17 16:00:00+00:00,0.01898
2026-03-17 16:15:00+00:00,0.0895
2026-03-17 16:30:00+00:00,0.06996
2026-03-17 16:45:00+00:00,0.07927
2026-03-17 17:00:00+00:00,0.03604
2026-03-17 17:15:00+00:00,0.0803
2026-03-17 17:30:00+00:00,0.08417
2026-03-17 17:45:00+00:00,0.09679
2026-03-17 18:00:00+00:00,0.08081999999999999
2026-03-17 18:15:00+00:00,0.05321
2026-03-17 18:30:00+00:00,0.033030000000000004
2026-03-17 18:45:00+00:00,0.09196
2026-03-17 19:00:00+00:00,0.10254
2026-03-17 19:15:00+00:00,0.042140000000000004
2026-03-17 19:30:00+00:00,0.051609999999999996
2026-03-17 19:45:00+00:00,0.02485
2026-03-17 20:00:00+00:00,0.08699
2026-03-17 20:15:00+00:00,0.06875
2026-03-17 20:30:00+00:00,-0.1195
2026-03-17 20:45:00+00:00,0.0887
2026-03-17 21:00:00+00:00,0.09564
2026-03-17 21:15:00+00:00,-2.604
2026-03-17 21:30:00+00:00,0.08636
2026-03-17 21:45:00+00:00,0.08940000000000001
2026-03-17 22:00:00+00:00,0.10267
2026-03-17 22:15:00+00:00,0.0854
2026-03-17 22:30:00+00:00,0.12443000000000001
2026-03-17 22:45:00+00:00,0.013300000000000001
2026-03-17 23:00:00+00:00,0.09079999999999999
2026-03-17 23:15:00+00:00,0.06222
2026-03-17 23:30:00+00:00,0.05955
2026-03-17 23:45:00+00:00,-0.013800000000000002
2026-03-18 00:00:00+00:00,-0.04335
2026-03-18 00:15:00+00:00,-0.00663
2026-03-18 00:30:00+00:00,-0.04722
2026-03-18 00:45:00+00:00,0.06348
2026-03-18 01:00:00+00:00,0.04047
2026-03-18 01:15:00+00:00,0.028399999999999998
2026-03-18 01:30:00+00:00,0.053439999999999994
2026-03-18 01:45:00+00:00,-0.011640000000000001
2026-03-18 02:00:00+00:00,0.044719999999999996
2026-03-18 02:15:00+00:00,-0.11313
2026-03-18 02:30:00+00:00,0.05323
2026-03-18 02:45:00+00:00,0.07188
2026-03-18 03:00:00+00:00,0.07929
2026-03-18 03:15:00+00:00,0.04453
2026-03-18 03:30:00+00:00,0.07266
2026-03-18 03:45:00+00:00,0.0828
2026-03-18 04:00:00+00:00,0.078
2026-03-18 04:15:00+00:00,0.058070000000000004
2026-03-18 04:30:00+00:00,0.08323
2026-03-18 04:45:00+00:00,0.09791
2026-03-18 05:00:00+00:00,0.07511
2026-03-18 05:15:00+00:00,0.08924
2026-03-18 05:30:00+00:00,0.09486
2026-03-18 05:45:00+00:00,0.08011
2026-03-18 06:00:00+00:00,0.10859
2026-03-18 06:15:00+00:00,0.08567
2026-03-18 06:30:00+00:00,0.07461
2026-03-18 06:45:00+00:00,0.061619999999999994
2026-03-18 07:00:00+00:00,0.07797
2026-03-18 07:15:00+00:00,0.061439999999999995
2026-03-18 07:30:00+00:00,0.04711
2026-03-18 07:45:00+00:00,0.04011
2026-03-18 08:00:00+00:00,0.0689
2026-03-18 08:15:00+00:00,0.0639
2026-03-18 08:30:00+00:00,0.03602
2026-03-18 08:45:00+00:00,0.0415
2026-03-18 09:00:00+00:00,0.04541
2026-03-18 09:15:00+00:00,0.01431
2026-03-18 09:30:00+00:00,0.01183
2026-03-18 09:45:00+00:00,0.022670000000000003
2026-03-18 10:00:00+00:00,0.03739
2026-03-18 10:15:00+00:00,0.01063
2026-03-18 10:30:00+00:00,-0.09411
2026-03-18 10:45:00+00:00,0.71374
2026-03-18 11:00:00+00:00,0.02138
2026-03-18 11:15:00+00:00,0.0049900000000000005
2026-03-18 11:30:00+00:00,0.03889
2026-03-18 11:45:00+00:00,-0.54699
2026-03-18 12:00:00+00:00,0.00268
2026-03-18 12:15:00+00:00,0.00943
2026-03-18 12:30:00+00:00,0.012289999999999999
2026-03-18 12:45:00+00:00,0.51066
2026-03-18 13:00:00+00:00,-0.24101
2026-03-18 13:15:00+00:00,0.03322
2026-03-18 13:30:00+00:00,-0.08957
2026-03-18 13:45:00+00:00,0.048100000000000004
2026-03-18 14:00:00+00:00,-0.019289999999999998
2026-03-18 14:15:00+00:00,0.04473
2026-03-18 14:30:00+00:00,0.03866
2026-03-18 14:45:00+00:00,0.046560000000000004
2026-03-18 15:00:00+00:00,0.14003
2026-03-18 15:15:00+00:00,0.16388999999999998
2026-03-18 15:30:00+00:00,0.2711
2026-03-18 15:45:00+00:00,0.28746
2026-03-18 16:00:00+00:00,0.12597
2026-03-18 16:15:00+00:00,0.3417
2026-03-18 16:30:00+00:00,0.05749
2026-03-18 16:45:00+00:00,0.11365
2026-03-18 17:00:00+00:00,0.11291
2026-03-18 17:15:00+00:00,-0.5476599999999999
2026-03-18 17:30:00+00:00,0.03056
2026-03-18 17:45:00+00:00,-0.5292899999999999
2026-03-18 18:00:00+00:00,-0.18869999999999998
2026-03-18 18:15:00+00:00,0.00337
2026-03-18 18:30:00+00:00,-0.06622
2026-03-18 18:45:00+00:00,-0.21525999999999998
2026-03-18 19:00:00+00:00,0.05947
2026-03-18 19:15:00+00:00,-0.07257
2026-03-18 19:30:00+00:00,0.056909999999999995
2026-03-18 19:45:00+00:00,0.01316
2026-03-18 20:00:00+00:00,0.01647
2026-03-18 20:15:00+00:00,-0.1113
2026-03-18 20:30:00+00:00,-0.04668
2026-03-18 20:45:00+00:00,-0.26800999999999997
2026-03-18 21:00:00+00:00,0.044289999999999996
2026-03-18 21:15:00+00:00,0.0444
2026-03-18 21:30:00+00:00,-0.21181999999999998
2026-03-18 21:45:00+00:00,0.04566
2026-03-18 22:00:00+00:00,0.062479999999999994
2026-03-18 22:15:00+00:00,0.062060000000000004
2026-03-18 22:30:00+00:00,-0.01443
2026-03-18 22:45:00+00:00,0.02357
2026-03-18 23:00:00+00:00,0.08882999999999999
2026-03-18 23:15:00+00:00,0.09383
2026-03-18 23:30:00+00:00,0.10196
2026-03-18 23:45:00+00:00,0.12207
2026-03-19 00:00:00+00:00,0.09320999999999999
2026-03-19 00:15:00+00:00,0.09569
2026-03-19 00:30:00+00:00,0.09770000000000001
2026-03-19 00:45:00+00:00,0.08097
2026-03-19 01:00:00+00:00,0.12375
2026-03-19 01:15:00+00:00,0.09187000000000001
2026-03-19 01:30:00+00:00,0.08409
2026-03-19 01:45:00+00:00,0.08038
2026-03-19 02:00:00+00:00,0.11262
2026-03-19 02:15:00+00:00,0.07773000000000001
2026-03-19 02:30:00+00:00,0.05779
2026-03-19 02:45:00+00:00,0.07207
2026-03-19 03:00:00+00:00,0.08899
2026-03-19 03:15:00+00:00,0.06406999999999999
2026-03-19 03:30:00+00:00,0.08355
2026-03-19 03:45:00+00:00,0.06811
2026-03-19 04:00:00+00:00,0.0891
2026-03-19 04:15:00+00:00,0.10535
2026-03-19 04:30:00+00:00,0.08799
2026-03-19 04:45:00+00:00,0.09759000000000001
2026-03-19 05:00:00+00:00,0.16753
2026-03-19 05:15:00+00:00,0.09676
2026-03-19 05:30:00+00:00,0.10976000000000001
2026-03-19 05:45:00+00:00,0.05105
2026-03-19 06:00:00+00:00,0.14303
2026-03-19 06:15:00+00:00,0.11401
2026-03-19 06:30:00+00:00,0.07116
2026-03-19 06:45:00+00:00,0.07418000000000001
2026-03-19 07:00:00+00:00,0.11945
2026-03-19 07:15:00+00:00,0.02937
2026-03-19 07:30:00+00:00,0.01626
2026-03-19 07:45:00+00:00,0.032549999999999996
2026-03-19 08:00:00+00:00,0.07872
2026-03-19 08:15:00+00:00,0.05291
2026-03-19 08:30:00+00:00,-0.016460000000000002
2026-03-19 08:45:00+00:00,-0.011470000000000001
2026-03-19 09:00:00+00:00,0.09087999999999999
2026-03-19 09:15:00+00:00,0.00073
2026-03-19 09:30:00+00:00,0.032670000000000005
2026-03-19 09:45:00+00:00,-0.02501
2026-03-19 10:00:00+00:00,0.00868
2026-03-19 10:15:00+00:00,0.0038799999999999998
2026-03-19 10:30:00+00:00,0.00432
2026-03-19 10:45:00+00:00,-0.02214
2026-03-19 11:00:00+00:00,0.04106
2026-03-19 11:15:00+00:00,0.031219999999999998
2026-03-19 11:30:00+00:00,0.04102
2026-03-19 11:45:00+00:00,0.024399999999999998
2026-03-19 12:00:00+00:00,0.5648099999999999
2026-03-19 12:15:00+00:00,0.09967000000000001
2026-03-19 12:30:00+00:00,0.06911
2026-03-19 12:45:00+00:00,0.056170000000000005
2026-03-19 13:00:00+00:00,-0.13033
2026-03-19 13:15:00+00:00,0.07648
2026-03-19 13:30:00+00:00,0.054810000000000005
2026-03-19 13:45:00+00:00,-0.14178
2026-03-19 14:00:00+00:00,0.18275999999999998
2026-03-19 14:15:00+00:00,0.0144
2026-03-19 14:30:00+00:00,0.07194
2026-03-19 14:45:00+00:00,0.0697
2026-03-19 15:00:00+00:00,0.0136
2026-03-19 15:15:00+00:00,0.04548
2026-03-19 15:30:00+00:00,0.05052
2026-03-19 15:45:00+00:00,0.04735
2026-03-19 16:00:00+00:00,0.08437
2026-03-19 16:15:00+00:00,0.09190999999999999
2026-03-19 16:30:00+00:00,0.10861
2026-03-19 16:45:00+00:00,0.12145
2026-03-19 17:00:00+00:00,0.07251
2026-03-19 17:15:00+00:00,-0.06763
2026-03-19 17:30:00+00:00,-0.0677
2026-03-19 17:45:00+00:00,0.11537
2026-03-19 18:00:00+00:00,0.23063999999999998
2026-03-19 18:15:00+00:00,0.12276000000000001
2026-03-19 18:30:00+00:00,0.10839
2026-03-19 18:45:00+00:00,0.14298
2026-03-19 19:00:00+00:00,0.11948
2026-03-19 19:15:00+00:00,0.10015
2026-03-19 19:30:00+00:00,0.11448
2026-03-19 19:45:00+00:00,0.11489
2026-03-19 20:00:00+00:00,0.08463
2026-03-19 20:15:00+00:00,0.09717
2026-03-19 20:30:00+00:00,0.08946
2026-03-19 20:45:00+00:00,0.09033
2026-03-19 21:00:00+00:00,0.10116
2026-03-19 21:15:00+00:00,0.09814
2026-03-19 21:30:00+00:00,0.08426
2026-03-19 21:45:00+00:00,0.12133
2026-03-19 22:00:00+00:00,0.09173999999999999
2026-03-19 22:15:00+00:00,0.08691
2026-03-19 22:30:00+00:00,0.08023999999999999
2026-03-19 22:45:00+00:00,0.09885
2026-03-19 23:00:00+00:00,0.053020000000000005
2026-03-19 23:15:00+00:00,0.062490000000000004
2026-03-19 23:30:00+00:00,0.05572
2026-03-19 23:45:00+00:00,0.043340000000000004
2026-03-20 00:00:00+00:00,0.03995
2026-03-20 00:15:00+00:00,0.07335
2026-03-20 00:30:00+00:00,0.050320000000000004
2026-03-20 00:45:00+00:00,0.049710000000000004
2026-03-20 01:00:00+00:00,0.05292
2026-03-20 01:15:00+00:00,0.06395
2026-03-20 01:30:00+00:00,0.05357
2026-03-20 01:45:00+00:00,0.01648
2026-03-20 02:00:00+00:00,0.07879000000000001
2026-03-20 02:15:00+00:00,0.08128
2026-03-20 02:30:00+00:00,0.03155
2026-03-20 02:45:00+00:00,0.05948
2026-03-20 03:00:00+00:00,0.09098
2026-03-20 03:15:00+00:00,0.057030000000000004
2026-03-20 03:30:00+00:00,0.05697
2026-03-20 03:45:00+00:00,0.02729
2026-03-20 04:00:00+00:00,0.06653
2026-03-20 04:15:00+00:00,0.033229999999999996
2026-03-20 04:30:00+00:00,0.04957
2026-03-20 04:45:00+00:00,0.09529
2026-03-20 05:00:00+00:00,0.15475
2026-03-20 05:15:00+00:00,0.1541
2026-03-20 05:30:00+00:00,0.17640999999999998
2026-03-20 05:45:00+00:00,0.15121
2026-03-20 06:00:00+00:00,0.23188999999999999
2026-03-20 06:15:00+00:00,0.21853999999999998
2026-03-20 06:30:00+00:00,0.17919
2026-03-20 06:45:00+00:00,0.13024000000000002
2026-03-20 07:00:00+00:00,0.21878
2026-03-20 07:15:00+00:00,0.12990000000000002
2026-03-20 07:30:00+00:00,0.15094
2026-03-20 07:45:00+00:00,0.19046000000000002
2026-03-20 08:00:00+00:00,0.17386000000000001
2026-03-20 08:15:00+00:00,0.06909
2026-03-20 08:30:00+00:00,0.21896000000000002
2026-03-20 08:45:00+00:00,0.11992
2026-03-20 09:00:00+00:00,0.13448
2026-03-20 09:15:00+00:00,0.13007
2026-03-20 09:30:00+00:00,0.00429
2026-03-20 09:45:00+00:00,0.08341
2026-03-20 10:00:00+00:00,0.08934
2026-03-20 10:15:00+00:00,0.0742
2026-03-20 10:30:00+00:00,-0.26886
2026-03-20 10:45:00+00:00,0.1402
2026-03-20 11:00:00+00:00,0.07007
2026-03-20 11:15:00+00:00,0.04783
2026-03-20 11:30:00+00:00,0.03897
2026-03-20 11:45:00+00:00,0.07856999999999999
2026-03-20 12:00:00+00:00,-0.24644
2026-03-20 12:15:00+00:00,-0.00801
2026-03-20 12:30:00+00:00,0.07823000000000001
2026-03-20 12:45:00+00:00,0.09984
2026-03-20 13:00:00+00:00,0.07408
2026-03-20 13:15:00+00:00,0.05281
2026-03-20 13:30:00+00:00,0.07485
2026-03-20 13:45:00+00:00,0.19238
2026-03-20 14:00:00+00:00,0.07587999999999999
2026-03-20 14:15:00+00:00,0.046939999999999996
2026-03-20 14:30:00+00:00,0.12445999999999999
2026-03-20 14:45:00+00:00,0.13887
2026-03-20 15:00:00+00:00,0.14708000000000002
2026-03-20 15:15:00+00:00,0.08746999999999999
2026-03-20 15:30:00+00:00,0.12364
2026-03-20 15:45:00+00:00,0.17622
2026-03-20 16:00:00+00:00,0.16772
2026-03-20 16:15:00+00:00,0.21223
2026-03-20 16:30:00+00:00,0.19582
2026-03-20 16:45:00+00:00,0.28787
2026-03-20 17:00:00+00:00,0.21941999999999998
2026-03-20 17:15:00+00:00,0.21158000000000002
2026-03-20 17:30:00+00:00,0.10916
2026-03-20 17:45:00+00:00,0.09126999999999999
2026-03-20 18:00:00+00:00,0.15768000000000001
2026-03-20 18:15:00+00:00,0.12575
2026-03-20 18:30:00+00:00,0.14177
2026-03-20 18:45:00+00:00,0.11788
2026-03-20 19:00:00+00:00,0.11184000000000001
2026-03-20 19:15:00+00:00,0.11755
2026-03-20 19:30:00+00:00,0.18759
2026-03-20 19:45:00+00:00,0.14773
2026-03-20 20:00:00+00:00,0.11692
2026-03-20 20:15:00+00:00,0.12975
2026-03-20 20:30:00+00:00,0.10662999999999999
2026-03-20 20:45:00+00:00,0.07024
2026-03-20 21:00:00+00:00,0.1145
2026-03-20 21:15:00+00:00,0.071
2026-03-20 21:30:00+00:00,0.13775
2026-03-20 21:45:00+00:00,0.1269
2026-03-20 22:00:00+00:00,0.09331
2026-03-20 22:15:00+00:00,0.17191
2026-03-20 22:30:00+00:00,0.10969
2026-03-20 22:45:00+00:00,0.12026
2026-03-20 23:00:00+00:00,0.06846
2026-03-20 23:15:00+00:00,0.06812
2026-03-20 23:30:00+00:00,0.07504000000000001
2026-03-20 23:45:00+00:00,0.04557
2026-03-21 00:00:00+00:00,0.05668
2026-03-21 00:15:00+00:00,0.03594
2026-03-21 00:30:00+00:00,0.04715
2026-03-21 00:45:00+00:00,0.05839
2026-03-21 01:00:00+00:00,0.054329999999999996
2026-03-21 01:15:00+00:00,0.05722
2026-03-21 01:30:00+00:00,0.048960000000000004
2026-03-21 01:45:00+00:00,0.04657
2026-03-21 02:00:00+00:00,0.05629
2026-03-21 02:15:00+00:00,0.0668
2026-03-21 02:30:00+00:00,0.059969999999999996
2026-03-21 02:45:00+00:00,0.05889
2026-03-21 03:00:00+00:00,0.0599
2026-03-21 03:15:00+00:00,0.08194
2026-03-21 03:30:00+00:00,0.07737999999999999
2026-03-21 03:45:00+00:00,0.06292
2026-03-21 04:00:00+00:00,0.07567
2026-03-21 04:15:00+00:00,0.07162
2026-03-21 04:30:00+00:00,0.08175
2026-03-21 04:45:00+00:00,0.07672
2026-03-21 05:00:00+00:00,0.22684
2026-03-21 05:15:00+00:00,0.16334
2026-03-21 05:30:00+00:00,0.24915
2026-03-21 05:45:00+00:00,0.18983
2026-03-21 06:00:00+00:00,0.14063
2026-03-21 06:15:00+00:00,0.17729
2026-03-21 06:30:00+00:00,0.16578
2026-03-21 06:45:00+00:00,0.17313
2026-03-21 07:00:00+00:00,0.0922
2026-03-21 07:15:00+00:00,0.16945
2026-03-21 07:30:00+00:00,0.09483
2026-03-21 07:45:00+00:00,0.25598
2026-03-21 08:00:00+00:00,0.17856
2026-03-21 08:15:00+00:00,0.07007
2026-03-21 08:30:00+00:00,0.12498000000000001
2026-03-21 08:45:00+00:00,0.0565
2026-03-21 09:00:00+00:00,0.06372
2026-03-21 09:15:00+00:00,0.06583
2026-03-21 09:30:00+00:00,0.08698
2026-03-21 09:45:00+00:00,0.11544
2026-03-21 10:00:00+00:00,0.07299
2026-03-21 10:15:00+00:00,0.14402
2026-03-21 10:30:00+00:00,0.02393
2026-03-21 10:45:00+00:00,0.01858
2026-03-21 11:00:00+00:00,0.03628
2026-03-21 11:15:00+00:00,0.07665000000000001
2026-03-21 11:30:00+00:00,0.06498000000000001
2026-03-21 11:45:00+00:00,0.02889
2026-03-21 12:00:00+00:00,0.03552
2026-03-21 12:15:00+00:00,0.023809999999999998
2026-03-21 12:30:00+00:00,0.0643
2026-03-21 12:45:00+00:00,0.06503
2026-03-21 13:00:00+00:00,0.04949
2026-03-21 13:15:00+00:00,0.026690000000000002
2026-03-21 13:30:00+00:00,0.0832
2026-03-21 13:45:00+00:00,0.05052
2026-03-21 14:00:00+00:00,0.07356
2026-03-21 14:15:00+00:00,0.07964
2026-03-21 14:30:00+00:00,0.08759
2026-03-21 14:45:00+00:00,0.09668
2026-03-21 15:00:00+00:00,0.077
2026-03-21 15:15:00+00:00,0.09861
2026-03-21 15:30:00+00:00,0.07224
2026-03-21 15:45:00+00:00,0.0773
2026-03-21 16:00:00+00:00,0.10538
2026-03-21 16:15:00+00:00,0.07726999999999999
2026-03-21 16:30:00+00:00,0.09505
2026-03-21 16:45:00+00:00,0.05711
2026-03-21 17:00:00+00:00,0.09931
2026-03-21 17:15:00+00:00,0.1227
2026-03-21 17:30:00+00:00,0.11805
2026-03-21 17:45:00+00:00,0.11034999999999999
2026-03-21 18:00:00+00:00,0.10615999999999999
2026-03-21 18:15:00+00:00,0.09605
2026-03-21 18:30:00+00:00,-0.0519
2026-03-21 18:45:00+00:00,0.02748
2026-03-21 19:00:00+00:00,0.01705
2026-03-21 19:15:00+00:00,-0.11586
2026-03-21 19:30:00+00:00,-0.09024
2026-03-21 19:45:00+00:00,-0.01117
2026-03-21 20:00:00+00:00,-0.02613
2026-03-21 20:15:00+00:00,-0.10936
2026-03-21 20:30:00+00:00,-0.02425
2026-03-21 20:45:00+00:00,-0.05368
2026-03-21 21:00:00+00:00,0.08939
2026-03-21 21:15:00+00:00,0.09073
2026-03-21 21:30:00+00:00,-0.00383
2026-03-21 21:45:00+00:00,-0.020239999999999998
2026-03-21 22:00:00+00:00,0.023280000000000002
2026-03-21 22:15:00+00:00,0.01142
2026-03-21 22:30:00+00:00,-0.00718
2026-03-21 22:45:00+00:00,0.03037
2026-03-21 23:00:00+00:00,0.08349
2026-03-21 23:15:00+00:00,0.07962999999999999
2026-03-21 23:30:00+00:00,0.07956999999999999
2026-03-21 23:45:00+00:00,0.07919
2026-03-22 00:00:00+00:00,0.10823
2026-03-22 00:15:00+00:00,0.09171
2026-03-22 00:30:00+00:00,0.12556
2026-03-22 00:45:00+00:00,0.08519
2026-03-22 01:00:00+00:00,0.08771
2026-03-22 01:15:00+00:00,0.08794
2026-03-22 01:30:00+00:00,0.09097
2026-03-22 01:45:00+00:00,0.07328
2026-03-22 02:00:00+00:00,0.08611
2026-03-22 02:15:00+00:00,0.18228
2026-03-22 02:30:00+00:00,0.09827
2026-03-22 02:45:00+00:00,0.10306
2026-03-22 03:00:00+00:00,0.08845
2026-03-22 03:15:00+00:00,0.08952
2026-03-22 03:30:00+00:00,0.08020999999999999
2026-03-22 03:45:00+00:00,0.07719
2026-03-22 04:00:00+00:00,0.07690000000000001
2026-03-22 04:15:00+00:00,0.11106
2026-03-22 04:30:00+00:00,0.09279000000000001
2026-03-22 04:45:00+00:00,0.09720999999999999
2026-03-22 05:00:00+00:00,0.08514000000000001
2026-03-22 05:15:00+00:00,0.05231
2026-03-22 05:30:00+00:00,0.02834
2026-03-22 05:45:00+00:00,0.05779
2026-03-22 06:00:00+00:00,0.06605
2026-03-22 06:15:00+00:00,0.04801
2026-03-22 06:30:00+00:00,0.055729999999999995
2026-03-22 06:45:00+00:00,0.05504
2026-03-22 07:00:00+00:00,0.05864
2026-03-22 07:15:00+00:00,0.06494
2026-03-22 07:30:00+00:00,1.06316
2026-03-22 07:45:00+00:00,0.26039999999999996
2026-03-22 08:00:00+00:00,0.07574
2026-03-22 08:15:00+00:00,0.62291
2026-03-22 08:30:00+00:00,0.5981000000000001
2026-03-22 08:45:00+00:00,0.20685
2026-03-22 09:00:00+00:00,0.6080800000000001
2026-03-22 09:15:00+00:00,0.50636
2026-03-22 09:30:00+00:00,0.18124
2026-03-22 09:45:00+00:00,-0.08726
2026-03-22 10:00:00+00:00,0.22390000000000002
2026-03-22 10:15:00+00:00,0.00337
2026-03-22 10:30:00+00:00,0.02745
2026-03-22 10:45:00+00:00,0.027010000000000003
2026-03-22 11:00:00+00:00,0.032409999999999994
2026-03-22 11:15:00+00:00,0.24833000000000002
2026-03-22 11:30:00+00:00,0.15452000000000002
2026-03-22 11:45:00+00:00,0.12535
2026-03-22 12:00:00+00:00,0.01692
2026-03-22 12:15:00+00:00,0.022170000000000002
2026-03-22 12:30:00+00:00,0.04288
2026-03-22 12:45:00+00:00,0.02761
2026-03-22 13:00:00+00:00,0.049030000000000004
2026-03-22 13:15:00+00:00,0.05615
2026-03-22 13:30:00+00:00,0.16424
2026-03-22 13:45:00+00:00,0.04086
2026-03-22 14:00:00+00:00,0.045020000000000004
2026-03-22 14:15:00+00:00,0.11886
2026-03-22 14:30:00+00:00,0.43801999999999996
2026-03-22 14:45:00+00:00,0.02964
2026-03-22 15:00:00+00:00,0.05113
2026-03-22 15:15:00+00:00,0.051840000000000004
2026-03-22 15:30:00+00:00,0.02837
2026-03-22 15:45:00+00:00,0.052340000000000005
2026-03-22 16:00:00+00:00,0.09065000000000001
2026-03-22 16:15:00+00:00,0.05925
2026-03-22 16:30:00+00:00,0.06313
2026-03-22 16:45:00+00:00,0.087
2026-03-22 17:00:00+00:00,0.05627
2026-03-22 17:15:00+00:00,0.06979
2026-03-22 17:30:00+00:00,-0.12922999999999998
2026-03-22 17:45:00+00:00,0.05168
2026-03-22 18:00:00+00:00,0.07751999999999999
2026-03-22 18:15:00+00:00,0.09369
2026-03-22 18:30:00+00:00,0.0241
2026-03-22 18:45:00+00:00,0.06577
2026-03-22 19:00:00+00:00,0.05627
2026-03-22 19:15:00+00:00,0.12226999999999999
2026-03-22 19:30:00+00:00,0.05597
2026-03-22 19:45:00+00:00,0.08026000000000001
2026-03-22 20:00:00+00:00,0.08952
2026-03-22 20:15:00+00:00,0.09028
2026-03-22 20:30:00+00:00,0.07623999999999999
2026-03-22 20:45:00+00:00,0.08120999999999999
2026-03-22 21:00:00+00:00,0.05079
2026-03-22 21:15:00+00:00,0.0993
2026-03-22 21:30:00+00:00,0.09287999999999999
2026-03-22 21:45:00+00:00,0.06864
2026-03-22 22:00:00+00:00,-0.00917
2026-03-22 22:15:00+00:00,-0.72745
2026-03-22 22:30:00+00:00,0.05268
2026-03-22 22:45:00+00:00,0.022879999999999998
2026-03-22 23:00:00+00:00,0.06716
2026-03-22 23:15:00+00:00,0.23815999999999998
2026-03-22 23:30:00+00:00,0.06477
2026-03-22 23:45:00+00:00,0.056049999999999996
2026-03-23 00:00:00+00:00,0.07636
2026-03-23 00:15:00+00:00,0.09996
2026-03-23 00:30:00+00:00,0.00149
2026-03-23 00:45:00+00:00,0.14239
2026-03-23 01:00:00+00:00,0.09595999999999999
2026-03-23 01:15:00+00:00,0.07546
2026-03-23 01:30:00+00:00,0.047299999999999995
2026-03-23 01:45:00+00:00,-0.17321
2026-03-23 02:00:00+00:00,0.13205
2026-03-23 02:15:00+00:00,-2.09819
2026-03-23 02:30:00+00:00,-0.10206
2026-03-23 02:45:00+00:00,0.09706000000000001
2026-03-23 03:00:00+00:00,-0.00843
2026-03-23 03:15:00+00:00,0.10108
2026-03-23 03:30:00+00:00,0.10263
2026-03-23 03:45:00+00:00,0.10176
2026-03-23 04:00:00+00:00,0.13444
2026-03-23 04:15:00+00:00,0.25121
2026-03-23 04:30:00+00:00,0.07043
2026-03-23 04:45:00+00:00,0.10861
2026-03-23 05:00:00+00:00,0.13369
2026-03-23 05:15:00+00:00,0.08012000000000001
2026-03-23 05:30:00+00:00,0.12623
2026-03-23 05:45:00+00:00,0.11081
2026-03-23 06:00:00+00:00,0.15544
2026-03-23 06:15:00+00:00,1.26797
2026-03-23 06:30:00+00:00,0.1466
2026-03-23 06:45:00+00:00,0.09082
2026-03-23 07:00:00+00:00,0.05968
2026-03-23 07:15:00+00:00,0.45091000000000003
2026-03-23 07:30:00+00:00,0.05694
2026-03-23 07:45:00+00:00,0.63261
2026-03-23 08:00:00+00:00,0.21653
2026-03-23 08:15:00+00:00,0.09537999999999999
2026-03-23 08:30:00+00:00,-0.03222
2026-03-23 08:45:00+00:00,0.05004
2026-03-23 09:00:00+00:00,0.27577999999999997
2026-03-23 09:15:00+00:00,0.08789
2026-03-23 09:30:00+00:00,0.05342
2026-03-23 09:45:00+00:00,0.28188
2026-03-23 10:00:00+00:00,0.37583999999999995
2026-03-23 10:15:00+00:00,-0.07389
2026-03-23 10:30:00+00:00,0.47536
2026-03-23 10:45:00+00:00,0.6552899999999999
2026-03-23 11:00:00+00:00,0.24443
2026-03-23 11:15:00+00:00,0.59757
2026-03-23 11:30:00+00:00,0.29183
2026-03-23 11:45:00+00:00,0.0224
2026-03-23 12:00:00+00:00,0.09895999999999999
2026-03-23 12:15:00+00:00,0.08986
2026-03-23 12:30:00+00:00,0.32750999999999997
2026-03-23 12:45:00+00:00,0.47684
2026-03-23 13:00:00+00:00,0.02809
2026-03-23 13:15:00+00:00,0.22324000000000002
2026-03-23 13:30:00+00:00,0.20541
2026-03-23 13:45:00+00:00,0.17759
2026-03-23 14:00:00+00:00,0.16294999999999998
2026-03-23 14:15:00+00:00,0.0907
2026-03-23 14:30:00+00:00,0.09319
2026-03-23 14:45:00+00:00,0.09606999999999999
2026-03-23 15:00:00+00:00,0.25838
2026-03-23 15:15:00+00:00,0.12186
2026-03-23 15:30:00+00:00,0.04503
2026-03-23 15:45:00+00:00,0.18076
2026-03-23 16:00:00+00:00,0.13686
2026-03-23 16:15:00+00:00,0.12507
2026-03-23 16:30:00+00:00,0.15184
2026-03-23 16:45:00+00:00,0.3414
2026-03-23 17:00:00+00:00,0.14981999999999998
2026-03-23 17:15:00+00:00,0.09312999999999999
2026-03-23 17:30:00+00:00,0.11197
2026-03-23 17:45:00+00:00,0.08187
2026-03-23 18:00:00+00:00,0.1125
2026-03-23 18:15:00+00:00,0.07412
2026-03-23 18:30:00+00:00,0.39033999999999996
2026-03-23 18:45:00+00:00,0.41672000000000003
2026-03-23 19:00:00+00:00,0.1075
2026-03-23 19:15:00+00:00,0.09595999999999999
2026-03-23 19:30:00+00:00,0.07207
2026-03-23 19:45:00+00:00,0.09345999999999999
2026-03-23 20:00:00+00:00,0.13013999999999998
2026-03-23 20:15:00+00:00,0.11368
2026-03-23 20:30:00+00:00,0.10592
2026-03-23 20:45:00+00:00,0.10692
2026-03-23 21:00:00+00:00,0.11331000000000001
2026-03-23 21:15:00+00:00,0.11511
2026-03-23 21:30:00+00:00,0.07204
2026-03-23 21:45:00+00:00,0.12047
2026-03-23 22:00:00+00:00,0.0928
2026-03-23 22:15:00+00:00,0.08674
2026-03-23 22:30:00+00:00,0.06704
2026-03-23 22:45:00+00:00,0.24703999999999998
2026-03-23 23:00:00+00:00,0.01005
2026-03-23 23:15:00+00:00,0.01068
2026-03-23 23:30:00+00:00,0.03792
2026-03-23 23:45:00+00:00,0.019989999999999997
2026-03-24 00:00:00+00:00,0.08345
2026-03-24 00:15:00+00:00,0.07695
2026-03-24 00:30:00+00:00,0.0823
2026-03-24 00:45:00+00:00,0.02026
2026-03-24 01:00:00+00:00,0.06146
2026-03-24 01:15:00+00:00,0.03518
2026-03-24 01:30:00+00:00,0.047439999999999996
2026-03-24 01:45:00+00:00,0.036469999999999995
2026-03-24 02:00:00+00:00,0.06191
2026-03-24 02:15:00+00:00,0.059539999999999996
2026-03-24 02:30:00+00:00,0.040049999999999995
2026-03-24 02:45:00+00:00,0.08612
2026-03-24 03:00:00+00:00,0.08311
2026-03-24 03:15:00+00:00,0.10424
2026-03-24 03:30:00+00:00,0.09584000000000001
2026-03-24 03:45:00+00:00,0.06736
2026-03-24 04:00:00+00:00,0.049159999999999995
2026-03-24 04:15:00+00:00,0.06161
2026-03-24 04:30:00+00:00,0.038979999999999994
2026-03-24 04:45:00+00:00,0.05999
2026-03-24 05:00:00+00:00,0.06794
2026-03-24 05:15:00+00:00,0.35313
2026-03-24 05:30:00+00:00,0.13757
2026-03-24 05:45:00+00:00,0.18149
2026-03-24 06:00:00+00:00,0.10209
2026-03-24 06:15:00+00:00,0.22843
2026-03-24 06:30:00+00:00,0.1792
2026-03-24 06:45:00+00:00,0.10243000000000001
2026-03-24 07:00:00+00:00,0.061939999999999995
2026-03-24 07:15:00+00:00,0.09997
2026-03-24 07:30:00+00:00,0.11325
2026-03-24 07:45:00+00:00,0.14633000000000002
2026-03-24 08:00:00+00:00,0.17011
2026-03-24 08:15:00+00:00,0.08766
2026-03-24 08:30:00+00:00,0.07909000000000001
2026-03-24 08:45:00+00:00,0.02472
2026-03-24 09:00:00+00:00,0.04874
2026-03-24 09:15:00+00:00,1.82708
2026-03-24 09:30:00+00:00,0.01354
2026-03-24 09:45:00+00:00,-0.03703
2026-03-24 10:00:00+00:00,0.05031
2026-03-24 10:15:00+00:00,0.07426
2026-03-24 10:30:00+00:00,0.00617
2026-03-24 10:45:00+00:00,0.01899
2026-03-24 11:00:00+00:00,0.03598
2026-03-24 11:15:00+00:00,0.03363
2026-03-24 11:30:00+00:00,0.011789999999999998
2026-03-24 11:45:00+00:00,0.03128
2026-03-24 12:00:00+00:00,-0.00098
2026-03-24 12:15:00+00:00,0.059609999999999996
2026-03-24 12:30:00+00:00,-0.0047599999999999995
2026-03-24 12:45:00+00:00,-0.049530000000000005
2026-03-24 13:00:00+00:00,-0.04754
2026-03-24 13:15:00+00:00,0.03272
2026-03-24 13:30:00+00:00,0.061009999999999995
2026-03-24 13:45:00+00:00,0.062079999999999996
2026-03-24 14:00:00+00:00,-0.01912
2026-03-24 14:15:00+00:00,0.02641
2026-03-24 14:30:00+00:00,0.03755
2026-03-24 14:45:00+00:00,0.0788
2026-03-24 15:00:00+00:00,0.011949999999999999
2026-03-24 15:15:00+00:00,0.03693
2026-03-24 15:30:00+00:00,0.04195
2026-03-24 15:45:00+00:00,-0.00574
2026-03-24 16:00:00+00:00,0.03875
2026-03-24 16:15:00+00:00,0.01383
2026-03-24 16:30:00+00:00,0.03381
2026-03-24 16:45:00+00:00,0.0555
2026-03-24 17:00:00+00:00,0.06833
2026-03-24 17:15:00+00:00,0.04122
2026-03-24 17:30:00+00:00,0.009970000000000001
2026-03-24 17:45:00+00:00,0.046060000000000004
2026-03-24 18:00:00+00:00,0.027100000000000003
2026-03-24 18:15:00+00:00,0.015960000000000002
2026-03-24 18:30:00+00:00,0.02876
2026-03-24 18:45:00+00:00,0.00422
2026-03-24 19:00:00+00:00,-0.00057
2026-03-24 19:15:00+00:00,0.03515
2026-03-24 19:30:00+00:00,0.036789999999999996
2026-03-24 19:45:00+00:00,0.03183
2026-03-24 20:00:00+00:00,0.041479999999999996
2026-03-24 20:15:00+00:00,0.00926
2026-03-24 20:30:00+00:00,0.01765
2026-03-24 20:45:00+00:00,0.00708
2026-03-24 21:00:00+00:00,0.027239999999999997
2026-03-24 21:15:00+00:00,0.027600000000000003
2026-03-24 21:30:00+00:00,0.02429
2026-03-24 21:45:00+00:00,-0.01914
2026-03-24 22:00:00+00:00,0.03433
2026-03-24 22:15:00+00:00,0.02314
2026-03-24 22:30:00+00:00,0.0414
2026-03-24 22:45:00+00:00,0.03413
2026-03-24 23:00:00+00:00,-0.02311
2026-03-24 23:15:00+00:00,0.01609
2026-03-24 23:30:00+00:00,-0.024460000000000003
2026-03-24 23:45:00+00:00,-0.018940000000000002
2026-03-25 00:00:00+00:00,-0.0045
2026-03-25 00:15:00+00:00,-0.01111
2026-03-25 00:30:00+00:00,0.00445
2026-03-25 00:45:00+00:00,-0.00141
2026-03-25 01:00:00+00:00,0.009460000000000001
2026-03-25 01:15:00+00:00,-0.01627
2026-03-25 01:30:00+00:00,-0.00415
2026-03-25 01:45:00+00:00,-0.012320000000000001
2026-03-25 02:00:00+00:00,0.00387
2026-03-25 02:15:00+00:00,0.00763
2026-03-25 02:30:00+00:00,0.0048
2026-03-25 02:45:00+00:00,0.00922
2026-03-25 03:00:00+00:00,-0.01274
2026-03-25 03:15:00+00:00,-0.0056500000000000005
2026-03-25 03:30:00+00:00,0.03939
2026-03-25 03:45:00+00:00,0.00466
2026-03-25 04:00:00+00:00,0.02427
2026-03-25 04:15:00+00:00,0.032729999999999995
2026-03-25 04:30:00+00:00,0.037649999999999996
2026-03-25 04:45:00+00:00,0.04708
2026-03-25 05:00:00+00:00,0.00329
2026-03-25 05:15:00+00:00,0.03925
2026-03-25 05:30:00+00:00,0.047009999999999996
2026-03-25 05:45:00+00:00,0.05068
2026-03-25 06:00:00+00:00,0.07218000000000001
2026-03-25 06:15:00+00:00,0.08442
2026-03-25 06:30:00+00:00,0.01064
2026-03-25 06:45:00+00:00,0.00719
2026-03-25 07:00:00+00:00,0.00148
2026-03-25 07:15:00+00:00,0.00136
2026-03-25 07:30:00+00:00,-0.01498
2026-03-25 07:45:00+00:00,-0.00396
2026-03-25 08:00:00+00:00,0.01563
2026-03-25 08:15:00+00:00,-0.03134
2026-03-25 08:30:00+00:00,-0.0157
2026-03-25 08:45:00+00:00,-0.00038
2026-03-25 09:00:00+00:00,-0.02354
2026-03-25 09:15:00+00:00,-0.05058
2026-03-25 09:30:00+00:00,-0.03571
2026-03-25 09:45:00+00:00,-0.02922
2026-03-25 10:00:00+00:00,-0.02476
2026-03-25 10:15:00+00:00,-0.02144
2026-03-25 10:30:00+00:00,-0.01853
2026-03-25 10:45:00+00:00,-0.01824
2026-03-25 11:00:00+00:00,-0.026019999999999998
2026-03-25 11:15:00+00:00,-0.018760000000000002
2026-03-25 11:30:00+00:00,0.00771
2026-03-25 11:45:00+00:00,0.01214
2026-03-25 12:00:00+00:00,-0.02282
2026-03-25 12:15:00+00:00,-0.00857
2026-03-25 12:30:00+00:00,0.00824
2026-03-25 12:45:00+00:00,-0.01149
2026-03-25 13:00:00+00:00,-0.00667
2026-03-25 13:15:00+00:00,0.00248
2026-03-25 13:30:00+00:00,-0.00141
2026-03-25 13:45:00+00:00,-0.026199999999999998
2026-03-25 14:00:00+00:00,-0.020239999999999998
2026-03-25 14:15:00+00:00,0.01986
2026-03-25 14:30:00+00:00,0.046090000000000006
2026-03-25 14:45:00+00:00,0.04281
2026-03-25 15:00:00+00:00,0.02048
2026-03-25 15:15:00+00:00,0.048549999999999996
2026-03-25 15:30:00+00:00,0.04342
2026-03-25 15:45:00+00:00,0.0815
2026-03-25 16:00:00+00:00,0.04776
2026-03-25 16:15:00+00:00,0.06945
2026-03-25 16:30:00+00:00,0.0741
2026-03-25 16:45:00+00:00,0.09186
2026-03-25 17:00:00+00:00,-0.06309000000000001
2026-03-25 17:15:00+00:00,0.07067
2026-03-25 17:30:00+00:00,0.15053
2026-03-25 17:45:00+00:00,0.1555
2026-03-25 18:00:00+00:00,0.08252
2026-03-25 18:15:00+00:00,0.08796999999999999
2026-03-25 18:30:00+00:00,0.09953000000000001
2026-03-25 18:45:00+00:00,0.08173
2026-03-25 19:00:00+00:00,0.11236
2026-03-25 19:15:00+00:00,0.08915000000000001
2026-03-25 19:30:00+00:00,0.08878
2026-03-25 19:45:00+00:00,0.06802
2026-03-25 20:00:00+00:00,0.05812
2026-03-25 20:15:00+00:00,0.08009999999999999
2026-03-25 20:30:00+00:00,0.06762
2026-03-25 20:45:00+00:00,0.07387
2026-03-25 21:00:00+00:00,0.08759
2026-03-25 21:15:00+00:00,0.08667
2026-03-25 21:30:00+00:00,0.07801999999999999
2026-03-25 21:45:00+00:00,0.06778
2026-03-25 22:00:00+00:00,0.08229
2026-03-25 22:15:00+00:00,0.07568000000000001
2026-03-25 22:30:00+00:00,0.065
2026-03-25 22:45:00+00:00,0.06412999999999999
2026-03-26 08:30:00+00:00,-0.1479
2026-03-26 08:45:00+00:00,0.32559
2026-03-26 09:00:00+00:00,0.16903
2026-03-26 09:15:00+00:00,0.28393
2026-03-26 09:30:00+00:00,0.43707999999999997
2026-03-26 09:45:00+00:00,0.02038
2026-03-26 10:00:00+00:00,0.03782
2026-03-26 10:15:00+00:00,0.21809
2026-03-26 10:30:00+00:00,0.19763999999999998
2026-03-26 10:45:00+00:00,0.31651999999999997
2026-03-26 11:00:00+00:00,0.6060399999999999
2026-03-26 11:15:00+00:00,0.04291
2026-03-26 11:30:00+00:00,0.005860000000000001
2026-03-26 11:45:00+00:00,0.04302
2026-03-26 12:00:00+00:00,0.25155
2026-03-26 12:15:00+00:00,0.25137
2026-03-26 12:30:00+00:00,0.19347
2026-03-26 12:45:00+00:00,0.68889
2026-03-26 13:00:00+00:00,0.53892
2026-03-26 13:15:00+00:00,0.0024700000000000004
2026-03-26 13:30:00+00:00,0.01107
2026-03-26 13:45:00+00:00,0.12072
2026-03-26 14:00:00+00:00,0.06112
2026-03-26 14:15:00+00:00,0.18291
2026-03-26 14:30:00+00:00,0.04457
2026-03-26 14:45:00+00:00,0.06054
2026-03-26 15:00:00+00:00,0.24437
2026-03-26 15:15:00+00:00,0.07898999999999999
2026-03-26 15:30:00+00:00,0.06426000000000001
2026-03-26 15:45:00+00:00,0.06085
2026-03-26 16:00:00+00:00,-0.22187
2026-03-26 16:15:00+00:00,0.08573
2026-03-26 16:30:00+00:00,0.08278
2026-03-26 16:45:00+00:00,0.11473
2026-03-26 17:00:00+00:00,0.0329
2026-03-26 17:15:00+00:00,0.12031
2026-03-26 17:30:00+00:00,0.12792
2026-03-26 17:45:00+00:00,0.18737
2026-03-26 18:00:00+00:00,0.08658
2026-03-26 18:15:00+00:00,0.07107
2026-03-26 18:30:00+00:00,0.09731000000000001
2026-03-26 18:45:00+00:00,0.06567
2026-03-26 19:00:00+00:00,0.04058
2026-03-26 19:15:00+00:00,0.10598
2026-03-26 19:30:00+00:00,0.09541
2026-03-26 19:45:00+00:00,0.10279
2026-03-26 20:00:00+00:00,0.08198
2026-03-26 20:15:00+00:00,0.09136
2026-03-26 20:30:00+00:00,0.10356
2026-03-26 20:45:00+00:00,0.10234
2026-03-26 21:00:00+00:00,0.59956
2026-03-26 21:15:00+00:00,0.05169
2026-03-26 21:30:00+00:00,0.08102
2026-03-26 21:45:00+00:00,0.07775
2026-03-26 22:00:00+00:00,0.12042
2026-03-26 22:15:00+00:00,0.08763
2026-03-26 22:30:00+00:00,0.09893
2026-03-26 22:45:00+00:00,0.11387
2026-03-26 23:00:00+00:00,0.18044
2026-03-26 23:15:00+00:00,0.27632
2026-03-26 23:30:00+00:00,0.20979
2026-03-26 23:45:00+00:00,0.1685
2026-03-27 00:00:00+00:00,0.20725
2026-03-27 00:15:00+00:00,0.27527999999999997
2026-03-27 00:30:00+00:00,0.15165
2026-03-27 00:45:00+00:00,0.13653
2026-03-27 01:00:00+00:00,0.34266
2026-03-27 01:15:00+00:00,0.16631
2026-03-27 01:30:00+00:00,0.16778
2026-03-27 01:45:00+00:00,0.15535
2026-03-27 02:00:00+00:00,0.35334
2026-03-27 02:15:00+00:00,0.17645
2026-03-27 02:30:00+00:00,0.20184
2026-03-27 02:45:00+00:00,0.19718
2026-03-27 03:00:00+00:00,0.12988
2026-03-27 03:15:00+00:00,0.25924
2026-03-27 03:30:00+00:00,0.33117
2026-03-27 03:45:00+00:00,0.23774
2026-03-27 04:00:00+00:00,0.24733000000000002
2026-03-27 04:15:00+00:00,0.25769
2026-03-27 04:30:00+00:00,0.28708999999999996
2026-03-27 04:45:00+00:00,0.23783
2026-03-27 05:00:00+00:00,0.07446
2026-03-27 05:15:00+00:00,-0.04057
2026-03-27 05:30:00+00:00,-0.10629000000000001
2026-03-27 05:45:00+00:00,0.0094
2026-03-27 06:00:00+00:00,0.11697
2026-03-27 06:15:00+00:00,0.05869
2026-03-27 06:30:00+00:00,-0.1613
2026-03-27 06:45:00+00:00,0.0046500000000000005
2026-03-27 07:00:00+00:00,-0.06728
2026-03-27 07:15:00+00:00,0.07105
2026-03-27 07:30:00+00:00,0.06312
2026-03-27 07:45:00+00:00,0.13166
2026-03-27 08:00:00+00:00,0.00279
2026-03-27 08:15:00+00:00,0.10933
2026-03-27 08:30:00+00:00,-0.73354
2026-03-27 08:45:00+00:00,0.00497
2026-03-27 09:00:00+00:00,-4.3044899999999995
2026-03-27 09:15:00+00:00,0.17978
2026-03-27 09:30:00+00:00,-3.87124
2026-03-27 09:45:00+00:00,0.11771
2026-03-27 10:00:00+00:00,0.032189999999999996
2026-03-27 10:15:00+00:00,-0.0344
2026-03-27 10:30:00+00:00,0.04519
2026-03-27 10:45:00+00:00,0.060270000000000004
2026-03-27 11:00:00+00:00,-0.08366
2026-03-27 11:15:00+00:00,-0.053829999999999996
2026-03-27 11:30:00+00:00,-0.05441
2026-03-27 11:45:00+00:00,-0.023940000000000003
2026-03-27 12:00:00+00:00,-0.00101
2026-03-27 12:15:00+00:00,-0.00196
2026-03-27 12:30:00+00:00,-0.00442
2026-03-27 12:45:00+00:00,0.00393
2026-03-27 13:00:00+00:00,0.017079999999999998
2026-03-27 13:15:00+00:00,-0.11152
2026-03-27 13:30:00+00:00,0.01222
2026-03-27 13:45:00+00:00,-0.52654
2026-03-27 14:00:00+00:00,0.039380000000000005
2026-03-27 14:15:00+00:00,0.03736
2026-03-27 14:30:00+00:00,-0.10779000000000001
2026-03-27 14:45:00+00:00,0.06706999999999999
2026-03-27 15:00:00+00:00,0.0526
2026-03-27 15:15:00+00:00,0.07076
2026-03-27 15:30:00+00:00,0.01672
2026-03-27 15:45:00+00:00,0.062490000000000004
2026-03-27 16:00:00+00:00,0.011689999999999999
2026-03-27 16:15:00+00:00,0.07625
2026-03-27 16:30:00+00:00,0.0615
2026-03-27 16:45:00+00:00,0.0549
2026-03-27 17:00:00+00:00,0.053079999999999995
2026-03-27 17:15:00+00:00,0.03246
2026-03-27 17:30:00+00:00,-0.01459
2026-03-27 17:45:00+00:00,0.0659
2026-03-27 18:00:00+00:00,0.01141
2026-03-27 18:15:00+00:00,0.02784
2026-03-27 18:30:00+00:00,0.07092
2026-03-27 18:45:00+00:00,-0.38494
2026-03-27 19:00:00+00:00,0.04236
2026-03-27 19:15:00+00:00,0.04276
2026-03-27 19:30:00+00:00,0.05104
2026-03-27 19:45:00+00:00,0.05385
2026-03-27 20:00:00+00:00,0.0736
2026-03-27 20:15:00+00:00,0.061380000000000004
2026-03-27 20:30:00+00:00,0.04965
2026-03-27 20:45:00+00:00,0.0626
2026-03-27 21:00:00+00:00,0.08571
2026-03-27 21:15:00+00:00,0.07336
2026-03-27 21:30:00+00:00,0.0756
2026-03-27 21:45:00+00:00,0.055689999999999996
2026-03-27 22:00:00+00:00,0.06397
2026-03-27 22:15:00+00:00,0.06895
2026-03-27 22:30:00+00:00,0.05842
2026-03-27 22:45:00+00:00,0.07354999999999999
2026-03-27 23:00:00+00:00,0.04589
2026-03-27 23:15:00+00:00,0.08547
2026-03-27 23:30:00+00:00,0.10164
2026-03-27 23:45:00+00:00,-0.09451999999999999
2026-03-28 00:00:00+00:00,0.05941
2026-03-28 00:15:00+00:00,0.04979
2026-03-28 00:30:00+00:00,0.04406
2026-03-28 00:45:00+00:00,0.01844
2026-03-28 01:00:00+00:00,0.061799999999999994
2026-03-28 01:15:00+00:00,0.06351
2026-03-28 01:30:00+00:00,0.06845
2026-03-28 01:45:00+00:00,0.07551999999999999
2026-03-28 02:00:00+00:00,0.07027
2026-03-28 02:15:00+00:00,0.07379999999999999
2026-03-28 02:30:00+00:00,0.0707
2026-03-28 02:45:00+00:00,0.06494
2026-03-28 03:00:00+00:00,0.06846
2026-03-28 03:15:00+00:00,0.06543
2026-03-28 03:30:00+00:00,0.06993
2026-03-28 03:45:00+00:00,0.07364
2026-03-28 04:00:00+00:00,0.07629999999999999
2026-03-28 04:15:00+00:00,0.06476000000000001
2026-03-28 04:30:00+00:00,0.06983
2026-03-28 04:45:00+00:00,0.07415999999999999
2026-03-28 05:00:00+00:00,0.07312
2026-03-28 05:15:00+00:00,0.06846
2026-03-28 05:30:00+00:00,0.053259999999999995
2026-03-28 05:45:00+00:00,0.06576
2026-03-28 06:00:00+00:00,0.05933
2026-03-28 06:15:00+00:00,0.05066
2026-03-28 06:30:00+00:00,0.056979999999999996
2026-03-28 06:45:00+00:00,0.056409999999999995
2026-03-28 07:00:00+00:00,0.06873
2026-03-28 07:15:00+00:00,-0.00899
2026-03-28 07:30:00+00:00,-0.00905
2026-03-28 07:45:00+00:00,0.02153
2026-03-28 08:00:00+00:00,0.04038
2026-03-28 08:15:00+00:00,-0.02693
2026-03-28 08:30:00+00:00,-0.0268
2026-03-28 08:45:00+00:00,-0.12837
2026-03-28 09:00:00+00:00,0.015439999999999999
2026-03-28 09:15:00+00:00,-0.07076
2026-03-28 09:30:00+00:00,-0.00697
2026-03-28 09:45:00+00:00,-0.04492
2026-03-28 10:00:00+00:00,-0.00968
2026-03-28 10:15:00+00:00,-0.00605
2026-03-28 10:30:00+00:00,-0.02885
2026-03-28 10:45:00+00:00,-0.03493
2026-03-28 11:00:00+00:00,-0.01394
2026-03-28 11:15:00+00:00,-0.03546
2026-03-28 11:30:00+00:00,-0.08601
2026-03-28 11:45:00+00:00,-0.08284
2026-03-28 12:00:00+00:00,-0.03785
2026-03-28 12:15:00+00:00,-0.00735
2026-03-28 12:30:00+00:00,-0.01464
2026-03-28 12:45:00+00:00,0.00367
2026-03-28 13:00:00+00:00,0.01767
2026-03-28 13:15:00+00:00,-0.03753
2026-03-28 13:30:00+00:00,0.0043
2026-03-28 13:45:00+00:00,0.020030000000000003
2026-03-28 14:00:00+00:00,0.01247
2026-03-28 14:15:00+00:00,0.0598
2026-03-28 14:30:00+00:00,0.05195
2026-03-28 14:45:00+00:00,0.08161
2026-03-28 15:00:00+00:00,-0.12322
2026-03-28 15:15:00+00:00,0.22087
2026-03-28 15:30:00+00:00,0.06978
2026-03-28 15:45:00+00:00,0.06464
2026-03-28 16:00:00+00:00,0.054439999999999995
2026-03-28 16:15:00+00:00,0.062090000000000006
2026-03-28 16:30:00+00:00,0.06401000000000001
2026-03-28 16:45:00+00:00,0.07826999999999999
2026-03-28 17:00:00+00:00,0.09866
2026-03-28 17:15:00+00:00,0.07994
2026-03-28 17:30:00+00:00,-0.07589
2026-03-28 17:45:00+00:00,-0.01751
2026-03-28 18:00:00+00:00,0.08761
2026-03-28 18:15:00+00:00,0.07162
2026-03-28 18:30:00+00:00,0.054810000000000005
2026-03-28 18:45:00+00:00,-0.45441000000000004
2026-03-28 19:00:00+00:00,0.07775
2026-03-28 19:15:00+00:00,-0.04126
2026-03-28 19:30:00+00:00,0.054049999999999994
2026-03-28 19:45:00+00:00,0.01592
2026-03-28 20:00:00+00:00,-0.083
2026-03-28 20:15:00+00:00,-0.31033999999999995
2026-03-28 20:30:00+00:00,-0.70904
2026-03-28 20:45:00+00:00,-0.26374000000000003
2026-03-28 21:00:00+00:00,0.09151999999999999
2026-03-28 21:15:00+00:00,0.03272
2026-03-28 21:30:00+00:00,-0.56923
2026-03-28 21:45:00+00:00,-0.01814
2026-03-28 22:00:00+00:00,-0.06303
2026-03-28 22:15:00+00:00,0.02072
2026-03-28 22:30:00+00:00,-0.35392
2026-03-28 22:45:00+00:00,-0.16033
2026-03-28 23:00:00+00:00,0.040479999999999995
2026-03-28 23:15:00+00:00,-0.13341
2026-03-28 23:30:00+00:00,-0.46142
2026-03-28 23:45:00+00:00,-0.01504
2026-03-29 00:00:00+00:00,0.05441
2026-03-29 00:15:00+00:00,-0.20013
2026-03-29 00:30:00+00:00,-0.15141
2026-03-29 00:45:00+00:00,0.011609999999999999
2026-03-29 01:00:00+00:00,0.08091
2026-03-29 01:15:00+00:00,0.08852
2026-03-29 01:30:00+00:00,0.06555
2026-03-29 01:45:00+00:00,0.08839
2026-03-29 02:00:00+00:00,-0.90285
2026-03-29 02:15:00+00:00,-0.2973
2026-03-29 02:30:00+00:00,-0.05178
2026-03-29 02:45:00+00:00,-0.06645999999999999
2026-03-29 03:00:00+00:00,0.07984999999999999
2026-03-29 03:15:00+00:00,0.05155
2026-03-29 03:30:00+00:00,0.08968000000000001
2026-03-29 03:45:00+00:00,0.09737
2026-03-29 04:00:00+00:00,0.09586
2026-03-29 04:15:00+00:00,0.10441
2026-03-29 04:30:00+00:00,0.018940000000000002
2026-03-29 04:45:00+00:00,0.08077
2026-03-29 05:00:00+00:00,0.12165000000000001
2026-03-29 05:15:00+00:00,0.07195
2026-03-29 05:30:00+00:00,0.10623
2026-03-29 05:45:00+00:00,0.12264
2026-03-29 06:00:00+00:00,0.02656
2026-03-29 06:15:00+00:00,0.03889
2026-03-29 06:30:00+00:00,-0.26613
2026-03-29 06:45:00+00:00,-0.17787999999999998
2026-03-29 07:00:00+00:00,0.10251
2026-03-29 07:15:00+00:00,-0.23456
2026-03-29 07:30:00+00:00,-0.16994
2026-03-29 07:45:00+00:00,-0.15858
2026-03-29 08:00:00+00:00,0.07873999999999999
2026-03-29 08:15:00+00:00,0.06355
2026-03-29 08:30:00+00:00,0.05798
2026-03-29 08:45:00+00:00,0.09476000000000001
2026-03-29 09:00:00+00:00,0.07271
2026-03-29 09:15:00+00:00,0.04147
2026-03-29 09:30:00+00:00,0.19133
2026-03-29 09:45:00+00:00,0.05347
2026-03-29 10:00:00+00:00,0.03904
2026-03-29 10:15:00+00:00,-0.25683
2026-03-29 10:30:00+00:00,-0.30937
2026-03-29 10:45:00+00:00,-0.34479000000000004
2026-03-29 11:00:00+00:00,-0.023280000000000002
2026-03-29 11:15:00+00:00,-0.18827000000000002
2026-03-29 11:30:00+00:00,-0.02339
2026-03-29 11:45:00+00:00,-0.023379999999999998
2026-03-29 12:00:00+00:00,-0.01469
2026-03-29 12:15:00+00:00,-0.07396
2026-03-29 12:30:00+00:00,-0.04337
2026-03-29 12:45:00+00:00,0.02354
2026-03-29 13:00:00+00:00,0.01225
2026-03-29 13:15:00+00:00,-0.00032
2026-03-29 13:30:00+00:00,0.01701
2026-03-29 13:45:00+00:00,0.02117
2026-03-29 14:00:00+00:00,-0.006679999999999999
2026-03-29 14:15:00+00:00,0.00744
2026-03-29 14:30:00+00:00,-0.00959
2026-03-29 14:45:00+00:00,-0.00865
2026-03-29 15:00:00+00:00,0.01246
2026-03-29 15:15:00+00:00,0.02142
2026-03-29 15:30:00+00:00,0.04134
2026-03-29 15:45:00+00:00,-0.25366
2026-03-29 16:00:00+00:00,0.04462
2026-03-29 16:15:00+00:00,0.041299999999999996
2026-03-29 16:30:00+00:00,-0.43574
2026-03-29 16:45:00+00:00,0.00774
2026-03-29 17:00:00+00:00,-0.02607
2026-03-29 17:15:00+00:00,0.0072699999999999996
2026-03-29 17:30:00+00:00,0.04521
2026-03-29 17:45:00+00:00,0.03448
2026-03-29 18:00:00+00:00,0.055689999999999996
2026-03-29 18:15:00+00:00,0.02639
2026-03-29 18:30:00+00:00,0.04218
2026-03-29 18:45:00+00:00,0.04591
2026-03-29 19:00:00+00:00,0.06547
2026-03-29 19:15:00+00:00,0.08495
2026-03-29 19:30:00+00:00,-0.01076
2026-03-29 19:45:00+00:00,-0.051590000000000004
2026-03-29 20:00:00+00:00,0.05973
2026-03-29 20:15:00+00:00,-0.07576000000000001
2026-03-29 20:30:00+00:00,-0.36681
2026-03-29 20:45:00+00:00,-0.27025
2026-03-29 21:00:00+00:00,-0.6752999999999999
2026-03-29 21:15:00+00:00,-0.7963600000000001
2026-03-29 21:30:00+00:00,-1.27121
2026-03-29 21:45:00+00:00,0.00994
2026-03-29 22:00:00+00:00,-0.027170000000000003
2026-03-29 22:15:00+00:00,-1.01211
2026-03-29 22:30:00+00:00,-1.18673
2026-03-29 22:45:00+00:00,-0.02032
2026-03-29 23:00:00+00:00,0.08818000000000001
2026-03-29 23:15:00+00:00,-0.02134
2026-03-29 23:30:00+00:00,-0.03138
2026-03-29 23:45:00+00:00,-0.045399999999999996
2026-03-30 00:00:00+00:00,0.37317
2026-03-30 00:15:00+00:00,-0.0579
2026-03-30 00:30:00+00:00,-0.03059
2026-03-30 00:45:00+00:00,0.01177
2026-03-30 01:00:00+00:00,-0.054560000000000004
2026-03-30 01:15:00+00:00,-0.07478
2026-03-30 01:30:00+00:00,-0.09688
2026-03-30 01:45:00+00:00,-0.04974
2026-03-30 02:00:00+00:00,-0.14173
2026-03-30 02:15:00+00:00,-0.08932
2026-03-30 02:30:00+00:00,0.00566
2026-03-30 02:45:00+00:00,0.00363
2026-03-30 03:00:00+00:00,-0.02159
2026-03-30 03:15:00+00:00,-0.00617
2026-03-30 03:30:00+00:00,-0.09192
2026-03-30 03:45:00+00:00,-0.054549999999999994
2026-03-30 04:00:00+00:00,-0.00911
2026-03-30 04:15:00+00:00,0.056549999999999996
2026-03-30 04:30:00+00:00,0.12190000000000001
2026-03-30 04:45:00+00:00,0.17930000000000001
2026-03-30 05:00:00+00:00,0.0891
2026-03-30 05:15:00+00:00,0.09175
2026-03-30 05:30:00+00:00,0.043340000000000004
2026-03-30 05:45:00+00:00,-0.07234
2026-03-30 06:00:00+00:00,0.06283
2026-03-30 06:15:00+00:00,0.062299999999999994
2026-03-30 06:30:00+00:00,0.02558
2026-03-30 06:45:00+00:00,0.013730000000000001
2026-03-30 07:00:00+00:00,0.10931
2026-03-30 07:15:00+00:00,-0.05183
2026-03-30 07:30:00+00:00,0.07379999999999999
2026-03-30 07:45:00+00:00,0.01636
2026-03-30 08:00:00+00:00,-0.06412000000000001
2026-03-30 08:15:00+00:00,-0.0037400000000000003
2026-03-30 08:30:00+00:00,0.06606999999999999
2026-03-30 08:45:00+00:00,0.12739
2026-03-30 09:00:00+00:00,-0.34581
2026-03-30 09:15:00+00:00,-0.048100000000000004
2026-03-30 09:30:00+00:00,0.06747
2026-03-30 09:45:00+00:00,0.21697999999999998
2026-03-30 10:00:00+00:00,-0.1018
2026-03-30 10:15:00+00:00,-1.69899
2026-03-30 10:30:00+00:00,0.08098999999999999
2026-03-30 10:45:00+00:00,0.06798
2026-03-30 11:00:00+00:00,-0.23291
2026-03-30 11:15:00+00:00,0.052969999999999996
2026-03-30 11:30:00+00:00,0.02196
2026-03-30 11:45:00+00:00,0.035840000000000004
2026-03-30 12:00:00+00:00,0.00598
2026-03-30 12:15:00+00:00,0.12518
2026-03-30 12:30:00+00:00,0.10740999999999999
2026-03-30 12:45:00+00:00,0.06442
2026-03-30 13:00:00+00:00,0.055670000000000004
2026-03-30 13:15:00+00:00,0.07108
2026-03-30 13:30:00+00:00,0.03699
2026-03-30 13:45:00+00:00,-0.63455
2026-03-30 14:00:00+00:00,0.0513
2026-03-30 14:15:00+00:00,0.04306
2026-03-30 14:30:00+00:00,0.04535
2026-03-30 14:45:00+00:00,0.02232
2026-03-30 15:00:00+00:00,0.10482999999999999
2026-03-30 15:15:00+00:00,0.03139
2026-03-30 15:30:00+00:00,0.0255
2026-03-30 15:45:00+00:00,0.04119
2026-03-30 16:00:00+00:00,0.04683
2026-03-30 16:15:00+00:00,0.05982
2026-03-30 16:30:00+00:00,0.05522
2026-03-30 16:45:00+00:00,0.075
2026-03-30 17:00:00+00:00,0.14548
2026-03-30 17:15:00+00:00,0.21256999999999998
2026-03-30 17:30:00+00:00,0.1146
2026-03-30 17:45:00+00:00,0.10288
2026-03-30 18:00:00+00:00,0.06312
2026-03-30 18:15:00+00:00,0.07801000000000001
2026-03-30 18:30:00+00:00,0.05164
2026-03-30 18:45:00+00:00,0.00122
2026-03-30 19:00:00+00:00,0.13545
2026-03-30 19:15:00+00:00,0.10654999999999999
2026-03-30 19:30:00+00:00,0.09029000000000001
2026-03-30 19:45:00+00:00,0.08154
2026-03-30 20:00:00+00:00,0.08632
2026-03-30 20:15:00+00:00,0.10241
2026-03-30 20:30:00+00:00,0.026940000000000002
2026-03-30 20:45:00+00:00,0.0997
2026-03-30 21:00:00+00:00,0.09511
2026-03-30 21:15:00+00:00,0.07432
2026-03-30 21:30:00+00:00,0.10536
2026-03-30 21:45:00+00:00,0.06869
2026-03-30 22:00:00+00:00,0.08261
2026-03-30 22:15:00+00:00,0.07262
2026-03-30 22:30:00+00:00,0.05117
2026-03-30 22:45:00+00:00,0.055189999999999996
2026-03-30 23:00:00+00:00,0.07016
2026-03-30 23:15:00+00:00,0.06529
2026-03-30 23:30:00+00:00,0.06011
2026-03-30 23:45:00+00:00,0.06833
2026-03-31 00:00:00+00:00,0.05171
2026-03-31 00:15:00+00:00,0.08565
2026-03-31 00:30:00+00:00,0.08769
2026-03-31 00:45:00+00:00,0.09719
2026-03-31 01:00:00+00:00,0.04802
2026-03-31 01:15:00+00:00,0.06838
2026-03-31 01:30:00+00:00,0.07304000000000001
2026-03-31 01:45:00+00:00,0.052399999999999995
2026-03-31 02:00:00+00:00,0.06951
2026-03-31 02:15:00+00:00,0.088
2026-03-31 02:30:00+00:00,0.08061
2026-03-31 02:45:00+00:00,0.07905
2026-03-31 03:00:00+00:00,0.05089
2026-03-31 03:15:00+00:00,0.0586
2026-03-31 03:30:00+00:00,0.11195000000000001
2026-03-31 03:45:00+00:00,0.09515000000000001
2026-03-31 04:00:00+00:00,0.07365000000000001
2026-03-31 04:15:00+00:00,0.13905
2026-03-31 04:30:00+00:00,0.0866
2026-03-31 04:45:00+00:00,0.10895
2026-03-31 05:00:00+00:00,0.11975
2026-03-31 05:15:00+00:00,0.14902
2026-03-31 05:30:00+00:00,0.11119
2026-03-31 05:45:00+00:00,0.09888
2026-03-31 06:00:00+00:00,0.07054
2026-03-31 06:15:00+00:00,0.02561
2026-03-31 06:30:00+00:00,0.12899000000000002
2026-03-31 06:45:00+00:00,0.047259999999999996
2026-03-31 07:00:00+00:00,0.08703
2026-03-31 07:15:00+00:00,0.00322
2026-03-31 07:30:00+00:00,0.07679000000000001
2026-03-31 07:45:00+00:00,0.08566
2026-03-31 08:00:00+00:00,0.09881999999999999
2026-03-31 08:15:00+00:00,0.06704
2026-03-31 08:30:00+00:00,0.08266
2026-03-31 08:45:00+00:00,0.0482
2026-03-31 09:00:00+00:00,0.0555
2026-03-31 09:15:00+00:00,0.05896
2026-03-31 09:30:00+00:00,0.05758
2026-03-31 09:45:00+00:00,0.06148
2026-03-31 10:00:00+00:00,0.02931
2026-03-31 10:15:00+00:00,0.04223
2026-03-31 10:30:00+00:00,0.09977
2026-03-31 10:45:00+00:00,0.0423
2026-03-31 11:00:00+00:00,0.07672
2026-03-31 11:15:00+00:00,0.020300000000000002
2026-03-31 11:30:00+00:00,0.03504
2026-03-31 11:45:00+00:00,0.02922
2026-03-31 12:00:00+00:00,0.052719999999999996
2026-03-31 12:15:00+00:00,0.05681
2026-03-31 12:30:00+00:00,0.05199
2026-03-31 12:45:00+00:00,0.07046
2026-03-31 13:00:00+00:00,0.04992
2026-03-31 13:15:00+00:00,0.09749
2026-03-31 13:30:00+00:00,0.00858
2026-03-31 13:45:00+00:00,0.053880000000000004
2026-03-31 14:00:00+00:00,0.19601
2026-03-31 14:15:00+00:00,0.12201999999999999
2026-03-31 14:30:00+00:00,0.08256999999999999
2026-03-31 14:45:00+00:00,0.09004999999999999
2026-03-31 15:00:00+00:00,0.06856
2026-03-31 15:15:00+00:00,0.08298
2026-03-31 15:30:00+00:00,0.10252
2026-03-31 15:45:00+00:00,0.10614
2026-03-31 16:00:00+00:00,-0.00614
2026-03-31 16:15:00+00:00,0.023309999999999997
2026-03-31 16:30:00+00:00,0.09179000000000001
2026-03-31 16:45:00+00:00,0.09565
2026-03-31 17:00:00+00:00,0.15371
2026-03-31 17:15:00+00:00,0.05318
2026-03-31 17:30:00+00:00,0.08940000000000001
2026-03-31 17:45:00+00:00,0.07978
2026-03-31 18:00:00+00:00,0.08512
2026-03-31 18:15:00+00:00,0.07595
2026-03-31 18:30:00+00:00,0.0028399999999999996
2026-03-31 18:45:00+00:00,0.07623
2026-03-31 19:00:00+00:00,0.14188
2026-03-31 19:15:00+00:00,0.07436
2026-03-31 19:30:00+00:00,0.0958
2026-03-31 19:45:00+00:00,0.12016
2026-03-31 20:00:00+00:00,0.12228
2026-03-31 20:15:00+00:00,0.039740000000000004
2026-03-31 20:30:00+00:00,-0.49619
2026-03-31 20:45:00+00:00,0.08527
2026-03-31 21:00:00+00:00,0.19581
2026-03-31 21:15:00+00:00,0.16138
2026-03-31 21:30:00+00:00,0.231
2026-03-31 21:45:00+00:00,0.10729999999999999
2026-03-31 22:00:00+00:00,0.0658
2026-03-31 22:15:00+00:00,0.040780000000000004
2026-03-31 22:30:00+00:00,0.015380000000000001
2026-03-31 22:45:00+00:00,0.022969999999999997
2026-03-31 23:00:00+00:00,0.07125
2026-03-31 23:15:00+00:00,0.01377
2026-03-31 23:30:00+00:00,0.01244
2026-03-31 23:45:00+00:00,0.03498
2026-04-01 00:00:00+00:00,0.02247
2026-04-01 00:15:00+00:00,0.02204
2026-04-01 00:30:00+00:00,0.0008399999999999999
2026-04-01 00:45:00+00:00,0.02089
2026-04-01 01:00:00+00:00,0.02687
2026-04-01 01:15:00+00:00,0.04879
2026-04-01 01:30:00+00:00,0.04959
2026-04-01 01:45:00+00:00,0.0339
2026-04-01 02:00:00+00:00,0.055990000000000005
2026-04-01 02:15:00+00:00,0.05267
2026-04-01 02:30:00+00:00,0.04392
2026-04-01 02:45:00+00:00,0.06419
2026-04-01 03:00:00+00:00,0.04739
2026-04-01 03:15:00+00:00,0.019030000000000002
2026-04-01 03:30:00+00:00,0.02759
2026-04-01 03:45:00+00:00,0.04539
2026-04-01 04:00:00+00:00,0.0127
2026-04-01 04:15:00+00:00,0.06081
2026-04-01 04:30:00+00:00,0.03196
2026-04-01 04:45:00+00:00,0.040600000000000004
2026-04-01 05:00:00+00:00,0.22125999999999998
2026-04-01 05:15:00+00:00,-0.11023000000000001
2026-04-01 05:30:00+00:00,0.25396
2026-04-01 05:45:00+00:00,0.07673
2026-04-01 06:00:00+00:00,0.08755
2026-04-01 06:15:00+00:00,0.21311000000000002
2026-04-01 06:30:00+00:00,0.0517
2026-04-01 06:45:00+00:00,0.12434999999999999
2026-04-01 07:00:00+00:00,0.07440000000000001
2026-04-01 07:15:00+00:00,0.02231
2026-04-01 07:30:00+00:00,0.05457
2026-04-01 07:45:00+00:00,-0.02466
2026-04-01 08:00:00+00:00,0.00558
2026-04-01 08:15:00+00:00,0.07347
2026-04-01 08:30:00+00:00,0.02894
2026-04-01 08:45:00+00:00,0.12415000000000001
2026-04-01 09:00:00+00:00,0.09345999999999999
2026-04-01 09:15:00+00:00,0.07945
2026-04-01 09:30:00+00:00,0.05607
2026-04-01 09:45:00+00:00,0.10288
2026-04-01 10:00:00+00:00,0.033979999999999996
2026-04-01 10:15:00+00:00,0.02419
2026-04-01 10:30:00+00:00,0.11564
2026-04-01 10:45:00+00:00,0.05349
2026-04-01 11:00:00+00:00,0.05929
2026-04-01 11:15:00+00:00,0.05008
2026-04-01 11:30:00+00:00,0.04462
2026-04-01 11:45:00+00:00,0.03409
2026-04-01 12:00:00+00:00,0.00127
2026-04-01 12:15:00+00:00,0.026170000000000002
2026-04-01 12:30:00+00:00,0.05838
2026-04-01 12:45:00+00:00,0.04029
2026-04-01 13:00:00+00:00,-0.03601
2026-04-01 13:15:00+00:00,0.06303
2026-04-01 13:30:00+00:00,0.039549999999999995
2026-04-01 13:45:00+00:00,0.05094
2026-04-01 14:00:00+00:00,0.016890000000000002
2026-04-01 14:15:00+00:00,0.11581
2026-04-01 14:30:00+00:00,0.04194
2026-04-01 14:45:00+00:00,0.14088
2026-04-01 15:00:00+00:00,0.13222
2026-04-01 15:15:00+00:00,0.23559
2026-04-01 15:30:00+00:00,0.15921000000000002
2026-04-01 15:45:00+00:00,0.04575
2026-04-01 16:00:00+00:00,0.16482
2026-04-01 16:15:00+00:00,0.1071
2026-04-01 16:30:00+00:00,0.11873
2026-04-01 16:45:00+00:00,0.17166
2026-04-01 17:00:00+00:00,0.12747
2026-04-01 17:15:00+00:00,0.14476
2026-04-01 17:30:00+00:00,0.12671
2026-04-01 17:45:00+00:00,0.16905
2026-04-01 18:00:00+00:00,0.10548
2026-04-01 18:15:00+00:00,0.09311
2026-04-01 18:30:00+00:00,0.0984
2026-04-01 18:45:00+00:00,0.09111
2026-04-01 19:00:00+00:00,0.0854
2026-04-01 19:15:00+00:00,0.08986
2026-04-01 19:30:00+00:00,0.09090000000000001
2026-04-01 19:45:00+00:00,0.10748
2026-04-01 20:00:00+00:00,0.0729
2026-04-01 20:15:00+00:00,0.09667
2026-04-01 20:30:00+00:00,0.08626
2026-04-01 20:45:00+00:00,0.08751
2026-04-01 21:00:00+00:00,0.10368000000000001
2026-04-01 21:15:00+00:00,0.09686
2026-04-01 21:30:00+00:00,-0.1631
2026-04-01 21:45:00+00:00,0.10573
2026-04-01 22:00:00+00:00,0.10669
2026-04-01 22:15:00+00:00,0.10481
2026-04-01 22:30:00+00:00,0.10363
2026-04-01 22:45:00+00:00,0.10481
2026-04-01 23:00:00+00:00,0.10492
2026-04-01 23:15:00+00:00,0.10543999999999999
2026-04-01 23:30:00+00:00,0.10158
2026-04-01 23:45:00+00:00,0.08968000000000001
2026-04-02 00:00:00+00:00,0.1008
2026-04-02 00:15:00+00:00,0.10169
2026-04-02 00:30:00+00:00,0.09306
2026-04-02 00:45:00+00:00,0.10333
2026-04-02 01:00:00+00:00,0.08309
2026-04-02 01:15:00+00:00,0.12433
2026-04-02 01:30:00+00:00,0.08827
2026-04-02 01:45:00+00:00,0.10132
2026-04-02 02:00:00+00:00,0.08172
2026-04-02 02:15:00+00:00,0.06173
2026-04-02 02:30:00+00:00,0.09695000000000001
2026-04-02 02:45:00+00:00,0.09587999999999999
2026-04-02 03:00:00+00:00,0.11170000000000001
2026-04-02 03:15:00+00:00,0.06825
2026-04-02 03:30:00+00:00,0.11405
2026-04-02 03:45:00+00:00,0.11699
2026-04-02 04:00:00+00:00,0.11901
2026-04-02 04:15:00+00:00,0.12857
2026-04-02 04:30:00+00:00,0.10837999999999999
2026-04-02 04:45:00+00:00,0.10873000000000001
2026-04-02 05:00:00+00:00,0.10873000000000001
2026-04-02 05:15:00+00:00,0.10873000000000001
2026-04-02 05:30:00+00:00,0.16002000000000002
2026-04-02 05:45:00+00:00,0.16002000000000002
2026-04-02 06:00:00+00:00,0.18234
2026-04-02 06:15:00+00:00,0.16237000000000001
2026-04-02 06:30:00+00:00,0.13618
2026-04-02 06:45:00+00:00,0.13063999999999998
2026-04-02 07:00:00+00:00,0.14137
2026-04-02 07:15:00+00:00,0.06692000000000001
2026-04-02 07:30:00+00:00,0.13182
2026-04-02 07:45:00+00:00,0.12911
2026-04-02 08:00:00+00:00,0.019309999999999997
2026-04-02 08:15:00+00:00,0.12527
2026-04-02 08:30:00+00:00,0.09322
2026-04-02 08:45:00+00:00,0.07346
2026-04-02 09:00:00+00:00,0.10490000000000001
2026-04-02 09:15:00+00:00,0.10490000000000001
2026-04-02 09:30:00+00:00,0.10490000000000001
2026-04-02 09:45:00+00:00,0.10490000000000001
2026-04-02 10:00:00+00:00,0.11737
2026-04-02 10:15:00+00:00,0.11479
2026-04-02 10:30:00+00:00,0.07762999999999999
2026-04-02 10:45:00+00:00,0.0659
2026-04-02 11:00:00+00:00,0.0761
2026-04-02 11:15:00+00:00,0.060829999999999995
2026-04-02 11:30:00+00:00,0.07465000000000001
2026-04-02 11:45:00+00:00,0.09922
2026-04-02 12:00:00+00:00,0.06777
2026-04-02 12:15:00+00:00,0.06858
2026-04-02 12:30:00+00:00,0.10033
2026-04-02 12:45:00+00:00,0.11347
2026-04-02 13:00:00+00:00,0.09090000000000001
2026-04-02 13:15:00+00:00,0.09312000000000001
2026-04-02 13:30:00+00:00,0.12315999999999999
2026-04-02 13:45:00+00:00,0.12455
2026-04-02 14:00:00+00:00,0.09061
2026-04-02 14:15:00+00:00,0.10956
2026-04-02 14:30:00+00:00,0.11719
2026-04-02 14:45:00+00:00,0.14732
